{"type":"FeatureCollection","features":[{"type":"Feature","geometry":{"type":"Point","coordinates":[-74.09737485999995,-14.767888079999977]},"properties":{"objectid":642,"nombre":"SAN PEDRO","departamento":"AYACUCHO","provincia":"LUCANAS","distrito":"SAN PEDRO","institucion":"GOBIERNO REGIONAL","codigoMinsa":3735,"direccion":"PLAZA PLAZA DE ARMAS S/N. NÚMERO S/N DISTRITO SAN PEDRO PROVINCIA LUCANAS DEPARTAMENTO AYACUCHO","disa":"AYACUCHO","red":"LUCANAS","microrred":"SAN PEDRO","categoria":"ESTABLECIMIENTO DE SALUD SIN INTERNAMIENTO","condicion":"ACTIVO","actualizado":"2023/08/01 19:00:00.000","fuente":"MINSA","urlRenipr":"http://app20.susalud.gob.pe:8080/registro-renipress-webapp/ipress.htm?action=mostrarVer&idipress=00003735"}},{"type":"Feature","geometry":{"type":"Point","coordinates":[-74.20032309999993,-13.156069899999977]},"properties":{"objectid":790,"nombre":"CONSULTORIOS ZAGA EIRL","departamento":"AYACUCHO","provincia":"HUAMANGA","distrito":"ANDRES AVELINO CACERES DORREGARAY","institucion":"PRIVADO","codigoMinsa":28840,"direccion":"JIRÓN TEODORO JAUREGUI NÚMERO 125 DISTRITO ANDRES AVELINO CACERES D. PROVINCIA HUAMANGA DEPARTAMENTO AYACUCHO","disa":"AYACUCHO","red":"NO PERTENECE A NINGUNA RED","microrred":"NO PERTENECE A NINGUNA MICRORED","categoria":"ESTABLECIMIENTO DE SALUD SIN INTERNAMIENTO","condicion":"ACTIVO","actualizado":"2023/08/01 19:00:00.000","fuente":"MINSA","urlRenipr":"http://app20.susalud.gob.pe:8080/registro-renipress-webapp/ipress.htm?action=mostrarVer&idipress=00028840"}},{"type":"Feature","geometry":{"type":"Point","coordinates":[-74.22356409999998,-13.163873699999954]},"properties":{"objectid":1177,"nombre":"Consultorio Odontológico Dento Imagen","departamento":"AYACUCHO","provincia":"HUAMANGA","distrito":"AYACUCHO","institucion":"PRIVADO","codigoMinsa":27577,"direccion":"AVENIDA 26 de enero N?ERO 607 DISTRITO AYACUCHO PROVINCIA HUAMANGA DEPARTAMENTO AYACUCHO","disa":"AYACUCHO","red":"NO PERTENECE A NINGUNA RED","microrred":"NO PERTENECE A NINGUNA MICRORED","categoria":"ESTABLECIMIENTO DE SALUD SIN INTERNAMIENTO","condicion":"ACTIVO","actualizado":"2023/08/01 19:00:00.000","fuente":"MINSA","urlRenipr":"http://app20.susalud.gob.pe:8080/registro-renipress-webapp/ipress.htm?action=mostrarVer&idipress=00027577"}},{"type":"Feature","geometry":{"type":"Point","coordinates":[-73.56162992999998,-14.567039389999934]},"properties":{"objectid":1451,"nombre":"PUESTO DE SALUD PAMPAMARCA","departamento":"AYACUCHO","provincia":"PARINACOCHAS","distrito":"CORACORA","institucion":"GOBIERNO REGIONAL","codigoMinsa":3718,"direccion":"CARRETERA CARRETERA PRINCIPAL AL CUSCO DISTRITO CORACORA PROVINCIA PARINACOCHAS DEPARTAMENTO AYACUCHO","disa":"AYACUCHO","red":"LUCANAS","microrred":"SAN PEDRO","categoria":"ESTABLECIMIENTO DE SALUD SIN INTERNAMIENTO","condicion":"ACTIVO","actualizado":"2023/08/01 19:00:00.000","fuente":"MINSA","urlRenipr":"http://app20.susalud.gob.pe:8080/registro-renipress-webapp/ipress.htm?action=mostrarVer&idipress=00003718"}},{"type":"Feature","geometry":{"type":"Point","coordinates":[-73.69520332999997,-12.695803329999933]},"properties":{"objectid":1452,"nombre":"PUESTO DE SALUD COMUNPIARI","departamento":"AYACUCHO","provincia":"LA MAR","distrito":"SANTA ROSA","institucion":"GOBIERNO REGIONAL","codigoMinsa":3765,"direccion":"OTROS SECTOR LAS PALMAS DISTRITO SANTA ROSA PROVINCIA LA MAR DEPARTAMENTO AYACUCHO","disa":"AYACUCHO","red":"SAN FRANCISCO","microrred":"SANTA ROSA","categoria":"ESTABLECIMIENTO DE SALUD SIN INTERNAMIENTO","condicion":"ACTIVO","actualizado":"2023/08/01 19:00:00.000","fuente":"MINSA","urlRenipr":"http://app20.susalud.gob.pe:8080/registro-renipress-webapp/ipress.htm?action=mostrarVer&idipress=00003765"}},{"type":"Feature","geometry":{"type":"Point","coordinates":[-73.86513166999998,-14.08044166999997]},"properties":{"objectid":1453,"nombre":"PUESTO DE SALUD TINTAY","departamento":"AYACUCHO","provincia":"SUCRE","distrito":"MORCOLLA","institucion":"GOBIERNO REGIONAL","codigoMinsa":3811,"direccion":"AVENIDA AV. PRINCIPAL - TINTAY DISTRITO MORCOLLA PROVINCIA SUCRE DEPARTAMENTO AYACUCHO","disa":"AYACUCHO","red":"AYACUCHO CENTRO","microrred":"SUCRE","categoria":"ESTABLECIMIENTO DE SALUD SIN INTERNAMIENTO","condicion":"ACTIVO","actualizado":"2023/08/01 19:00:00.000","fuente":"MINSA","urlRenipr":"http://app20.susalud.gob.pe:8080/registro-renipress-webapp/ipress.htm?action=mostrarVer&idipress=00003811"}},{"type":"Feature","geometry":{"type":"Point","coordinates":[-73.32837713999999,-13.421929989999967]},"properties":{"objectid":1454,"nombre":"PS. MOLLEBAMBA","departamento":"AYACUCHO","provincia":"LA MAR","distrito":"CHUNGUI","institucion":"GOBIERNO REGIONAL","codigoMinsa":3784,"direccion":"OTROS DETRAS DE LA I.E.PRIMARIA MOLLEBAMBA DISTRITO CHUNGUI PROVINCIA LA MAR DEPARTAMENTO AYACUCHO","disa":"AYACUCHO","red":"SAN MIGUEL","microrred":"CHUNGUI","categoria":"ESTABLECIMIENTO DE SALUD SIN INTERNAMIENTO","condicion":"ACTIVO","actualizado":"2023/08/01 19:00:00.000","fuente":"MINSA","urlRenipr":"http://app20.susalud.gob.pe:8080/registro-renipress-webapp/ipress.htm?action=mostrarVer&idipress=00003784"}},{"type":"Feature","geometry":{"type":"Point","coordinates":[-74.64901499999996,-14.411766669999963]},"properties":{"objectid":1458,"nombre":"PUESTO DE SALUD SAN PEDRO DE PALCO","departamento":"AYACUCHO","provincia":"LUCANAS","distrito":"SAN PEDRO DE PALCO","institucion":"GOBIERNO REGIONAL","codigoMinsa":3687,"direccion":"CALLE CALLE PRINCIPAL S/N NÚMERO S/N DISTRITO SAN PEDRO DE PALCO PROVINCIA LUCANAS DEPARTAMENTO AYACUCHO","disa":"AYACUCHO","red":"LUCANAS","microrred":"OTOCA","categoria":"ESTABLECIMIENTO DE SALUD SIN INTERNAMIENTO","condicion":"ACTIVO","actualizado":"2023/08/01 19:00:00.000","fuente":"MINSA","urlRenipr":"http://app20.susalud.gob.pe:8080/registro-renipress-webapp/ipress.htm?action=mostrarVer&idipress=00003687"}},{"type":"Feature","geometry":{"type":"Point","coordinates":[-74.92071499999997,-14.243734999999958]},"properties":{"objectid":1459,"nombre":"LLAUTA","departamento":"AYACUCHO","provincia":"LUCANAS","distrito":"LLAUTA","institucion":"GOBIERNO REGIONAL","codigoMinsa":3682,"direccion":"CALLE CALLE MARISCAL CACERES S/N. NÚMERO S/N DISTRITO LLAUTA PROVINCIA LUCANAS DEPARTAMENTO AYACUCHO","disa":"AYACUCHO","red":"LUCANAS","microrred":"LARAMATE","categoria":"ESTABLECIMIENTO DE SALUD SIN INTERNAMIENTO","condicion":"ACTIVO","actualizado":"2023/08/01 19:00:00.000","fuente":"MINSA","urlRenipr":"http://app20.susalud.gob.pe:8080/registro-renipress-webapp/ipress.htm?action=mostrarVer&idipress=00003682"}},{"type":"Feature","geometry":{"type":"Point","coordinates":[-74.94459166999997,-14.130954999999972]},"properties":{"objectid":1461,"nombre":"CENTRO DE SALUD HUAC-HUAS","departamento":"AYACUCHO","provincia":"LUCANAS","distrito":"HUAC-HUAS","institucion":"GOBIERNO REGIONAL","codigoMinsa":3677,"direccion":"CALLE CALLE LOS MAESTROS S/N NÚMERO S/N DISTRITO HUAC-HUAS PROVINCIA LUCANAS DEPARTAMENTO AYACUCHO","disa":"AYACUCHO","red":"LUCANAS","microrred":"HUACHUAS","categoria":"ESTABLECIMIENTO DE SALUD SIN INTERNAMIENTO","condicion":"ACTIVO","actualizado":"2023/08/01 19:00:00.000","fuente":"MINSA","urlRenipr":"http://app20.susalud.gob.pe:8080/registro-renipress-webapp/ipress.htm?action=mostrarVer&idipress=00003677"}},{"type":"Feature","geometry":{"type":"Point","coordinates":[-74.11807549999997,-13.695934689999945]},"properties":{"objectid":1462,"nombre":"PUESTO DE SALUD LLUSITA","departamento":"AYACUCHO","provincia":"VICTOR FAJARDO","distrito":"HUANCARAYLLA","institucion":"GOBIERNO REGIONAL","codigoMinsa":3839,"direccion":"JIRÓN JR. CUSCO S/N NÚMERO S/N DISTRITO HUANCARAYLLA PROVINCIA VICTOR FAJARDO DEPARTAMENTO AYACUCHO","disa":"AYACUCHO","red":"AYACUCHO CENTRO","microrred":"VICTOR FAJARDO","categoria":"ESTABLECIMIENTO DE SALUD SIN INTERNAMIENTO","condicion":"ACTIVO","actualizado":"2023/08/01 19:00:00.000","fuente":"MINSA","urlRenipr":"http://app20.susalud.gob.pe:8080/registro-renipress-webapp/ipress.htm?action=mostrarVer&idipress=00003839"}},{"type":"Feature","geometry":{"type":"Point","coordinates":[-74.37861992999996,-13.792464509999945]},"properties":{"objectid":1463,"nombre":"PUESTO DE SALUD PORTA CRUZ","departamento":"AYACUCHO","provincia":"HUANCA SANCOS","distrito":"CARAPO","institucion":"GOBIERNO REGIONAL","codigoMinsa":3637,"direccion":"OTROS COMUNIDAD DE PORTA CRUZ DISTRITO CARAPO PROVINCIA HUANCA SANCOS DEPARTAMENTO AYACUCHO","disa":"AYACUCHO","red":"AYACUCHO CENTRO","microrred":"HUANCASANCOS","categoria":"ESTABLECIMIENTO DE SALUD SIN INTERNAMIENTO","condicion":"ACTIVO","actualizado":"2023/08/01 19:00:00.000","fuente":"MINSA","urlRenipr":"http://app20.susalud.gob.pe:8080/registro-renipress-webapp/ipress.htm?action=mostrarVer&idipress=00003637"}},{"type":"Feature","geometry":{"type":"Point","coordinates":[-74.41696111999994,-13.174351099999967]},"properties":{"objectid":1464,"nombre":"SAN JUAN CULLUHUANCCA","departamento":"AYACUCHO","provincia":"HUAMANGA","distrito":"VINCHOS","institucion":"GOBIERNO REGIONAL","codigoMinsa":3633,"direccion":"PLAZA PLAZA PRINCIPAL S/N NÚMERO S/N DISTRITO VINCHOS PROVINCIA HUAMANGA DEPARTAMENTO AYACUCHO","disa":"AYACUCHO","red":"HUAMANGA","microrred":"VINCHOS","categoria":"ESTABLECIMIENTO DE SALUD SIN INTERNAMIENTO","condicion":"ACTIVO","actualizado":"2023/08/01 19:00:00.000","fuente":"MINSA","urlRenipr":"http://app20.susalud.gob.pe:8080/registro-renipress-webapp/ipress.htm?action=mostrarVer&idipress=00003633"}},{"type":"Feature","geometry":{"type":"Point","coordinates":[-73.92173155999996,-14.111158419999981]},"properties":{"objectid":1465,"nombre":"PUESTO DE SALUD MORCOLLA CHICO","departamento":"AYACUCHO","provincia":"VICTOR FAJARDO","distrito":"ASQUIPATA","institucion":"GOBIERNO REGIONAL","codigoMinsa":3823,"direccion":"JIRÓN JR. PROGRESO S/N APUTAYACA NÚMERO S/N DISTRITO ASQUIPATA PROVINCIA VICTOR FAJARDO DEPARTAMENTO AYACUCHO","disa":"AYACUCHO","red":"AYACUCHO CENTRO","microrred":"VICTOR FAJARDO","categoria":"ESTABLECIMIENTO DE SALUD SIN INTERNAMIENTO","condicion":"ACTIVO","actualizado":"2023/08/01 19:00:00.000","fuente":"MINSA","urlRenipr":"http://app20.susalud.gob.pe:8080/registro-renipress-webapp/ipress.htm?action=mostrarVer&idipress=00003823"}},{"type":"Feature","geometry":{"type":"Point","coordinates":[-74.01759999999996,-12.941949999999963]},"properties":{"objectid":1466,"nombre":"CENTRO DE SALUD TAMBO","departamento":"AYACUCHO","provincia":"LA MAR","distrito":"TAMBO","institucion":"GOBIERNO REGIONAL","codigoMinsa":3797,"direccion":"AVENIDA AA.HH. VISTA ALEGRE-AV. JOSE CARLOS MARIATEGUI S/N NÚMERO S/N DISTRITO TAMBO PROVINCIA LA MAR DEPARTAMENTO AYACUCHO","disa":"AYACUCHO","red":"SAN MIGUEL","microrred":"TAMBO","categoria":"ESTABLECIMIENTO DE SALUD CON INTERNAMIENTO","condicion":"ACTIVO","actualizado":"2023/08/01 19:00:00.000","fuente":"MINSA","urlRenipr":"http://app20.susalud.gob.pe:8080/registro-renipress-webapp/ipress.htm?action=mostrarVer&idipress=00003797"}},{"type":"Feature","geometry":{"type":"Point","coordinates":[-73.73578832999993,-12.703164999999956]},"properties":{"objectid":1468,"nombre":"PUESTO DE SALUD SIMARIVA","departamento":"AYACUCHO","provincia":"LA MAR","distrito":"SANTA ROSA","institucion":"GOBIERNO REGIONAL","codigoMinsa":3767,"direccion":"PLAZA PLAZA PRINCIPAL SIMARIVA DISTRITO SANTA ROSA PROVINCIA LA MAR DEPARTAMENTO AYACUCHO","disa":"AYACUCHO","red":"SAN FRANCISCO","microrred":"SANTA ROSA","categoria":"ESTABLECIMIENTO DE SALUD SIN INTERNAMIENTO","condicion":"ACTIVO","actualizado":"2023/08/01 19:00:00.000","fuente":"MINSA","urlRenipr":"http://app20.susalud.gob.pe:8080/registro-renipress-webapp/ipress.htm?action=mostrarVer&idipress=00003767"}},{"type":"Feature","geometry":{"type":"Point","coordinates":[-73.57236110999997,-14.601279399999953]},"properties":{"objectid":1470,"nombre":"URAYUMA","departamento":"AYACUCHO","provincia":"PARINACOCHAS","distrito":"CORACORA","institucion":"GOBIERNO REGIONAL","codigoMinsa":3731,"direccion":"CALLE CALLE PRINCIPAL S/N NÚMERO S/N DISTRITO CORACORA PROVINCIA PARINACOCHAS DEPARTAMENTO AYACUCHO","disa":"AYACUCHO","red":"LUCANAS","microrred":"SAN PEDRO","categoria":"ESTABLECIMIENTO DE SALUD SIN INTERNAMIENTO","condicion":"ACTIVO","actualizado":"2023/08/01 19:00:00.000","fuente":"MINSA","urlRenipr":"http://app20.susalud.gob.pe:8080/registro-renipress-webapp/ipress.htm?action=mostrarVer&idipress=00003731"}},{"type":"Feature","geometry":{"type":"Point","coordinates":[-74.14379156999996,-13.471558579999964]},"properties":{"objectid":1471,"nombre":"PUESTO DE SALUD MANALLASACC","departamento":"AYACUCHO","provincia":"HUAMANGA","distrito":"CHIARA","institucion":"GOBIERNO REGIONAL","codigoMinsa":3567,"direccion":"CARRETERA CARRETERA PRINCIPAL - VILCASHUAMAN DISTRITO CHIARA PROVINCIA HUAMANGA DEPARTAMENTO AYACUCHO","disa":"AYACUCHO","red":"HUAMANGA","microrred":"CHIARA","categoria":"ESTABLECIMIENTO DE SALUD SIN INTERNAMIENTO","condicion":"ACTIVO","actualizado":"2023/08/01 19:00:00.000","fuente":"MINSA","urlRenipr":"http://app20.susalud.gob.pe:8080/registro-renipress-webapp/ipress.htm?action=mostrarVer&idipress=00003567"}},{"type":"Feature","geometry":{"type":"Point","coordinates":[-73.88846747999997,-13.32383421999998]},"properties":{"objectid":1472,"nombre":"PUESTO DE SALUD MAYABAMBA","departamento":"AYACUCHO","provincia":"HUAMANGA","distrito":"OCROS","institucion":"GOBIERNO REGIONAL","codigoMinsa":3580,"direccion":"PLAZA PLAZA PRINCIPAL DISTRITO OCROS PROVINCIA HUAMANGA DEPARTAMENTO AYACUCHO","disa":"AYACUCHO","red":"HUAMANGA","microrred":"OCROS","categoria":"ESTABLECIMIENTO DE SALUD SIN INTERNAMIENTO","condicion":"ACTIVO","actualizado":"2023/08/01 19:00:00.000","fuente":"MINSA","urlRenipr":"http://app20.susalud.gob.pe:8080/registro-renipress-webapp/ipress.htm?action=mostrarVer&idipress=00003580"}},{"type":"Feature","geometry":{"type":"Point","coordinates":[-73.71080999999998,-15.06722166999998]},"properties":{"objectid":1473,"nombre":"PUESTO DE SALUD BELLAVISTA","departamento":"AYACUCHO","provincia":"PARINACOCHAS","distrito":"CHUMPI","institucion":"GOBIERNO REGIONAL","codigoMinsa":3521,"direccion":"OTROS BELLAVISTA S/N NÚMERO S/N DISTRITO CHUMPI PROVINCIA PARINACOCHAS DEPARTAMENTO AYACUCHO","disa":"AYACUCHO","red":"CORACORA","microrred":"CHUMPI","categoria":"ESTABLECIMIENTO DE SALUD SIN INTERNAMIENTO","condicion":"ACTIVO","actualizado":"2023/08/01 19:00:00.000","fuente":"MINSA","urlRenipr":"http://app20.susalud.gob.pe:8080/registro-renipress-webapp/ipress.htm?action=mostrarVer&idipress=00003521"}},{"type":"Feature","geometry":{"type":"Point","coordinates":[-74.21423270999998,-13.026492549999944]},"properties":{"objectid":1543,"nombre":"PUESTO DE SALUD LA VEGA","departamento":"AYACUCHO","provincia":"HUANTA","distrito":"HUAMANGUILLA","institucion":"GOBIERNO REGIONAL","codigoMinsa":27664,"direccion":"CARRETERA VIA PRINCIPAL RUTA AYACUCHO - HUANTA NÚMERO S/N DISTRITO HUAMANGUILLA PROVINCIA HUANTA DEPARTAMENTO AYACUCHO","disa":"AYACUCHO","red":"HUANTA","microrred":"HUAMANGUILLA","categoria":"ESTABLECIMIENTO DE SALUD SIN INTERNAMIENTO","condicion":"ACTIVO","actualizado":"2023/08/01 19:00:00.000","fuente":"MINSA","urlRenipr":"http://app20.susalud.gob.pe:8080/registro-renipress-webapp/ipress.htm?action=mostrarVer&idipress=00027664"}},{"type":"Feature","geometry":{"type":"Point","coordinates":[-74.22356409999998,-13.163873699999954]},"properties":{"objectid":1804,"nombre":"RAPIDENT","departamento":"AYACUCHO","provincia":"HUAMANGA","distrito":"AYACUCHO","institucion":"PRIVADO","codigoMinsa":28269,"direccion":"JIRÓN CARLOS F. VIVANCO. NÚMERO 369 PISO 1 DISTRITO AYACUCHO PROVINCIA HUAMANGA DEPARTAMENTO AYACUCHO","disa":"AYACUCHO","red":"NO PERTENECE A NINGUNA RED","microrred":"NO PERTENECE A NINGUNA MICRORED","categoria":"ESTABLECIMIENTO DE SALUD SIN INTERNAMIENTO","condicion":"ACTIVO","actualizado":"2023/08/01 19:00:00.000","fuente":"MINSA","urlRenipr":"http://app20.susalud.gob.pe:8080/registro-renipress-webapp/ipress.htm?action=mostrarVer&idipress=00028269"}},{"type":"Feature","geometry":{"type":"Point","coordinates":[-74.22563847999999,-13.150757429999942]},"properties":{"objectid":1926,"nombre":"SAGRADA FAMILIA","departamento":"AYACUCHO","provincia":"HUAMANGA","distrito":"AYACUCHO","institucion":"PRIVADO","codigoMinsa":25118,"direccion":"JIRÓN LAS MAGNOLIAS MANZANA C LOTE 18 URBANIZACIÓN MARISCAL CACERES DISTRITO AYACUCHO PROVINCIA HUAMANGA DEPARTAMENTO AYACUCHO","disa":"AYACUCHO","red":"NO PERTENECE A NINGUNA RED","microrred":"NO PERTENECE A NINGUNA MICRORED","categoria":"SERVICIO MÉDICO DE APOYO","condicion":"ACTIVO","actualizado":"2023/08/01 19:00:00.000","fuente":"MINSA","urlRenipr":"http://app20.susalud.gob.pe:8080/registro-renipress-webapp/ipress.htm?action=mostrarVer&idipress=00025118"}},{"type":"Feature","geometry":{"type":"Point","coordinates":[-74.24798068999996,-12.94379687999998]},"properties":{"objectid":1935,"nombre":"CENTRO MEDICO THANIY","departamento":"AYACUCHO","provincia":"HUANTA","distrito":"HUANTA","institucion":"PRIVADO","codigoMinsa":31379,"direccion":"JIRÓN VICTOR FAJARDO NÚMERO 281 PISO 1 DISTRITO HUANTA PROVINCIA HUANTA DEPARTAMENTO AYACUCHO","disa":"AYACUCHO","red":"","microrred":"","categoria":"ESTABLECIMIENTO DE SALUD SIN INTERNAMIENTO","condicion":"ACTIVO","actualizado":"2023/08/01 19:00:00.000","fuente":"MINSA","urlRenipr":"http://app20.susalud.gob.pe:8080/registro-renipress-webapp/ipress.htm?action=mostrarVer&idipress=00031379"}},{"type":"Feature","geometry":{"type":"Point","coordinates":[-74.24970369999994,-12.938607399999967]},"properties":{"objectid":1951,"nombre":"VELIZ CONSULTORIO´S ODONTOLOGICOS","departamento":"AYACUCHO","provincia":"HUANTA","distrito":"HUANTA","institucion":"PRIVADO","codigoMinsa":31357,"direccion":"JIRÓN Mariscal castilla NÚMERO 393 PISO 2 DEPARTAMENTO 6 DISTRITO HUANTA PROVINCIA HUANTA DEPARTAMENTO AYACUCHO","disa":"AYACUCHO","red":"","microrred":"","categoria":"ESTABLECIMIENTO DE SALUD SIN INTERNAMIENTO","condicion":"ACTIVO","actualizado":"2023/08/01 19:00:00.000","fuente":"MINSA","urlRenipr":"http://app20.susalud.gob.pe:8080/registro-renipress-webapp/ipress.htm?action=mostrarVer&idipress=00031357"}},{"type":"Feature","geometry":{"type":"Point","coordinates":[-74.22485544999995,-13.163696049999942]},"properties":{"objectid":2000,"nombre":"A2 CONSULTORIOS ODONTOLOGICOS","departamento":"AYACUCHO","provincia":"HUAMANGA","distrito":"AYACUCHO","institucion":"PRIVADO","codigoMinsa":30336,"direccion":"JIRÓN CARLOS FRANCISCO VIVANCO NÚMERO 388 PISO 2 INTERIOR 2 DISTRITO AYACUCHO PROVINCIA HUAMANGA DEPARTAMENTO AYACUCHO","disa":"AYACUCHO","red":"","microrred":"","categoria":"ESTABLECIMIENTO DE SALUD SIN INTERNAMIENTO","condicion":"ACTIVO","actualizado":"2023/08/01 19:00:00.000","fuente":"MINSA","urlRenipr":"http://app20.susalud.gob.pe:8080/registro-renipress-webapp/ipress.htm?action=mostrarVer&idipress=00030336"}},{"type":"Feature","geometry":{"type":"Point","coordinates":[-74.41548666999995,-14.940171669999927]},"properties":{"objectid":2777,"nombre":"SAISA","departamento":"AYACUCHO","provincia":"LUCANAS","distrito":"SAISA","institucion":"GOBIERNO REGIONAL","codigoMinsa":3724,"direccion":"CALLE CALLE PRINCIPAL S/N NÚMERO S/N DISTRITO SAISA PROVINCIA LUCANAS DEPARTAMENTO AYACUCHO","disa":"AYACUCHO","red":"LUCANAS","microrred":"LUCANAS","categoria":"ESTABLECIMIENTO DE SALUD SIN INTERNAMIENTO","condicion":"ACTIVO","actualizado":"2023/08/01 19:00:00.000","fuente":"MINSA","urlRenipr":"http://app20.susalud.gob.pe:8080/registro-renipress-webapp/ipress.htm?action=mostrarVer&idipress=00003724"}},{"type":"Feature","geometry":{"type":"Point","coordinates":[-74.64143499999994,-14.825609999999926]},"properties":{"objectid":2778,"nombre":"CHUQUIMARAN","departamento":"AYACUCHO","provincia":"LUCANAS","distrito":"LEONCIO PRADO","institucion":"GOBIERNO REGIONAL","codigoMinsa":3737,"direccion":"OTROS URBANIZACION NUEVA DISTRITO LEONCIO PRADO PROVINCIA LUCANAS DEPARTAMENTO AYACUCHO","disa":"AYACUCHO","red":"LUCANAS","microrred":"LUCANAS","categoria":"ESTABLECIMIENTO DE SALUD SIN INTERNAMIENTO","condicion":"ACTIVO","actualizado":"2023/08/01 19:00:00.000","fuente":"MINSA","urlRenipr":"http://app20.susalud.gob.pe:8080/registro-renipress-webapp/ipress.htm?action=mostrarVer&idipress=00003737"}},{"type":"Feature","geometry":{"type":"Point","coordinates":[-74.22573131999997,-13.162337999999977]},"properties":{"objectid":3253,"nombre":"CONSULTORIO DENTAL \"APAZA\"","departamento":"AYACUCHO","provincia":"HUAMANGA","distrito":"AYACUCHO","institucion":"PRIVADO","codigoMinsa":27263,"direccion":"JIRÓN DOS DE MAYO N?ERO 214 DISTRITO AYACUCHO PROVINCIA HUAMANGA DEPARTAMENTO AYACUCHO","disa":"AYACUCHO","red":"NO PERTENECE A NINGUNA RED","microrred":"NO PERTENECE A NINGUNA MICRORED","categoria":"ESTABLECIMIENTO DE SALUD SIN INTERNAMIENTO","condicion":"ACTIVO","actualizado":"2023/08/01 19:00:00.000","fuente":"MINSA","urlRenipr":"http://app20.susalud.gob.pe:8080/registro-renipress-webapp/ipress.htm?action=mostrarVer&idipress=00027263"}},{"type":"Feature","geometry":{"type":"Point","coordinates":[-74.22338179999997,-13.157753599999978]},"properties":{"objectid":3551,"nombre":"CONSULTORIO OBSTETRICO SAN MIGUEL ARCANGEL","departamento":"AYACUCHO","provincia":"HUAMANGA","distrito":"AYACUCHO","institucion":"PRIVADO","codigoMinsa":28142,"direccion":"AVENIDA MARISCAL CACERES NÚMERO 888 PISO 2 DISTRITO AYACUCHO PROVINCIA HUAMANGA DEPARTAMENTO AYACUCHO","disa":"AYACUCHO","red":"NO PERTENECE A NINGUNA RED","microrred":"NO PERTENECE A NINGUNA MICRORED","categoria":"ESTABLECIMIENTO DE SALUD SIN INTERNAMIENTO","condicion":"ACTIVO","actualizado":"2023/08/01 19:00:00.000","fuente":"MINSA","urlRenipr":"http://app20.susalud.gob.pe:8080/registro-renipress-webapp/ipress.htm?action=mostrarVer&idipress=00028142"}},{"type":"Feature","geometry":{"type":"Point","coordinates":[-74.20882997999996,-13.174032859999954]},"properties":{"objectid":3568,"nombre":"CENTRO DE SALUD SAN JUAN BAUTISTA","departamento":"AYACUCHO","provincia":"HUAMANGA","distrito":"SAN JUAN BAUTISTA","institucion":"GOBIERNO REGIONAL","codigoMinsa":3598,"direccion":"AVENIDA AV. LAS MALVINAS 250 - 288-CIUDAD DE LAS AMERICAS AV. LAS MALVINAS 250 - 288-CIUDAD DE LAS AMERICAS SAN JUAN BAUTISTA HUAMANGA AYACUCHO","disa":"AYACUCHO","red":"HUAMANGA","microrred":"SAN JUAN BAUTISTA","categoria":"ESTABLECIMIENTO DE SALUD CON INTERNAMIENTO","condicion":"ACTIVO","actualizado":"2023/08/01 19:00:00.000","fuente":"MINSA","urlRenipr":"http://app20.susalud.gob.pe:8080/registro-renipress-webapp/ipress.htm?action=mostrarVer&idipress=00003598"}},{"type":"Feature","geometry":{"type":"Point","coordinates":[-74.33066288999999,-13.04880645999998]},"properties":{"objectid":3569,"nombre":"ATACOCHA","departamento":"AYACUCHO","provincia":"HUAMANGA","distrito":"SANTIAGO DE PISCHA","institucion":"GOBIERNO REGIONAL","codigoMinsa":3613,"direccion":"PLAZA PLAZA PRINCIPAL DE SANTIAGO DE PISCHA DISTRITO SANTIAGO DE PISCHA PROVINCIA HUAMANGA DEPARTAMENTO AYACUCHO","disa":"AYACUCHO","red":"HUAMANGA","microrred":"MUYURINA","categoria":"ESTABLECIMIENTO DE SALUD SIN INTERNAMIENTO","condicion":"ACTIVO","actualizado":"2023/08/01 19:00:00.000","fuente":"MINSA","urlRenipr":"http://app20.susalud.gob.pe:8080/registro-renipress-webapp/ipress.htm?action=mostrarVer&idipress=00003613"}},{"type":"Feature","geometry":{"type":"Point","coordinates":[-73.75895166999999,-13.808243329999982]},"properties":{"objectid":3571,"nombre":"PUESTO DE SALUD BELEN","departamento":"AYACUCHO","provincia":"SUCRE","distrito":"BELEN","institucion":"GOBIERNO REGIONAL","codigoMinsa":3803,"direccion":"PLAZA PLAZA PRINCIPAL S/N NÚMERO S/N DISTRITO BELEN PROVINCIA SUCRE DEPARTAMENTO AYACUCHO","disa":"AYACUCHO","red":"AYACUCHO CENTRO","microrred":"SUCRE","categoria":"ESTABLECIMIENTO DE SALUD SIN INTERNAMIENTO","condicion":"ACTIVO","actualizado":"2023/08/01 19:00:00.000","fuente":"MINSA","urlRenipr":"http://app20.susalud.gob.pe:8080/registro-renipress-webapp/ipress.htm?action=mostrarVer&idipress=00003803"}},{"type":"Feature","geometry":{"type":"Point","coordinates":[-73.52861166999998,-12.989543329999947]},"properties":{"objectid":3573,"nombre":"PUESTO DE SALUD AMARGURA","departamento":"AYACUCHO","provincia":"LA MAR","distrito":"ANCO","institucion":"GOBIERNO REGIONAL","codigoMinsa":3757,"direccion":"OTROS AMARGURA MZ.F LTE.01, 02, 03 Y 04 DISTRITO ANCO PROVINCIA LA MAR DEPARTAMENTO AYACUCHO","disa":"AYACUCHO","red":"SAN FRANCISCO","microrred":"SAN MARTIN","categoria":"ESTABLECIMIENTO DE SALUD SIN INTERNAMIENTO","condicion":"ACTIVO","actualizado":"2023/08/01 19:00:00.000","fuente":"MINSA","urlRenipr":"http://app20.susalud.gob.pe:8080/registro-renipress-webapp/ipress.htm?action=mostrarVer&idipress=00003757"}},{"type":"Feature","geometry":{"type":"Point","coordinates":[-74.20562203999998,-12.784157469999968]},"properties":{"objectid":3574,"nombre":"PUESTO DE SALUD CHACA","departamento":"AYACUCHO","provincia":"HUANTA","distrito":"CHACA","institucion":"GOBIERNO REGIONAL","codigoMinsa":3669,"direccion":"PLAZA PLAZA PRINCIPAL DE CHACA DISTRITO CHACA PROVINCIA HUANTA DEPARTAMENTO AYACUCHO","disa":"AYACUCHO","red":"HUANTA","microrred":"SAN JOSE DE SECCE","categoria":"ESTABLECIMIENTO DE SALUD SIN INTERNAMIENTO","condicion":"ACTIVO","actualizado":"2023/08/01 19:00:00.000","fuente":"MINSA","urlRenipr":"http://app20.susalud.gob.pe:8080/registro-renipress-webapp/ipress.htm?action=mostrarVer&idipress=00003669"}},{"type":"Feature","geometry":{"type":"Point","coordinates":[-74.28932206999997,-13.739913099999967]},"properties":{"objectid":3575,"nombre":"PUESTO DE SALUD TINCA","departamento":"AYACUCHO","provincia":"VICTOR FAJARDO","distrito":"HUAMANQUIQUIA","institucion":"GOBIERNO REGIONAL","codigoMinsa":3833,"direccion":"JIRÓN JR NUEVA ESPERANZA S/N NÚMERO S/N DISTRITO HUAMANQUIQUIA PROVINCIA VICTOR FAJARDO DEPARTAMENTO AYACUCHO","disa":"AYACUCHO","red":"AYACUCHO CENTRO","microrred":"VICTOR FAJARDO","categoria":"ESTABLECIMIENTO DE SALUD SIN INTERNAMIENTO","condicion":"ACTIVO","actualizado":"2023/08/01 19:00:00.000","fuente":"MINSA","urlRenipr":"http://app20.susalud.gob.pe:8080/registro-renipress-webapp/ipress.htm?action=mostrarVer&idipress=00003833"}},{"type":"Feature","geometry":{"type":"Point","coordinates":[-73.83392604999995,-13.76278020999996]},"properties":{"objectid":3576,"nombre":"PUESTO DE SALUD SAN ANTONIO DE COCHAS","departamento":"AYACUCHO","provincia":"VILCAS HUAMAN","distrito":"HUAMBALPA","institucion":"GOBIERNO REGIONAL","codigoMinsa":6606,"direccion":"OTROS CPM/SAN ANTONIO DE COCHA DISTRITO HUAMBALPA PROVINCIA VILCAS HUAMAN DEPARTAMENTO AYACUCHO","disa":"AYACUCHO","red":"AYACUCHO CENTRO","microrred":"VILCASHUAMAN","categoria":"ESTABLECIMIENTO DE SALUD SIN INTERNAMIENTO","condicion":"ACTIVO","actualizado":"2023/08/01 19:00:00.000","fuente":"MINSA","urlRenipr":"http://app20.susalud.gob.pe:8080/registro-renipress-webapp/ipress.htm?action=mostrarVer&idipress=00006606"}},{"type":"Feature","geometry":{"type":"Point","coordinates":[-73.73414166999999,-13.969874999999945]},"properties":{"objectid":3578,"nombre":"PUESTO DE SALUD SAN SALVADOR DE QUIJE","departamento":"AYACUCHO","provincia":"SUCRE","distrito":"SAN SALVADOR DE QUIJE","institucion":"GOBIERNO REGIONAL","codigoMinsa":3806,"direccion":"PLAZA PLAZA PRINCIPOAL DE S.S. DE QUIJE DISTRITO SAN SALVADOR DE QUIJE PROVINCIA SUCRE DEPARTAMENTO AYACUCHO","disa":"AYACUCHO","red":"AYACUCHO CENTRO","microrred":"SUCRE","categoria":"ESTABLECIMIENTO DE SALUD SIN INTERNAMIENTO","condicion":"ACTIVO","actualizado":"2023/08/01 19:00:00.000","fuente":"MINSA","urlRenipr":"http://app20.susalud.gob.pe:8080/registro-renipress-webapp/ipress.htm?action=mostrarVer&idipress=00003806"}},{"type":"Feature","geometry":{"type":"Point","coordinates":[-74.21632246999997,-13.203892189999976]},"properties":{"objectid":3580,"nombre":"PUESTO DE SALUD YANAMA","departamento":"AYACUCHO","provincia":"HUAMANGA","distrito":"CARMEN ALTO","institucion":"GOBIERNO REGIONAL","codigoMinsa":11354,"direccion":"AVENIDA AV LA MAR MZ LOTE1 - SECTOR ANCO DISTRITO CARMEN ALTO PROVINCIA HUAMANGA DEPARTAMENTO AYACUCHO","disa":"AYACUCHO","red":"HUAMANGA","microrred":"CARMEN ALTO","categoria":"ESTABLECIMIENTO DE SALUD SIN INTERNAMIENTO","condicion":"ACTIVO","actualizado":"2023/08/01 19:00:00.000","fuente":"MINSA","urlRenipr":"http://app20.susalud.gob.pe:8080/registro-renipress-webapp/ipress.htm?action=mostrarVer&idipress=00011354"}},{"type":"Feature","geometry":{"type":"Point","coordinates":[-74.14695234999994,-12.759043899999938]},"properties":{"objectid":3581,"nombre":"PUESTO DE SALUD HUAYNACANCHA","departamento":"AYACUCHO","provincia":"HUANTA","distrito":"UCHURACCAY","institucion":"GOBIERNO REGIONAL","codigoMinsa":10367,"direccion":"PLAZA PLAZA PRINCIPAL DE HUAYNACANCHA DISTRITO UCHURACCAY PROVINCIA HUANTA DEPARTAMENTO AYACUCHO","disa":"AYACUCHO","red":"HUANTA","microrred":"SAN JOSE DE SECCE","categoria":"ESTABLECIMIENTO DE SALUD SIN INTERNAMIENTO","condicion":"ACTIVO","actualizado":"2023/08/01 19:00:00.000","fuente":"MINSA","urlRenipr":"http://app20.susalud.gob.pe:8080/registro-renipress-webapp/ipress.htm?action=mostrarVer&idipress=00010367"}},{"type":"Feature","geometry":{"type":"Point","coordinates":[-74.22252332999994,-12.877731669999946]},"properties":{"objectid":3582,"nombre":"PUESTO DE SALUD SAN ANTONIO DE CULLUCHACA","departamento":"AYACUCHO","provincia":"HUANTA","distrito":"HUANTA","institucion":"GOBIERNO REGIONAL","codigoMinsa":6653,"direccion":"PLAZA PLAZA PRINCIPAL DE CULLUCHACA DISTRITO HUANTA PROVINCIA HUANTA DEPARTAMENTO AYACUCHO","disa":"AYACUCHO","red":"HUANTA","microrred":"HUANTA","categoria":"ESTABLECIMIENTO DE SALUD SIN INTERNAMIENTO","condicion":"ACTIVO","actualizado":"2023/08/01 19:00:00.000","fuente":"MINSA","urlRenipr":"http://app20.susalud.gob.pe:8080/registro-renipress-webapp/ipress.htm?action=mostrarVer&idipress=00006653"}},{"type":"Feature","geometry":{"type":"Point","coordinates":[-74.07806666999994,-13.569488329999956]},"properties":{"objectid":3585,"nombre":"PUESTO DE SALUD CHICHUCANCHA","departamento":"AYACUCHO","provincia":"CANGALLO","distrito":"CANGALLO","institucion":"GOBIERNO REGIONAL","codigoMinsa":6607,"direccion":"PLAZA PLAZA PRINCIPAL DISTRITO CANGALLO PROVINCIA CANGALLO DEPARTAMENTO AYACUCHO","disa":"AYACUCHO","red":"AYACUCHO CENTRO","microrred":"PAMPA CANGALLO","categoria":"ESTABLECIMIENTO DE SALUD SIN INTERNAMIENTO","condicion":"ACTIVO","actualizado":"2023/08/01 19:00:00.000","fuente":"MINSA","urlRenipr":"http://app20.susalud.gob.pe:8080/registro-renipress-webapp/ipress.htm?action=mostrarVer&idipress=00006607"}},{"type":"Feature","geometry":{"type":"Point","coordinates":[-74.34692900999994,-12.578367079999964]},"properties":{"objectid":3586,"nombre":"PUESTO DE SALUD MAYHUAVILCA","departamento":"AYACUCHO","provincia":"HUANTA","distrito":"AYAHUANCO","institucion":"GOBIERNO REGIONAL","codigoMinsa":3674,"direccion":"PLAZA PLAZA PRINCIPAL DE MAYHUAVILCA DISTRITO AYAHUANCO PROVINCIA HUANTA DEPARTAMENTO AYACUCHO","disa":"AYACUCHO","red":"HUANTA","microrred":"VIRACOCHAN","categoria":"ESTABLECIMIENTO DE SALUD SIN INTERNAMIENTO","condicion":"ACTIVO","actualizado":"2023/08/01 19:00:00.000","fuente":"MINSA","urlRenipr":"http://app20.susalud.gob.pe:8080/registro-renipress-webapp/ipress.htm?action=mostrarVer&idipress=00003674"}},{"type":"Feature","geometry":{"type":"Point","coordinates":[-73.73553999999996,-12.685778329999948]},"properties":{"objectid":3588,"nombre":"SANTA ROSA","departamento":"AYACUCHO","provincia":"LA MAR","distrito":"SANTA ROSA","institucion":"GOBIERNO REGIONAL","codigoMinsa":3764,"direccion":"JIRÓN JR. BOLOGNESI MZ.L-1 LTE.11 DISTRITO SANTA ROSA PROVINCIA LA MAR DEPARTAMENTO AYACUCHO","disa":"AYACUCHO","red":"SAN FRANCISCO","microrred":"SANTA ROSA","categoria":"ESTABLECIMIENTO DE SALUD SIN INTERNAMIENTO","condicion":"ACTIVO","actualizado":"2023/08/01 19:00:00.000","fuente":"MINSA","urlRenipr":"http://app20.susalud.gob.pe:8080/registro-renipress-webapp/ipress.htm?action=mostrarVer&idipress=00003764"}},{"type":"Feature","geometry":{"type":"Point","coordinates":[-74.52971166999998,-14.861776669999927]},"properties":{"objectid":3589,"nombre":"UCHUYTAMBO","departamento":"AYACUCHO","provincia":"LUCANAS","distrito":"SANTA LUCIA","institucion":"GOBIERNO REGIONAL","codigoMinsa":3744,"direccion":"CALLE CALLE PRINCIPAL- PLAZA DE ARMAS S/N NÚMERO S/N DISTRITO SANTA LUCIA PROVINCIA LUCANAS DEPARTAMENTO AYACUCHO","disa":"AYACUCHO","red":"LUCANAS","microrred":"LUCANAS","categoria":"ESTABLECIMIENTO DE SALUD SIN INTERNAMIENTO","condicion":"ACTIVO","actualizado":"2023/08/01 19:00:00.000","fuente":"MINSA","urlRenipr":"http://app20.susalud.gob.pe:8080/registro-renipress-webapp/ipress.htm?action=mostrarVer&idipress=00003744"}},{"type":"Feature","geometry":{"type":"Point","coordinates":[-74.04292282999995,-14.246713169999964]},"properties":{"objectid":3590,"nombre":"PUESTO DE SALUD MAYO LUREN","departamento":"AYACUCHO","provincia":"LUCANAS","distrito":"AUCARA","institucion":"GOBIERNO REGIONAL","codigoMinsa":3714,"direccion":"JIRÓN JR. NISPEROS S/N NÚMERO S/N DISTRITO AUCARA PROVINCIA LUCANAS DEPARTAMENTO AYACUCHO","disa":"AYACUCHO","red":"LUCANAS","microrred":"VALLE SONDONDO-AUCARA","categoria":"ESTABLECIMIENTO DE SALUD SIN INTERNAMIENTO","condicion":"ACTIVO","actualizado":"2023/08/01 19:00:00.000","fuente":"MINSA","urlRenipr":"http://app20.susalud.gob.pe:8080/registro-renipress-webapp/ipress.htm?action=mostrarVer&idipress=00003714"}},{"type":"Feature","geometry":{"type":"Point","coordinates":[-73.45244166999998,-15.245181669999965]},"properties":{"objectid":3591,"nombre":"PUESTO DE SALUD QUILCATA","departamento":"AYACUCHO","provincia":"PAUCAR DEL SARA SARA","distrito":"SARA SARA","institucion":"GOBIERNO REGIONAL","codigoMinsa":3706,"direccion":"AVENIDA AV. HUAMANGA S/N NÚMERO S/N DISTRITO SARA SARA PROVINCIA PAUCAR DEL SARA SARA DEPARTAMENTO AYACUCHO","disa":"AYACUCHO","red":"CORACORA","microrred":"PAUSA","categoria":"ESTABLECIMIENTO DE SALUD SIN INTERNAMIENTO","condicion":"ACTIVO","actualizado":"2023/08/01 19:00:00.000","fuente":"MINSA","urlRenipr":"http://app20.susalud.gob.pe:8080/registro-renipress-webapp/ipress.htm?action=mostrarVer&idipress=00003706"}},{"type":"Feature","geometry":{"type":"Point","coordinates":[-73.22691499999996,-15.224943329999974]},"properties":{"objectid":3592,"nombre":"PUESTO DE SALUD SAN JOSE DE USHUA","departamento":"AYACUCHO","provincia":"PAUCAR DEL SARA SARA","distrito":"SAN JOSE DE USHUA","institucion":"GOBIERNO REGIONAL","codigoMinsa":3700,"direccion":"CALLE CALLE PRINCIPAL DISTRITO SAN JOSE DE USHUA PROVINCIA PAUCAR DEL SARA SARA DEPARTAMENTO AYACUCHO","disa":"AYACUCHO","red":"CORACORA","microrred":"PAUSA","categoria":"ESTABLECIMIENTO DE SALUD SIN INTERNAMIENTO","condicion":"ACTIVO","actualizado":"2023/08/01 19:00:00.000","fuente":"MINSA","urlRenipr":"http://app20.susalud.gob.pe:8080/registro-renipress-webapp/ipress.htm?action=mostrarVer&idipress=00003700"}},{"type":"Feature","geometry":{"type":"Point","coordinates":[-74.14047499999998,-13.04955332999998]},"properties":{"objectid":3593,"nombre":"CENTRO DE SALUD QUINUA","departamento":"AYACUCHO","provincia":"HUAMANGA","distrito":"QUINUA","institucion":"GOBIERNO REGIONAL","codigoMinsa":3595,"direccion":"JIRÓN JR. BOLIVAR S/N NÚMERO S/N DISTRITO QUINUA PROVINCIA HUAMANGA DEPARTAMENTO AYACUCHO","disa":"AYACUCHO","red":"HUAMANGA","microrred":"QUINUA","categoria":"ESTABLECIMIENTO DE SALUD SIN INTERNAMIENTO","condicion":"ACTIVO","actualizado":"2023/08/01 19:00:00.000","fuente":"MINSA","urlRenipr":"http://app20.susalud.gob.pe:8080/registro-renipress-webapp/ipress.htm?action=mostrarVer&idipress=00003595"}},{"type":"Feature","geometry":{"type":"Point","coordinates":[-73.90409959999994,-13.428049469999962]},"properties":{"objectid":3594,"nombre":"CHUMBES","departamento":"AYACUCHO","provincia":"HUAMANGA","distrito":"OCROS","institucion":"GOBIERNO REGIONAL","codigoMinsa":3579,"direccion":"OTROS COMUNIDAD DE CHUMBES DISTRITO OCROS PROVINCIA HUAMANGA DEPARTAMENTO AYACUCHO","disa":"AYACUCHO","red":"HUAMANGA","microrred":"OCROS","categoria":"ESTABLECIMIENTO DE SALUD SIN INTERNAMIENTO","condicion":"ACTIVO","actualizado":"2023/08/01 19:00:00.000","fuente":"MINSA","urlRenipr":"http://app20.susalud.gob.pe:8080/registro-renipress-webapp/ipress.htm?action=mostrarVer&idipress=00003579"}},{"type":"Feature","geometry":{"type":"Point","coordinates":[-73.36755332999996,-14.950356669999962]},"properties":{"objectid":3595,"nombre":"PUESTO DE SALUD PACAPAUSA","departamento":"AYACUCHO","provincia":"PARINACOCHAS","distrito":"PACAPAUSA","institucion":"GOBIERNO REGIONAL","codigoMinsa":3530,"direccion":"OTROS LOS SAUCES S/N NÚMERO S/N DISTRITO PACAPAUSA PROVINCIA PARINACOCHAS DEPARTAMENTO AYACUCHO","disa":"AYACUCHO","red":"CORACORA","microrred":"PACAPAUSA","categoria":"ESTABLECIMIENTO DE SALUD SIN INTERNAMIENTO","condicion":"ACTIVO","actualizado":"2023/08/01 19:00:00.000","fuente":"MINSA","urlRenipr":"http://app20.susalud.gob.pe:8080/registro-renipress-webapp/ipress.htm?action=mostrarVer&idipress=00003530"}},{"type":"Feature","geometry":{"type":"Point","coordinates":[-73.28401645999998,-14.809430279999958]},"properties":{"objectid":3596,"nombre":"ANISO","departamento":"AYACUCHO","provincia":"PARINACOCHAS","distrito":"CORONEL CASTAÑEDA","institucion":"GOBIERNO REGIONAL","codigoMinsa":3529,"direccion":"CALLE CALLE PRINCIPAL S/N NÚMERO S/N DISTRITO CORONEL CASTAÑEDA PROVINCIA PARINACOCHAS DEPARTAMENTO AYACUCHO","disa":"AYACUCHO","red":"LUCANAS","microrred":"SAN PEDRO","categoria":"ESTABLECIMIENTO DE SALUD SIN INTERNAMIENTO","condicion":"ACTIVO","actualizado":"2023/08/01 19:00:00.000","fuente":"MINSA","urlRenipr":"http://app20.susalud.gob.pe:8080/registro-renipress-webapp/ipress.htm?action=mostrarVer&idipress=00003529"}},{"type":"Feature","geometry":{"type":"Point","coordinates":[-74.27515169999998,-12.899462699999958]},"properties":{"objectid":3676,"nombre":"PUESTO DE SALUD AICAS","departamento":"AYACUCHO","provincia":"HUANTA","distrito":"LURICOCHA","institucion":"GOBIERNO REGIONAL","codigoMinsa":25161,"direccion":"AVENIDA REPUBLICA DE AICAS NÚMERO S/N MANZANA Y DISTRITO LURICOCHA PROVINCIA HUANTA DEPARTAMENTO AYACUCHO","disa":"AYACUCHO","red":"HUANTA","microrred":"LURICOCHA","categoria":"ESTABLECIMIENTO DE SALUD SIN INTERNAMIENTO","condicion":"ACTIVO","actualizado":"2023/08/01 19:00:00.000","fuente":"MINSA","urlRenipr":"http://app20.susalud.gob.pe:8080/registro-renipress-webapp/ipress.htm?action=mostrarVer&idipress=00025161"}},{"type":"Feature","geometry":{"type":"Point","coordinates":[-73.84054767999999,-14.012505569999973]},"properties":{"objectid":3703,"nombre":"QUEROBAMBA","departamento":"AYACUCHO","provincia":"SUCRE","distrito":"QUEROBAMBA","institucion":"ESSALUD","codigoMinsa":11434,"direccion":"AVENIDA BOLIVAR NÚMERO 109 DISTRITO QUEROBAMBA PROVINCIA SUCRE DEPARTAMENTO AYACUCHO","disa":"AYACUCHO","red":"NO PERTENECE A NINGUNA RED","microrred":"NO PERTENECE A NINGUNA MICRORED","categoria":"ESTABLECIMIENTO DE SALUD SIN INTERNAMIENTO","condicion":"ACTIVO","actualizado":"2023/08/01 19:00:00.000","fuente":"MINSA","urlRenipr":"http://app20.susalud.gob.pe:8080/registro-renipress-webapp/ipress.htm?action=mostrarVer&idipress=00011434"}},{"type":"Feature","geometry":{"type":"Point","coordinates":[-74.22296328999994,-13.161157489999937]},"properties":{"objectid":3969,"nombre":"POLICLINICO LA FAMILIA","departamento":"AYACUCHO","provincia":"HUAMANGA","distrito":"AYACUCHO","institucion":"PRIVADO","codigoMinsa":27704,"direccion":"URBANIZACIÓN MARISCAL CACERES MANZANA A LOTE 40 DISTRITO AYACUCHO PROVINCIA HUAMANGA DEPARTAMENTO AYACUCHO","disa":"AYACUCHO","red":"NO PERTENECE A NINGUNA RED","microrred":"NO PERTENECE A NINGUNA MICRORED","categoria":"ESTABLECIMIENTO DE SALUD SIN INTERNAMIENTO","condicion":"ACTIVO","actualizado":"2023/08/01 19:00:00.000","fuente":"MINSA","urlRenipr":"http://app20.susalud.gob.pe:8080/registro-renipress-webapp/ipress.htm?action=mostrarVer&idipress=00027704"}},{"type":"Feature","geometry":{"type":"Point","coordinates":[-74.22355392999998,-13.157699349999973]},"properties":{"objectid":4040,"nombre":"CLINICA CELESTIAL","departamento":"AYACUCHO","provincia":"HUAMANGA","distrito":"AYACUCHO","institucion":"PRIVADO","codigoMinsa":22100,"direccion":"PASAJE PASAJE CACERES Nº 120 DISTRITO AYACUCHO PROVINCIA HUAMANGA DEPARTAMENTO AYACUCHO","disa":"AYACUCHO","red":"NO PERTENECE A NINGUNA RED","microrred":"NO PERTENECE A NINGUNA MICRORED","categoria":"ESTABLECIMIENTO DE SALUD SIN INTERNAMIENTO","condicion":"ACTIVO","actualizado":"2023/08/01 19:00:00.000","fuente":"MINSA","urlRenipr":"http://app20.susalud.gob.pe:8080/registro-renipress-webapp/ipress.htm?action=mostrarVer&idipress=00022100"}},{"type":"Feature","geometry":{"type":"Point","coordinates":[-74.21744499999994,-13.15608199999997]},"properties":{"objectid":4302,"nombre":"CENTRO MEDICO WARI S.A.C.","departamento":"AYACUCHO","provincia":"HUAMANGA","distrito":"JESUS NAZARENO","institucion":"PRIVADO","codigoMinsa":31693,"direccion":"JIRÓN JIRON MARIANO MELGAR 464 NÚMERO 464 DISTRITO JESUS NAZARENO PROVINCIA HUAMANGA DEPARTAMENTO AYACUCHO","disa":"AYACUCHO","red":"","microrred":"NO PERTENECE A NINGUNA MICRORED","categoria":"ESTABLECIMIENTO DE SALUD SIN INTERNAMIENTO","condicion":"ACTIVO","actualizado":"2023/08/01 19:00:00.000","fuente":"MINSA","urlRenipr":"http://app20.susalud.gob.pe:8080/registro-renipress-webapp/ipress.htm?action=mostrarVer&idipress=00031693"}},{"type":"Feature","geometry":{"type":"Point","coordinates":[-73.89313758999998,-14.372319489999938]},"properties":{"objectid":4856,"nombre":"MAYOBAMBA","departamento":"AYACUCHO","provincia":"LUCANAS","distrito":"CHIPAO","institucion":"GOBIERNO REGIONAL","codigoMinsa":3712,"direccion":"OTROS BARRIO SAN JUAN DENOMINADO PICHCCANA DISTRITO CHIPAO PROVINCIA LUCANAS DEPARTAMENTO AYACUCHO","disa":"AYACUCHO","red":"LUCANAS","microrred":"ANDAMARCA","categoria":"ESTABLECIMIENTO DE SALUD SIN INTERNAMIENTO","condicion":"ACTIVO","actualizado":"2023/08/01 19:00:00.000","fuente":"MINSA","urlRenipr":"http://app20.susalud.gob.pe:8080/registro-renipress-webapp/ipress.htm?action=mostrarVer&idipress=00003712"}},{"type":"Feature","geometry":{"type":"Point","coordinates":[-73.96554499999996,-12.45005666999998]},"properties":{"objectid":5725,"nombre":"VILLA MEJORADA","departamento":"AYACUCHO","provincia":"HUANTA","distrito":"LLOCHEGUA","institucion":"GOBIERNO REGIONAL","codigoMinsa":3748,"direccion":"PLAZA PLAZA PRINCIPAL VILLA MEJORADA DISTRITO LLOCHEGUA PROVINCIA HUANTA DEPARTAMENTO AYACUCHO","disa":"AYACUCHO","red":"SAN FRANCISCO","microrred":"LLOCHEGUA","categoria":"ESTABLECIMIENTO DE SALUD SIN INTERNAMIENTO","condicion":"ACTIVO","actualizado":"2023/08/01 19:00:00.000","fuente":"MINSA","urlRenipr":"http://app20.susalud.gob.pe:8080/registro-renipress-webapp/ipress.htm?action=mostrarVer&idipress=00003748"}},{"type":"Feature","geometry":{"type":"Point","coordinates":[-74.22094318999996,-13.402532789999952]},"properties":{"objectid":5726,"nombre":"LLACHOCCMAYO","departamento":"AYACUCHO","provincia":"HUAMANGA","distrito":"CHIARA","institucion":"GOBIERNO REGIONAL","codigoMinsa":3566,"direccion":"OTROS COMUNIDAD DE LLACHOCCMAYO DISTRITO CHIARA PROVINCIA HUAMANGA DEPARTAMENTO AYACUCHO","disa":"AYACUCHO","red":"HUAMANGA","microrred":"CHIARA","categoria":"ESTABLECIMIENTO DE SALUD SIN INTERNAMIENTO","condicion":"ACTIVO","actualizado":"2023/08/01 19:00:00.000","fuente":"MINSA","urlRenipr":"http://app20.susalud.gob.pe:8080/registro-renipress-webapp/ipress.htm?action=mostrarVer&idipress=00003566"}},{"type":"Feature","geometry":{"type":"Point","coordinates":[-74.14224499999995,-13.63038832999996]},"properties":{"objectid":5728,"nombre":"HOSPITAL DE APOYO CANGALLO","departamento":"AYACUCHO","provincia":"CANGALLO","distrito":"CANGALLO","institucion":"GOBIERNO REGIONAL","codigoMinsa":3494,"direccion":"JIRÓN JR. SANTA ROSA Nº 110 JR. SANTA ROSA Nº 110 CANGALLO CANGALLO AYACUCHO","disa":"AYACUCHO","red":"AYACUCHO CENTRO","microrred":"NO PERTENECE A NINGUNA MICRORED","categoria":"ESTABLECIMIENTO DE SALUD CON INTERNAMIENTO","condicion":"ACTIVO","actualizado":"2023/08/01 19:00:00.000","fuente":"MINSA","urlRenipr":"http://app20.susalud.gob.pe:8080/registro-renipress-webapp/ipress.htm?action=mostrarVer&idipress=00003494"}},{"type":"Feature","geometry":{"type":"Point","coordinates":[-73.79840666999996,-14.984578329999977]},"properties":{"objectid":5729,"nombre":"PUESTO DE SALUD AYCARA","departamento":"AYACUCHO","provincia":"PARINACOCHAS","distrito":"CORACORA","institucion":"GOBIERNO REGIONAL","codigoMinsa":3514,"direccion":"OTROS CCASACCAHUA S/N NÚMERO S/N DISTRITO CORACORA PROVINCIA PARINACOCHAS DEPARTAMENTO AYACUCHO","disa":"AYACUCHO","red":"CORACORA","microrred":"CHAVIÑA","categoria":"ESTABLECIMIENTO DE SALUD SIN INTERNAMIENTO","condicion":"ACTIVO","actualizado":"2023/08/01 19:00:00.000","fuente":"MINSA","urlRenipr":"http://app20.susalud.gob.pe:8080/registro-renipress-webapp/ipress.htm?action=mostrarVer&idipress=00003514"}},{"type":"Feature","geometry":{"type":"Point","coordinates":[-74.26149443999998,-13.187263599999937]},"properties":{"objectid":5730,"nombre":"PUESTO DE SALUD RANCHA","departamento":"AYACUCHO","provincia":"HUAMANGA","distrito":"AYACUCHO","institucion":"GOBIERNO REGIONAL","codigoMinsa":3558,"direccion":"OTROS COMUNIDAD DE RANCHA DISTRITO AYACUCHO PROVINCIA HUAMANGA DEPARTAMENTO AYACUCHO","disa":"AYACUCHO","red":"HUAMANGA","microrred":"BELEN","categoria":"ESTABLECIMIENTO DE SALUD SIN INTERNAMIENTO","condicion":"ACTIVO","actualizado":"2023/08/01 19:00:00.000","fuente":"MINSA","urlRenipr":"http://app20.susalud.gob.pe:8080/registro-renipress-webapp/ipress.htm?action=mostrarVer&idipress=00003558"}},{"type":"Feature","geometry":{"type":"Point","coordinates":[-73.54450332999994,-15.19111332999995]},"properties":{"objectid":5731,"nombre":"PUESTO DE SALUD LACAYA","departamento":"AYACUCHO","provincia":"PARINACOCHAS","distrito":"PUYUSCA","institucion":"GOBIERNO REGIONAL","codigoMinsa":3526,"direccion":"PLAZA PLAZA PRINCIPAL DISTRITO PUYUSCA PROVINCIA PARINACOCHAS DEPARTAMENTO AYACUCHO","disa":"AYACUCHO","red":"CORACORA","microrred":"INCUYO","categoria":"ESTABLECIMIENTO DE SALUD SIN INTERNAMIENTO","condicion":"ACTIVO","actualizado":"2023/08/01 19:00:00.000","fuente":"MINSA","urlRenipr":"http://app20.susalud.gob.pe:8080/registro-renipress-webapp/ipress.htm?action=mostrarVer&idipress=00003526"}},{"type":"Feature","geometry":{"type":"Point","coordinates":[-74.10019995999994,-13.719055909999952]},"properties":{"objectid":5733,"nombre":"PUESTO DE SALUD HUANCARAYLLA","departamento":"AYACUCHO","provincia":"VICTOR FAJARDO","distrito":"HUANCARAYLLA","institucion":"GOBIERNO REGIONAL","codigoMinsa":3838,"direccion":"JIRÓN JR.28 DE JULIO S/N NÚMERO S/N DISTRITO HUANCARAYLLA PROVINCIA VICTOR FAJARDO DEPARTAMENTO AYACUCHO","disa":"AYACUCHO","red":"AYACUCHO CENTRO","microrred":"VICTOR FAJARDO","categoria":"ESTABLECIMIENTO DE SALUD SIN INTERNAMIENTO","condicion":"ACTIVO","actualizado":"2023/08/01 19:00:00.000","fuente":"MINSA","urlRenipr":"http://app20.susalud.gob.pe:8080/registro-renipress-webapp/ipress.htm?action=mostrarVer&idipress=00003838"}},{"type":"Feature","geometry":{"type":"Point","coordinates":[-74.22620332999998,-15.225348329999974]},"properties":{"objectid":5734,"nombre":"PUESTO DE SALUD PALCA","departamento":"AYACUCHO","provincia":"LUCANAS","distrito":"SANCOS","institucion":"GOBIERNO REGIONAL","codigoMinsa":3539,"direccion":"PLAZA PLAZA DE ARMAS - PALCA DISTRITO SANCOS PROVINCIA LUCANAS DEPARTAMENTO AYACUCHO","disa":"AYACUCHO","red":"LUCANAS","microrred":"SANTA FILOMENA","categoria":"ESTABLECIMIENTO DE SALUD SIN INTERNAMIENTO","condicion":"ACTIVO","actualizado":"2023/08/01 19:00:00.000","fuente":"MINSA","urlRenipr":"http://app20.susalud.gob.pe:8080/registro-renipress-webapp/ipress.htm?action=mostrarVer&idipress=00003539"}},{"type":"Feature","geometry":{"type":"Point","coordinates":[-74.33964904999993,-13.314530119999972]},"properties":{"objectid":5735,"nombre":"PUESTO DE SALUD ARIZONA","departamento":"AYACUCHO","provincia":"HUAMANGA","distrito":"VINCHOS","institucion":"GOBIERNO REGIONAL","codigoMinsa":3631,"direccion":"PLAZA COMUNIDAD ARIZONA MANZANA A1 LOTE 1 DISTRITO VINCHOS PROVINCIA HUAMANGA DEPARTAMENTO AYACUCHO","disa":"AYACUCHO","red":"HUAMANGA","microrred":"VINCHOS","categoria":"ESTABLECIMIENTO DE SALUD SIN INTERNAMIENTO","condicion":"ACTIVO","actualizado":"2023/08/01 19:00:00.000","fuente":"MINSA","urlRenipr":"http://app20.susalud.gob.pe:8080/registro-renipress-webapp/ipress.htm?action=mostrarVer&idipress=00003631"}},{"type":"Feature","geometry":{"type":"Point","coordinates":[-73.85539999999997,-12.591789999999946]},"properties":{"objectid":5736,"nombre":"PUESTO DE SALUD CCACCAS","departamento":"AYACUCHO","provincia":"HUANTA","distrito":"HUANTA","institucion":"GOBIERNO REGIONAL","codigoMinsa":3657,"direccion":"PLAZA PLAZA PRINCIPAL DE CCACCAS DISTRITO HUANTA PROVINCIA HUANTA DEPARTAMENTO AYACUCHO","disa":"AYACUCHO","red":"HUANTA","microrred":"HUANTA","categoria":"ESTABLECIMIENTO DE SALUD SIN INTERNAMIENTO","condicion":"ACTIVO","actualizado":"2023/08/01 19:00:00.000","fuente":"MINSA","urlRenipr":"http://app20.susalud.gob.pe:8080/registro-renipress-webapp/ipress.htm?action=mostrarVer&idipress=00003657"}},{"type":"Feature","geometry":{"type":"Point","coordinates":[-73.89052499999997,-13.227059999999938]},"properties":{"objectid":5737,"nombre":"PAMPAS","departamento":"AYACUCHO","provincia":"LA MAR","distrito":"LUIS CARRANZA","institucion":"GOBIERNO REGIONAL","codigoMinsa":3781,"direccion":"PLAZA A 05 CUADRAS DE LA PLAZA PRINCIPAL DE PAMPAS DISTRITO LUIS CARRANZA PROVINCIA LA MAR DEPARTAMENTO AYACUCHO","disa":"AYACUCHO","red":"SAN MIGUEL","microrred":"NINABAMBA","categoria":"ESTABLECIMIENTO DE SALUD SIN INTERNAMIENTO","condicion":"ACTIVO","actualizado":"2023/08/01 19:00:00.000","fuente":"MINSA","urlRenipr":"http://app20.susalud.gob.pe:8080/registro-renipress-webapp/ipress.htm?action=mostrarVer&idipress=00003781"}},{"type":"Feature","geometry":{"type":"Point","coordinates":[-74.23280242999994,-13.12992681999998]},"properties":{"objectid":5738,"nombre":"MOLLEPATA","departamento":"AYACUCHO","provincia":"HUAMANGA","distrito":"AYACUCHO","institucion":"GOBIERNO REGIONAL","codigoMinsa":6898,"direccion":"OTROS COMUNIDAD DE MOLLEPATA COMUNIDAD DE MOLLEPATA AYACUCHO HUAMANGA AYACUCHO","disa":"AYACUCHO","red":"HUAMANGA","microrred":"LICENCIADOS","categoria":"ESTABLECIMIENTO DE SALUD SIN INTERNAMIENTO","condicion":"ACTIVO","actualizado":"2023/08/01 19:00:00.000","fuente":"MINSA","urlRenipr":"http://app20.susalud.gob.pe:8080/registro-renipress-webapp/ipress.htm?action=mostrarVer&idipress=00006898"}},{"type":"Feature","geometry":{"type":"Point","coordinates":[-74.37414109999997,-12.519624669999928]},"properties":{"objectid":5742,"nombre":"PUESTO DE SALUD PAMPA CCORIS","departamento":"AYACUCHO","provincia":"HUANTA","distrito":"AYAHUANCO","institucion":"GOBIERNO REGIONAL","codigoMinsa":3675,"direccion":"PLAZA PLAZA PRINCIPAL DE PAMPA CORIS DISTRITO AYAHUANCO PROVINCIA HUANTA DEPARTAMENTO AYACUCHO","disa":"AYACUCHO","red":"HUANTA","microrred":"VIRACOCHAN","categoria":"ESTABLECIMIENTO DE SALUD SIN INTERNAMIENTO","condicion":"ACTIVO","actualizado":"2023/08/01 19:00:00.000","fuente":"MINSA","urlRenipr":"http://app20.susalud.gob.pe:8080/registro-renipress-webapp/ipress.htm?action=mostrarVer&idipress=00003675"}},{"type":"Feature","geometry":{"type":"Point","coordinates":[-73.93127286999999,-13.750026759999969]},"properties":{"objectid":5743,"nombre":"PUESTO DE SALUD HUAMBALPA","departamento":"AYACUCHO","provincia":"VILCAS HUAMAN","distrito":"HUAMBALPA","institucion":"GOBIERNO REGIONAL","codigoMinsa":6605,"direccion":"OTROS BARRIO CARMEN ALTO S/N NÚMERO S/N DISTRITO HUAMBALPA PROVINCIA VILCAS HUAMAN DEPARTAMENTO AYACUCHO","disa":"AYACUCHO","red":"AYACUCHO CENTRO","microrred":"VILCASHUAMAN","categoria":"ESTABLECIMIENTO DE SALUD SIN INTERNAMIENTO","condicion":"ACTIVO","actualizado":"2023/08/01 19:00:00.000","fuente":"MINSA","urlRenipr":"http://app20.susalud.gob.pe:8080/registro-renipress-webapp/ipress.htm?action=mostrarVer&idipress=00006605"}},{"type":"Feature","geometry":{"type":"Point","coordinates":[-73.28609999999998,-13.432239999999979]},"properties":{"objectid":5745,"nombre":"PUESTO DE SALUD ARANHUAY","departamento":"AYACUCHO","provincia":"HUANTA","distrito":"SANTILLANA","institucion":"GOBIERNO REGIONAL","codigoMinsa":3668,"direccion":"PLAZA PLAZA PRINCIPAL DE ARANHUAY DISTRITO SANTILLANA PROVINCIA HUANTA DEPARTAMENTO AYACUCHO","disa":"AYACUCHO","red":"HUANTA","microrred":"SAN JOSE DE SECCE","categoria":"ESTABLECIMIENTO DE SALUD SIN INTERNAMIENTO","condicion":"ACTIVO","actualizado":"2023/08/01 19:00:00.000","fuente":"MINSA","urlRenipr":"http://app20.susalud.gob.pe:8080/registro-renipress-webapp/ipress.htm?action=mostrarVer&idipress=00003668"}},{"type":"Feature","geometry":{"type":"Point","coordinates":[-74.25808166999997,-12.769429999999943]},"properties":{"objectid":5746,"nombre":"CENTRO DE SALUD SAN JOSE DE SECCE","departamento":"AYACUCHO","provincia":"HUANTA","distrito":"SANTILLANA","institucion":"GOBIERNO REGIONAL","codigoMinsa":3667,"direccion":"PLAZA DE SAN JOSE DE SECCE NÚMERO S/N DISTRITO SANTILLANA PROVINCIA HUANTA DEPARTAMENTO AYACUCHO","disa":"AYACUCHO","red":"HUANTA","microrred":"SAN JOSE DE SECCE","categoria":"ESTABLECIMIENTO DE SALUD CON INTERNAMIENTO","condicion":"ACTIVO","actualizado":"2023/08/01 19:00:00.000","fuente":"MINSA","urlRenipr":"http://app20.susalud.gob.pe:8080/registro-renipress-webapp/ipress.htm?action=mostrarVer&idipress=00003667"}},{"type":"Feature","geometry":{"type":"Point","coordinates":[-73.82442610999993,-13.65944210999993]},"properties":{"objectid":5747,"nombre":"PUESTO DE SALUD SAN FRANCISCO DE PUJAS","departamento":"AYACUCHO","provincia":"VILCAS HUAMAN","distrito":"VILCAS HUAMAN","institucion":"GOBIERNO REGIONAL","codigoMinsa":3850,"direccion":"PLAZA PLAZA NUEVA S/N - PUJAS NÚMERO S/N DISTRITO VILCAS HUAMAN PROVINCIA VILCAS HUAMAN DEPARTAMENTO AYACUCHO","disa":"AYACUCHO","red":"AYACUCHO CENTRO","microrred":"VILCASHUAMAN","categoria":"ESTABLECIMIENTO DE SALUD SIN INTERNAMIENTO","condicion":"ACTIVO","actualizado":"2023/08/01 19:00:00.000","fuente":"MINSA","urlRenipr":"http://app20.susalud.gob.pe:8080/registro-renipress-webapp/ipress.htm?action=mostrarVer&idipress=00003850"}},{"type":"Feature","geometry":{"type":"Point","coordinates":[-73.84550315999996,-13.798536799999965]},"properties":{"objectid":5749,"nombre":"PUESTO DE SALUD PONGOCOCHA","departamento":"AYACUCHO","provincia":"VILCAS HUAMAN","distrito":"ACCOMARCA","institucion":"GOBIERNO REGIONAL","codigoMinsa":3843,"direccion":"OTROS PONGOCOCHA DISTRITO ACCOMARCA PROVINCIA VILCAS HUAMAN DEPARTAMENTO AYACUCHO","disa":"AYACUCHO","red":"AYACUCHO CENTRO","microrred":"VILCASHUAMAN","categoria":"ESTABLECIMIENTO DE SALUD SIN INTERNAMIENTO","condicion":"ACTIVO","actualizado":"2023/08/01 19:00:00.000","fuente":"MINSA","urlRenipr":"http://app20.susalud.gob.pe:8080/registro-renipress-webapp/ipress.htm?action=mostrarVer&idipress=00003843"}},{"type":"Feature","geometry":{"type":"Point","coordinates":[-74.06702114999996,-13.749435569999946]},"properties":{"objectid":5750,"nombre":"CENTRO DE SALUD HUANCAPI","departamento":"AYACUCHO","provincia":"VICTOR FAJARDO","distrito":"HUANCAPI","institucion":"GOBIERNO REGIONAL","codigoMinsa":3834,"direccion":"JIRÓN ALAMEDA NÚMERO 185 DISTRITO HUANCAPI PROVINCIA VICTOR FAJARDO DEPARTAMENTO AYACUCHO","disa":"AYACUCHO","red":"AYACUCHO CENTRO","microrred":"VICTOR FAJARDO","categoria":"ESTABLECIMIENTO DE SALUD SIN INTERNAMIENTO","condicion":"ACTIVO","actualizado":"2023/08/01 19:00:00.000","fuente":"MINSA","urlRenipr":"http://app20.susalud.gob.pe:8080/registro-renipress-webapp/ipress.htm?action=mostrarVer&idipress=00003834"}},{"type":"Feature","geometry":{"type":"Point","coordinates":[-74.29556646999998,-13.165387039999928]},"properties":{"objectid":5751,"nombre":"SANTA ROSA DE COCHABAMBA","departamento":"AYACUCHO","provincia":"HUAMANGA","distrito":"SOCOS","institucion":"GOBIERNO REGIONAL","codigoMinsa":3620,"direccion":"PLAZA PLAZA PRINCIPAL DISTRITO SOCOS PROVINCIA HUAMANGA DEPARTAMENTO AYACUCHO","disa":"AYACUCHO","red":"HUAMANGA","microrred":"SOCOS","categoria":"ESTABLECIMIENTO DE SALUD SIN INTERNAMIENTO","condicion":"ACTIVO","actualizado":"2023/08/01 19:00:00.000","fuente":"MINSA","urlRenipr":"http://app20.susalud.gob.pe:8080/registro-renipress-webapp/ipress.htm?action=mostrarVer&idipress=00003620"}},{"type":"Feature","geometry":{"type":"Point","coordinates":[-73.72541499999994,-13.884911669999951]},"properties":{"objectid":5752,"nombre":"PUESTO DE SALUD CHILCAYOCC","departamento":"AYACUCHO","provincia":"SUCRE","distrito":"CHILCAYOC","institucion":"GOBIERNO REGIONAL","codigoMinsa":3805,"direccion":"PLAZA PLAZA PRINCIPAL DISTRITO CHILCAYOC PROVINCIA SUCRE DEPARTAMENTO AYACUCHO","disa":"AYACUCHO","red":"AYACUCHO CENTRO","microrred":"SUCRE","categoria":"ESTABLECIMIENTO DE SALUD SIN INTERNAMIENTO","condicion":"ACTIVO","actualizado":"2023/08/01 19:00:00.000","fuente":"MINSA","urlRenipr":"http://app20.susalud.gob.pe:8080/registro-renipress-webapp/ipress.htm?action=mostrarVer&idipress=00003805"}},{"type":"Feature","geometry":{"type":"Point","coordinates":[-73.90636499999994,-13.169328329999928]},"properties":{"objectid":5753,"nombre":"PUESTO DE SALUD CHILCAS","departamento":"AYACUCHO","provincia":"LA MAR","distrito":"CHILCAS","institucion":"GOBIERNO REGIONAL","codigoMinsa":3779,"direccion":"OTROS A 01 CUADRA DE LA I.E. RAMIRO PRIALE DISTRITO CHILCAS PROVINCIA LA MAR DEPARTAMENTO AYACUCHO","disa":"AYACUCHO","red":"SAN MIGUEL","microrred":"NINABAMBA","categoria":"ESTABLECIMIENTO DE SALUD SIN INTERNAMIENTO","condicion":"ACTIVO","actualizado":"2023/08/01 19:00:00.000","fuente":"MINSA","urlRenipr":"http://app20.susalud.gob.pe:8080/registro-renipress-webapp/ipress.htm?action=mostrarVer&idipress=00003779"}},{"type":"Feature","geometry":{"type":"Point","coordinates":[-74.31334166999994,-13.60465666999994]},"properties":{"objectid":5756,"nombre":"PUESTO DE SALUD CANCHA CANCHA","departamento":"AYACUCHO","provincia":"CANGALLO","distrito":"CHUSCHI","institucion":"GOBIERNO REGIONAL","codigoMinsa":3504,"direccion":"JIRÓN JR. POCKRA S/N CANCHACANCHA NÚMERO S/N DISTRITO CHUSCHI PROVINCIA CANGALLO DEPARTAMENTO AYACUCHO","disa":"AYACUCHO","red":"AYACUCHO CENTRO","microrred":"POMABAMBA","categoria":"ESTABLECIMIENTO DE SALUD SIN INTERNAMIENTO","condicion":"ACTIVO","actualizado":"2023/08/01 19:00:00.000","fuente":"MINSA","urlRenipr":"http://app20.susalud.gob.pe:8080/registro-renipress-webapp/ipress.htm?action=mostrarVer&idipress=00003504"}},{"type":"Feature","geometry":{"type":"Point","coordinates":[-74.12484165999996,-14.694426969999938]},"properties":{"objectid":5829,"nombre":"POLICLINICO \"VIRGEN DE CHAPI\"","departamento":"AYACUCHO","provincia":"LUCANAS","distrito":"PUQUIO","institucion":"PRIVADO","codigoMinsa":30114,"direccion":"JIRÓN SANCOS NÚMERO 249 DISTRITO PUQUIO PROVINCIA LUCANAS DEPARTAMENTO AYACUCHO","disa":"AYACUCHO","red":"","microrred":"","categoria":"ESTABLECIMIENTO DE SALUD SIN INTERNAMIENTO","condicion":"ACTIVO","actualizado":"2023/08/01 19:00:00.000","fuente":"MINSA","urlRenipr":"http://app20.susalud.gob.pe:8080/registro-renipress-webapp/ipress.htm?action=mostrarVer&idipress=00030114"}},{"type":"Feature","geometry":{"type":"Point","coordinates":[-73.78137046999996,-15.017480769999963]},"properties":{"objectid":5848,"nombre":"CORACORA","departamento":"AYACUCHO","provincia":"PARINACOCHAS","distrito":"CORACORA","institucion":"ESSALUD","codigoMinsa":11443,"direccion":"JIRÓN JR. BOLOGNESI Nº 608 DISTRITO CORACORA PROVINCIA PARINACOCHAS DEPARTAMENTO AYACUCHO","disa":"AYACUCHO","red":"NO PERTENECE A NINGUNA RED","microrred":"NO PERTENECE A NINGUNA MICRORED","categoria":"ESTABLECIMIENTO DE SALUD SIN INTERNAMIENTO","condicion":"ACTIVO","actualizado":"2023/08/01 19:00:00.000","fuente":"MINSA","urlRenipr":"http://app20.susalud.gob.pe:8080/registro-renipress-webapp/ipress.htm?action=mostrarVer&idipress=00011443"}},{"type":"Feature","geometry":{"type":"Point","coordinates":[-74.06538372999995,-13.753557479999927]},"properties":{"objectid":5849,"nombre":"HUANCAPI","departamento":"AYACUCHO","provincia":"VICTOR FAJARDO","distrito":"HUANCAPI","institucion":"ESSALUD","codigoMinsa":11433,"direccion":"JIRÓN URRIOLA NÚMERO 394 DISTRITO HUANCAPI PROVINCIA VICTOR FAJARDO DEPARTAMENTO AYACUCHO","disa":"AYACUCHO","red":"NO PERTENECE A NINGUNA RED","microrred":"NO PERTENECE A NINGUNA MICRORED","categoria":"ESTABLECIMIENTO DE SALUD SIN INTERNAMIENTO","condicion":"ACTIVO","actualizado":"2023/08/01 19:00:00.000","fuente":"MINSA","urlRenipr":"http://app20.susalud.gob.pe:8080/registro-renipress-webapp/ipress.htm?action=mostrarVer&idipress=00011433"}},{"type":"Feature","geometry":{"type":"Point","coordinates":[-74.20032309999993,-13.156069899999977]},"properties":{"objectid":6008,"nombre":"POLICLINICO ONCOLABS","departamento":"AYACUCHO","provincia":"HUAMANGA","distrito":"ANDRES AVELINO CACERES DORREGARAY","institucion":"PRIVADO","codigoMinsa":31695,"direccion":"JIRÓN LAS CASUARINAS NÚMERO 419 DISTRITO ANDRES AVELINO CACERES D. PROVINCIA HUAMANGA DEPARTAMENTO AYACUCHO","disa":"AYACUCHO","red":"","microrred":"","categoria":"ESTABLECIMIENTO DE SALUD SIN INTERNAMIENTO","condicion":"ACTIVO","actualizado":"2023/08/01 19:00:00.000","fuente":"MINSA","urlRenipr":"http://app20.susalud.gob.pe:8080/registro-renipress-webapp/ipress.htm?action=mostrarVer&idipress=00031695"}},{"type":"Feature","geometry":{"type":"Point","coordinates":[-73.65360499999997,-12.767889999999966]},"properties":{"objectid":6011,"nombre":"CENTRO DE SALUD PALMAPAMPA","departamento":"AYACUCHO","provincia":"LA MAR","distrito":"SAMUGARI","institucion":"GOBIERNO REGIONAL","codigoMinsa":3749,"direccion":"OTROS 15 DE OCTUBRE PALMAPAMPA MZ.N LTE.1 NÚMERO S/N DISTRITO SAMUGARI PROVINCIA LA MAR DEPARTAMENTO AYACUCHO","disa":"AYACUCHO","red":"SAN FRANCISCO","microrred":"PALMAPAMPA","categoria":"ESTABLECIMIENTO DE SALUD CON INTERNAMIENTO","condicion":"ACTIVO","actualizado":"2023/08/01 19:00:00.000","fuente":"MINSA","urlRenipr":"http://app20.susalud.gob.pe:8080/registro-renipress-webapp/ipress.htm?action=mostrarVer&idipress=00003749"}},{"type":"Feature","geometry":{"type":"Point","coordinates":[-74.22610951999997,-13.164077409999948]},"properties":{"objectid":6024,"nombre":"POLICLINICO SAN CRISTOBAL S.A.C.","departamento":"AYACUCHO","provincia":"HUAMANGA","distrito":"AYACUCHO","institucion":"PRIVADO","codigoMinsa":29153,"direccion":"JIRÓN DOS DE MAYO NÚMERO 350 DISTRITO AYACUCHO PROVINCIA HUAMANGA DEPARTAMENTO AYACUCHO","disa":"","red":"","microrred":"","categoria":"ESTABLECIMIENTO DE SALUD SIN INTERNAMIENTO","condicion":"RUC INACTIVO EN SUNAT","actualizado":"2023/08/01 19:00:00.000","fuente":"MINSA","urlRenipr":"http://app20.susalud.gob.pe:8080/registro-renipress-webapp/ipress.htm?action=mostrarVer&idipress=00029153"}},{"type":"Feature","geometry":{"type":"Point","coordinates":[-74.22356409999998,-13.163873699999954]},"properties":{"objectid":6058,"nombre":"Diagnostico por Imagenes Ayacucho","departamento":"AYACUCHO","provincia":"HUAMANGA","distrito":"AYACUCHO","institucion":"PRIVADO","codigoMinsa":27872,"direccion":"URBANIZACIÓN Mariscal caceres PISO 2 INTERIOR 2 MANZANA A LOTE 38 DISTRITO AYACUCHO PROVINCIA HUAMANGA DEPARTAMENTO AYACUCHO","disa":"","red":"","microrred":"","categoria":"SERVICIO MÉDICO DE APOYO","condicion":"RUC INACTIVO EN SUNAT","actualizado":"2023/08/01 19:00:00.000","fuente":"MINSA","urlRenipr":"http://app20.susalud.gob.pe:8080/registro-renipress-webapp/ipress.htm?action=mostrarVer&idipress=00027872"}},{"type":"Feature","geometry":{"type":"Point","coordinates":[-74.22343534999999,-13.152528089999976]},"properties":{"objectid":6111,"nombre":"POLICLINICO DE LA SOLIDARIDAD AYACUCHO","departamento":"AYACUCHO","provincia":"HUAMANGA","distrito":"AYACUCHO","institucion":"PRIVADO","codigoMinsa":28913,"direccion":"AVENIDA AV. INDEPENDENCIA N° 257 NÚMERO 257 DISTRITO AYACUCHO PROVINCIA HUAMANGA DEPARTAMENTO AYACUCHO","disa":"AYACUCHO","red":"NO PERTENECE A NINGUNA RED","microrred":"NO PERTENECE A NINGUNA MICRORED","categoria":"ESTABLECIMIENTO DE SALUD SIN INTERNAMIENTO","condicion":"ACTIVO","actualizado":"2023/08/01 19:00:00.000","fuente":"MINSA","urlRenipr":"http://app20.susalud.gob.pe:8080/registro-renipress-webapp/ipress.htm?action=mostrarVer&idipress=00028913"}},{"type":"Feature","geometry":{"type":"Point","coordinates":[-74.37212677999997,-13.28191320999997]},"properties":{"objectid":6198,"nombre":"QASANCCAY","departamento":"AYACUCHO","provincia":"HUAMANGA","distrito":"VINCHOS","institucion":"GOBIERNO REGIONAL","codigoMinsa":30156,"direccion":"CALLE PRINCIPAL DE QASANCCAY NÚMERO S/N DISTRITO VINCHOS PROVINCIA HUAMANGA DEPARTAMENTO AYACUCHO","disa":"AYACUCHO","red":"HUAMANGA","microrred":"VINCHOS","categoria":"ESTABLECIMIENTO DE SALUD SIN INTERNAMIENTO","condicion":"ACTIVO","actualizado":"2023/08/01 19:00:00.000","fuente":"MINSA","urlRenipr":"http://app20.susalud.gob.pe:8080/registro-renipress-webapp/ipress.htm?action=mostrarVer&idipress=00030156"}},{"type":"Feature","geometry":{"type":"Point","coordinates":[-73.80778169999996,-12.618289599999969]},"properties":{"objectid":7018,"nombre":"CENTRO MEDICO SAN CRISTOBAL","departamento":"AYACUCHO","provincia":"LA MAR","distrito":"AYNA","institucion":"PRIVADO","codigoMinsa":17154,"direccion":"JIRÓN JR. MARAÑON S/N - SAN FRANCISCO NÚMERO S/N DISTRITO AYNA PROVINCIA LA MAR DEPARTAMENTO AYACUCHO","disa":"AYACUCHO","red":"NO PERTENECE A NINGUNA RED","microrred":"NO PERTENECE A NINGUNA MICRORED","categoria":"ESTABLECIMIENTO DE SALUD SIN INTERNAMIENTO","condicion":"ACTIVO","actualizado":"2023/08/01 19:00:00.000","fuente":"MINSA","urlRenipr":"http://app20.susalud.gob.pe:8080/registro-renipress-webapp/ipress.htm?action=mostrarVer&idipress=00017154"}},{"type":"Feature","geometry":{"type":"Point","coordinates":[-74.22340011999995,-13.16315396999994]},"properties":{"objectid":7062,"nombre":"COMISIÓN DE SALUD MENTAL DE AYACUCHO - COSMA","departamento":"AYACUCHO","provincia":"HUAMANGA","distrito":"AYACUCHO","institucion":"PRIVADO","codigoMinsa":12257,"direccion":"JIRÓN JR.SOL Nº 637 DISTRITO AYACUCHO PROVINCIA HUAMANGA DEPARTAMENTO AYACUCHO","disa":"","red":"","microrred":"","categoria":"ESTABLECIMIENTO DE SALUD SIN INTERNAMIENTO","condicion":"RUC INACTIVO EN SUNAT","actualizado":"2023/08/01 19:00:00.000","fuente":"MINSA","urlRenipr":"http://app20.susalud.gob.pe:8080/registro-renipress-webapp/ipress.htm?action=mostrarVer&idipress=00012257"}},{"type":"Feature","geometry":{"type":"Point","coordinates":[-74.22508454999996,-13.157397639999942]},"properties":{"objectid":7465,"nombre":"RADIOLOGIA ORAL Y MAXILOFACIAL","departamento":"AYACUCHO","provincia":"HUAMANGA","distrito":"AYACUCHO","institucion":"PRIVADO","codigoMinsa":28579,"direccion":"AVENIDA Mariscal Caceres NÚMERO 1038 PISO 2 DISTRITO AYACUCHO PROVINCIA HUAMANGA DEPARTAMENTO AYACUCHO","disa":"AYACUCHO","red":"NO PERTENECE A NINGUNA RED","microrred":"NO PERTENECE A NINGUNA MICRORED","categoria":"SERVICIO MÉDICO DE APOYO","condicion":"ACTIVO","actualizado":"2023/08/01 19:00:00.000","fuente":"MINSA","urlRenipr":"http://app20.susalud.gob.pe:8080/registro-renipress-webapp/ipress.htm?action=mostrarVer&idipress=00028579"}},{"type":"Feature","geometry":{"type":"Point","coordinates":[-74.05929678999996,-12.832329219999963]},"properties":{"objectid":7757,"nombre":"PUESTO DE SALUD IQUICHA","departamento":"AYACUCHO","provincia":"HUANTA","distrito":"UCHURACCAY","institucion":"GOBIERNO REGIONAL","codigoMinsa":10366,"direccion":"PLAZA PLAZA PRINCIPAL DE IQUICHA NÚMERO S/N DISTRITO UCHURACCAY PROVINCIA HUANTA DEPARTAMENTO AYACUCHO","disa":"AYACUCHO","red":"HUANTA","microrred":"SAN JOSE DE SECCE","categoria":"ESTABLECIMIENTO DE SALUD SIN INTERNAMIENTO","condicion":"ACTIVO","actualizado":"2023/08/01 19:00:00.000","fuente":"MINSA","urlRenipr":"http://app20.susalud.gob.pe:8080/registro-renipress-webapp/ipress.htm?action=mostrarVer&idipress=00010366"}},{"type":"Feature","geometry":{"type":"Point","coordinates":[-74.01786499999997,-12.457258329999945]},"properties":{"objectid":7758,"nombre":"CHONGOS CARMEN PAMPA","departamento":"AYACUCHO","provincia":"HUANTA","distrito":"LLOCHEGUA","institucion":"GOBIERNO REGIONAL","codigoMinsa":6912,"direccion":"PLAZA PLAZA PRINCIPAL DISTRITO LLOCHEGUA PROVINCIA HUANTA DEPARTAMENTO AYACUCHO","disa":"AYACUCHO","red":"SAN FRANCISCO","microrred":"LLOCHEGUA","categoria":"ESTABLECIMIENTO DE SALUD SIN INTERNAMIENTO","condicion":"ACTIVO","actualizado":"2023/08/01 19:00:00.000","fuente":"MINSA","urlRenipr":"http://app20.susalud.gob.pe:8080/registro-renipress-webapp/ipress.htm?action=mostrarVer&idipress=00006912"}},{"type":"Feature","geometry":{"type":"Point","coordinates":[-74.11954332999994,-14.686416669999971]},"properties":{"objectid":7759,"nombre":"HOSPITAL DE APOYO DE PUQUIO \"FELIPE HUAMÁN POMA DE AYALA\"","departamento":"AYACUCHO","provincia":"LUCANAS","distrito":"PUQUIO","institucion":"GOBIERNO REGIONAL","codigoMinsa":3727,"direccion":"AVENIDA AV. ARNALDO ALVARADO DE GREGORY Nº 969 - PUQUIO AV. ARNALDO ALVARADO DE GREGORY Nº 969 - PUQUIO PUQUIO LUCANAS AYACUCHO","disa":"AYACUCHO","red":"LUCANAS","microrred":"NO PERTENECE A NINGUNA MICRORED","categoria":"ESTABLECIMIENTO DE SALUD CON INTERNAMIENTO","condicion":"ACTIVO","actualizado":"2023/08/01 19:00:00.000","fuente":"MINSA","urlRenipr":"http://app20.susalud.gob.pe:8080/registro-renipress-webapp/ipress.htm?action=mostrarVer&idipress=00003727"}},{"type":"Feature","geometry":{"type":"Point","coordinates":[-73.84924499999994,-13.080821669999978]},"properties":{"objectid":7760,"nombre":"CENTRO DE SALUD SACHARACCAY","departamento":"AYACUCHO","provincia":"LA MAR","distrito":"ANCO","institucion":"GOBIERNO REGIONAL","codigoMinsa":3790,"direccion":"OTROS AL LADO DE LA I.E.P. DE SACHARACCAY NÚMERO S/N DISTRITO ANCO PROVINCIA LA MAR DEPARTAMENTO AYACUCHO","disa":"AYACUCHO","red":"SAN MIGUEL","microrred":"SACHARACCAY","categoria":"ESTABLECIMIENTO DE SALUD SIN INTERNAMIENTO","condicion":"ACTIVO","actualizado":"2023/08/01 19:00:00.000","fuente":"MINSA","urlRenipr":"http://app20.susalud.gob.pe:8080/registro-renipress-webapp/ipress.htm?action=mostrarVer&idipress=00003790"}},{"type":"Feature","geometry":{"type":"Point","coordinates":[-73.85106003999994,-13.423145079999927]},"properties":{"objectid":7761,"nombre":"NIÑO JESUS DE PAJONAL","departamento":"AYACUCHO","provincia":"HUAMANGA","distrito":"OCROS","institucion":"GOBIERNO REGIONAL","codigoMinsa":3582,"direccion":"OTROS COMUNIDAD DE PAJONAL DISTRITO OCROS PROVINCIA HUAMANGA DEPARTAMENTO AYACUCHO","disa":"AYACUCHO","red":"HUAMANGA","microrred":"OCROS","categoria":"ESTABLECIMIENTO DE SALUD SIN INTERNAMIENTO","condicion":"ACTIVO","actualizado":"2023/08/01 19:00:00.000","fuente":"MINSA","urlRenipr":"http://app20.susalud.gob.pe:8080/registro-renipress-webapp/ipress.htm?action=mostrarVer&idipress=00003582"}},{"type":"Feature","geometry":{"type":"Point","coordinates":[-73.78953999999999,-12.624218329999962]},"properties":{"objectid":7762,"nombre":"HOSPITAL DE APOYO SAN FRANCISCO","departamento":"AYACUCHO","provincia":"LA MAR","distrito":"AYNA","institucion":"GOBIERNO REGIONAL","codigoMinsa":3754,"direccion":"AVENIDA AV. HUANTA S/N S/N AV. HUANTA S/N AYNA LA MAR AYACUCHO","disa":"AYACUCHO","red":"SAN FRANCISCO","microrred":"NO PERTENECE A NINGUNA MICRORED","categoria":"ESTABLECIMIENTO DE SALUD CON INTERNAMIENTO","condicion":"ACTIVO","actualizado":"2023/08/01 19:00:00.000","fuente":"MINSA","urlRenipr":"http://app20.susalud.gob.pe:8080/registro-renipress-webapp/ipress.htm?action=mostrarVer&idipress=00003754"}},{"type":"Feature","geometry":{"type":"Point","coordinates":[-73.34839832999995,-15.186474999999973]},"properties":{"objectid":7763,"nombre":"PUESTO DE SALUD LAMPA","departamento":"AYACUCHO","provincia":"PAUCAR DEL SARA SARA","distrito":"LAMPA","institucion":"GOBIERNO REGIONAL","codigoMinsa":3693,"direccion":"CALLE CALLE COMERCIO S/N NÚMERO S/N DISTRITO LAMPA PROVINCIA PAUCAR DEL SARA SARA DEPARTAMENTO AYACUCHO","disa":"AYACUCHO","red":"CORACORA","microrred":"PAUSA","categoria":"ESTABLECIMIENTO DE SALUD SIN INTERNAMIENTO","condicion":"ACTIVO","actualizado":"2023/08/01 19:00:00.000","fuente":"MINSA","urlRenipr":"http://app20.susalud.gob.pe:8080/registro-renipress-webapp/ipress.htm?action=mostrarVer&idipress=00003693"}},{"type":"Feature","geometry":{"type":"Point","coordinates":[-73.57375332999999,-14.165638329999979]},"properties":{"objectid":7764,"nombre":"SAN PEDRO DE LARCAY","departamento":"AYACUCHO","provincia":"SUCRE","distrito":"SAN PEDRO DE LARCAY","institucion":"GOBIERNO REGIONAL","codigoMinsa":3815,"direccion":"PLAZA PLAZA PRINCIPAL DE LARCAY S/N NÚMERO S/N DISTRITO SAN PEDRO DE LARCAY PROVINCIA SUCRE DEPARTAMENTO AYACUCHO","disa":"AYACUCHO","red":"AYACUCHO CENTRO","microrred":"SUCRE","categoria":"ESTABLECIMIENTO DE SALUD SIN INTERNAMIENTO","condicion":"ACTIVO","actualizado":"2023/08/01 19:00:00.000","fuente":"MINSA","urlRenipr":"http://app20.susalud.gob.pe:8080/registro-renipress-webapp/ipress.htm?action=mostrarVer&idipress=00003815"}},{"type":"Feature","geometry":{"type":"Point","coordinates":[-74.67231332999995,-14.379991669999981]},"properties":{"objectid":7765,"nombre":"PUESTO DE SALUD SONCONCHE","departamento":"AYACUCHO","provincia":"LUCANAS","distrito":"OCAÑA","institucion":"GOBIERNO REGIONAL","codigoMinsa":3686,"direccion":"CALLE CALLE PRINCIPAL S/N NÚMERO S/N DISTRITO OCAÑA PROVINCIA LUCANAS DEPARTAMENTO AYACUCHO","disa":"AYACUCHO","red":"LUCANAS","microrred":"OCAÑA","categoria":"ESTABLECIMIENTO DE SALUD SIN INTERNAMIENTO","condicion":"ACTIVO","actualizado":"2023/08/01 19:00:00.000","fuente":"MINSA","urlRenipr":"http://app20.susalud.gob.pe:8080/registro-renipress-webapp/ipress.htm?action=mostrarVer&idipress=00003686"}},{"type":"Feature","geometry":{"type":"Point","coordinates":[-74.17549166999999,-13.01059166999994]},"properties":{"objectid":7766,"nombre":"CENTRO DE SALUD HUAMANGUILLA","departamento":"AYACUCHO","provincia":"HUANTA","distrito":"HUAMANGUILLA","institucion":"GOBIERNO REGIONAL","codigoMinsa":3650,"direccion":"AVENIDA AV.AYACUCHO S/N NÚMERO S/N DISTRITO HUAMANGUILLA PROVINCIA HUANTA DEPARTAMENTO AYACUCHO","disa":"AYACUCHO","red":"HUANTA","microrred":"HUAMANGUILLA","categoria":"ESTABLECIMIENTO DE SALUD SIN INTERNAMIENTO","condicion":"ACTIVO","actualizado":"2023/08/01 19:00:00.000","fuente":"MINSA","urlRenipr":"http://app20.susalud.gob.pe:8080/registro-renipress-webapp/ipress.htm?action=mostrarVer&idipress=00003650"}},{"type":"Feature","geometry":{"type":"Point","coordinates":[-73.99146919999998,-13.79279331999993]},"properties":{"objectid":7767,"nombre":"PUESTO DE SALUD CAYARA","departamento":"AYACUCHO","provincia":"VICTOR FAJARDO","distrito":"CAYARA","institucion":"GOBIERNO REGIONAL","codigoMinsa":3828,"direccion":"JIRÓN JR. REAL S/N NÚMERO S/N DISTRITO CAYARA PROVINCIA VICTOR FAJARDO DEPARTAMENTO AYACUCHO","disa":"AYACUCHO","red":"AYACUCHO CENTRO","microrred":"VICTOR FAJARDO","categoria":"ESTABLECIMIENTO DE SALUD SIN INTERNAMIENTO","condicion":"ACTIVO","actualizado":"2023/08/01 19:00:00.000","fuente":"MINSA","urlRenipr":"http://app20.susalud.gob.pe:8080/registro-renipress-webapp/ipress.htm?action=mostrarVer&idipress=00003828"}},{"type":"Feature","geometry":{"type":"Point","coordinates":[-73.90488463999998,-13.926339439999936]},"properties":{"objectid":7768,"nombre":"CENTRO DE SALUD CANARIA","departamento":"AYACUCHO","provincia":"VICTOR FAJARDO","distrito":"CANARIA","institucion":"GOBIERNO REGIONAL","codigoMinsa":3824,"direccion":"JIRÓN JR. AYACUCHO S/N NÚMERO S/N DISTRITO CANARIA PROVINCIA VICTOR FAJARDO DEPARTAMENTO AYACUCHO","disa":"AYACUCHO","red":"AYACUCHO CENTRO","microrred":"VICTOR FAJARDO","categoria":"ESTABLECIMIENTO DE SALUD SIN INTERNAMIENTO","condicion":"ACTIVO","actualizado":"2023/08/01 19:00:00.000","fuente":"MINSA","urlRenipr":"http://app20.susalud.gob.pe:8080/registro-renipress-webapp/ipress.htm?action=mostrarVer&idipress=00003824"}},{"type":"Feature","geometry":{"type":"Point","coordinates":[-73.87359499999997,-14.111876669999958]},"properties":{"objectid":7770,"nombre":"PUESTO DE SALUD MORCOLLA","departamento":"AYACUCHO","provincia":"SUCRE","distrito":"MORCOLLA","institucion":"GOBIERNO REGIONAL","codigoMinsa":3810,"direccion":"JIRÓN JR. TUPAC AMRU S/N NÚMERO S/N DISTRITO MORCOLLA PROVINCIA SUCRE DEPARTAMENTO AYACUCHO","disa":"AYACUCHO","red":"AYACUCHO CENTRO","microrred":"SUCRE","categoria":"ESTABLECIMIENTO DE SALUD SIN INTERNAMIENTO","condicion":"ACTIVO","actualizado":"2023/08/01 19:00:00.000","fuente":"MINSA","urlRenipr":"http://app20.susalud.gob.pe:8080/registro-renipress-webapp/ipress.htm?action=mostrarVer&idipress=00003810"}},{"type":"Feature","geometry":{"type":"Point","coordinates":[-73.94265999999999,-13.062416669999948]},"properties":{"objectid":7772,"nombre":"PATIBAMBA","departamento":"AYACUCHO","provincia":"LA MAR","distrito":"SAN MIGUEL","institucion":"GOBIERNO REGIONAL","codigoMinsa":3795,"direccion":"PLAZA A 02 CUADRAS DE LA PLAZA PRINCIPAL DE PATIBAMBA A 02 CUADRAS DE LA PLAZA PRINCIPAL DE PATIBAMBA SAN MIGUEL LA MAR AYACUCHO","disa":"AYACUCHO","red":"SAN MIGUEL","microrred":"NINABAMBA","categoria":"ESTABLECIMIENTO DE SALUD SIN INTERNAMIENTO","condicion":"ACTIVO","actualizado":"2023/08/01 19:00:00.000","fuente":"MINSA","urlRenipr":"http://app20.susalud.gob.pe:8080/registro-renipress-webapp/ipress.htm?action=mostrarVer&idipress=00003795"}},{"type":"Feature","geometry":{"type":"Point","coordinates":[-73.91158832999997,-12.400543329999948]},"properties":{"objectid":7773,"nombre":"PUESTO DE SALUD PUERTO AMARGURA","departamento":"AYACUCHO","provincia":"HUANTA","distrito":"LLOCHEGUA","institucion":"GOBIERNO REGIONAL","codigoMinsa":3776,"direccion":"CALLE CALLE PRINCIPAL PUERTO AMARGURA DISTRITO LLOCHEGUA PROVINCIA HUANTA DEPARTAMENTO AYACUCHO","disa":"AYACUCHO","red":"SAN FRANCISCO","microrred":"LLOCHEGUA","categoria":"ESTABLECIMIENTO DE SALUD SIN INTERNAMIENTO","condicion":"ACTIVO","actualizado":"2023/08/01 19:00:00.000","fuente":"MINSA","urlRenipr":"http://app20.susalud.gob.pe:8080/registro-renipress-webapp/ipress.htm?action=mostrarVer&idipress=00003776"}},{"type":"Feature","geometry":{"type":"Point","coordinates":[-73.77277666999998,-12.692714999999964]},"properties":{"objectid":7774,"nombre":"PUESTO DE SALUD NUEVA JERUSALEN","departamento":"AYACUCHO","provincia":"LA MAR","distrito":"SANTA ROSA","institucion":"GOBIERNO REGIONAL","codigoMinsa":3768,"direccion":"PLAZA PLAZA PRINCIPAL NUEVA JERUSALEN DISTRITO SANTA ROSA PROVINCIA LA MAR DEPARTAMENTO AYACUCHO","disa":"AYACUCHO","red":"SAN FRANCISCO","microrred":"SANTA ROSA","categoria":"ESTABLECIMIENTO DE SALUD SIN INTERNAMIENTO","condicion":"ACTIVO","actualizado":"2023/08/01 19:00:00.000","fuente":"MINSA","urlRenipr":"http://app20.susalud.gob.pe:8080/registro-renipress-webapp/ipress.htm?action=mostrarVer&idipress=00003768"}},{"type":"Feature","geometry":{"type":"Point","coordinates":[-73.50592166999996,-13.052828329999954]},"properties":{"objectid":7775,"nombre":"PUESTO DE SALUD SAN JOSE DE VILLA VISTA","departamento":"AYACUCHO","provincia":"LA MAR","distrito":"CHUNGUI","institucion":"GOBIERNO REGIONAL","codigoMinsa":3763,"direccion":"PLAZA PLAZA PRINCIPAL DE VILLA VISTA DISTRITO CHUNGUI PROVINCIA LA MAR DEPARTAMENTO AYACUCHO","disa":"AYACUCHO","red":"SAN FRANCISCO","microrred":"SAN MARTIN","categoria":"ESTABLECIMIENTO DE SALUD SIN INTERNAMIENTO","condicion":"ACTIVO","actualizado":"2023/08/01 19:00:00.000","fuente":"MINSA","urlRenipr":"http://app20.susalud.gob.pe:8080/registro-renipress-webapp/ipress.htm?action=mostrarVer&idipress=00003763"}},{"type":"Feature","geometry":{"type":"Point","coordinates":[-73.51317832999996,-13.00877166999993]},"properties":{"objectid":7776,"nombre":"LECHEMAYO","departamento":"AYACUCHO","provincia":"LA MAR","distrito":"ANCO","institucion":"GOBIERNO REGIONAL","codigoMinsa":3760,"direccion":"CALLE LTE 5 MZ C. CA.ASNOCCOCHA DISTRITO ANCO PROVINCIA LA MAR DEPARTAMENTO AYACUCHO","disa":"AYACUCHO","red":"SAN FRANCISCO","microrred":"SAN MARTIN","categoria":"ESTABLECIMIENTO DE SALUD SIN INTERNAMIENTO","condicion":"ACTIVO","actualizado":"2023/08/01 19:00:00.000","fuente":"MINSA","urlRenipr":"http://app20.susalud.gob.pe:8080/registro-renipress-webapp/ipress.htm?action=mostrarVer&idipress=00003760"}},{"type":"Feature","geometry":{"type":"Point","coordinates":[-74.52300999999994,-14.977803329999972]},"properties":{"objectid":7777,"nombre":"SANTA LUCIA","departamento":"AYACUCHO","provincia":"LUCANAS","distrito":"SANTA LUCIA","institucion":"GOBIERNO REGIONAL","codigoMinsa":3743,"direccion":"CALLE CALLE PRINCIPAL S/N NÚMERO S/N DISTRITO SANTA LUCIA PROVINCIA LUCANAS DEPARTAMENTO AYACUCHO","disa":"AYACUCHO","red":"LUCANAS","microrred":"LUCANAS","categoria":"ESTABLECIMIENTO DE SALUD SIN INTERNAMIENTO","condicion":"ACTIVO","actualizado":"2023/08/01 19:00:00.000","fuente":"MINSA","urlRenipr":"http://app20.susalud.gob.pe:8080/registro-renipress-webapp/ipress.htm?action=mostrarVer&idipress=00003743"}},{"type":"Feature","geometry":{"type":"Point","coordinates":[-74.04114712999996,-14.234932829999934]},"properties":{"objectid":7778,"nombre":"PUESTO DE SALUD SAN FRANCISCO DE PAMPAMARCA","departamento":"AYACUCHO","provincia":"LUCANAS","distrito":"AUCARA","institucion":"GOBIERNO REGIONAL","codigoMinsa":3730,"direccion":"OTROS LUREN PAMPA ALLPALLANA S/N. NÚMERO S/N DISTRITO AUCARA PROVINCIA LUCANAS DEPARTAMENTO AYACUCHO","disa":"AYACUCHO","red":"LUCANAS","microrred":"VALLE SONDONDO-AUCARA","categoria":"ESTABLECIMIENTO DE SALUD SIN INTERNAMIENTO","condicion":"ACTIVO","actualizado":"2023/08/01 19:00:00.000","fuente":"MINSA","urlRenipr":"http://app20.susalud.gob.pe:8080/registro-renipress-webapp/ipress.htm?action=mostrarVer&idipress=00003730"}},{"type":"Feature","geometry":{"type":"Point","coordinates":[-74.08828292999993,-14.19798118999995]},"properties":{"objectid":7779,"nombre":"PUESTO DE SALUD SANTA ANA DE AUCARA","departamento":"AYACUCHO","provincia":"LUCANAS","distrito":"AUCARA","institucion":"GOBIERNO REGIONAL","codigoMinsa":3715,"direccion":"AVENIDA AV. LA CULTURA S/N NÚMERO S/N DISTRITO AUCARA PROVINCIA LUCANAS DEPARTAMENTO AYACUCHO","disa":"AYACUCHO","red":"LUCANAS","microrred":"VALLE SONDONDO-AUCARA","categoria":"ESTABLECIMIENTO DE SALUD SIN INTERNAMIENTO","condicion":"ACTIVO","actualizado":"2023/08/01 19:00:00.000","fuente":"MINSA","urlRenipr":"http://app20.susalud.gob.pe:8080/registro-renipress-webapp/ipress.htm?action=mostrarVer&idipress=00003715"}},{"type":"Feature","geometry":{"type":"Point","coordinates":[-74.20587545999996,-13.181728029999931]},"properties":{"objectid":7780,"nombre":"PUESTO DE SALUD ÑAHUINPUQUIO","departamento":"AYACUCHO","provincia":"HUAMANGA","distrito":"SAN JUAN BAUTISTA","institucion":"GOBIERNO REGIONAL","codigoMinsa":3599,"direccion":"OTROS SECTOR 27 DE OCTUBRE MZ Q LTE. 3 DISTRITO SAN JUAN BAUTISTA PROVINCIA HUAMANGA DEPARTAMENTO AYACUCHO","disa":"AYACUCHO","red":"HUAMANGA","microrred":"SAN JUAN BAUTISTA","categoria":"ESTABLECIMIENTO DE SALUD SIN INTERNAMIENTO","condicion":"ACTIVO","actualizado":"2023/08/01 19:00:00.000","fuente":"MINSA","urlRenipr":"http://app20.susalud.gob.pe:8080/registro-renipress-webapp/ipress.htm?action=mostrarVer&idipress=00003599"}},{"type":"Feature","geometry":{"type":"Point","coordinates":[-74.32208166999999,-15.313304999999957]},"properties":{"objectid":7781,"nombre":"SAN LUIS","departamento":"AYACUCHO","provincia":"LUCANAS","distrito":"SANCOS","institucion":"GOBIERNO REGIONAL","codigoMinsa":3540,"direccion":"CALLE CALLE SAN JOSE S/N. NÚMERO S/N DISTRITO SANCOS PROVINCIA LUCANAS DEPARTAMENTO AYACUCHO","disa":"AYACUCHO","red":"LUCANAS","microrred":"SANTA FILOMENA","categoria":"ESTABLECIMIENTO DE SALUD SIN INTERNAMIENTO","condicion":"ACTIVO","actualizado":"2023/08/01 19:00:00.000","fuente":"MINSA","urlRenipr":"http://app20.susalud.gob.pe:8080/registro-renipress-webapp/ipress.htm?action=mostrarVer&idipress=00003540"}},{"type":"Feature","geometry":{"type":"Point","coordinates":[-74.23407759999998,-13.15828222999994]},"properties":{"objectid":7782,"nombre":"MORRO DE ARICA","departamento":"AYACUCHO","provincia":"HUAMANGA","distrito":"AYACUCHO","institucion":"GOBIERNO REGIONAL","codigoMinsa":3557,"direccion":"OTROS PP.JJ. LA LIBERTAD MZ H LTE.1B DISTRITO AYACUCHO PROVINCIA HUAMANGA DEPARTAMENTO AYACUCHO","disa":"AYACUCHO","red":"HUAMANGA","microrred":"BELEN","categoria":"ESTABLECIMIENTO DE SALUD SIN INTERNAMIENTO","condicion":"ACTIVO","actualizado":"2023/08/01 19:00:00.000","fuente":"MINSA","urlRenipr":"http://app20.susalud.gob.pe:8080/registro-renipress-webapp/ipress.htm?action=mostrarVer&idipress=00003557"}},{"type":"Feature","geometry":{"type":"Point","coordinates":[-73.87010289999995,-12.680313999999953]},"properties":{"objectid":8057,"nombre":"LABORATORIO DE SALUD PUBLICA Y CONTROL AMBIENTAL UERSSAF","departamento":"AYACUCHO","provincia":"LA MAR","distrito":"AYNA","institucion":"GOBIERNO REGIONAL","codigoMinsa":30157,"direccion":"PASAJE AMARGURA MANZANA N LOTE 3 DISTRITO AYNA PROVINCIA LA MAR DEPARTAMENTO AYACUCHO","disa":"AYACUCHO","red":"SAN FRANCISCO","microrred":"NO PERTENECE A NINGUNA MICRORED","categoria":"SERVICIO MÉDICO DE APOYO","condicion":"ACTIVO","actualizado":"2023/08/01 19:00:00.000","fuente":"MINSA","urlRenipr":"http://app20.susalud.gob.pe:8080/registro-renipress-webapp/ipress.htm?action=mostrarVer&idipress=00030157"}},{"type":"Feature","geometry":{"type":"Point","coordinates":[-74.22526997999995,-13.163591629999928]},"properties":{"objectid":8206,"nombre":"DR. MIDENT","departamento":"AYACUCHO","provincia":"HUAMANGA","distrito":"AYACUCHO","institucion":"PRIVADO","codigoMinsa":28275,"direccion":"JIRÓN CARLOS F. VIVANCO NÚMERO 346 DISTRITO AYACUCHO PROVINCIA HUAMANGA DEPARTAMENTO AYACUCHO","disa":"AYACUCHO","red":"NO PERTENECE A NINGUNA RED","microrred":"NO PERTENECE A NINGUNA MICRORED","categoria":"ESTABLECIMIENTO DE SALUD SIN INTERNAMIENTO","condicion":"ACTIVO","actualizado":"2023/08/01 19:00:00.000","fuente":"MINSA","urlRenipr":"http://app20.susalud.gob.pe:8080/registro-renipress-webapp/ipress.htm?action=mostrarVer&idipress=00028275"}},{"type":"Feature","geometry":{"type":"Point","coordinates":[-74.22356409999998,-13.163873699999954]},"properties":{"objectid":8239,"nombre":"CENTRO DE HEMODIALISIS \"MARIA SALOME\"","departamento":"AYACUCHO","provincia":"HUAMANGA","distrito":"AYACUCHO","institucion":"PRIVADO","codigoMinsa":28651,"direccion":"URBANIZACIÓN MARISCAL CACERES K 23 FRENTE AL MINISTERIO PUBLICO AYACUCHO HUAMANGA AYACUCHO","disa":"AYACUCHO","red":"NO PERTENECE A NINGUNA RED","microrred":"NO PERTENECE A NINGUNA MICRORED","categoria":"SERVICIO MÉDICO DE APOYO","condicion":"ACTIVO","actualizado":"2023/08/01 19:00:00.000","fuente":"MINSA","urlRenipr":"http://app20.susalud.gob.pe:8080/registro-renipress-webapp/ipress.htm?action=mostrarVer&idipress=00028651"}},{"type":"Feature","geometry":{"type":"Point","coordinates":[-74.25095248999997,-12.93032833999996]},"properties":{"objectid":8420,"nombre":"ENFERMERIA LOS CABITOS N° 51","departamento":"AYACUCHO","provincia":"HUANTA","distrito":"HUANTA","institucion":"SANIDAD DEL EJERCITO DEL PERU","codigoMinsa":29745,"direccion":"JIRÓN circunvalacion NÚMERO S/N DISTRITO HUANTA PROVINCIA HUANTA DEPARTAMENTO AYACUCHO","disa":"AYACUCHO","red":"","microrred":"NO PERTENECE A NINGUNA MICRORED","categoria":"ESTABLECIMIENTO DE SALUD SIN INTERNAMIENTO","condicion":"ACTIVO","actualizado":"2023/08/01 19:00:00.000","fuente":"MINSA","urlRenipr":"http://app20.susalud.gob.pe:8080/registro-renipress-webapp/ipress.htm?action=mostrarVer&idipress=00029745"}},{"type":"Feature","geometry":{"type":"Point","coordinates":[-74.69640166999994,-14.65651166999993]},"properties":{"objectid":9052,"nombre":"PUESTO DE SALUD UCHUYMARCA","departamento":"AYACUCHO","provincia":"LUCANAS","distrito":"LEONCIO PRADO","institucion":"GOBIERNO REGIONAL","codigoMinsa":3739,"direccion":"OTROS AYAORCCO DE UCHUYMARCA DISTRITO LEONCIO PRADO PROVINCIA LUCANAS DEPARTAMENTO AYACUCHO","disa":"AYACUCHO","red":"LUCANAS","microrred":"LUCANAS","categoria":"ESTABLECIMIENTO DE SALUD SIN INTERNAMIENTO","condicion":"ACTIVO","actualizado":"2023/08/01 19:00:00.000","fuente":"MINSA","urlRenipr":"http://app20.susalud.gob.pe:8080/registro-renipress-webapp/ipress.htm?action=mostrarVer&idipress=00003739"}},{"type":"Feature","geometry":{"type":"Point","coordinates":[-74.20290169999998,-13.164540399999964]},"properties":{"objectid":9587,"nombre":"POLICLINICO GENESIS KR SAC","departamento":"AYACUCHO","provincia":"HUAMANGA","distrito":"ANDRES AVELINO CACERES DORREGARAY","institucion":"PRIVADO","codigoMinsa":25580,"direccion":"CALLE JR LOS NOGALES NÚMERO 465 URBANIZACIÓN LA PRADERA DISTRITO ANDRES AVELINO CACERES D. PROVINCIA HUAMANGA DEPARTAMENTO AYACUCHO","disa":"AYACUCHO","red":"NO PERTENECE A NINGUNA RED","microrred":"NO PERTENECE A NINGUNA MICRORED","categoria":"ESTABLECIMIENTO DE SALUD SIN INTERNAMIENTO","condicion":"ACTIVO","actualizado":"2023/08/01 19:00:00.000","fuente":"MINSA","urlRenipr":"http://app20.susalud.gob.pe:8080/registro-renipress-webapp/ipress.htm?action=mostrarVer&idipress=00025580"}},{"type":"Feature","geometry":{"type":"Point","coordinates":[-74.25181332999995,-12.955226669999945]},"properties":{"objectid":9912,"nombre":"PUESTO DE SALUD MAYNAY","departamento":"AYACUCHO","provincia":"HUANTA","distrito":"HUANTA","institucion":"GOBIERNO REGIONAL","codigoMinsa":3659,"direccion":"PLAZA PLAZA PRINCIPAL DE MAYNAY DISTRITO HUANTA PROVINCIA HUANTA DEPARTAMENTO AYACUCHO","disa":"AYACUCHO","red":"HUANTA","microrred":"HUANTA","categoria":"ESTABLECIMIENTO DE SALUD SIN INTERNAMIENTO","condicion":"ACTIVO","actualizado":"2023/08/01 19:00:00.000","fuente":"MINSA","urlRenipr":"http://app20.susalud.gob.pe:8080/registro-renipress-webapp/ipress.htm?action=mostrarVer&idipress=00003659"}},{"type":"Feature","geometry":{"type":"Point","coordinates":[-74.12686076999995,-12.732184419999953]},"properties":{"objectid":9913,"nombre":"PUESTO DE SALUD CARHUAHURAN","departamento":"AYACUCHO","provincia":"HUANTA","distrito":"UCHURACCAY","institucion":"GOBIERNO REGIONAL","codigoMinsa":3656,"direccion":"PLAZA PLAZA PRINCIPAL DE CARHUAHURAN DISTRITO UCHURACCAY PROVINCIA HUANTA DEPARTAMENTO AYACUCHO","disa":"AYACUCHO","red":"HUANTA","microrred":"SAN JOSE DE SECCE","categoria":"ESTABLECIMIENTO DE SALUD SIN INTERNAMIENTO","condicion":"ACTIVO","actualizado":"2023/08/01 19:00:00.000","fuente":"MINSA","urlRenipr":"http://app20.susalud.gob.pe:8080/registro-renipress-webapp/ipress.htm?action=mostrarVer&idipress=00003656"}},{"type":"Feature","geometry":{"type":"Point","coordinates":[-74.24395166999994,-13.649018329999933]},"properties":{"objectid":9915,"nombre":"PUESTO DE SALUD CARAMPA","departamento":"AYACUCHO","provincia":"VICTOR FAJARDO","distrito":"ALCAMENCA","institucion":"GOBIERNO REGIONAL","codigoMinsa":3510,"direccion":"OTROS CARAMPA DISTRITO ALCAMENCA PROVINCIA VICTOR FAJARDO DEPARTAMENTO AYACUCHO","disa":"AYACUCHO","red":"AYACUCHO CENTRO","microrred":"POMABAMBA","categoria":"ESTABLECIMIENTO DE SALUD SIN INTERNAMIENTO","condicion":"ACTIVO","actualizado":"2023/08/01 19:00:00.000","fuente":"MINSA","urlRenipr":"http://app20.susalud.gob.pe:8080/registro-renipress-webapp/ipress.htm?action=mostrarVer&idipress=00003510"}},{"type":"Feature","geometry":{"type":"Point","coordinates":[-73.73835999999994,-15.144708329999958]},"properties":{"objectid":9916,"nombre":"PUESTO DE SALUD CARHUANILLA","departamento":"AYACUCHO","provincia":"PARINACOCHAS","distrito":"CHUMPI","institucion":"GOBIERNO REGIONAL","codigoMinsa":3522,"direccion":"AVENIDA AV. SAN MARTIN S/N NÚMERO S/N DISTRITO CHUMPI PROVINCIA PARINACOCHAS DEPARTAMENTO AYACUCHO","disa":"AYACUCHO","red":"CORACORA","microrred":"CHUMPI","categoria":"ESTABLECIMIENTO DE SALUD SIN INTERNAMIENTO","condicion":"ACTIVO","actualizado":"2023/08/01 19:00:00.000","fuente":"MINSA","urlRenipr":"http://app20.susalud.gob.pe:8080/registro-renipress-webapp/ipress.htm?action=mostrarVer&idipress=00003522"}},{"type":"Feature","geometry":{"type":"Point","coordinates":[-74.22883999999993,-12.936979999999949]},"properties":{"objectid":9918,"nombre":"PUESTO DE SALUD HUANCAYOCC","departamento":"AYACUCHO","provincia":"HUANTA","distrito":"HUANTA","institucion":"GOBIERNO REGIONAL","codigoMinsa":3658,"direccion":"PLAZA PLAZA PRINCIPAL DE HUANCAYOCC DISTRITO HUANTA PROVINCIA HUANTA DEPARTAMENTO AYACUCHO","disa":"AYACUCHO","red":"HUANTA","microrred":"HUANTA","categoria":"ESTABLECIMIENTO DE SALUD SIN INTERNAMIENTO","condicion":"ACTIVO","actualizado":"2023/08/01 19:00:00.000","fuente":"MINSA","urlRenipr":"http://app20.susalud.gob.pe:8080/registro-renipress-webapp/ipress.htm?action=mostrarVer&idipress=00003658"}},{"type":"Feature","geometry":{"type":"Point","coordinates":[-74.53134910999995,-13.612174439999933]},"properties":{"objectid":9919,"nombre":"PUESTO DE SALUD VILCANCHOS","departamento":"AYACUCHO","provincia":"VICTOR FAJARDO","distrito":"VILCANCHOS","institucion":"GOBIERNO REGIONAL","codigoMinsa":3628,"direccion":"JIRÓN JR. VICTOR FAJARDO S/N NÚMERO S/N DISTRITO VILCANCHOS PROVINCIA VICTOR FAJARDO DEPARTAMENTO AYACUCHO","disa":"AYACUCHO","red":"HUAMANGA","microrred":"TOTOS","categoria":"ESTABLECIMIENTO DE SALUD SIN INTERNAMIENTO","condicion":"ACTIVO","actualizado":"2023/08/01 19:00:00.000","fuente":"MINSA","urlRenipr":"http://app20.susalud.gob.pe:8080/registro-renipress-webapp/ipress.htm?action=mostrarVer&idipress=00003628"}},{"type":"Feature","geometry":{"type":"Point","coordinates":[-74.02379832999998,-12.281744999999944]},"properties":{"objectid":9920,"nombre":"CANAYRE","departamento":"AYACUCHO","provincia":"HUANTA","distrito":"CANAYRE","institucion":"GOBIERNO REGIONAL","codigoMinsa":3771,"direccion":"OTROS LOTE: 05 MANZANA: P CANAYRE DISTRITO CANAYRE PROVINCIA HUANTA DEPARTAMENTO AYACUCHO","disa":"AYACUCHO","red":"SAN FRANCISCO","microrred":"LLOCHEGUA","categoria":"ESTABLECIMIENTO DE SALUD SIN INTERNAMIENTO","condicion":"ACTIVO","actualizado":"2023/08/01 19:00:00.000","fuente":"MINSA","urlRenipr":"http://app20.susalud.gob.pe:8080/registro-renipress-webapp/ipress.htm?action=mostrarVer&idipress=00003771"}},{"type":"Feature","geometry":{"type":"Point","coordinates":[-73.95690146999993,-14.230919799999981]},"properties":{"objectid":9921,"nombre":"PUESTO DE SALUD SANTA ANA HUAYCAHUACHO","departamento":"AYACUCHO","provincia":"LUCANAS","distrito":"SANTA ANA DE HUAYCAHUACHO","institucion":"GOBIERNO REGIONAL","codigoMinsa":3717,"direccion":"CALLE CALLE TUPAC AMARU S/N NÚMERO S/N DISTRITO SANTA ANA DE HUAYCAHUACHO PROVINCIA LUCANAS DEPARTAMENTO AYACUCHO","disa":"AYACUCHO","red":"LUCANAS","microrred":"VALLE SONDONDO-AUCARA","categoria":"ESTABLECIMIENTO DE SALUD SIN INTERNAMIENTO","condicion":"ACTIVO","actualizado":"2023/08/01 19:00:00.000","fuente":"MINSA","urlRenipr":"http://app20.susalud.gob.pe:8080/registro-renipress-webapp/ipress.htm?action=mostrarVer&idipress=00003717"}},{"type":"Feature","geometry":{"type":"Point","coordinates":[-74.59744658999995,-13.334447189999935]},"properties":{"objectid":9922,"nombre":"TONSULLA OCCO","departamento":"AYACUCHO","provincia":"CANGALLO","distrito":"PARAS","institucion":"GOBIERNO REGIONAL","codigoMinsa":3572,"direccion":"PLAZA PLAZA PRINCIPAL DISTRITO PARAS PROVINCIA CANGALLO DEPARTAMENTO AYACUCHO","disa":"AYACUCHO","red":"HUAMANGA","microrred":"VINCHOS","categoria":"ESTABLECIMIENTO DE SALUD SIN INTERNAMIENTO","condicion":"ACTIVO","actualizado":"2023/08/01 19:00:00.000","fuente":"MINSA","urlRenipr":"http://app20.susalud.gob.pe:8080/registro-renipress-webapp/ipress.htm?action=mostrarVer&idipress=00003572"}},{"type":"Feature","geometry":{"type":"Point","coordinates":[-74.23385456999995,-13.16312328999993]},"properties":{"objectid":9923,"nombre":"CENTRO DE SALUD BELEN","departamento":"AYACUCHO","provincia":"HUAMANGA","distrito":"AYACUCHO","institucion":"GOBIERNO REGIONAL","codigoMinsa":3554,"direccion":"JIRÓN JR. 7 DE ABRIL 491 DISTRITO AYACUCHO PROVINCIA HUAMANGA DEPARTAMENTO AYACUCHO","disa":"AYACUCHO","red":"HUAMANGA","microrred":"BELEN","categoria":"ESTABLECIMIENTO DE SALUD SIN INTERNAMIENTO","condicion":"ACTIVO","actualizado":"2023/08/01 19:00:00.000","fuente":"MINSA","urlRenipr":"http://app20.susalud.gob.pe:8080/registro-renipress-webapp/ipress.htm?action=mostrarVer&idipress=00003554"}},{"type":"Feature","geometry":{"type":"Point","coordinates":[-73.78244414999995,-15.013391769999942]},"properties":{"objectid":9924,"nombre":"HOSPITAL DE APOYO DE CORACORA","departamento":"AYACUCHO","provincia":"PARINACOCHAS","distrito":"CORACORA","institucion":"GOBIERNO REGIONAL","codigoMinsa":3523,"direccion":"AVENIDA AV. NELLO CATANZARO S/N S/N AV. NELLO CATANZARO S/N CORACORA PARINACOCHAS AYACUCHO","disa":"AYACUCHO","red":"CORACORA","microrred":"NO PERTENECE A NINGUNA MICRORED","categoria":"ESTABLECIMIENTO DE SALUD CON INTERNAMIENTO","condicion":"ACTIVO","actualizado":"2023/08/01 19:00:00.000","fuente":"MINSA","urlRenipr":"http://app20.susalud.gob.pe:8080/registro-renipress-webapp/ipress.htm?action=mostrarVer&idipress=00003523"}},{"type":"Feature","geometry":{"type":"Point","coordinates":[-74.22609769999997,-13.150904999999966]},"properties":{"objectid":9941,"nombre":"EPSS DEL PILAR","departamento":"AYACUCHO","provincia":"HUAMANGA","distrito":"AYACUCHO","institucion":"PRIVADO","codigoMinsa":26949,"direccion":"URBANIZACIÓN MARISCAL CACERES MANZANA C LOTE 15 URBANIZACI? MARISCAL CACERES MZ C LTE 15 DISTRITO AYACUCHO PROVINCIA HUAMANGA DEPARTAMENTO AYACUCHO","disa":"AYACUCHO","red":"NO PERTENECE A NINGUNA RED","microrred":"NO PERTENECE A NINGUNA MICRORED","categoria":"ESTABLECIMIENTO DE SALUD SIN INTERNAMIENTO","condicion":"ACTIVO","actualizado":"2023/08/01 19:00:00.000","fuente":"MINSA","urlRenipr":"http://app20.susalud.gob.pe:8080/registro-renipress-webapp/ipress.htm?action=mostrarVer&idipress=00026949"}},{"type":"Feature","geometry":{"type":"Point","coordinates":[-74.12412219999999,-14.693424799999946]},"properties":{"objectid":10016,"nombre":"CENTRO DE ATENCION PRIMARIA II PUQUIO","departamento":"AYACUCHO","provincia":"LUCANAS","distrito":"PUQUIO","institucion":"ESSALUD","codigoMinsa":11438,"direccion":"JIRÓN JR. YAURIHUIRI S/N NÚMERO S/N DISTRITO PUQUIO PROVINCIA LUCANAS DEPARTAMENTO AYACUCHO","disa":"AYACUCHO","red":"NO PERTENECE A NINGUNA RED","microrred":"NO PERTENECE A NINGUNA MICRORED","categoria":"ESTABLECIMIENTO DE SALUD SIN INTERNAMIENTO","condicion":"ACTIVO","actualizado":"2023/08/01 19:00:00.000","fuente":"MINSA","urlRenipr":"http://app20.susalud.gob.pe:8080/registro-renipress-webapp/ipress.htm?action=mostrarVer&idipress=00011438"}},{"type":"Feature","geometry":{"type":"Point","coordinates":[-74.22356409999998,-13.163873699999954]},"properties":{"objectid":10213,"nombre":"CENTRO MEDICO \"MARÍA AUXILIADORA\" S.A.C.","departamento":"AYACUCHO","provincia":"HUAMANGA","distrito":"SAN JUAN BAUTISTA","institucion":"PRIVADO","codigoMinsa":28144,"direccion":"AVENIDA Cuzco NÚMERO 408 DISTRITO SAN JUAN BAUTISTA PROVINCIA HUAMANGA DEPARTAMENTO AYACUCHO","disa":"AYACUCHO","red":"NO PERTENECE A NINGUNA RED","microrred":"NO PERTENECE A NINGUNA MICRORED","categoria":"ESTABLECIMIENTO DE SALUD SIN INTERNAMIENTO","condicion":"ACTIVO","actualizado":"2023/08/01 19:00:00.000","fuente":"MINSA","urlRenipr":"http://app20.susalud.gob.pe:8080/registro-renipress-webapp/ipress.htm?action=mostrarVer&idipress=00028144"}},{"type":"Feature","geometry":{"type":"Point","coordinates":[-73.78731590999996,-12.624528849999933]},"properties":{"objectid":10216,"nombre":"CENTRO DE SALUD MENTAL COMUNITARIO \"UYARINA WASI\"","departamento":"AYACUCHO","provincia":"LA MAR","distrito":"AYNA","institucion":"GOBIERNO REGIONAL","codigoMinsa":26918,"direccion":"AVENIDA 28 DE JULIO MANZANA D4 LOTE 10 URBANIZACIÓN SECTOR PALMERAS DISTRITO AYNA PROVINCIA LA MAR DEPARTAMENTO AYACUCHO","disa":"AYACUCHO","red":"SAN FRANCISCO","microrred":"NO PERTENECE A NINGUNA MICRORED","categoria":"ESTABLECIMIENTO DE SALUD SIN INTERNAMIENTO","condicion":"ACTIVO","actualizado":"2023/08/01 19:00:00.000","fuente":"MINSA","urlRenipr":"http://app20.susalud.gob.pe:8080/registro-renipress-webapp/ipress.htm?action=mostrarVer&idipress=00026918"}},{"type":"Feature","geometry":{"type":"Point","coordinates":[-73.84990251999994,-13.19569402999997]},"properties":{"objectid":10259,"nombre":"PUESTO DE SALUD HUINCHE","departamento":"AYACUCHO","provincia":"LA MAR","distrito":"CHILCAS","institucion":"GOBIERNO REGIONAL","codigoMinsa":23955,"direccion":"PLAZA PRINCIPAL DE ANEXO HUINCHE NÚMERO S/N DISTRITO CHILCAS PROVINCIA LA MAR DEPARTAMENTO AYACUCHO","disa":"AYACUCHO","red":"SAN MIGUEL","microrred":"NINABAMBA","categoria":"ESTABLECIMIENTO DE SALUD SIN INTERNAMIENTO","condicion":"ACTIVO","actualizado":"2023/08/01 19:00:00.000","fuente":"MINSA","urlRenipr":"http://app20.susalud.gob.pe:8080/registro-renipress-webapp/ipress.htm?action=mostrarVer&idipress=00023955"}},{"type":"Feature","geometry":{"type":"Point","coordinates":[-74.22356409999998,-13.163873699999954]},"properties":{"objectid":10282,"nombre":"CONSULTORIO OBSTETRICO ORIENTAME","departamento":"AYACUCHO","provincia":"HUAMANGA","distrito":"AYACUCHO","institucion":"PRIVADO","codigoMinsa":28143,"direccion":"JIRÓN 28 de julio N?ERO 278 PISO 2 INTERIOR 3 DISTRITO AYACUCHO PROVINCIA HUAMANGA DEPARTAMENTO AYACUCHO","disa":"AYACUCHO","red":"NO PERTENECE A NINGUNA RED","microrred":"NO PERTENECE A NINGUNA MICRORED","categoria":"ESTABLECIMIENTO DE SALUD SIN INTERNAMIENTO","condicion":"ACTIVO","actualizado":"2023/08/01 19:00:00.000","fuente":"MINSA","urlRenipr":"http://app20.susalud.gob.pe:8080/registro-renipress-webapp/ipress.htm?action=mostrarVer&idipress=00028143"}},{"type":"Feature","geometry":{"type":"Point","coordinates":[-74.22356409999998,-13.163873699999954]},"properties":{"objectid":10342,"nombre":"ECOGRAFIA IMÁGENES DEL QAMPI","departamento":"AYACUCHO","provincia":"HUAMANGA","distrito":"AYACUCHO","institucion":"PRIVADO","codigoMinsa":27738,"direccion":"JIRÓN CARLOS F.VIVANCO NÚMERO 269 DISTRITO AYACUCHO PROVINCIA HUAMANGA DEPARTAMENTO AYACUCHO","disa":"AYACUCHO","red":"NO PERTENECE A NINGUNA RED","microrred":"NO PERTENECE A NINGUNA MICRORED","categoria":"SERVICIO MÉDICO DE APOYO","condicion":"ACTIVO","actualizado":"2023/08/01 19:00:00.000","fuente":"MINSA","urlRenipr":"http://app20.susalud.gob.pe:8080/registro-renipress-webapp/ipress.htm?action=mostrarVer&idipress=00027738"}},{"type":"Feature","geometry":{"type":"Point","coordinates":[-74.22356409999998,-13.163873699999954]},"properties":{"objectid":10352,"nombre":"DENTAL BAUTISTA","departamento":"AYACUCHO","provincia":"HUAMANGA","distrito":"AYACUCHO","institucion":"PRIVADO","codigoMinsa":30792,"direccion":"JIRÓN CARLOS F VIVANCO NÚMERO 378 PISO 2 DISTRITO AYACUCHO PROVINCIA HUAMANGA DEPARTAMENTO AYACUCHO","disa":"AYACUCHO","red":"","microrred":"","categoria":"ESTABLECIMIENTO DE SALUD SIN INTERNAMIENTO","condicion":"ACTIVO","actualizado":"2023/08/01 19:00:00.000","fuente":"MINSA","urlRenipr":"http://app20.susalud.gob.pe:8080/registro-renipress-webapp/ipress.htm?action=mostrarVer&idipress=00030792"}},{"type":"Feature","geometry":{"type":"Point","coordinates":[-74.23119726999994,-13.143202689999953]},"properties":{"objectid":10399,"nombre":"CENTRO DE SALUD LOS LICENCIADOS","departamento":"AYACUCHO","provincia":"HUAMANGA","distrito":"AYACUCHO","institucion":"GOBIERNO REGIONAL","codigoMinsa":3576,"direccion":"OTROS A.A. H. H. 11 de Junio N 9 AL 18 ARHEN contratistas AYACUCHO HUAMANGA AYACUCHO","disa":"AYACUCHO","red":"HUAMANGA","microrred":"LICENCIADOS","categoria":"ESTABLECIMIENTO DE SALUD CON INTERNAMIENTO","condicion":"ACTIVO","actualizado":"2023/08/01 19:00:00.000","fuente":"MINSA","urlRenipr":"http://app20.susalud.gob.pe:8080/registro-renipress-webapp/ipress.htm?action=mostrarVer&idipress=00003576"}},{"type":"Feature","geometry":{"type":"Point","coordinates":[-74.21921587999998,-13.157013709999944]},"properties":{"objectid":10497,"nombre":"CENTRO MEDICO HUAMANGA","departamento":"AYACUCHO","provincia":"HUAMANGA","distrito":"JESUS NAZARENO","institucion":"PRIVADO","codigoMinsa":29770,"direccion":"JIRÓN MARIANO MELGAR NÚMERO 204 DISTRITO JESUS NAZARENO PROVINCIA HUAMANGA DEPARTAMENTO AYACUCHO","disa":"AYACUCHO","red":"","microrred":"","categoria":"ESTABLECIMIENTO DE SALUD SIN INTERNAMIENTO","condicion":"ACTIVO","actualizado":"2023/08/01 19:00:00.000","fuente":"MINSA","urlRenipr":"http://app20.susalud.gob.pe:8080/registro-renipress-webapp/ipress.htm?action=mostrarVer&idipress=00029770"}},{"type":"Feature","geometry":{"type":"Point","coordinates":[-74.21533189999997,-13.151472599999977]},"properties":{"objectid":11031,"nombre":"CENTRO MEDICO ESPECIALIZADO ROMERO","departamento":"AYACUCHO","provincia":"HUAMANGA","distrito":"JESUS NAZARENO","institucion":"PRIVADO","codigoMinsa":28081,"direccion":"JIRÓN MANUEL POZO NÚMERO 497 PISO 2 URBANIZACIÓN SIMON COLIVAR DISTRITO JESUS NAZARENO PROVINCIA HUAMANGA DEPARTAMENTO AYACUCHO","disa":"AYACUCHO","red":"NO PERTENECE A NINGUNA RED","microrred":"NO PERTENECE A NINGUNA MICRORED","categoria":"ESTABLECIMIENTO DE SALUD SIN INTERNAMIENTO","condicion":"ACTIVO","actualizado":"2023/08/01 19:00:00.000","fuente":"MINSA","urlRenipr":"http://app20.susalud.gob.pe:8080/registro-renipress-webapp/ipress.htm?action=mostrarVer&idipress=00028081"}},{"type":"Feature","geometry":{"type":"Point","coordinates":[-73.87971316999995,-14.365452929999947]},"properties":{"objectid":11186,"nombre":"CHIPAO","departamento":"AYACUCHO","provincia":"LUCANAS","distrito":"CHIPAO","institucion":"GOBIERNO REGIONAL","codigoMinsa":3711,"direccion":"OTROS PUEBLO DE CHIPAO HUALLANCAPUCRO S/N. NÚMERO S/N DISTRITO CHIPAO PROVINCIA LUCANAS DEPARTAMENTO AYACUCHO","disa":"AYACUCHO","red":"LUCANAS","microrred":"ANDAMARCA","categoria":"ESTABLECIMIENTO DE SALUD SIN INTERNAMIENTO","condicion":"ACTIVO","actualizado":"2023/08/01 19:00:00.000","fuente":"MINSA","urlRenipr":"http://app20.susalud.gob.pe:8080/registro-renipress-webapp/ipress.htm?action=mostrarVer&idipress=00003711"}},{"type":"Feature","geometry":{"type":"Point","coordinates":[-74.12428239999997,-14.69398039999993]},"properties":{"objectid":11187,"nombre":"CENTRO DE AISLAMIENTO TEMPORAL COVID-19 \"SAMAY WASI\"","departamento":"AYACUCHO","provincia":"LUCANAS","distrito":"PUQUIO","institucion":"GOBIERNO REGIONAL","codigoMinsa":29931,"direccion":"CALLE LOS PINOS CON JR. LAS MERCEDES S7N - PUEBLO JOVEN MATARA DISTRITO PUQUIO PROVINCIA LUCANAS DEPARTAMENTO AYACUCHO","disa":"AYACUCHO","red":"LUCANAS","microrred":"NO PERTENECE A NINGUNA MICRORED","categoria":"SERVICIO MÉDICO DE APOYO","condicion":"ACTIVO","actualizado":"2023/08/01 19:00:00.000","fuente":"MINSA","urlRenipr":"http://app20.susalud.gob.pe:8080/registro-renipress-webapp/ipress.htm?action=mostrarVer&idipress=00029931"}},{"type":"Feature","geometry":{"type":"Point","coordinates":[-73.65509259999999,-12.766134799999975]},"properties":{"objectid":11905,"nombre":"PUESTO DE SALUD PNP PALMAPAMPA","departamento":"AYACUCHO","provincia":"LA MAR","distrito":"SAMUGARI","institucion":"SANIDAD DE LA POLICIA NACIONAL DEL PERU","codigoMinsa":27203,"direccion":"AVENIDA POLICIAL NÚMERO S/N DISTRITO SAMUGARI PROVINCIA LA MAR DEPARTAMENTO AYACUCHO","disa":"AYACUCHO","red":"NO PERTENECE A NINGUNA RED","microrred":"NO PERTENECE A NINGUNA MICRORED","categoria":"ESTABLECIMIENTO DE SALUD SIN INTERNAMIENTO","condicion":"ACTIVO","actualizado":"2023/08/01 19:00:00.000","fuente":"MINSA","urlRenipr":"http://app20.susalud.gob.pe:8080/registro-renipress-webapp/ipress.htm?action=mostrarVer&idipress=00027203"}},{"type":"Feature","geometry":{"type":"Point","coordinates":[-74.00073666999998,-12.415058329999965]},"properties":{"objectid":12040,"nombre":"GLORIA SOL NACIENTE","departamento":"AYACUCHO","provincia":"HUANTA","distrito":"LLOCHEGUA","institucion":"GOBIERNO REGIONAL","codigoMinsa":6752,"direccion":"CALLE CALLE PRINCIPAL GLORIA SOL NACIENTE DISTRITO LLOCHEGUA PROVINCIA HUANTA DEPARTAMENTO AYACUCHO","disa":"AYACUCHO","red":"SAN FRANCISCO","microrred":"LLOCHEGUA","categoria":"ESTABLECIMIENTO DE SALUD SIN INTERNAMIENTO","condicion":"ACTIVO","actualizado":"2023/08/01 19:00:00.000","fuente":"MINSA","urlRenipr":"http://app20.susalud.gob.pe:8080/registro-renipress-webapp/ipress.htm?action=mostrarVer&idipress=00006752"}},{"type":"Feature","geometry":{"type":"Point","coordinates":[-73.95041166999994,-15.063968329999966]},"properties":{"objectid":12042,"nombre":"PUESTO DE SALUD SANCOS","departamento":"AYACUCHO","provincia":"LUCANAS","distrito":"SANCOS","institucion":"GOBIERNO REGIONAL","codigoMinsa":3542,"direccion":"OTROS SANCOS S/N NÚMERO S/N DISTRITO SANCOS PROVINCIA LUCANAS DEPARTAMENTO AYACUCHO","disa":"AYACUCHO","red":"CORACORA","microrred":"CHAVIÑA","categoria":"ESTABLECIMIENTO DE SALUD SIN INTERNAMIENTO","condicion":"ACTIVO","actualizado":"2023/08/01 19:00:00.000","fuente":"MINSA","urlRenipr":"http://app20.susalud.gob.pe:8080/registro-renipress-webapp/ipress.htm?action=mostrarVer&idipress=00003542"}},{"type":"Feature","geometry":{"type":"Point","coordinates":[-74.73988236999998,-13.619224809999935]},"properties":{"objectid":12043,"nombre":"CRUZ PAMPA","departamento":"AYACUCHO","provincia":"VICTOR FAJARDO","distrito":"VILCANCHOS","institucion":"GOBIERNO REGIONAL","codigoMinsa":3587,"direccion":"PLAZA PLAZA PRINCIPAL ANTACOCHA DISTRITO VILCANCHOS PROVINCIA VICTOR FAJARDO DEPARTAMENTO AYACUCHO","disa":"AYACUCHO","red":"HUAMANGA","microrred":"PARAS","categoria":"ESTABLECIMIENTO DE SALUD SIN INTERNAMIENTO","condicion":"ACTIVO","actualizado":"2023/08/01 19:00:00.000","fuente":"MINSA","urlRenipr":"http://app20.susalud.gob.pe:8080/registro-renipress-webapp/ipress.htm?action=mostrarVer&idipress=00003587"}},{"type":"Feature","geometry":{"type":"Point","coordinates":[-74.80830666999998,-14.54591499999998]},"properties":{"objectid":12044,"nombre":"PUESTO DE SALUD CONCEPCION LARAMATE","departamento":"AYACUCHO","provincia":"LUCANAS","distrito":"OTOCA","institucion":"GOBIERNO REGIONAL","codigoMinsa":3688,"direccion":"CARRETERA CARRETERA PRINCIPAL S/N NÚMERO S/N DISTRITO OTOCA PROVINCIA LUCANAS DEPARTAMENTO AYACUCHO","disa":"AYACUCHO","red":"LUCANAS","microrred":"OTOCA","categoria":"ESTABLECIMIENTO DE SALUD SIN INTERNAMIENTO","condicion":"ACTIVO","actualizado":"2023/08/01 19:00:00.000","fuente":"MINSA","urlRenipr":"http://app20.susalud.gob.pe:8080/registro-renipress-webapp/ipress.htm?action=mostrarVer&idipress=00003688"}},{"type":"Feature","geometry":{"type":"Point","coordinates":[-73.64729999999997,-14.104976669999928]},"properties":{"objectid":12045,"nombre":"PUESTO DE SALUD AUTAMA","departamento":"AYACUCHO","provincia":"SUCRE","distrito":"SANTIAGO DE PAUCARAY","institucion":"GOBIERNO REGIONAL","codigoMinsa":7096,"direccion":"CARRETERA CARRETERA PRINCIPAL S/N NÚMERO S/N DISTRITO SANTIAGO DE PAUCARAY PROVINCIA SUCRE DEPARTAMENTO AYACUCHO","disa":"AYACUCHO","red":"AYACUCHO CENTRO","microrred":"SUCRE","categoria":"ESTABLECIMIENTO DE SALUD SIN INTERNAMIENTO","condicion":"ACTIVO","actualizado":"2023/08/01 19:00:00.000","fuente":"MINSA","urlRenipr":"http://app20.susalud.gob.pe:8080/registro-renipress-webapp/ipress.htm?action=mostrarVer&idipress=00007096"}},{"type":"Feature","geometry":{"type":"Point","coordinates":[-74.84135166999994,-14.288101669999946]},"properties":{"objectid":12046,"nombre":"CENTRO DE SALUD LARAMATE LUCANAS","departamento":"AYACUCHO","provincia":"LUCANAS","distrito":"LARAMATE","institucion":"GOBIERNO REGIONAL","codigoMinsa":3680,"direccion":"CALLE CALLE PRINCIPAL S/N NÚMERO S/N DISTRITO LARAMATE PROVINCIA LUCANAS DEPARTAMENTO AYACUCHO","disa":"AYACUCHO","red":"LUCANAS","microrred":"LARAMATE","categoria":"ESTABLECIMIENTO DE SALUD SIN INTERNAMIENTO","condicion":"ACTIVO","actualizado":"2023/08/01 19:00:00.000","fuente":"MINSA","urlRenipr":"http://app20.susalud.gob.pe:8080/registro-renipress-webapp/ipress.htm?action=mostrarVer&idipress=00003680"}},{"type":"Feature","geometry":{"type":"Point","coordinates":[-74.42268670999994,-13.39946754999994]},"properties":{"objectid":12047,"nombre":"PUESTO DE SALUD MILLPO","departamento":"AYACUCHO","provincia":"HUAMANGA","distrito":"VINCHOS","institucion":"GOBIERNO REGIONAL","codigoMinsa":3589,"direccion":"OTROS COMUNIDAD DE MILLPO DISTRITO VINCHOS PROVINCIA HUAMANGA DEPARTAMENTO AYACUCHO","disa":"AYACUCHO","red":"HUAMANGA","microrred":"PUTACCA","categoria":"ESTABLECIMIENTO DE SALUD SIN INTERNAMIENTO","condicion":"ACTIVO","actualizado":"2023/08/01 19:00:00.000","fuente":"MINSA","urlRenipr":"http://app20.susalud.gob.pe:8080/registro-renipress-webapp/ipress.htm?action=mostrarVer&idipress=00003589"}},{"type":"Feature","geometry":{"type":"Point","coordinates":[-73.91547332999994,-13.089458329999957]},"properties":{"objectid":12048,"nombre":"PUESTO DE SALUD NINABAMBA","departamento":"AYACUCHO","provincia":"LA MAR","distrito":"SAN MIGUEL","institucion":"GOBIERNO REGIONAL","codigoMinsa":3794,"direccion":"CALLE CALLE PRINCIPAL DE NINABAMBA DISTRITO SAN MIGUEL PROVINCIA LA MAR DEPARTAMENTO AYACUCHO","disa":"AYACUCHO","red":"SAN MIGUEL","microrred":"NINABAMBA","categoria":"ESTABLECIMIENTO DE SALUD SIN INTERNAMIENTO","condicion":"ACTIVO","actualizado":"2023/08/01 19:00:00.000","fuente":"MINSA","urlRenipr":"http://app20.susalud.gob.pe:8080/registro-renipress-webapp/ipress.htm?action=mostrarVer&idipress=00003794"}},{"type":"Feature","geometry":{"type":"Point","coordinates":[-73.77217166999998,-15.055199999999957]},"properties":{"objectid":12049,"nombre":"PUESTO DE SALUD MUCHAPAMPA","departamento":"AYACUCHO","provincia":"PARINACOCHAS","distrito":"CORACORA","institucion":"GOBIERNO REGIONAL","codigoMinsa":3518,"direccion":"OTROS MUCHAPAMPA S/N NÚMERO S/N DISTRITO CORACORA PROVINCIA PARINACOCHAS DEPARTAMENTO AYACUCHO","disa":"AYACUCHO","red":"CORACORA","microrred":"CHUMPI","categoria":"ESTABLECIMIENTO DE SALUD SIN INTERNAMIENTO","condicion":"ACTIVO","actualizado":"2023/08/01 19:00:00.000","fuente":"MINSA","urlRenipr":"http://app20.susalud.gob.pe:8080/registro-renipress-webapp/ipress.htm?action=mostrarVer&idipress=00003518"}},{"type":"Feature","geometry":{"type":"Point","coordinates":[-73.95669921999996,-12.53375976999996]},"properties":{"objectid":12050,"nombre":"PUESTO DE SALUD ROSARIO ACON","departamento":"AYACUCHO","provincia":"HUANTA","distrito":"SIVIA","institucion":"GOBIERNO REGIONAL","codigoMinsa":7304,"direccion":"PLAZA PLAZA PRINCIPAL DE ROSARIO ACON DISTRITO SIVIA PROVINCIA HUANTA DEPARTAMENTO AYACUCHO","disa":"AYACUCHO","red":"SAN FRANCISCO","microrred":"TRIBOLINE","categoria":"ESTABLECIMIENTO DE SALUD SIN INTERNAMIENTO","condicion":"ACTIVO","actualizado":"2023/08/01 19:00:00.000","fuente":"MINSA","urlRenipr":"http://app20.susalud.gob.pe:8080/registro-renipress-webapp/ipress.htm?action=mostrarVer&idipress=00007304"}},{"type":"Feature","geometry":{"type":"Point","coordinates":[-74.02705864999996,-13.568257389999928]},"properties":{"objectid":12051,"nombre":"PUESTO DE SALUD DE CHIRIBAMBA","departamento":"AYACUCHO","provincia":"VILCAS HUAMAN","distrito":"VISCHONGO","institucion":"GOBIERNO REGIONAL","codigoMinsa":6611,"direccion":"OTROS COMUNIDAD DE CHIRIBAMBA DISTRITO VISCHONGO PROVINCIA VILCAS HUAMAN DEPARTAMENTO AYACUCHO","disa":"AYACUCHO","red":"AYACUCHO CENTRO","microrred":"VILCASHUAMAN","categoria":"ESTABLECIMIENTO DE SALUD SIN INTERNAMIENTO","condicion":"ACTIVO","actualizado":"2023/08/01 19:00:00.000","fuente":"MINSA","urlRenipr":"http://app20.susalud.gob.pe:8080/registro-renipress-webapp/ipress.htm?action=mostrarVer&idipress=00006611"}},{"type":"Feature","geometry":{"type":"Point","coordinates":[-73.99749122999998,-13.588426819999938]},"properties":{"objectid":12052,"nombre":"CENTRO DE SALUD VISCHONGO","departamento":"AYACUCHO","provincia":"VILCAS HUAMAN","distrito":"VISCHONGO","institucion":"GOBIERNO REGIONAL","codigoMinsa":6609,"direccion":"OTROS FRANCISCO BOLOGNESI S/N NÚMERO S/N DISTRITO VISCHONGO PROVINCIA VILCAS HUAMAN DEPARTAMENTO AYACUCHO","disa":"AYACUCHO","red":"AYACUCHO CENTRO","microrred":"VILCASHUAMAN","categoria":"ESTABLECIMIENTO DE SALUD SIN INTERNAMIENTO","condicion":"ACTIVO","actualizado":"2023/08/01 19:00:00.000","fuente":"MINSA","urlRenipr":"http://app20.susalud.gob.pe:8080/registro-renipress-webapp/ipress.htm?action=mostrarVer&idipress=00006609"}},{"type":"Feature","geometry":{"type":"Point","coordinates":[-74.29150335999998,-12.632891039999947]},"properties":{"objectid":12053,"nombre":"PUESTO DE SALUD AYAHUANCO","departamento":"AYACUCHO","provincia":"HUANTA","distrito":"AYAHUANCO","institucion":"GOBIERNO REGIONAL","codigoMinsa":3671,"direccion":"PLAZA PLAZA PRINCIPAL DE AYAHUANCO DISTRITO AYAHUANCO PROVINCIA HUANTA DEPARTAMENTO AYACUCHO","disa":"AYACUCHO","red":"HUANTA","microrred":"VIRACOCHAN","categoria":"ESTABLECIMIENTO DE SALUD SIN INTERNAMIENTO","condicion":"ACTIVO","actualizado":"2023/08/01 19:00:00.000","fuente":"MINSA","urlRenipr":"http://app20.susalud.gob.pe:8080/registro-renipress-webapp/ipress.htm?action=mostrarVer&idipress=00003671"}},{"type":"Feature","geometry":{"type":"Point","coordinates":[-74.26951332999994,-12.98177499999997]},"properties":{"objectid":12054,"nombre":"PUESTO DE SALUD CHIHUA","departamento":"AYACUCHO","provincia":"HUANTA","distrito":"IGUAIN","institucion":"GOBIERNO REGIONAL","codigoMinsa":3662,"direccion":"PLAZA PLAZA PRINCIPAL DE CHIHUA DISTRITO IGUAIN PROVINCIA HUANTA DEPARTAMENTO AYACUCHO","disa":"AYACUCHO","red":"HUANTA","microrred":"HUANTA","categoria":"ESTABLECIMIENTO DE SALUD SIN INTERNAMIENTO","condicion":"ACTIVO","actualizado":"2023/08/01 19:00:00.000","fuente":"MINSA","urlRenipr":"http://app20.susalud.gob.pe:8080/registro-renipress-webapp/ipress.htm?action=mostrarVer&idipress=00003662"}},{"type":"Feature","geometry":{"type":"Point","coordinates":[-73.84590184999996,-13.632225499999947]},"properties":{"objectid":12055,"nombre":"PUESTO DE SALUD HUACCAÑA","departamento":"AYACUCHO","provincia":"VILCAS HUAMAN","distrito":"VILCAS HUAMAN","institucion":"GOBIERNO REGIONAL","codigoMinsa":3848,"direccion":"PLAZA PLAZA PRINCIPAL DE LA COMUNIDAD DE HUACCAÑA DISTRITO VILCAS HUAMAN PROVINCIA VILCAS HUAMAN DEPARTAMENTO AYACUCHO","disa":"AYACUCHO","red":"AYACUCHO CENTRO","microrred":"VILCASHUAMAN","categoria":"ESTABLECIMIENTO DE SALUD SIN INTERNAMIENTO","condicion":"ACTIVO","actualizado":"2023/08/01 19:00:00.000","fuente":"MINSA","urlRenipr":"http://app20.susalud.gob.pe:8080/registro-renipress-webapp/ipress.htm?action=mostrarVer&idipress=00003848"}},{"type":"Feature","geometry":{"type":"Point","coordinates":[-74.48951755999997,-12.420204009999964]},"properties":{"objectid":12056,"nombre":"PUESTO DE SALUD HUALLHUA","departamento":"AYACUCHO","provincia":"HUANTA","distrito":"PUCACOLPA","institucion":"GOBIERNO REGIONAL","codigoMinsa":3647,"direccion":"PLAZA PLAZA PRINCIPAL DE HUALLHUA DISTRITO PUCACOLPA PROVINCIA HUANTA DEPARTAMENTO AYACUCHO","disa":"AYACUCHO","red":"HUANTA","microrred":"HUALLHUA","categoria":"ESTABLECIMIENTO DE SALUD SIN INTERNAMIENTO","condicion":"ACTIVO","actualizado":"2023/08/01 19:00:00.000","fuente":"MINSA","urlRenipr":"http://app20.susalud.gob.pe:8080/registro-renipress-webapp/ipress.htm?action=mostrarVer&idipress=00003647"}},{"type":"Feature","geometry":{"type":"Point","coordinates":[-73.72862332999995,-14.005998329999954]},"properties":{"objectid":12057,"nombre":"PUESTO DE SALUD SANTIAGO DE PALLCCA","departamento":"AYACUCHO","provincia":"SUCRE","distrito":"SAN SALVADOR DE QUIJE","institucion":"GOBIERNO REGIONAL","codigoMinsa":3807,"direccion":"JIRÓN JR. SAN MARTIN S/N NÚMERO S/N DISTRITO SAN SALVADOR DE QUIJE PROVINCIA SUCRE DEPARTAMENTO AYACUCHO","disa":"AYACUCHO","red":"AYACUCHO CENTRO","microrred":"SUCRE","categoria":"ESTABLECIMIENTO DE SALUD SIN INTERNAMIENTO","condicion":"ACTIVO","actualizado":"2023/08/01 19:00:00.000","fuente":"MINSA","urlRenipr":"http://app20.susalud.gob.pe:8080/registro-renipress-webapp/ipress.htm?action=mostrarVer&idipress=00003807"}},{"type":"Feature","geometry":{"type":"Point","coordinates":[-73.58695499999999,-13.211081669999942]},"properties":{"objectid":12058,"nombre":"CENTRO DE SALUD CHUNGUI","departamento":"AYACUCHO","provincia":"LA MAR","distrito":"CHUNGUI","institucion":"GOBIERNO REGIONAL","codigoMinsa":3783,"direccion":"PLAZA A 02 CUADRAS DE LA PLAZA PRINCIPAL DE CHUNGUI DISTRITO CHUNGUI PROVINCIA LA MAR DEPARTAMENTO AYACUCHO","disa":"AYACUCHO","red":"SAN MIGUEL","microrred":"CHUNGUI","categoria":"ESTABLECIMIENTO DE SALUD SIN INTERNAMIENTO","condicion":"ACTIVO","actualizado":"2023/08/01 19:00:00.000","fuente":"MINSA","urlRenipr":"http://app20.susalud.gob.pe:8080/registro-renipress-webapp/ipress.htm?action=mostrarVer&idipress=00003783"}},{"type":"Feature","geometry":{"type":"Point","coordinates":[-73.85807332999997,-12.579371669999944]},"properties":{"objectid":12059,"nombre":"PUESTO DE SALUD TRIBOLINE","departamento":"AYACUCHO","provincia":"HUANTA","distrito":"SIVIA","institucion":"GOBIERNO REGIONAL","codigoMinsa":3775,"direccion":"PLAZA PLAZA PRINCIPAL TRIBOLINE DISTRITO SIVIA PROVINCIA HUANTA DEPARTAMENTO AYACUCHO","disa":"AYACUCHO","red":"SAN FRANCISCO","microrred":"TRIBOLINE","categoria":"ESTABLECIMIENTO DE SALUD SIN INTERNAMIENTO","condicion":"ACTIVO","actualizado":"2023/08/01 19:00:00.000","fuente":"MINSA","urlRenipr":"http://app20.susalud.gob.pe:8080/registro-renipress-webapp/ipress.htm?action=mostrarVer&idipress=00003775"}},{"type":"Feature","geometry":{"type":"Point","coordinates":[-73.97769501999994,-14.275040289999936]},"properties":{"objectid":12061,"nombre":"CENTRO DE SALUD AUCARA","departamento":"AYACUCHO","provincia":"LUCANAS","distrito":"AUCARA","institucion":"GOBIERNO REGIONAL","codigoMinsa":3713,"direccion":"CALLE CALLE PRINCIPAL DISTRITO AUCARA PROVINCIA LUCANAS DEPARTAMENTO AYACUCHO","disa":"AYACUCHO","red":"LUCANAS","microrred":"VALLE SONDONDO-AUCARA","categoria":"ESTABLECIMIENTO DE SALUD SIN INTERNAMIENTO","condicion":"ACTIVO","actualizado":"2023/08/01 19:00:00.000","fuente":"MINSA","urlRenipr":"http://app20.susalud.gob.pe:8080/registro-renipress-webapp/ipress.htm?action=mostrarVer&idipress=00003713"}},{"type":"Feature","geometry":{"type":"Point","coordinates":[-74.39978207999997,-13.466056889999948]},"properties":{"objectid":12062,"nombre":"PUESTO DE SALUD PUNKUPATA","departamento":"AYACUCHO","provincia":"CANGALLO","distrito":"CHUSCHI","institucion":"GOBIERNO REGIONAL","codigoMinsa":3593,"direccion":"OTROS COMUNIDAD DE PUNKUPATA DISTRITO CHUSCHI PROVINCIA CANGALLO DEPARTAMENTO AYACUCHO","disa":"AYACUCHO","red":"HUAMANGA","microrred":"PUTACCA","categoria":"ESTABLECIMIENTO DE SALUD SIN INTERNAMIENTO","condicion":"ACTIVO","actualizado":"2023/08/01 19:00:00.000","fuente":"MINSA","urlRenipr":"http://app20.susalud.gob.pe:8080/registro-renipress-webapp/ipress.htm?action=mostrarVer&idipress=00003593"}},{"type":"Feature","geometry":{"type":"Point","coordinates":[-74.25503808999997,-13.069452499999954]},"properties":{"objectid":12063,"nombre":"LA COMPAÑIA","departamento":"AYACUCHO","provincia":"HUAMANGA","distrito":"PACAYCASA","institucion":"GOBIERNO REGIONAL","codigoMinsa":3608,"direccion":"PLAZA PLAZA PRINCIPAL DISTRITO PACAYCASA PROVINCIA HUAMANGA DEPARTAMENTO AYACUCHO","disa":"AYACUCHO","red":"HUAMANGA","microrred":"MUYURINA","categoria":"ESTABLECIMIENTO DE SALUD SIN INTERNAMIENTO","condicion":"ACTIVO","actualizado":"2023/08/01 19:00:00.000","fuente":"MINSA","urlRenipr":"http://app20.susalud.gob.pe:8080/registro-renipress-webapp/ipress.htm?action=mostrarVer&idipress=00003608"}},{"type":"Feature","geometry":{"type":"Point","coordinates":[-74.22574470999996,-13.16266036999997]},"properties":{"objectid":12108,"nombre":"DENTAL ABREGÚ","departamento":"AYACUCHO","provincia":"HUAMANGA","distrito":"AYACUCHO","institucion":"PRIVADO","codigoMinsa":27264,"direccion":"JIRÓN DOS DE MAYO NÚMERO 236 PISO 1 DISTRITO AYACUCHO PROVINCIA HUAMANGA DEPARTAMENTO AYACUCHO","disa":"AYACUCHO","red":"NO PERTENECE A NINGUNA RED","microrred":"NO PERTENECE A NINGUNA MICRORED","categoria":"ESTABLECIMIENTO DE SALUD SIN INTERNAMIENTO","condicion":"ACTIVO","actualizado":"2023/08/01 19:00:00.000","fuente":"MINSA","urlRenipr":"http://app20.susalud.gob.pe:8080/registro-renipress-webapp/ipress.htm?action=mostrarVer&idipress=00027264"}},{"type":"Feature","geometry":{"type":"Point","coordinates":[-74.22235441999999,-13.158002469999929]},"properties":{"objectid":12341,"nombre":"Consultorio Obstetrico \"WARMI\"","departamento":"AYACUCHO","provincia":"HUAMANGA","distrito":"AYACUCHO","institucion":"PRIVADO","codigoMinsa":26515,"direccion":"AVENIDA Mariscal Caceres N?ERO 828 PISO 2 DISTRITO AYACUCHO PROVINCIA HUAMANGA DEPARTAMENTO AYACUCHO","disa":"AYACUCHO","red":"NO PERTENECE A NINGUNA RED","microrred":"NO PERTENECE A NINGUNA MICRORED","categoria":"ESTABLECIMIENTO DE SALUD SIN INTERNAMIENTO","condicion":"ACTIVO","actualizado":"2023/08/01 19:00:00.000","fuente":"MINSA","urlRenipr":"http://app20.susalud.gob.pe:8080/registro-renipress-webapp/ipress.htm?action=mostrarVer&idipress=00026515"}},{"type":"Feature","geometry":{"type":"Point","coordinates":[-73.58524156999994,-13.306404059999977]},"properties":{"objectid":12384,"nombre":"PUESTO DE SALUD SAN JOSE DE SOCOS","departamento":"AYACUCHO","provincia":"LA MAR","distrito":"CHUNGUI","institucion":"GOBIERNO REGIONAL","codigoMinsa":6656,"direccion":"JIRÓN JR. PROGRESO S/N NÚMERO S/N DISTRITO CHUNGUI PROVINCIA LA MAR DEPARTAMENTO AYACUCHO","disa":"AYACUCHO","red":"SAN MIGUEL","microrred":"CHUNGUI","categoria":"ESTABLECIMIENTO DE SALUD SIN INTERNAMIENTO","condicion":"ACTIVO","actualizado":"2023/08/01 19:00:00.000","fuente":"MINSA","urlRenipr":"http://app20.susalud.gob.pe:8080/registro-renipress-webapp/ipress.htm?action=mostrarVer&idipress=00006656"}},{"type":"Feature","geometry":{"type":"Point","coordinates":[-74.22540945999998,-13.15616375999997]},"properties":{"objectid":12429,"nombre":"OPTICAS FASHION CENTER EIRL","departamento":"AYACUCHO","provincia":"HUAMANGA","distrito":"AYACUCHO","institucion":"PRIVADO","codigoMinsa":27347,"direccion":"JIRÓN MANCO CAPAC N?ERO 306 PISO 1 DISTRITO AYACUCHO PROVINCIA HUAMANGA DEPARTAMENTO AYACUCHO","disa":"AYACUCHO","red":"NO PERTENECE A NINGUNA RED","microrred":"NO PERTENECE A NINGUNA MICRORED","categoria":"SERVICIO MÉDICO DE APOYO","condicion":"ACTIVO","actualizado":"2023/08/01 19:00:00.000","fuente":"MINSA","urlRenipr":"http://app20.susalud.gob.pe:8080/registro-renipress-webapp/ipress.htm?action=mostrarVer&idipress=00027347"}},{"type":"Feature","geometry":{"type":"Point","coordinates":[-74.22356409999998,-13.163873699999954]},"properties":{"objectid":12657,"nombre":"CENTRO DE SALUD MILITAR DE LA SEGUNDA BRIGADA DE INFANTERIA \"WARI\"","departamento":"AYACUCHO","provincia":"HUAMANGA","distrito":"ANDRES AVELINO CACERES DORREGARAY","institucion":"SANIDAD DEL EJERCITO DEL PERU","codigoMinsa":29354,"direccion":"AVENIDA EJERCITO NÚMERO S/N DISTRITO ANDRES AVELINO CACERES D. PROVINCIA HUAMANGA DEPARTAMENTO AYACUCHO","disa":"AYACUCHO","red":"","microrred":"NO PERTENECE A NINGUNA MICRORED","categoria":"ESTABLECIMIENTO DE SALUD SIN INTERNAMIENTO","condicion":"ACTIVO","actualizado":"2023/08/01 19:00:00.000","fuente":"MINSA","urlRenipr":"http://app20.susalud.gob.pe:8080/registro-renipress-webapp/ipress.htm?action=mostrarVer&idipress=00029354"}},{"type":"Feature","geometry":{"type":"Point","coordinates":[-75.02628999999996,-14.114373329999978]},"properties":{"objectid":13292,"nombre":"PUESTO DE SALUD PAYLLIHUA","departamento":"AYACUCHO","provincia":"LUCANAS","distrito":"HUAC-HUAS","institucion":"GOBIERNO REGIONAL","codigoMinsa":6654,"direccion":"CALLE CALLE PRINCIPAL S/N NÚMERO S/N DISTRITO HUAC-HUAS PROVINCIA LUCANAS DEPARTAMENTO AYACUCHO","disa":"AYACUCHO","red":"LUCANAS","microrred":"HUACHUAS","categoria":"ESTABLECIMIENTO DE SALUD SIN INTERNAMIENTO","condicion":"ACTIVO","actualizado":"2023/08/01 19:00:00.000","fuente":"MINSA","urlRenipr":"http://app20.susalud.gob.pe:8080/registro-renipress-webapp/ipress.htm?action=mostrarVer&idipress=00006654"}},{"type":"Feature","geometry":{"type":"Point","coordinates":[-74.22576789999994,-13.160550299999954]},"properties":{"objectid":13557,"nombre":"EL GALENO","departamento":"AYACUCHO","provincia":"HUAMANGA","distrito":"JESUS NAZARENO","institucion":"PRIVADO","codigoMinsa":28119,"direccion":"JIRÓN MARIANO MELGAR NÚMERO 327 PISO 1 DEPARTAMENTO 1 DISTRITO JESUS NAZARENO PROVINCIA HUAMANGA DEPARTAMENTO AYACUCHO","disa":"AYACUCHO","red":"NO PERTENECE A NINGUNA RED","microrred":"NO PERTENECE A NINGUNA MICRORED","categoria":"ESTABLECIMIENTO DE SALUD SIN INTERNAMIENTO","condicion":"ACTIVO","actualizado":"2023/08/01 19:00:00.000","fuente":"MINSA","urlRenipr":"http://app20.susalud.gob.pe:8080/registro-renipress-webapp/ipress.htm?action=mostrarVer&idipress=00028119"}},{"type":"Feature","geometry":{"type":"Point","coordinates":[-74.21789158999997,-13.15606854999993]},"properties":{"objectid":13604,"nombre":"CENTRO MEDIC PSICOSOMÁTICO PROSAMAS J&B S.A.C.","departamento":"AYACUCHO","provincia":"HUAMANGA","distrito":"JESUS NAZARENO","institucion":"PRIVADO","codigoMinsa":26114,"direccion":"JIRÓN MARIANO MELGAR NÚMERO 403 PISO 2 DISTRITO JESUS NAZARENO PROVINCIA HUAMANGA DEPARTAMENTO AYACUCHO","disa":"AYACUCHO","red":"NO PERTENECE A NINGUNA RED","microrred":"NO PERTENECE A NINGUNA MICRORED","categoria":"ESTABLECIMIENTO DE SALUD SIN INTERNAMIENTO","condicion":"ACTIVO","actualizado":"2023/08/01 19:00:00.000","fuente":"MINSA","urlRenipr":"http://app20.susalud.gob.pe:8080/registro-renipress-webapp/ipress.htm?action=mostrarVer&idipress=00026114"}},{"type":"Feature","geometry":{"type":"Point","coordinates":[-74.22619679999997,-13.175478699999928]},"properties":{"objectid":13814,"nombre":"POLICLINICO SANTA MARIA MAGDALENA","departamento":"AYACUCHO","provincia":"HUAMANGA","distrito":"AYACUCHO","institucion":"PRIVADO","codigoMinsa":12350,"direccion":"JIRÓN JR BELLIDO N° 275 DISTRITO AYACUCHO PROVINCIA HUAMANGA DEPARTAMENTO AYACUCHO","disa":"AYACUCHO","red":"NO PERTENECE A NINGUNA RED","microrred":"NO PERTENECE A NINGUNA MICRORED","categoria":"ESTABLECIMIENTO DE SALUD SIN INTERNAMIENTO","condicion":"ACTIVO","actualizado":"2023/08/01 19:00:00.000","fuente":"MINSA","urlRenipr":"http://app20.susalud.gob.pe:8080/registro-renipress-webapp/ipress.htm?action=mostrarVer&idipress=00012350"}},{"type":"Feature","geometry":{"type":"Point","coordinates":[-74.22481390999997,-13.152613729999928]},"properties":{"objectid":14106,"nombre":"GASTROMEDIC","departamento":"AYACUCHO","provincia":"HUAMANGA","distrito":"AYACUCHO","institucion":"PRIVADO","codigoMinsa":27186,"direccion":"AVENIDA 26 DE ENERO N?ERO 224 PISO 1 URBANIZACI? MARISCAL CACERES DISTRITO AYACUCHO PROVINCIA HUAMANGA DEPARTAMENTO AYACUCHO","disa":"AYACUCHO","red":"NO PERTENECE A NINGUNA RED","microrred":"NO PERTENECE A NINGUNA MICRORED","categoria":"ESTABLECIMIENTO DE SALUD SIN INTERNAMIENTO","condicion":"ACTIVO","actualizado":"2023/08/01 19:00:00.000","fuente":"MINSA","urlRenipr":"http://app20.susalud.gob.pe:8080/registro-renipress-webapp/ipress.htm?action=mostrarVer&idipress=00027186"}},{"type":"Feature","geometry":{"type":"Point","coordinates":[-73.90484256999997,-13.026740649999965]},"properties":{"objectid":14107,"nombre":"PUESTO DE SALUD URAS","departamento":"AYACUCHO","provincia":"LA MAR","distrito":"SAN MIGUEL","institucion":"GOBIERNO REGIONAL","codigoMinsa":27507,"direccion":"CALLE LA PERUANIDAD N 2 SAN MIGUEL LA MAR AYACUCHO","disa":"AYACUCHO","red":"SAN MIGUEL","microrred":"NINABAMBA","categoria":"ESTABLECIMIENTO DE SALUD SIN INTERNAMIENTO","condicion":"ACTIVO","actualizado":"2023/08/01 19:00:00.000","fuente":"MINSA","urlRenipr":"http://app20.susalud.gob.pe:8080/registro-renipress-webapp/ipress.htm?action=mostrarVer&idipress=00027507"}},{"type":"Feature","geometry":{"type":"Point","coordinates":[-73.60019166999996,-12.903163329999927]},"properties":{"objectid":14108,"nombre":"PUESTO DE SALUD BUENA GANA","departamento":"AYACUCHO","provincia":"LA MAR","distrito":"ANCHIHUAY","institucion":"GOBIERNO REGIONAL","codigoMinsa":3759,"direccion":"PLAZA PLAZA PRINCIPAL BUENA GANA DISTRITO ANCHIHUAY PROVINCIA LA MAR DEPARTAMENTO AYACUCHO","disa":"AYACUCHO","red":"SAN FRANCISCO","microrred":"SAN MARTIN","categoria":"ESTABLECIMIENTO DE SALUD SIN INTERNAMIENTO","condicion":"ACTIVO","actualizado":"2023/08/01 19:00:00.000","fuente":"MINSA","urlRenipr":"http://app20.susalud.gob.pe:8080/registro-renipress-webapp/ipress.htm?action=mostrarVer&idipress=00003759"}},{"type":"Feature","geometry":{"type":"Point","coordinates":[-74.22724942999997,-13.546663449999926]},"properties":{"objectid":14109,"nombre":"PUESTO DE SALUD JUSCAYMARCA","departamento":"AYACUCHO","provincia":"CANGALLO","distrito":"LOS MOROCHUCOS","institucion":"GOBIERNO REGIONAL","codigoMinsa":17084,"direccion":"OTROS CENTRO POBLADO JUSCAYMARCA DISTRITO LOS MOROCHUCOS PROVINCIA CANGALLO DEPARTAMENTO AYACUCHO","disa":"AYACUCHO","red":"AYACUCHO CENTRO","microrred":"PAMPA CANGALLO","categoria":"ESTABLECIMIENTO DE SALUD SIN INTERNAMIENTO","condicion":"ACTIVO","actualizado":"2023/08/01 19:00:00.000","fuente":"MINSA","urlRenipr":"http://app20.susalud.gob.pe:8080/registro-renipress-webapp/ipress.htm?action=mostrarVer&idipress=00017084"}},{"type":"Feature","geometry":{"type":"Point","coordinates":[-74.85780331999996,-13.357426629999964]},"properties":{"objectid":14110,"nombre":"CCARHUACC LICAPA","departamento":"AYACUCHO","provincia":"CANGALLO","distrito":"PARAS","institucion":"GOBIERNO REGIONAL","codigoMinsa":3573,"direccion":"OTROS COMUNIDAD DE LICAPA DISTRITO PARAS PROVINCIA CANGALLO DEPARTAMENTO AYACUCHO","disa":"AYACUCHO","red":"HUAMANGA","microrred":"VINCHOS","categoria":"ESTABLECIMIENTO DE SALUD SIN INTERNAMIENTO","condicion":"ACTIVO","actualizado":"2023/08/01 19:00:00.000","fuente":"MINSA","urlRenipr":"http://app20.susalud.gob.pe:8080/registro-renipress-webapp/ipress.htm?action=mostrarVer&idipress=00003573"}},{"type":"Feature","geometry":{"type":"Point","coordinates":[-74.25151332999997,-12.936043329999961]},"properties":{"objectid":14111,"nombre":"HOSPITAL DE APOYO DE HUANTA \"DANIEL ALCIDES CARRIÓN\"","departamento":"AYACUCHO","provincia":"HUANTA","distrito":"HUANTA","institucion":"GOBIERNO REGIONAL","codigoMinsa":3655,"direccion":"AVENIDA AV. MARISCAL CASTILLA Nº 625 AV. MARISCAL CASTILLA Nº 625 HUANTA HUANTA AYACUCHO","disa":"AYACUCHO","red":"HUANTA","microrred":"NO PERTENECE A NINGUNA MICRORED","categoria":"ESTABLECIMIENTO DE SALUD CON INTERNAMIENTO","condicion":"ACTIVO","actualizado":"2023/08/01 19:00:00.000","fuente":"MINSA","urlRenipr":"http://app20.susalud.gob.pe:8080/registro-renipress-webapp/ipress.htm?action=mostrarVer&idipress=00003655"}},{"type":"Feature","geometry":{"type":"Point","coordinates":[-74.07964314999998,-14.747512889999939]},"properties":{"objectid":14112,"nombre":"PAMPARQUE","departamento":"AYACUCHO","provincia":"LUCANAS","distrito":"PUQUIO","institucion":"GOBIERNO REGIONAL","codigoMinsa":3734,"direccion":"PLAZA PLAZA DE ARMAS - CENTRO POBLADO PAMPARQUE DISTRITO PUQUIO PROVINCIA LUCANAS DEPARTAMENTO AYACUCHO","disa":"AYACUCHO","red":"LUCANAS","microrred":"SAN PEDRO","categoria":"ESTABLECIMIENTO DE SALUD SIN INTERNAMIENTO","condicion":"ACTIVO","actualizado":"2023/08/01 19:00:00.000","fuente":"MINSA","urlRenipr":"http://app20.susalud.gob.pe:8080/registro-renipress-webapp/ipress.htm?action=mostrarVer&idipress=00003734"}},{"type":"Feature","geometry":{"type":"Point","coordinates":[-73.98069166999994,-12.434419999999932]},"properties":{"objectid":14113,"nombre":"AREQUIPA","departamento":"AYACUCHO","provincia":"HUANTA","distrito":"LLOCHEGUA","institucion":"GOBIERNO REGIONAL","codigoMinsa":6910,"direccion":"PLAZA PLAZA PRINCIPAL DEL C.P. DE AREQUIPA DISTRITO LLOCHEGUA PROVINCIA HUANTA DEPARTAMENTO AYACUCHO","disa":"AYACUCHO","red":"SAN FRANCISCO","microrred":"LLOCHEGUA","categoria":"ESTABLECIMIENTO DE SALUD SIN INTERNAMIENTO","condicion":"ACTIVO","actualizado":"2023/08/01 19:00:00.000","fuente":"MINSA","urlRenipr":"http://app20.susalud.gob.pe:8080/registro-renipress-webapp/ipress.htm?action=mostrarVer&idipress=00006910"}},{"type":"Feature","geometry":{"type":"Point","coordinates":[-73.88584166999993,-14.174874999999929]},"properties":{"objectid":14114,"nombre":"PUESTO DE SALUD HUACAÑA","departamento":"AYACUCHO","provincia":"SUCRE","distrito":"HUACAÑA","institucion":"GOBIERNO REGIONAL","codigoMinsa":3719,"direccion":"AVENIDA AV. PRINCIPAL-HUACAÑA DISTRITO HUACAÑA PROVINCIA SUCRE DEPARTAMENTO AYACUCHO","disa":"AYACUCHO","red":"AYACUCHO CENTRO","microrred":"SUCRE","categoria":"ESTABLECIMIENTO DE SALUD SIN INTERNAMIENTO","condicion":"ACTIVO","actualizado":"2023/08/01 19:00:00.000","fuente":"MINSA","urlRenipr":"http://app20.susalud.gob.pe:8080/registro-renipress-webapp/ipress.htm?action=mostrarVer&idipress=00003719"}},{"type":"Feature","geometry":{"type":"Point","coordinates":[-74.19555479999997,-12.625577389999933]},"properties":{"objectid":14115,"nombre":"PUESTO DE SALUD VISCATAN","departamento":"AYACUCHO","provincia":"HUANTA","distrito":"SANTILLANA","institucion":"GOBIERNO REGIONAL","codigoMinsa":3665,"direccion":"PLAZA PLAZA PRINCIPAL DE NUEVO RODEO DISTRITO SANTILLANA PROVINCIA HUANTA DEPARTAMENTO AYACUCHO","disa":"AYACUCHO","red":"HUANTA","microrred":"SAN JOSE DE SECCE","categoria":"ESTABLECIMIENTO DE SALUD SIN INTERNAMIENTO","condicion":"ACTIVO","actualizado":"2023/08/01 19:00:00.000","fuente":"MINSA","urlRenipr":"http://app20.susalud.gob.pe:8080/registro-renipress-webapp/ipress.htm?action=mostrarVer&idipress=00003665"}},{"type":"Feature","geometry":{"type":"Point","coordinates":[-73.68508999999995,-12.763369999999952]},"properties":{"objectid":14116,"nombre":"CANAL","departamento":"AYACUCHO","provincia":"LA MAR","distrito":"SAMUGARI","institucion":"GOBIERNO REGIONAL","codigoMinsa":7092,"direccion":"PLAZA PLAZA PRINCIPAL CANAL DISTRITO SAMUGARI PROVINCIA LA MAR DEPARTAMENTO AYACUCHO","disa":"AYACUCHO","red":"SAN FRANCISCO","microrred":"PALMAPAMPA","categoria":"ESTABLECIMIENTO DE SALUD SIN INTERNAMIENTO","condicion":"ACTIVO","actualizado":"2023/08/01 19:00:00.000","fuente":"MINSA","urlRenipr":"http://app20.susalud.gob.pe:8080/registro-renipress-webapp/ipress.htm?action=mostrarVer&idipress=00007092"}},{"type":"Feature","geometry":{"type":"Point","coordinates":[-74.24662832999996,-13.01206166999998]},"properties":{"objectid":14117,"nombre":"PUESTO DE SALUD ALLCOHUILLCA","departamento":"AYACUCHO","provincia":"HUANTA","distrito":"IGUAIN","institucion":"GOBIERNO REGIONAL","codigoMinsa":3653,"direccion":"PLAZA PLAZA PRINCIPAL DE ALLCOHUILLCA DISTRITO IGUAIN PROVINCIA HUANTA DEPARTAMENTO AYACUCHO","disa":"AYACUCHO","red":"HUANTA","microrred":"HUAMANGUILLA","categoria":"ESTABLECIMIENTO DE SALUD SIN INTERNAMIENTO","condicion":"ACTIVO","actualizado":"2023/08/01 19:00:00.000","fuente":"MINSA","urlRenipr":"http://app20.susalud.gob.pe:8080/registro-renipress-webapp/ipress.htm?action=mostrarVer&idipress=00003653"}},{"type":"Feature","geometry":{"type":"Point","coordinates":[-74.26861973999996,-13.433157999999935]},"properties":{"objectid":14118,"nombre":"PUESTO DE SALUD SATICA","departamento":"AYACUCHO","provincia":"CANGALLO","distrito":"LOS MOROCHUCOS","institucion":"GOBIERNO REGIONAL","codigoMinsa":7302,"direccion":"PLAZA PLAZA PRINCIPAL DE SATICA DISTRITO LOS MOROCHUCOS PROVINCIA CANGALLO DEPARTAMENTO AYACUCHO","disa":"AYACUCHO","red":"AYACUCHO CENTRO","microrred":"PAMPA CANGALLO","categoria":"ESTABLECIMIENTO DE SALUD SIN INTERNAMIENTO","condicion":"ACTIVO","actualizado":"2023/08/01 19:00:00.000","fuente":"MINSA","urlRenipr":"http://app20.susalud.gob.pe:8080/registro-renipress-webapp/ipress.htm?action=mostrarVer&idipress=00007302"}},{"type":"Feature","geometry":{"type":"Point","coordinates":[-74.30194580999995,-13.15202813999997]},"properties":{"objectid":14119,"nombre":"BELLAVISTA","departamento":"AYACUCHO","provincia":"HUAMANGA","distrito":"SAN JOSE DE TICLLAS","institucion":"GOBIERNO REGIONAL","codigoMinsa":6792,"direccion":"OTROS COMUNIDAD DE BELLAVISTA DISTRITO SAN JOSE DE TICLLAS PROVINCIA HUAMANGA DEPARTAMENTO AYACUCHO","disa":"AYACUCHO","red":"HUAMANGA","microrred":"SOCOS","categoria":"ESTABLECIMIENTO DE SALUD SIN INTERNAMIENTO","condicion":"ACTIVO","actualizado":"2023/08/01 19:00:00.000","fuente":"MINSA","urlRenipr":"http://app20.susalud.gob.pe:8080/registro-renipress-webapp/ipress.htm?action=mostrarVer&idipress=00006792"}},{"type":"Feature","geometry":{"type":"Point","coordinates":[-73.34065832999994,-15.148911669999961]},"properties":{"objectid":14120,"nombre":"CENTRO DE SALUD MARCABAMBA","departamento":"AYACUCHO","provincia":"PAUCAR DEL SARA SARA","distrito":"MARCABAMBA","institucion":"GOBIERNO REGIONAL","codigoMinsa":3696,"direccion":"JIRÓN JR. MICAELA BASTIDAS S/N NÚMERO S/N DISTRITO MARCABAMBA PROVINCIA PAUCAR DEL SARA SARA DEPARTAMENTO AYACUCHO","disa":"AYACUCHO","red":"CORACORA","microrred":"PAUSA","categoria":"ESTABLECIMIENTO DE SALUD SIN INTERNAMIENTO","condicion":"ACTIVO","actualizado":"2023/08/01 19:00:00.000","fuente":"MINSA","urlRenipr":"http://app20.susalud.gob.pe:8080/registro-renipress-webapp/ipress.htm?action=mostrarVer&idipress=00003696"}},{"type":"Feature","geometry":{"type":"Point","coordinates":[-73.78671243999997,-13.742080559999977]},"properties":{"objectid":14121,"nombre":"PUESTO DE SALUD CARHUANCA","departamento":"AYACUCHO","provincia":"VILCAS HUAMAN","distrito":"CARHUANCA","institucion":"GOBIERNO REGIONAL","codigoMinsa":3845,"direccion":"OTROS CARHUANCA S/N NÚMERO S/N DISTRITO CARHUANCA PROVINCIA VILCAS HUAMAN DEPARTAMENTO AYACUCHO","disa":"AYACUCHO","red":"AYACUCHO CENTRO","microrred":"VILCASHUAMAN","categoria":"ESTABLECIMIENTO DE SALUD SIN INTERNAMIENTO","condicion":"ACTIVO","actualizado":"2023/08/01 19:00:00.000","fuente":"MINSA","urlRenipr":"http://app20.susalud.gob.pe:8080/registro-renipress-webapp/ipress.htm?action=mostrarVer&idipress=00003845"}},{"type":"Feature","geometry":{"type":"Point","coordinates":[-74.20271332999994,-13.01266666999993]},"properties":{"objectid":14122,"nombre":"PUESTO DE SALUD ICHUPATA","departamento":"AYACUCHO","provincia":"HUANTA","distrito":"HUAMANGUILLA","institucion":"GOBIERNO REGIONAL","codigoMinsa":3652,"direccion":"PLAZA PLAZA PRINCIPAL DE ICHUPATA DISTRITO HUAMANGUILLA PROVINCIA HUANTA DEPARTAMENTO AYACUCHO","disa":"AYACUCHO","red":"HUANTA","microrred":"HUAMANGUILLA","categoria":"ESTABLECIMIENTO DE SALUD SIN INTERNAMIENTO","condicion":"ACTIVO","actualizado":"2023/08/01 19:00:00.000","fuente":"MINSA","urlRenipr":"http://app20.susalud.gob.pe:8080/registro-renipress-webapp/ipress.htm?action=mostrarVer&idipress=00003652"}},{"type":"Feature","geometry":{"type":"Point","coordinates":[-74.52296091999995,-12.36005438999996]},"properties":{"objectid":14123,"nombre":"PUESTO SALUD SACHABAMBA HUANTA","departamento":"AYACUCHO","provincia":"HUANTA","distrito":"PUCACOLPA","institucion":"GOBIERNO REGIONAL","codigoMinsa":3649,"direccion":"PLAZA PLAZA PRINCIPAL DE SACHABAMBA DISTRITO PUCACOLPA PROVINCIA HUANTA DEPARTAMENTO AYACUCHO","disa":"AYACUCHO","red":"HUANTA","microrred":"HUALLHUA","categoria":"ESTABLECIMIENTO DE SALUD SIN INTERNAMIENTO","condicion":"ACTIVO","actualizado":"2023/08/01 19:00:00.000","fuente":"MINSA","urlRenipr":"http://app20.susalud.gob.pe:8080/registro-renipress-webapp/ipress.htm?action=mostrarVer&idipress=00003649"}},{"type":"Feature","geometry":{"type":"Point","coordinates":[-74.31604422999999,-13.836063879999926]},"properties":{"objectid":14124,"nombre":"PUESTO DE SALUD CARAPO","departamento":"AYACUCHO","provincia":"HUANCA SANCOS","distrito":"CARAPO","institucion":"GOBIERNO REGIONAL","codigoMinsa":3641,"direccion":"OTROS COMUNIDAD DE CARAPO DISTRITO CARAPO PROVINCIA HUANCA SANCOS DEPARTAMENTO AYACUCHO","disa":"AYACUCHO","red":"AYACUCHO CENTRO","microrred":"HUANCASANCOS","categoria":"ESTABLECIMIENTO DE SALUD SIN INTERNAMIENTO","condicion":"ACTIVO","actualizado":"2023/08/01 19:00:00.000","fuente":"MINSA","urlRenipr":"http://app20.susalud.gob.pe:8080/registro-renipress-webapp/ipress.htm?action=mostrarVer&idipress=00003641"}},{"type":"Feature","geometry":{"type":"Point","coordinates":[-73.94814573999997,-13.851291689999982]},"properties":{"objectid":14125,"nombre":"CENTRO DE SALUD HUALLA","departamento":"AYACUCHO","provincia":"VICTOR FAJARDO","distrito":"HUALLA","institucion":"GOBIERNO REGIONAL","codigoMinsa":3829,"direccion":"JIRÓN JR. 16 DE ABRIL S/N - HUALLA NÚMERO S/N DISTRITO HUALLA PROVINCIA VICTOR FAJARDO DEPARTAMENTO AYACUCHO","disa":"AYACUCHO","red":"AYACUCHO CENTRO","microrred":"VICTOR FAJARDO","categoria":"ESTABLECIMIENTO DE SALUD SIN INTERNAMIENTO","condicion":"ACTIVO","actualizado":"2023/08/01 19:00:00.000","fuente":"MINSA","urlRenipr":"http://app20.susalud.gob.pe:8080/registro-renipress-webapp/ipress.htm?action=mostrarVer&idipress=00003829"}},{"type":"Feature","geometry":{"type":"Point","coordinates":[-73.90745763999996,-14.05204096999995]},"properties":{"objectid":14126,"nombre":"PUESTO DE SALUD ASQUIPATA","departamento":"AYACUCHO","provincia":"VICTOR FAJARDO","distrito":"ASQUIPATA","institucion":"GOBIERNO REGIONAL","codigoMinsa":3821,"direccion":"JIRÓN JR. MARISCAL SUCRE S/N - ASQUIPATA NÚMERO S/N DISTRITO ASQUIPATA PROVINCIA VICTOR FAJARDO DEPARTAMENTO AYACUCHO","disa":"AYACUCHO","red":"AYACUCHO CENTRO","microrred":"VICTOR FAJARDO","categoria":"ESTABLECIMIENTO DE SALUD SIN INTERNAMIENTO","condicion":"ACTIVO","actualizado":"2023/08/01 19:00:00.000","fuente":"MINSA","urlRenipr":"http://app20.susalud.gob.pe:8080/registro-renipress-webapp/ipress.htm?action=mostrarVer&idipress=00003821"}},{"type":"Feature","geometry":{"type":"Point","coordinates":[-74.40736440999996,-13.207455539999955]},"properties":{"objectid":14127,"nombre":"PACCHA","departamento":"AYACUCHO","provincia":"HUAMANGA","distrito":"VINCHOS","institucion":"GOBIERNO REGIONAL","codigoMinsa":3632,"direccion":"PLAZA PLAZA PRINCIPAL DISTRITO VINCHOS PROVINCIA HUAMANGA DEPARTAMENTO AYACUCHO","disa":"AYACUCHO","red":"HUAMANGA","microrred":"VINCHOS","categoria":"ESTABLECIMIENTO DE SALUD SIN INTERNAMIENTO","condicion":"ACTIVO","actualizado":"2023/08/01 19:00:00.000","fuente":"MINSA","urlRenipr":"http://app20.susalud.gob.pe:8080/registro-renipress-webapp/ipress.htm?action=mostrarVer&idipress=00003632"}},{"type":"Feature","geometry":{"type":"Point","coordinates":[-73.65653332999995,-13.97469499999994]},"properties":{"objectid":14129,"nombre":"PUESTO DE SALUD SIHUE","departamento":"AYACUCHO","provincia":"SUCRE","distrito":"PAICO","institucion":"GOBIERNO REGIONAL","codigoMinsa":3814,"direccion":"PLAZA PLAZA PRINCIPAL DISTRITO PAICO PROVINCIA SUCRE DEPARTAMENTO AYACUCHO","disa":"AYACUCHO","red":"AYACUCHO CENTRO","microrred":"SUCRE","categoria":"ESTABLECIMIENTO DE SALUD SIN INTERNAMIENTO","condicion":"ACTIVO","actualizado":"2023/08/01 19:00:00.000","fuente":"MINSA","urlRenipr":"http://app20.susalud.gob.pe:8080/registro-renipress-webapp/ipress.htm?action=mostrarVer&idipress=00003814"}},{"type":"Feature","geometry":{"type":"Point","coordinates":[-74.02817166999995,-12.94354999999996]},"properties":{"objectid":14130,"nombre":"PUESTO DE SALUD CCARHUAPAMPA","departamento":"AYACUCHO","provincia":"LA MAR","distrito":"TAMBO","institucion":"GOBIERNO REGIONAL","codigoMinsa":3800,"direccion":"OTROS A ESPALDAS DE LA I.E.I. DE CCARHUAPAMPA DISTRITO TAMBO PROVINCIA LA MAR DEPARTAMENTO AYACUCHO","disa":"AYACUCHO","red":"SAN MIGUEL","microrred":"TAMBO","categoria":"ESTABLECIMIENTO DE SALUD SIN INTERNAMIENTO","condicion":"ACTIVO","actualizado":"2023/08/01 19:00:00.000","fuente":"MINSA","urlRenipr":"http://app20.susalud.gob.pe:8080/registro-renipress-webapp/ipress.htm?action=mostrarVer&idipress=00003800"}},{"type":"Feature","geometry":{"type":"Point","coordinates":[-74.00477360999997,-12.763601219999941]},"properties":{"objectid":14131,"nombre":"PUESTO DE SALUD CCANO","departamento":"AYACUCHO","provincia":"HUANTA","distrito":"UCHURACCAY","institucion":"GOBIERNO REGIONAL","codigoMinsa":3752,"direccion":"OTROS COSTADO DE LA I.E. Nº 38298 - CCANO DISTRITO UCHURACCAY PROVINCIA HUANTA DEPARTAMENTO AYACUCHO","disa":"AYACUCHO","red":"SAN MIGUEL","microrred":"TAMBO","categoria":"ESTABLECIMIENTO DE SALUD SIN INTERNAMIENTO","condicion":"ACTIVO","actualizado":"2023/08/01 19:00:00.000","fuente":"MINSA","urlRenipr":"http://app20.susalud.gob.pe:8080/registro-renipress-webapp/ipress.htm?action=mostrarVer&idipress=00003752"}},{"type":"Feature","geometry":{"type":"Point","coordinates":[-74.16858015999998,-13.053898789999948]},"properties":{"objectid":14132,"nombre":"PUESTO DE SALUD LLAMAHUILLCA","departamento":"AYACUCHO","provincia":"HUAMANGA","distrito":"QUINUA","institucion":"GOBIERNO REGIONAL","codigoMinsa":3596,"direccion":"OTROS COMUNIDAD DE LLAMAHUILLCA DISTRITO QUINUA PROVINCIA HUAMANGA DEPARTAMENTO AYACUCHO","disa":"AYACUCHO","red":"HUAMANGA","microrred":"QUINUA","categoria":"ESTABLECIMIENTO DE SALUD SIN INTERNAMIENTO","condicion":"ACTIVO","actualizado":"2023/08/01 19:00:00.000","fuente":"MINSA","urlRenipr":"http://app20.susalud.gob.pe:8080/registro-renipress-webapp/ipress.htm?action=mostrarVer&idipress=00003596"}},{"type":"Feature","geometry":{"type":"Point","coordinates":[-73.90147438999998,-13.347406209999974]},"properties":{"objectid":14133,"nombre":"PUESTO DE SALUD CCERAOCRO","departamento":"AYACUCHO","provincia":"HUAMANGA","distrito":"OCROS","institucion":"GOBIERNO REGIONAL","codigoMinsa":3581,"direccion":"PLAZA PLAZA PRINCIPAL DISTRITO OCROS PROVINCIA HUAMANGA DEPARTAMENTO AYACUCHO","disa":"AYACUCHO","red":"HUAMANGA","microrred":"OCROS","categoria":"ESTABLECIMIENTO DE SALUD SIN INTERNAMIENTO","condicion":"ACTIVO","actualizado":"2023/08/01 19:00:00.000","fuente":"MINSA","urlRenipr":"http://app20.susalud.gob.pe:8080/registro-renipress-webapp/ipress.htm?action=mostrarVer&idipress=00003581"}},{"type":"Feature","geometry":{"type":"Point","coordinates":[-73.91632309999994,-13.392482769999958]},"properties":{"objectid":14134,"nombre":"CENTRO DE SALUD OCROS","departamento":"AYACUCHO","provincia":"HUAMANGA","distrito":"OCROS","institucion":"GOBIERNO REGIONAL","codigoMinsa":3577,"direccion":"OTROS CENTRO POBLADO OCROS MZ-Q L-10 DISTRITO OCROS PROVINCIA HUAMANGA DEPARTAMENTO AYACUCHO","disa":"AYACUCHO","red":"HUAMANGA","microrred":"OCROS","categoria":"ESTABLECIMIENTO DE SALUD SIN INTERNAMIENTO","condicion":"ACTIVO","actualizado":"2023/08/01 19:00:00.000","fuente":"MINSA","urlRenipr":"http://app20.susalud.gob.pe:8080/registro-renipress-webapp/ipress.htm?action=mostrarVer&idipress=00003577"}},{"type":"Feature","geometry":{"type":"Point","coordinates":[-74.10847911999997,-13.212243719999947]},"properties":{"objectid":14135,"nombre":"TAMBILLO","departamento":"AYACUCHO","provincia":"HUAMANGA","distrito":"TAMBILLO","institucion":"GOBIERNO REGIONAL","codigoMinsa":3549,"direccion":"OTROS LOCALIDAD DE CCECHCCA DISTRITO TAMBILLO PROVINCIA HUAMANGA DEPARTAMENTO AYACUCHO","disa":"AYACUCHO","red":"HUAMANGA","microrred":"SANTA ELENA","categoria":"ESTABLECIMIENTO DE SALUD SIN INTERNAMIENTO","condicion":"ACTIVO","actualizado":"2023/08/01 19:00:00.000","fuente":"MINSA","urlRenipr":"http://app20.susalud.gob.pe:8080/registro-renipress-webapp/ipress.htm?action=mostrarVer&idipress=00003549"}},{"type":"Feature","geometry":{"type":"Point","coordinates":[-73.56946499999998,-15.25028666999998]},"properties":{"objectid":14136,"nombre":"CENTRO DE SALUD INCUYO","departamento":"AYACUCHO","provincia":"PARINACOCHAS","distrito":"PUYUSCA","institucion":"GOBIERNO REGIONAL","codigoMinsa":3524,"direccion":"AVENIDA AV. SAN ISIDRO S/N NÚMERO S/N DISTRITO PUYUSCA PROVINCIA PARINACOCHAS DEPARTAMENTO AYACUCHO","disa":"AYACUCHO","red":"CORACORA","microrred":"INCUYO","categoria":"ESTABLECIMIENTO DE SALUD SIN INTERNAMIENTO","condicion":"ACTIVO","actualizado":"2023/08/01 19:00:00.000","fuente":"MINSA","urlRenipr":"http://app20.susalud.gob.pe:8080/registro-renipress-webapp/ipress.htm?action=mostrarVer&idipress=00003524"}},{"type":"Feature","geometry":{"type":"Point","coordinates":[-74.28985666999995,-13.612483329999975]},"properties":{"objectid":14137,"nombre":"PUESTO DE SALUD CHACOLLA","departamento":"AYACUCHO","provincia":"CANGALLO","distrito":"CHUSCHI","institucion":"GOBIERNO REGIONAL","codigoMinsa":3503,"direccion":"JIRÓN JR. VISTA ALEGRE S/N PANTEON PAMPA NÚMERO S/N DISTRITO CHUSCHI PROVINCIA CANGALLO DEPARTAMENTO AYACUCHO","disa":"AYACUCHO","red":"AYACUCHO CENTRO","microrred":"POMABAMBA","categoria":"ESTABLECIMIENTO DE SALUD SIN INTERNAMIENTO","condicion":"ACTIVO","actualizado":"2023/08/01 19:00:00.000","fuente":"MINSA","urlRenipr":"http://app20.susalud.gob.pe:8080/registro-renipress-webapp/ipress.htm?action=mostrarVer&idipress=00003503"}},{"type":"Feature","geometry":{"type":"Point","coordinates":[-74.30902769999994,-13.719734099999926]},"properties":{"objectid":14265,"nombre":"PUESTO DE SALUD SAN ANTONIO DE JULO","departamento":"AYACUCHO","provincia":"HUANCA SANCOS","distrito":"SANTIAGO DE LUCANAMARCA","institucion":"GOBIERNO REGIONAL","codigoMinsa":27581,"direccion":"OTROS BARRIO SAN CRISTOBAL DE CUNYA DISTRITO SANTIAGO DE LUCANAMARCA PROVINCIA HUANCA SANCOS DEPARTAMENTO AYACUCHO","disa":"AYACUCHO","red":"AYACUCHO CENTRO","microrred":"HUANCASANCOS","categoria":"ESTABLECIMIENTO DE SALUD SIN INTERNAMIENTO","condicion":"ACTIVO","actualizado":"2023/08/01 19:00:00.000","fuente":"MINSA","urlRenipr":"http://app20.susalud.gob.pe:8080/registro-renipress-webapp/ipress.htm?action=mostrarVer&idipress=00027581"}},{"type":"Feature","geometry":{"type":"Point","coordinates":[-74.22787172999995,-13.159271789999934]},"properties":{"objectid":14266,"nombre":"IN.PERIO CONSULTORIO ODONTOLOGICO ESPECIALIZADO","departamento":"AYACUCHO","provincia":"HUAMANGA","distrito":"AYACUCHO","institucion":"PRIVADO","codigoMinsa":29823,"direccion":"JIRÓN CALLAO NÚMERO 236 PISO 1 DEPARTAMENTO 1 DISTRITO AYACUCHO PROVINCIA HUAMANGA DEPARTAMENTO AYACUCHO","disa":"AYACUCHO","red":"","microrred":"","categoria":"ESTABLECIMIENTO DE SALUD SIN INTERNAMIENTO","condicion":"ACTIVO","actualizado":"2023/08/01 19:00:00.000","fuente":"MINSA","urlRenipr":"http://app20.susalud.gob.pe:8080/registro-renipress-webapp/ipress.htm?action=mostrarVer&idipress=00029823"}},{"type":"Feature","geometry":{"type":"Point","coordinates":[-74.22789854999996,-13.160697819999939]},"properties":{"objectid":14318,"nombre":"ECOGRAFIA Y DENSITOMETRIA GUILLEN","departamento":"AYACUCHO","provincia":"HUAMANGA","distrito":"AYACUCHO","institucion":"PRIVADO","codigoMinsa":27262,"direccion":"JIRÓN GRAU NÚMERO 112 INTERIOR 1 DISTRITO AYACUCHO PROVINCIA HUAMANGA DEPARTAMENTO AYACUCHO","disa":"AYACUCHO","red":"NO PERTENECE A NINGUNA RED","microrred":"NO PERTENECE A NINGUNA MICRORED","categoria":"SERVICIO MÉDICO DE APOYO","condicion":"ACTIVO","actualizado":"2023/08/01 19:00:00.000","fuente":"MINSA","urlRenipr":"http://app20.susalud.gob.pe:8080/registro-renipress-webapp/ipress.htm?action=mostrarVer&idipress=00027262"}},{"type":"Feature","geometry":{"type":"Point","coordinates":[-74.21610961999994,-13.155714769999975]},"properties":{"objectid":14320,"nombre":"CENTRO MEDIC SAN MIGUEL ARCANGEL VILARCH SAC.","departamento":"AYACUCHO","provincia":"HUAMANGA","distrito":"JESUS NAZARENO","institucion":"PRIVADO","codigoMinsa":25796,"direccion":"JIRÓN MARIANO MELGAR NÚMERO 602 PISO 1 DISTRITO JESUS NAZARENO PROVINCIA HUAMANGA DEPARTAMENTO AYACUCHO","disa":"AYACUCHO","red":"NO PERTENECE A NINGUNA RED","microrred":"NO PERTENECE A NINGUNA MICRORED","categoria":"ESTABLECIMIENTO DE SALUD SIN INTERNAMIENTO","condicion":"ACTIVO","actualizado":"2023/08/01 19:00:00.000","fuente":"MINSA","urlRenipr":"http://app20.susalud.gob.pe:8080/registro-renipress-webapp/ipress.htm?action=mostrarVer&idipress=00025796"}},{"type":"Feature","geometry":{"type":"Point","coordinates":[-74.22356409999998,-13.163873699999954]},"properties":{"objectid":14708,"nombre":"CONSULTORIO DENTAL ANDRECITO","departamento":"AYACUCHO","provincia":"HUAMANGA","distrito":"AYACUCHO","institucion":"PRIVADO","codigoMinsa":31606,"direccion":"JIRÓN ASAMBLEA NÚMERO 356 DEPARTAMENTO 1 DISTRITO AYACUCHO PROVINCIA HUAMANGA DEPARTAMENTO AYACUCHO","disa":"AYACUCHO","red":"","microrred":"","categoria":"ESTABLECIMIENTO DE SALUD SIN INTERNAMIENTO","condicion":"ACTIVO","actualizado":"2023/08/01 19:00:00.000","fuente":"MINSA","urlRenipr":"http://app20.susalud.gob.pe:8080/registro-renipress-webapp/ipress.htm?action=mostrarVer&idipress=00031606"}},{"type":"Feature","geometry":{"type":"Point","coordinates":[-74.02487119999995,-12.28266489999993]},"properties":{"objectid":14724,"nombre":"ENFERMERÍA DEL BCT N° 42 CANAYRE","departamento":"AYACUCHO","provincia":"HUANTA","distrito":"CANAYRE","institucion":"SANIDAD DEL EJERCITO DEL PERU","codigoMinsa":29693,"direccion":"CAMINO RURAL BASE MILITAR CANAYRE DISTRITO CANAYRE PROVINCIA HUANTA DEPARTAMENTO AYACUCHO","disa":"AYACUCHO","red":"","microrred":"NO PERTENECE A NINGUNA MICRORED","categoria":"SERVICIO MÉDICO DE APOYO","condicion":"ACTIVO","actualizado":"2023/08/01 19:00:00.000","fuente":"MINSA","urlRenipr":"http://app20.susalud.gob.pe:8080/registro-renipress-webapp/ipress.htm?action=mostrarVer&idipress=00029693"}},{"type":"Feature","geometry":{"type":"Point","coordinates":[-74.12554240999998,-14.692960779999964]},"properties":{"objectid":14942,"nombre":"POLICLINICO \"JESUS DE NAZARETH\"","departamento":"AYACUCHO","provincia":"LUCANAS","distrito":"PUQUIO","institucion":"PRIVADO","codigoMinsa":20940,"direccion":"JIRÓN JR. ICA Nº 222 DISTRITO PUQUIO PROVINCIA LUCANAS DEPARTAMENTO AYACUCHO","disa":"AYACUCHO","red":"","microrred":"NO PERTENECE A NINGUNA MICRORED","categoria":"ESTABLECIMIENTO DE SALUD SIN INTERNAMIENTO","condicion":"ACTIVO","actualizado":"2023/08/01 19:00:00.000","fuente":"MINSA","urlRenipr":"http://app20.susalud.gob.pe:8080/registro-renipress-webapp/ipress.htm?action=mostrarVer&idipress=00020940"}},{"type":"Feature","geometry":{"type":"Point","coordinates":[-74.22516879999995,-13.151953299999946]},"properties":{"objectid":15028,"nombre":"POLICLINICO DE DIAGNOSTICO Y TRATAMIENTO BIENVITAL","departamento":"AYACUCHO","provincia":"HUAMANGA","distrito":"AYACUCHO","institucion":"PRIVADO","codigoMinsa":30910,"direccion":"AVENIDA 26 de enero NÚMERO 292 PISO 4 DEPARTAMENTO 1 DISTRITO AYACUCHO PROVINCIA HUAMANGA DEPARTAMENTO AYACUCHO","disa":"AYACUCHO","red":"","microrred":"","categoria":"ESTABLECIMIENTO DE SALUD SIN INTERNAMIENTO","condicion":"ACTIVO","actualizado":"2023/08/01 19:00:00.000","fuente":"MINSA","urlRenipr":"http://app20.susalud.gob.pe:8080/registro-renipress-webapp/ipress.htm?action=mostrarVer&idipress=00030910"}},{"type":"Feature","geometry":{"type":"Point","coordinates":[-74.20014499999996,-13.175181669999972]},"properties":{"objectid":15053,"nombre":"HOSPITAL II HUAMANGA","departamento":"AYACUCHO","provincia":"HUAMANGA","distrito":"SAN JUAN BAUTISTA","institucion":"ESSALUD","codigoMinsa":11775,"direccion":"AVENIDA AV. VENEZUELA S/N NÚMERO S/N DISTRITO SAN JUAN BAUTISTA PROVINCIA HUAMANGA DEPARTAMENTO AYACUCHO","disa":"AYACUCHO","red":"NO PERTENECE A NINGUNA RED","microrred":"NO PERTENECE A NINGUNA MICRORED","categoria":"ESTABLECIMIENTO DE SALUD CON INTERNAMIENTO","condicion":"ACTIVO","actualizado":"2023/08/01 19:00:00.000","fuente":"MINSA","urlRenipr":"http://app20.susalud.gob.pe:8080/registro-renipress-webapp/ipress.htm?action=mostrarVer&idipress=00011775"}},{"type":"Feature","geometry":{"type":"Point","coordinates":[-74.22356409999998,-13.163873699999954]},"properties":{"objectid":15628,"nombre":"CLÍNICA H&S SAC","departamento":"AYACUCHO","provincia":"HUAMANGA","distrito":"AYACUCHO","institucion":"PRIVADO","codigoMinsa":25569,"direccion":"AVENIDA LOS PINOS MANZANA N LOTE 04 URBANIZACIÓN MARISCAL CÁCERES DISTRITO AYACUCHO PROVINCIA HUAMANGA DEPARTAMENTO AYACUCHO","disa":"AYACUCHO","red":"NO PERTENECE A NINGUNA RED","microrred":"NO PERTENECE A NINGUNA MICRORED","categoria":"ESTABLECIMIENTO DE SALUD SIN INTERNAMIENTO","condicion":"ACTIVO","actualizado":"2023/08/01 19:00:00.000","fuente":"MINSA","urlRenipr":"http://app20.susalud.gob.pe:8080/registro-renipress-webapp/ipress.htm?action=mostrarVer&idipress=00025569"}},{"type":"Feature","geometry":{"type":"Point","coordinates":[-73.73738109999994,-12.688633999999979]},"properties":{"objectid":15820,"nombre":"CENTRO MEDICO ESPECIALIZADO “EMERGENCIAS VRAE S.A.C.”","departamento":"AYACUCHO","provincia":"LA MAR","distrito":"AYNA","institucion":"PRIVADO","codigoMinsa":17613,"direccion":"AVENIDA AV. HUANTA S/N, - SAN FRANCISCO NÚMERO S/N DISTRITO AYNA PROVINCIA LA MAR DEPARTAMENTO AYACUCHO","disa":"AYACUCHO","red":"","microrred":"NO PERTENECE A NINGUNA MICRORED","categoria":"ESTABLECIMIENTO DE SALUD SIN INTERNAMIENTO","condicion":"ACTIVO","actualizado":"2023/08/01 19:00:00.000","fuente":"MINSA","urlRenipr":"http://app20.susalud.gob.pe:8080/registro-renipress-webapp/ipress.htm?action=mostrarVer&idipress=00017613"}},{"type":"Feature","geometry":{"type":"Point","coordinates":[-74.22356409999998,-13.163873699999954]},"properties":{"objectid":15904,"nombre":"POLICLINICO ESPECIALIZADO LUZ Y VIDA","departamento":"AYACUCHO","provincia":"HUAMANGA","distrito":"AYACUCHO","institucion":"PRIVADO","codigoMinsa":23940,"direccion":"AVENIDA 26 DE ENERO MANZANA C LOTE 4A DISTRITO AYACUCHO PROVINCIA HUAMANGA DEPARTAMENTO AYACUCHO","disa":"AYACUCHO","red":"NO PERTENECE A NINGUNA RED","microrred":"NO PERTENECE A NINGUNA MICRORED","categoria":"ESTABLECIMIENTO DE SALUD SIN INTERNAMIENTO","condicion":"ACTIVO","actualizado":"2023/08/01 19:00:00.000","fuente":"MINSA","urlRenipr":"http://app20.susalud.gob.pe:8080/registro-renipress-webapp/ipress.htm?action=mostrarVer&idipress=00023940"}},{"type":"Feature","geometry":{"type":"Point","coordinates":[-73.88304267999996,-13.640293939999935]},"properties":{"objectid":16152,"nombre":"PUESTO DE SALUD COLPAPAMPA","departamento":"AYACUCHO","provincia":"VILCAS HUAMAN","distrito":"VILCAS HUAMAN","institucion":"GOBIERNO REGIONAL","codigoMinsa":11416,"direccion":"OTROS COLPAPAMPA S/N NÚMERO S/N DISTRITO VILCAS HUAMAN PROVINCIA VILCAS HUAMAN DEPARTAMENTO AYACUCHO","disa":"AYACUCHO","red":"AYACUCHO CENTRO","microrred":"VILCASHUAMAN","categoria":"ESTABLECIMIENTO DE SALUD SIN INTERNAMIENTO","condicion":"ACTIVO","actualizado":"2023/08/01 19:00:00.000","fuente":"MINSA","urlRenipr":"http://app20.susalud.gob.pe:8080/registro-renipress-webapp/ipress.htm?action=mostrarVer&idipress=00011416"}},{"type":"Feature","geometry":{"type":"Point","coordinates":[-73.64009666999993,-14.070639999999969]},"properties":{"objectid":16153,"nombre":"PUESTO DE SALUD ATIHUARA","departamento":"AYACUCHO","provincia":"SUCRE","distrito":"SANTIAGO DE PAUCARAY","institucion":"GOBIERNO REGIONAL","codigoMinsa":3817,"direccion":"PLAZA PLAZA PRINCIPAL ATIHUARA S/N NÚMERO S/N DISTRITO SANTIAGO DE PAUCARAY PROVINCIA SUCRE DEPARTAMENTO AYACUCHO","disa":"AYACUCHO","red":"AYACUCHO CENTRO","microrred":"SUCRE","categoria":"ESTABLECIMIENTO DE SALUD SIN INTERNAMIENTO","condicion":"ACTIVO","actualizado":"2023/08/01 19:00:00.000","fuente":"MINSA","urlRenipr":"http://app20.susalud.gob.pe:8080/registro-renipress-webapp/ipress.htm?action=mostrarVer&idipress=00003817"}},{"type":"Feature","geometry":{"type":"Point","coordinates":[-74.27812499999999,-15.336038329999951]},"properties":{"objectid":16155,"nombre":"PUESTO DE SALUD SAN LUIS ALTA","departamento":"AYACUCHO","provincia":"LUCANAS","distrito":"SANCOS","institucion":"GOBIERNO REGIONAL","codigoMinsa":11368,"direccion":"OTROS CENTRO POBLADO SAN LUIS ALTA DISTRITO SANCOS PROVINCIA LUCANAS DEPARTAMENTO AYACUCHO","disa":"AYACUCHO","red":"LUCANAS","microrred":"SANTA FILOMENA","categoria":"ESTABLECIMIENTO DE SALUD SIN INTERNAMIENTO","condicion":"ACTIVO","actualizado":"2023/08/01 19:00:00.000","fuente":"MINSA","urlRenipr":"http://app20.susalud.gob.pe:8080/registro-renipress-webapp/ipress.htm?action=mostrarVer&idipress=00011368"}},{"type":"Feature","geometry":{"type":"Point","coordinates":[-73.93792484999994,-14.299575799999957]},"properties":{"objectid":16156,"nombre":"PUESTO DE SALUD SONDONDO","departamento":"AYACUCHO","provincia":"LUCANAS","distrito":"CABANA","institucion":"GOBIERNO REGIONAL","codigoMinsa":3709,"direccion":"JIRÓN JR. 28 DE JULIO S/N NÚMERO S/N DISTRITO CABANA PROVINCIA LUCANAS DEPARTAMENTO AYACUCHO","disa":"AYACUCHO","red":"LUCANAS","microrred":"VALLE SONDONDO-AUCARA","categoria":"ESTABLECIMIENTO DE SALUD SIN INTERNAMIENTO","condicion":"ACTIVO","actualizado":"2023/08/01 19:00:00.000","fuente":"MINSA","urlRenipr":"http://app20.susalud.gob.pe:8080/registro-renipress-webapp/ipress.htm?action=mostrarVer&idipress=00003709"}},{"type":"Feature","geometry":{"type":"Point","coordinates":[-73.68609499999997,-15.249351669999953]},"properties":{"objectid":16157,"nombre":"PUESTO DE SALUD YURACCHUASI","departamento":"AYACUCHO","provincia":"PARINACOCHAS","distrito":"PUYUSCA","institucion":"GOBIERNO REGIONAL","codigoMinsa":3528,"direccion":"OTROS YURACHUASI S/N S/N YURACHUASI S/N PUYUSCA PARINACOCHAS AYACUCHO","disa":"AYACUCHO","red":"CORACORA","microrred":"INCUYO","categoria":"ESTABLECIMIENTO DE SALUD SIN INTERNAMIENTO","condicion":"ACTIVO","actualizado":"2023/08/01 19:00:00.000","fuente":"MINSA","urlRenipr":"http://app20.susalud.gob.pe:8080/registro-renipress-webapp/ipress.htm?action=mostrarVer&idipress=00003528"}},{"type":"Feature","geometry":{"type":"Point","coordinates":[-73.70610999999997,-13.062463329999957]},"properties":{"objectid":16158,"nombre":"PUESTO DE SALUD CHIQUINTIRCA","departamento":"AYACUCHO","provincia":"LA MAR","distrito":"ANCO","institucion":"GOBIERNO REGIONAL","codigoMinsa":3789,"direccion":"PLAZA A 04 CUADRAS DE LA PLAZA PRINCIPAL DE CHIQUINTIRCA DISTRITO ANCO PROVINCIA LA MAR DEPARTAMENTO AYACUCHO","disa":"AYACUCHO","red":"SAN MIGUEL","microrred":"SACHARACCAY","categoria":"ESTABLECIMIENTO DE SALUD SIN INTERNAMIENTO","condicion":"ACTIVO","actualizado":"2023/08/01 19:00:00.000","fuente":"MINSA","urlRenipr":"http://app20.susalud.gob.pe:8080/registro-renipress-webapp/ipress.htm?action=mostrarVer&idipress=00003789"}},{"type":"Feature","geometry":{"type":"Point","coordinates":[-73.87716986999999,-13.854037869999956]},"properties":{"objectid":16159,"nombre":"PUESTO DE SALUD PACCHAHUALLHUA","departamento":"AYACUCHO","provincia":"VILCAS HUAMAN","distrito":"INDEPENDENCIA","institucion":"GOBIERNO REGIONAL","codigoMinsa":3844,"direccion":"PLAZA PLAZA PRINCIPAL S/N NÚMERO S/N DISTRITO INDEPENDENCIA PROVINCIA VILCAS HUAMAN DEPARTAMENTO AYACUCHO","disa":"AYACUCHO","red":"AYACUCHO CENTRO","microrred":"VILCASHUAMAN","categoria":"ESTABLECIMIENTO DE SALUD SIN INTERNAMIENTO","condicion":"ACTIVO","actualizado":"2023/08/01 19:00:00.000","fuente":"MINSA","urlRenipr":"http://app20.susalud.gob.pe:8080/registro-renipress-webapp/ipress.htm?action=mostrarVer&idipress=00003844"}},{"type":"Feature","geometry":{"type":"Point","coordinates":[-74.10888808999994,-14.90308374999995]},"properties":{"objectid":16160,"nombre":"PUESTO DE SALUD SAN PABLO","departamento":"AYACUCHO","provincia":"LUCANAS","distrito":"SAN PEDRO","institucion":"GOBIERNO REGIONAL","codigoMinsa":3736,"direccion":"CALLE CALLE PRINCIPAL S/N NÚMERO S/N DISTRITO SAN PEDRO PROVINCIA LUCANAS DEPARTAMENTO AYACUCHO","disa":"AYACUCHO","red":"LUCANAS","microrred":"SAN PEDRO","categoria":"ESTABLECIMIENTO DE SALUD SIN INTERNAMIENTO","condicion":"ACTIVO","actualizado":"2023/08/01 19:00:00.000","fuente":"MINSA","urlRenipr":"http://app20.susalud.gob.pe:8080/registro-renipress-webapp/ipress.htm?action=mostrarVer&idipress=00003736"}},{"type":"Feature","geometry":{"type":"Point","coordinates":[-74.18773999999996,-13.580343329999948]},"properties":{"objectid":16161,"nombre":"PUESTO DE SALUD HUALLCHANCCA","departamento":"AYACUCHO","provincia":"CANGALLO","distrito":"LOS MOROCHUCOS","institucion":"GOBIERNO REGIONAL","codigoMinsa":17085,"direccion":"OTROS CENTRO POBLADO HUALLCHANCCA DISTRITO LOS MOROCHUCOS PROVINCIA CANGALLO DEPARTAMENTO AYACUCHO","disa":"AYACUCHO","red":"AYACUCHO CENTRO","microrred":"PAMPA CANGALLO","categoria":"ESTABLECIMIENTO DE SALUD SIN INTERNAMIENTO","condicion":"ACTIVO","actualizado":"2023/08/01 19:00:00.000","fuente":"MINSA","urlRenipr":"http://app20.susalud.gob.pe:8080/registro-renipress-webapp/ipress.htm?action=mostrarVer&idipress=00017085"}},{"type":"Feature","geometry":{"type":"Point","coordinates":[-73.98322832999997,-12.310993329999974]},"properties":{"objectid":16162,"nombre":"NUEVO SANTA ROSA","departamento":"AYACUCHO","provincia":"HUANTA","distrito":"CANAYRE","institucion":"GOBIERNO REGIONAL","codigoMinsa":3670,"direccion":"PLAZA PLAZA PRINCIPAL DEL C.P. DE NUEVA SANTA ROSA DISTRITO CANAYRE PROVINCIA HUANTA DEPARTAMENTO AYACUCHO","disa":"AYACUCHO","red":"SAN FRANCISCO","microrred":"LLOCHEGUA","categoria":"ESTABLECIMIENTO DE SALUD SIN INTERNAMIENTO","condicion":"ACTIVO","actualizado":"2023/08/01 19:00:00.000","fuente":"MINSA","urlRenipr":"http://app20.susalud.gob.pe:8080/registro-renipress-webapp/ipress.htm?action=mostrarVer&idipress=00003670"}},{"type":"Feature","geometry":{"type":"Point","coordinates":[-73.34353332999996,-15.211503329999971]},"properties":{"objectid":16163,"nombre":"SAN SEBASTIAN DE SACRACA","departamento":"AYACUCHO","provincia":"PAUCAR DEL SARA SARA","distrito":"LAMPA","institucion":"GOBIERNO REGIONAL","codigoMinsa":3694,"direccion":"OTROS BARRIO PAMPAHUAYCO BARRIO PAMPAHUAYCO LAMPA PAUCAR DEL SARA SARA AYACUCHO","disa":"AYACUCHO","red":"CORACORA","microrred":"PAUSA","categoria":"ESTABLECIMIENTO DE SALUD SIN INTERNAMIENTO","condicion":"ACTIVO","actualizado":"2023/08/01 19:00:00.000","fuente":"MINSA","urlRenipr":"http://app20.susalud.gob.pe:8080/registro-renipress-webapp/ipress.htm?action=mostrarVer&idipress=00003694"}},{"type":"Feature","geometry":{"type":"Point","coordinates":[-74.68622832999995,-14.48869499999995]},"properties":{"objectid":16164,"nombre":"CENTRO DE SALUD OTOCA","departamento":"AYACUCHO","provincia":"LUCANAS","distrito":"OTOCA","institucion":"GOBIERNO REGIONAL","codigoMinsa":3689,"direccion":"CARRETERA CARRETERA PRINCIPAL S/N NÚMERO S/N DISTRITO OTOCA PROVINCIA LUCANAS DEPARTAMENTO AYACUCHO","disa":"AYACUCHO","red":"LUCANAS","microrred":"OTOCA","categoria":"ESTABLECIMIENTO DE SALUD SIN INTERNAMIENTO","condicion":"ACTIVO","actualizado":"2023/08/01 19:00:00.000","fuente":"MINSA","urlRenipr":"http://app20.susalud.gob.pe:8080/registro-renipress-webapp/ipress.htm?action=mostrarVer&idipress=00003689"}},{"type":"Feature","geometry":{"type":"Point","coordinates":[-73.95321236999996,-13.65732405999995]},"properties":{"objectid":16165,"nombre":"CENTRO DE SALUD VILCASHUAMAN","departamento":"AYACUCHO","provincia":"VILCAS HUAMAN","distrito":"VILCAS HUAMAN","institucion":"GOBIERNO REGIONAL","codigoMinsa":3847,"direccion":"AVENIDA AV. DANIEL ALCIDES CARRION S/N NÚMERO S/N DISTRITO VILCAS HUAMAN PROVINCIA VILCAS HUAMAN DEPARTAMENTO AYACUCHO","disa":"AYACUCHO","red":"AYACUCHO CENTRO","microrred":"VILCASHUAMAN","categoria":"ESTABLECIMIENTO DE SALUD CON INTERNAMIENTO","condicion":"ACTIVO","actualizado":"2023/08/01 19:00:00.000","fuente":"MINSA","urlRenipr":"http://app20.susalud.gob.pe:8080/registro-renipress-webapp/ipress.htm?action=mostrarVer&idipress=00003847"}},{"type":"Feature","geometry":{"type":"Point","coordinates":[-74.20873166999996,-12.994924999999967]},"properties":{"objectid":16166,"nombre":"PUESTO DE SALUD IGUAIN","departamento":"AYACUCHO","provincia":"HUANTA","distrito":"IGUAIN","institucion":"GOBIERNO REGIONAL","codigoMinsa":3654,"direccion":"PLAZA PLAZA PRINCIPAL DE IGUAIN DISTRITO IGUAIN PROVINCIA HUANTA DEPARTAMENTO AYACUCHO","disa":"AYACUCHO","red":"HUANTA","microrred":"HUAMANGUILLA","categoria":"ESTABLECIMIENTO DE SALUD SIN INTERNAMIENTO","condicion":"ACTIVO","actualizado":"2023/08/01 19:00:00.000","fuente":"MINSA","urlRenipr":"http://app20.susalud.gob.pe:8080/registro-renipress-webapp/ipress.htm?action=mostrarVer&idipress=00003654"}},{"type":"Feature","geometry":{"type":"Point","coordinates":[-73.52855832999995,-12.937358329999938]},"properties":{"objectid":16167,"nombre":"CENTRO DE SALUD SAN MARTIN","departamento":"AYACUCHO","provincia":"LA MAR","distrito":"ANCO","institucion":"GOBIERNO REGIONAL","codigoMinsa":3762,"direccion":"CALLE CALLE PRICIPAL - UNION PROGRESO DISTRITO ANCO PROVINCIA LA MAR DEPARTAMENTO AYACUCHO","disa":"AYACUCHO","red":"SAN FRANCISCO","microrred":"SAN MARTIN","categoria":"ESTABLECIMIENTO DE SALUD SIN INTERNAMIENTO","condicion":"ACTIVO","actualizado":"2023/08/01 19:00:00.000","fuente":"MINSA","urlRenipr":"http://app20.susalud.gob.pe:8080/registro-renipress-webapp/ipress.htm?action=mostrarVer&idipress=00003762"}},{"type":"Feature","geometry":{"type":"Point","coordinates":[-74.08754643999998,-14.721755659999928]},"properties":{"objectid":16169,"nombre":"CHILQUES","departamento":"AYACUCHO","provincia":"LUCANAS","distrito":"PUQUIO","institucion":"GOBIERNO REGIONAL","codigoMinsa":3733,"direccion":"PLAZA PLAZA DE ARMAS-CHILQUES DISTRITO PUQUIO PROVINCIA LUCANAS DEPARTAMENTO AYACUCHO","disa":"AYACUCHO","red":"LUCANAS","microrred":"SAN PEDRO","categoria":"ESTABLECIMIENTO DE SALUD SIN INTERNAMIENTO","condicion":"ACTIVO","actualizado":"2023/08/01 19:00:00.000","fuente":"MINSA","urlRenipr":"http://app20.susalud.gob.pe:8080/registro-renipress-webapp/ipress.htm?action=mostrarVer&idipress=00003733"}},{"type":"Feature","geometry":{"type":"Point","coordinates":[-74.38000286999994,-13.453043049999962]},"properties":{"objectid":16170,"nombre":"PUESTO DE SALUD CATALINAYOC","departamento":"AYACUCHO","provincia":"CANGALLO","distrito":"CHUSCHI","institucion":"GOBIERNO REGIONAL","codigoMinsa":3592,"direccion":"OTROS CATALINAYOCC DISTRITO CHUSCHI PROVINCIA CANGALLO DEPARTAMENTO AYACUCHO","disa":"AYACUCHO","red":"HUAMANGA","microrred":"PUTACCA","categoria":"ESTABLECIMIENTO DE SALUD SIN INTERNAMIENTO","condicion":"ACTIVO","actualizado":"2023/08/01 19:00:00.000","fuente":"MINSA","urlRenipr":"http://app20.susalud.gob.pe:8080/registro-renipress-webapp/ipress.htm?action=mostrarVer&idipress=00003592"}},{"type":"Feature","geometry":{"type":"Point","coordinates":[-73.98816666999994,-15.001328329999978]},"properties":{"objectid":16171,"nombre":"PUESTO DE SALUD CHAQUIPAMPA","departamento":"AYACUCHO","provincia":"LUCANAS","distrito":"SANCOS","institucion":"GOBIERNO REGIONAL","codigoMinsa":3541,"direccion":"CARRETERA CHAQUIPAMPA CARRETERA PRINCIPAL DISTRITO SANCOS PROVINCIA LUCANAS DEPARTAMENTO AYACUCHO","disa":"AYACUCHO","red":"CORACORA","microrred":"CHAVIÑA","categoria":"ESTABLECIMIENTO DE SALUD SIN INTERNAMIENTO","condicion":"ACTIVO","actualizado":"2023/08/01 19:00:00.000","fuente":"MINSA","urlRenipr":"http://app20.susalud.gob.pe:8080/registro-renipress-webapp/ipress.htm?action=mostrarVer&idipress=00003541"}},{"type":"Feature","geometry":{"type":"Point","coordinates":[-73.44559332999995,-14.870451669999966]},"properties":{"objectid":16172,"nombre":"PUESTO DE SALUD CCOCHANI","departamento":"AYACUCHO","provincia":"PARINACOCHAS","distrito":"UPAHUACHO","institucion":"GOBIERNO REGIONAL","codigoMinsa":3533,"direccion":"OTROS COCHANI S/N NÚMERO S/N DISTRITO UPAHUACHO PROVINCIA PARINACOCHAS DEPARTAMENTO AYACUCHO","disa":"AYACUCHO","red":"CORACORA","microrred":"PACAPAUSA","categoria":"ESTABLECIMIENTO DE SALUD SIN INTERNAMIENTO","condicion":"ACTIVO","actualizado":"2023/08/01 19:00:00.000","fuente":"MINSA","urlRenipr":"http://app20.susalud.gob.pe:8080/registro-renipress-webapp/ipress.htm?action=mostrarVer&idipress=00003533"}},{"type":"Feature","geometry":{"type":"Point","coordinates":[-74.15430166999994,-13.603644999999972]},"properties":{"objectid":16173,"nombre":"PUESTO DE SALUD HUAHUAPUQUIO","departamento":"AYACUCHO","provincia":"CANGALLO","distrito":"CANGALLO","institucion":"GOBIERNO REGIONAL","codigoMinsa":3495,"direccion":"CALLE CALLE ÑAWIN S/N NÚMERO S/N DISTRITO CANGALLO PROVINCIA CANGALLO DEPARTAMENTO AYACUCHO","disa":"AYACUCHO","red":"AYACUCHO CENTRO","microrred":"PAMPA CANGALLO","categoria":"ESTABLECIMIENTO DE SALUD SIN INTERNAMIENTO","condicion":"ACTIVO","actualizado":"2023/08/01 19:00:00.000","fuente":"MINSA","urlRenipr":"http://app20.susalud.gob.pe:8080/registro-renipress-webapp/ipress.htm?action=mostrarVer&idipress=00003495"}},{"type":"Feature","geometry":{"type":"Point","coordinates":[-74.22356409999998,-13.163873699999954]},"properties":{"objectid":16174,"nombre":"HOGAR PROTEGIDO AYACUCHO","departamento":"AYACUCHO","provincia":"HUAMANGA","distrito":"ANDRES AVELINO CACERES DORREGARAY","institucion":"GOBIERNO REGIONAL","codigoMinsa":28909,"direccion":"AVENIDA CASUARINAS NÚMERO 425 DISTRITO ANDRES AVELINO CACERES D. PROVINCIA HUAMANGA DEPARTAMENTO AYACUCHO","disa":"AYACUCHO","red":"NO PERTENECE A NINGUNA RED","microrred":"NO PERTENECE A NINGUNA MICRORED","categoria":"SERVICIO MÉDICO DE APOYO","condicion":"ACTIVO","actualizado":"2023/08/01 19:00:00.000","fuente":"MINSA","urlRenipr":"http://app20.susalud.gob.pe:8080/registro-renipress-webapp/ipress.htm?action=mostrarVer&idipress=00028909"}},{"type":"Feature","geometry":{"type":"Point","coordinates":[-74.04357714999998,-12.919211049999944]},"properties":{"objectid":16491,"nombre":"PUESTO DE SALUD PAMPA HERMOSA","departamento":"AYACUCHO","provincia":"LA MAR","distrito":"TAMBO","institucion":"GOBIERNO REGIONAL","codigoMinsa":31338,"direccion":"PARQUE PAMPA HERMOSA DISTRITO TAMBO PROVINCIA LA MAR DEPARTAMENTO AYACUCHO","disa":"AYACUCHO","red":"SAN MIGUEL","microrred":"TAMBO","categoria":"ESTABLECIMIENTO DE SALUD SIN INTERNAMIENTO","condicion":"ACTIVO","actualizado":"2023/08/01 19:00:00.000","fuente":"MINSA","urlRenipr":"http://app20.susalud.gob.pe:8080/registro-renipress-webapp/ipress.htm?action=mostrarVer&idipress=00031338"}},{"type":"Feature","geometry":{"type":"Point","coordinates":[-74.22230845999997,-13.158084539999948]},"properties":{"objectid":16613,"nombre":"CONSULTORIO ODONTOLÓGICO URBANO","departamento":"AYACUCHO","provincia":"HUAMANGA","distrito":"AYACUCHO","institucion":"PRIVADO","codigoMinsa":29691,"direccion":"AVENIDA MARISCAL CACERES NÚMERO 813 PISO 1 DISTRITO AYACUCHO PROVINCIA HUAMANGA DEPARTAMENTO AYACUCHO","disa":"AYACUCHO","red":"","microrred":"","categoria":"ESTABLECIMIENTO DE SALUD SIN INTERNAMIENTO","condicion":"ACTIVO","actualizado":"2023/08/01 19:00:00.000","fuente":"MINSA","urlRenipr":"http://app20.susalud.gob.pe:8080/registro-renipress-webapp/ipress.htm?action=mostrarVer&idipress=00029691"}},{"type":"Feature","geometry":{"type":"Point","coordinates":[-74.22356409999998,-13.163873699999954]},"properties":{"objectid":16640,"nombre":"POSTA MEDICA POLICIAL EETSP PNP AYACUCHO","departamento":"AYACUCHO","provincia":"HUAMANGA","distrito":"CARMEN ALTO","institucion":"SANIDAD DE LA POLICIA NACIONAL DEL PERU","codigoMinsa":27415,"direccion":"CALLE MIGUEL HIDALGO NÚMERO S/N DISTRITO CARMEN ALTO PROVINCIA HUAMANGA DEPARTAMENTO AYACUCHO","disa":"AYACUCHO","red":"NO PERTENECE A NINGUNA RED","microrred":"NO PERTENECE A NINGUNA MICRORED","categoria":"ESTABLECIMIENTO DE SALUD SIN INTERNAMIENTO","condicion":"ACTIVO","actualizado":"2023/08/01 19:00:00.000","fuente":"MINSA","urlRenipr":"http://app20.susalud.gob.pe:8080/registro-renipress-webapp/ipress.htm?action=mostrarVer&idipress=00027415"}},{"type":"Feature","geometry":{"type":"Point","coordinates":[-74.22682529999997,-13.14657410999996]},"properties":{"objectid":16683,"nombre":"DENTAL SOFIA","departamento":"AYACUCHO","provincia":"HUAMANGA","distrito":"AYACUCHO","institucion":"PRIVADO","codigoMinsa":30791,"direccion":"URBANIZACIÓN LUIS CARRANZA PISO 2 MANZANA \"C\" LOTE 31 DISTRITO AYACUCHO PROVINCIA HUAMANGA DEPARTAMENTO AYACUCHO","disa":"AYACUCHO","red":"","microrred":"","categoria":"ESTABLECIMIENTO DE SALUD SIN INTERNAMIENTO","condicion":"ACTIVO","actualizado":"2023/08/01 19:00:00.000","fuente":"MINSA","urlRenipr":"http://app20.susalud.gob.pe:8080/registro-renipress-webapp/ipress.htm?action=mostrarVer&idipress=00030791"}},{"type":"Feature","geometry":{"type":"Point","coordinates":[-74.22631872999995,-13.16321292999993]},"properties":{"objectid":16733,"nombre":"QATARI WARMI","departamento":"AYACUCHO","provincia":"HUAMANGA","distrito":"AYACUCHO","institucion":"PRIVADO","codigoMinsa":30337,"direccion":"JIRÓN Carlos Fernando Vivanco NÚMERO 265 PISO 2 INTERIOR 201 DISTRITO AYACUCHO PROVINCIA HUAMANGA DEPARTAMENTO AYACUCHO","disa":"AYACUCHO","red":"","microrred":"","categoria":"ESTABLECIMIENTO DE SALUD SIN INTERNAMIENTO","condicion":"ACTIVO","actualizado":"2023/08/01 19:00:00.000","fuente":"MINSA","urlRenipr":"http://app20.susalud.gob.pe:8080/registro-renipress-webapp/ipress.htm?action=mostrarVer&idipress=00030337"}},{"type":"Feature","geometry":{"type":"Point","coordinates":[-74.21745299999998,-13.156083999999964]},"properties":{"objectid":16845,"nombre":"CENTRO MEDICO PSICOSOMATICO WARI S.A.C","departamento":"AYACUCHO","provincia":"HUAMANGA","distrito":"JESUS NAZARENO","institucion":"PRIVADO","codigoMinsa":25124,"direccion":"JIRÓN JR. MARIANO MELGAR NÚMERO 464 DISTRITO JESUS NAZARENO PROVINCIA HUAMANGA DEPARTAMENTO AYACUCHO","disa":"","red":"","microrred":"","categoria":"ESTABLECIMIENTO DE SALUD SIN INTERNAMIENTO","condicion":"RETIRO VOLUNTARIO","actualizado":"2023/08/01 19:00:00.000","fuente":"MINSA","urlRenipr":"http://app20.susalud.gob.pe:8080/registro-renipress-webapp/ipress.htm?action=mostrarVer&idipress=00025124"}},{"type":"Feature","geometry":{"type":"Point","coordinates":[-74.21030557999995,-13.164765409999973]},"properties":{"objectid":17093,"nombre":"POLICLINICO PEREZ MONTANO ESPECIALIDADES MEDICAS","departamento":"AYACUCHO","provincia":"HUAMANGA","distrito":"ANDRES AVELINO CACERES DORREGARAY","institucion":"PRIVADO","codigoMinsa":31595,"direccion":"PASAJE LOS CIPRESES NÚMERO 161 PISO 1 DEPARTAMENTO 1 URBANIZACIÓN PROGRESO DISTRITO ANDRES AVELINO CACERES D. PROVINCIA HUAMANGA DEPARTAMENTO AYACUCHO","disa":"AYACUCHO","red":"","microrred":"","categoria":"ESTABLECIMIENTO DE SALUD SIN INTERNAMIENTO","condicion":"ACTIVO","actualizado":"2023/08/01 19:00:00.000","fuente":"MINSA","urlRenipr":"http://app20.susalud.gob.pe:8080/registro-renipress-webapp/ipress.htm?action=mostrarVer&idipress=00031595"}},{"type":"Feature","geometry":{"type":"Point","coordinates":[-74.67141832999994,-14.728771669999958]},"properties":{"objectid":17397,"nombre":"TAMBO QUEMADO","departamento":"AYACUCHO","provincia":"LUCANAS","distrito":"LEONCIO PRADO","institucion":"GOBIERNO REGIONAL","codigoMinsa":3738,"direccion":"PROLONGACIÓN PROLONGACION CALLE SAN PEDRO S/N NÚMERO S/N DISTRITO LEONCIO PRADO PROVINCIA LUCANAS DEPARTAMENTO AYACUCHO","disa":"AYACUCHO","red":"LUCANAS","microrred":"LUCANAS","categoria":"ESTABLECIMIENTO DE SALUD SIN INTERNAMIENTO","condicion":"ACTIVO","actualizado":"2023/08/01 19:00:00.000","fuente":"MINSA","urlRenipr":"http://app20.susalud.gob.pe:8080/registro-renipress-webapp/ipress.htm?action=mostrarVer&idipress=00003738"}},{"type":"Feature","geometry":{"type":"Point","coordinates":[-74.20863983999999,-13.158503149999945]},"properties":{"objectid":18218,"nombre":"CENTRO DE SALUD CONCHOPATA","departamento":"AYACUCHO","provincia":"HUAMANGA","distrito":"ANDRES AVELINO CACERES DORREGARAY","institucion":"GOBIERNO REGIONAL","codigoMinsa":3603,"direccion":"AVENIDA AV. AMANCAES S/N S/N AV. AMANCAES S/N ANDRES AVELINO CACERES D. HUAMANGA AYACUCHO","disa":"AYACUCHO","red":"HUAMANGA","microrred":"SANTA ELENA","categoria":"ESTABLECIMIENTO DE SALUD SIN INTERNAMIENTO","condicion":"ACTIVO","actualizado":"2023/08/01 19:00:00.000","fuente":"MINSA","urlRenipr":"http://app20.susalud.gob.pe:8080/registro-renipress-webapp/ipress.htm?action=mostrarVer&idipress=00003603"}},{"type":"Feature","geometry":{"type":"Point","coordinates":[-73.83123166999997,-12.600936669999953]},"properties":{"objectid":18219,"nombre":"PUESTO DE SALUD ROSARIO","departamento":"AYACUCHO","provincia":"LA MAR","distrito":"AYNA","institucion":"GOBIERNO REGIONAL","codigoMinsa":3756,"direccion":"OTROS LTE 4 MZ N ROSARIO DISTRITO AYNA PROVINCIA LA MAR DEPARTAMENTO AYACUCHO","disa":"AYACUCHO","red":"SAN FRANCISCO","microrred":"MACHENTE","categoria":"ESTABLECIMIENTO DE SALUD SIN INTERNAMIENTO","condicion":"ACTIVO","actualizado":"2023/08/01 19:00:00.000","fuente":"MINSA","urlRenipr":"http://app20.susalud.gob.pe:8080/registro-renipress-webapp/ipress.htm?action=mostrarVer&idipress=00003756"}},{"type":"Feature","geometry":{"type":"Point","coordinates":[-74.82149166999994,-14.39767999999998]},"properties":{"objectid":18220,"nombre":"CENTRO DE SALUD OCAÑA","departamento":"AYACUCHO","provincia":"LUCANAS","distrito":"OCAÑA","institucion":"GOBIERNO REGIONAL","codigoMinsa":3684,"direccion":"CALLE CALLE PRINCIPAL S/N S/N CALLE PRINCIPAL S/N OCAÑA LUCANAS AYACUCHO","disa":"AYACUCHO","red":"LUCANAS","microrred":"OCAÑA","categoria":"ESTABLECIMIENTO DE SALUD SIN INTERNAMIENTO","condicion":"ACTIVO","actualizado":"2023/08/01 19:00:00.000","fuente":"MINSA","urlRenipr":"http://app20.susalud.gob.pe:8080/registro-renipress-webapp/ipress.htm?action=mostrarVer&idipress=00003684"}},{"type":"Feature","geometry":{"type":"Point","coordinates":[-74.04056960999998,-13.570915419999949]},"properties":{"objectid":18221,"nombre":"PUESTO DE SALUD PATAHUASI","departamento":"AYACUCHO","provincia":"VILCAS HUAMAN","distrito":"VISCHONGO","institucion":"GOBIERNO REGIONAL","codigoMinsa":6613,"direccion":"JIRÓN JR. CANGALLO S/N NÚMERO S/N DISTRITO VISCHONGO PROVINCIA VILCAS HUAMAN DEPARTAMENTO AYACUCHO","disa":"AYACUCHO","red":"AYACUCHO CENTRO","microrred":"VILCASHUAMAN","categoria":"ESTABLECIMIENTO DE SALUD SIN INTERNAMIENTO","condicion":"ACTIVO","actualizado":"2023/08/01 19:00:00.000","fuente":"MINSA","urlRenipr":"http://app20.susalud.gob.pe:8080/registro-renipress-webapp/ipress.htm?action=mostrarVer&idipress=00006613"}},{"type":"Feature","geometry":{"type":"Point","coordinates":[-73.39685999999995,-14.908759999999972]},"properties":{"objectid":18222,"nombre":"PUESTO DE SALUD UPAHUACHO","departamento":"AYACUCHO","provincia":"PARINACOCHAS","distrito":"UPAHUACHO","institucion":"GOBIERNO REGIONAL","codigoMinsa":3534,"direccion":"OTROS UPAHUACHO S/N NÚMERO S/N DISTRITO UPAHUACHO PROVINCIA PARINACOCHAS DEPARTAMENTO AYACUCHO","disa":"AYACUCHO","red":"CORACORA","microrred":"PACAPAUSA","categoria":"ESTABLECIMIENTO DE SALUD SIN INTERNAMIENTO","condicion":"ACTIVO","actualizado":"2023/08/01 19:00:00.000","fuente":"MINSA","urlRenipr":"http://app20.susalud.gob.pe:8080/registro-renipress-webapp/ipress.htm?action=mostrarVer&idipress=00003534"}},{"type":"Feature","geometry":{"type":"Point","coordinates":[-74.33940189999998,-13.821718579999981]},"properties":{"objectid":18223,"nombre":"PUESTO DE SALUD SAN MARTIN DE TIO PAMPA","departamento":"AYACUCHO","provincia":"HUANCA SANCOS","distrito":"SANTIAGO DE LUCANAMARCA","institucion":"GOBIERNO REGIONAL","codigoMinsa":11458,"direccion":"OTROS COMUNIDAD DE SAN MARTIN DE TIO PAMPA DISTRITO SANTIAGO DE LUCANAMARCA PROVINCIA HUANCA SANCOS DEPARTAMENTO AYACUCHO","disa":"AYACUCHO","red":"AYACUCHO CENTRO","microrred":"HUANCASANCOS","categoria":"ESTABLECIMIENTO DE SALUD SIN INTERNAMIENTO","condicion":"ACTIVO","actualizado":"2023/08/01 19:00:00.000","fuente":"MINSA","urlRenipr":"http://app20.susalud.gob.pe:8080/registro-renipress-webapp/ipress.htm?action=mostrarVer&idipress=00011458"}},{"type":"Feature","geometry":{"type":"Point","coordinates":[-74.38401417999995,-12.427136339999947]},"properties":{"objectid":18224,"nombre":"PUESTO DE SALUD HUARCATAN","departamento":"AYACUCHO","provincia":"HUANTA","distrito":"PUCACOLPA","institucion":"GOBIERNO REGIONAL","codigoMinsa":3672,"direccion":"PLAZA PLAZA PRINCIPAL DE HUARCATAN DISTRITO PUCACOLPA PROVINCIA HUANTA DEPARTAMENTO AYACUCHO","disa":"AYACUCHO","red":"HUANTA","microrred":"VIRACOCHAN","categoria":"ESTABLECIMIENTO DE SALUD SIN INTERNAMIENTO","condicion":"ACTIVO","actualizado":"2023/08/01 19:00:00.000","fuente":"MINSA","urlRenipr":"http://app20.susalud.gob.pe:8080/registro-renipress-webapp/ipress.htm?action=mostrarVer&idipress=00003672"}},{"type":"Feature","geometry":{"type":"Point","coordinates":[-74.30436126999996,-13.064784479999958]},"properties":{"objectid":18225,"nombre":"SANTIAGO DE PISCHA","departamento":"AYACUCHO","provincia":"HUAMANGA","distrito":"SANTIAGO DE PISCHA","institucion":"GOBIERNO REGIONAL","codigoMinsa":3611,"direccion":"PLAZA PLAZA PRINCIPAL DE SANTIAGO DE PISCHA DISTRITO SANTIAGO DE PISCHA PROVINCIA HUAMANGA DEPARTAMENTO AYACUCHO","disa":"AYACUCHO","red":"HUAMANGA","microrred":"MUYURINA","categoria":"ESTABLECIMIENTO DE SALUD SIN INTERNAMIENTO","condicion":"ACTIVO","actualizado":"2023/08/01 19:00:00.000","fuente":"MINSA","urlRenipr":"http://app20.susalud.gob.pe:8080/registro-renipress-webapp/ipress.htm?action=mostrarVer&idipress=00003611"}},{"type":"Feature","geometry":{"type":"Point","coordinates":[-74.05850085999998,-13.694910839999977]},"properties":{"objectid":18226,"nombre":"PUESTO DE SALUD QUILLA","departamento":"AYACUCHO","provincia":"VICTOR FAJARDO","distrito":"COLCA","institucion":"GOBIERNO REGIONAL","codigoMinsa":3836,"direccion":"JIRÓN JR.ROSAS S/N NÚMERO S/N DISTRITO COLCA PROVINCIA VICTOR FAJARDO DEPARTAMENTO AYACUCHO","disa":"AYACUCHO","red":"AYACUCHO CENTRO","microrred":"VICTOR FAJARDO","categoria":"ESTABLECIMIENTO DE SALUD SIN INTERNAMIENTO","condicion":"ACTIVO","actualizado":"2023/08/01 19:00:00.000","fuente":"MINSA","urlRenipr":"http://app20.susalud.gob.pe:8080/registro-renipress-webapp/ipress.htm?action=mostrarVer&idipress=00003836"}},{"type":"Feature","geometry":{"type":"Point","coordinates":[-73.78314499999993,-15.021919999999966]},"properties":{"objectid":18227,"nombre":"PUESTO DE SALUD SAN MARCOS","departamento":"AYACUCHO","provincia":"PARINACOCHAS","distrito":"CORACORA","institucion":"GOBIERNO REGIONAL","codigoMinsa":6839,"direccion":"JIRÓN JR. CHALA S/N NÚMERO S/N DISTRITO CORACORA PROVINCIA PARINACOCHAS DEPARTAMENTO AYACUCHO","disa":"AYACUCHO","red":"CORACORA","microrred":"CHUMPI","categoria":"ESTABLECIMIENTO DE SALUD SIN INTERNAMIENTO","condicion":"ACTIVO","actualizado":"2023/08/01 19:00:00.000","fuente":"MINSA","urlRenipr":"http://app20.susalud.gob.pe:8080/registro-renipress-webapp/ipress.htm?action=mostrarVer&idipress=00006839"}},{"type":"Feature","geometry":{"type":"Point","coordinates":[-73.87049315999997,-12.571881559999952]},"properties":{"objectid":18228,"nombre":"MATUCANA","departamento":"AYACUCHO","provincia":"HUANTA","distrito":"SIVIA","institucion":"GOBIERNO REGIONAL","codigoMinsa":3773,"direccion":"OTROS LTE 6 MZ B. MATUCANA DISTRITO SIVIA PROVINCIA HUANTA DEPARTAMENTO AYACUCHO","disa":"AYACUCHO","red":"SAN FRANCISCO","microrred":"TRIBOLINE","categoria":"ESTABLECIMIENTO DE SALUD SIN INTERNAMIENTO","condicion":"ACTIVO","actualizado":"2023/08/01 19:00:00.000","fuente":"MINSA","urlRenipr":"http://app20.susalud.gob.pe:8080/registro-renipress-webapp/ipress.htm?action=mostrarVer&idipress=00003773"}},{"type":"Feature","geometry":{"type":"Point","coordinates":[-74.04071851999998,-13.284593289999975]},"properties":{"objectid":18229,"nombre":"CENTRO DE SALUD CHONTACA","departamento":"AYACUCHO","provincia":"HUAMANGA","distrito":"ACOCRO","institucion":"GOBIERNO REGIONAL","codigoMinsa":3546,"direccion":"OTROS COMUNIDAD DE CHONTACA COMUNIDAD DE CHONTACA ACOCRO HUAMANGA AYACUCHO","disa":"AYACUCHO","red":"HUAMANGA","microrred":"CHONTACA","categoria":"ESTABLECIMIENTO DE SALUD SIN INTERNAMIENTO","condicion":"ACTIVO","actualizado":"2023/08/01 19:00:00.000","fuente":"MINSA","urlRenipr":"http://app20.susalud.gob.pe:8080/registro-renipress-webapp/ipress.htm?action=mostrarVer&idipress=00003546"}},{"type":"Feature","geometry":{"type":"Point","coordinates":[-73.94692999999995,-12.72743166999993]},"properties":{"objectid":18230,"nombre":"TUTUMBARU","departamento":"AYACUCHO","provincia":"HUANTA","distrito":"SIVIA","institucion":"GOBIERNO REGIONAL","codigoMinsa":6911,"direccion":"PLAZA PLAZA PRINCIPAL TUTUMBARU DISTRITO SIVIA PROVINCIA HUANTA DEPARTAMENTO AYACUCHO","disa":"AYACUCHO","red":"SAN FRANCISCO","microrred":"MACHENTE","categoria":"ESTABLECIMIENTO DE SALUD SIN INTERNAMIENTO","condicion":"ACTIVO","actualizado":"2023/08/01 19:00:00.000","fuente":"MINSA","urlRenipr":"http://app20.susalud.gob.pe:8080/registro-renipress-webapp/ipress.htm?action=mostrarVer&idipress=00006911"}},{"type":"Feature","geometry":{"type":"Point","coordinates":[-74.58587999999997,-14.38176999999996]},"properties":{"objectid":18231,"nombre":"PUESTO DE SALUD SAN ISIDRO DE TOTORA","departamento":"AYACUCHO","provincia":"LUCANAS","distrito":"SAN PEDRO DE PALCO","institucion":"GOBIERNO REGIONAL","codigoMinsa":3691,"direccion":"CARRETERA CARRETERA PRINCIPAL-TANTARPUCRO DISTRITO SAN PEDRO DE PALCO PROVINCIA LUCANAS DEPARTAMENTO AYACUCHO","disa":"AYACUCHO","red":"LUCANAS","microrred":"OTOCA","categoria":"ESTABLECIMIENTO DE SALUD SIN INTERNAMIENTO","condicion":"ACTIVO","actualizado":"2023/08/01 19:00:00.000","fuente":"MINSA","urlRenipr":"http://app20.susalud.gob.pe:8080/registro-renipress-webapp/ipress.htm?action=mostrarVer&idipress=00003691"}},{"type":"Feature","geometry":{"type":"Point","coordinates":[-74.39372111999995,-13.084483159999934]},"properties":{"objectid":18232,"nombre":"SAN PEDRO DE CACHI","departamento":"AYACUCHO","provincia":"HUAMANGA","distrito":"SANTIAGO DE PISCHA","institucion":"GOBIERNO REGIONAL","codigoMinsa":3618,"direccion":"OTROS COMUNIDAD DE CACHI DISTRITO SANTIAGO DE PISCHA PROVINCIA HUAMANGA DEPARTAMENTO AYACUCHO","disa":"AYACUCHO","red":"HUAMANGA","microrred":"SOCOS","categoria":"ESTABLECIMIENTO DE SALUD SIN INTERNAMIENTO","condicion":"ACTIVO","actualizado":"2023/08/01 19:00:00.000","fuente":"MINSA","urlRenipr":"http://app20.susalud.gob.pe:8080/registro-renipress-webapp/ipress.htm?action=mostrarVer&idipress=00003618"}},{"type":"Feature","geometry":{"type":"Point","coordinates":[-73.84390666999997,-14.008139999999969]},"properties":{"objectid":18233,"nombre":"CENTRO DE SALUD QUEROBAMBA","departamento":"AYACUCHO","provincia":"SUCRE","distrito":"QUEROBAMBA","institucion":"GOBIERNO REGIONAL","codigoMinsa":3808,"direccion":"JIRÓN JR. CAHUIDE S/N NÚMERO S/N DISTRITO QUEROBAMBA PROVINCIA SUCRE DEPARTAMENTO AYACUCHO","disa":"AYACUCHO","red":"AYACUCHO CENTRO","microrred":"SUCRE","categoria":"ESTABLECIMIENTO DE SALUD SIN INTERNAMIENTO","condicion":"ACTIVO","actualizado":"2023/08/01 19:00:00.000","fuente":"MINSA","urlRenipr":"http://app20.susalud.gob.pe:8080/registro-renipress-webapp/ipress.htm?action=mostrarVer&idipress=00003808"}},{"type":"Feature","geometry":{"type":"Point","coordinates":[-73.90756666999994,-12.881196669999952]},"properties":{"objectid":18234,"nombre":"PUESTO DE SALUD USMAY - CHACCO","departamento":"AYACUCHO","provincia":"LA MAR","distrito":"TAMBO","institucion":"GOBIERNO REGIONAL","codigoMinsa":3801,"direccion":"PLAZA PLAZA PRINCIPAL S/N NÚMERO S/N DISTRITO TAMBO PROVINCIA LA MAR DEPARTAMENTO AYACUCHO","disa":"AYACUCHO","red":"SAN MIGUEL","microrred":"TAMBO","categoria":"ESTABLECIMIENTO DE SALUD SIN INTERNAMIENTO","condicion":"ACTIVO","actualizado":"2023/08/01 19:00:00.000","fuente":"MINSA","urlRenipr":"http://app20.susalud.gob.pe:8080/registro-renipress-webapp/ipress.htm?action=mostrarVer&idipress=00003801"}},{"type":"Feature","geometry":{"type":"Point","coordinates":[-73.99622166999995,-12.446984999999927]},"properties":{"objectid":18235,"nombre":"CORAZONPATA","departamento":"AYACUCHO","provincia":"HUANTA","distrito":"LLOCHEGUA","institucion":"GOBIERNO REGIONAL","codigoMinsa":3746,"direccion":"PLAZA PLAZA PRINCIPAL CORAZON PATA DISTRITO LLOCHEGUA PROVINCIA HUANTA DEPARTAMENTO AYACUCHO","disa":"AYACUCHO","red":"SAN FRANCISCO","microrred":"LLOCHEGUA","categoria":"ESTABLECIMIENTO DE SALUD SIN INTERNAMIENTO","condicion":"ACTIVO","actualizado":"2023/08/01 19:00:00.000","fuente":"MINSA","urlRenipr":"http://app20.susalud.gob.pe:8080/registro-renipress-webapp/ipress.htm?action=mostrarVer&idipress=00003746"}},{"type":"Feature","geometry":{"type":"Point","coordinates":[-74.26474999999994,-14.541619999999966]},"properties":{"objectid":18236,"nombre":"CCONTACC","departamento":"AYACUCHO","provincia":"LUCANAS","distrito":"LUCANAS","institucion":"GOBIERNO REGIONAL","codigoMinsa":3721,"direccion":"CALLE CALLE PRINCIPAL S/N NÚMERO S/N DISTRITO LUCANAS PROVINCIA LUCANAS DEPARTAMENTO AYACUCHO","disa":"AYACUCHO","red":"LUCANAS","microrred":"LUCANAS","categoria":"ESTABLECIMIENTO DE SALUD SIN INTERNAMIENTO","condicion":"ACTIVO","actualizado":"2023/08/01 19:00:00.000","fuente":"MINSA","urlRenipr":"http://app20.susalud.gob.pe:8080/registro-renipress-webapp/ipress.htm?action=mostrarVer&idipress=00003721"}},{"type":"Feature","geometry":{"type":"Point","coordinates":[-73.96078893999999,-14.384472209999956]},"properties":{"objectid":18237,"nombre":"CENTRO DE SALUD ANDAMARCA","departamento":"AYACUCHO","provincia":"LUCANAS","distrito":"CARMEN SALCEDO","institucion":"GOBIERNO REGIONAL","codigoMinsa":3710,"direccion":"JIRÓN JR. JORGE CHAVEZ YJR ALFONSO UGARTE S/N NÚMERO S/N DISTRITO CARMEN SALCEDO PROVINCIA LUCANAS DEPARTAMENTO AYACUCHO","disa":"AYACUCHO","red":"LUCANAS","microrred":"ANDAMARCA","categoria":"ESTABLECIMIENTO DE SALUD CON INTERNAMIENTO","condicion":"ACTIVO","actualizado":"2023/08/01 19:00:00.000","fuente":"MINSA","urlRenipr":"http://app20.susalud.gob.pe:8080/registro-renipress-webapp/ipress.htm?action=mostrarVer&idipress=00003710"}},{"type":"Feature","geometry":{"type":"Point","coordinates":[-74.93820752999994,-13.377861459999963]},"properties":{"objectid":18238,"nombre":"CCARHUACCPAMPA","departamento":"AYACUCHO","provincia":"CANGALLO","distrito":"PARAS","institucion":"GOBIERNO REGIONAL","codigoMinsa":3571,"direccion":"OTROS VIA LIBERTADORES-RUMICHACA I DISTRITO PARAS PROVINCIA CANGALLO DEPARTAMENTO AYACUCHO","disa":"AYACUCHO","red":"HUAMANGA","microrred":"VINCHOS","categoria":"ESTABLECIMIENTO DE SALUD SIN INTERNAMIENTO","condicion":"ACTIVO","actualizado":"2023/08/01 19:00:00.000","fuente":"MINSA","urlRenipr":"http://app20.susalud.gob.pe:8080/registro-renipress-webapp/ipress.htm?action=mostrarVer&idipress=00003571"}},{"type":"Feature","geometry":{"type":"Point","coordinates":[-74.62996241999997,-13.551346839999951]},"properties":{"objectid":18239,"nombre":"CENTRO DE SALUD PARAS","departamento":"AYACUCHO","provincia":"CANGALLO","distrito":"PARAS","institucion":"GOBIERNO REGIONAL","codigoMinsa":3584,"direccion":"JIRÓN JR. MARISCAL CACERES S/N S/N JR. MARISCAL CACERES S/N PARAS CANGALLO AYACUCHO","disa":"AYACUCHO","red":"HUAMANGA","microrred":"PARAS","categoria":"ESTABLECIMIENTO DE SALUD SIN INTERNAMIENTO","condicion":"ACTIVO","actualizado":"2023/08/01 19:00:00.000","fuente":"MINSA","urlRenipr":"http://app20.susalud.gob.pe:8080/registro-renipress-webapp/ipress.htm?action=mostrarVer&idipress=00003584"}},{"type":"Feature","geometry":{"type":"Point","coordinates":[-74.10176257999996,-13.112693909999962]},"properties":{"objectid":18240,"nombre":"CENTRO DE SALUD ACOSVINCHOS","departamento":"AYACUCHO","provincia":"HUAMANGA","distrito":"ACOS VINCHOS","institucion":"GOBIERNO REGIONAL","codigoMinsa":3551,"direccion":"PLAZA A 3 CUADRAS DE LA PLAZA PRINCIPAL DISTRITO ACOS VINCHOS PROVINCIA HUAMANGA DEPARTAMENTO AYACUCHO","disa":"AYACUCHO","red":"HUAMANGA","microrred":"QUINUA","categoria":"ESTABLECIMIENTO DE SALUD SIN INTERNAMIENTO","condicion":"ACTIVO","actualizado":"2023/08/01 19:00:00.000","fuente":"MINSA","urlRenipr":"http://app20.susalud.gob.pe:8080/registro-renipress-webapp/ipress.htm?action=mostrarVer&idipress=00003551"}},{"type":"Feature","geometry":{"type":"Point","coordinates":[-73.82467535999996,-15.211655439999959]},"properties":{"objectid":18241,"nombre":"PUESTO DE SALUD PULLO","departamento":"AYACUCHO","provincia":"PARINACOCHAS","distrito":"PULLO","institucion":"GOBIERNO REGIONAL","codigoMinsa":3535,"direccion":"PROLONGACIÓN PROLONGACION LINA S/N S/N PROLONGACION LINA S/N PULLO PARINACOCHAS AYACUCHO","disa":"AYACUCHO","red":"CORACORA","microrred":"INCUYO","categoria":"ESTABLECIMIENTO DE SALUD SIN INTERNAMIENTO","condicion":"ACTIVO","actualizado":"2023/08/01 19:00:00.000","fuente":"MINSA","urlRenipr":"http://app20.susalud.gob.pe:8080/registro-renipress-webapp/ipress.htm?action=mostrarVer&idipress=00003535"}},{"type":"Feature","geometry":{"type":"Point","coordinates":[-73.76104499999997,-14.965916669999956]},"properties":{"objectid":18242,"nombre":"PUESTO DE SALUD CCASACCAHUA","departamento":"AYACUCHO","provincia":"PARINACOCHAS","distrito":"CORACORA","institucion":"GOBIERNO REGIONAL","codigoMinsa":3515,"direccion":"OTROS CCASACCAHUA S/N NÚMERO S/N DISTRITO CORACORA PROVINCIA PARINACOCHAS DEPARTAMENTO AYACUCHO","disa":"AYACUCHO","red":"CORACORA","microrred":"CHAVIÑA","categoria":"ESTABLECIMIENTO DE SALUD SIN INTERNAMIENTO","condicion":"ACTIVO","actualizado":"2023/08/01 19:00:00.000","fuente":"MINSA","urlRenipr":"http://app20.susalud.gob.pe:8080/registro-renipress-webapp/ipress.htm?action=mostrarVer&idipress=00003515"}},{"type":"Feature","geometry":{"type":"Point","coordinates":[-74.42367166999998,-13.618198329999927]},"properties":{"objectid":18243,"nombre":"TOMANGA","departamento":"AYACUCHO","provincia":"VICTOR FAJARDO","distrito":"SARHUA","institucion":"GOBIERNO REGIONAL","codigoMinsa":3505,"direccion":"OTROS BARRIO SANTUARIO S/N - TOMANGA NÚMERO S/N DISTRITO SARHUA PROVINCIA VICTOR FAJARDO DEPARTAMENTO AYACUCHO","disa":"AYACUCHO","red":"AYACUCHO CENTRO","microrred":"POMABAMBA","categoria":"ESTABLECIMIENTO DE SALUD SIN INTERNAMIENTO","condicion":"ACTIVO","actualizado":"2023/08/01 19:00:00.000","fuente":"MINSA","urlRenipr":"http://app20.susalud.gob.pe:8080/registro-renipress-webapp/ipress.htm?action=mostrarVer&idipress=00003505"}},{"type":"Feature","geometry":{"type":"Point","coordinates":[-74.20293499999997,-13.17498999999998]},"properties":{"objectid":18338,"nombre":"CENTRO DE ATENCIÓN PRIMARIA III METROPOLITANO AYACUCHO","departamento":"AYACUCHO","provincia":"HUAMANGA","distrito":"AYACUCHO","institucion":"ESSALUD","codigoMinsa":11465,"direccion":"AVENIDA AV. VENEZUELA S/N CANAN ALTO NÚMERO S/N DISTRITO AYACUCHO PROVINCIA HUAMANGA DEPARTAMENTO AYACUCHO","disa":"AYACUCHO","red":"NO PERTENECE A NINGUNA RED","microrred":"NO PERTENECE A NINGUNA MICRORED","categoria":"ESTABLECIMIENTO DE SALUD SIN INTERNAMIENTO","condicion":"ACTIVO","actualizado":"2023/08/01 19:00:00.000","fuente":"MINSA","urlRenipr":"http://app20.susalud.gob.pe:8080/registro-renipress-webapp/ipress.htm?action=mostrarVer&idipress=00011465"}},{"type":"Feature","geometry":{"type":"Point","coordinates":[-74.19903149999993,-13.16700039999995]},"properties":{"objectid":18398,"nombre":"POLICLINICO CANAAN SRL","departamento":"AYACUCHO","provincia":"HUAMANGA","distrito":"ANDRES AVELINO CACERES DORREGARAY","institucion":"PRIVADO","codigoMinsa":26654,"direccion":"JIRÓN HUAMANGA NÚMERO 583 DISTRITO ANDRES AVELINO CACERES D. PROVINCIA HUAMANGA DEPARTAMENTO AYACUCHO","disa":"AYACUCHO","red":"NO PERTENECE A NINGUNA RED","microrred":"NO PERTENECE A NINGUNA MICRORED","categoria":"ESTABLECIMIENTO DE SALUD SIN INTERNAMIENTO","condicion":"ACTIVO","actualizado":"2023/08/01 19:00:00.000","fuente":"MINSA","urlRenipr":"http://app20.susalud.gob.pe:8080/registro-renipress-webapp/ipress.htm?action=mostrarVer&idipress=00026654"}},{"type":"Feature","geometry":{"type":"Point","coordinates":[-73.98351940999999,-12.935969969999974]},"properties":{"objectid":18569,"nombre":"PUESTO DE SALUD HUAYAO","departamento":"AYACUCHO","provincia":"LA MAR","distrito":"TAMBO","institucion":"GOBIERNO REGIONAL","codigoMinsa":31337,"direccion":"CALLE MARTIRES DE HUAYAO NÚMERO S/N DISTRITO TAMBO PROVINCIA LA MAR DEPARTAMENTO AYACUCHO","disa":"AYACUCHO","red":"SAN MIGUEL","microrred":"TAMBO","categoria":"ESTABLECIMIENTO DE SALUD SIN INTERNAMIENTO","condicion":"ACTIVO","actualizado":"2023/08/01 19:00:00.000","fuente":"MINSA","urlRenipr":"http://app20.susalud.gob.pe:8080/registro-renipress-webapp/ipress.htm?action=mostrarVer&idipress=00031337"}},{"type":"Feature","geometry":{"type":"Point","coordinates":[-74.22740501999994,-13.164892269999939]},"properties":{"objectid":18573,"nombre":"CONSULTORIO ODONTOLOGICO SAN JUAN DE DIOS","departamento":"AYACUCHO","provincia":"HUAMANGA","distrito":"AYACUCHO","institucion":"PRIVADO","codigoMinsa":27551,"direccion":"JIRÓN 28 DE JULIO NÚMERO 435 DISTRITO AYACUCHO PROVINCIA HUAMANGA DEPARTAMENTO AYACUCHO","disa":"AYACUCHO","red":"NO PERTENECE A NINGUNA RED","microrred":"NO PERTENECE A NINGUNA MICRORED","categoria":"ESTABLECIMIENTO DE SALUD SIN INTERNAMIENTO","condicion":"ACTIVO","actualizado":"2023/08/01 19:00:00.000","fuente":"MINSA","urlRenipr":"http://app20.susalud.gob.pe:8080/registro-renipress-webapp/ipress.htm?action=mostrarVer&idipress=00027551"}},{"type":"Feature","geometry":{"type":"Point","coordinates":[-74.22356409999998,-13.163873699999954]},"properties":{"objectid":18625,"nombre":"CENTRO GINECOLÓGICO SIERRA MELLADO","departamento":"AYACUCHO","provincia":"HUAMANGA","distrito":"AYACUCHO","institucion":"PRIVADO","codigoMinsa":27579,"direccion":"JIRÓN LIBERTAD NÚMERO 799 DISTRITO AYACUCHO PROVINCIA HUAMANGA DEPARTAMENTO AYACUCHO","disa":"AYACUCHO","red":"NO PERTENECE A NINGUNA RED","microrred":"NO PERTENECE A NINGUNA MICRORED","categoria":"ESTABLECIMIENTO DE SALUD SIN INTERNAMIENTO","condicion":"ACTIVO","actualizado":"2023/08/01 19:00:00.000","fuente":"MINSA","urlRenipr":"http://app20.susalud.gob.pe:8080/registro-renipress-webapp/ipress.htm?action=mostrarVer&idipress=00027579"}},{"type":"Feature","geometry":{"type":"Point","coordinates":[-74.22319090999997,-13.157763289999934]},"properties":{"objectid":18636,"nombre":"Consultorio Dental VILLA SONRISAS","departamento":"AYACUCHO","provincia":"HUAMANGA","distrito":"AYACUCHO","institucion":"PRIVADO","codigoMinsa":31340,"direccion":"AVENIDA MARISCAL CACERES NÚMERO 878 PISO 2 DISTRITO AYACUCHO PROVINCIA HUAMANGA DEPARTAMENTO AYACUCHO","disa":"AYACUCHO","red":"","microrred":"","categoria":"ESTABLECIMIENTO DE SALUD SIN INTERNAMIENTO","condicion":"ACTIVO","actualizado":"2023/08/01 19:00:00.000","fuente":"MINSA","urlRenipr":"http://app20.susalud.gob.pe:8080/registro-renipress-webapp/ipress.htm?action=mostrarVer&idipress=00031340"}},{"type":"Feature","geometry":{"type":"Point","coordinates":[-74.21794986999998,-13.156039499999963]},"properties":{"objectid":18670,"nombre":"CENTRO MEDICO BREVETES MEDIC S.A.C.","departamento":"AYACUCHO","provincia":"HUAMANGA","distrito":"JESUS NAZARENO","institucion":"PRIVADO","codigoMinsa":28729,"direccion":"JIRÓN SANTOS CHOCANO 400 FRENTE AL MINISTERIO DE TRANSPORTES Y COMUNICACIONES FILIAL AYACUCHO JESUS NAZARENO HUAMANGA AYACUCHO","disa":"AYACUCHO","red":"NO PERTENECE A NINGUNA RED","microrred":"NO PERTENECE A NINGUNA MICRORED","categoria":"ESTABLECIMIENTO DE SALUD SIN INTERNAMIENTO","condicion":"ACTIVO","actualizado":"2023/08/01 19:00:00.000","fuente":"MINSA","urlRenipr":"http://app20.susalud.gob.pe:8080/registro-renipress-webapp/ipress.htm?action=mostrarVer&idipress=00028729"}},{"type":"Feature","geometry":{"type":"Point","coordinates":[-74.22127399999994,-13.177061699999967]},"properties":{"objectid":18736,"nombre":"CENTRO DE SALUD MENTAL COMUNITARIO MUSUQ RIKCHAY","departamento":"AYACUCHO","provincia":"HUAMANGA","distrito":"CARMEN ALTO","institucion":"GOBIERNO REGIONAL","codigoMinsa":27734,"direccion":"AVENIDA LOS LIBERTADORES NÚMERO 700 PISO 2 DISTRITO CARMEN ALTO PROVINCIA HUAMANGA DEPARTAMENTO AYACUCHO","disa":"AYACUCHO","red":"HUAMANGA","microrred":"NO PERTENECE A NINGUNA MICRORED","categoria":"ESTABLECIMIENTO DE SALUD SIN INTERNAMIENTO","condicion":"ACTIVO","actualizado":"2023/08/01 19:00:00.000","fuente":"MINSA","urlRenipr":"http://app20.susalud.gob.pe:8080/registro-renipress-webapp/ipress.htm?action=mostrarVer&idipress=00027734"}},{"type":"Feature","geometry":{"type":"Point","coordinates":[-74.04168320999997,-13.218181639999955]},"properties":{"objectid":18738,"nombre":"PUESTO DE SALUD ACOCRO","departamento":"AYACUCHO","provincia":"HUAMANGA","distrito":"ACOCRO","institucion":"GOBIERNO REGIONAL","codigoMinsa":3544,"direccion":"OTROS ACOCRO DISTRITO ACOCRO PROVINCIA HUAMANGA DEPARTAMENTO AYACUCHO","disa":"AYACUCHO","red":"HUAMANGA","microrred":"CHONTACA","categoria":"ESTABLECIMIENTO DE SALUD SIN INTERNAMIENTO","condicion":"ACTIVO","actualizado":"2023/08/01 19:00:00.000","fuente":"MINSA","urlRenipr":"http://app20.susalud.gob.pe:8080/registro-renipress-webapp/ipress.htm?action=mostrarVer&idipress=00003544"}},{"type":"Feature","geometry":{"type":"Point","coordinates":[-74.20032309999993,-13.122513999999967]},"properties":{"objectid":18799,"nombre":"“CENTRO MEDIC CONDUCE MILAGROS S.A.C”","departamento":"AYACUCHO","provincia":"HUAMANGA","distrito":"JESUS NAZARENO","institucion":"PRIVADO","codigoMinsa":29750,"direccion":"JIRÓN MARIANO MELGAR 475 Frente al Ministerio de transportes JESUS NAZARENO HUAMANGA AYACUCHO","disa":"AYACUCHO","red":"","microrred":"NO PERTENECE A NINGUNA MICRORED","categoria":"ESTABLECIMIENTO DE SALUD SIN INTERNAMIENTO","condicion":"ACTIVO","actualizado":"2023/08/01 19:00:00.000","fuente":"MINSA","urlRenipr":"http://app20.susalud.gob.pe:8080/registro-renipress-webapp/ipress.htm?action=mostrarVer&idipress=00029750"}},{"type":"Feature","geometry":{"type":"Point","coordinates":[-74.94476722999997,-14.151409139999942]},"properties":{"objectid":19541,"nombre":"PUESTO DE SALUD SOCOS CUCHO","departamento":"AYACUCHO","provincia":"LUCANAS","distrito":"HUAC-HUAS","institucion":"GOBIERNO REGIONAL","codigoMinsa":31073,"direccion":"PLAZA PLAZA PRINCIPAL NÚMERO S/N DISTRITO HUAC-HUAS PROVINCIA LUCANAS DEPARTAMENTO AYACUCHO","disa":"AYACUCHO","red":"LUCANAS","microrred":"HUACHUAS","categoria":"ESTABLECIMIENTO DE SALUD SIN INTERNAMIENTO","condicion":"ACTIVO","actualizado":"2023/08/01 19:00:00.000","fuente":"MINSA","urlRenipr":"http://app20.susalud.gob.pe:8080/registro-renipress-webapp/ipress.htm?action=mostrarVer&idipress=00031073"}},{"type":"Feature","geometry":{"type":"Point","coordinates":[-74.40880662999996,-13.841782259999945]},"properties":{"objectid":20345,"nombre":"PUESTO DE SALUD SANTA ROSA COCHAS","departamento":"AYACUCHO","provincia":"HUANCA SANCOS","distrito":"SANTIAGO DE LUCANAMARCA","institucion":"GOBIERNO REGIONAL","codigoMinsa":3645,"direccion":"OTROS COMUNIDAD DE SANTA ROSA DE CCOCHA DISTRITO SANTIAGO DE LUCANAMARCA PROVINCIA HUANCA SANCOS DEPARTAMENTO AYACUCHO","disa":"AYACUCHO","red":"AYACUCHO CENTRO","microrred":"HUANCASANCOS","categoria":"ESTABLECIMIENTO DE SALUD SIN INTERNAMIENTO","condicion":"ACTIVO","actualizado":"2023/08/01 19:00:00.000","fuente":"MINSA","urlRenipr":"http://app20.susalud.gob.pe:8080/registro-renipress-webapp/ipress.htm?action=mostrarVer&idipress=00003645"}},{"type":"Feature","geometry":{"type":"Point","coordinates":[-74.26597511999995,-13.391197329999954]},"properties":{"objectid":20346,"nombre":"ALLPACHACA","departamento":"AYACUCHO","provincia":"HUAMANGA","distrito":"CHIARA","institucion":"GOBIERNO REGIONAL","codigoMinsa":3563,"direccion":"OTROS COMUNIDAD ALLPACHACA DISTRITO CHIARA PROVINCIA HUAMANGA DEPARTAMENTO AYACUCHO","disa":"AYACUCHO","red":"HUAMANGA","microrred":"CHIARA","categoria":"ESTABLECIMIENTO DE SALUD SIN INTERNAMIENTO","condicion":"ACTIVO","actualizado":"2023/08/01 19:00:00.000","fuente":"MINSA","urlRenipr":"http://app20.susalud.gob.pe:8080/registro-renipress-webapp/ipress.htm?action=mostrarVer&idipress=00003563"}},{"type":"Feature","geometry":{"type":"Point","coordinates":[-74.35656832999996,-13.62297166999997]},"properties":{"objectid":20347,"nombre":"PUESTO DE SALUD CHUQUI HUARCAYA","departamento":"AYACUCHO","provincia":"VICTOR FAJARDO","distrito":"SARHUA","institucion":"GOBIERNO REGIONAL","codigoMinsa":3500,"direccion":"JIRÓN JR. ICA S/N - CP DE CHUQUI HUARCAYA NÚMERO S/N DISTRITO SARHUA PROVINCIA VICTOR FAJARDO DEPARTAMENTO AYACUCHO","disa":"AYACUCHO","red":"AYACUCHO CENTRO","microrred":"POMABAMBA","categoria":"ESTABLECIMIENTO DE SALUD SIN INTERNAMIENTO","condicion":"ACTIVO","actualizado":"2023/08/01 19:00:00.000","fuente":"MINSA","urlRenipr":"http://app20.susalud.gob.pe:8080/registro-renipress-webapp/ipress.htm?action=mostrarVer&idipress=00003500"}},{"type":"Feature","geometry":{"type":"Point","coordinates":[-74.63331666999994,-14.480458329999976]},"properties":{"objectid":20348,"nombre":"PUESTO DE SALUD URUIZA","departamento":"AYACUCHO","provincia":"LUCANAS","distrito":"OTOCA","institucion":"GOBIERNO REGIONAL","codigoMinsa":3690,"direccion":"PLAZA PLAZA DE ARMAS S/N NÚMERO S/N DISTRITO OTOCA PROVINCIA LUCANAS DEPARTAMENTO AYACUCHO","disa":"AYACUCHO","red":"LUCANAS","microrred":"OTOCA","categoria":"ESTABLECIMIENTO DE SALUD SIN INTERNAMIENTO","condicion":"ACTIVO","actualizado":"2023/08/01 19:00:00.000","fuente":"MINSA","urlRenipr":"http://app20.susalud.gob.pe:8080/registro-renipress-webapp/ipress.htm?action=mostrarVer&idipress=00003690"}},{"type":"Feature","geometry":{"type":"Point","coordinates":[-74.21914361999995,-13.17762184999998]},"properties":{"objectid":20349,"nombre":"POKRAS","departamento":"AYACUCHO","provincia":"HUAMANGA","distrito":"CARMEN ALTO","institucion":"GOBIERNO REGIONAL","codigoMinsa":3561,"direccion":"AVENIDA AV POKRAS S/N NÚMERO S/N DISTRITO CARMEN ALTO PROVINCIA HUAMANGA DEPARTAMENTO AYACUCHO","disa":"AYACUCHO","red":"HUAMANGA","microrred":"CARMEN ALTO","categoria":"ESTABLECIMIENTO DE SALUD SIN INTERNAMIENTO","condicion":"ACTIVO","actualizado":"2023/08/01 19:00:00.000","fuente":"MINSA","urlRenipr":"http://app20.susalud.gob.pe:8080/registro-renipress-webapp/ipress.htm?action=mostrarVer&idipress=00003561"}},{"type":"Feature","geometry":{"type":"Point","coordinates":[-73.84750997999998,-13.822688939999978]},"properties":{"objectid":20350,"nombre":"PUESTO DE SALUD HUARCAS","departamento":"AYACUCHO","provincia":"VILCAS HUAMAN","distrito":"ACCOMARCA","institucion":"GOBIERNO REGIONAL","codigoMinsa":3842,"direccion":"JIRÓN JR. AYACUCHO S/N NÚMERO S/N DISTRITO ACCOMARCA PROVINCIA VILCAS HUAMAN DEPARTAMENTO AYACUCHO","disa":"AYACUCHO","red":"AYACUCHO CENTRO","microrred":"VILCASHUAMAN","categoria":"ESTABLECIMIENTO DE SALUD SIN INTERNAMIENTO","condicion":"ACTIVO","actualizado":"2023/08/01 19:00:00.000","fuente":"MINSA","urlRenipr":"http://app20.susalud.gob.pe:8080/registro-renipress-webapp/ipress.htm?action=mostrarVer&idipress=00003842"}},{"type":"Feature","geometry":{"type":"Point","coordinates":[-73.93122563999998,-14.014025429999947]},"properties":{"objectid":20351,"nombre":"APONGO","departamento":"AYACUCHO","provincia":"VICTOR FAJARDO","distrito":"APONGO","institucion":"GOBIERNO REGIONAL","codigoMinsa":3819,"direccion":"CALLE CALLE HUANUCO S/N - APONGO NÚMERO S/N DISTRITO APONGO PROVINCIA VICTOR FAJARDO DEPARTAMENTO AYACUCHO","disa":"AYACUCHO","red":"AYACUCHO CENTRO","microrred":"VICTOR FAJARDO","categoria":"ESTABLECIMIENTO DE SALUD SIN INTERNAMIENTO","condicion":"ACTIVO","actualizado":"2023/08/01 19:00:00.000","fuente":"MINSA","urlRenipr":"http://app20.susalud.gob.pe:8080/registro-renipress-webapp/ipress.htm?action=mostrarVer&idipress=00003819"}},{"type":"Feature","geometry":{"type":"Point","coordinates":[-74.14707890999995,-13.65901875999998]},"properties":{"objectid":20352,"nombre":"PUESTO DE SALUD ALCAMENCA","departamento":"AYACUCHO","provincia":"VICTOR FAJARDO","distrito":"ALCAMENCA","institucion":"GOBIERNO REGIONAL","codigoMinsa":3498,"direccion":"AVENIDA AV. FAJARDO DISTRITO ALCAMENCA PROVINCIA VICTOR FAJARDO DEPARTAMENTO AYACUCHO","disa":"AYACUCHO","red":"AYACUCHO CENTRO","microrred":"PAMPA CANGALLO","categoria":"ESTABLECIMIENTO DE SALUD SIN INTERNAMIENTO","condicion":"ACTIVO","actualizado":"2023/08/01 19:00:00.000","fuente":"MINSA","urlRenipr":"http://app20.susalud.gob.pe:8080/registro-renipress-webapp/ipress.htm?action=mostrarVer&idipress=00003498"}},{"type":"Feature","geometry":{"type":"Point","coordinates":[-73.56881999999996,-14.790943329999948]},"properties":{"objectid":20353,"nombre":"CONDORPAMPA","departamento":"AYACUCHO","provincia":"PARINACOCHAS","distrito":"UPAHUACHO","institucion":"GOBIERNO REGIONAL","codigoMinsa":17381,"direccion":"OTROS CENTRO POBLADO CONDORPAMPA DISTRITO UPAHUACHO PROVINCIA PARINACOCHAS DEPARTAMENTO AYACUCHO","disa":"AYACUCHO","red":"CORACORA","microrred":"PACAPAUSA","categoria":"ESTABLECIMIENTO DE SALUD SIN INTERNAMIENTO","condicion":"ACTIVO","actualizado":"2023/08/01 19:00:00.000","fuente":"MINSA","urlRenipr":"http://app20.susalud.gob.pe:8080/registro-renipress-webapp/ipress.htm?action=mostrarVer&idipress=00017381"}},{"type":"Feature","geometry":{"type":"Point","coordinates":[-72.95615166999994,-14.869629999999972]},"properties":{"objectid":20354,"nombre":"PUESTO DE SALUD CCALACCAPCHA","departamento":"AYACUCHO","provincia":"PAUCAR DEL SARA SARA","distrito":"OYOLO","institucion":"GOBIERNO REGIONAL","codigoMinsa":6657,"direccion":"OTROS COMUNIDAD DE CCALACCAPCHA DISTRITO OYOLO PROVINCIA PAUCAR DEL SARA SARA DEPARTAMENTO AYACUCHO","disa":"AYACUCHO","red":"CORACORA","microrred":"PAUSA","categoria":"ESTABLECIMIENTO DE SALUD SIN INTERNAMIENTO","condicion":"ACTIVO","actualizado":"2023/08/01 19:00:00.000","fuente":"MINSA","urlRenipr":"http://app20.susalud.gob.pe:8080/registro-renipress-webapp/ipress.htm?action=mostrarVer&idipress=00006657"}},{"type":"Feature","geometry":{"type":"Point","coordinates":[-74.23165858999994,-13.171611519999942]},"properties":{"objectid":20355,"nombre":"PUESTO DE SALUD SANTA ANA","departamento":"AYACUCHO","provincia":"HUAMANGA","distrito":"AYACUCHO","institucion":"GOBIERNO REGIONAL","codigoMinsa":6907,"direccion":"OTROS CENTRO POBLADO SANTA ANA MZ.C3 LTE.1 DISTRITO AYACUCHO PROVINCIA HUAMANGA DEPARTAMENTO AYACUCHO","disa":"AYACUCHO","red":"HUAMANGA","microrred":"BELEN","categoria":"ESTABLECIMIENTO DE SALUD SIN INTERNAMIENTO","condicion":"ACTIVO","actualizado":"2023/08/01 19:00:00.000","fuente":"MINSA","urlRenipr":"http://app20.susalud.gob.pe:8080/registro-renipress-webapp/ipress.htm?action=mostrarVer&idipress=00006907"}},{"type":"Feature","geometry":{"type":"Point","coordinates":[-73.50081098999993,-13.345486039999969]},"properties":{"objectid":20356,"nombre":"PS. PUTUCUNAY","departamento":"AYACUCHO","provincia":"LA MAR","distrito":"CHUNGUI","institucion":"GOBIERNO REGIONAL","codigoMinsa":6897,"direccion":"PLAZA CERCA A LA PLAZA PRINCIPAL DE PUTUCUNAY S/N NÚMERO S/N DISTRITO CHUNGUI PROVINCIA LA MAR DEPARTAMENTO AYACUCHO","disa":"AYACUCHO","red":"SAN MIGUEL","microrred":"CHUNGUI","categoria":"ESTABLECIMIENTO DE SALUD SIN INTERNAMIENTO","condicion":"ACTIVO","actualizado":"2023/08/01 19:00:00.000","fuente":"MINSA","urlRenipr":"http://app20.susalud.gob.pe:8080/registro-renipress-webapp/ipress.htm?action=mostrarVer&idipress=00006897"}},{"type":"Feature","geometry":{"type":"Point","coordinates":[-74.95311499999997,-14.176763329999972]},"properties":{"objectid":20357,"nombre":"SAYHUA","departamento":"AYACUCHO","provincia":"LUCANAS","distrito":"HUAC-HUAS","institucion":"GOBIERNO REGIONAL","codigoMinsa":3678,"direccion":"CALLE CALLE AYACUCHO S/N NÚMERO S/N DISTRITO HUAC-HUAS PROVINCIA LUCANAS DEPARTAMENTO AYACUCHO","disa":"AYACUCHO","red":"LUCANAS","microrred":"HUACHUAS","categoria":"ESTABLECIMIENTO DE SALUD SIN INTERNAMIENTO","condicion":"ACTIVO","actualizado":"2023/08/01 19:00:00.000","fuente":"MINSA","urlRenipr":"http://app20.susalud.gob.pe:8080/registro-renipress-webapp/ipress.htm?action=mostrarVer&idipress=00003678"}},{"type":"Feature","geometry":{"type":"Point","coordinates":[-74.38591378999996,-13.828063089999944]},"properties":{"objectid":20359,"nombre":"PUESTO DE SALUD SAN JOSE DE HUARCAYA","departamento":"AYACUCHO","provincia":"HUANCA SANCOS","distrito":"SANTIAGO DE LUCANAMARCA","institucion":"GOBIERNO REGIONAL","codigoMinsa":3646,"direccion":"OTROS COMUNIDAD DE SAN JOSE DE HUARCAYA DISTRITO SANTIAGO DE LUCANAMARCA PROVINCIA HUANCA SANCOS DEPARTAMENTO AYACUCHO","disa":"AYACUCHO","red":"AYACUCHO CENTRO","microrred":"HUANCASANCOS","categoria":"ESTABLECIMIENTO DE SALUD SIN INTERNAMIENTO","condicion":"ACTIVO","actualizado":"2023/08/01 19:00:00.000","fuente":"MINSA","urlRenipr":"http://app20.susalud.gob.pe:8080/registro-renipress-webapp/ipress.htm?action=mostrarVer&idipress=00003646"}},{"type":"Feature","geometry":{"type":"Point","coordinates":[-74.11111641999997,-12.826761869999928]},"properties":{"objectid":20360,"nombre":"PUESTO DE SALUD UCHURACCAY","departamento":"AYACUCHO","provincia":"HUANTA","distrito":"UCHURACCAY","institucion":"GOBIERNO REGIONAL","codigoMinsa":3796,"direccion":"PLAZA PLAZA PRINCIPAL DE UCHURACCAY DISTRITO UCHURACCAY PROVINCIA HUANTA DEPARTAMENTO AYACUCHO","disa":"AYACUCHO","red":"HUANTA","microrred":"SAN JOSE DE SECCE","categoria":"ESTABLECIMIENTO DE SALUD SIN INTERNAMIENTO","condicion":"ACTIVO","actualizado":"2023/08/01 19:00:00.000","fuente":"MINSA","urlRenipr":"http://app20.susalud.gob.pe:8080/registro-renipress-webapp/ipress.htm?action=mostrarVer&idipress=00003796"}},{"type":"Feature","geometry":{"type":"Point","coordinates":[-73.68670921999995,-13.215382339999962]},"properties":{"objectid":20361,"nombre":"PUESTO DE SALUD QARIN","departamento":"AYACUCHO","provincia":"LA MAR","distrito":"CHUNGUI","institucion":"GOBIERNO REGIONAL","codigoMinsa":3787,"direccion":"PLAZA PLAZA PRINCIPAL S/N NÚMERO S/N DISTRITO CHUNGUI PROVINCIA LA MAR DEPARTAMENTO AYACUCHO","disa":"AYACUCHO","red":"SAN MIGUEL","microrred":"CHUNGUI","categoria":"ESTABLECIMIENTO DE SALUD SIN INTERNAMIENTO","condicion":"ACTIVO","actualizado":"2023/08/01 19:00:00.000","fuente":"MINSA","urlRenipr":"http://app20.susalud.gob.pe:8080/registro-renipress-webapp/ipress.htm?action=mostrarVer&idipress=00003787"}},{"type":"Feature","geometry":{"type":"Point","coordinates":[-73.88953332999995,-12.51568999999995]},"properties":{"objectid":20362,"nombre":"CHUVIVANA","departamento":"AYACUCHO","provincia":"HUANTA","distrito":"SIVIA","institucion":"GOBIERNO REGIONAL","codigoMinsa":3778,"direccion":"PLAZA PLAZA PRINCIPAL DE CHUVIVANA DISTRITO SIVIA PROVINCIA HUANTA DEPARTAMENTO AYACUCHO","disa":"AYACUCHO","red":"SAN FRANCISCO","microrred":"TRIBOLINE","categoria":"ESTABLECIMIENTO DE SALUD SIN INTERNAMIENTO","condicion":"ACTIVO","actualizado":"2023/08/01 19:00:00.000","fuente":"MINSA","urlRenipr":"http://app20.susalud.gob.pe:8080/registro-renipress-webapp/ipress.htm?action=mostrarVer&idipress=00003778"}},{"type":"Feature","geometry":{"type":"Point","coordinates":[-74.22515156999998,-13.176702639999974]},"properties":{"objectid":20364,"nombre":"CENTRO DE SALUD CARMEN ALTO","departamento":"AYACUCHO","provincia":"HUAMANGA","distrito":"CARMEN ALTO","institucion":"GOBIERNO REGIONAL","codigoMinsa":3560,"direccion":"JIRÓN JR. TAHUANTINSUYO S/N NÚMERO S/N DISTRITO CARMEN ALTO PROVINCIA HUAMANGA DEPARTAMENTO AYACUCHO","disa":"AYACUCHO","red":"HUAMANGA","microrred":"CARMEN ALTO","categoria":"ESTABLECIMIENTO DE SALUD SIN INTERNAMIENTO","condicion":"ACTIVO","actualizado":"2023/08/01 19:00:00.000","fuente":"MINSA","urlRenipr":"http://app20.susalud.gob.pe:8080/registro-renipress-webapp/ipress.htm?action=mostrarVer&idipress=00003560"}},{"type":"Feature","geometry":{"type":"Point","coordinates":[-74.08137684999997,-13.141823249999959]},"properties":{"objectid":20365,"nombre":"PUESTO DE SALUD URPAY","departamento":"AYACUCHO","provincia":"HUAMANGA","distrito":"ACOS VINCHOS","institucion":"GOBIERNO REGIONAL","codigoMinsa":3553,"direccion":"PLAZA PLAZA PRINCIPAL DE URPAY DISTRITO ACOS VINCHOS PROVINCIA HUAMANGA DEPARTAMENTO AYACUCHO","disa":"AYACUCHO","red":"HUAMANGA","microrred":"QUINUA","categoria":"ESTABLECIMIENTO DE SALUD SIN INTERNAMIENTO","condicion":"ACTIVO","actualizado":"2023/08/01 19:00:00.000","fuente":"MINSA","urlRenipr":"http://app20.susalud.gob.pe:8080/registro-renipress-webapp/ipress.htm?action=mostrarVer&idipress=00003553"}},{"type":"Feature","geometry":{"type":"Point","coordinates":[-74.26964194999994,-13.344738749999976]},"properties":{"objectid":20366,"nombre":"MANZANAYOCC","departamento":"AYACUCHO","provincia":"HUAMANGA","distrito":"SOCOS","institucion":"GOBIERNO REGIONAL","codigoMinsa":3614,"direccion":"CALLE CALLE PRINCIPAL DE MANZANAYOCC DISTRITO SOCOS PROVINCIA HUAMANGA DEPARTAMENTO AYACUCHO","disa":"AYACUCHO","red":"HUAMANGA","microrred":"SOCOS","categoria":"ESTABLECIMIENTO DE SALUD SIN INTERNAMIENTO","condicion":"ACTIVO","actualizado":"2023/08/01 19:00:00.000","fuente":"MINSA","urlRenipr":"http://app20.susalud.gob.pe:8080/registro-renipress-webapp/ipress.htm?action=mostrarVer&idipress=00003614"}},{"type":"Feature","geometry":{"type":"Point","coordinates":[-73.83839832999996,-14.978548329999967]},"properties":{"objectid":20368,"nombre":"CHAVIÑA","departamento":"AYACUCHO","provincia":"LUCANAS","distrito":"CHAVIÑA","institucion":"GOBIERNO REGIONAL","codigoMinsa":3513,"direccion":"JIRÓN JR. 28 DE JULIO S/N NÚMERO S/N DISTRITO CHAVIÑA PROVINCIA LUCANAS DEPARTAMENTO AYACUCHO","disa":"AYACUCHO","red":"CORACORA","microrred":"CHAVIÑA","categoria":"ESTABLECIMIENTO DE SALUD SIN INTERNAMIENTO","condicion":"ACTIVO","actualizado":"2023/08/01 19:00:00.000","fuente":"MINSA","urlRenipr":"http://app20.susalud.gob.pe:8080/registro-renipress-webapp/ipress.htm?action=mostrarVer&idipress=00003513"}},{"type":"Feature","geometry":{"type":"Point","coordinates":[-74.22356409999998,-13.163873699999954]},"properties":{"objectid":20369,"nombre":"CENTRO DE SALUD MENTAL COMUNITARIO SAN JUAN BAUTISTA","departamento":"AYACUCHO","provincia":"HUAMANGA","distrito":"SAN JUAN BAUTISTA","institucion":"GOBIERNO REGIONAL","codigoMinsa":29394,"direccion":"OTROS ASOCIACION APROVISA NÚMERO S/N PISO 1 DISTRITO SAN JUAN BAUTISTA PROVINCIA HUAMANGA DEPARTAMENTO AYACUCHO","disa":"AYACUCHO","red":"NO PERTENECE A NINGUNA RED","microrred":"NO PERTENECE A NINGUNA MICRORED","categoria":"ESTABLECIMIENTO DE SALUD SIN INTERNAMIENTO","condicion":"ACTIVO","actualizado":"2023/08/01 19:00:00.000","fuente":"MINSA","urlRenipr":"http://app20.susalud.gob.pe:8080/registro-renipress-webapp/ipress.htm?action=mostrarVer&idipress=00029394"}},{"type":"Feature","geometry":{"type":"Point","coordinates":[-74.22528607999999,-13.163518499999952]},"properties":{"objectid":20427,"nombre":"DENTAL ABREGU","departamento":"AYACUCHO","provincia":"HUAMANGA","distrito":"AYACUCHO","institucion":"PRIVADO","codigoMinsa":27046,"direccion":"JIRÓN Carlos F. Vivanco NÚMERO 306 DISTRITO AYACUCHO PROVINCIA HUAMANGA DEPARTAMENTO AYACUCHO","disa":"AYACUCHO","red":"NO PERTENECE A NINGUNA RED","microrred":"NO PERTENECE A NINGUNA MICRORED","categoria":"ESTABLECIMIENTO DE SALUD SIN INTERNAMIENTO","condicion":"ACTIVO","actualizado":"2023/08/01 19:00:00.000","fuente":"MINSA","urlRenipr":"http://app20.susalud.gob.pe:8080/registro-renipress-webapp/ipress.htm?action=mostrarVer&idipress=00027046"}},{"type":"Feature","geometry":{"type":"Point","coordinates":[-74.25544759999997,-12.931986399999971]},"properties":{"objectid":20432,"nombre":"PUESTO DE SALUD JERUSALEN","departamento":"AYACUCHO","provincia":"HUANTA","distrito":"HUANTA","institucion":"GOBIERNO REGIONAL","codigoMinsa":27666,"direccion":"JIRÓN LOS ANDES NÚMERO 121 PISO 2 DISTRITO HUANTA PROVINCIA HUANTA DEPARTAMENTO AYACUCHO","disa":"AYACUCHO","red":"HUANTA","microrred":"HUANTA","categoria":"ESTABLECIMIENTO DE SALUD SIN INTERNAMIENTO","condicion":"ACTIVO","actualizado":"2023/08/01 19:00:00.000","fuente":"MINSA","urlRenipr":"http://app20.susalud.gob.pe:8080/registro-renipress-webapp/ipress.htm?action=mostrarVer&idipress=00027666"}},{"type":"Feature","geometry":{"type":"Point","coordinates":[-73.95214679999998,-13.654108699999938]},"properties":{"objectid":20486,"nombre":"PUESTO DE SALUD SAN LORENZO DE ÑUÑUNHUAYCCO","departamento":"AYACUCHO","provincia":"VILCAS HUAMAN","distrito":"VISCHONGO","institucion":"GOBIERNO REGIONAL","codigoMinsa":27647,"direccion":"JIRÓN 15 DE AGOSTO NÚMERO 0 DISTRITO VISCHONGO PROVINCIA VILCAS HUAMAN DEPARTAMENTO AYACUCHO","disa":"AYACUCHO","red":"AYACUCHO CENTRO","microrred":"VILCASHUAMAN","categoria":"ESTABLECIMIENTO DE SALUD SIN INTERNAMIENTO","condicion":"ACTIVO","actualizado":"2023/08/01 19:00:00.000","fuente":"MINSA","urlRenipr":"http://app20.susalud.gob.pe:8080/registro-renipress-webapp/ipress.htm?action=mostrarVer&idipress=00027647"}},{"type":"Feature","geometry":{"type":"Point","coordinates":[-74.22454005999998,-13.163702439999952]},"properties":{"objectid":20770,"nombre":"CONSULTORIO DENTAL SEÑOR DE LUREN","departamento":"AYACUCHO","provincia":"HUAMANGA","distrito":"AYACUCHO","institucion":"PRIVADO","codigoMinsa":27965,"direccion":"JIRÓN CARLOS FERNANDO VIVANCO N?ERO 412 DISTRITO AYACUCHO PROVINCIA HUAMANGA DEPARTAMENTO AYACUCHO","disa":"AYACUCHO","red":"NO PERTENECE A NINGUNA RED","microrred":"NO PERTENECE A NINGUNA MICRORED","categoria":"ESTABLECIMIENTO DE SALUD SIN INTERNAMIENTO","condicion":"ACTIVO","actualizado":"2023/08/01 19:00:00.000","fuente":"MINSA","urlRenipr":"http://app20.susalud.gob.pe:8080/registro-renipress-webapp/ipress.htm?action=mostrarVer&idipress=00027965"}},{"type":"Feature","geometry":{"type":"Point","coordinates":[-73.84927874999994,-14.76800161999995]},"properties":{"objectid":21573,"nombre":"PALLCCARANA","departamento":"AYACUCHO","provincia":"PARINACOCHAS","distrito":"CORACORA","institucion":"GOBIERNO REGIONAL","codigoMinsa":3516,"direccion":"PLAZA PLAZA DE ARMAS PALLCARANA DISTRITO CORACORA PROVINCIA PARINACOCHAS DEPARTAMENTO AYACUCHO","disa":"AYACUCHO","red":"LUCANAS","microrred":"SAN PEDRO","categoria":"ESTABLECIMIENTO DE SALUD SIN INTERNAMIENTO","condicion":"ACTIVO","actualizado":"2023/08/01 19:00:00.000","fuente":"MINSA","urlRenipr":"http://app20.susalud.gob.pe:8080/registro-renipress-webapp/ipress.htm?action=mostrarVer&idipress=00003516"}},{"type":"Feature","geometry":{"type":"Point","coordinates":[-74.21291927999994,-13.178064379999967]},"properties":{"objectid":22405,"nombre":"LOS OLIVOS","departamento":"AYACUCHO","provincia":"HUAMANGA","distrito":"SAN JUAN BAUTISTA","institucion":"GOBIERNO REGIONAL","codigoMinsa":6882,"direccion":"OTROS JR. LOS ALAMOS S/N A 1 SAN JUAN BAUTISTA HUAMANGA AYACUCHO","disa":"AYACUCHO","red":"HUAMANGA","microrred":"SAN JUAN BAUTISTA","categoria":"ESTABLECIMIENTO DE SALUD SIN INTERNAMIENTO","condicion":"ACTIVO","actualizado":"2023/08/01 19:00:00.000","fuente":"MINSA","urlRenipr":"http://app20.susalud.gob.pe:8080/registro-renipress-webapp/ipress.htm?action=mostrarVer&idipress=00006882"}},{"type":"Feature","geometry":{"type":"Point","coordinates":[-74.22355836999998,-13.15233330999996]},"properties":{"objectid":22381,"nombre":"CONSULTORIO OBSTETRICO LAS MELLIZAS","departamento":"AYACUCHO","provincia":"HUAMANGA","distrito":"AYACUCHO","institucion":"PRIVADO","codigoMinsa":28242,"direccion":"AVENIDA INDEPENDENCIA NÚMERO 247 DISTRITO AYACUCHO PROVINCIA HUAMANGA DEPARTAMENTO AYACUCHO","disa":"","red":"","microrred":"","categoria":"ESTABLECIMIENTO DE SALUD SIN INTERNAMIENTO","condicion":"RUC INACTIVO EN SUNAT","actualizado":"2023/08/01 19:00:00.000","fuente":"MINSA","urlRenipr":"http://app20.susalud.gob.pe:8080/registro-renipress-webapp/ipress.htm?action=mostrarVer&idipress=00028242"}},{"type":"Feature","geometry":{"type":"Point","coordinates":[-74.24855160999994,-13.167429359999971]},"properties":{"objectid":22402,"nombre":"HUASCAHURA","departamento":"AYACUCHO","provincia":"HUAMANGA","distrito":"AYACUCHO","institucion":"GOBIERNO REGIONAL","codigoMinsa":3556,"direccion":"OTROS COMUNIDAD DE HUASCAHURA DISTRITO AYACUCHO PROVINCIA HUAMANGA DEPARTAMENTO AYACUCHO","disa":"AYACUCHO","red":"HUAMANGA","microrred":"BELEN","categoria":"ESTABLECIMIENTO DE SALUD SIN INTERNAMIENTO","condicion":"ACTIVO","actualizado":"2023/08/01 19:00:00.000","fuente":"MINSA","urlRenipr":"http://app20.susalud.gob.pe:8080/registro-renipress-webapp/ipress.htm?action=mostrarVer&idipress=00003556"}},{"type":"Feature","geometry":{"type":"Point","coordinates":[-73.90164402999994,-13.800113129999943]},"properties":{"objectid":22403,"nombre":"PUESTO DE SALUD ACCOMARCA","departamento":"AYACUCHO","provincia":"VILCAS HUAMAN","distrito":"ACCOMARCA","institucion":"GOBIERNO REGIONAL","codigoMinsa":3841,"direccion":"OTROS BARRIO CARMEN ALTO DISTRITO ACCOMARCA PROVINCIA VILCAS HUAMAN DEPARTAMENTO AYACUCHO","disa":"AYACUCHO","red":"AYACUCHO CENTRO","microrred":"VILCASHUAMAN","categoria":"ESTABLECIMIENTO DE SALUD SIN INTERNAMIENTO","condicion":"ACTIVO","actualizado":"2023/08/01 19:00:00.000","fuente":"MINSA","urlRenipr":"http://app20.susalud.gob.pe:8080/registro-renipress-webapp/ipress.htm?action=mostrarVer&idipress=00003841"}},{"type":"Feature","geometry":{"type":"Point","coordinates":[-74.15692166999997,-13.02510166999997]},"properties":{"objectid":22404,"nombre":"PUESTO DE SALUD QUITURARA","departamento":"AYACUCHO","provincia":"HUANTA","distrito":"HUAMANGUILLA","institucion":"GOBIERNO REGIONAL","codigoMinsa":3651,"direccion":"PLAZA PLAZA PRINCIPAL DE QUITURARA DISTRITO HUAMANGUILLA PROVINCIA HUANTA DEPARTAMENTO AYACUCHO","disa":"AYACUCHO","red":"HUANTA","microrred":"HUAMANGUILLA","categoria":"ESTABLECIMIENTO DE SALUD SIN INTERNAMIENTO","condicion":"ACTIVO","actualizado":"2023/08/01 19:00:00.000","fuente":"MINSA","urlRenipr":"http://app20.susalud.gob.pe:8080/registro-renipress-webapp/ipress.htm?action=mostrarVer&idipress=00003651"}},{"type":"Feature","geometry":{"type":"Point","coordinates":[-74.05278106999998,-13.49588332999997]},"properties":{"objectid":22406,"nombre":"PUESTO DE SALUD PALLCCACANCHA","departamento":"AYACUCHO","provincia":"VILCAS HUAMAN","distrito":"VISCHONGO","institucion":"GOBIERNO REGIONAL","codigoMinsa":6612,"direccion":"AVENIDA AV. 8 DE DICIEMBRE S/N5095.0 NÚMERO S/N DISTRITO VISCHONGO PROVINCIA VILCAS HUAMAN DEPARTAMENTO AYACUCHO","disa":"AYACUCHO","red":"AYACUCHO CENTRO","microrred":"VILCASHUAMAN","categoria":"ESTABLECIMIENTO DE SALUD SIN INTERNAMIENTO","condicion":"ACTIVO","actualizado":"2023/08/01 19:00:00.000","fuente":"MINSA","urlRenipr":"http://app20.susalud.gob.pe:8080/registro-renipress-webapp/ipress.htm?action=mostrarVer&idipress=00006612"}},{"type":"Feature","geometry":{"type":"Point","coordinates":[-74.24660841999997,-13.887431549999974]},"properties":{"objectid":22408,"nombre":"PUESTO DE SALUD PALLCA","departamento":"AYACUCHO","provincia":"HUANCA SANCOS","distrito":"SACSAMARCA","institucion":"GOBIERNO REGIONAL","codigoMinsa":3642,"direccion":"OTROS COMUNIDAD DE PALLCCA DISTRITO SACSAMARCA PROVINCIA HUANCA SANCOS DEPARTAMENTO AYACUCHO","disa":"AYACUCHO","red":"AYACUCHO CENTRO","microrred":"HUANCASANCOS","categoria":"ESTABLECIMIENTO DE SALUD SIN INTERNAMIENTO","condicion":"ACTIVO","actualizado":"2023/08/01 19:00:00.000","fuente":"MINSA","urlRenipr":"http://app20.susalud.gob.pe:8080/registro-renipress-webapp/ipress.htm?action=mostrarVer&idipress=00003642"}},{"type":"Feature","geometry":{"type":"Point","coordinates":[-74.07595012999997,-13.258938599999965]},"properties":{"objectid":22409,"nombre":"PUESTO DE SALUD SECCELAMBRAS","departamento":"AYACUCHO","provincia":"HUAMANGA","distrito":"ACOCRO","institucion":"GOBIERNO REGIONAL","codigoMinsa":3548,"direccion":"OTROS SECCELAMBRAS S/N NÚMERO S/N DISTRITO ACOCRO PROVINCIA HUAMANGA DEPARTAMENTO AYACUCHO","disa":"AYACUCHO","red":"HUAMANGA","microrred":"CHONTACA","categoria":"ESTABLECIMIENTO DE SALUD SIN INTERNAMIENTO","condicion":"ACTIVO","actualizado":"2023/08/01 19:00:00.000","fuente":"MINSA","urlRenipr":"http://app20.susalud.gob.pe:8080/registro-renipress-webapp/ipress.htm?action=mostrarVer&idipress=00003548"}},{"type":"Feature","geometry":{"type":"Point","coordinates":[-74.23745840999999,-12.691766479999956]},"properties":{"objectid":22411,"nombre":"PUESTO DE SALUD MARQARAQAY","departamento":"AYACUCHO","provincia":"HUANTA","distrito":"SANTILLANA","institucion":"GOBIERNO REGIONAL","codigoMinsa":10362,"direccion":"PLAZA PLAZA PRINCIPAL DE MAQARAQAY DISTRITO SANTILLANA PROVINCIA HUANTA DEPARTAMENTO AYACUCHO","disa":"AYACUCHO","red":"HUANTA","microrred":"SAN JOSE DE SECCE","categoria":"ESTABLECIMIENTO DE SALUD SIN INTERNAMIENTO","condicion":"ACTIVO","actualizado":"2023/08/01 19:00:00.000","fuente":"MINSA","urlRenipr":"http://app20.susalud.gob.pe:8080/registro-renipress-webapp/ipress.htm?action=mostrarVer&idipress=00010362"}},{"type":"Feature","geometry":{"type":"Point","coordinates":[-74.33137805999996,-12.594483709999963]},"properties":{"objectid":22412,"nombre":"CENTRO DE SALUD VIRACOCHAN","departamento":"AYACUCHO","provincia":"HUANTA","distrito":"AYAHUANCO","institucion":"GOBIERNO REGIONAL","codigoMinsa":3676,"direccion":"PLAZA PRINCIPAL DE VIRACOCHAN S/N AYAHUANCO HUANTA AYACUCHO","disa":"AYACUCHO","red":"HUANTA","microrred":"VIRACOCHAN","categoria":"ESTABLECIMIENTO DE SALUD SIN INTERNAMIENTO","condicion":"ACTIVO","actualizado":"2023/08/01 19:00:00.000","fuente":"MINSA","urlRenipr":"http://app20.susalud.gob.pe:8080/registro-renipress-webapp/ipress.htm?action=mostrarVer&idipress=00003676"}},{"type":"Feature","geometry":{"type":"Point","coordinates":[-73.75780167999994,-13.693504919999953]},"properties":{"objectid":22413,"nombre":"PUESTO DE SALUD SAURAMA","departamento":"AYACUCHO","provincia":"VILCAS HUAMAN","distrito":"SAURAMA","institucion":"GOBIERNO REGIONAL","codigoMinsa":3846,"direccion":"OTROS CINCO ESQUINAS S/N NÚMERO S/N DISTRITO SAURAMA PROVINCIA VILCAS HUAMAN DEPARTAMENTO AYACUCHO","disa":"AYACUCHO","red":"AYACUCHO CENTRO","microrred":"VILCASHUAMAN","categoria":"ESTABLECIMIENTO DE SALUD SIN INTERNAMIENTO","condicion":"ACTIVO","actualizado":"2023/08/01 19:00:00.000","fuente":"MINSA","urlRenipr":"http://app20.susalud.gob.pe:8080/registro-renipress-webapp/ipress.htm?action=mostrarVer&idipress=00003846"}},{"type":"Feature","geometry":{"type":"Point","coordinates":[-74.47448799999995,-13.607131089999939]},"properties":{"objectid":22414,"nombre":"COCAS","departamento":"AYACUCHO","provincia":"VICTOR FAJARDO","distrito":"VILCANCHOS","institucion":"GOBIERNO REGIONAL","codigoMinsa":3627,"direccion":"OTROS COMUNIDAD DE COCAS DISTRITO VILCANCHOS PROVINCIA VICTOR FAJARDO DEPARTAMENTO AYACUCHO","disa":"AYACUCHO","red":"HUAMANGA","microrred":"TOTOS","categoria":"ESTABLECIMIENTO DE SALUD SIN INTERNAMIENTO","condicion":"ACTIVO","actualizado":"2023/08/01 19:00:00.000","fuente":"MINSA","urlRenipr":"http://app20.susalud.gob.pe:8080/registro-renipress-webapp/ipress.htm?action=mostrarVer&idipress=00003627"}},{"type":"Feature","geometry":{"type":"Point","coordinates":[-74.24695332999994,-14.843919999999969]},"properties":{"objectid":22415,"nombre":"SEÑOR DE LUREN","departamento":"AYACUCHO","provincia":"LUCANAS","distrito":"SAN CRISTOBAL","institucion":"GOBIERNO REGIONAL","codigoMinsa":3726,"direccion":"OTROS ANEXO DEL SEÑOR DE LUREN DISTRITO SAN CRISTOBAL PROVINCIA LUCANAS DEPARTAMENTO AYACUCHO","disa":"AYACUCHO","red":"LUCANAS","microrred":"LUCANAS","categoria":"ESTABLECIMIENTO DE SALUD SIN INTERNAMIENTO","condicion":"ACTIVO","actualizado":"2023/08/01 19:00:00.000","fuente":"MINSA","urlRenipr":"http://app20.susalud.gob.pe:8080/registro-renipress-webapp/ipress.htm?action=mostrarVer&idipress=00003726"}},{"type":"Feature","geometry":{"type":"Point","coordinates":[-74.27355832999996,-14.604198329999974]},"properties":{"objectid":22416,"nombre":"SANTIAGO DE VADO","departamento":"AYACUCHO","provincia":"LUCANAS","distrito":"LUCANAS","institucion":"GOBIERNO REGIONAL","codigoMinsa":3722,"direccion":"CALLE CALLE PRINCIPAL S/N. NÚMERO S/N DISTRITO LUCANAS PROVINCIA LUCANAS DEPARTAMENTO AYACUCHO","disa":"AYACUCHO","red":"LUCANAS","microrred":"LUCANAS","categoria":"ESTABLECIMIENTO DE SALUD SIN INTERNAMIENTO","condicion":"ACTIVO","actualizado":"2023/08/01 19:00:00.000","fuente":"MINSA","urlRenipr":"http://app20.susalud.gob.pe:8080/registro-renipress-webapp/ipress.htm?action=mostrarVer&idipress=00003722"}},{"type":"Feature","geometry":{"type":"Point","coordinates":[-74.53828947999995,-13.34272846999994]},"properties":{"objectid":22417,"nombre":"OCCOLLO","departamento":"AYACUCHO","provincia":"HUAMANGA","distrito":"VINCHOS","institucion":"GOBIERNO REGIONAL","codigoMinsa":3570,"direccion":"OTROS COMUNIDAD DE OCCOLLO CHACAPAMPA DISTRITO VINCHOS PROVINCIA HUAMANGA DEPARTAMENTO AYACUCHO","disa":"AYACUCHO","red":"HUAMANGA","microrred":"VINCHOS","categoria":"ESTABLECIMIENTO DE SALUD SIN INTERNAMIENTO","condicion":"ACTIVO","actualizado":"2023/08/01 19:00:00.000","fuente":"MINSA","urlRenipr":"http://app20.susalud.gob.pe:8080/registro-renipress-webapp/ipress.htm?action=mostrarVer&idipress=00003570"}},{"type":"Feature","geometry":{"type":"Point","coordinates":[-74.21998481999998,-13.182061379999936]},"properties":{"objectid":22418,"nombre":"CENTRO DE SALUD VISTA ALEGRE","departamento":"AYACUCHO","provincia":"HUAMANGA","distrito":"CARMEN ALTO","institucion":"GOBIERNO REGIONAL","codigoMinsa":3562,"direccion":"AVENIDA AV. NUEVA GENERACION S/N NÚMERO S/N DISTRITO CARMEN ALTO PROVINCIA HUAMANGA DEPARTAMENTO AYACUCHO","disa":"AYACUCHO","red":"HUAMANGA","microrred":"CARMEN ALTO","categoria":"ESTABLECIMIENTO DE SALUD SIN INTERNAMIENTO","condicion":"ACTIVO","actualizado":"2023/08/01 19:00:00.000","fuente":"MINSA","urlRenipr":"http://app20.susalud.gob.pe:8080/registro-renipress-webapp/ipress.htm?action=mostrarVer&idipress=00003562"}},{"type":"Feature","geometry":{"type":"Point","coordinates":[-73.97271537999995,-13.309424169999943]},"properties":{"objectid":22419,"nombre":"PUESTO DE SALUD CCOLLCCA","departamento":"AYACUCHO","provincia":"HUAMANGA","distrito":"ACOCRO","institucion":"GOBIERNO REGIONAL","codigoMinsa":3545,"direccion":"PLAZA PLAZA PRINCIPAL DISTRITO ACOCRO PROVINCIA HUAMANGA DEPARTAMENTO AYACUCHO","disa":"AYACUCHO","red":"HUAMANGA","microrred":"CHONTACA","categoria":"ESTABLECIMIENTO DE SALUD SIN INTERNAMIENTO","condicion":"ACTIVO","actualizado":"2023/08/01 19:00:00.000","fuente":"MINSA","urlRenipr":"http://app20.susalud.gob.pe:8080/registro-renipress-webapp/ipress.htm?action=mostrarVer&idipress=00003545"}},{"type":"Feature","geometry":{"type":"Point","coordinates":[-74.73243662999994,-13.557927659999962]},"properties":{"objectid":22420,"nombre":"PUESTO DE SALUD DE CCARHUACCOCCO","departamento":"AYACUCHO","provincia":"CANGALLO","distrito":"PARAS","institucion":"GOBIERNO REGIONAL","codigoMinsa":3585,"direccion":"JIRÓN JR. UNION S/N NÚMERO S/N DISTRITO PARAS PROVINCIA CANGALLO DEPARTAMENTO AYACUCHO","disa":"AYACUCHO","red":"HUAMANGA","microrred":"PARAS","categoria":"ESTABLECIMIENTO DE SALUD SIN INTERNAMIENTO","condicion":"ACTIVO","actualizado":"2023/08/01 19:00:00.000","fuente":"MINSA","urlRenipr":"http://app20.susalud.gob.pe:8080/registro-renipress-webapp/ipress.htm?action=mostrarVer&idipress=00003585"}},{"type":"Feature","geometry":{"type":"Point","coordinates":[-74.19295356999999,-13.679945249999946]},"properties":{"objectid":22421,"nombre":"PUESTO DE SALUD HUAMBO","departamento":"AYACUCHO","provincia":"VICTOR FAJARDO","distrito":"ALCAMENCA","institucion":"GOBIERNO REGIONAL","codigoMinsa":3499,"direccion":"PLAZA PLAZA PRINCIPAL S/N NÚMERO S/N DISTRITO ALCAMENCA PROVINCIA VICTOR FAJARDO DEPARTAMENTO AYACUCHO","disa":"AYACUCHO","red":"AYACUCHO CENTRO","microrred":"PAMPA CANGALLO","categoria":"ESTABLECIMIENTO DE SALUD SIN INTERNAMIENTO","condicion":"ACTIVO","actualizado":"2023/08/01 19:00:00.000","fuente":"MINSA","urlRenipr":"http://app20.susalud.gob.pe:8080/registro-renipress-webapp/ipress.htm?action=mostrarVer&idipress=00003499"}},{"type":"Feature","geometry":{"type":"Point","coordinates":[-74.22523242999995,-13.150287119999973]},"properties":{"objectid":22572,"nombre":"CENTRO MEDICO ESPECIALIZADO \"PRENACER\" SAC","departamento":"AYACUCHO","provincia":"HUAMANGA","distrito":"AYACUCHO","institucion":"PRIVADO","codigoMinsa":27274,"direccion":"JIRÓN LAS MAGNOLIAS MANZANA \"K\" LOTE 21 URBANIZACI? MARISCAL CACERES DISTRITO AYACUCHO PROVINCIA HUAMANGA DEPARTAMENTO AYACUCHO","disa":"AYACUCHO","red":"NO PERTENECE A NINGUNA RED","microrred":"NO PERTENECE A NINGUNA MICRORED","categoria":"ESTABLECIMIENTO DE SALUD SIN INTERNAMIENTO","condicion":"ACTIVO","actualizado":"2023/08/01 19:00:00.000","fuente":"MINSA","urlRenipr":"http://app20.susalud.gob.pe:8080/registro-renipress-webapp/ipress.htm?action=mostrarVer&idipress=00027274"}},{"type":"Feature","geometry":{"type":"Point","coordinates":[-74.22356409999998,-13.163873699999954]},"properties":{"objectid":22603,"nombre":"CENTRO MEDICO UYARI SAC","departamento":"AYACUCHO","provincia":"HUAMANGA","distrito":"AYACUCHO","institucion":"PRIVADO","codigoMinsa":27297,"direccion":"JIRÓN ASAMBLEA N?ERO 298 PISO 2 DISTRITO AYACUCHO PROVINCIA HUAMANGA DEPARTAMENTO AYACUCHO","disa":"","red":"","microrred":"","categoria":"ESTABLECIMIENTO DE SALUD SIN INTERNAMIENTO","condicion":"RUC INACTIVO EN SUNAT","actualizado":"2023/08/01 19:00:00.000","fuente":"MINSA","urlRenipr":"http://app20.susalud.gob.pe:8080/registro-renipress-webapp/ipress.htm?action=mostrarVer&idipress=00027297"}},{"type":"Feature","geometry":{"type":"Point","coordinates":[-74.21520467999994,-13.154877169999963]},"properties":{"objectid":22712,"nombre":"VITALI","departamento":"AYACUCHO","provincia":"HUAMANGA","distrito":"JESUS NAZARENO","institucion":"PRIVADO","codigoMinsa":28685,"direccion":"JIRÓN MOISÉS CAVERO N?ERO 280 PISO 2 DISTRITO JESUS NAZARENO PROVINCIA HUAMANGA DEPARTAMENTO AYACUCHO","disa":"AYACUCHO","red":"NO PERTENECE A NINGUNA RED","microrred":"NO PERTENECE A NINGUNA MICRORED","categoria":"ESTABLECIMIENTO DE SALUD SIN INTERNAMIENTO","condicion":"ACTIVO","actualizado":"2023/08/01 19:00:00.000","fuente":"MINSA","urlRenipr":"http://app20.susalud.gob.pe:8080/registro-renipress-webapp/ipress.htm?action=mostrarVer&idipress=00028685"}},{"type":"Feature","geometry":{"type":"Point","coordinates":[-74.22356409999998,-13.163873699999954]},"properties":{"objectid":22713,"nombre":"CONSULTORIO MEDICO ALLIN QAMPIQ","departamento":"AYACUCHO","provincia":"HUAMANGA","distrito":"AYACUCHO","institucion":"PRIVADO","codigoMinsa":28120,"direccion":"JIRÓN JR LONDRES 103 NÚMERO 103 PISO 2 DISTRITO AYACUCHO PROVINCIA HUAMANGA DEPARTAMENTO AYACUCHO","disa":"AYACUCHO","red":"NO PERTENECE A NINGUNA RED","microrred":"NO PERTENECE A NINGUNA MICRORED","categoria":"ESTABLECIMIENTO DE SALUD SIN INTERNAMIENTO","condicion":"ACTIVO","actualizado":"2023/08/01 19:00:00.000","fuente":"MINSA","urlRenipr":"http://app20.susalud.gob.pe:8080/registro-renipress-webapp/ipress.htm?action=mostrarVer&idipress=00028120"}},{"type":"Feature","geometry":{"type":"Point","coordinates":[-73.43571377999996,-13.38012053999995]},"properties":{"objectid":22742,"nombre":"PUESTO DE SALUD ORONCCOY","departamento":"AYACUCHO","provincia":"LA MAR","distrito":"ORONCCOY","institucion":"GOBIERNO REGIONAL","codigoMinsa":27669,"direccion":"PLAZA ORONCCOY Y PARQUE DE ORONCCOY ORONCCOY LA MAR AYACUCHO","disa":"AYACUCHO","red":"SAN MIGUEL","microrred":"CHUNGUI","categoria":"ESTABLECIMIENTO DE SALUD SIN INTERNAMIENTO","condicion":"ACTIVO","actualizado":"2023/08/01 19:00:00.000","fuente":"MINSA","urlRenipr":"http://app20.susalud.gob.pe:8080/registro-renipress-webapp/ipress.htm?action=mostrarVer&idipress=00027669"}},{"type":"Feature","geometry":{"type":"Point","coordinates":[-74.22468999999995,-13.152785999999935]},"properties":{"objectid":22855,"nombre":"POLICLINICO LOS ANGELES DE AYACUCHO","departamento":"AYACUCHO","provincia":"HUAMANGA","distrito":"AYACUCHO","institucion":"PRIVADO","codigoMinsa":29369,"direccion":"AVENIDA 26 DE ENERO NÚMERO 204 PISO 1 MANZANA B LOTE 4 URBANIZACIÓN Marical Cáceres DISTRITO AYACUCHO PROVINCIA HUAMANGA DEPARTAMENTO AYACUCHO","disa":"AYACUCHO","red":"","microrred":"NO PERTENECE A NINGUNA MICRORED","categoria":"ESTABLECIMIENTO DE SALUD SIN INTERNAMIENTO","condicion":"ACTIVO","actualizado":"2023/08/01 19:00:00.000","fuente":"MINSA","urlRenipr":"http://app20.susalud.gob.pe:8080/registro-renipress-webapp/ipress.htm?action=mostrarVer&idipress=00029369"}},{"type":"Feature","geometry":{"type":"Point","coordinates":[-74.24704986999996,-12.940204489999928]},"properties":{"objectid":22880,"nombre":"POSTA MEDICA PNP HUANTA","departamento":"AYACUCHO","provincia":"HUANTA","distrito":"HUANTA","institucion":"SANIDAD DE LA POLICIA NACIONAL DEL PERU","codigoMinsa":11437,"direccion":"JIRÓN JR. AYACUCHO Nº 271 DISTRITO HUANTA PROVINCIA HUANTA DEPARTAMENTO AYACUCHO","disa":"AYACUCHO","red":"NO PERTENECE A NINGUNA RED","microrred":"NO PERTENECE A NINGUNA MICRORED","categoria":"ESTABLECIMIENTO DE SALUD SIN INTERNAMIENTO","condicion":"ACTIVO","actualizado":"2023/08/01 19:00:00.000","fuente":"MINSA","urlRenipr":"http://app20.susalud.gob.pe:8080/registro-renipress-webapp/ipress.htm?action=mostrarVer&idipress=00011437"}},{"type":"Feature","geometry":{"type":"Point","coordinates":[-74.22945922999997,-13.168035259999954]},"properties":{"objectid":22881,"nombre":"POLICLINICO POLICIAL DE AYACUCHO","departamento":"AYACUCHO","provincia":"HUAMANGA","distrito":"AYACUCHO","institucion":"SANIDAD DE LA POLICIA NACIONAL DEL PERU","codigoMinsa":11426,"direccion":"JIRÓN GRAU NÚMERO 870 PISO 2 DISTRITO AYACUCHO PROVINCIA HUAMANGA DEPARTAMENTO AYACUCHO","disa":"AYACUCHO","red":"NO PERTENECE A NINGUNA RED","microrred":"NO PERTENECE A NINGUNA MICRORED","categoria":"ESTABLECIMIENTO DE SALUD SIN INTERNAMIENTO","condicion":"ACTIVO","actualizado":"2023/08/01 19:00:00.000","fuente":"MINSA","urlRenipr":"http://app20.susalud.gob.pe:8080/registro-renipress-webapp/ipress.htm?action=mostrarVer&idipress=00011426"}},{"type":"Feature","geometry":{"type":"Point","coordinates":[-73.99271576999996,-14.206868799999938]},"properties":{"objectid":23618,"nombre":"CHACRALLA","departamento":"AYACUCHO","provincia":"LUCANAS","distrito":"AUCARA","institucion":"GOBIERNO REGIONAL","codigoMinsa":28849,"direccion":"CALLE VIRGEN DE ASUNCION MANZANA P LOTE 03 DISTRITO AUCARA PROVINCIA LUCANAS DEPARTAMENTO AYACUCHO","disa":"AYACUCHO","red":"LUCANAS","microrred":"VALLE SONDONDO-AUCARA","categoria":"ESTABLECIMIENTO DE SALUD SIN INTERNAMIENTO","condicion":"ACTIVO","actualizado":"2023/08/01 19:00:00.000","fuente":"MINSA","urlRenipr":"http://app20.susalud.gob.pe:8080/registro-renipress-webapp/ipress.htm?action=mostrarVer&idipress=00028849"}},{"type":"Feature","geometry":{"type":"Point","coordinates":[-74.20140222999999,-13.155906419999951]},"properties":{"objectid":24422,"nombre":"PUESTO DE SALUD YANAMILLA","departamento":"AYACUCHO","provincia":"HUAMANGA","distrito":"ANDRES AVELINO CACERES DORREGARAY","institucion":"GOBIERNO REGIONAL","codigoMinsa":11362,"direccion":"OTROS ASOCIACION SAN JOSÉ MZ. K DISTRITO ANDRES AVELINO CACERES D. PROVINCIA HUAMANGA DEPARTAMENTO AYACUCHO","disa":"AYACUCHO","red":"HUAMANGA","microrred":"SANTA ELENA","categoria":"ESTABLECIMIENTO DE SALUD SIN INTERNAMIENTO","condicion":"ACTIVO","actualizado":"2023/08/01 19:00:00.000","fuente":"MINSA","urlRenipr":"http://app20.susalud.gob.pe:8080/registro-renipress-webapp/ipress.htm?action=mostrarVer&idipress=00011362"}},{"type":"Feature","geometry":{"type":"Point","coordinates":[-73.18783832999998,-15.180108329999939]},"properties":{"objectid":24423,"nombre":"CENTRO DE SALUD OYOLO","departamento":"AYACUCHO","provincia":"PAUCAR DEL SARA SARA","distrito":"OYOLO","institucion":"GOBIERNO REGIONAL","codigoMinsa":3699,"direccion":"AVENIDA AV. ANDRES A. CACERES S/N NÚMERO S/N DISTRITO OYOLO PROVINCIA PAUCAR DEL SARA SARA DEPARTAMENTO AYACUCHO","disa":"AYACUCHO","red":"CORACORA","microrred":"PAUSA","categoria":"ESTABLECIMIENTO DE SALUD SIN INTERNAMIENTO","condicion":"ACTIVO","actualizado":"2023/08/01 19:00:00.000","fuente":"MINSA","urlRenipr":"http://app20.susalud.gob.pe:8080/registro-renipress-webapp/ipress.htm?action=mostrarVer&idipress=00003699"}},{"type":"Feature","geometry":{"type":"Point","coordinates":[-74.27153454999996,-13.728845279999973]},"properties":{"objectid":24424,"nombre":"PUESTO DE SALUD HUAMANQUIQUIA","departamento":"AYACUCHO","provincia":"VICTOR FAJARDO","distrito":"HUAMANQUIQUIA","institucion":"GOBIERNO REGIONAL","codigoMinsa":3831,"direccion":"CALLE CALLE FAJARDO S/N - HUAMANQUIQUIA NÚMERO S/N DISTRITO HUAMANQUIQUIA PROVINCIA VICTOR FAJARDO DEPARTAMENTO AYACUCHO","disa":"AYACUCHO","red":"AYACUCHO CENTRO","microrred":"VICTOR FAJARDO","categoria":"ESTABLECIMIENTO DE SALUD SIN INTERNAMIENTO","condicion":"ACTIVO","actualizado":"2023/08/01 19:00:00.000","fuente":"MINSA","urlRenipr":"http://app20.susalud.gob.pe:8080/registro-renipress-webapp/ipress.htm?action=mostrarVer&idipress=00003831"}},{"type":"Feature","geometry":{"type":"Point","coordinates":[-73.75451166999994,-13.939948329999936]},"properties":{"objectid":24425,"nombre":"PUESTO DE SALUD POTONGO","departamento":"AYACUCHO","provincia":"SUCRE","distrito":"QUEROBAMBA","institucion":"GOBIERNO REGIONAL","codigoMinsa":3802,"direccion":"PLAZA PLAZA PRINCIPAL-POTONGO DISTRITO QUEROBAMBA PROVINCIA SUCRE DEPARTAMENTO AYACUCHO","disa":"AYACUCHO","red":"AYACUCHO CENTRO","microrred":"SUCRE","categoria":"ESTABLECIMIENTO DE SALUD SIN INTERNAMIENTO","condicion":"ACTIVO","actualizado":"2023/08/01 19:00:00.000","fuente":"MINSA","urlRenipr":"http://app20.susalud.gob.pe:8080/registro-renipress-webapp/ipress.htm?action=mostrarVer&idipress=00003802"}},{"type":"Feature","geometry":{"type":"Point","coordinates":[-74.25392999999997,-14.494196669999951]},"properties":{"objectid":24426,"nombre":"PAMPA HUASI","departamento":"AYACUCHO","provincia":"LUCANAS","distrito":"SAN JUAN","institucion":"GOBIERNO REGIONAL","codigoMinsa":3723,"direccion":"CALLE CALLE HUAMANGA S/N NÚMERO S/N DISTRITO SAN JUAN PROVINCIA LUCANAS DEPARTAMENTO AYACUCHO","disa":"AYACUCHO","red":"LUCANAS","microrred":"LUCANAS","categoria":"ESTABLECIMIENTO DE SALUD SIN INTERNAMIENTO","condicion":"ACTIVO","actualizado":"2023/08/01 19:00:00.000","fuente":"MINSA","urlRenipr":"http://app20.susalud.gob.pe:8080/registro-renipress-webapp/ipress.htm?action=mostrarVer&idipress=00003723"}},{"type":"Feature","geometry":{"type":"Point","coordinates":[-74.61324431999998,-13.586276529999964]},"properties":{"objectid":24427,"nombre":"SAN JACINTO DE ESPITE","departamento":"AYACUCHO","provincia":"VICTOR FAJARDO","distrito":"VILCANCHOS","institucion":"GOBIERNO REGIONAL","codigoMinsa":3588,"direccion":"OTROS CENTRO POBLADO MZ-Q 1 LTE.1 DISTRITO VILCANCHOS PROVINCIA VICTOR FAJARDO DEPARTAMENTO AYACUCHO","disa":"AYACUCHO","red":"HUAMANGA","microrred":"PARAS","categoria":"ESTABLECIMIENTO DE SALUD SIN INTERNAMIENTO","condicion":"ACTIVO","actualizado":"2023/08/01 19:00:00.000","fuente":"MINSA","urlRenipr":"http://app20.susalud.gob.pe:8080/registro-renipress-webapp/ipress.htm?action=mostrarVer&idipress=00003588"}},{"type":"Feature","geometry":{"type":"Point","coordinates":[-74.07051654999998,-12.758557629999927]},"properties":{"objectid":24429,"nombre":"PUESTO DE SALUD PAMPALCA","departamento":"AYACUCHO","provincia":"HUANTA","distrito":"UCHURACCAY","institucion":"GOBIERNO REGIONAL","codigoMinsa":6652,"direccion":"PLAZA PLAZA PRINCIPAL PAMPALCA DISTRITO UCHURACCAY PROVINCIA HUANTA DEPARTAMENTO AYACUCHO","disa":"AYACUCHO","red":"HUANTA","microrred":"SAN JOSE DE SECCE","categoria":"ESTABLECIMIENTO DE SALUD SIN INTERNAMIENTO","condicion":"ACTIVO","actualizado":"2023/08/01 19:00:00.000","fuente":"MINSA","urlRenipr":"http://app20.susalud.gob.pe:8080/registro-renipress-webapp/ipress.htm?action=mostrarVer&idipress=00006652"}},{"type":"Feature","geometry":{"type":"Point","coordinates":[-73.96054166999994,-12.434569999999951]},"properties":{"objectid":24430,"nombre":"CHIHUILLO ALTO SAN ANTONIO","departamento":"AYACUCHO","provincia":"HUANTA","distrito":"LLOCHEGUA","institucion":"GOBIERNO REGIONAL","codigoMinsa":6908,"direccion":"CALLE CALLE PRINCIPAL CHIHUILLO SAN ANTONIO DISTRITO LLOCHEGUA PROVINCIA HUANTA DEPARTAMENTO AYACUCHO","disa":"AYACUCHO","red":"SAN FRANCISCO","microrred":"LLOCHEGUA","categoria":"ESTABLECIMIENTO DE SALUD SIN INTERNAMIENTO","condicion":"ACTIVO","actualizado":"2023/08/01 19:00:00.000","fuente":"MINSA","urlRenipr":"http://app20.susalud.gob.pe:8080/registro-renipress-webapp/ipress.htm?action=mostrarVer&idipress=00006908"}},{"type":"Feature","geometry":{"type":"Point","coordinates":[-74.89383999999995,-14.226889999999969]},"properties":{"objectid":24431,"nombre":"PUESTO DE SALUD PUCARA","departamento":"AYACUCHO","provincia":"LUCANAS","distrito":"LLAUTA","institucion":"GOBIERNO REGIONAL","codigoMinsa":3683,"direccion":"AVENIDA AV. PROGRESO S/N NÚMERO S/N DISTRITO LLAUTA PROVINCIA LUCANAS DEPARTAMENTO AYACUCHO","disa":"AYACUCHO","red":"LUCANAS","microrred":"LARAMATE","categoria":"ESTABLECIMIENTO DE SALUD SIN INTERNAMIENTO","condicion":"ACTIVO","actualizado":"2023/08/01 19:00:00.000","fuente":"MINSA","urlRenipr":"http://app20.susalud.gob.pe:8080/registro-renipress-webapp/ipress.htm?action=mostrarVer&idipress=00003683"}},{"type":"Feature","geometry":{"type":"Point","coordinates":[-74.24550548999997,-12.824732819999952]},"properties":{"objectid":24432,"nombre":"PUESTO DE SALUD HUAYLLAY","departamento":"AYACUCHO","provincia":"HUANTA","distrito":"LURICOCHA","institucion":"GOBIERNO REGIONAL","codigoMinsa":3666,"direccion":"PLAZA PLAZA PRINCIPAL DE HUAYLLAY DISTRITO LURICOCHA PROVINCIA HUANTA DEPARTAMENTO AYACUCHO","disa":"AYACUCHO","red":"HUANTA","microrred":"LURICOCHA","categoria":"ESTABLECIMIENTO DE SALUD SIN INTERNAMIENTO","condicion":"ACTIVO","actualizado":"2023/08/01 19:00:00.000","fuente":"MINSA","urlRenipr":"http://app20.susalud.gob.pe:8080/registro-renipress-webapp/ipress.htm?action=mostrarVer&idipress=00003666"}},{"type":"Feature","geometry":{"type":"Point","coordinates":[-74.55829166999996,-12.349236669999982]},"properties":{"objectid":24434,"nombre":"PUESTO DE SALUD PALOMA ALEGRE","departamento":"AYACUCHO","provincia":"HUANTA","distrito":"PUCACOLPA","institucion":"GOBIERNO REGIONAL","codigoMinsa":3648,"direccion":"PLAZA PLAZA PRINCIPAL DE PALOMA ALEGRE DISTRITO PUCACOLPA PROVINCIA HUANTA DEPARTAMENTO AYACUCHO","disa":"AYACUCHO","red":"HUANTA","microrred":"HUALLHUA","categoria":"ESTABLECIMIENTO DE SALUD SIN INTERNAMIENTO","condicion":"ACTIVO","actualizado":"2023/08/01 19:00:00.000","fuente":"MINSA","urlRenipr":"http://app20.susalud.gob.pe:8080/registro-renipress-webapp/ipress.htm?action=mostrarVer&idipress=00003648"}},{"type":"Feature","geometry":{"type":"Point","coordinates":[-74.31273994999998,-13.947501579999937]},"properties":{"objectid":24435,"nombre":"PUESTO DE SALUD SACSAMARCA","departamento":"AYACUCHO","provincia":"HUANCA SANCOS","distrito":"SACSAMARCA","institucion":"GOBIERNO REGIONAL","codigoMinsa":3643,"direccion":"OTROS BARRIO TOTOROBAMBA DISTRITO SACSAMARCA PROVINCIA HUANCA SANCOS DEPARTAMENTO AYACUCHO","disa":"AYACUCHO","red":"AYACUCHO CENTRO","microrred":"HUANCASANCOS","categoria":"ESTABLECIMIENTO DE SALUD SIN INTERNAMIENTO","condicion":"ACTIVO","actualizado":"2023/08/01 19:00:00.000","fuente":"MINSA","urlRenipr":"http://app20.susalud.gob.pe:8080/registro-renipress-webapp/ipress.htm?action=mostrarVer&idipress=00003643"}},{"type":"Feature","geometry":{"type":"Point","coordinates":[-73.91914055999996,-13.956316999999956]},"properties":{"objectid":24436,"nombre":"PUESTO DE SALUD TACA","departamento":"AYACUCHO","provincia":"VICTOR FAJARDO","distrito":"CANARIA","institucion":"GOBIERNO REGIONAL","codigoMinsa":3826,"direccion":"JIRÓN JR. AYACUCHO S/N - TACA NÚMERO S/N DISTRITO CANARIA PROVINCIA VICTOR FAJARDO DEPARTAMENTO AYACUCHO","disa":"AYACUCHO","red":"AYACUCHO CENTRO","microrred":"VICTOR FAJARDO","categoria":"ESTABLECIMIENTO DE SALUD SIN INTERNAMIENTO","condicion":"ACTIVO","actualizado":"2023/08/01 19:00:00.000","fuente":"MINSA","urlRenipr":"http://app20.susalud.gob.pe:8080/registro-renipress-webapp/ipress.htm?action=mostrarVer&idipress=00003826"}},{"type":"Feature","geometry":{"type":"Point","coordinates":[-74.02045499999997,-12.881459999999947]},"properties":{"objectid":24437,"nombre":"PUESTO DE SALUD CHALLHUAMAYO","departamento":"AYACUCHO","provincia":"LA MAR","distrito":"TAMBO","institucion":"GOBIERNO REGIONAL","codigoMinsa":3798,"direccion":"CARRETERA A MEDIA CUADRA DE LA CARRETERA PRINCIPAL DISTRITO TAMBO PROVINCIA LA MAR DEPARTAMENTO AYACUCHO","disa":"AYACUCHO","red":"SAN MIGUEL","microrred":"TAMBO","categoria":"ESTABLECIMIENTO DE SALUD SIN INTERNAMIENTO","condicion":"ACTIVO","actualizado":"2023/08/01 19:00:00.000","fuente":"MINSA","urlRenipr":"http://app20.susalud.gob.pe:8080/registro-renipress-webapp/ipress.htm?action=mostrarVer&idipress=00003798"}},{"type":"Feature","geometry":{"type":"Point","coordinates":[-73.94510832999998,-12.488719999999944]},"properties":{"objectid":24438,"nombre":"SAN GERARDO","departamento":"AYACUCHO","provincia":"HUANTA","distrito":"SIVIA","institucion":"GOBIERNO REGIONAL","codigoMinsa":3774,"direccion":"PLAZA PLAZA PRINCIPAL SAN GERARDO DISTRITO SIVIA PROVINCIA HUANTA DEPARTAMENTO AYACUCHO","disa":"AYACUCHO","red":"SAN FRANCISCO","microrred":"TRIBOLINE","categoria":"ESTABLECIMIENTO DE SALUD SIN INTERNAMIENTO","condicion":"ACTIVO","actualizado":"2023/08/01 19:00:00.000","fuente":"MINSA","urlRenipr":"http://app20.susalud.gob.pe:8080/registro-renipress-webapp/ipress.htm?action=mostrarVer&idipress=00003774"}},{"type":"Feature","geometry":{"type":"Point","coordinates":[-73.96622957999995,-14.287659179999935]},"properties":{"objectid":24439,"nombre":"CABANA SUR","departamento":"AYACUCHO","provincia":"LUCANAS","distrito":"CABANA","institucion":"GOBIERNO REGIONAL","codigoMinsa":3708,"direccion":"JIRÓN JR.TOMAS VALENZUELA S/N NÚMERO S/N DISTRITO CABANA PROVINCIA LUCANAS DEPARTAMENTO AYACUCHO","disa":"AYACUCHO","red":"LUCANAS","microrred":"ANDAMARCA","categoria":"ESTABLECIMIENTO DE SALUD SIN INTERNAMIENTO","condicion":"ACTIVO","actualizado":"2023/08/01 19:00:00.000","fuente":"MINSA","urlRenipr":"http://app20.susalud.gob.pe:8080/registro-renipress-webapp/ipress.htm?action=mostrarVer&idipress=00003708"}},{"type":"Feature","geometry":{"type":"Point","coordinates":[-74.34842566999998,-13.40421946999993]},"properties":{"objectid":24440,"nombre":"CENTRO DE SALUD PUTACCA","departamento":"AYACUCHO","provincia":"HUAMANGA","distrito":"VINCHOS","institucion":"GOBIERNO REGIONAL","codigoMinsa":3590,"direccion":"PLAZA PLAZA PRINCIPAL DE PUTACCA DISTRITO VINCHOS PROVINCIA HUAMANGA DEPARTAMENTO AYACUCHO","disa":"AYACUCHO","red":"HUAMANGA","microrred":"PUTACCA","categoria":"ESTABLECIMIENTO DE SALUD SIN INTERNAMIENTO","condicion":"ACTIVO","actualizado":"2023/08/01 19:00:00.000","fuente":"MINSA","urlRenipr":"http://app20.susalud.gob.pe:8080/registro-renipress-webapp/ipress.htm?action=mostrarVer&idipress=00003590"}},{"type":"Feature","geometry":{"type":"Point","coordinates":[-73.35221999999999,-14.996339999999975]},"properties":{"objectid":24441,"nombre":"PUESTO DE SALUD SAN FRANCISCO DE RIVACAICO","departamento":"AYACUCHO","provincia":"PARINACOCHAS","distrito":"SAN FRANCISCO DE RAVACAYCO","institucion":"GOBIERNO REGIONAL","codigoMinsa":3531,"direccion":"OTROS ANEXO DE RIVACAICO S/N NÚMERO S/N DISTRITO SAN FRANCISCO DE RAVACAYCO PROVINCIA PARINACOCHAS DEPARTAMENTO AYACUCHO","disa":"AYACUCHO","red":"CORACORA","microrred":"PACAPAUSA","categoria":"ESTABLECIMIENTO DE SALUD SIN INTERNAMIENTO","condicion":"ACTIVO","actualizado":"2023/08/01 19:00:00.000","fuente":"MINSA","urlRenipr":"http://app20.susalud.gob.pe:8080/registro-renipress-webapp/ipress.htm?action=mostrarVer&idipress=00003531"}},{"type":"Feature","geometry":{"type":"Point","coordinates":[-74.23516832999996,-13.603953329999968]},"properties":{"objectid":24442,"nombre":"CENTRO DE SALUD POMABAMBA","departamento":"AYACUCHO","provincia":"CANGALLO","distrito":"MARIA PARADO DE BELLIDO","institucion":"GOBIERNO REGIONAL","codigoMinsa":3509,"direccion":"JIRÓN JR. INDEPENDENCIA S/N - POMABAMBA NÚMERO S/N DISTRITO MARIA PARADO DE BELLIDO PROVINCIA CANGALLO DEPARTAMENTO AYACUCHO","disa":"AYACUCHO","red":"AYACUCHO CENTRO","microrred":"POMABAMBA","categoria":"ESTABLECIMIENTO DE SALUD SIN INTERNAMIENTO","condicion":"ACTIVO","actualizado":"2023/08/01 19:00:00.000","fuente":"MINSA","urlRenipr":"http://app20.susalud.gob.pe:8080/registro-renipress-webapp/ipress.htm?action=mostrarVer&idipress=00003509"}},{"type":"Feature","geometry":{"type":"Point","coordinates":[-74.13593166999993,-13.604646669999966]},"properties":{"objectid":24443,"nombre":"PUESTO DE SALUD PUTICA","departamento":"AYACUCHO","provincia":"CANGALLO","distrito":"CANGALLO","institucion":"GOBIERNO REGIONAL","codigoMinsa":3497,"direccion":"OTROS BARRIO HUASAPATA S/N NÚMERO S/N DISTRITO CANGALLO PROVINCIA CANGALLO DEPARTAMENTO AYACUCHO","disa":"AYACUCHO","red":"AYACUCHO CENTRO","microrred":"PAMPA CANGALLO","categoria":"ESTABLECIMIENTO DE SALUD SIN INTERNAMIENTO","condicion":"ACTIVO","actualizado":"2023/08/01 19:00:00.000","fuente":"MINSA","urlRenipr":"http://app20.susalud.gob.pe:8080/registro-renipress-webapp/ipress.htm?action=mostrarVer&idipress=00003497"}},{"type":"Feature","geometry":{"type":"Point","coordinates":[-74.45256269999999,-12.396032899999966]},"properties":{"objectid":24499,"nombre":"PUESTO DE SALUD CHACHASPATA","departamento":"AYACUCHO","provincia":"HUANTA","distrito":"PUCACOLPA","institucion":"GOBIERNO REGIONAL","codigoMinsa":24947,"direccion":"CARRETERA CENTRO POBLADO CHACHASPATA NÚMERO S/N DISTRITO PUCACOLPA PROVINCIA HUANTA DEPARTAMENTO AYACUCHO","disa":"AYACUCHO","red":"HUANTA","microrred":"HUALLHUA","categoria":"ESTABLECIMIENTO DE SALUD SIN INTERNAMIENTO","condicion":"ACTIVO","actualizado":"2023/08/01 19:00:00.000","fuente":"MINSA","urlRenipr":"http://app20.susalud.gob.pe:8080/registro-renipress-webapp/ipress.htm?action=mostrarVer&idipress=00024947"}},{"type":"Feature","geometry":{"type":"Point","coordinates":[-73.95214679999998,-13.654108699999938]},"properties":{"objectid":24553,"nombre":"PUESTO DE SALUD OCCO","departamento":"AYACUCHO","provincia":"VILCAS HUAMAN","distrito":"INDEPENDENCIA","institucion":"GOBIERNO REGIONAL","codigoMinsa":21259,"direccion":"OTROS CENTRO POBLADO DE OCCO DISTRITO INDEPENDENCIA PROVINCIA VILCAS HUAMAN DEPARTAMENTO AYACUCHO","disa":"AYACUCHO","red":"AYACUCHO CENTRO","microrred":"VILCASHUAMAN","categoria":"ESTABLECIMIENTO DE SALUD SIN INTERNAMIENTO","condicion":"ACTIVO","actualizado":"2023/08/01 19:00:00.000","fuente":"MINSA","urlRenipr":"http://app20.susalud.gob.pe:8080/registro-renipress-webapp/ipress.htm?action=mostrarVer&idipress=00021259"}},{"type":"Feature","geometry":{"type":"Point","coordinates":[-73.90994666999995,-12.416158329999973]},"properties":{"objectid":24724,"nombre":"CENTRO DE SALUD LLOCHEGUA","departamento":"AYACUCHO","provincia":"HUANTA","distrito":"LLOCHEGUA","institucion":"GOBIERNO REGIONAL","codigoMinsa":3745,"direccion":"OTROS PERIAVENTE-ZONA CHOYMACOTA NÚMERO S/N DISTRITO LLOCHEGUA PROVINCIA HUANTA DEPARTAMENTO AYACUCHO","disa":"AYACUCHO","red":"SAN FRANCISCO","microrred":"LLOCHEGUA","categoria":"ESTABLECIMIENTO DE SALUD CON INTERNAMIENTO","condicion":"ACTIVO","actualizado":"2023/08/01 19:00:00.000","fuente":"MINSA","urlRenipr":"http://app20.susalud.gob.pe:8080/registro-renipress-webapp/ipress.htm?action=mostrarVer&idipress=00003745"}},{"type":"Feature","geometry":{"type":"Point","coordinates":[-74.22443180999994,-13.157128869999951]},"properties":{"objectid":24725,"nombre":"CLINICA DENTAL IMAGEN L& Q E.I.R.L.","departamento":"AYACUCHO","provincia":"HUAMANGA","distrito":"AYACUCHO","institucion":"PRIVADO","codigoMinsa":26904,"direccion":"JIRÓN ASAMBLEA NÚMERO 338 PISO 1 DEPARTAMENTO 1 INTERIOR 3 MANZANA NO LOTE NO URBANIZACIÓN NO DISTRITO AYACUCHO PROVINCIA HUAMANGA DEPARTAMENTO AYACUCHO","disa":"AYACUCHO","red":"NO PERTENECE A NINGUNA RED","microrred":"NO PERTENECE A NINGUNA MICRORED","categoria":"ESTABLECIMIENTO DE SALUD SIN INTERNAMIENTO","condicion":"ACTIVO","actualizado":"2023/08/01 19:00:00.000","fuente":"MINSA","urlRenipr":"http://app20.susalud.gob.pe:8080/registro-renipress-webapp/ipress.htm?action=mostrarVer&idipress=00026904"}},{"type":"Feature","geometry":{"type":"Point","coordinates":[-73.49702907999995,-13.107877469999949]},"properties":{"objectid":24787,"nombre":"PS. CHINCHIBAMBA","departamento":"AYACUCHO","provincia":"LA MAR","distrito":"CHUNGUI","institucion":"GOBIERNO REGIONAL","codigoMinsa":25030,"direccion":"PLAZA COMUNIDAD DE CHINCHIBAMBA NÚMERO S/N DISTRITO CHUNGUI PROVINCIA LA MAR DEPARTAMENTO AYACUCHO","disa":"AYACUCHO","red":"SAN MIGUEL","microrred":"CHUNGUI","categoria":"ESTABLECIMIENTO DE SALUD SIN INTERNAMIENTO","condicion":"ACTIVO","actualizado":"2023/08/01 19:00:00.000","fuente":"MINSA","urlRenipr":"http://app20.susalud.gob.pe:8080/registro-renipress-webapp/ipress.htm?action=mostrarVer&idipress=00025030"}},{"type":"Feature","geometry":{"type":"Point","coordinates":[-73.61963016999994,-13.231161209999982]},"properties":{"objectid":24788,"nombre":"PUESTO DE SALUD DE TANTARPATA","departamento":"AYACUCHO","provincia":"LA MAR","distrito":"CHUNGUI","institucion":"GOBIERNO REGIONAL","codigoMinsa":25029,"direccion":"AVENIDA Andres Avelino Caceres NÚMERO S/N DISTRITO CHUNGUI PROVINCIA LA MAR DEPARTAMENTO AYACUCHO","disa":"AYACUCHO","red":"SAN MIGUEL","microrred":"CHUNGUI","categoria":"ESTABLECIMIENTO DE SALUD SIN INTERNAMIENTO","condicion":"ACTIVO","actualizado":"2023/08/01 19:00:00.000","fuente":"MINSA","urlRenipr":"http://app20.susalud.gob.pe:8080/registro-renipress-webapp/ipress.htm?action=mostrarVer&idipress=00025029"}},{"type":"Feature","geometry":{"type":"Point","coordinates":[-74.22149799999994,-13.176461599999982]},"properties":{"objectid":24852,"nombre":"DENTAL ESPERANZA (SELAH)","departamento":"AYACUCHO","provincia":"HUAMANGA","distrito":"CARMEN ALTO","institucion":"PRIVADO","codigoMinsa":27578,"direccion":"AVENIDA LOS LIBERTADORES NÚMERO S/N DISTRITO CARMEN ALTO PROVINCIA HUAMANGA DEPARTAMENTO AYACUCHO","disa":"AYACUCHO","red":"NO PERTENECE A NINGUNA RED","microrred":"NO PERTENECE A NINGUNA MICRORED","categoria":"ESTABLECIMIENTO DE SALUD SIN INTERNAMIENTO","condicion":"ACTIVO","actualizado":"2023/08/01 19:00:00.000","fuente":"MINSA","urlRenipr":"http://app20.susalud.gob.pe:8080/registro-renipress-webapp/ipress.htm?action=mostrarVer&idipress=00027578"}},{"type":"Feature","geometry":{"type":"Point","coordinates":[-74.22356409999998,-13.163873699999954]},"properties":{"objectid":24993,"nombre":"CENTRO MEDICO SAGRADO NIÑO JESUS","departamento":"AYACUCHO","provincia":"HUAMANGA","distrito":"JESUS NAZARENO","institucion":"PRIVADO","codigoMinsa":29067,"direccion":"JIRÓN JOSE SANTOS CHOCANO NÚMERO 362 PISO 1 DISTRITO JESUS NAZARENO PROVINCIA HUAMANGA DEPARTAMENTO AYACUCHO","disa":"AYACUCHO","red":"NO PERTENECE A NINGUNA RED","microrred":"NO PERTENECE A NINGUNA MICRORED","categoria":"ESTABLECIMIENTO DE SALUD SIN INTERNAMIENTO","condicion":"ACTIVO","actualizado":"2023/08/01 19:00:00.000","fuente":"MINSA","urlRenipr":"http://app20.susalud.gob.pe:8080/registro-renipress-webapp/ipress.htm?action=mostrarVer&idipress=00029067"}},{"type":"Feature","geometry":{"type":"Point","coordinates":[-74.21316149999996,-13.161253899999963]},"properties":{"objectid":25457,"nombre":"CENTRO DE DIALISIS SANTA ANA","departamento":"AYACUCHO","provincia":"HUAMANGA","distrito":"ANDRES AVELINO CACERES DORREGARAY","institucion":"PRIVADO","codigoMinsa":25899,"direccion":"JIRÓN LA CANTUTA 121 CUADRA 5 DE AV. EJERCITO ANDRES AVELINO CACERES D. HUAMANGA AYACUCHO","disa":"AYACUCHO","red":"NO PERTENECE A NINGUNA RED","microrred":"NO PERTENECE A NINGUNA MICRORED","categoria":"SERVICIO MÉDICO DE APOYO","condicion":"ACTIVO","actualizado":"2023/08/01 19:00:00.000","fuente":"MINSA","urlRenipr":"http://app20.susalud.gob.pe:8080/registro-renipress-webapp/ipress.htm?action=mostrarVer&idipress=00025899"}},{"type":"Feature","geometry":{"type":"Point","coordinates":[-74.23362166999993,-14.622388329999978]},"properties":{"objectid":25709,"nombre":"LUCANAS","departamento":"AYACUCHO","provincia":"LUCANAS","distrito":"LUCANAS","institucion":"GOBIERNO REGIONAL","codigoMinsa":3720,"direccion":"CALLE CALLE PRINCIPAL S/N PLAZA DE ARMAS NÚMERO S/N DISTRITO LUCANAS PROVINCIA LUCANAS DEPARTAMENTO AYACUCHO","disa":"AYACUCHO","red":"LUCANAS","microrred":"LUCANAS","categoria":"ESTABLECIMIENTO DE SALUD SIN INTERNAMIENTO","condicion":"ACTIVO","actualizado":"2023/08/01 19:00:00.000","fuente":"MINSA","urlRenipr":"http://app20.susalud.gob.pe:8080/registro-renipress-webapp/ipress.htm?action=mostrarVer&idipress=00003720"}},{"type":"Feature","geometry":{"type":"Point","coordinates":[-73.32259666999994,-15.056929999999966]},"properties":{"objectid":26557,"nombre":"PUESTO DE SALUD SAN JAVIER DE ALPABAMBA","departamento":"AYACUCHO","provincia":"PAUCAR DEL SARA SARA","distrito":"SAN JAVIER DE ALPABAMBA","institucion":"GOBIERNO REGIONAL","codigoMinsa":3697,"direccion":"CALLE CALLE AVIACION S/N NÚMERO S/N DISTRITO SAN JAVIER DE ALPABAMBA PROVINCIA PAUCAR DEL SARA SARA DEPARTAMENTO AYACUCHO","disa":"AYACUCHO","red":"CORACORA","microrred":"PAUSA","categoria":"ESTABLECIMIENTO DE SALUD SIN INTERNAMIENTO","condicion":"ACTIVO","actualizado":"2023/08/01 19:00:00.000","fuente":"MINSA","urlRenipr":"http://app20.susalud.gob.pe:8080/registro-renipress-webapp/ipress.htm?action=mostrarVer&idipress=00003697"}},{"type":"Feature","geometry":{"type":"Point","coordinates":[-74.31081080999996,-13.182343739999965]},"properties":{"objectid":26558,"nombre":"SAN RAFAEL","departamento":"AYACUCHO","provincia":"HUAMANGA","distrito":"SOCOS","institucion":"GOBIERNO REGIONAL","codigoMinsa":6736,"direccion":"PLAZA PLAZA PRINCIPAL DISTRITO SOCOS PROVINCIA HUAMANGA DEPARTAMENTO AYACUCHO","disa":"AYACUCHO","red":"HUAMANGA","microrred":"SOCOS","categoria":"ESTABLECIMIENTO DE SALUD SIN INTERNAMIENTO","condicion":"ACTIVO","actualizado":"2023/08/01 19:00:00.000","fuente":"MINSA","urlRenipr":"http://app20.susalud.gob.pe:8080/registro-renipress-webapp/ipress.htm?action=mostrarVer&idipress=00006736"}},{"type":"Feature","geometry":{"type":"Point","coordinates":[-73.71957666999998,-12.705224999999928]},"properties":{"objectid":26559,"nombre":"MARINTARI","departamento":"AYACUCHO","provincia":"LA MAR","distrito":"SANTA ROSA","institucion":"GOBIERNO REGIONAL","codigoMinsa":3766,"direccion":"OTROS MARINTARI MZ.L-1 LTE. 25 MARINTARI MZ.L-1 LTE. 25 SANTA ROSA LA MAR AYACUCHO","disa":"AYACUCHO","red":"SAN FRANCISCO","microrred":"SANTA ROSA","categoria":"ESTABLECIMIENTO DE SALUD SIN INTERNAMIENTO","condicion":"ACTIVO","actualizado":"2023/08/01 19:00:00.000","fuente":"MINSA","urlRenipr":"http://app20.susalud.gob.pe:8080/registro-renipress-webapp/ipress.htm?action=mostrarVer&idipress=00003766"}},{"type":"Feature","geometry":{"type":"Point","coordinates":[-74.05784499999999,-15.61289832999995]},"properties":{"objectid":26560,"nombre":"CENTRO DE SALUD RELAVE","departamento":"AYACUCHO","provincia":"PARINACOCHAS","distrito":"PULLO","institucion":"GOBIERNO REGIONAL","codigoMinsa":3729,"direccion":"CALLE CALLE SALUD S/N S/N CALLE SALUD S/N PULLO PARINACOCHAS AYACUCHO","disa":"AYACUCHO","red":"CORACORA","microrred":"INCUYO","categoria":"ESTABLECIMIENTO DE SALUD SIN INTERNAMIENTO","condicion":"ACTIVO","actualizado":"2023/08/01 19:00:00.000","fuente":"MINSA","urlRenipr":"http://app20.susalud.gob.pe:8080/registro-renipress-webapp/ipress.htm?action=mostrarVer&idipress=00003729"}},{"type":"Feature","geometry":{"type":"Point","coordinates":[-73.69065332999998,-13.116098329999943]},"properties":{"objectid":26561,"nombre":"PUESTO DE SALUD ANCO","departamento":"AYACUCHO","provincia":"LA MAR","distrito":"ANCO","institucion":"GOBIERNO REGIONAL","codigoMinsa":3788,"direccion":"PLAZA A 02 CUADRAS DE LA PLAZA PRINCIPAL DE ANCO DISTRITO ANCO PROVINCIA LA MAR DEPARTAMENTO AYACUCHO","disa":"AYACUCHO","red":"SAN MIGUEL","microrred":"SACHARACCAY","categoria":"ESTABLECIMIENTO DE SALUD SIN INTERNAMIENTO","condicion":"ACTIVO","actualizado":"2023/08/01 19:00:00.000","fuente":"MINSA","urlRenipr":"http://app20.susalud.gob.pe:8080/registro-renipress-webapp/ipress.htm?action=mostrarVer&idipress=00003788"}},{"type":"Feature","geometry":{"type":"Point","coordinates":[-73.54395332999997,-15.17360666999997]},"properties":{"objectid":26562,"nombre":"PUESTO DE SALUD CHAICHA","departamento":"AYACUCHO","provincia":"PARINACOCHAS","distrito":"PUYUSCA","institucion":"GOBIERNO REGIONAL","codigoMinsa":3525,"direccion":"OTROS CHAICHA S/N NÚMERO S/N DISTRITO PUYUSCA PROVINCIA PARINACOCHAS DEPARTAMENTO AYACUCHO","disa":"AYACUCHO","red":"CORACORA","microrred":"INCUYO","categoria":"ESTABLECIMIENTO DE SALUD SIN INTERNAMIENTO","condicion":"ACTIVO","actualizado":"2023/08/01 19:00:00.000","fuente":"MINSA","urlRenipr":"http://app20.susalud.gob.pe:8080/registro-renipress-webapp/ipress.htm?action=mostrarVer&idipress=00003525"}},{"type":"Feature","geometry":{"type":"Point","coordinates":[-73.94549666999995,-12.452836669999954]},"properties":{"objectid":26563,"nombre":"YARURI","departamento":"AYACUCHO","provincia":"HUANTA","distrito":"LLOCHEGUA","institucion":"GOBIERNO REGIONAL","codigoMinsa":3747,"direccion":"PLAZA PLAZA PRINCIPAL YARURI DISTRITO LLOCHEGUA PROVINCIA HUANTA DEPARTAMENTO AYACUCHO","disa":"AYACUCHO","red":"SAN FRANCISCO","microrred":"LLOCHEGUA","categoria":"ESTABLECIMIENTO DE SALUD SIN INTERNAMIENTO","condicion":"ACTIVO","actualizado":"2023/08/01 19:00:00.000","fuente":"MINSA","urlRenipr":"http://app20.susalud.gob.pe:8080/registro-renipress-webapp/ipress.htm?action=mostrarVer&idipress=00003747"}},{"type":"Feature","geometry":{"type":"Point","coordinates":[-72.99815330999996,-14.730178269999953]},"properties":{"objectid":26564,"nombre":"HUANACCMARCA ALTA","departamento":"AYACUCHO","provincia":"PARINACOCHAS","distrito":"CORONEL CASTAÑEDA","institucion":"GOBIERNO REGIONAL","codigoMinsa":11481,"direccion":"OTROS CENTRO POBLADO HUANACCMARCA ALTA DISTRITO CORONEL CASTAÑEDA PROVINCIA PARINACOCHAS DEPARTAMENTO AYACUCHO","disa":"AYACUCHO","red":"LUCANAS","microrred":"SAN PEDRO","categoria":"ESTABLECIMIENTO DE SALUD SIN INTERNAMIENTO","condicion":"ACTIVO","actualizado":"2023/08/01 19:00:00.000","fuente":"MINSA","urlRenipr":"http://app20.susalud.gob.pe:8080/registro-renipress-webapp/ipress.htm?action=mostrarVer&idipress=00011481"}},{"type":"Feature","geometry":{"type":"Point","coordinates":[-74.43818832999995,-12.350058329999968]},"properties":{"objectid":26565,"nombre":"PUESTO DE SALUD PUCACOLPA","departamento":"AYACUCHO","provincia":"HUANTA","distrito":"PUCACOLPA","institucion":"GOBIERNO REGIONAL","codigoMinsa":10365,"direccion":"PLAZA PLAZA PRINCIPAL DE PUCACOLPA DISTRITO PUCACOLPA PROVINCIA HUANTA DEPARTAMENTO AYACUCHO","disa":"AYACUCHO","red":"HUANTA","microrred":"HUALLHUA","categoria":"ESTABLECIMIENTO DE SALUD SIN INTERNAMIENTO","condicion":"ACTIVO","actualizado":"2023/08/01 19:00:00.000","fuente":"MINSA","urlRenipr":"http://app20.susalud.gob.pe:8080/registro-renipress-webapp/ipress.htm?action=mostrarVer&idipress=00010365"}},{"type":"Feature","geometry":{"type":"Point","coordinates":[-74.32938735999994,-13.449657139999943]},"properties":{"objectid":26566,"nombre":"PUESTO DE SALUD CUCHUQUESERA","departamento":"AYACUCHO","provincia":"CANGALLO","distrito":"CHUSCHI","institucion":"GOBIERNO REGIONAL","codigoMinsa":6753,"direccion":"OTROS COMUNIDAD CUCHOQUESERA DISTRITO CHUSCHI PROVINCIA CANGALLO DEPARTAMENTO AYACUCHO","disa":"AYACUCHO","red":"HUAMANGA","microrred":"PUTACCA","categoria":"ESTABLECIMIENTO DE SALUD SIN INTERNAMIENTO","condicion":"ACTIVO","actualizado":"2023/08/01 19:00:00.000","fuente":"MINSA","urlRenipr":"http://app20.susalud.gob.pe:8080/registro-renipress-webapp/ipress.htm?action=mostrarVer&idipress=00006753"}},{"type":"Feature","geometry":{"type":"Point","coordinates":[-74.30715377999996,-13.17640591999998]},"properties":{"objectid":26567,"nombre":"LUYANTA","departamento":"AYACUCHO","provincia":"HUAMANGA","distrito":"SOCOS","institucion":"GOBIERNO REGIONAL","codigoMinsa":6838,"direccion":"PLAZA PLAZA PRINCIPAL DISTRITO SOCOS PROVINCIA HUAMANGA DEPARTAMENTO AYACUCHO","disa":"AYACUCHO","red":"HUAMANGA","microrred":"SOCOS","categoria":"ESTABLECIMIENTO DE SALUD SIN INTERNAMIENTO","condicion":"ACTIVO","actualizado":"2023/08/01 19:00:00.000","fuente":"MINSA","urlRenipr":"http://app20.susalud.gob.pe:8080/registro-renipress-webapp/ipress.htm?action=mostrarVer&idipress=00006838"}},{"type":"Feature","geometry":{"type":"Point","coordinates":[-73.29333166999999,-15.162826669999959]},"properties":{"objectid":26568,"nombre":"PUESTO DE SALUD COLTA","departamento":"AYACUCHO","provincia":"PAUCAR DEL SARA SARA","distrito":"COLTA","institucion":"GOBIERNO REGIONAL","codigoMinsa":3692,"direccion":"CALLE CALLE COMERCIO S/N NÚMERO S/N DISTRITO COLTA PROVINCIA PAUCAR DEL SARA SARA DEPARTAMENTO AYACUCHO","disa":"AYACUCHO","red":"CORACORA","microrred":"PAUSA","categoria":"ESTABLECIMIENTO DE SALUD SIN INTERNAMIENTO","condicion":"ACTIVO","actualizado":"2023/08/01 19:00:00.000","fuente":"MINSA","urlRenipr":"http://app20.susalud.gob.pe:8080/registro-renipress-webapp/ipress.htm?action=mostrarVer&idipress=00003692"}},{"type":"Feature","geometry":{"type":"Point","coordinates":[-73.85686064999999,-13.569529709999927]},"properties":{"objectid":26569,"nombre":"PUESTO DE SALUD SAN ANTONIO ASTANYA","departamento":"AYACUCHO","provincia":"VILCAS HUAMAN","distrito":"CONCEPCION","institucion":"GOBIERNO REGIONAL","codigoMinsa":3851,"direccion":"OTROS COMUNIDAD DE SAN ANTONIO DE ASTANYA DISTRITO CONCEPCION PROVINCIA VILCAS HUAMAN DEPARTAMENTO AYACUCHO","disa":"AYACUCHO","red":"AYACUCHO CENTRO","microrred":"VILCASHUAMAN","categoria":"ESTABLECIMIENTO DE SALUD SIN INTERNAMIENTO","condicion":"ACTIVO","actualizado":"2023/08/01 19:00:00.000","fuente":"MINSA","urlRenipr":"http://app20.susalud.gob.pe:8080/registro-renipress-webapp/ipress.htm?action=mostrarVer&idipress=00003851"}},{"type":"Feature","geometry":{"type":"Point","coordinates":[-74.12305263999997,-13.727710059999936]},"properties":{"objectid":26570,"nombre":"PUESTO DE SALUD CIRCAMARCA","departamento":"AYACUCHO","provincia":"VICTOR FAJARDO","distrito":"HUANCARAYLLA","institucion":"GOBIERNO REGIONAL","codigoMinsa":3837,"direccion":"JIRÓN JR. PROCERESA S/N NÚMERO S/N DISTRITO HUANCARAYLLA PROVINCIA VICTOR FAJARDO DEPARTAMENTO AYACUCHO","disa":"AYACUCHO","red":"AYACUCHO CENTRO","microrred":"VICTOR FAJARDO","categoria":"ESTABLECIMIENTO DE SALUD SIN INTERNAMIENTO","condicion":"ACTIVO","actualizado":"2023/08/01 19:00:00.000","fuente":"MINSA","urlRenipr":"http://app20.susalud.gob.pe:8080/registro-renipress-webapp/ipress.htm?action=mostrarVer&idipress=00003837"}},{"type":"Feature","geometry":{"type":"Point","coordinates":[-74.03486937999998,-13.710081539999976]},"properties":{"objectid":26571,"nombre":"PUESTO DE SALUD COLCA","departamento":"AYACUCHO","provincia":"VICTOR FAJARDO","distrito":"COLCA","institucion":"GOBIERNO REGIONAL","codigoMinsa":3835,"direccion":"JIRÓN JR. BOLIVAR S/N NÚMERO S/N DISTRITO COLCA PROVINCIA VICTOR FAJARDO DEPARTAMENTO AYACUCHO","disa":"AYACUCHO","red":"AYACUCHO CENTRO","microrred":"VICTOR FAJARDO","categoria":"ESTABLECIMIENTO DE SALUD SIN INTERNAMIENTO","condicion":"ACTIVO","actualizado":"2023/08/01 19:00:00.000","fuente":"MINSA","urlRenipr":"http://app20.susalud.gob.pe:8080/registro-renipress-webapp/ipress.htm?action=mostrarVer&idipress=00003835"}},{"type":"Feature","geometry":{"type":"Point","coordinates":[-74.37170989999998,-13.844943099999966]},"properties":{"objectid":26572,"nombre":"PUESTO DE SALUD LUCANAMARCA","departamento":"AYACUCHO","provincia":"HUANCA SANCOS","distrito":"SANTIAGO DE LUCANAMARCA","institucion":"GOBIERNO REGIONAL","codigoMinsa":3644,"direccion":"JIRÓN JR. MIRAFLORES S/N NÚMERO S/N DISTRITO SANTIAGO DE LUCANAMARCA PROVINCIA HUANCA SANCOS DEPARTAMENTO AYACUCHO","disa":"AYACUCHO","red":"AYACUCHO CENTRO","microrred":"HUANCASANCOS","categoria":"ESTABLECIMIENTO DE SALUD SIN INTERNAMIENTO","condicion":"ACTIVO","actualizado":"2023/08/01 19:00:00.000","fuente":"MINSA","urlRenipr":"http://app20.susalud.gob.pe:8080/registro-renipress-webapp/ipress.htm?action=mostrarVer&idipress=00003644"}},{"type":"Feature","geometry":{"type":"Point","coordinates":[-73.92940734999996,-13.87940969999994]},"properties":{"objectid":26573,"nombre":"PUESTO DE SALUD TIQUIHUA","departamento":"AYACUCHO","provincia":"VICTOR FAJARDO","distrito":"HUALLA","institucion":"GOBIERNO REGIONAL","codigoMinsa":3830,"direccion":"JIRÓN JR.SUCRE S/N NÚMERO S/N DISTRITO HUALLA PROVINCIA VICTOR FAJARDO DEPARTAMENTO AYACUCHO","disa":"AYACUCHO","red":"AYACUCHO CENTRO","microrred":"VICTOR FAJARDO","categoria":"ESTABLECIMIENTO DE SALUD SIN INTERNAMIENTO","condicion":"ACTIVO","actualizado":"2023/08/01 19:00:00.000","fuente":"MINSA","urlRenipr":"http://app20.susalud.gob.pe:8080/registro-renipress-webapp/ipress.htm?action=mostrarVer&idipress=00003830"}},{"type":"Feature","geometry":{"type":"Point","coordinates":[-74.52218798999996,-13.570465429999956]},"properties":{"objectid":26574,"nombre":"CENTRO DE SALUD TOTOS","departamento":"AYACUCHO","provincia":"CANGALLO","distrito":"TOTOS","institucion":"GOBIERNO REGIONAL","codigoMinsa":3623,"direccion":"PLAZA PLAZA PRINCIPAL DE TOTOS DISTRITO TOTOS PROVINCIA CANGALLO DEPARTAMENTO AYACUCHO","disa":"AYACUCHO","red":"HUAMANGA","microrred":"TOTOS","categoria":"ESTABLECIMIENTO DE SALUD SIN INTERNAMIENTO","condicion":"ACTIVO","actualizado":"2023/08/01 19:00:00.000","fuente":"MINSA","urlRenipr":"http://app20.susalud.gob.pe:8080/registro-renipress-webapp/ipress.htm?action=mostrarVer&idipress=00003623"}},{"type":"Feature","geometry":{"type":"Point","coordinates":[-73.64300332999994,-14.037818329999936]},"properties":{"objectid":26575,"nombre":"PUESTO DE SALUD PAICO","departamento":"AYACUCHO","provincia":"SUCRE","distrito":"PAICO","institucion":"GOBIERNO REGIONAL","codigoMinsa":3813,"direccion":"JIRÓN JR.SAN MARTIN S/N NÚMERO S/N DISTRITO PAICO PROVINCIA SUCRE DEPARTAMENTO AYACUCHO","disa":"AYACUCHO","red":"AYACUCHO CENTRO","microrred":"SUCRE","categoria":"ESTABLECIMIENTO DE SALUD SIN INTERNAMIENTO","condicion":"ACTIVO","actualizado":"2023/08/01 19:00:00.000","fuente":"MINSA","urlRenipr":"http://app20.susalud.gob.pe:8080/registro-renipress-webapp/ipress.htm?action=mostrarVer&idipress=00003813"}},{"type":"Feature","geometry":{"type":"Point","coordinates":[-73.86067832999998,-13.973623329999953]},"properties":{"objectid":26576,"nombre":"PUESTO DE SALUD CHONTA","departamento":"AYACUCHO","provincia":"SUCRE","distrito":"QUEROBAMBA","institucion":"GOBIERNO REGIONAL","codigoMinsa":3809,"direccion":"PLAZA PLAZA PRINCIPAL DE CHONTA S/N NÚMERO S/N DISTRITO QUEROBAMBA PROVINCIA SUCRE DEPARTAMENTO AYACUCHO","disa":"AYACUCHO","red":"AYACUCHO CENTRO","microrred":"SUCRE","categoria":"ESTABLECIMIENTO DE SALUD SIN INTERNAMIENTO","condicion":"ACTIVO","actualizado":"2023/08/01 19:00:00.000","fuente":"MINSA","urlRenipr":"http://app20.susalud.gob.pe:8080/registro-renipress-webapp/ipress.htm?action=mostrarVer&idipress=00003809"}},{"type":"Feature","geometry":{"type":"Point","coordinates":[-73.86833999999999,-13.162453329999948]},"properties":{"objectid":26577,"nombre":"ESCCANA","departamento":"AYACUCHO","provincia":"LA MAR","distrito":"CHILCAS","institucion":"GOBIERNO REGIONAL","codigoMinsa":3780,"direccion":"OTROS AL COSTADO DEL CAMPO DEPORTIVO DISTRITO CHILCAS PROVINCIA LA MAR DEPARTAMENTO AYACUCHO","disa":"AYACUCHO","red":"SAN MIGUEL","microrred":"NINABAMBA","categoria":"ESTABLECIMIENTO DE SALUD SIN INTERNAMIENTO","condicion":"ACTIVO","actualizado":"2023/08/01 19:00:00.000","fuente":"MINSA","urlRenipr":"http://app20.susalud.gob.pe:8080/registro-renipress-webapp/ipress.htm?action=mostrarVer&idipress=00003780"}},{"type":"Feature","geometry":{"type":"Point","coordinates":[-73.95814832999997,-12.360194999999976]},"properties":{"objectid":26578,"nombre":"PUESTO DE SALUD MAYAPO","departamento":"AYACUCHO","provincia":"HUANTA","distrito":"CANAYRE","institucion":"GOBIERNO REGIONAL","codigoMinsa":3772,"direccion":"CALLE CALLE PRINCIPAL MAYAPO DISTRITO CANAYRE PROVINCIA HUANTA DEPARTAMENTO AYACUCHO","disa":"AYACUCHO","red":"SAN FRANCISCO","microrred":"LLOCHEGUA","categoria":"ESTABLECIMIENTO DE SALUD SIN INTERNAMIENTO","condicion":"ACTIVO","actualizado":"2023/08/01 19:00:00.000","fuente":"MINSA","urlRenipr":"http://app20.susalud.gob.pe:8080/registro-renipress-webapp/ipress.htm?action=mostrarVer&idipress=00003772"}},{"type":"Feature","geometry":{"type":"Point","coordinates":[-74.31716666999995,-13.673444999999958]},"properties":{"objectid":26579,"nombre":"PUESTO DE SALUD SARHUA","departamento":"AYACUCHO","provincia":"VICTOR FAJARDO","distrito":"SARHUA","institucion":"GOBIERNO REGIONAL","codigoMinsa":3512,"direccion":"PROLONGACIÓN PROLONGACION CHASQUI - SARHUA DISTRITO SARHUA PROVINCIA VICTOR FAJARDO DEPARTAMENTO AYACUCHO","disa":"AYACUCHO","red":"AYACUCHO CENTRO","microrred":"POMABAMBA","categoria":"ESTABLECIMIENTO DE SALUD SIN INTERNAMIENTO","condicion":"ACTIVO","actualizado":"2023/08/01 19:00:00.000","fuente":"MINSA","urlRenipr":"http://app20.susalud.gob.pe:8080/registro-renipress-webapp/ipress.htm?action=mostrarVer&idipress=00003512"}},{"type":"Feature","geometry":{"type":"Point","coordinates":[-74.34355666999994,-13.631891669999959]},"properties":{"objectid":26580,"nombre":"PUESTO DE SALUD AUQUILLA","departamento":"AYACUCHO","provincia":"VICTOR FAJARDO","distrito":"SARHUA","institucion":"GOBIERNO REGIONAL","codigoMinsa":3511,"direccion":"OTROS COMUNIDAD DE AUQUILLA DISTRITO SARHUA PROVINCIA VICTOR FAJARDO DEPARTAMENTO AYACUCHO","disa":"AYACUCHO","red":"AYACUCHO CENTRO","microrred":"POMABAMBA","categoria":"ESTABLECIMIENTO DE SALUD SIN INTERNAMIENTO","condicion":"ACTIVO","actualizado":"2023/08/01 19:00:00.000","fuente":"MINSA","urlRenipr":"http://app20.susalud.gob.pe:8080/registro-renipress-webapp/ipress.htm?action=mostrarVer&idipress=00003511"}},{"type":"Feature","geometry":{"type":"Point","coordinates":[-74.35233499999998,-13.585049999999967]},"properties":{"objectid":26581,"nombre":"CENTRO DE SALUD CHUSCHI","departamento":"AYACUCHO","provincia":"CANGALLO","distrito":"CHUSCHI","institucion":"GOBIERNO REGIONAL","codigoMinsa":3502,"direccion":"JIRÓN JR. CHICLLARAZO S/N NÚMERO S/N DISTRITO CHUSCHI PROVINCIA CANGALLO DEPARTAMENTO AYACUCHO","disa":"AYACUCHO","red":"AYACUCHO CENTRO","microrred":"POMABAMBA","categoria":"ESTABLECIMIENTO DE SALUD SIN INTERNAMIENTO","condicion":"ACTIVO","actualizado":"2023/08/01 19:00:00.000","fuente":"MINSA","urlRenipr":"http://app20.susalud.gob.pe:8080/registro-renipress-webapp/ipress.htm?action=mostrarVer&idipress=00003502"}},{"type":"Feature","geometry":{"type":"Point","coordinates":[-74.24043999999998,-12.938872559999936]},"properties":{"objectid":26659,"nombre":"HUANTA","departamento":"AYACUCHO","provincia":"HUANTA","distrito":"HUANTA","institucion":"ESSALUD","codigoMinsa":11446,"direccion":"AVENIDA AV. CIRCUNVALACION S/N N?ERO S/N DISTRITO HUANTA PROVINCIA HUANTA DEPARTAMENTO AYACUCHO","disa":"AYACUCHO","red":"NO PERTENECE A NINGUNA RED","microrred":"NO PERTENECE A NINGUNA MICRORED","categoria":"ESTABLECIMIENTO DE SALUD SIN INTERNAMIENTO","condicion":"ACTIVO","actualizado":"2023/08/01 19:00:00.000","fuente":"MINSA","urlRenipr":"http://app20.susalud.gob.pe:8080/registro-renipress-webapp/ipress.htm?action=mostrarVer&idipress=00011446"}},{"type":"Feature","geometry":{"type":"Point","coordinates":[-73.95291658999997,-13.65277421999997]},"properties":{"objectid":26660,"nombre":"VILCASHUAMAN","departamento":"AYACUCHO","provincia":"VILCAS HUAMAN","distrito":"VILCAS HUAMAN","institucion":"ESSALUD","codigoMinsa":11435,"direccion":"JIRÓN CHINCHAYSUYO NÚMERO 117 DISTRITO VILCAS HUAMAN PROVINCIA VILCAS HUAMAN DEPARTAMENTO AYACUCHO","disa":"AYACUCHO","red":"NO PERTENECE A NINGUNA RED","microrred":"NO PERTENECE A NINGUNA MICRORED","categoria":"ESTABLECIMIENTO DE SALUD SIN INTERNAMIENTO","condicion":"ACTIVO","actualizado":"2023/08/01 19:00:00.000","fuente":"MINSA","urlRenipr":"http://app20.susalud.gob.pe:8080/registro-renipress-webapp/ipress.htm?action=mostrarVer&idipress=00011435"}},{"type":"Feature","geometry":{"type":"Point","coordinates":[-74.22469279999996,-13.156290099999978]},"properties":{"objectid":26827,"nombre":"MEDIC.PE","departamento":"AYACUCHO","provincia":"HUAMANGA","distrito":"AYACUCHO","institucion":"PRIVADO","codigoMinsa":30115,"direccion":"JIRÓN MANCO CAPAC 370 2 1 A UNOS METROS DE SEDA AYACUCHO (SERVICIO DE AGUA POTABLE Y ALCANTARILLADO) AYACUCHO HUAMANGA AYACUCHO","disa":"AYACUCHO","red":"","microrred":"NO PERTENECE A NINGUNA MICRORED","categoria":"ESTABLECIMIENTO DE SALUD SIN INTERNAMIENTO","condicion":"ACTIVO","actualizado":"2023/08/01 19:00:00.000","fuente":"MINSA","urlRenipr":"http://app20.susalud.gob.pe:8080/registro-renipress-webapp/ipress.htm?action=mostrarVer&idipress=00030115"}},{"type":"Feature","geometry":{"type":"Point","coordinates":[-73.86238499999996,-12.507711669999935]},"properties":{"objectid":26831,"nombre":"HOSPITAL DE APOYO SIVIA","departamento":"AYACUCHO","provincia":"HUANTA","distrito":"SIVIA","institucion":"GOBIERNO REGIONAL","codigoMinsa":3770,"direccion":"PLAZA PLAZA PRINCIPAL MZ.T LTE.6 NÚMERO S/N DISTRITO SIVIA PROVINCIA HUANTA DEPARTAMENTO AYACUCHO","disa":"AYACUCHO","red":"SAN FRANCISCO","microrred":"NO PERTENECE A NINGUNA MICRORED","categoria":"ESTABLECIMIENTO DE SALUD CON INTERNAMIENTO","condicion":"ACTIVO","actualizado":"2023/08/01 19:00:00.000","fuente":"MINSA","urlRenipr":"http://app20.susalud.gob.pe:8080/registro-renipress-webapp/ipress.htm?action=mostrarVer&idipress=00003770"}},{"type":"Feature","geometry":{"type":"Point","coordinates":[-74.23387069999995,-13.156308699999954]},"properties":{"objectid":26843,"nombre":"POLICLINICO SAN CRISTOBAL S. A. C.","departamento":"AYACUCHO","provincia":"HUAMANGA","distrito":"AYACUCHO","institucion":"PRIVADO","codigoMinsa":28145,"direccion":"JIRÓN DOS DE MAYO NÚMERO 350 DISTRITO AYACUCHO PROVINCIA HUAMANGA DEPARTAMENTO AYACUCHO","disa":"","red":"","microrred":"","categoria":"ESTABLECIMIENTO DE SALUD SIN INTERNAMIENTO","condicion":"RETIRO VOLUNTARIO","actualizado":"2023/08/01 19:00:00.000","fuente":"MINSA","urlRenipr":"http://app20.susalud.gob.pe:8080/registro-renipress-webapp/ipress.htm?action=mostrarVer&idipress=00028145"}},{"type":"Feature","geometry":{"type":"Point","coordinates":[-74.22356409999998,-13.163873699999954]},"properties":{"objectid":26857,"nombre":"CENTRO MEDICO SAN FRANCISCO","departamento":"AYACUCHO","provincia":"LA MAR","distrito":"AYNA","institucion":"PRIVADO","codigoMinsa":27652,"direccion":"AVENIDA 28 de julio N?ERO 09 PISO 1 DISTRITO AYNA PROVINCIA LA MAR DEPARTAMENTO AYACUCHO","disa":"AYACUCHO","red":"NO PERTENECE A NINGUNA RED","microrred":"NO PERTENECE A NINGUNA MICRORED","categoria":"ESTABLECIMIENTO DE SALUD SIN INTERNAMIENTO","condicion":"ACTIVO","actualizado":"2023/08/01 19:00:00.000","fuente":"MINSA","urlRenipr":"http://app20.susalud.gob.pe:8080/registro-renipress-webapp/ipress.htm?action=mostrarVer&idipress=00027652"}},{"type":"Feature","geometry":{"type":"Point","coordinates":[-73.92699456999998,-13.151212829999963]},"properties":{"objectid":26896,"nombre":"PUESTO DE SALUD QOYAMA","departamento":"AYACUCHO","provincia":"LA MAR","distrito":"CHILCAS","institucion":"GOBIERNO REGIONAL","codigoMinsa":26910,"direccion":"CALLE PARQUE QOYAMA DISTRITO CHILCAS PROVINCIA LA MAR DEPARTAMENTO AYACUCHO","disa":"AYACUCHO","red":"SAN MIGUEL","microrred":"NINABAMBA","categoria":"ESTABLECIMIENTO DE SALUD SIN INTERNAMIENTO","condicion":"ACTIVO","actualizado":"2023/08/01 19:00:00.000","fuente":"MINSA","urlRenipr":"http://app20.susalud.gob.pe:8080/registro-renipress-webapp/ipress.htm?action=mostrarVer&idipress=00026910"}},{"type":"Feature","geometry":{"type":"Point","coordinates":[-74.22758169999997,-13.151765199999943]},"properties":{"objectid":26964,"nombre":"CONSULTORIO DENTAL \"NUEVA SONRISA\"","departamento":"AYACUCHO","provincia":"HUAMANGA","distrito":"AYACUCHO","institucion":"PRIVADO","codigoMinsa":28469,"direccion":"URBANIZACIÓN BANCO DE LA NACION MANZANA E LOTE 31 DISTRITO AYACUCHO PROVINCIA HUAMANGA DEPARTAMENTO AYACUCHO","disa":"AYACUCHO","red":"NO PERTENECE A NINGUNA RED","microrred":"NO PERTENECE A NINGUNA MICRORED","categoria":"ESTABLECIMIENTO DE SALUD SIN INTERNAMIENTO","condicion":"ACTIVO","actualizado":"2023/08/01 19:00:00.000","fuente":"MINSA","urlRenipr":"http://app20.susalud.gob.pe:8080/registro-renipress-webapp/ipress.htm?action=mostrarVer&idipress=00028469"}},{"type":"Feature","geometry":{"type":"Point","coordinates":[-74.22356409999998,-13.163873699999954]},"properties":{"objectid":26965,"nombre":"LABORATORIO DE ANÁLISIS CLÍNICO RIVERA","departamento":"AYACUCHO","provincia":"HUAMANGA","distrito":"AYACUCHO","institucion":"PRIVADO","codigoMinsa":27346,"direccion":"JIRÓN 28 de julio N?ERO 143 PISO 1 DISTRITO AYACUCHO PROVINCIA HUAMANGA DEPARTAMENTO AYACUCHO","disa":"AYACUCHO","red":"NO PERTENECE A NINGUNA RED","microrred":"NO PERTENECE A NINGUNA MICRORED","categoria":"SERVICIO MÉDICO DE APOYO","condicion":"ACTIVO","actualizado":"2023/08/01 19:00:00.000","fuente":"MINSA","urlRenipr":"http://app20.susalud.gob.pe:8080/registro-renipress-webapp/ipress.htm?action=mostrarVer&idipress=00027346"}},{"type":"Feature","geometry":{"type":"Point","coordinates":[-74.22356409999998,-13.163873699999954]},"properties":{"objectid":26970,"nombre":"POLICLINICO MARISCAL CACERES","departamento":"AYACUCHO","provincia":"HUAMANGA","distrito":"AYACUCHO","institucion":"PRIVADO","codigoMinsa":28123,"direccion":"URBANIZACIÓN MARISCAL CACERES MANZANA \"A\" LOTE 38-39 URBANIZACIÓN MARISCAL CACERES DISTRITO AYACUCHO PROVINCIA HUAMANGA DEPARTAMENTO AYACUCHO","disa":"AYACUCHO","red":"NO PERTENECE A NINGUNA RED","microrred":"NO PERTENECE A NINGUNA MICRORED","categoria":"ESTABLECIMIENTO DE SALUD CON INTERNAMIENTO","condicion":"ACTIVO","actualizado":"2023/08/01 19:00:00.000","fuente":"MINSA","urlRenipr":"http://app20.susalud.gob.pe:8080/registro-renipress-webapp/ipress.htm?action=mostrarVer&idipress=00028123"}},{"type":"Feature","geometry":{"type":"Point","coordinates":[-74.22356409999998,-13.163873699999954]},"properties":{"objectid":27046,"nombre":"PUESTO DE SALUD HUAYLLAPAMPA","departamento":"AYACUCHO","provincia":"HUAMANGA","distrito":"PACAYCASA","institucion":"GOBIERNO REGIONAL","codigoMinsa":30443,"direccion":"OTROS LOCALIDAD DE HUAYLLAPAMPA NÚMERO S/N DISTRITO PACAYCASA PROVINCIA HUAMANGA DEPARTAMENTO AYACUCHO","disa":"AYACUCHO","red":"HUAMANGA","microrred":"MUYURINA","categoria":"ESTABLECIMIENTO DE SALUD SIN INTERNAMIENTO","condicion":"ACTIVO","actualizado":"2023/08/01 19:00:00.000","fuente":"MINSA","urlRenipr":"http://app20.susalud.gob.pe:8080/registro-renipress-webapp/ipress.htm?action=mostrarVer&idipress=00030443"}},{"type":"Feature","geometry":{"type":"Point","coordinates":[-74.21861005999995,-13.158658019999962]},"properties":{"objectid":27116,"nombre":"VASQUEZ & MED LABORATORIO CLINICOX S.A.C.","departamento":"AYACUCHO","provincia":"HUAMANGA","distrito":"AYACUCHO","institucion":"PRIVADO","codigoMinsa":29628,"direccion":"AVENIDA MARISCAL CÁCERES NÚMERO 308 DISTRITO AYACUCHO PROVINCIA HUAMANGA DEPARTAMENTO AYACUCHO","disa":"AYACUCHO","red":"","microrred":"","categoria":"SERVICIO MÉDICO DE APOYO","condicion":"ACTIVO","actualizado":"2023/08/01 19:00:00.000","fuente":"MINSA","urlRenipr":"http://app20.susalud.gob.pe:8080/registro-renipress-webapp/ipress.htm?action=mostrarVer&idipress=00029628"}},{"type":"Feature","geometry":{"type":"Point","coordinates":[-74.21729076999998,-13.155924909999953]},"properties":{"objectid":27238,"nombre":"CENTRO MEDICO PSICOSOMATICO WARI S.A.C.","departamento":"AYACUCHO","provincia":"HUAMANGA","distrito":"JESUS NAZARENO","institucion":"PRIVADO","codigoMinsa":25813,"direccion":"JIRÓN MARIANO MELGAR NÚMERO 475 DISTRITO JESUS NAZARENO PROVINCIA HUAMANGA DEPARTAMENTO AYACUCHO","disa":"AYACUCHO","red":"NO PERTENECE A NINGUNA RED","microrred":"NO PERTENECE A NINGUNA MICRORED","categoria":"ESTABLECIMIENTO DE SALUD SIN INTERNAMIENTO","condicion":"ACTIVO","actualizado":"2023/08/01 19:00:00.000","fuente":"MINSA","urlRenipr":"http://app20.susalud.gob.pe:8080/registro-renipress-webapp/ipress.htm?action=mostrarVer&idipress=00025813"}},{"type":"Feature","geometry":{"type":"Point","coordinates":[-74.22325489999997,-13.163853299999971]},"properties":{"objectid":27906,"nombre":"CONSULTORIO ODONTOLOGICO QUIROS","departamento":"AYACUCHO","provincia":"HUAMANGA","distrito":"AYACUCHO","institucion":"PRIVADO","codigoMinsa":27576,"direccion":"AVENIDA RAMON CASTILLA N?ERO 109 PISO 2 DISTRITO AYACUCHO PROVINCIA HUAMANGA DEPARTAMENTO AYACUCHO","disa":"AYACUCHO","red":"NO PERTENECE A NINGUNA RED","microrred":"NO PERTENECE A NINGUNA MICRORED","categoria":"ESTABLECIMIENTO DE SALUD SIN INTERNAMIENTO","condicion":"ACTIVO","actualizado":"2023/08/01 19:00:00.000","fuente":"MINSA","urlRenipr":"http://app20.susalud.gob.pe:8080/registro-renipress-webapp/ipress.htm?action=mostrarVer&idipress=00027576"}},{"type":"Feature","geometry":{"type":"Point","coordinates":[-74.22482168999994,-13.163707659999943]},"properties":{"objectid":28251,"nombre":"LABORATORIO DE ANÁLISIS CLÍNICO","departamento":"AYACUCHO","provincia":"HUAMANGA","distrito":"AYACUCHO","institucion":"PRIVADO","codigoMinsa":27436,"direccion":"JIRÓN Carlos F. Vivanco NÚMERO 388 PISO 2 DISTRITO AYACUCHO PROVINCIA HUAMANGA DEPARTAMENTO AYACUCHO","disa":"AYACUCHO","red":"NO PERTENECE A NINGUNA RED","microrred":"NO PERTENECE A NINGUNA MICRORED","categoria":"SERVICIO MÉDICO DE APOYO","condicion":"ACTIVO","actualizado":"2023/08/01 19:00:00.000","fuente":"MINSA","urlRenipr":"http://app20.susalud.gob.pe:8080/registro-renipress-webapp/ipress.htm?action=mostrarVer&idipress=00027436"}},{"type":"Feature","geometry":{"type":"Point","coordinates":[-74.22356409999998,-13.163873699999954]},"properties":{"objectid":28355,"nombre":"SERVICIOS DE RAYOS X Y LABORATORIO CLÍNICO \"MARÍA ANGELA\"","departamento":"AYACUCHO","provincia":"HUAMANGA","distrito":"AYACUCHO","institucion":"PRIVADO","codigoMinsa":27126,"direccion":"JIRÓN GRAU N?ERO 112 PISO 1 DISTRITO AYACUCHO PROVINCIA HUAMANGA DEPARTAMENTO AYACUCHO","disa":"AYACUCHO","red":"NO PERTENECE A NINGUNA RED","microrred":"NO PERTENECE A NINGUNA MICRORED","categoria":"SERVICIO MÉDICO DE APOYO","condicion":"ACTIVO","actualizado":"2023/08/01 19:00:00.000","fuente":"MINSA","urlRenipr":"http://app20.susalud.gob.pe:8080/registro-renipress-webapp/ipress.htm?action=mostrarVer&idipress=00027126"}},{"type":"Feature","geometry":{"type":"Point","coordinates":[-74.22628375999994,-13.154220059999943]},"properties":{"objectid":28547,"nombre":"centro medico rehabilitación física y oral ángel","departamento":"AYACUCHO","provincia":"HUAMANGA","distrito":"AYACUCHO","institucion":"PRIVADO","codigoMinsa":27974,"direccion":"JIRÓN garcilazo dela vega NÚMERO 749 PISO 1 DEPARTAMENTO 1 DISTRITO AYACUCHO PROVINCIA HUAMANGA DEPARTAMENTO AYACUCHO","disa":"AYACUCHO","red":"NO PERTENECE A NINGUNA RED","microrred":"NO PERTENECE A NINGUNA MICRORED","categoria":"ESTABLECIMIENTO DE SALUD SIN INTERNAMIENTO","condicion":"ACTIVO","actualizado":"2023/08/01 19:00:00.000","fuente":"MINSA","urlRenipr":"http://app20.susalud.gob.pe:8080/registro-renipress-webapp/ipress.htm?action=mostrarVer&idipress=00027974"}},{"type":"Feature","geometry":{"type":"Point","coordinates":[-74.09936296999996,-13.65532289999993]},"properties":{"objectid":28596,"nombre":"PUESTO DE SALUD HUANCARUCMA","departamento":"AYACUCHO","provincia":"CANGALLO","distrito":"CANGALLO","institucion":"GOBIERNO REGIONAL","codigoMinsa":3496,"direccion":"PLAZA PLAZA PRINCIPAL DE HUANCARUCMA DISTRITO CANGALLO PROVINCIA CANGALLO DEPARTAMENTO AYACUCHO","disa":"AYACUCHO","red":"AYACUCHO CENTRO","microrred":"PAMPA CANGALLO","categoria":"ESTABLECIMIENTO DE SALUD SIN INTERNAMIENTO","condicion":"ACTIVO","actualizado":"2023/08/01 19:00:00.000","fuente":"MINSA","urlRenipr":"http://app20.susalud.gob.pe:8080/registro-renipress-webapp/ipress.htm?action=mostrarVer&idipress=00003496"}},{"type":"Feature","geometry":{"type":"Point","coordinates":[-74.03842122999998,-13.170109819999936]},"properties":{"objectid":28598,"nombre":"HUAYCHAO","departamento":"AYACUCHO","provincia":"HUAMANGA","distrito":"ACOS VINCHOS","institucion":"GOBIERNO REGIONAL","codigoMinsa":3552,"direccion":"PLAZA PLAZA PRINCIPAL DE HUAYCHAO DISTRITO ACOS VINCHOS PROVINCIA HUAMANGA DEPARTAMENTO AYACUCHO","disa":"AYACUCHO","red":"HUAMANGA","microrred":"QUINUA","categoria":"ESTABLECIMIENTO DE SALUD SIN INTERNAMIENTO","condicion":"ACTIVO","actualizado":"2023/08/01 19:00:00.000","fuente":"MINSA","urlRenipr":"http://app20.susalud.gob.pe:8080/registro-renipress-webapp/ipress.htm?action=mostrarVer&idipress=00003552"}},{"type":"Feature","geometry":{"type":"Point","coordinates":[-74.29727832999998,-12.918146669999942]},"properties":{"objectid":28599,"nombre":"PUESTO DE SALUD AZANGARO","departamento":"AYACUCHO","provincia":"HUANTA","distrito":"LURICOCHA","institucion":"GOBIERNO REGIONAL","codigoMinsa":3664,"direccion":"PLAZA PLAZA PRINCIPAL DE AZANGARO DISTRITO LURICOCHA PROVINCIA HUANTA DEPARTAMENTO AYACUCHO","disa":"AYACUCHO","red":"HUANTA","microrred":"LURICOCHA","categoria":"ESTABLECIMIENTO DE SALUD SIN INTERNAMIENTO","condicion":"ACTIVO","actualizado":"2023/08/01 19:00:00.000","fuente":"MINSA","urlRenipr":"http://app20.susalud.gob.pe:8080/registro-renipress-webapp/ipress.htm?action=mostrarVer&idipress=00003664"}},{"type":"Feature","geometry":{"type":"Point","coordinates":[-73.50012332999995,-14.83375166999997]},"properties":{"objectid":28600,"nombre":"PUESTO DE SALUD SANSAYCCA","departamento":"AYACUCHO","provincia":"PARINACOCHAS","distrito":"UPAHUACHO","institucion":"GOBIERNO REGIONAL","codigoMinsa":6894,"direccion":"AVENIDA AV. PARINACOCHAS S/N NÚMERO S/N DISTRITO UPAHUACHO PROVINCIA PARINACOCHAS DEPARTAMENTO AYACUCHO","disa":"AYACUCHO","red":"CORACORA","microrred":"PACAPAUSA","categoria":"ESTABLECIMIENTO DE SALUD SIN INTERNAMIENTO","condicion":"ACTIVO","actualizado":"2023/08/01 19:00:00.000","fuente":"MINSA","urlRenipr":"http://app20.susalud.gob.pe:8080/registro-renipress-webapp/ipress.htm?action=mostrarVer&idipress=00006894"}},{"type":"Feature","geometry":{"type":"Point","coordinates":[-74.46998136999997,-13.576860309999972]},"properties":{"objectid":28601,"nombre":"QUIÑASI","departamento":"AYACUCHO","provincia":"CANGALLO","distrito":"TOTOS","institucion":"GOBIERNO REGIONAL","codigoMinsa":3625,"direccion":"PLAZA PLAZA PRINCIPAL DISTRITO TOTOS PROVINCIA CANGALLO DEPARTAMENTO AYACUCHO","disa":"AYACUCHO","red":"HUAMANGA","microrred":"TOTOS","categoria":"ESTABLECIMIENTO DE SALUD SIN INTERNAMIENTO","condicion":"ACTIVO","actualizado":"2023/08/01 19:00:00.000","fuente":"MINSA","urlRenipr":"http://app20.susalud.gob.pe:8080/registro-renipress-webapp/ipress.htm?action=mostrarVer&idipress=00003625"}},{"type":"Feature","geometry":{"type":"Point","coordinates":[-74.02985359999997,-14.129313209999964]},"properties":{"objectid":28602,"nombre":"PUESTO DE SALUD UMASI","departamento":"AYACUCHO","provincia":"VICTOR FAJARDO","distrito":"CANARIA","institucion":"GOBIERNO REGIONAL","codigoMinsa":3827,"direccion":"JIRÓN JR. 28 DE JULIO S/N - PLZA.PRINCIPAL UMASI NÚMERO S/N DISTRITO CANARIA PROVINCIA VICTOR FAJARDO DEPARTAMENTO AYACUCHO","disa":"AYACUCHO","red":"AYACUCHO CENTRO","microrred":"VICTOR FAJARDO","categoria":"ESTABLECIMIENTO DE SALUD SIN INTERNAMIENTO","condicion":"ACTIVO","actualizado":"2023/08/01 19:00:00.000","fuente":"MINSA","urlRenipr":"http://app20.susalud.gob.pe:8080/registro-renipress-webapp/ipress.htm?action=mostrarVer&idipress=00003827"}},{"type":"Feature","geometry":{"type":"Point","coordinates":[-74.19761499999998,-13.559558329999959]},"properties":{"objectid":28603,"nombre":"CENTRO DE SALUD PAMPA CANGALLO","departamento":"AYACUCHO","provincia":"CANGALLO","distrito":"LOS MOROCHUCOS","institucion":"GOBIERNO REGIONAL","codigoMinsa":3507,"direccion":"JIRÓN JR. JOSE MARIA ARGUEDAS S/N NÚMERO S/N DISTRITO LOS MOROCHUCOS PROVINCIA CANGALLO DEPARTAMENTO AYACUCHO","disa":"AYACUCHO","red":"AYACUCHO CENTRO","microrred":"PAMPA CANGALLO","categoria":"ESTABLECIMIENTO DE SALUD SIN INTERNAMIENTO","condicion":"ACTIVO","actualizado":"2023/08/01 19:00:00.000","fuente":"MINSA","urlRenipr":"http://app20.susalud.gob.pe:8080/registro-renipress-webapp/ipress.htm?action=mostrarVer&idipress=00003507"}},{"type":"Feature","geometry":{"type":"Point","coordinates":[-74.33356500999997,-13.353978419999976]},"properties":{"objectid":28604,"nombre":"ROSASPATA","departamento":"AYACUCHO","provincia":"HUAMANGA","distrito":"VINCHOS","institucion":"GOBIERNO REGIONAL","codigoMinsa":3591,"direccion":"PLAZA PLAZA PRINCIPAL DE ROSASPATA DISTRITO VINCHOS PROVINCIA HUAMANGA DEPARTAMENTO AYACUCHO","disa":"AYACUCHO","red":"HUAMANGA","microrred":"PUTACCA","categoria":"ESTABLECIMIENTO DE SALUD SIN INTERNAMIENTO","condicion":"ACTIVO","actualizado":"2023/08/01 19:00:00.000","fuente":"MINSA","urlRenipr":"http://app20.susalud.gob.pe:8080/registro-renipress-webapp/ipress.htm?action=mostrarVer&idipress=00003591"}},{"type":"Feature","geometry":{"type":"Point","coordinates":[-73.95698968999994,-13.449900269999944]},"properties":{"objectid":28605,"nombre":"CCACCAMARCA","departamento":"AYACUCHO","provincia":"HUAMANGA","distrito":"OCROS","institucion":"GOBIERNO REGIONAL","codigoMinsa":3578,"direccion":"PLAZA PLAZA PRINCIPAL DE CCACCAMARCA DISTRITO OCROS PROVINCIA HUAMANGA DEPARTAMENTO AYACUCHO","disa":"AYACUCHO","red":"HUAMANGA","microrred":"OCROS","categoria":"ESTABLECIMIENTO DE SALUD SIN INTERNAMIENTO","condicion":"ACTIVO","actualizado":"2023/08/01 19:00:00.000","fuente":"MINSA","urlRenipr":"http://app20.susalud.gob.pe:8080/registro-renipress-webapp/ipress.htm?action=mostrarVer&idipress=00003578"}},{"type":"Feature","geometry":{"type":"Point","coordinates":[-73.87507296999996,-13.531775189999962]},"properties":{"objectid":28606,"nombre":"PUESTO DE SALUD CONCEPCION","departamento":"AYACUCHO","provincia":"VILCAS HUAMAN","distrito":"CONCEPCION","institucion":"GOBIERNO REGIONAL","codigoMinsa":3852,"direccion":"JIRÓN JR. LIMA S/N NÚMERO S/N DISTRITO CONCEPCION PROVINCIA VILCAS HUAMAN DEPARTAMENTO AYACUCHO","disa":"AYACUCHO","red":"AYACUCHO CENTRO","microrred":"VILCASHUAMAN","categoria":"ESTABLECIMIENTO DE SALUD SIN INTERNAMIENTO","condicion":"ACTIVO","actualizado":"2023/08/01 19:00:00.000","fuente":"MINSA","urlRenipr":"http://app20.susalud.gob.pe:8080/registro-renipress-webapp/ipress.htm?action=mostrarVer&idipress=00003852"}},{"type":"Feature","geometry":{"type":"Point","coordinates":[-74.33700135999999,-13.768032309999967]},"properties":{"objectid":28607,"nombre":"PUESTO DE SALUD TAULLI","departamento":"AYACUCHO","provincia":"HUANCA SANCOS","distrito":"CARAPO","institucion":"GOBIERNO REGIONAL","codigoMinsa":3638,"direccion":"OTROS COMUNIDAD DE TAULLI DISTRITO CARAPO PROVINCIA HUANCA SANCOS DEPARTAMENTO AYACUCHO","disa":"AYACUCHO","red":"AYACUCHO CENTRO","microrred":"HUANCASANCOS","categoria":"ESTABLECIMIENTO DE SALUD SIN INTERNAMIENTO","condicion":"ACTIVO","actualizado":"2023/08/01 19:00:00.000","fuente":"MINSA","urlRenipr":"http://app20.susalud.gob.pe:8080/registro-renipress-webapp/ipress.htm?action=mostrarVer&idipress=00003638"}},{"type":"Feature","geometry":{"type":"Point","coordinates":[-73.81780599999996,-14.40969475999998]},"properties":{"objectid":28608,"nombre":"TACALLA","departamento":"AYACUCHO","provincia":"LUCANAS","distrito":"CHIPAO","institucion":"GOBIERNO REGIONAL","codigoMinsa":17378,"direccion":"OTROS CENTRO POBLADO TACALLA DISTRITO CHIPAO PROVINCIA LUCANAS DEPARTAMENTO AYACUCHO","disa":"AYACUCHO","red":"LUCANAS","microrred":"ANDAMARCA","categoria":"ESTABLECIMIENTO DE SALUD SIN INTERNAMIENTO","condicion":"ACTIVO","actualizado":"2023/08/01 19:00:00.000","fuente":"MINSA","urlRenipr":"http://app20.susalud.gob.pe:8080/registro-renipress-webapp/ipress.htm?action=mostrarVer&idipress=00017378"}},{"type":"Feature","geometry":{"type":"Point","coordinates":[-74.28117499999996,-13.56632166999998]},"properties":{"objectid":28609,"nombre":"PUESTO DE SALUD ÑUÑUNHUAYCCO","departamento":"AYACUCHO","provincia":"CANGALLO","distrito":"MARIA PARADO DE BELLIDO","institucion":"GOBIERNO REGIONAL","codigoMinsa":7303,"direccion":"PLAZA PLAZA PRINCIPAL DISTRITO MARIA PARADO DE BELLIDO PROVINCIA CANGALLO DEPARTAMENTO AYACUCHO","disa":"AYACUCHO","red":"AYACUCHO CENTRO","microrred":"PAMPA CANGALLO","categoria":"ESTABLECIMIENTO DE SALUD SIN INTERNAMIENTO","condicion":"ACTIVO","actualizado":"2023/08/01 19:00:00.000","fuente":"MINSA","urlRenipr":"http://app20.susalud.gob.pe:8080/registro-renipress-webapp/ipress.htm?action=mostrarVer&idipress=00007303"}},{"type":"Feature","geometry":{"type":"Point","coordinates":[-73.20100999999994,-15.262354999999957]},"properties":{"objectid":28610,"nombre":"PUESTO DE SALUD CORCULLA","departamento":"AYACUCHO","provincia":"PAUCAR DEL SARA SARA","distrito":"CORCULLA","institucion":"GOBIERNO REGIONAL","codigoMinsa":3698,"direccion":"JIRÓN JR. SAN MARTIN S/N NÚMERO S/N DISTRITO CORCULLA PROVINCIA PAUCAR DEL SARA SARA DEPARTAMENTO AYACUCHO","disa":"AYACUCHO","red":"CORACORA","microrred":"PAUSA","categoria":"ESTABLECIMIENTO DE SALUD SIN INTERNAMIENTO","condicion":"ACTIVO","actualizado":"2023/08/01 19:00:00.000","fuente":"MINSA","urlRenipr":"http://app20.susalud.gob.pe:8080/registro-renipress-webapp/ipress.htm?action=mostrarVer&idipress=00003698"}},{"type":"Feature","geometry":{"type":"Point","coordinates":[-74.92783166999999,-14.21861832999997]},"properties":{"objectid":28611,"nombre":"CARHUACUCHO","departamento":"AYACUCHO","provincia":"LUCANAS","distrito":"LLAUTA","institucion":"GOBIERNO REGIONAL","codigoMinsa":3679,"direccion":"OTROS SUD ESTE DE CARHUACUCHO DISTRITO LLAUTA PROVINCIA LUCANAS DEPARTAMENTO AYACUCHO","disa":"AYACUCHO","red":"LUCANAS","microrred":"HUACHUAS","categoria":"ESTABLECIMIENTO DE SALUD SIN INTERNAMIENTO","condicion":"ACTIVO","actualizado":"2023/08/01 19:00:00.000","fuente":"MINSA","urlRenipr":"http://app20.susalud.gob.pe:8080/registro-renipress-webapp/ipress.htm?action=mostrarVer&idipress=00003679"}},{"type":"Feature","geometry":{"type":"Point","coordinates":[-74.27213499999993,-12.900053329999935]},"properties":{"objectid":28612,"nombre":"CENTRO DE SALUD LURICOCHA","departamento":"AYACUCHO","provincia":"HUANTA","distrito":"LURICOCHA","institucion":"GOBIERNO REGIONAL","codigoMinsa":3663,"direccion":"JIRÓN JR. DELFIN LUDEÑA S/N NÚMERO S/N DISTRITO LURICOCHA PROVINCIA HUANTA DEPARTAMENTO AYACUCHO","disa":"AYACUCHO","red":"HUANTA","microrred":"LURICOCHA","categoria":"ESTABLECIMIENTO DE SALUD SIN INTERNAMIENTO","condicion":"ACTIVO","actualizado":"2023/08/01 19:00:00.000","fuente":"MINSA","urlRenipr":"http://app20.susalud.gob.pe:8080/registro-renipress-webapp/ipress.htm?action=mostrarVer&idipress=00003663"}},{"type":"Feature","geometry":{"type":"Point","coordinates":[-74.26875166999997,-12.941856669999936]},"properties":{"objectid":28613,"nombre":"PUESTO DE SALUD QUINRAPA","departamento":"AYACUCHO","provincia":"HUANTA","distrito":"HUANTA","institucion":"GOBIERNO REGIONAL","codigoMinsa":3660,"direccion":"PLAZA PLAZA PRINCIPAL DE QUINRAPA DISTRITO HUANTA PROVINCIA HUANTA DEPARTAMENTO AYACUCHO","disa":"AYACUCHO","red":"HUANTA","microrred":"LURICOCHA","categoria":"ESTABLECIMIENTO DE SALUD SIN INTERNAMIENTO","condicion":"ACTIVO","actualizado":"2023/08/01 19:00:00.000","fuente":"MINSA","urlRenipr":"http://app20.susalud.gob.pe:8080/registro-renipress-webapp/ipress.htm?action=mostrarVer&idipress=00003660"}},{"type":"Feature","geometry":{"type":"Point","coordinates":[-73.97485629999994,-14.013222889999952]},"properties":{"objectid":28614,"nombre":"PUESTO DE SALUD RACCAYA","departamento":"AYACUCHO","provincia":"VICTOR FAJARDO","distrito":"CANARIA","institucion":"GOBIERNO REGIONAL","codigoMinsa":3825,"direccion":"JIRÓN JR. AMARGURA S/N -COMUNIDAD DE RACCAYA NÚMERO S/N DISTRITO CANARIA PROVINCIA VICTOR FAJARDO DEPARTAMENTO AYACUCHO","disa":"AYACUCHO","red":"AYACUCHO CENTRO","microrred":"VICTOR FAJARDO","categoria":"ESTABLECIMIENTO DE SALUD SIN INTERNAMIENTO","condicion":"ACTIVO","actualizado":"2023/08/01 19:00:00.000","fuente":"MINSA","urlRenipr":"http://app20.susalud.gob.pe:8080/registro-renipress-webapp/ipress.htm?action=mostrarVer&idipress=00003825"}},{"type":"Feature","geometry":{"type":"Point","coordinates":[-74.29149684999999,-13.217496169999947]},"properties":{"objectid":28615,"nombre":"PUESTO DE SALUD SOCOS","departamento":"AYACUCHO","provincia":"HUAMANGA","distrito":"SOCOS","institucion":"GOBIERNO REGIONAL","codigoMinsa":3619,"direccion":"JIRÓN JR. LIMA S/N NÚMERO S/N DISTRITO SOCOS PROVINCIA HUAMANGA DEPARTAMENTO AYACUCHO","disa":"AYACUCHO","red":"HUAMANGA","microrred":"SOCOS","categoria":"ESTABLECIMIENTO DE SALUD SIN INTERNAMIENTO","condicion":"ACTIVO","actualizado":"2023/08/01 19:00:00.000","fuente":"MINSA","urlRenipr":"http://app20.susalud.gob.pe:8080/registro-renipress-webapp/ipress.htm?action=mostrarVer&idipress=00003619"}},{"type":"Feature","geometry":{"type":"Point","coordinates":[-73.60478332999998,-14.11425166999993]},"properties":{"objectid":28616,"nombre":"CENTRO DE SALUD SORAS","departamento":"AYACUCHO","provincia":"SUCRE","distrito":"SORAS","institucion":"GOBIERNO REGIONAL","codigoMinsa":3818,"direccion":"OTROS SAN MARTIN S/N NÚMERO S/N DISTRITO SORAS PROVINCIA SUCRE DEPARTAMENTO AYACUCHO","disa":"AYACUCHO","red":"AYACUCHO CENTRO","microrred":"SUCRE","categoria":"ESTABLECIMIENTO DE SALUD SIN INTERNAMIENTO","condicion":"ACTIVO","actualizado":"2023/08/01 19:00:00.000","fuente":"MINSA","urlRenipr":"http://app20.susalud.gob.pe:8080/registro-renipress-webapp/ipress.htm?action=mostrarVer&idipress=00003818"}},{"type":"Feature","geometry":{"type":"Point","coordinates":[-73.75452999999999,-13.84740499999998]},"properties":{"objectid":28617,"nombre":"PUESTO DE SALUD CHALCOS","departamento":"AYACUCHO","provincia":"SUCRE","distrito":"CHALCOS","institucion":"GOBIERNO REGIONAL","codigoMinsa":3804,"direccion":"PLAZA PLAZA PRINCIPAL DISTRITO CHALCOS PROVINCIA SUCRE DEPARTAMENTO AYACUCHO","disa":"AYACUCHO","red":"AYACUCHO CENTRO","microrred":"SUCRE","categoria":"ESTABLECIMIENTO DE SALUD SIN INTERNAMIENTO","condicion":"ACTIVO","actualizado":"2023/08/01 19:00:00.000","fuente":"MINSA","urlRenipr":"http://app20.susalud.gob.pe:8080/registro-renipress-webapp/ipress.htm?action=mostrarVer&idipress=00003804"}},{"type":"Feature","geometry":{"type":"Point","coordinates":[-73.97697999999997,-13.013106669999956]},"properties":{"objectid":28618,"nombre":"HOSPITAL DE APOYO SAN MIGUEL","departamento":"AYACUCHO","provincia":"LA MAR","distrito":"SAN MIGUEL","institucion":"GOBIERNO REGIONAL","codigoMinsa":3792,"direccion":"AVENIDA AV. RAMON CASTILLA S/N S/N AV. RAMON CASTILLA S/N SAN MIGUEL LA MAR AYACUCHO","disa":"AYACUCHO","red":"SAN MIGUEL","microrred":"NO PERTENECE A NINGUNA MICRORED","categoria":"ESTABLECIMIENTO DE SALUD CON INTERNAMIENTO","condicion":"ACTIVO","actualizado":"2023/08/01 19:00:00.000","fuente":"MINSA","urlRenipr":"http://app20.susalud.gob.pe:8080/registro-renipress-webapp/ipress.htm?action=mostrarVer&idipress=00003792"}},{"type":"Feature","geometry":{"type":"Point","coordinates":[-73.88581999999997,-12.719748329999959]},"properties":{"objectid":28619,"nombre":"PUESTO DE SALUD MACHENTE","departamento":"AYACUCHO","provincia":"LA MAR","distrito":"AYNA","institucion":"GOBIERNO REGIONAL","codigoMinsa":3755,"direccion":"OTROS MACHENTE MZ. Q LTE. 12 MACHENTE MZ. Q LTE. 12 AYNA LA MAR AYACUCHO","disa":"AYACUCHO","red":"SAN FRANCISCO","microrred":"MACHENTE","categoria":"ESTABLECIMIENTO DE SALUD SIN INTERNAMIENTO","condicion":"ACTIVO","actualizado":"2023/08/01 19:00:00.000","fuente":"MINSA","urlRenipr":"http://app20.susalud.gob.pe:8080/registro-renipress-webapp/ipress.htm?action=mostrarVer&idipress=00003755"}},{"type":"Feature","geometry":{"type":"Point","coordinates":[-74.12613446999995,-13.090434579999965]},"properties":{"objectid":28620,"nombre":"SUSO","departamento":"AYACUCHO","provincia":"HUAMANGA","distrito":"QUINUA","institucion":"GOBIERNO REGIONAL","codigoMinsa":3597,"direccion":"PLAZA PLAZA PRINCIPAL DE SUSO DISTRITO QUINUA PROVINCIA HUAMANGA DEPARTAMENTO AYACUCHO","disa":"AYACUCHO","red":"HUAMANGA","microrred":"QUINUA","categoria":"ESTABLECIMIENTO DE SALUD SIN INTERNAMIENTO","condicion":"ACTIVO","actualizado":"2023/08/01 19:00:00.000","fuente":"MINSA","urlRenipr":"http://app20.susalud.gob.pe:8080/registro-renipress-webapp/ipress.htm?action=mostrarVer&idipress=00003597"}},{"type":"Feature","geometry":{"type":"Point","coordinates":[-74.03203646999998,-13.24564240999996]},"properties":{"objectid":28621,"nombre":"PAMPAMARCA","departamento":"AYACUCHO","provincia":"HUAMANGA","distrito":"ACOCRO","institucion":"GOBIERNO REGIONAL","codigoMinsa":3547,"direccion":"PLAZA PLAZA PRINCIPAL DE PAMPAMARCA DISTRITO ACOCRO PROVINCIA HUAMANGA DEPARTAMENTO AYACUCHO","disa":"AYACUCHO","red":"HUAMANGA","microrred":"CHONTACA","categoria":"ESTABLECIMIENTO DE SALUD SIN INTERNAMIENTO","condicion":"ACTIVO","actualizado":"2023/08/01 19:00:00.000","fuente":"MINSA","urlRenipr":"http://app20.susalud.gob.pe:8080/registro-renipress-webapp/ipress.htm?action=mostrarVer&idipress=00003547"}},{"type":"Feature","geometry":{"type":"Point","coordinates":[-74.33356308999998,-13.132232699999975]},"properties":{"objectid":28622,"nombre":"SAN JOSE DE TICCLAS","departamento":"AYACUCHO","provincia":"HUAMANGA","distrito":"SAN JOSE DE TICLLAS","institucion":"GOBIERNO REGIONAL","codigoMinsa":3617,"direccion":"PLAZA PLAZA PRINCIPAL MZ. 1 LTE.1 DISTRITO SAN JOSE DE TICLLAS PROVINCIA HUAMANGA DEPARTAMENTO AYACUCHO","disa":"AYACUCHO","red":"HUAMANGA","microrred":"SOCOS","categoria":"ESTABLECIMIENTO DE SALUD SIN INTERNAMIENTO","condicion":"ACTIVO","actualizado":"2023/08/01 19:00:00.000","fuente":"MINSA","urlRenipr":"http://app20.susalud.gob.pe:8080/registro-renipress-webapp/ipress.htm?action=mostrarVer&idipress=00003617"}},{"type":"Feature","geometry":{"type":"Point","coordinates":[-74.17011961999998,-13.160801079999942]},"properties":{"objectid":28623,"nombre":"HUAYHUACONDO","departamento":"AYACUCHO","provincia":"HUAMANGA","distrito":"TAMBILLO","institucion":"GOBIERNO REGIONAL","codigoMinsa":3604,"direccion":"OTROS COMUNIDAD GUAYACONDO DISTRITO TAMBILLO PROVINCIA HUAMANGA DEPARTAMENTO AYACUCHO","disa":"AYACUCHO","red":"HUAMANGA","microrred":"SANTA ELENA","categoria":"ESTABLECIMIENTO DE SALUD SIN INTERNAMIENTO","condicion":"ACTIVO","actualizado":"2023/08/01 19:00:00.000","fuente":"MINSA","urlRenipr":"http://app20.susalud.gob.pe:8080/registro-renipress-webapp/ipress.htm?action=mostrarVer&idipress=00003604"}},{"type":"Feature","geometry":{"type":"Point","coordinates":[-73.60517832999994,-15.354711669999972]},"properties":{"objectid":28624,"nombre":"PUESTO DE SALUD SALLA SALLA","departamento":"AYACUCHO","provincia":"PARINACOCHAS","distrito":"PUYUSCA","institucion":"GOBIERNO REGIONAL","codigoMinsa":3527,"direccion":"JIRÓN JR. CAMINOS DEL INCA S/N NÚMERO S/N DISTRITO PUYUSCA PROVINCIA PARINACOCHAS DEPARTAMENTO AYACUCHO","disa":"AYACUCHO","red":"CORACORA","microrred":"INCUYO","categoria":"ESTABLECIMIENTO DE SALUD SIN INTERNAMIENTO","condicion":"ACTIVO","actualizado":"2023/08/01 19:00:00.000","fuente":"MINSA","urlRenipr":"http://app20.susalud.gob.pe:8080/registro-renipress-webapp/ipress.htm?action=mostrarVer&idipress=00003527"}},{"type":"Feature","geometry":{"type":"Point","coordinates":[-74.27515169999998,-12.899462699999958]},"properties":{"objectid":28693,"nombre":"PUESTO DE SALUD PAMPAY","departamento":"AYACUCHO","provincia":"HUANTA","distrito":"LURICOCHA","institucion":"GOBIERNO REGIONAL","codigoMinsa":25031,"direccion":"CARRETERA COMUNIDAD DE PAMPAY NÚMERO S/N DISTRITO LURICOCHA PROVINCIA HUANTA DEPARTAMENTO AYACUCHO","disa":"AYACUCHO","red":"HUANTA","microrred":"LURICOCHA","categoria":"ESTABLECIMIENTO DE SALUD SIN INTERNAMIENTO","condicion":"ACTIVO","actualizado":"2023/08/01 19:00:00.000","fuente":"MINSA","urlRenipr":"http://app20.susalud.gob.pe:8080/registro-renipress-webapp/ipress.htm?action=mostrarVer&idipress=00025031"}},{"type":"Feature","geometry":{"type":"Point","coordinates":[-74.22341499999999,-13.155133329999956]},"properties":{"objectid":28777,"nombre":"CLINICA EL NAZARENO","departamento":"AYACUCHO","provincia":"HUAMANGA","distrito":"AYACUCHO","institucion":"PRIVADO","codigoMinsa":8154,"direccion":"JIRÓN JR. QUINUA Nº 428 DISTRITO AYACUCHO PROVINCIA HUAMANGA DEPARTAMENTO AYACUCHO","disa":"AYACUCHO","red":"","microrred":"NO PERTENECE A NINGUNA MICRORED","categoria":"ESTABLECIMIENTO DE SALUD CON INTERNAMIENTO","condicion":"ACTIVO","actualizado":"2023/08/01 19:00:00.000","fuente":"MINSA","urlRenipr":"http://app20.susalud.gob.pe:8080/registro-renipress-webapp/ipress.htm?action=mostrarVer&idipress=00008154"}},{"type":"Feature","geometry":{"type":"Point","coordinates":[-74.21793181999993,-13.155843939999954]},"properties":{"objectid":28840,"nombre":"CENTRO MEDICO BREVETES APURIMAC SAC","departamento":"AYACUCHO","provincia":"HUAMANGA","distrito":"JESUS NAZARENO","institucion":"PRIVADO","codigoMinsa":26526,"direccion":"JIRÓN SANTOS CHOCANO N?ERO 400 PISO 0 DEPARTAMENTO 0 INTERIOR 0 MANZANA 0 LOTE 0 KILOMETRO 0 DISTRITO JESUS NAZARENO PROVINCIA HUAMANGA DEPARTAMENTO AYACUCHO","disa":"AYACUCHO","red":"NO PERTENECE A NINGUNA RED","microrred":"NO PERTENECE A NINGUNA MICRORED","categoria":"ESTABLECIMIENTO DE SALUD SIN INTERNAMIENTO","condicion":"ACTIVO","actualizado":"2023/08/01 19:00:00.000","fuente":"MINSA","urlRenipr":"http://app20.susalud.gob.pe:8080/registro-renipress-webapp/ipress.htm?action=mostrarVer&idipress=00026526"}},{"type":"Feature","geometry":{"type":"Point","coordinates":[-74.22356409999998,-13.163873699999954]},"properties":{"objectid":28933,"nombre":"PUESTO DE SALUD ACHUANI","departamento":"AYACUCHO","provincia":"PARINACOCHAS","distrito":"UPAHUACHO","institucion":"GOBIERNO REGIONAL","codigoMinsa":31020,"direccion":"CALLE LOS ANGELES NÚMERO S/N DISTRITO UPAHUACHO PROVINCIA PARINACOCHAS DEPARTAMENTO AYACUCHO","disa":"AYACUCHO","red":"CORACORA","microrred":"PACAPAUSA","categoria":"ESTABLECIMIENTO DE SALUD SIN INTERNAMIENTO","condicion":"ACTIVO","actualizado":"2023/08/01 19:00:00.000","fuente":"MINSA","urlRenipr":"http://app20.susalud.gob.pe:8080/registro-renipress-webapp/ipress.htm?action=mostrarVer&idipress=00031020"}},{"type":"Feature","geometry":{"type":"Point","coordinates":[-74.22918149999998,-13.15660639999993]},"properties":{"objectid":28983,"nombre":"CONSULTORIO DENTAL RICARDO PALMA","departamento":"AYACUCHO","provincia":"HUAMANGA","distrito":"AYACUCHO","institucion":"PRIVADO","codigoMinsa":26653,"direccion":"AVENIDA 364 N?ERO 364 PISO 2 DISTRITO AYACUCHO PROVINCIA HUAMANGA DEPARTAMENTO AYACUCHO","disa":"AYACUCHO","red":"NO PERTENECE A NINGUNA RED","microrred":"NO PERTENECE A NINGUNA MICRORED","categoria":"ESTABLECIMIENTO DE SALUD SIN INTERNAMIENTO","condicion":"ACTIVO","actualizado":"2023/08/01 19:00:00.000","fuente":"MINSA","urlRenipr":"http://app20.susalud.gob.pe:8080/registro-renipress-webapp/ipress.htm?action=mostrarVer&idipress=00026653"}},{"type":"Feature","geometry":{"type":"Point","coordinates":[-74.22827969999997,-13.160476199999948]},"properties":{"objectid":29026,"nombre":"CONSULTORIO ODONTOLOGICO \"DENTAL CARPIO\"","departamento":"AYACUCHO","provincia":"HUAMANGA","distrito":"AYACUCHO","institucion":"PRIVADO","codigoMinsa":31609,"direccion":"JIRÓN LIMA NÚMERO 148 INTERIOR 3 DISTRITO AYACUCHO PROVINCIA HUAMANGA DEPARTAMENTO AYACUCHO","disa":"AYACUCHO","red":"","microrred":"","categoria":"ESTABLECIMIENTO DE SALUD SIN INTERNAMIENTO","condicion":"ACTIVO","actualizado":"2023/08/01 19:00:00.000","fuente":"MINSA","urlRenipr":"http://app20.susalud.gob.pe:8080/registro-renipress-webapp/ipress.htm?action=mostrarVer&idipress=00031609"}},{"type":"Feature","geometry":{"type":"Point","coordinates":[-74.22988768999994,-13.16477913999995]},"properties":{"objectid":29058,"nombre":"DERMAPIEL","departamento":"AYACUCHO","provincia":"HUAMANGA","distrito":"AYACUCHO","institucion":"PRIVADO","codigoMinsa":29834,"direccion":"JIRÓN LIBERTAD NÚMERO 119 PISO 1 URBANIZACIÓN CERCADO DISTRITO AYACUCHO PROVINCIA HUAMANGA DEPARTAMENTO AYACUCHO","disa":"AYACUCHO","red":"","microrred":"","categoria":"SERVICIO MÉDICO DE APOYO","condicion":"ACTIVO","actualizado":"2023/08/01 19:00:00.000","fuente":"MINSA","urlRenipr":"http://app20.susalud.gob.pe:8080/registro-renipress-webapp/ipress.htm?action=mostrarVer&idipress=00029834"}},{"type":"Feature","geometry":{"type":"Point","coordinates":[-74.22356409999998,-13.163873699999954]},"properties":{"objectid":29118,"nombre":"LABORATORIOS BIOSALUD","departamento":"AYACUCHO","provincia":"HUAMANGA","distrito":"AYACUCHO","institucion":"PRIVADO","codigoMinsa":29230,"direccion":"JIRÓN QUINUA NÚMERO 256 PISO 2 DISTRITO AYACUCHO PROVINCIA HUAMANGA DEPARTAMENTO AYACUCHO","disa":"AYACUCHO","red":"","microrred":"","categoria":"SERVICIO MÉDICO DE APOYO","condicion":"ACTIVO","actualizado":"2023/08/01 19:00:00.000","fuente":"MINSA","urlRenipr":"http://app20.susalud.gob.pe:8080/registro-renipress-webapp/ipress.htm?action=mostrarVer&idipress=00029230"}},{"type":"Feature","geometry":{"type":"Point","coordinates":[-74.22242332999997,-14.74136999999996]},"properties":{"objectid":29831,"nombre":"CENTRO DE SALUD SAN CRISTOBAL","departamento":"AYACUCHO","provincia":"LUCANAS","distrito":"SAN CRISTOBAL","institucion":"GOBIERNO REGIONAL","codigoMinsa":3725,"direccion":"OTROS NOR ESTE DEL PUEBLO DE SAN CRISTOBAL DISTRITO SAN CRISTOBAL PROVINCIA LUCANAS DEPARTAMENTO AYACUCHO","disa":"AYACUCHO","red":"LUCANAS","microrred":"LUCANAS","categoria":"ESTABLECIMIENTO DE SALUD SIN INTERNAMIENTO","condicion":"ACTIVO","actualizado":"2023/08/01 19:00:00.000","fuente":"MINSA","urlRenipr":"http://app20.susalud.gob.pe:8080/registro-renipress-webapp/ipress.htm?action=mostrarVer&idipress=00003725"}},{"type":"Feature","geometry":{"type":"Point","coordinates":[-74.20029020999993,-13.170346589999951]},"properties":{"objectid":30163,"nombre":"CENTRO MEDIC PROSAMAS J&B","departamento":"AYACUCHO","provincia":"HUAMANGA","distrito":"ANDRES AVELINO CACERES DORREGARAY","institucion":"PRIVADO","codigoMinsa":29077,"direccion":"JIRÓN HUAMANGA 229 ANDRES AVELINO CACERES D. HUAMANGA AYACUCHO","disa":"AYACUCHO","red":"NO PERTENECE A NINGUNA RED","microrred":"NO PERTENECE A NINGUNA MICRORED","categoria":"ESTABLECIMIENTO DE SALUD SIN INTERNAMIENTO","condicion":"ACTIVO","actualizado":"2023/08/01 19:00:00.000","fuente":"MINSA","urlRenipr":"http://app20.susalud.gob.pe:8080/registro-renipress-webapp/ipress.htm?action=mostrarVer&idipress=00029077"}},{"type":"Feature","geometry":{"type":"Point","coordinates":[-74.22436875999995,-13.157096169999932]},"properties":{"objectid":30268,"nombre":"Dental Asamblea","departamento":"AYACUCHO","provincia":"HUAMANGA","distrito":"AYACUCHO","institucion":"PRIVADO","codigoMinsa":28141,"direccion":"JIRÓN Asamblea NÚMERO 346 PISO 3 DISTRITO AYACUCHO PROVINCIA HUAMANGA DEPARTAMENTO AYACUCHO","disa":"AYACUCHO","red":"NO PERTENECE A NINGUNA RED","microrred":"NO PERTENECE A NINGUNA MICRORED","categoria":"ESTABLECIMIENTO DE SALUD SIN INTERNAMIENTO","condicion":"ACTIVO","actualizado":"2023/08/01 19:00:00.000","fuente":"MINSA","urlRenipr":"http://app20.susalud.gob.pe:8080/registro-renipress-webapp/ipress.htm?action=mostrarVer&idipress=00028141"}},{"type":"Feature","geometry":{"type":"Point","coordinates":[-74.22350399999993,-13.164315999999928]},"properties":{"objectid":30310,"nombre":"CENTRO MEDICO \"INMACULADA\" ESPECIALIDADES MÉDICAS","departamento":"AYACUCHO","provincia":"HUAMANGA","distrito":"SAN JUAN BAUTISTA","institucion":"PRIVADO","codigoMinsa":29515,"direccion":"JIRÓN MARIANO BELLIDO 119 AL COSTADO DE LA MUNICIPALIDAD DE SAN JUAN BAUTISTA AL COSTADO DE LA IGLESIA DE SAN JUAN BAUTISTA SAN JUAN BAUTISTA HUAMANGA AYACUCHO","disa":"AYACUCHO","red":"","microrred":"NO PERTENECE A NINGUNA MICRORED","categoria":"ESTABLECIMIENTO DE SALUD SIN INTERNAMIENTO","condicion":"ACTIVO","actualizado":"2023/08/01 19:00:00.000","fuente":"MINSA","urlRenipr":"http://app20.susalud.gob.pe:8080/registro-renipress-webapp/ipress.htm?action=mostrarVer&idipress=00029515"}},{"type":"Feature","geometry":{"type":"Point","coordinates":[-74.22379172999996,-13.156415599999946]},"properties":{"objectid":30394,"nombre":"FERTIVIDA E.I.R.L.","departamento":"AYACUCHO","provincia":"HUAMANGA","distrito":"AYACUCHO","institucion":"PRIVADO","codigoMinsa":27204,"direccion":"JIRÓN MANCO CAPAC 436 2 CRUCE MANCO CAPAC Y PASAJE CACERES AYACUCHO HUAMANGA AYACUCHO","disa":"AYACUCHO","red":"NO PERTENECE A NINGUNA RED","microrred":"NO PERTENECE A NINGUNA MICRORED","categoria":"ESTABLECIMIENTO DE SALUD SIN INTERNAMIENTO","condicion":"ACTIVO","actualizado":"2023/08/01 19:00:00.000","fuente":"MINSA","urlRenipr":"http://app20.susalud.gob.pe:8080/registro-renipress-webapp/ipress.htm?action=mostrarVer&idipress=00027204"}},{"type":"Feature","geometry":{"type":"Point","coordinates":[-73.99086499999999,-12.911253329999965]},"properties":{"objectid":30644,"nombre":"VICUS","departamento":"AYACUCHO","provincia":"LA MAR","distrito":"TAMBO","institucion":"GOBIERNO REGIONAL","codigoMinsa":9127,"direccion":"PLAZA PLAZA PRINCIPAL DE VICUS DISTRITO TAMBO PROVINCIA LA MAR DEPARTAMENTO AYACUCHO","disa":"AYACUCHO","red":"SAN MIGUEL","microrred":"TAMBO","categoria":"ESTABLECIMIENTO DE SALUD SIN INTERNAMIENTO","condicion":"ACTIVO","actualizado":"2023/08/01 19:00:00.000","fuente":"MINSA","urlRenipr":"http://app20.susalud.gob.pe:8080/registro-renipress-webapp/ipress.htm?action=mostrarVer&idipress=00009127"}},{"type":"Feature","geometry":{"type":"Point","coordinates":[-74.37962412999997,-13.028775289999942]},"properties":{"objectid":30645,"nombre":"LARAMATE","departamento":"AYACUCHO","provincia":"HUAMANGA","distrito":"SANTIAGO DE PISCHA","institucion":"GOBIERNO REGIONAL","codigoMinsa":3612,"direccion":"PLAZA PLAZA PRINCIPAL LARAMATE DISTRITO SANTIAGO DE PISCHA PROVINCIA HUAMANGA DEPARTAMENTO AYACUCHO","disa":"AYACUCHO","red":"HUAMANGA","microrred":"MUYURINA","categoria":"ESTABLECIMIENTO DE SALUD SIN INTERNAMIENTO","condicion":"ACTIVO","actualizado":"2023/08/01 19:00:00.000","fuente":"MINSA","urlRenipr":"http://app20.susalud.gob.pe:8080/registro-renipress-webapp/ipress.htm?action=mostrarVer&idipress=00003612"}},{"type":"Feature","geometry":{"type":"Point","coordinates":[-74.37033015999998,-13.140191559999948]},"properties":{"objectid":30646,"nombre":"MOLINOS (RUMIHUASI)","departamento":"AYACUCHO","provincia":"HUAMANGA","distrito":"SAN JOSE DE TICLLAS","institucion":"GOBIERNO REGIONAL","codigoMinsa":3616,"direccion":"OTROS COMUNIDAD DE MOLINOS DISTRITO SAN JOSE DE TICLLAS PROVINCIA HUAMANGA DEPARTAMENTO AYACUCHO","disa":"AYACUCHO","red":"HUAMANGA","microrred":"SOCOS","categoria":"ESTABLECIMIENTO DE SALUD SIN INTERNAMIENTO","condicion":"ACTIVO","actualizado":"2023/08/01 19:00:00.000","fuente":"MINSA","urlRenipr":"http://app20.susalud.gob.pe:8080/registro-renipress-webapp/ipress.htm?action=mostrarVer&idipress=00003616"}},{"type":"Feature","geometry":{"type":"Point","coordinates":[-73.91551332999995,-12.506263329999967]},"properties":{"objectid":30647,"nombre":"GUAYAQUIL","departamento":"AYACUCHO","provincia":"HUANTA","distrito":"SIVIA","institucion":"GOBIERNO REGIONAL","codigoMinsa":3777,"direccion":"PLAZA PLAZA PRINCIPAL GUAYAQUIL DISTRITO SIVIA PROVINCIA HUANTA DEPARTAMENTO AYACUCHO","disa":"AYACUCHO","red":"SAN FRANCISCO","microrred":"TRIBOLINE","categoria":"ESTABLECIMIENTO DE SALUD SIN INTERNAMIENTO","condicion":"ACTIVO","actualizado":"2023/08/01 19:00:00.000","fuente":"MINSA","urlRenipr":"http://app20.susalud.gob.pe:8080/registro-renipress-webapp/ipress.htm?action=mostrarVer&idipress=00003777"}},{"type":"Feature","geometry":{"type":"Point","coordinates":[-74.48166666999998,-15.114736669999957]},"properties":{"objectid":30648,"nombre":"HUANCA","departamento":"AYACUCHO","provincia":"LUCANAS","distrito":"SANTA LUCIA","institucion":"GOBIERNO REGIONAL","codigoMinsa":3742,"direccion":"AVENIDA AV. PRINCIPAL S/N DEL ANEXO DE HUANCA NÚMERO S/N DISTRITO SANTA LUCIA PROVINCIA LUCANAS DEPARTAMENTO AYACUCHO","disa":"AYACUCHO","red":"LUCANAS","microrred":"LUCANAS","categoria":"ESTABLECIMIENTO DE SALUD SIN INTERNAMIENTO","condicion":"ACTIVO","actualizado":"2023/08/01 19:00:00.000","fuente":"MINSA","urlRenipr":"http://app20.susalud.gob.pe:8080/registro-renipress-webapp/ipress.htm?action=mostrarVer&idipress=00003742"}},{"type":"Feature","geometry":{"type":"Point","coordinates":[-74.82714999999996,-14.256081669999958]},"properties":{"objectid":30649,"nombre":"PATACHANA","departamento":"AYACUCHO","provincia":"LUCANAS","distrito":"LARAMATE","institucion":"GOBIERNO REGIONAL","codigoMinsa":3681,"direccion":"CARRETERA CARRETERA PRINCIPAL S/N NÚMERO S/N DISTRITO LARAMATE PROVINCIA LUCANAS DEPARTAMENTO AYACUCHO","disa":"AYACUCHO","red":"LUCANAS","microrred":"LARAMATE","categoria":"ESTABLECIMIENTO DE SALUD SIN INTERNAMIENTO","condicion":"ACTIVO","actualizado":"2023/08/01 19:00:00.000","fuente":"MINSA","urlRenipr":"http://app20.susalud.gob.pe:8080/registro-renipress-webapp/ipress.htm?action=mostrarVer&idipress=00003681"}},{"type":"Feature","geometry":{"type":"Point","coordinates":[-74.19990119999994,-13.175791969999977]},"properties":{"objectid":30650,"nombre":"CENTRO DE SALUD MIRAFLORES","departamento":"AYACUCHO","provincia":"HUAMANGA","distrito":"SAN JUAN BAUTISTA","institucion":"GOBIERNO REGIONAL","codigoMinsa":3600,"direccion":"AVENIDA AV. VENEZUELA S/N NÚMERO S/N DISTRITO SAN JUAN BAUTISTA PROVINCIA HUAMANGA DEPARTAMENTO AYACUCHO","disa":"AYACUCHO","red":"HUAMANGA","microrred":"SAN JUAN BAUTISTA","categoria":"ESTABLECIMIENTO DE SALUD SIN INTERNAMIENTO","condicion":"ACTIVO","actualizado":"2023/08/01 19:00:00.000","fuente":"MINSA","urlRenipr":"http://app20.susalud.gob.pe:8080/registro-renipress-webapp/ipress.htm?action=mostrarVer&idipress=00003600"}},{"type":"Feature","geometry":{"type":"Point","coordinates":[-73.86936292999997,-13.64472232999998]},"properties":{"objectid":30651,"nombre":"POMATAMBO","departamento":"AYACUCHO","provincia":"VILCAS HUAMAN","distrito":"VILCAS HUAMAN","institucion":"GOBIERNO REGIONAL","codigoMinsa":3849,"direccion":"OTROS COMUNIDAD DE POMATAMBO DISTRITO VILCAS HUAMAN PROVINCIA VILCAS HUAMAN DEPARTAMENTO AYACUCHO","disa":"AYACUCHO","red":"AYACUCHO CENTRO","microrred":"VILCASHUAMAN","categoria":"ESTABLECIMIENTO DE SALUD SIN INTERNAMIENTO","condicion":"ACTIVO","actualizado":"2023/08/01 19:00:00.000","fuente":"MINSA","urlRenipr":"http://app20.susalud.gob.pe:8080/registro-renipress-webapp/ipress.htm?action=mostrarVer&idipress=00003849"}},{"type":"Feature","geometry":{"type":"Point","coordinates":[-74.48136987999999,-13.263248899999951]},"properties":{"objectid":30652,"nombre":"CCOÑANI","departamento":"AYACUCHO","provincia":"HUAMANGA","distrito":"VINCHOS","institucion":"GOBIERNO REGIONAL","codigoMinsa":3634,"direccion":"PLAZA PLAZA PRINCIPAL DE CCOÑANI DISTRITO VINCHOS PROVINCIA HUAMANGA DEPARTAMENTO AYACUCHO","disa":"AYACUCHO","red":"HUAMANGA","microrred":"VINCHOS","categoria":"ESTABLECIMIENTO DE SALUD SIN INTERNAMIENTO","condicion":"ACTIVO","actualizado":"2023/08/01 19:00:00.000","fuente":"MINSA","urlRenipr":"http://app20.susalud.gob.pe:8080/registro-renipress-webapp/ipress.htm?action=mostrarVer&idipress=00003634"}},{"type":"Feature","geometry":{"type":"Point","coordinates":[-74.22520820999995,-13.15102909999996]},"properties":{"objectid":30653,"nombre":"SAMU AYACUCHO","departamento":"AYACUCHO","provincia":"HUAMANGA","distrito":"AYACUCHO","institucion":"GOBIERNO REGIONAL","codigoMinsa":18567,"direccion":"AVENIDA AV. INDEPENDENCIA N° 355 DISTRITO AYACUCHO PROVINCIA HUAMANGA DEPARTAMENTO AYACUCHO","disa":"AYACUCHO","red":"NO PERTENECE A NINGUNA RED","microrred":"NO PERTENECE A NINGUNA MICRORED","categoria":"SERVICIO MÉDICO DE APOYO","condicion":"ACTIVO","actualizado":"2023/08/01 19:00:00.000","fuente":"MINSA","urlRenipr":"http://app20.susalud.gob.pe:8080/registro-renipress-webapp/ipress.htm?action=mostrarVer&idipress=00018567"}},{"type":"Feature","geometry":{"type":"Point","coordinates":[-73.89273166999999,-12.952719999999943]},"properties":{"objectid":30654,"nombre":"CHACA","departamento":"AYACUCHO","provincia":"LA MAR","distrito":"SAN MIGUEL","institucion":"GOBIERNO REGIONAL","codigoMinsa":6881,"direccion":"PLAZA PLAZA PRINCIPAL S/N NÚMERO S/N DISTRITO SAN MIGUEL PROVINCIA LA MAR DEPARTAMENTO AYACUCHO","disa":"AYACUCHO","red":"SAN MIGUEL","microrred":"NINABAMBA","categoria":"ESTABLECIMIENTO DE SALUD SIN INTERNAMIENTO","condicion":"ACTIVO","actualizado":"2023/08/01 19:00:00.000","fuente":"MINSA","urlRenipr":"http://app20.susalud.gob.pe:8080/registro-renipress-webapp/ipress.htm?action=mostrarVer&idipress=00006881"}},{"type":"Feature","geometry":{"type":"Point","coordinates":[-74.44542621999994,-13.578738919999978]},"properties":{"objectid":30655,"nombre":"CHUYMAY","departamento":"AYACUCHO","provincia":"CANGALLO","distrito":"TOTOS","institucion":"GOBIERNO REGIONAL","codigoMinsa":3622,"direccion":"PLAZA PLAZA PRINCIPAL DE CHUYMAY DISTRITO TOTOS PROVINCIA CANGALLO DEPARTAMENTO AYACUCHO","disa":"AYACUCHO","red":"HUAMANGA","microrred":"TOTOS","categoria":"ESTABLECIMIENTO DE SALUD SIN INTERNAMIENTO","condicion":"ACTIVO","actualizado":"2023/08/01 19:00:00.000","fuente":"MINSA","urlRenipr":"http://app20.susalud.gob.pe:8080/registro-renipress-webapp/ipress.htm?action=mostrarVer&idipress=00003622"}},{"type":"Feature","geometry":{"type":"Point","coordinates":[-74.37497376999994,-13.203119289999961]},"properties":{"objectid":30656,"nombre":"ÑAUPALLACCTA","departamento":"AYACUCHO","provincia":"HUAMANGA","distrito":"VINCHOS","institucion":"GOBIERNO REGIONAL","codigoMinsa":3629,"direccion":"JIRÓN JR. EL PINO S/N NÚMERO S/N DISTRITO VINCHOS PROVINCIA HUAMANGA DEPARTAMENTO AYACUCHO","disa":"AYACUCHO","red":"HUAMANGA","microrred":"VINCHOS","categoria":"ESTABLECIMIENTO DE SALUD SIN INTERNAMIENTO","condicion":"ACTIVO","actualizado":"2023/08/01 19:00:00.000","fuente":"MINSA","urlRenipr":"http://app20.susalud.gob.pe:8080/registro-renipress-webapp/ipress.htm?action=mostrarVer&idipress=00003629"}},{"type":"Feature","geometry":{"type":"Point","coordinates":[-74.35620051999996,-13.244078869999953]},"properties":{"objectid":30657,"nombre":"CENTRO DE SALUD VINCHOS","departamento":"AYACUCHO","provincia":"HUAMANGA","distrito":"VINCHOS","institucion":"GOBIERNO REGIONAL","codigoMinsa":3630,"direccion":"PLAZA PLAZA PRINCIPAL DE VINCHOS DISTRITO VINCHOS PROVINCIA HUAMANGA DEPARTAMENTO AYACUCHO","disa":"AYACUCHO","red":"HUAMANGA","microrred":"VINCHOS","categoria":"ESTABLECIMIENTO DE SALUD SIN INTERNAMIENTO","condicion":"ACTIVO","actualizado":"2023/08/01 19:00:00.000","fuente":"MINSA","urlRenipr":"http://app20.susalud.gob.pe:8080/registro-renipress-webapp/ipress.htm?action=mostrarVer&idipress=00003630"}},{"type":"Feature","geometry":{"type":"Point","coordinates":[-73.53137166999994,-12.961809999999957]},"properties":{"objectid":30658,"nombre":"ARHUIMAYO","departamento":"AYACUCHO","provincia":"LA MAR","distrito":"ANCO","institucion":"GOBIERNO REGIONAL","codigoMinsa":3761,"direccion":"OTROS ARHUIMAYO LTE.1 MZ.T DISTRITO ANCO PROVINCIA LA MAR DEPARTAMENTO AYACUCHO","disa":"AYACUCHO","red":"SAN FRANCISCO","microrred":"SAN MARTIN","categoria":"ESTABLECIMIENTO DE SALUD SIN INTERNAMIENTO","condicion":"ACTIVO","actualizado":"2023/08/01 19:00:00.000","fuente":"MINSA","urlRenipr":"http://app20.susalud.gob.pe:8080/registro-renipress-webapp/ipress.htm?action=mostrarVer&idipress=00003761"}},{"type":"Feature","geometry":{"type":"Point","coordinates":[-73.38746360999994,-13.263187109999933]},"properties":{"objectid":30659,"nombre":"PS. BELEN CHAPI","departamento":"AYACUCHO","provincia":"LA MAR","distrito":"CHUNGUI","institucion":"GOBIERNO REGIONAL","codigoMinsa":3782,"direccion":"PLAZA PLAZA PRINCIPAL DE CHAPI BELEN S/N NÚMERO S/N DISTRITO CHUNGUI PROVINCIA LA MAR DEPARTAMENTO AYACUCHO","disa":"AYACUCHO","red":"SAN MIGUEL","microrred":"CHUNGUI","categoria":"ESTABLECIMIENTO DE SALUD SIN INTERNAMIENTO","condicion":"ACTIVO","actualizado":"2023/08/01 19:00:00.000","fuente":"MINSA","urlRenipr":"http://app20.susalud.gob.pe:8080/registro-renipress-webapp/ipress.htm?action=mostrarVer&idipress=00003782"}},{"type":"Feature","geometry":{"type":"Point","coordinates":[-74.20960854999998,-13.465943269999968]},"properties":{"objectid":30660,"nombre":"PUESTO DE SALUD CHANQUIL","departamento":"AYACUCHO","provincia":"CANGALLO","distrito":"LOS MOROCHUCOS","institucion":"GOBIERNO REGIONAL","codigoMinsa":3508,"direccion":"PLAZA PLAZA PRINCIPAL S/N S/N PLAZA PRINCIPAL S/N LOS MOROCHUCOS CANGALLO AYACUCHO","disa":"AYACUCHO","red":"AYACUCHO CENTRO","microrred":"PAMPA CANGALLO","categoria":"ESTABLECIMIENTO DE SALUD SIN INTERNAMIENTO","condicion":"ACTIVO","actualizado":"2023/08/01 19:00:00.000","fuente":"MINSA","urlRenipr":"http://app20.susalud.gob.pe:8080/registro-renipress-webapp/ipress.htm?action=mostrarVer&idipress=00003508"}},{"type":"Feature","geometry":{"type":"Point","coordinates":[-74.29220332999995,-13.697406669999964]},"properties":{"objectid":30661,"nombre":"PUESTO DE SALUD PATARA","departamento":"AYACUCHO","provincia":"VICTOR FAJARDO","distrito":"HUAMANQUIQUIA","institucion":"GOBIERNO REGIONAL","codigoMinsa":3832,"direccion":"JIRÓN JR. SAN MARTIN S/N NÚMERO S/N DISTRITO HUAMANQUIQUIA PROVINCIA VICTOR FAJARDO DEPARTAMENTO AYACUCHO","disa":"AYACUCHO","red":"AYACUCHO CENTRO","microrred":"POMABAMBA","categoria":"ESTABLECIMIENTO DE SALUD SIN INTERNAMIENTO","condicion":"ACTIVO","actualizado":"2023/08/01 19:00:00.000","fuente":"MINSA","urlRenipr":"http://app20.susalud.gob.pe:8080/registro-renipress-webapp/ipress.htm?action=mostrarVer&idipress=00003832"}},{"type":"Feature","geometry":{"type":"Point","coordinates":[-74.31216026999994,-13.78184146999996]},"properties":{"objectid":30662,"nombre":"PUESTO DE SALUD MANCHIRI","departamento":"AYACUCHO","provincia":"HUANCA SANCOS","distrito":"CARAPO","institucion":"GOBIERNO REGIONAL","codigoMinsa":3636,"direccion":"OTROS COMUNIDAD DE MANCHIRI DISTRITO CARAPO PROVINCIA HUANCA SANCOS DEPARTAMENTO AYACUCHO","disa":"AYACUCHO","red":"AYACUCHO CENTRO","microrred":"HUANCASANCOS","categoria":"ESTABLECIMIENTO DE SALUD SIN INTERNAMIENTO","condicion":"ACTIVO","actualizado":"2023/08/01 19:00:00.000","fuente":"MINSA","urlRenipr":"http://app20.susalud.gob.pe:8080/registro-renipress-webapp/ipress.htm?action=mostrarVer&idipress=00003636"}},{"type":"Feature","geometry":{"type":"Point","coordinates":[-73.88548832999999,-13.042464999999936]},"properties":{"objectid":30663,"nombre":"COCHAS","departamento":"AYACUCHO","provincia":"LA MAR","distrito":"SAN MIGUEL","institucion":"GOBIERNO REGIONAL","codigoMinsa":3793,"direccion":"PLAZA A 03 CUADRAS DE LA PLAZA PRINCIPAL DISTRITO SAN MIGUEL PROVINCIA LA MAR DEPARTAMENTO AYACUCHO","disa":"AYACUCHO","red":"SAN MIGUEL","microrred":"NINABAMBA","categoria":"ESTABLECIMIENTO DE SALUD SIN INTERNAMIENTO","condicion":"ACTIVO","actualizado":"2023/08/01 19:00:00.000","fuente":"MINSA","urlRenipr":"http://app20.susalud.gob.pe:8080/registro-renipress-webapp/ipress.htm?action=mostrarVer&idipress=00003793"}},{"type":"Feature","geometry":{"type":"Point","coordinates":[-73.77957166999994,-13.071413329999928]},"properties":{"objectid":30664,"nombre":"PUESTO SALUD PACOBAMBA","departamento":"AYACUCHO","provincia":"LA MAR","distrito":"ANCO","institucion":"GOBIERNO REGIONAL","codigoMinsa":3791,"direccion":"PLAZA AL COSTADO DE LA PLAZA PRINCIPAL DISTRITO ANCO PROVINCIA LA MAR DEPARTAMENTO AYACUCHO","disa":"AYACUCHO","red":"SAN MIGUEL","microrred":"SACHARACCAY","categoria":"ESTABLECIMIENTO DE SALUD SIN INTERNAMIENTO","condicion":"ACTIVO","actualizado":"2023/08/01 19:00:00.000","fuente":"MINSA","urlRenipr":"http://app20.susalud.gob.pe:8080/registro-renipress-webapp/ipress.htm?action=mostrarVer&idipress=00003791"}},{"type":"Feature","geometry":{"type":"Point","coordinates":[-74.59844166999994,-14.859024999999974]},"properties":{"objectid":30665,"nombre":"CAJA","departamento":"AYACUCHO","provincia":"LUCANAS","distrito":"SANTA LUCIA","institucion":"GOBIERNO REGIONAL","codigoMinsa":3741,"direccion":"CALLE CALLE PRINCIPAL S/N NÚMERO S/N DISTRITO SANTA LUCIA PROVINCIA LUCANAS DEPARTAMENTO AYACUCHO","disa":"AYACUCHO","red":"LUCANAS","microrred":"LUCANAS","categoria":"ESTABLECIMIENTO DE SALUD SIN INTERNAMIENTO","condicion":"ACTIVO","actualizado":"2023/08/01 19:00:00.000","fuente":"MINSA","urlRenipr":"http://app20.susalud.gob.pe:8080/registro-renipress-webapp/ipress.htm?action=mostrarVer&idipress=00003741"}},{"type":"Feature","geometry":{"type":"Point","coordinates":[-73.75679296999994,-14.644608989999938]},"properties":{"objectid":30666,"nombre":"NEGRO MAYO","departamento":"AYACUCHO","provincia":"PARINACOCHAS","distrito":"CORACORA","institucion":"GOBIERNO REGIONAL","codigoMinsa":3732,"direccion":"CARRETERA CARRETERA PRINCIPAL LIMA-CUSCO DISTRITO CORACORA PROVINCIA PARINACOCHAS DEPARTAMENTO AYACUCHO","disa":"AYACUCHO","red":"LUCANAS","microrred":"SAN PEDRO","categoria":"ESTABLECIMIENTO DE SALUD SIN INTERNAMIENTO","condicion":"ACTIVO","actualizado":"2023/08/01 19:00:00.000","fuente":"MINSA","urlRenipr":"http://app20.susalud.gob.pe:8080/registro-renipress-webapp/ipress.htm?action=mostrarVer&idipress=00003732"}},{"type":"Feature","geometry":{"type":"Point","coordinates":[-74.10025173999998,-13.464444269999944]},"properties":{"objectid":30667,"nombre":"SACHABAMBA","departamento":"AYACUCHO","provincia":"HUAMANGA","distrito":"CHIARA","institucion":"GOBIERNO REGIONAL","codigoMinsa":3568,"direccion":"PLAZA PLAZA PRINCIPAL S/N NÚMERO S/N DISTRITO CHIARA PROVINCIA HUAMANGA DEPARTAMENTO AYACUCHO","disa":"AYACUCHO","red":"HUAMANGA","microrred":"CHIARA","categoria":"ESTABLECIMIENTO DE SALUD SIN INTERNAMIENTO","condicion":"ACTIVO","actualizado":"2023/08/01 19:00:00.000","fuente":"MINSA","urlRenipr":"http://app20.susalud.gob.pe:8080/registro-renipress-webapp/ipress.htm?action=mostrarVer&idipress=00003568"}},{"type":"Feature","geometry":{"type":"Point","coordinates":[-73.75071999999994,-15.30361666999994]},"properties":{"objectid":30668,"nombre":"PUESTO DE SALUD TARCO","departamento":"AYACUCHO","provincia":"PARINACOCHAS","distrito":"PULLO","institucion":"GOBIERNO REGIONAL","codigoMinsa":3537,"direccion":"OTROS TARCO DISTRITO PULLO PROVINCIA PARINACOCHAS DEPARTAMENTO AYACUCHO","disa":"AYACUCHO","red":"CORACORA","microrred":"INCUYO","categoria":"ESTABLECIMIENTO DE SALUD SIN INTERNAMIENTO","condicion":"ACTIVO","actualizado":"2023/08/01 19:00:00.000","fuente":"MINSA","urlRenipr":"http://app20.susalud.gob.pe:8080/registro-renipress-webapp/ipress.htm?action=mostrarVer&idipress=00003537"}},{"type":"Feature","geometry":{"type":"Point","coordinates":[-74.03683832999997,-15.205626669999958]},"properties":{"objectid":30669,"nombre":"PUEBLO NUEVO","departamento":"AYACUCHO","provincia":"PARINACOCHAS","distrito":"PULLO","institucion":"GOBIERNO REGIONAL","codigoMinsa":3536,"direccion":"OTROS PUEBLO NUEVO S/N NÚMERO S/N DISTRITO PULLO PROVINCIA PARINACOCHAS DEPARTAMENTO AYACUCHO","disa":"AYACUCHO","red":"CORACORA","microrred":"INCUYO","categoria":"ESTABLECIMIENTO DE SALUD SIN INTERNAMIENTO","condicion":"ACTIVO","actualizado":"2023/08/01 19:00:00.000","fuente":"MINSA","urlRenipr":"http://app20.susalud.gob.pe:8080/registro-renipress-webapp/ipress.htm?action=mostrarVer&idipress=00003536"}},{"type":"Feature","geometry":{"type":"Point","coordinates":[-74.74770230999997,-13.53590724999998]},"properties":{"objectid":30670,"nombre":"IGLESIA HUASI","departamento":"AYACUCHO","provincia":"CANGALLO","distrito":"PARAS","institucion":"GOBIERNO REGIONAL","codigoMinsa":3586,"direccion":"PLAZA PLAZA PRINCIPAL DISTRITO PARAS PROVINCIA CANGALLO DEPARTAMENTO AYACUCHO","disa":"AYACUCHO","red":"HUAMANGA","microrred":"PARAS","categoria":"ESTABLECIMIENTO DE SALUD SIN INTERNAMIENTO","condicion":"ACTIVO","actualizado":"2023/08/01 19:00:00.000","fuente":"MINSA","urlRenipr":"http://app20.susalud.gob.pe:8080/registro-renipress-webapp/ipress.htm?action=mostrarVer&idipress=00003586"}},{"type":"Feature","geometry":{"type":"Point","coordinates":[-74.14938791999998,-13.121726369999976]},"properties":{"objectid":30671,"nombre":"NIÑO YUCAY","departamento":"AYACUCHO","provincia":"HUAMANGA","distrito":"TAMBILLO","institucion":"GOBIERNO REGIONAL","codigoMinsa":3550,"direccion":"OTROS COMUNIDAD DE NIÑO DE YUCAY DISTRITO TAMBILLO PROVINCIA HUAMANGA DEPARTAMENTO AYACUCHO","disa":"AYACUCHO","red":"HUAMANGA","microrred":"MUYURINA","categoria":"ESTABLECIMIENTO DE SALUD SIN INTERNAMIENTO","condicion":"ACTIVO","actualizado":"2023/08/01 19:00:00.000","fuente":"MINSA","urlRenipr":"http://app20.susalud.gob.pe:8080/registro-renipress-webapp/ipress.htm?action=mostrarVer&idipress=00003550"}},{"type":"Feature","geometry":{"type":"Point","coordinates":[-74.19321805999994,-13.113853459999973]},"properties":{"objectid":30672,"nombre":"PUESTO DE SALUD MUYURINA","departamento":"AYACUCHO","provincia":"HUAMANGA","distrito":"TAMBILLO","institucion":"GOBIERNO REGIONAL","codigoMinsa":3610,"direccion":"PLAZA PLAZA PRINCIPAL MUYURINA DISTRITO TAMBILLO PROVINCIA HUAMANGA DEPARTAMENTO AYACUCHO","disa":"AYACUCHO","red":"HUAMANGA","microrred":"MUYURINA","categoria":"ESTABLECIMIENTO DE SALUD SIN INTERNAMIENTO","condicion":"ACTIVO","actualizado":"2023/08/01 19:00:00.000","fuente":"MINSA","urlRenipr":"http://app20.susalud.gob.pe:8080/registro-renipress-webapp/ipress.htm?action=mostrarVer&idipress=00003610"}},{"type":"Feature","geometry":{"type":"Point","coordinates":[-74.26204045999998,-13.076965359999974]},"properties":{"objectid":30673,"nombre":"CENTRO DE SALUD SIMPAPATA","departamento":"AYACUCHO","provincia":"HUAMANGA","distrito":"AYACUCHO","institucion":"GOBIERNO REGIONAL","codigoMinsa":3606,"direccion":"PLAZA PLAZA PRINCIPAL NÚMERO S/N DISTRITO AYACUCHO PROVINCIA HUAMANGA DEPARTAMENTO AYACUCHO","disa":"AYACUCHO","red":"HUAMANGA","microrred":"MUYURINA","categoria":"ESTABLECIMIENTO DE SALUD SIN INTERNAMIENTO","condicion":"ACTIVO","actualizado":"2023/08/01 19:00:00.000","fuente":"MINSA","urlRenipr":"http://app20.susalud.gob.pe:8080/registro-renipress-webapp/ipress.htm?action=mostrarVer&idipress=00003606"}},{"type":"Feature","geometry":{"type":"Point","coordinates":[-73.76996332999994,-15.12362332999993]},"properties":{"objectid":30674,"nombre":"ACOS","departamento":"AYACUCHO","provincia":"PARINACOCHAS","distrito":"CHUMPI","institucion":"GOBIERNO REGIONAL","codigoMinsa":3520,"direccion":"OTROS ACOS S/N NÚMERO S/N DISTRITO CHUMPI PROVINCIA PARINACOCHAS DEPARTAMENTO AYACUCHO","disa":"AYACUCHO","red":"CORACORA","microrred":"CHUMPI","categoria":"ESTABLECIMIENTO DE SALUD SIN INTERNAMIENTO","condicion":"ACTIVO","actualizado":"2023/08/01 19:00:00.000","fuente":"MINSA","urlRenipr":"http://app20.susalud.gob.pe:8080/registro-renipress-webapp/ipress.htm?action=mostrarVer&idipress=00003520"}},{"type":"Feature","geometry":{"type":"Point","coordinates":[-74.19592039999998,-13.557785899999942]},"properties":{"objectid":30795,"nombre":"CENTRO DE SALUD MENTAL COMUNITARIO \"LOS MOROCHUCOS\"","departamento":"AYACUCHO","provincia":"CANGALLO","distrito":"LOS MOROCHUCOS","institucion":"GOBIERNO REGIONAL","codigoMinsa":26012,"direccion":"JIRÓN 9 DE DICIEMBRE S/N PAMPA CANGALLO (PLAZA PRINCIPAL) NÚMERO S/N DISTRITO LOS MOROCHUCOS PROVINCIA CANGALLO DEPARTAMENTO AYACUCHO","disa":"AYACUCHO","red":"AYACUCHO CENTRO","microrred":"NO PERTENECE A NINGUNA MICRORED","categoria":"ESTABLECIMIENTO DE SALUD SIN INTERNAMIENTO","condicion":"ACTIVO","actualizado":"2023/08/01 19:00:00.000","fuente":"MINSA","urlRenipr":"http://app20.susalud.gob.pe:8080/registro-renipress-webapp/ipress.htm?action=mostrarVer&idipress=00026012"}},{"type":"Feature","geometry":{"type":"Point","coordinates":[-74.22238969999995,-13.157924399999956]},"properties":{"objectid":31010,"nombre":"Happy Dent Ayacucho","departamento":"AYACUCHO","provincia":"HUAMANGA","distrito":"AYACUCHO","institucion":"PRIVADO","codigoMinsa":26959,"direccion":"AVENIDA mariscal caceres N?ERO 828 PISO 2 DISTRITO AYACUCHO PROVINCIA HUAMANGA DEPARTAMENTO AYACUCHO","disa":"AYACUCHO","red":"NO PERTENECE A NINGUNA RED","microrred":"NO PERTENECE A NINGUNA MICRORED","categoria":"ESTABLECIMIENTO DE SALUD SIN INTERNAMIENTO","condicion":"ACTIVO","actualizado":"2023/08/01 19:00:00.000","fuente":"MINSA","urlRenipr":"http://app20.susalud.gob.pe:8080/registro-renipress-webapp/ipress.htm?action=mostrarVer&idipress=00026959"}},{"type":"Feature","geometry":{"type":"Point","coordinates":[-74.22808898999995,-13.148163649999958]},"properties":{"objectid":31039,"nombre":"clínica dental pacifico","departamento":"AYACUCHO","provincia":"HUAMANGA","distrito":"AYACUCHO","institucion":"PRIVADO","codigoMinsa":28351,"direccion":"AVENIDA 26 de enero N?ERO 632 PISO 2 DEPARTAMENTO 201 DISTRITO AYACUCHO PROVINCIA HUAMANGA DEPARTAMENTO AYACUCHO","disa":"AYACUCHO","red":"NO PERTENECE A NINGUNA RED","microrred":"NO PERTENECE A NINGUNA MICRORED","categoria":"ESTABLECIMIENTO DE SALUD SIN INTERNAMIENTO","condicion":"ACTIVO","actualizado":"2023/08/01 19:00:00.000","fuente":"MINSA","urlRenipr":"http://app20.susalud.gob.pe:8080/registro-renipress-webapp/ipress.htm?action=mostrarVer&idipress=00028351"}},{"type":"Feature","geometry":{"type":"Point","coordinates":[-74.22356409999998,-13.163873699999954]},"properties":{"objectid":31071,"nombre":"NUEVA ESPERANZA","departamento":"AYACUCHO","provincia":"HUAMANGA","distrito":"AYACUCHO","institucion":"PRIVADO","codigoMinsa":27964,"direccion":"JIRÓN ASAMBLEA 356 3 FRENTE AL COLEGIO LUIS CARRANZA AYACUCHO HUAMANGA AYACUCHO","disa":"AYACUCHO","red":"NO PERTENECE A NINGUNA RED","microrred":"NO PERTENECE A NINGUNA MICRORED","categoria":"ESTABLECIMIENTO DE SALUD SIN INTERNAMIENTO","condicion":"ACTIVO","actualizado":"2023/08/01 19:00:00.000","fuente":"MINSA","urlRenipr":"http://app20.susalud.gob.pe:8080/registro-renipress-webapp/ipress.htm?action=mostrarVer&idipress=00027964"}},{"type":"Feature","geometry":{"type":"Point","coordinates":[-74.21284923999997,-13.14774370999993]},"properties":{"objectid":31163,"nombre":"PUESTO DE SALUD VILLA SAN CRISTOBAL","departamento":"AYACUCHO","provincia":"HUAMANGA","distrito":"JESUS NAZARENO","institucion":"GOBIERNO REGIONAL","codigoMinsa":11365,"direccion":"AVENIDA AV. LOS INCAS MZ. L LTE. 5 DISTRITO JESUS NAZARENO PROVINCIA HUAMANGA DEPARTAMENTO AYACUCHO","disa":"AYACUCHO","red":"HUAMANGA","microrred":"LICENCIADOS","categoria":"ESTABLECIMIENTO DE SALUD SIN INTERNAMIENTO","condicion":"ACTIVO","actualizado":"2023/08/01 19:00:00.000","fuente":"MINSA","urlRenipr":"http://app20.susalud.gob.pe:8080/registro-renipress-webapp/ipress.htm?action=mostrarVer&idipress=00011365"}},{"type":"Feature","geometry":{"type":"Point","coordinates":[-74.21271187999997,-13.14725993999997]},"properties":{"objectid":31164,"nombre":"CENTRO DE SALUD MENTALCOMUNITARIO JESUS NAZARENO- KUSKA WIÑARISUN","departamento":"AYACUCHO","provincia":"HUAMANGA","distrito":"JESUS NAZARENO","institucion":"GOBIERNO REGIONAL","codigoMinsa":27731,"direccion":"OTROS ASENTAMIENTO HUMANO VILLA SAN CRISTOBAL 1 L 2 CERCA AL LOCAL CUNA MAS DE JESUS NAZARENO JESUS NAZARENO HUAMANGA AYACUCHO","disa":"AYACUCHO","red":"HUAMANGA","microrred":"NO PERTENECE A NINGUNA MICRORED","categoria":"ESTABLECIMIENTO DE SALUD SIN INTERNAMIENTO","condicion":"ACTIVO","actualizado":"2023/08/01 19:00:00.000","fuente":"MINSA","urlRenipr":"http://app20.susalud.gob.pe:8080/registro-renipress-webapp/ipress.htm?action=mostrarVer&idipress=00027731"}},{"type":"Feature","geometry":{"type":"Point","coordinates":[-74.25021219999996,-12.938411299999927]},"properties":{"objectid":31195,"nombre":"CONSULTORIO MEDICO SEÑOR DE LOS MILAGROS","departamento":"AYACUCHO","provincia":"HUANTA","distrito":"HUANTA","institucion":"PRIVADO","codigoMinsa":31466,"direccion":"AVENIDA MARISCAL CASTILLA NÚMERO 113 PISO 2 DISTRITO HUANTA PROVINCIA HUANTA DEPARTAMENTO AYACUCHO","disa":"AYACUCHO","red":"","microrred":"","categoria":"ESTABLECIMIENTO DE SALUD SIN INTERNAMIENTO","condicion":"ACTIVO","actualizado":"2023/08/01 19:00:00.000","fuente":"MINSA","urlRenipr":"http://app20.susalud.gob.pe:8080/registro-renipress-webapp/ipress.htm?action=mostrarVer&idipress=00031466"}},{"type":"Feature","geometry":{"type":"Point","coordinates":[-74.22356409999998,-13.163873699999954]},"properties":{"objectid":31864,"nombre":"CLINICA SEÑAL DE VIDA E. I. R. L.","departamento":"AYACUCHO","provincia":"HUAMANGA","distrito":"AYACUCHO","institucion":"PRIVADO","codigoMinsa":27973,"direccion":"JIRÓN LOS ANDES NÚMERO 420 DISTRITO AYACUCHO PROVINCIA HUAMANGA DEPARTAMENTO AYACUCHO","disa":"AYACUCHO","red":"NO PERTENECE A NINGUNA RED","microrred":"NO PERTENECE A NINGUNA MICRORED","categoria":"ESTABLECIMIENTO DE SALUD SIN INTERNAMIENTO","condicion":"ACTIVO","actualizado":"2023/08/01 19:00:00.000","fuente":"MINSA","urlRenipr":"http://app20.susalud.gob.pe:8080/registro-renipress-webapp/ipress.htm?action=mostrarVer&idipress=00027973"}},{"type":"Feature","geometry":{"type":"Point","coordinates":[-74.11536650999994,-14.68764484999997]},"properties":{"objectid":31928,"nombre":"CENTRO DE SALUD MENTAL COMUNITARIO RUKANAS","departamento":"AYACUCHO","provincia":"LUCANAS","distrito":"PUQUIO","institucion":"GOBIERNO REGIONAL","codigoMinsa":27735,"direccion":"JIRÓN MARIANO SALAS S/N LOS PUQUIALES ESPALDA DE I.E. INMANUEL KANT PUQUIO LUCANAS AYACUCHO","disa":"AYACUCHO","red":"LUCANAS","microrred":"NO PERTENECE A NINGUNA MICRORED","categoria":"ESTABLECIMIENTO DE SALUD SIN INTERNAMIENTO","condicion":"ACTIVO","actualizado":"2023/08/01 19:00:00.000","fuente":"MINSA","urlRenipr":"http://app20.susalud.gob.pe:8080/registro-renipress-webapp/ipress.htm?action=mostrarVer&idipress=00027735"}},{"type":"Feature","geometry":{"type":"Point","coordinates":[-73.17979409999998,-14.740495799999962]},"properties":{"objectid":32203,"nombre":"POLICLINICO PALLANCATA","departamento":"AYACUCHO","provincia":"PARINACOCHAS","distrito":"CORONEL CASTAÑEDA","institucion":"PRIVADO","codigoMinsa":29702,"direccion":"OTROS UNIDAD MINERA PALLANCATA DISTRITO CORONEL CASTAÑEDA PROVINCIA PARINACOCHAS DEPARTAMENTO AYACUCHO","disa":"AYACUCHO","red":"","microrred":"","categoria":"ESTABLECIMIENTO DE SALUD SIN INTERNAMIENTO","condicion":"ACTIVO","actualizado":"2023/08/01 19:00:00.000","fuente":"MINSA","urlRenipr":"http://app20.susalud.gob.pe:8080/registro-renipress-webapp/ipress.htm?action=mostrarVer&idipress=00029702"}},{"type":"Feature","geometry":{"type":"Point","coordinates":[-74.25021219999996,-12.938411299999927]},"properties":{"objectid":32281,"nombre":"CENTRO MEDICO VRAEM","departamento":"AYACUCHO","provincia":"HUANTA","distrito":"HUANTA","institucion":"PRIVADO","codigoMinsa":29673,"direccion":"AVENIDA MARISCAL CASTILLA NÚMERO 713 PISO 1 DISTRITO HUANTA PROVINCIA HUANTA DEPARTAMENTO AYACUCHO","disa":"AYACUCHO","red":"","microrred":"","categoria":"ESTABLECIMIENTO DE SALUD SIN INTERNAMIENTO","condicion":"ACTIVO","actualizado":"2023/08/01 19:00:00.000","fuente":"MINSA","urlRenipr":"http://app20.susalud.gob.pe:8080/registro-renipress-webapp/ipress.htm?action=mostrarVer&idipress=00029673"}},{"type":"Feature","geometry":{"type":"Point","coordinates":[-74.22336499999994,-13.151789999999949]},"properties":{"objectid":32717,"nombre":"HOSPITAL REGIONAL DE AYACUCHO \"MIGUEL ANGEL MARISCAL LLERENA\"","departamento":"AYACUCHO","provincia":"HUAMANGA","distrito":"AYACUCHO","institucion":"GOBIERNO REGIONAL","codigoMinsa":3543,"direccion":"JIRÓN JIRÓN INDEPENDENCIA Nº355 URB. MARISCAL CACERES AYACUCHO HUAMANGA AYACUCHO","disa":"AYACUCHO","red":"NO PERTENECE A NINGUNA RED","microrred":"NO PERTENECE A NINGUNA MICRORED","categoria":"ESTABLECIMIENTO DE SALUD CON INTERNAMIENTO","condicion":"ACTIVO","actualizado":"2023/08/01 19:00:00.000","fuente":"MINSA","urlRenipr":"http://app20.susalud.gob.pe:8080/registro-renipress-webapp/ipress.htm?action=mostrarVer&idipress=00003543"}},{"type":"Feature","geometry":{"type":"Point","coordinates":[-74.19753499999996,-14.650364999999965]},"properties":{"objectid":32775,"nombre":"SAN JUAN DE LUCANAS","departamento":"AYACUCHO","provincia":"LUCANAS","distrito":"SAN JUAN","institucion":"GOBIERNO REGIONAL","codigoMinsa":7627,"direccion":"CALLE CALLE SIN NOMBRE DISTRITO SAN JUAN PROVINCIA LUCANAS DEPARTAMENTO AYACUCHO","disa":"AYACUCHO","red":"LUCANAS","microrred":"LUCANAS","categoria":"ESTABLECIMIENTO DE SALUD SIN INTERNAMIENTO","condicion":"ACTIVO","actualizado":"2023/08/01 19:00:00.000","fuente":"MINSA","urlRenipr":"http://app20.susalud.gob.pe:8080/registro-renipress-webapp/ipress.htm?action=mostrarVer&idipress=00007627"}},{"type":"Feature","geometry":{"type":"Point","coordinates":[-74.23244554999997,-13.159660009999982]},"properties":{"objectid":32776,"nombre":"BARRIOS ALTOS","departamento":"AYACUCHO","provincia":"HUAMANGA","distrito":"AYACUCHO","institucion":"GOBIERNO REGIONAL","codigoMinsa":3555,"direccion":"OTROS BARRIOS ALTOS MZ-B1 LOTE 03 BARRIOS ALTOS MZ-B1 LOTE 03 AYACUCHO HUAMANGA AYACUCHO","disa":"AYACUCHO","red":"HUAMANGA","microrred":"BELEN","categoria":"ESTABLECIMIENTO DE SALUD SIN INTERNAMIENTO","condicion":"ACTIVO","actualizado":"2023/08/01 19:00:00.000","fuente":"MINSA","urlRenipr":"http://app20.susalud.gob.pe:8080/registro-renipress-webapp/ipress.htm?action=mostrarVer&idipress=00003555"}},{"type":"Feature","geometry":{"type":"Point","coordinates":[-74.77065332999996,-14.336701669999968]},"properties":{"objectid":32777,"nombre":"PUESTO DE SALUD SAN JOSE DE TOMATE","departamento":"AYACUCHO","provincia":"LUCANAS","distrito":"OCAÑA","institucion":"GOBIERNO REGIONAL","codigoMinsa":3685,"direccion":"CALLE CALLE PRINCIPAL DISTRITO OCAÑA PROVINCIA LUCANAS DEPARTAMENTO AYACUCHO","disa":"AYACUCHO","red":"LUCANAS","microrred":"OCAÑA","categoria":"ESTABLECIMIENTO DE SALUD SIN INTERNAMIENTO","condicion":"ACTIVO","actualizado":"2023/08/01 19:00:00.000","fuente":"MINSA","urlRenipr":"http://app20.susalud.gob.pe:8080/registro-renipress-webapp/ipress.htm?action=mostrarVer&idipress=00003685"}},{"type":"Feature","geometry":{"type":"Point","coordinates":[-73.59048999999999,-14.75580832999998]},"properties":{"objectid":32778,"nombre":"PUESTO DE SALUD SANTIAGO DE PAUCARAY","departamento":"AYACUCHO","provincia":"SUCRE","distrito":"SANTIAGO DE PAUCARAY","institucion":"GOBIERNO REGIONAL","codigoMinsa":3816,"direccion":"AVENIDA AV. SAN FELIPE DISTRITO SANTIAGO DE PAUCARAY PROVINCIA SUCRE DEPARTAMENTO AYACUCHO","disa":"AYACUCHO","red":"AYACUCHO CENTRO","microrred":"SUCRE","categoria":"ESTABLECIMIENTO DE SALUD SIN INTERNAMIENTO","condicion":"ACTIVO","actualizado":"2023/08/01 19:00:00.000","fuente":"MINSA","urlRenipr":"http://app20.susalud.gob.pe:8080/registro-renipress-webapp/ipress.htm?action=mostrarVer&idipress=00003816"}},{"type":"Feature","geometry":{"type":"Point","coordinates":[-74.66314666999995,-14.812261669999941]},"properties":{"objectid":32779,"nombre":"NUEVO SANTIAGO","departamento":"AYACUCHO","provincia":"LUCANAS","distrito":"LEONCIO PRADO","institucion":"GOBIERNO REGIONAL","codigoMinsa":7628,"direccion":"OTROS CASERIO NUEVO SANTIAGO DISTRITO LEONCIO PRADO PROVINCIA LUCANAS DEPARTAMENTO AYACUCHO","disa":"AYACUCHO","red":"LUCANAS","microrred":"LUCANAS","categoria":"ESTABLECIMIENTO DE SALUD SIN INTERNAMIENTO","condicion":"ACTIVO","actualizado":"2023/08/01 19:00:00.000","fuente":"MINSA","urlRenipr":"http://app20.susalud.gob.pe:8080/registro-renipress-webapp/ipress.htm?action=mostrarVer&idipress=00007628"}},{"type":"Feature","geometry":{"type":"Point","coordinates":[-73.79914832999998,-14.251804999999933]},"properties":{"objectid":32780,"nombre":"PUESTO DE SALUD HUACO","departamento":"AYACUCHO","provincia":"SUCRE","distrito":"MORCOLLA","institucion":"GOBIERNO REGIONAL","codigoMinsa":3812,"direccion":"CARRETERA CARRETERA PRINCIPAL S/N NÚMERO S/N DISTRITO MORCOLLA PROVINCIA SUCRE DEPARTAMENTO AYACUCHO","disa":"AYACUCHO","red":"AYACUCHO CENTRO","microrred":"SUCRE","categoria":"ESTABLECIMIENTO DE SALUD SIN INTERNAMIENTO","condicion":"ACTIVO","actualizado":"2023/08/01 19:00:00.000","fuente":"MINSA","urlRenipr":"http://app20.susalud.gob.pe:8080/registro-renipress-webapp/ipress.htm?action=mostrarVer&idipress=00003812"}},{"type":"Feature","geometry":{"type":"Point","coordinates":[-73.34357524999996,-15.281021729999964]},"properties":{"objectid":32781,"nombre":"CENTRO DE SALUD PAUSA","departamento":"AYACUCHO","provincia":"PAUCAR DEL SARA SARA","distrito":"PAUSA","institucion":"GOBIERNO REGIONAL","codigoMinsa":3701,"direccion":"JIRÓN JR. CESAR VALLEJO Nº 600 DISTRITO PAUSA PROVINCIA PAUCAR DEL SARA SARA DEPARTAMENTO AYACUCHO","disa":"AYACUCHO","red":"CORACORA","microrred":"PAUSA","categoria":"ESTABLECIMIENTO DE SALUD SIN INTERNAMIENTO","condicion":"ACTIVO","actualizado":"2023/08/01 19:00:00.000","fuente":"MINSA","urlRenipr":"http://app20.susalud.gob.pe:8080/registro-renipress-webapp/ipress.htm?action=mostrarVer&idipress=00003701"}},{"type":"Feature","geometry":{"type":"Point","coordinates":[-74.00319832999998,-12.912769999999966]},"properties":{"objectid":32782,"nombre":"OSNO","departamento":"AYACUCHO","provincia":"LA MAR","distrito":"TAMBO","institucion":"GOBIERNO REGIONAL","codigoMinsa":3799,"direccion":"PLAZA PLAZA PRINCIPAL SAN SALVADOR DE OSNO DISTRITO TAMBO PROVINCIA LA MAR DEPARTAMENTO AYACUCHO","disa":"AYACUCHO","red":"SAN MIGUEL","microrred":"TAMBO","categoria":"ESTABLECIMIENTO DE SALUD SIN INTERNAMIENTO","condicion":"ACTIVO","actualizado":"2023/08/01 19:00:00.000","fuente":"MINSA","urlRenipr":"http://app20.susalud.gob.pe:8080/registro-renipress-webapp/ipress.htm?action=mostrarVer&idipress=00003799"}},{"type":"Feature","geometry":{"type":"Point","coordinates":[-73.94436108999997,-14.10275243999996]},"properties":{"objectid":32783,"nombre":"PUESTO DE SALUD CHIHUIRE","departamento":"AYACUCHO","provincia":"VICTOR FAJARDO","distrito":"ASQUIPATA","institucion":"GOBIERNO REGIONAL","codigoMinsa":3822,"direccion":"JIRÓN JR. AYACUCHO S/N - CHIHUIRE NÚMERO S/N DISTRITO ASQUIPATA PROVINCIA VICTOR FAJARDO DEPARTAMENTO AYACUCHO","disa":"AYACUCHO","red":"AYACUCHO CENTRO","microrred":"VICTOR FAJARDO","categoria":"ESTABLECIMIENTO DE SALUD SIN INTERNAMIENTO","condicion":"ACTIVO","actualizado":"2023/08/01 19:00:00.000","fuente":"MINSA","urlRenipr":"http://app20.susalud.gob.pe:8080/registro-renipress-webapp/ipress.htm?action=mostrarVer&idipress=00003822"}},{"type":"Feature","geometry":{"type":"Point","coordinates":[-73.34756999999996,-15.247054999999932]},"properties":{"objectid":32784,"nombre":"PUESTO DE SALUD MIRMACA","departamento":"AYACUCHO","provincia":"PAUCAR DEL SARA SARA","distrito":"PAUSA","institucion":"GOBIERNO REGIONAL","codigoMinsa":3704,"direccion":"CALLE CALLE SAN CRISTOBAL S/N NÚMERO S/N DISTRITO PAUSA PROVINCIA PAUCAR DEL SARA SARA DEPARTAMENTO AYACUCHO","disa":"AYACUCHO","red":"CORACORA","microrred":"PAUSA","categoria":"ESTABLECIMIENTO DE SALUD SIN INTERNAMIENTO","condicion":"ACTIVO","actualizado":"2023/08/01 19:00:00.000","fuente":"MINSA","urlRenipr":"http://app20.susalud.gob.pe:8080/registro-renipress-webapp/ipress.htm?action=mostrarVer&idipress=00003704"}},{"type":"Feature","geometry":{"type":"Point","coordinates":[-74.33578848999997,-13.92375463999997]},"properties":{"objectid":32785,"nombre":"CENTRO DE SALUD HUANCASANCOS","departamento":"AYACUCHO","provincia":"HUANCA SANCOS","distrito":"SANCOS","institucion":"GOBIERNO REGIONAL","codigoMinsa":3639,"direccion":"AVENIDA AV. MIGUEL GRAU S/N S/N AV. MIGUEL GRAU S/N SANCOS HUANCA SANCOS AYACUCHO","disa":"AYACUCHO","red":"AYACUCHO CENTRO","microrred":"HUANCASANCOS","categoria":"ESTABLECIMIENTO DE SALUD SIN INTERNAMIENTO","condicion":"ACTIVO","actualizado":"2023/08/01 19:00:00.000","fuente":"MINSA","urlRenipr":"http://app20.susalud.gob.pe:8080/registro-renipress-webapp/ipress.htm?action=mostrarVer&idipress=00003639"}},{"type":"Feature","geometry":{"type":"Point","coordinates":[-74.21531764999997,-13.05740574999993]},"properties":{"objectid":32786,"nombre":"PACAYCASA","departamento":"AYACUCHO","provincia":"HUAMANGA","distrito":"PACAYCASA","institucion":"GOBIERNO REGIONAL","codigoMinsa":3609,"direccion":"JIRÓN JR ESMERALDA DE LOS ANDES K-2 DISTRITO PACAYCASA PROVINCIA HUAMANGA DEPARTAMENTO AYACUCHO","disa":"AYACUCHO","red":"HUAMANGA","microrred":"MUYURINA","categoria":"ESTABLECIMIENTO DE SALUD SIN INTERNAMIENTO","condicion":"ACTIVO","actualizado":"2023/08/01 19:00:00.000","fuente":"MINSA","urlRenipr":"http://app20.susalud.gob.pe:8080/registro-renipress-webapp/ipress.htm?action=mostrarVer&idipress=00003609"}},{"type":"Feature","geometry":{"type":"Point","coordinates":[-73.48727832999998,-14.843583329999944]},"properties":{"objectid":32787,"nombre":"PUESTO DE SALUD CALPAMAYO","departamento":"AYACUCHO","provincia":"PARINACOCHAS","distrito":"UPAHUACHO","institucion":"GOBIERNO REGIONAL","codigoMinsa":3532,"direccion":"OTROS CALPAMAYO S/N NÚMERO S/N DISTRITO UPAHUACHO PROVINCIA PARINACOCHAS DEPARTAMENTO AYACUCHO","disa":"AYACUCHO","red":"CORACORA","microrred":"PACAPAUSA","categoria":"ESTABLECIMIENTO DE SALUD SIN INTERNAMIENTO","condicion":"ACTIVO","actualizado":"2023/08/01 19:00:00.000","fuente":"MINSA","urlRenipr":"http://app20.susalud.gob.pe:8080/registro-renipress-webapp/ipress.htm?action=mostrarVer&idipress=00003532"}},{"type":"Feature","geometry":{"type":"Point","coordinates":[-73.65917998999998,-14.447446229999969]},"properties":{"objectid":32788,"nombre":"SAN MARTIN DE PALLCCA","departamento":"AYACUCHO","provincia":"LUCANAS","distrito":"CHIPAO","institucion":"GOBIERNO REGIONAL","codigoMinsa":11482,"direccion":"OTROS CENTRO POBLADO DE PALLCCA S/N NÚMERO S/N DISTRITO CHIPAO PROVINCIA LUCANAS DEPARTAMENTO AYACUCHO","disa":"AYACUCHO","red":"LUCANAS","microrred":"ANDAMARCA","categoria":"ESTABLECIMIENTO DE SALUD SIN INTERNAMIENTO","condicion":"ACTIVO","actualizado":"2023/08/01 19:00:00.000","fuente":"MINSA","urlRenipr":"http://app20.susalud.gob.pe:8080/registro-renipress-webapp/ipress.htm?action=mostrarVer&idipress=00011482"}},{"type":"Feature","geometry":{"type":"Point","coordinates":[-73.98794322999998,-13.61949717999994]},"properties":{"objectid":32789,"nombre":"PUESTO DE SALUD POMACOCHA","departamento":"AYACUCHO","provincia":"VILCAS HUAMAN","distrito":"VISCHONGO","institucion":"GOBIERNO REGIONAL","codigoMinsa":6614,"direccion":"AVENIDA AV. CHANCAS S/N NÚMERO S/N DISTRITO VISCHONGO PROVINCIA VILCAS HUAMAN DEPARTAMENTO AYACUCHO","disa":"AYACUCHO","red":"AYACUCHO CENTRO","microrred":"VILCASHUAMAN","categoria":"ESTABLECIMIENTO DE SALUD SIN INTERNAMIENTO","condicion":"ACTIVO","actualizado":"2023/08/01 19:00:00.000","fuente":"MINSA","urlRenipr":"http://app20.susalud.gob.pe:8080/registro-renipress-webapp/ipress.htm?action=mostrarVer&idipress=00006614"}},{"type":"Feature","geometry":{"type":"Point","coordinates":[-73.67034166999997,-13.947861669999952]},"properties":{"objectid":32790,"nombre":"PUESTO DE SALUD VISTA ALEGRE - SUCRE","departamento":"AYACUCHO","provincia":"SUCRE","distrito":"SAN SALVADOR DE QUIJE","institucion":"GOBIERNO REGIONAL","codigoMinsa":6900,"direccion":"OTROS CENTRO POBLADO VISTA ALEGRE DISTRITO SAN SALVADOR DE QUIJE PROVINCIA SUCRE DEPARTAMENTO AYACUCHO","disa":"AYACUCHO","red":"AYACUCHO CENTRO","microrred":"SUCRE","categoria":"ESTABLECIMIENTO DE SALUD SIN INTERNAMIENTO","condicion":"ACTIVO","actualizado":"2023/08/01 19:00:00.000","fuente":"MINSA","urlRenipr":"http://app20.susalud.gob.pe:8080/registro-renipress-webapp/ipress.htm?action=mostrarVer&idipress=00006900"}},{"type":"Feature","geometry":{"type":"Point","coordinates":[-74.36176916999995,-12.58067774999995]},"properties":{"objectid":32791,"nombre":"PUESTO DE SALUD QOCHACC","departamento":"AYACUCHO","provincia":"HUANTA","distrito":"AYAHUANCO","institucion":"GOBIERNO REGIONAL","codigoMinsa":3673,"direccion":"PLAZA PLAZA PRINCIPAL DE QOCHACC DISTRITO AYAHUANCO PROVINCIA HUANTA DEPARTAMENTO AYACUCHO","disa":"AYACUCHO","red":"HUANTA","microrred":"VIRACOCHAN","categoria":"ESTABLECIMIENTO DE SALUD SIN INTERNAMIENTO","condicion":"ACTIVO","actualizado":"2023/08/01 19:00:00.000","fuente":"MINSA","urlRenipr":"http://app20.susalud.gob.pe:8080/registro-renipress-webapp/ipress.htm?action=mostrarVer&idipress=00003673"}},{"type":"Feature","geometry":{"type":"Point","coordinates":[-74.02644425999995,-13.686155979999967]},"properties":{"objectid":32792,"nombre":"PUESTO DE SALUD UMARO","departamento":"AYACUCHO","provincia":"VILCAS HUAMAN","distrito":"VISCHONGO","institucion":"GOBIERNO REGIONAL","codigoMinsa":3840,"direccion":"JIRÓN JJR.28 DE JULIO S/N NÚMERO S/N DISTRITO VISCHONGO PROVINCIA VILCAS HUAMAN DEPARTAMENTO AYACUCHO","disa":"AYACUCHO","red":"AYACUCHO CENTRO","microrred":"VICTOR FAJARDO","categoria":"ESTABLECIMIENTO DE SALUD SIN INTERNAMIENTO","condicion":"ACTIVO","actualizado":"2023/08/01 19:00:00.000","fuente":"MINSA","urlRenipr":"http://app20.susalud.gob.pe:8080/registro-renipress-webapp/ipress.htm?action=mostrarVer&idipress=00003840"}},{"type":"Feature","geometry":{"type":"Point","coordinates":[-73.46390504999994,-13.121505079999963]},"properties":{"objectid":32793,"nombre":"PUESTO DE SALUD VILLA AURORA","departamento":"AYACUCHO","provincia":"LA MAR","distrito":"CHUNGUI","institucion":"GOBIERNO REGIONAL","codigoMinsa":3786,"direccion":"OTROS NUEVA URBANIZACION AL COSTADO DE COLEGIO DISTRITO CHUNGUI PROVINCIA LA MAR DEPARTAMENTO AYACUCHO","disa":"AYACUCHO","red":"SAN MIGUEL","microrred":"CHUNGUI","categoria":"ESTABLECIMIENTO DE SALUD SIN INTERNAMIENTO","condicion":"ACTIVO","actualizado":"2023/08/01 19:00:00.000","fuente":"MINSA","urlRenipr":"http://app20.susalud.gob.pe:8080/registro-renipress-webapp/ipress.htm?action=mostrarVer&idipress=00003786"}},{"type":"Feature","geometry":{"type":"Point","coordinates":[-73.53229666999994,-13.287783329999968]},"properties":{"objectid":32794,"nombre":"PUESTO DE SALUD PALLCCA","departamento":"AYACUCHO","provincia":"LA MAR","distrito":"CHUNGUI","institucion":"GOBIERNO REGIONAL","codigoMinsa":3785,"direccion":"PLAZA PLAZA PRINCIPAL AL COSTADO DE LA I.E. DISTRITO CHUNGUI PROVINCIA LA MAR DEPARTAMENTO AYACUCHO","disa":"AYACUCHO","red":"SAN MIGUEL","microrred":"CHUNGUI","categoria":"ESTABLECIMIENTO DE SALUD SIN INTERNAMIENTO","condicion":"ACTIVO","actualizado":"2023/08/01 19:00:00.000","fuente":"MINSA","urlRenipr":"http://app20.susalud.gob.pe:8080/registro-renipress-webapp/ipress.htm?action=mostrarVer&idipress=00003785"}},{"type":"Feature","geometry":{"type":"Point","coordinates":[-73.57847832999994,-12.86312332999995]},"properties":{"objectid":32795,"nombre":"PUESTO DE SALUD ANCHIHUAY","departamento":"AYACUCHO","provincia":"LA MAR","distrito":"ANCHIHUAY","institucion":"GOBIERNO REGIONAL","codigoMinsa":3758,"direccion":"OTROS LTE 16 MZ K BARRIO PUERTO ASUNCION DISTRITO ANCHIHUAY PROVINCIA LA MAR DEPARTAMENTO AYACUCHO","disa":"AYACUCHO","red":"SAN FRANCISCO","microrred":"SAN MARTIN","categoria":"ESTABLECIMIENTO DE SALUD SIN INTERNAMIENTO","condicion":"ACTIVO","actualizado":"2023/08/01 19:00:00.000","fuente":"MINSA","urlRenipr":"http://app20.susalud.gob.pe:8080/registro-renipress-webapp/ipress.htm?action=mostrarVer&idipress=00003758"}},{"type":"Feature","geometry":{"type":"Point","coordinates":[-73.64151499999997,-12.792439999999942]},"properties":{"objectid":32796,"nombre":"PICHIHUILLCA","departamento":"AYACUCHO","provincia":"LA MAR","distrito":"SAMUGARI","institucion":"GOBIERNO REGIONAL","codigoMinsa":3751,"direccion":"OTROS PICHIHUILLCA MZ.H1 LTE.3 DISTRITO SAMUGARI PROVINCIA LA MAR DEPARTAMENTO AYACUCHO","disa":"AYACUCHO","red":"SAN FRANCISCO","microrred":"PALMAPAMPA","categoria":"ESTABLECIMIENTO DE SALUD SIN INTERNAMIENTO","condicion":"ACTIVO","actualizado":"2023/08/01 19:00:00.000","fuente":"MINSA","urlRenipr":"http://app20.susalud.gob.pe:8080/registro-renipress-webapp/ipress.htm?action=mostrarVer&idipress=00003751"}},{"type":"Feature","geometry":{"type":"Point","coordinates":[-73.59392332999994,-12.82346666999996]},"properties":{"objectid":32797,"nombre":"MONTERRICO","departamento":"AYACUCHO","provincia":"LA MAR","distrito":"SAMUGARI","institucion":"GOBIERNO REGIONAL","codigoMinsa":3750,"direccion":"CALLE CALLE PRINCIPAL MONTERRICO DISTRITO SAMUGARI PROVINCIA LA MAR DEPARTAMENTO AYACUCHO","disa":"AYACUCHO","red":"SAN FRANCISCO","microrred":"PALMAPAMPA","categoria":"ESTABLECIMIENTO DE SALUD SIN INTERNAMIENTO","condicion":"ACTIVO","actualizado":"2023/08/01 19:00:00.000","fuente":"MINSA","urlRenipr":"http://app20.susalud.gob.pe:8080/registro-renipress-webapp/ipress.htm?action=mostrarVer&idipress=00003750"}},{"type":"Feature","geometry":{"type":"Point","coordinates":[-74.27191999999997,-15.35734999999994]},"properties":{"objectid":32798,"nombre":"CENTRO DE SALUD SANTA FILOMENA","departamento":"AYACUCHO","provincia":"LUCANAS","distrito":"SANCOS","institucion":"GOBIERNO REGIONAL","codigoMinsa":3740,"direccion":"OTROS CASERIO MINERO S/N SANTA FILOMENA NÚMERO S/N DISTRITO SANCOS PROVINCIA LUCANAS DEPARTAMENTO AYACUCHO","disa":"AYACUCHO","red":"LUCANAS","microrred":"SANTA FILOMENA","categoria":"ESTABLECIMIENTO DE SALUD SIN INTERNAMIENTO","condicion":"ACTIVO","actualizado":"2023/08/01 19:00:00.000","fuente":"MINSA","urlRenipr":"http://app20.susalud.gob.pe:8080/registro-renipress-webapp/ipress.htm?action=mostrarVer&idipress=00003740"}},{"type":"Feature","geometry":{"type":"Point","coordinates":[-73.46456243999995,-15.216644389999942]},"properties":{"objectid":32799,"nombre":"PUESTO DE SALUD PARARCA","departamento":"AYACUCHO","provincia":"PAUCAR DEL SARA SARA","distrito":"PARARCA","institucion":"GOBIERNO REGIONAL","codigoMinsa":3705,"direccion":"JIRÓN JR. URUGUAY S/N NÚMERO S/N DISTRITO PARARCA PROVINCIA PAUCAR DEL SARA SARA DEPARTAMENTO AYACUCHO","disa":"AYACUCHO","red":"CORACORA","microrred":"PAUSA","categoria":"ESTABLECIMIENTO DE SALUD SIN INTERNAMIENTO","condicion":"ACTIVO","actualizado":"2023/08/01 19:00:00.000","fuente":"MINSA","urlRenipr":"http://app20.susalud.gob.pe:8080/registro-renipress-webapp/ipress.htm?action=mostrarVer&idipress=00003705"}},{"type":"Feature","geometry":{"type":"Point","coordinates":[-73.35720772999997,-15.349737639999944]},"properties":{"objectid":32800,"nombre":"PUESTO DE SALUD HUANCARA","departamento":"AYACUCHO","provincia":"PAUCAR DEL SARA SARA","distrito":"PAUSA","institucion":"GOBIERNO REGIONAL","codigoMinsa":3703,"direccion":"PLAZA PLAZA PRINCIPAL DE HUANCARA DISTRITO PAUSA PROVINCIA PAUCAR DEL SARA SARA DEPARTAMENTO AYACUCHO","disa":"AYACUCHO","red":"CORACORA","microrred":"PAUSA","categoria":"ESTABLECIMIENTO DE SALUD SIN INTERNAMIENTO","condicion":"ACTIVO","actualizado":"2023/08/01 19:00:00.000","fuente":"MINSA","urlRenipr":"http://app20.susalud.gob.pe:8080/registro-renipress-webapp/ipress.htm?action=mostrarVer&idipress=00003703"}},{"type":"Feature","geometry":{"type":"Point","coordinates":[-74.19763384999999,-13.16909443999998]},"properties":{"objectid":32801,"nombre":"CENTRO DE SALUD SANTA ELENA","departamento":"AYACUCHO","provincia":"HUAMANGA","distrito":"ANDRES AVELINO CACERES DORREGARAY","institucion":"GOBIERNO REGIONAL","codigoMinsa":3602,"direccion":"JIRÓN JR. LUCANAS S/N NÚMERO S/N DISTRITO ANDRES AVELINO CACERES D. PROVINCIA HUAMANGA DEPARTAMENTO AYACUCHO","disa":"AYACUCHO","red":"HUAMANGA","microrred":"SANTA ELENA","categoria":"ESTABLECIMIENTO DE SALUD SIN INTERNAMIENTO","condicion":"ACTIVO","actualizado":"2023/08/01 19:00:00.000","fuente":"MINSA","urlRenipr":"http://app20.susalud.gob.pe:8080/registro-renipress-webapp/ipress.htm?action=mostrarVer&idipress=00003602"}},{"type":"Feature","geometry":{"type":"Point","coordinates":[-74.21409268999997,-13.15537121999995]},"properties":{"objectid":32802,"nombre":"HOSPITAL JESUS NAZARENO","departamento":"AYACUCHO","provincia":"HUAMANGA","distrito":"JESUS NAZARENO","institucion":"GOBIERNO REGIONAL","codigoMinsa":3575,"direccion":"JIRÓN JR. CIRO ALEGRIA Nº 800 JR. CIRO ALEGRIA Nº 800 JESUS NAZARENO HUAMANGA AYACUCHO","disa":"AYACUCHO","red":"HUAMANGA","microrred":"NO PERTENECE A NINGUNA MICRORED","categoria":"ESTABLECIMIENTO DE SALUD CON INTERNAMIENTO","condicion":"ACTIVO","actualizado":"2023/08/01 19:00:00.000","fuente":"MINSA","urlRenipr":"http://app20.susalud.gob.pe:8080/registro-renipress-webapp/ipress.htm?action=mostrarVer&idipress=00003575"}},{"type":"Feature","geometry":{"type":"Point","coordinates":[-73.75183832999994,-15.096104999999966]},"properties":{"objectid":32803,"nombre":"CENTRO DE SALUD CHUMPI","departamento":"AYACUCHO","provincia":"PARINACOCHAS","distrito":"CHUMPI","institucion":"GOBIERNO REGIONAL","codigoMinsa":3519,"direccion":"JIRÓN JR. CONTISUYO S/N NÚMERO S/N DISTRITO CHUMPI PROVINCIA PARINACOCHAS DEPARTAMENTO AYACUCHO","disa":"AYACUCHO","red":"CORACORA","microrred":"CHUMPI","categoria":"ESTABLECIMIENTO DE SALUD SIN INTERNAMIENTO","condicion":"ACTIVO","actualizado":"2023/08/01 19:00:00.000","fuente":"MINSA","urlRenipr":"http://app20.susalud.gob.pe:8080/registro-renipress-webapp/ipress.htm?action=mostrarVer&idipress=00003519"}},{"type":"Feature","geometry":{"type":"Point","coordinates":[-74.16620832999996,-13.560866669999939]},"properties":{"objectid":32804,"nombre":"PUESTO DE SALUD INCARACCAY","departamento":"AYACUCHO","provincia":"CANGALLO","distrito":"CANGALLO","institucion":"GOBIERNO REGIONAL","codigoMinsa":3506,"direccion":"PLAZA PLAZA PRINCIPAL DE INCARACCAY DISTRITO CANGALLO PROVINCIA CANGALLO DEPARTAMENTO AYACUCHO","disa":"AYACUCHO","red":"AYACUCHO CENTRO","microrred":"PAMPA CANGALLO","categoria":"ESTABLECIMIENTO DE SALUD SIN INTERNAMIENTO","condicion":"ACTIVO","actualizado":"2023/08/01 19:00:00.000","fuente":"MINSA","urlRenipr":"http://app20.susalud.gob.pe:8080/registro-renipress-webapp/ipress.htm?action=mostrarVer&idipress=00003506"}},{"type":"Feature","geometry":{"type":"Point","coordinates":[-74.24481827999995,-12.937208809999959]},"properties":{"objectid":32860,"nombre":"CENTRO DE SALUD MENTAL COMUNITARIO BELLA ESMERALDA´´ - HUANTA","departamento":"AYACUCHO","provincia":"HUANTA","distrito":"HUANTA","institucion":"GOBIERNO REGIONAL","codigoMinsa":26014,"direccion":"JIRÓN ´MONTONEROS NÚMERO 140 PISO 1 DISTRITO HUANTA PROVINCIA HUANTA DEPARTAMENTO AYACUCHO","disa":"AYACUCHO","red":"HUANTA","microrred":"NO PERTENECE A NINGUNA MICRORED","categoria":"ESTABLECIMIENTO DE SALUD SIN INTERNAMIENTO","condicion":"ACTIVO","actualizado":"2023/08/01 19:00:00.000","fuente":"MINSA","urlRenipr":"http://app20.susalud.gob.pe:8080/registro-renipress-webapp/ipress.htm?action=mostrarVer&idipress=00026014"}},{"type":"Feature","geometry":{"type":"Point","coordinates":[-74.24541549999998,-12.944861799999956]},"properties":{"objectid":32872,"nombre":"CENTRO MEDICO SEÑOR DE MAYNAY","departamento":"AYACUCHO","provincia":"HUANTA","distrito":"HUANTA","institucion":"PRIVADO","codigoMinsa":28687,"direccion":"JIRÓN GONZALES VIGIL 222 FRENTE AL MINISTERIO DE TRANSPORTE DE HUANTA HUANTA HUANTA AYACUCHO","disa":"AYACUCHO","red":"NO PERTENECE A NINGUNA RED","microrred":"NO PERTENECE A NINGUNA MICRORED","categoria":"ESTABLECIMIENTO DE SALUD SIN INTERNAMIENTO","condicion":"ACTIVO","actualizado":"2023/08/01 19:00:00.000","fuente":"MINSA","urlRenipr":"http://app20.susalud.gob.pe:8080/registro-renipress-webapp/ipress.htm?action=mostrarVer&idipress=00028687"}},{"type":"Feature","geometry":{"type":"Point","coordinates":[-74.19566951999997,-13.55539910999994]},"properties":{"objectid":32898,"nombre":"CANGALLO","departamento":"AYACUCHO","provincia":"CANGALLO","distrito":"CANGALLO","institucion":"ESSALUD","codigoMinsa":11444,"direccion":"JIRÓN RIVADAVIA NÚMERO 2015 DISTRITO CANGALLO PROVINCIA CANGALLO DEPARTAMENTO AYACUCHO","disa":"AYACUCHO","red":"NO PERTENECE A NINGUNA RED","microrred":"NO PERTENECE A NINGUNA MICRORED","categoria":"ESTABLECIMIENTO DE SALUD SIN INTERNAMIENTO","condicion":"ACTIVO","actualizado":"2023/08/01 19:00:00.000","fuente":"MINSA","urlRenipr":"http://app20.susalud.gob.pe:8080/registro-renipress-webapp/ipress.htm?action=mostrarVer&idipress=00011444"}},{"type":"Feature","geometry":{"type":"Point","coordinates":[-74.22356409999998,-13.163873699999954]},"properties":{"objectid":33047,"nombre":"ONCOLAB","departamento":"AYACUCHO","provincia":"HUAMANGA","distrito":"AYACUCHO","institucion":"PRIVADO","codigoMinsa":26807,"direccion":"JIRÓN MANCO CAPAC N?ERO 160 PISO 1 INTERIOR 102 DISTRITO AYACUCHO PROVINCIA HUAMANGA DEPARTAMENTO AYACUCHO","disa":"AYACUCHO","red":"NO PERTENECE A NINGUNA RED","microrred":"NO PERTENECE A NINGUNA MICRORED","categoria":"SERVICIO MÉDICO DE APOYO","condicion":"ACTIVO","actualizado":"2023/08/01 19:00:00.000","fuente":"MINSA","urlRenipr":"http://app20.susalud.gob.pe:8080/registro-renipress-webapp/ipress.htm?action=mostrarVer&idipress=00026807"}},{"type":"Feature","geometry":{"type":"Point","coordinates":[-74.22356409999998,-13.163873699999954]},"properties":{"objectid":33194,"nombre":"CONSULTORIO MEDICO IMÁGENES DEL QAMPI","departamento":"AYACUCHO","provincia":"HUAMANGA","distrito":"AYACUCHO","institucion":"PRIVADO","codigoMinsa":28121,"direccion":"JIRÓN CARLOS FERNANDO VIVANCO NÚMERO 412 DISTRITO AYACUCHO PROVINCIA HUAMANGA DEPARTAMENTO AYACUCHO","disa":"AYACUCHO","red":"NO PERTENECE A NINGUNA RED","microrred":"NO PERTENECE A NINGUNA MICRORED","categoria":"ESTABLECIMIENTO DE SALUD SIN INTERNAMIENTO","condicion":"ACTIVO","actualizado":"2023/08/01 19:00:00.000","fuente":"MINSA","urlRenipr":"http://app20.susalud.gob.pe:8080/registro-renipress-webapp/ipress.htm?action=mostrarVer&idipress=00028121"}},{"type":"Feature","geometry":{"type":"Point","coordinates":[-74.20468944999999,-13.27136970999993]},"properties":{"objectid":33256,"nombre":"PUESTO DE SALUD CHIARA","departamento":"AYACUCHO","provincia":"HUAMANGA","distrito":"CHIARA","institucion":"GOBIERNO REGIONAL","codigoMinsa":3565,"direccion":"JIRÓN JR.SAN MARTIN S/N NÚMERO S/N DISTRITO CHIARA PROVINCIA HUAMANGA DEPARTAMENTO AYACUCHO","disa":"AYACUCHO","red":"HUAMANGA","microrred":"CHIARA","categoria":"ESTABLECIMIENTO DE SALUD SIN INTERNAMIENTO","condicion":"ACTIVO","actualizado":"2023/08/01 19:00:00.000","fuente":"MINSA","urlRenipr":"http://app20.susalud.gob.pe:8080/registro-renipress-webapp/ipress.htm?action=mostrarVer&idipress=00003565"}},{"type":"Feature","geometry":{"type":"Point","coordinates":[-74.20032309999993,-13.18963539999993]},"properties":{"objectid":33257,"nombre":"24 DE JUNIO","departamento":"AYACUCHO","provincia":"HUAMANGA","distrito":"SAN JUAN BAUTISTA","institucion":"GOBIERNO REGIONAL","codigoMinsa":29753,"direccion":"AVENIDA 24 DE JUNIO NÚMERO 278 PISO 1 DISTRITO SAN JUAN BAUTISTA PROVINCIA HUAMANGA DEPARTAMENTO AYACUCHO","disa":"AYACUCHO","red":"HUAMANGA","microrred":"SAN JUAN BAUTISTA","categoria":"ESTABLECIMIENTO DE SALUD SIN INTERNAMIENTO","condicion":"ACTIVO","actualizado":"2023/08/01 19:00:00.000","fuente":"MINSA","urlRenipr":"http://app20.susalud.gob.pe:8080/registro-renipress-webapp/ipress.htm?action=mostrarVer&idipress=00029753"}}]}