{"type":"FeatureCollection","features":[{"type":"Feature","geometry":{"type":"Point","coordinates":[-72.11679356999997,-13.383116279999967]},"properties":{"objectid":115,"nombre":"CRUZPATA","departamento":"CUSCO","provincia":"URUBAMBA","distrito":"MARAS","institucion":"GOBIERNO REGIONAL","codigoMinsa":10758,"direccion":"OTROS COMUNIDAD CRUZPATA S/N, MARAS, URUBAMBA, CUSCO S/N COMUNIDAD CRUZPATA S/N, MARAS, URUBAMBA, CUSCO MARAS URUBAMBA CUSCO","disa":"CUSCO","red":"CUSCO NORTE","microrred":"URUBAMBA","categoria":"ESTABLECIMIENTO DE SALUD SIN INTERNAMIENTO","condicion":"ACTIVO","actualizado":"2023/08/01 19:00:00.000","fuente":"MINSA","urlRenipr":"http://app20.susalud.gob.pe:8080/registro-renipress-webapp/ipress.htm?action=mostrarVer&idipress=00010758"}},{"type":"Feature","geometry":{"type":"Point","coordinates":[-71.78175149999998,-13.49051376999995]},"properties":{"objectid":116,"nombre":"SAN SALVADOR","departamento":"CUSCO","provincia":"CALCA","distrito":"SAN SALVADOR","institucion":"GOBIERNO REGIONAL","codigoMinsa":2352,"direccion":"CARRETERA CARRETERA PISAC - SAN SALVADOR SIN NUMERO / SAN SALVADOR / CALCA / CUSCO CARRETERA PISAC - SAN SALVADOR SIN NUMERO / SAN SALVADOR / CALCA / CUSCO SAN SALVADOR CALCA CUSCO","disa":"CUSCO","red":"CUSCO NORTE","microrred":"PISAC","categoria":"ESTABLECIMIENTO DE SALUD SIN INTERNAMIENTO","condicion":"ACTIVO","actualizado":"2023/08/01 19:00:00.000","fuente":"MINSA","urlRenipr":"http://app20.susalud.gob.pe:8080/registro-renipress-webapp/ipress.htm?action=mostrarVer&idipress=00002352"}},{"type":"Feature","geometry":{"type":"Point","coordinates":[-72.02793651999997,-13.309732959999963]},"properties":{"objectid":117,"nombre":"HUARAN","departamento":"CUSCO","provincia":"CALCA","distrito":"CALCA","institucion":"GOBIERNO REGIONAL","codigoMinsa":10759,"direccion":"OTROS COMUNIDAD HUARAN S/N S/N COMUNIDAD HUARAN S/N CALCA CALCA CUSCO","disa":"CUSCO","red":"CUSCO NORTE","microrred":"CALCA","categoria":"ESTABLECIMIENTO DE SALUD SIN INTERNAMIENTO","condicion":"ACTIVO","actualizado":"2023/08/01 19:00:00.000","fuente":"MINSA","urlRenipr":"http://app20.susalud.gob.pe:8080/registro-renipress-webapp/ipress.htm?action=mostrarVer&idipress=00010759"}},{"type":"Feature","geometry":{"type":"Point","coordinates":[-72.40742503999996,-12.621308159999955]},"properties":{"objectid":118,"nombre":"QUESQUENTO","departamento":"CUSCO","provincia":"CALCA","distrito":"YANATILE","institucion":"GOBIERNO REGIONAL","codigoMinsa":2360,"direccion":"CARRETERA CARRETERA CALCA - QUELLOUNO LOCALIDAD QUESQUENTO / YANATILE / CALCA / CUSCO DISTRITO YANATILE PROVINCIA CALCA DEPARTAMENTO CUSCO","disa":"CUSCO","red":"CUSCO NORTE","microrred":"YANATILE","categoria":"ESTABLECIMIENTO DE SALUD SIN INTERNAMIENTO","condicion":"ACTIVO","actualizado":"2023/08/01 19:00:00.000","fuente":"MINSA","urlRenipr":"http://app20.susalud.gob.pe:8080/registro-renipress-webapp/ipress.htm?action=mostrarVer&idipress=00002360"}},{"type":"Feature","geometry":{"type":"Point","coordinates":[-71.90050451999997,-13.387386429999935]},"properties":{"objectid":119,"nombre":"COYA","departamento":"CUSCO","provincia":"CALCA","distrito":"COYA","institucion":"GOBIERNO REGIONAL","codigoMinsa":2343,"direccion":"CALLE CALLE JOSE BALTA N° 126 / COYA / CALCA / CUSCO DISTRITO COYA PROVINCIA CALCA DEPARTAMENTO CUSCO","disa":"CUSCO","red":"CUSCO NORTE","microrred":"PISAC","categoria":"ESTABLECIMIENTO DE SALUD SIN INTERNAMIENTO","condicion":"ACTIVO","actualizado":"2023/08/01 19:00:00.000","fuente":"MINSA","urlRenipr":"http://app20.susalud.gob.pe:8080/registro-renipress-webapp/ipress.htm?action=mostrarVer&idipress=00002343"}},{"type":"Feature","geometry":{"type":"Point","coordinates":[-71.95977695999994,-13.53236064999993]},"properties":{"objectid":120,"nombre":"TTIO","departamento":"CUSCO","provincia":"CUSCO","distrito":"WANCHAQ","institucion":"GOBIERNO REGIONAL","codigoMinsa":2316,"direccion":"AVENIDA AVENIDA 28 DE JULIO S/N LOTE E URBANIZACION TTIO/CUSCO S/N AVENIDA 28 DE JULIO S/N LOTE E URBANIZACION TTIO/CUSCO WANCHAQ CUSCO CUSCO","disa":"CUSCO","red":"CUSCO NORTE","microrred":"WANCHAQ","categoria":"ESTABLECIMIENTO DE SALUD SIN INTERNAMIENTO","condicion":"ACTIVO","actualizado":"2023/08/01 19:00:00.000","fuente":"MINSA","urlRenipr":"http://app20.susalud.gob.pe:8080/registro-renipress-webapp/ipress.htm?action=mostrarVer&idipress=00002316"}},{"type":"Feature","geometry":{"type":"Point","coordinates":[-71.99187540999998,-13.523986369999932]},"properties":{"objectid":121,"nombre":"INDEPENDENCIA","departamento":"CUSCO","provincia":"CUSCO","distrito":"CUSCO","institucion":"GOBIERNO REGIONAL","codigoMinsa":2292,"direccion":"CALLE CALLE VENEZUELA S/N INDEPENDENCIA / SANTIAGO / CUSCO S/N CALLE VENEZUELA S/N INDEPENDENCIA / SANTIAGO / CUSCO CUSCO CUSCO CUSCO","disa":"CUSCO","red":"CUSCO NORTE","microrred":"BELEMPAMPA","categoria":"ESTABLECIMIENTO DE SALUD SIN INTERNAMIENTO","condicion":"ACTIVO","actualizado":"2023/08/01 19:00:00.000","fuente":"MINSA","urlRenipr":"http://app20.susalud.gob.pe:8080/registro-renipress-webapp/ipress.htm?action=mostrarVer&idipress=00002292"}},{"type":"Feature","geometry":{"type":"Point","coordinates":[-72.69072612999997,-12.869390479999936]},"properties":{"objectid":220,"nombre":"SR DE TORRECHAYOC","departamento":"CUSCO","provincia":"LA CONVENCION","distrito":"SANTA ANA","institucion":"PRIVADO","codigoMinsa":26080,"direccion":"JIRÓN 25 DE JULIO MANZANA B LOTE 15 DISTRITO SANTA ANA PROVINCIA LA CONVENCION DEPARTAMENTO CUSCO","disa":"CUSCO","red":"NO PERTENECE A NINGUNA RED","microrred":"NO PERTENECE A NINGUNA MICRORED","categoria":"ESTABLECIMIENTO DE SALUD CON INTERNAMIENTO","condicion":"ACTIVO","actualizado":"2023/08/01 19:00:00.000","fuente":"MINSA","urlRenipr":"http://app20.susalud.gob.pe:8080/registro-renipress-webapp/ipress.htm?action=mostrarVer&idipress=00026080"}},{"type":"Feature","geometry":{"type":"Point","coordinates":[-73.04616910999994,-12.647631879999949]},"properties":{"objectid":5223,"nombre":"S.O.S. CUSCO- KITENI","departamento":"CUSCO","provincia":"LA CONVENCION","distrito":"ECHARATE","institucion":"PRIVADO","codigoMinsa":23389,"direccion":"AVENIDA JOHAN WISSE A14 CENTRO POBLADO KITENI DISTRITO ECHARATE PROVINCIA LA CONVENCION DEPARTAMENTO CUSCO","disa":"CUSCO","red":"NO PERTENECE A NINGUNA RED","microrred":"NO PERTENECE A NINGUNA MICRORED","categoria":"ESTABLECIMIENTO DE SALUD SIN INTERNAMIENTO","condicion":"ACTIVO","actualizado":"2023/08/01 19:00:00.000","fuente":"MINSA","urlRenipr":"http://app20.susalud.gob.pe:8080/registro-renipress-webapp/ipress.htm?action=mostrarVer&idipress=00023389"}},{"type":"Feature","geometry":{"type":"Point","coordinates":[-71.98417069999994,-13.528013499999929]},"properties":{"objectid":5698,"nombre":"MEDISANA","departamento":"CUSCO","provincia":"CUSCO","distrito":"SANTIAGO","institucion":"PRIVADO","codigoMinsa":30736,"direccion":"CALLE VICTORIA PALESTINA NÚMERO 15 PISO 1 LOTE A DISTRITO SANTIAGO PROVINCIA CUSCO DEPARTAMENTO CUSCO","disa":"CUSCO","red":"","microrred":"","categoria":"ESTABLECIMIENTO DE SALUD SIN INTERNAMIENTO","condicion":"ACTIVO","actualizado":"2023/08/01 19:00:00.000","fuente":"MINSA","urlRenipr":"http://app20.susalud.gob.pe:8080/registro-renipress-webapp/ipress.htm?action=mostrarVer&idipress=00030736"}},{"type":"Feature","geometry":{"type":"Point","coordinates":[-71.95306006999994,-13.536465389999933]},"properties":{"objectid":23920,"nombre":"SUMAK DENTAL","departamento":"CUSCO","provincia":"CUSCO","distrito":"WANCHAQ","institucion":"PRIVADO","codigoMinsa":30906,"direccion":"URBANIZACIÓN KENNEDY B MANZANA E LOTE 6 DISTRITO WANCHAQ PROVINCIA CUSCO DEPARTAMENTO CUSCO","disa":"CUSCO","red":"","microrred":"","categoria":"ESTABLECIMIENTO DE SALUD SIN INTERNAMIENTO","condicion":"ACTIVO","actualizado":"2023/08/01 19:00:00.000","fuente":"MINSA","urlRenipr":"http://app20.susalud.gob.pe:8080/registro-renipress-webapp/ipress.htm?action=mostrarVer&idipress=00030906"}},{"type":"Feature","geometry":{"type":"Point","coordinates":[-71.97739059999998,-13.519933699999967]},"properties":{"objectid":684,"nombre":"DENTAL SAN JOSE SAC","departamento":"CUSCO","provincia":"CUSCO","distrito":"CUSCO","institucion":"PRIVADO","codigoMinsa":16408,"direccion":"AVENIDA AV. EL SOL #346 OFICINA #303-CUSCO DISTRITO CUSCO PROVINCIA CUSCO DEPARTAMENTO CUSCO","disa":"CUSCO","red":"NO PERTENECE A NINGUNA RED","microrred":"NO PERTENECE A NINGUNA MICRORED","categoria":"ESTABLECIMIENTO DE SALUD SIN INTERNAMIENTO","condicion":"ACTIVO","actualizado":"2023/08/01 19:00:00.000","fuente":"MINSA","urlRenipr":"http://app20.susalud.gob.pe:8080/registro-renipress-webapp/ipress.htm?action=mostrarVer&idipress=00016408"}},{"type":"Feature","geometry":{"type":"Point","coordinates":[-71.96171193999999,-13.531866549999961]},"properties":{"objectid":29965,"nombre":"ODONTOCUSCO","departamento":"CUSCO","provincia":"CUSCO","distrito":"WANCHAQ","institucion":"PRIVADO","codigoMinsa":17549,"direccion":"AVENIDA AV. 28 DE JULIO , URB. LA FLORIDA K - 4 DISTRITO WANCHAQ PROVINCIA CUSCO DEPARTAMENTO CUSCO","disa":"CUSCO","red":"NO PERTENECE A NINGUNA RED","microrred":"NO PERTENECE A NINGUNA MICRORED","categoria":"ESTABLECIMIENTO DE SALUD SIN INTERNAMIENTO","condicion":"ACTIVO","actualizado":"2023/08/01 19:00:00.000","fuente":"MINSA","urlRenipr":"http://app20.susalud.gob.pe:8080/registro-renipress-webapp/ipress.htm?action=mostrarVer&idipress=00017549"}},{"type":"Feature","geometry":{"type":"Point","coordinates":[-71.96716218999995,-13.526275469999973]},"properties":{"objectid":759,"nombre":"MI NUEVA LUZ","departamento":"CUSCO","provincia":"CUSCO","distrito":"WANCHAQ","institucion":"PRIVADO","codigoMinsa":30035,"direccion":"JIRÓN IQUITOS NÚMERO 1006 MANZANA B URBANIZACIÓN FIDERANDA DISTRITO WANCHAQ PROVINCIA CUSCO DEPARTAMENTO CUSCO","disa":"CUSCO","red":"","microrred":"","categoria":"ESTABLECIMIENTO DE SALUD SIN INTERNAMIENTO","condicion":"ACTIVO","actualizado":"2023/08/01 19:00:00.000","fuente":"MINSA","urlRenipr":"http://app20.susalud.gob.pe:8080/registro-renipress-webapp/ipress.htm?action=mostrarVer&idipress=00030035"}},{"type":"Feature","geometry":{"type":"Point","coordinates":[-71.94743185999994,-13.526311979999946]},"properties":{"objectid":565,"nombre":"DENTAL HAOC","departamento":"CUSCO","provincia":"CUSCO","distrito":"CUSCO","institucion":"PRIVADO","codigoMinsa":17320,"direccion":"AVENIDA AV. HUMBERTO VIDAL UNDA 530 (MZ I LT. 2B) URB. MAGISTERIAL 2DA ETAPA DISTRITO CUSCO PROVINCIA CUSCO DEPARTAMENTO CUSCO","disa":"CUSCO","red":"NO PERTENECE A NINGUNA RED","microrred":"NO PERTENECE A NINGUNA MICRORED","categoria":"ESTABLECIMIENTO DE SALUD SIN INTERNAMIENTO","condicion":"ACTIVO","actualizado":"2023/08/01 19:00:00.000","fuente":"MINSA","urlRenipr":"http://app20.susalud.gob.pe:8080/registro-renipress-webapp/ipress.htm?action=mostrarVer&idipress=00017320"}},{"type":"Feature","geometry":{"type":"Point","coordinates":[-71.96746259999998,-13.531949999999938]},"properties":{"objectid":518,"nombre":"ODONTOLIT","departamento":"CUSCO","provincia":"CUSCO","distrito":"CUSCO","institucion":"PRIVADO","codigoMinsa":28219,"direccion":"CALLE BELEN OFICINA 202 NÚMERO 572 PISO 2 LOTE B DISTRITO CUSCO PROVINCIA CUSCO DEPARTAMENTO CUSCO","disa":"CUSCO","red":"NO PERTENECE A NINGUNA RED","microrred":"NO PERTENECE A NINGUNA MICRORED","categoria":"ESTABLECIMIENTO DE SALUD SIN INTERNAMIENTO","condicion":"ACTIVO","actualizado":"2023/08/01 19:00:00.000","fuente":"MINSA","urlRenipr":"http://app20.susalud.gob.pe:8080/registro-renipress-webapp/ipress.htm?action=mostrarVer&idipress=00028219"}},{"type":"Feature","geometry":{"type":"Point","coordinates":[-71.96116414999995,-13.523879099999931]},"properties":{"objectid":915,"nombre":"EL ROBLE","departamento":"CUSCO","provincia":"CUSCO","distrito":"WANCHAQ","institucion":"PRIVADO","codigoMinsa":17207,"direccion":"AVENIDA AV. MICAELA BASTIDAS N° 258-8VO PISO,OFICINA 803 DISTRITO WANCHAQ PROVINCIA CUSCO DEPARTAMENTO CUSCO","disa":"","red":"","microrred":"","categoria":"ESTABLECIMIENTO DE SALUD SIN INTERNAMIENTO","condicion":"RUC INACTIVO EN SUNAT","actualizado":"2023/08/01 19:00:00.000","fuente":"MINSA","urlRenipr":"http://app20.susalud.gob.pe:8080/registro-renipress-webapp/ipress.htm?action=mostrarVer&idipress=00017207"}},{"type":"Feature","geometry":{"type":"Point","coordinates":[-73.86725050999996,-12.242790149999962]},"properties":{"objectid":967,"nombre":"PITIRINQUINI","departamento":"CUSCO","provincia":"LA CONVENCION","distrito":"PICHARI","institucion":"GOBIERNO REGIONAL","codigoMinsa":15169,"direccion":"AVENIDA AV PRINCIPAL PITIRINQUINI AV PRINCIPAL PITIRINQUINI PICHARI LA CONVENCION CUSCO","disa":"CUSCO","red":"KIMBIRI PICHARI","microrred":"PICHARI","categoria":"ESTABLECIMIENTO DE SALUD SIN INTERNAMIENTO","condicion":"ACTIVO","actualizado":"2023/08/01 19:00:00.000","fuente":"MINSA","urlRenipr":"http://app20.susalud.gob.pe:8080/registro-renipress-webapp/ipress.htm?action=mostrarVer&idipress=00015169"}},{"type":"Feature","geometry":{"type":"Point","coordinates":[-71.96629731999997,-13.529359069999941]},"properties":{"objectid":1009,"nombre":"ODONTOLASER CUSCO","departamento":"CUSCO","provincia":"CUSCO","distrito":"WANCHAQ","institucion":"PRIVADO","codigoMinsa":26015,"direccion":"URBANIZACIÓN Mateo pumacahua NÚMERO 22 MANZANA H LOTE 22 DISTRITO WANCHAQ PROVINCIA CUSCO DEPARTAMENTO CUSCO","disa":"CUSCO","red":"NO PERTENECE A NINGUNA RED","microrred":"NO PERTENECE A NINGUNA MICRORED","categoria":"ESTABLECIMIENTO DE SALUD SIN INTERNAMIENTO","condicion":"ACTIVO","actualizado":"2023/08/01 19:00:00.000","fuente":"MINSA","urlRenipr":"http://app20.susalud.gob.pe:8080/registro-renipress-webapp/ipress.htm?action=mostrarVer&idipress=00026015"}},{"type":"Feature","geometry":{"type":"Point","coordinates":[-71.96249637999995,-13.522649219999948]},"properties":{"objectid":1299,"nombre":"LC","departamento":"CUSCO","provincia":"CUSCO","distrito":"WANCHAQ","institucion":"PRIVADO","codigoMinsa":28191,"direccion":"AVENIDA DE LA CULTURA NÚMERO 812 PISO 1 DISTRITO WANCHAQ PROVINCIA CUSCO DEPARTAMENTO CUSCO","disa":"CUSCO","red":"NO PERTENECE A NINGUNA RED","microrred":"NO PERTENECE A NINGUNA MICRORED","categoria":"ESTABLECIMIENTO DE SALUD SIN INTERNAMIENTO","condicion":"ACTIVO","actualizado":"2023/08/01 19:00:00.000","fuente":"MINSA","urlRenipr":"http://app20.susalud.gob.pe:8080/registro-renipress-webapp/ipress.htm?action=mostrarVer&idipress=00028191"}},{"type":"Feature","geometry":{"type":"Point","coordinates":[-72.71871999999996,-13.331551669999953]},"properties":{"objectid":1359,"nombre":"TOTORA","departamento":"CUSCO","provincia":"LA CONVENCION","distrito":"SANTA TERESA","institucion":"GOBIERNO REGIONAL","codigoMinsa":2478,"direccion":"OTROS TOTORA / SANTA TERESA / LA CONVENCION / CUSCO TOTORA / SANTA TERESA / LA CONVENCION / CUSCO SANTA TERESA LA CONVENCION CUSCO","disa":"CUSCO","red":"LA CONVENCION","microrred":"MARANURA","categoria":"ESTABLECIMIENTO DE SALUD SIN INTERNAMIENTO","condicion":"ACTIVO","actualizado":"2023/08/01 19:00:00.000","fuente":"MINSA","urlRenipr":"http://app20.susalud.gob.pe:8080/registro-renipress-webapp/ipress.htm?action=mostrarVer&idipress=00002478"}},{"type":"Feature","geometry":{"type":"Point","coordinates":[-73.03164202999994,-11.45033178999995]},"properties":{"objectid":1360,"nombre":"NUEVA LUZ","departamento":"CUSCO","provincia":"LA CONVENCION","distrito":"MEGANTONI","institucion":"GOBIERNO REGIONAL","codigoMinsa":2436,"direccion":"OTROS COMUNIDAD NATIVA NUEVA LUZ S/N MEGANTONI LA CONVENCION CUSCO","disa":"CUSCO","red":"LA CONVENCION","microrred":"KAMISEA","categoria":"ESTABLECIMIENTO DE SALUD SIN INTERNAMIENTO","condicion":"ACTIVO","actualizado":"2023/08/01 19:00:00.000","fuente":"MINSA","urlRenipr":"http://app20.susalud.gob.pe:8080/registro-renipress-webapp/ipress.htm?action=mostrarVer&idipress=00002436"}},{"type":"Feature","geometry":{"type":"Point","coordinates":[-71.96110649999997,-13.523291399999948]},"properties":{"objectid":1431,"nombre":"SANTA FE MÉDICOS","departamento":"CUSCO","provincia":"CUSCO","distrito":"WANCHAQ","institucion":"PRIVADO","codigoMinsa":27176,"direccion":"AVENIDA LOS INCAS N?ERO 827 PISO 5 DEPARTAMENTO 504 DISTRITO WANCHAQ PROVINCIA CUSCO DEPARTAMENTO CUSCO","disa":"CUSCO","red":"NO PERTENECE A NINGUNA RED","microrred":"NO PERTENECE A NINGUNA MICRORED","categoria":"ESTABLECIMIENTO DE SALUD SIN INTERNAMIENTO","condicion":"ACTIVO","actualizado":"2023/08/01 19:00:00.000","fuente":"MINSA","urlRenipr":"http://app20.susalud.gob.pe:8080/registro-renipress-webapp/ipress.htm?action=mostrarVer&idipress=00027176"}},{"type":"Feature","geometry":{"type":"Point","coordinates":[-71.93965849999995,-13.528083199999969]},"properties":{"objectid":1438,"nombre":"ANGLOLAB S.A.","departamento":"CUSCO","provincia":"CUSCO","distrito":"WANCHAQ","institucion":"PRIVADO","codigoMinsa":10358,"direccion":"AVENIDA AV.CULTURA 1214 3ER PISO OF.301 AV.CULTURA 1214 3ER PISO OF.301 WANCHAQ CUSCO CUSCO","disa":"CUSCO","red":"NO PERTENECE A NINGUNA RED","microrred":"NO PERTENECE A NINGUNA MICRORED","categoria":"SERVICIO MÉDICO DE APOYO","condicion":"ACTIVO","actualizado":"2023/08/01 19:00:00.000","fuente":"MINSA","urlRenipr":"http://app20.susalud.gob.pe:8080/registro-renipress-webapp/ipress.htm?action=mostrarVer&idipress=00010358"}},{"type":"Feature","geometry":{"type":"Point","coordinates":[-71.96215095999997,-13.523525629999938]},"properties":{"objectid":1489,"nombre":"EUSALUD","departamento":"CUSCO","provincia":"CUSCO","distrito":"WANCHAQ","institucion":"PRIVADO","codigoMinsa":25472,"direccion":"AVENIDA MICAELA BASTIDAS NÚMERO 321 PISO 1 DISTRITO WANCHAQ PROVINCIA CUSCO DEPARTAMENTO CUSCO","disa":"CUSCO","red":"NO PERTENECE A NINGUNA RED","microrred":"NO PERTENECE A NINGUNA MICRORED","categoria":"ESTABLECIMIENTO DE SALUD SIN INTERNAMIENTO","condicion":"ACTIVO","actualizado":"2023/08/01 19:00:00.000","fuente":"MINSA","urlRenipr":"http://app20.susalud.gob.pe:8080/registro-renipress-webapp/ipress.htm?action=mostrarVer&idipress=00025472"}},{"type":"Feature","geometry":{"type":"Point","coordinates":[-71.95803489999997,-13.524401599999976]},"properties":{"objectid":1656,"nombre":"EXALTACION CUSCO","departamento":"CUSCO","provincia":"CUSCO","distrito":"WANCHAQ","institucion":"PRIVADO","codigoMinsa":25202,"direccion":"AVENIDA LOS INCAS NÚMERO 710 PISO 1 DEPARTAMENTO 105 DISTRITO WANCHAQ PROVINCIA CUSCO DEPARTAMENTO CUSCO","disa":"CUSCO","red":"NO PERTENECE A NINGUNA RED","microrred":"NO PERTENECE A NINGUNA MICRORED","categoria":"ESTABLECIMIENTO DE SALUD SIN INTERNAMIENTO","condicion":"ACTIVO","actualizado":"2023/08/01 19:00:00.000","fuente":"MINSA","urlRenipr":"http://app20.susalud.gob.pe:8080/registro-renipress-webapp/ipress.htm?action=mostrarVer&idipress=00025202"}},{"type":"Feature","geometry":{"type":"Point","coordinates":[-71.96746259999998,-13.531949999999938]},"properties":{"objectid":1665,"nombre":"TUPAC AMARU","departamento":"CUSCO","provincia":"CUSCO","distrito":"SAN SEBASTIAN","institucion":"GOBIERNO REGIONAL","codigoMinsa":25210,"direccion":"CALLE TINTA 241 TUPAC AMARU INGRESO POR PARADERO ENACO DETRAS DEL POLICLINICO DE LA POLICIA NACIONAL DEL PERU - URBANIZACION TUPAC AMARU SAN SEBASTIAN CUSCO SAN SEBASTIAN CUSCO CUSCO","disa":"CUSCO","red":"CUSCO SUR","microrred":"NO PERTENECE A NINGUNA MICRORED","categoria":"ESTABLECIMIENTO DE SALUD CON INTERNAMIENTO","condicion":"ACTIVO","actualizado":"2023/08/01 19:00:00.000","fuente":"MINSA","urlRenipr":"http://app20.susalud.gob.pe:8080/registro-renipress-webapp/ipress.htm?action=mostrarVer&idipress=00025210"}},{"type":"Feature","geometry":{"type":"Point","coordinates":[-71.73937609999996,-13.329409599999963]},"properties":{"objectid":1666,"nombre":"TOCRA","departamento":"CUSCO","provincia":"PAUCARTAMBO","distrito":"COLQUEPATA","institucion":"GOBIERNO REGIONAL","codigoMinsa":6979,"direccion":"OTROS BARRIO CENTRAL COMUNIDAD TOCRA / COLQUEPATA / PAUCARTAMBO / CUSCO BARRIO CENTRAL COMUNIDAD TOCRA / COLQUEPATA / PAUCARTAMBO / CUSCO COLQUEPATA PAUCARTAMBO CUSCO","disa":"CUSCO","red":"CUSCO SUR","microrred":"PAUCARTAMBO","categoria":"ESTABLECIMIENTO DE SALUD SIN INTERNAMIENTO","condicion":"ACTIVO","actualizado":"2023/08/01 19:00:00.000","fuente":"MINSA","urlRenipr":"http://app20.susalud.gob.pe:8080/registro-renipress-webapp/ipress.htm?action=mostrarVer&idipress=00006979"}},{"type":"Feature","geometry":{"type":"Point","coordinates":[-71.32332575999999,-13.666952159999937]},"properties":{"objectid":1667,"nombre":"TINKI","departamento":"CUSCO","provincia":"QUISPICANCHI","distrito":"OCONGATE","institucion":"GOBIERNO REGIONAL","codigoMinsa":6977,"direccion":"OTROS CENTRO POBLADO DE TINKI / OCONGATE / QUISPICANCHI / CUSCO DISTRITO OCONGATE PROVINCIA QUISPICANCHI DEPARTAMENTO CUSCO","disa":"CUSCO","red":"CUSCO SUR","microrred":"OCONGATE","categoria":"ESTABLECIMIENTO DE SALUD SIN INTERNAMIENTO","condicion":"ACTIVO","actualizado":"2023/08/01 19:00:00.000","fuente":"MINSA","urlRenipr":"http://app20.susalud.gob.pe:8080/registro-renipress-webapp/ipress.htm?action=mostrarVer&idipress=00006977"}},{"type":"Feature","geometry":{"type":"Point","coordinates":[-71.38697551999996,-13.626820859999953]},"properties":{"objectid":1668,"nombre":"OCONGATE","departamento":"CUSCO","provincia":"QUISPICANCHI","distrito":"OCONGATE","institucion":"GOBIERNO REGIONAL","codigoMinsa":2536,"direccion":"CALLE CALLE LAGUNILLAS S/N / OCONGATE / QUISPICANCHI / CUSCO S/N CALLE LAGUNILLAS S/N / OCONGATE / QUISPICANCHI / CUSCO OCONGATE QUISPICANCHI CUSCO","disa":"CUSCO","red":"CUSCO SUR","microrred":"OCONGATE","categoria":"ESTABLECIMIENTO DE SALUD CON INTERNAMIENTO","condicion":"ACTIVO","actualizado":"2023/08/01 19:00:00.000","fuente":"MINSA","urlRenipr":"http://app20.susalud.gob.pe:8080/registro-renipress-webapp/ipress.htm?action=mostrarVer&idipress=00002536"}},{"type":"Feature","geometry":{"type":"Point","coordinates":[-71.87056332999998,-14.347801669999967]},"properties":{"objectid":1777,"nombre":"CCONCHACCOLLO","departamento":"CUSCO","provincia":"CHUMBIVILCAS","distrito":"CHAMACA","institucion":"GOBIERNO REGIONAL","codigoMinsa":16330,"direccion":"OTROS COMUNIDAD CAMPESINA DE CCONCHACCOLLO,DISTRITO DE CHAMACA, PROVICNCIA CHUMBIVILCAS DISTRITO CHAMACA PROVINCIA CHUMBIVILCAS DEPARTAMENTO CUSCO","disa":"CUSCO","red":"CHUMBIVILCAS","microrred":"LIVITACA","categoria":"ESTABLECIMIENTO DE SALUD SIN INTERNAMIENTO","condicion":"ACTIVO","actualizado":"2023/08/01 19:00:00.000","fuente":"MINSA","urlRenipr":"http://app20.susalud.gob.pe:8080/registro-renipress-webapp/ipress.htm?action=mostrarVer&idipress=00016330"}},{"type":"Feature","geometry":{"type":"Point","coordinates":[-72.24138832999995,-14.588174999999978]},"properties":{"objectid":1778,"nombre":"COLLPA","departamento":"CUSCO","provincia":"CHUMBIVILCAS","distrito":"LLUSCO","institucion":"GOBIERNO REGIONAL","codigoMinsa":6748,"direccion":"OTROS COMUNIDAD DE COLLPA / LLUSCO / CHUMBIVILCAS / CUSCO DISTRITO LLUSCO PROVINCIA CHUMBIVILCAS DEPARTAMENTO CUSCO","disa":"CUSCO","red":"CHUMBIVILCAS","microrred":"SANTO TOMAS","categoria":"ESTABLECIMIENTO DE SALUD SIN INTERNAMIENTO","condicion":"ACTIVO","actualizado":"2023/08/01 19:00:00.000","fuente":"MINSA","urlRenipr":"http://app20.susalud.gob.pe:8080/registro-renipress-webapp/ipress.htm?action=mostrarVer&idipress=00006748"}},{"type":"Feature","geometry":{"type":"Point","coordinates":[-71.68499499999996,-14.442293329999927]},"properties":{"objectid":1779,"nombre":"KISIO","departamento":"CUSCO","provincia":"CHUMBIVILCAS","distrito":"LIVITACA","institucion":"GOBIERNO REGIONAL","codigoMinsa":16334,"direccion":"OTROS SECTOR KISIO DISTRITO LIVITACA PROVINCIA CHUMBIVILCAS DEPARTAMENTO CUSCO","disa":"CUSCO","red":"CHUMBIVILCAS","microrred":"LIVITACA","categoria":"ESTABLECIMIENTO DE SALUD SIN INTERNAMIENTO","condicion":"ACTIVO","actualizado":"2023/08/01 19:00:00.000","fuente":"MINSA","urlRenipr":"http://app20.susalud.gob.pe:8080/registro-renipress-webapp/ipress.htm?action=mostrarVer&idipress=00016334"}},{"type":"Feature","geometry":{"type":"Point","coordinates":[-71.77549332999996,-14.492889999999932]},"properties":{"objectid":1780,"nombre":"CHILLOROYA - LIVITACA","departamento":"CUSCO","provincia":"CHUMBIVILCAS","distrito":"LIVITACA","institucion":"GOBIERNO REGIONAL","codigoMinsa":16325,"direccion":"OTROS SECTOR CHILLOROYA DISTRITO LIVITACA PROVINCIA CHUMBIVILCAS DEPARTAMENTO CUSCO","disa":"CUSCO","red":"CHUMBIVILCAS","microrred":"LIVITACA","categoria":"ESTABLECIMIENTO DE SALUD SIN INTERNAMIENTO","condicion":"ACTIVO","actualizado":"2023/08/01 19:00:00.000","fuente":"MINSA","urlRenipr":"http://app20.susalud.gob.pe:8080/registro-renipress-webapp/ipress.htm?action=mostrarVer&idipress=00016325"}},{"type":"Feature","geometry":{"type":"Point","coordinates":[-72.12871499999994,-14.687003329999982]},"properties":{"objectid":1781,"nombre":"HUARACO","departamento":"CUSCO","provincia":"CHUMBIVILCAS","distrito":"COLQUEMARCA","institucion":"GOBIERNO REGIONAL","codigoMinsa":8913,"direccion":"OTROS POBLADO DE HUARACCO / COLQUEMARCA / CHUMBIVILCAS / CUSCO DISTRITO COLQUEMARCA PROVINCIA CHUMBIVILCAS DEPARTAMENTO CUSCO","disa":"CUSCO","red":"CHUMBIVILCAS","microrred":"SANTO TOMAS","categoria":"ESTABLECIMIENTO DE SALUD SIN INTERNAMIENTO","condicion":"ACTIVO","actualizado":"2023/08/01 19:00:00.000","fuente":"MINSA","urlRenipr":"http://app20.susalud.gob.pe:8080/registro-renipress-webapp/ipress.htm?action=mostrarVer&idipress=00008913"}},{"type":"Feature","geometry":{"type":"Point","coordinates":[-72.43207856999999,-14.704750339999975]},"properties":{"objectid":1782,"nombre":"YORENCCA","departamento":"CUSCO","provincia":"CHUMBIVILCAS","distrito":"QUIÑOTA","institucion":"GOBIERNO REGIONAL","codigoMinsa":7112,"direccion":"OTROS COMUNIDAD CAMPESINA DE YORENCA DISTRITO QUIÑOTA PROVINCIA CHUMBIVILCAS DEPARTAMENTO CUSCO","disa":"CUSCO","red":"CHUMBIVILCAS","microrred":"SANTO TOMAS","categoria":"ESTABLECIMIENTO DE SALUD SIN INTERNAMIENTO","condicion":"ACTIVO","actualizado":"2023/08/01 19:00:00.000","fuente":"MINSA","urlRenipr":"http://app20.susalud.gob.pe:8080/registro-renipress-webapp/ipress.htm?action=mostrarVer&idipress=00007112"}},{"type":"Feature","geometry":{"type":"Point","coordinates":[-71.94346084999995,-13.52995766999993]},"properties":{"objectid":1787,"nombre":"CENTRO DE DIÁLISIS METROPOLITANO S.A.C.","departamento":"CUSCO","provincia":"CUSCO","distrito":"WANCHAQ","institucion":"PRIVADO","codigoMinsa":19248,"direccion":"OTROS MZA. E LOTE. 3 URB. LOS SAUCES (ALTURA DE VILLA EL PERIODISTA) CUSCO - CUSCO - WANCHAQ DISTRITO WANCHAQ PROVINCIA CUSCO DEPARTAMENTO CUSCO","disa":"CUSCO","red":"NO PERTENECE A NINGUNA RED","microrred":"NO PERTENECE A NINGUNA MICRORED","categoria":"SERVICIO MÉDICO DE APOYO","condicion":"ACTIVO","actualizado":"2023/08/01 19:00:00.000","fuente":"MINSA","urlRenipr":"http://app20.susalud.gob.pe:8080/registro-renipress-webapp/ipress.htm?action=mostrarVer&idipress=00019248"}},{"type":"Feature","geometry":{"type":"Point","coordinates":[-71.40589599999998,-14.787947599999939]},"properties":{"objectid":1826,"nombre":"SEÑOR DE COYLLORITY - ESPINAR","departamento":"CUSCO","provincia":"ESPINAR","distrito":"ESPINAR","institucion":"PRIVADO","codigoMinsa":19983,"direccion":"AVENIDA AVENIDA MANUEL PRADO Nº 203- ESPINAR DISTRITO ESPINAR PROVINCIA ESPINAR DEPARTAMENTO CUSCO","disa":"CUSCO","red":"NO PERTENECE A NINGUNA RED","microrred":"NO PERTENECE A NINGUNA MICRORED","categoria":"ESTABLECIMIENTO DE SALUD SIN INTERNAMIENTO","condicion":"ACTIVO","actualizado":"2023/08/01 19:00:00.000","fuente":"MINSA","urlRenipr":"http://app20.susalud.gob.pe:8080/registro-renipress-webapp/ipress.htm?action=mostrarVer&idipress=00019983"}},{"type":"Feature","geometry":{"type":"Point","coordinates":[-71.62574642999994,-14.73543682999997]},"properties":{"objectid":1844,"nombre":"URINSAYA","departamento":"CUSCO","provincia":"ESPINAR","distrito":"COPORAQUE","institucion":"GOBIERNO REGIONAL","codigoMinsa":2413,"direccion":"OTROS COMUNIDAD URINSAYA SECTOR SALUD / COPORAQUE / ESPINAR / CUSCO DISTRITO COPORAQUE PROVINCIA ESPINAR DEPARTAMENTO CUSCO","disa":"CUSCO","red":"CANAS-CANCHIS-ESPINAR","microrred":"YAURI","categoria":"ESTABLECIMIENTO DE SALUD SIN INTERNAMIENTO","condicion":"ACTIVO","actualizado":"2023/08/01 19:00:00.000","fuente":"MINSA","urlRenipr":"http://app20.susalud.gob.pe:8080/registro-renipress-webapp/ipress.htm?action=mostrarVer&idipress=00002413"}},{"type":"Feature","geometry":{"type":"Point","coordinates":[-71.30672949999996,-14.533547169999963]},"properties":{"objectid":1845,"nombre":"EL DESCANSO","departamento":"CUSCO","provincia":"CANAS","distrito":"KUNTURKANKI","institucion":"GOBIERNO REGIONAL","codigoMinsa":7700,"direccion":"OTROS AUTOPISTA CUSCO AREQUIPA SIN NUMERO / KUNTURKANKI / CANAS / CUSCO DISTRITO KUNTURKANKI PROVINCIA CANAS DEPARTAMENTO CUSCO","disa":"CUSCO","red":"CANAS-CANCHIS-ESPINAR","microrred":"EL DESCANSO","categoria":"ESTABLECIMIENTO DE SALUD CON INTERNAMIENTO","condicion":"ACTIVO","actualizado":"2023/08/01 19:00:00.000","fuente":"MINSA","urlRenipr":"http://app20.susalud.gob.pe:8080/registro-renipress-webapp/ipress.htm?action=mostrarVer&idipress=00007700"}},{"type":"Feature","geometry":{"type":"Point","coordinates":[-71.18606257999994,-14.34063053999995]},"properties":{"objectid":1847,"nombre":"CHECTUYOC","departamento":"CUSCO","provincia":"CANCHIS","distrito":"MARANGANI","institucion":"GOBIERNO REGIONAL","codigoMinsa":2389,"direccion":"OTROS COMUNIDAD DE CHECTUYOC / MARANGANI / CANCHIS / CUSCO DISTRITO MARANGANI PROVINCIA CANCHIS DEPARTAMENTO CUSCO","disa":"CUSCO","red":"CANAS-CANCHIS-ESPINAR","microrred":"TECHO OBRERO","categoria":"ESTABLECIMIENTO DE SALUD SIN INTERNAMIENTO","condicion":"ACTIVO","actualizado":"2023/08/01 19:00:00.000","fuente":"MINSA","urlRenipr":"http://app20.susalud.gob.pe:8080/registro-renipress-webapp/ipress.htm?action=mostrarVer&idipress=00002389"}},{"type":"Feature","geometry":{"type":"Point","coordinates":[-71.37847578999998,-14.08533209999996]},"properties":{"objectid":1848,"nombre":"CHIARA","departamento":"CUSCO","provincia":"CANCHIS","distrito":"COMBAPATA","institucion":"GOBIERNO REGIONAL","codigoMinsa":2387,"direccion":"CALLE CALLE EMANCIPACION AMERICANA SIN NUMERO BARRIO JOSEFINA ESQUERRA / TINTA / CANCHIS / CUSCO DISTRITO COMBAPATA PROVINCIA CANCHIS DEPARTAMENTO CUSCO","disa":"CUSCO","red":"CANAS-CANCHIS-ESPINAR","microrred":"COMBAPATA","categoria":"ESTABLECIMIENTO DE SALUD SIN INTERNAMIENTO","condicion":"ACTIVO","actualizado":"2023/08/01 19:00:00.000","fuente":"MINSA","urlRenipr":"http://app20.susalud.gob.pe:8080/registro-renipress-webapp/ipress.htm?action=mostrarVer&idipress=00002387"}},{"type":"Feature","geometry":{"type":"Point","coordinates":[-71.41350901999994,-14.78894134999996]},"properties":{"objectid":1906,"nombre":"CRISTO DE LA CONCORDIA","departamento":"CUSCO","provincia":"ESPINAR","distrito":"ESPINAR","institucion":"PRIVADO","codigoMinsa":28381,"direccion":"CALLE MANUEL PRADO BARRIO CONSTRUCCION CIVIL 17-a,17-b,17-c PISO 1 MANZANA A LOTE 17, DISTRITO ESPINAR PROVINCIA ESPINAR DEPARTAMENTO CUSCO","disa":"CUSCO","red":"NO PERTENECE A NINGUNA RED","microrred":"NO PERTENECE A NINGUNA MICRORED","categoria":"ESTABLECIMIENTO DE SALUD SIN INTERNAMIENTO","condicion":"ACTIVO","actualizado":"2023/08/01 19:00:00.000","fuente":"MINSA","urlRenipr":"http://app20.susalud.gob.pe:8080/registro-renipress-webapp/ipress.htm?action=mostrarVer&idipress=00028381"}},{"type":"Feature","geometry":{"type":"Point","coordinates":[-71.96746259999998,-13.531949999999938]},"properties":{"objectid":1930,"nombre":"MICROLAB","departamento":"CUSCO","provincia":"CUSCO","distrito":"CUSCO","institucion":"PRIVADO","codigoMinsa":12094,"direccion":"OTROS URBANIZACIÓN MARISCAL GAMARRA 1-D. PRIMERA ETAPA. DISTRITO CUSCO PROVINCIA CUSCO DEPARTAMENTO CUSCO","disa":"CUSCO","red":"NO PERTENECE A NINGUNA RED","microrred":"NO PERTENECE A NINGUNA MICRORED","categoria":"SERVICIO MÉDICO DE APOYO","condicion":"ACTIVO","actualizado":"2023/08/01 19:00:00.000","fuente":"MINSA","urlRenipr":"http://app20.susalud.gob.pe:8080/registro-renipress-webapp/ipress.htm?action=mostrarVer&idipress=00012094"}},{"type":"Feature","geometry":{"type":"Point","coordinates":[-71.96202540999997,-13.523353699999973]},"properties":{"objectid":2026,"nombre":"VILLA MEDICA CUSCO","departamento":"CUSCO","provincia":"CUSCO","distrito":"WANCHAQ","institucion":"PRIVADO","codigoMinsa":29942,"direccion":"AVENIDA PEDRO VILCAPAZA (SOTANO) NÚMERO 208 DISTRITO WANCHAQ PROVINCIA CUSCO DEPARTAMENTO CUSCO","disa":"CUSCO","red":"","microrred":"","categoria":"ESTABLECIMIENTO DE SALUD SIN INTERNAMIENTO","condicion":"ACTIVO","actualizado":"2023/08/01 19:00:00.000","fuente":"MINSA","urlRenipr":"http://app20.susalud.gob.pe:8080/registro-renipress-webapp/ipress.htm?action=mostrarVer&idipress=00029942"}},{"type":"Feature","geometry":{"type":"Point","coordinates":[-71.94060831999997,-13.529905519999943]},"properties":{"objectid":2047,"nombre":"VIRGEN GUADALUPE CUSCO","departamento":"CUSCO","provincia":"CUSCO","distrito":"SAN SEBASTIAN","institucion":"PRIVADO","codigoMinsa":24584,"direccion":"AVENIDA PERU MANZANA O LOTE 4 DISTRITO SAN SEBASTIAN PROVINCIA CUSCO DEPARTAMENTO CUSCO","disa":"CUSCO","red":"","microrred":"NO PERTENECE A NINGUNA MICRORED","categoria":"ESTABLECIMIENTO DE SALUD CON INTERNAMIENTO","condicion":"ACTIVO","actualizado":"2023/08/01 19:00:00.000","fuente":"MINSA","urlRenipr":"http://app20.susalud.gob.pe:8080/registro-renipress-webapp/ipress.htm?action=mostrarVer&idipress=00024584"}},{"type":"Feature","geometry":{"type":"Point","coordinates":[-71.95693712999997,-13.52444627999995]},"properties":{"objectid":2052,"nombre":"LINFOLAB","departamento":"CUSCO","provincia":"CUSCO","distrito":"WANCHAQ","institucion":"PRIVADO","codigoMinsa":29940,"direccion":"JIRÓN HERMANOS AYAR NÚMERO 103 PISO 2 DISTRITO WANCHAQ PROVINCIA CUSCO DEPARTAMENTO CUSCO","disa":"CUSCO","red":"","microrred":"","categoria":"SERVICIO MÉDICO DE APOYO","condicion":"ACTIVO","actualizado":"2023/08/01 19:00:00.000","fuente":"MINSA","urlRenipr":"http://app20.susalud.gob.pe:8080/registro-renipress-webapp/ipress.htm?action=mostrarVer&idipress=00029940"}},{"type":"Feature","geometry":{"type":"Point","coordinates":[-72.05887131999998,-13.583844219999946]},"properties":{"objectid":2258,"nombre":"CCORCCA","departamento":"CUSCO","provincia":"CUSCO","distrito":"CCORCA","institucion":"GOBIERNO REGIONAL","codigoMinsa":2297,"direccion":"AVENIDA AVENIDA MARIA JESUS GAMARRA S/N / CCORCCA / CUSCO S/N AVENIDA MARIA JESUS GAMARRA S/N / CCORCCA / CUSCO CCORCA CUSCO CUSCO","disa":"CUSCO","red":"CUSCO NORTE","microrred":"BELEMPAMPA","categoria":"ESTABLECIMIENTO DE SALUD SIN INTERNAMIENTO","condicion":"ACTIVO","actualizado":"2023/08/01 19:00:00.000","fuente":"MINSA","urlRenipr":"http://app20.susalud.gob.pe:8080/registro-renipress-webapp/ipress.htm?action=mostrarVer&idipress=00002297"}},{"type":"Feature","geometry":{"type":"Point","coordinates":[-72.33889291999998,-13.223433289999946]},"properties":{"objectid":2259,"nombre":"CHILLCA","departamento":"CUSCO","provincia":"URUBAMBA","distrito":"OLLANTAYTAMBO","institucion":"GOBIERNO REGIONAL","codigoMinsa":2550,"direccion":"OTROS COMUNIDAD CHILLCA / OLLANTAYTAMBO / URUBAMBA / CUSCO DISTRITO OLLANTAYTAMBO PROVINCIA URUBAMBA DEPARTAMENTO CUSCO","disa":"CUSCO","red":"CUSCO NORTE","microrred":"URUBAMBA","categoria":"ESTABLECIMIENTO DE SALUD SIN INTERNAMIENTO","condicion":"ACTIVO","actualizado":"2023/08/01 19:00:00.000","fuente":"MINSA","urlRenipr":"http://app20.susalud.gob.pe:8080/registro-renipress-webapp/ipress.htm?action=mostrarVer&idipress=00002550"}},{"type":"Feature","geometry":{"type":"Point","coordinates":[-71.95949632999998,-13.32199763999995]},"properties":{"objectid":2260,"nombre":"CALCA","departamento":"CUSCO","provincia":"CALCA","distrito":"CALCA","institucion":"GOBIERNO REGIONAL","codigoMinsa":2341,"direccion":"CALLE CALLE CALCA S/N / CALCA / CUSCO S/N CALLE CALCA S/N / CALCA / CUSCO CALCA CALCA CUSCO","disa":"CUSCO","red":"CUSCO NORTE","microrred":"CALCA","categoria":"ESTABLECIMIENTO DE SALUD CON INTERNAMIENTO","condicion":"ACTIVO","actualizado":"2023/08/01 19:00:00.000","fuente":"MINSA","urlRenipr":"http://app20.susalud.gob.pe:8080/registro-renipress-webapp/ipress.htm?action=mostrarVer&idipress=00002341"}},{"type":"Feature","geometry":{"type":"Point","coordinates":[-71.96746259999998,-13.531949999999938]},"properties":{"objectid":2300,"nombre":"DRA.ELIANA OJEDA","departamento":"CUSCO","provincia":"CUSCO","distrito":"CUSCO","institucion":"PRIVADO","codigoMinsa":12436,"direccion":"AVENIDA SAN MARTIN MANZANA D LOTE 2 DISTRITO CUSCO PROVINCIA CUSCO DEPARTAMENTO CUSCO","disa":"CUSCO","red":"","microrred":"NO PERTENECE A NINGUNA MICRORED","categoria":"ESTABLECIMIENTO DE SALUD SIN INTERNAMIENTO","condicion":"ACTIVO","actualizado":"2023/08/01 19:00:00.000","fuente":"MINSA","urlRenipr":"http://app20.susalud.gob.pe:8080/registro-renipress-webapp/ipress.htm?action=mostrarVer&idipress=00012436"}},{"type":"Feature","geometry":{"type":"Point","coordinates":[-71.98117355999995,-13.526149629999964]},"properties":{"objectid":2499,"nombre":"GINEMEDIC","departamento":"CUSCO","provincia":"CUSCO","distrito":"SANTIAGO","institucion":"PRIVADO","codigoMinsa":30908,"direccion":"OTROS Plazoleta de Belén Nro 380 oficinas 204 y 205 PISO 2 DISTRITO SANTIAGO PROVINCIA CUSCO DEPARTAMENTO CUSCO","disa":"CUSCO","red":"","microrred":"","categoria":"ESTABLECIMIENTO DE SALUD SIN INTERNAMIENTO","condicion":"ACTIVO","actualizado":"2023/08/01 19:00:00.000","fuente":"MINSA","urlRenipr":"http://app20.susalud.gob.pe:8080/registro-renipress-webapp/ipress.htm?action=mostrarVer&idipress=00030908"}},{"type":"Feature","geometry":{"type":"Point","coordinates":[-71.95571332999998,-13.52314832999997]},"properties":{"objectid":2677,"nombre":"HOSPITAL DE APOYO DEPARTAMENTAL CUSCO","departamento":"CUSCO","provincia":"CUSCO","distrito":"CUSCO","institucion":"GOBIERNO REGIONAL","codigoMinsa":2289,"direccion":"AVENIDA AV. LA CULTURA S/N S/N AV. LA CULTURA S/N CUSCO CUSCO CUSCO","disa":"CUSCO","red":"NO PERTENECE A NINGUNA RED","microrred":"NO PERTENECE A NINGUNA MICRORED","categoria":"ESTABLECIMIENTO DE SALUD CON INTERNAMIENTO","condicion":"ACTIVO","actualizado":"2023/08/01 19:00:00.000","fuente":"MINSA","urlRenipr":"http://app20.susalud.gob.pe:8080/registro-renipress-webapp/ipress.htm?action=mostrarVer&idipress=00002289"}},{"type":"Feature","geometry":{"type":"Point","coordinates":[-71.94878864999998,-13.52846177999993]},"properties":{"objectid":2758,"nombre":"Lazoriga","departamento":"CUSCO","provincia":"CUSCO","distrito":"WANCHAQ","institucion":"PRIVADO","codigoMinsa":25587,"direccion":"CALLE GORDON MAGNE NÚMERO 216 URBANIZACIÓN santa rosa DISTRITO WANCHAQ PROVINCIA CUSCO DEPARTAMENTO CUSCO","disa":"","red":"","microrred":"","categoria":"ESTABLECIMIENTO DE SALUD SIN INTERNAMIENTO","condicion":"RUC INACTIVO EN SUNAT","actualizado":"2023/08/01 19:00:00.000","fuente":"MINSA","urlRenipr":"http://app20.susalud.gob.pe:8080/registro-renipress-webapp/ipress.htm?action=mostrarVer&idipress=00025587"}},{"type":"Feature","geometry":{"type":"Point","coordinates":[-71.94583926999996,-13.530868389999966]},"properties":{"objectid":2771,"nombre":"VANESSA VILLAFUERTE","departamento":"CUSCO","provincia":"CUSCO","distrito":"WANCHAQ","institucion":"PRIVADO","codigoMinsa":28567,"direccion":"URBANIZACIÓN URBANIZACION SANTA TERESA NÚMERO 2 PISO 1 DEPARTAMENTO 1 MANZANA E DISTRITO WANCHAQ PROVINCIA CUSCO DEPARTAMENTO CUSCO","disa":"CUSCO","red":"NO PERTENECE A NINGUNA RED","microrred":"NO PERTENECE A NINGUNA MICRORED","categoria":"ESTABLECIMIENTO DE SALUD SIN INTERNAMIENTO","condicion":"ACTIVO","actualizado":"2023/08/01 19:00:00.000","fuente":"MINSA","urlRenipr":"http://app20.susalud.gob.pe:8080/registro-renipress-webapp/ipress.htm?action=mostrarVer&idipress=00028567"}},{"type":"Feature","geometry":{"type":"Point","coordinates":[-72.69273379999998,-12.864971999999966]},"properties":{"objectid":2819,"nombre":"VIRGEN INMACULADA","departamento":"CUSCO","provincia":"LA CONVENCION","distrito":"SANTA ANA","institucion":"PRIVADO","codigoMinsa":18385,"direccion":"AVENIDA AV. GENERAL GAMARRA N° 134 DISTRITO SANTA ANA PROVINCIA LA CONVENCION DEPARTAMENTO CUSCO","disa":"CUSCO","red":"NO PERTENECE A NINGUNA RED","microrred":"NO PERTENECE A NINGUNA MICRORED","categoria":"ESTABLECIMIENTO DE SALUD SIN INTERNAMIENTO","condicion":"ACTIVO","actualizado":"2023/08/01 19:00:00.000","fuente":"MINSA","urlRenipr":"http://app20.susalud.gob.pe:8080/registro-renipress-webapp/ipress.htm?action=mostrarVer&idipress=00018385"}},{"type":"Feature","geometry":{"type":"Point","coordinates":[-72.54633819999998,-13.514787599999977]},"properties":{"objectid":2989,"nombre":"MEDICAL CUSCO SORAYPAMPA","departamento":"CUSCO","provincia":"ANTA","distrito":"MOLLEPATA","institucion":"PRIVADO","codigoMinsa":26393,"direccion":"CAMINO RURAL Comunidad Soraypampa PISO 1 DISTRITO MOLLEPATA PROVINCIA ANTA DEPARTAMENTO CUSCO","disa":"CUSCO","red":"NO PERTENECE A NINGUNA RED","microrred":"NO PERTENECE A NINGUNA MICRORED","categoria":"ESTABLECIMIENTO DE SALUD SIN INTERNAMIENTO","condicion":"ACTIVO","actualizado":"2023/08/01 19:00:00.000","fuente":"MINSA","urlRenipr":"http://app20.susalud.gob.pe:8080/registro-renipress-webapp/ipress.htm?action=mostrarVer&idipress=00026393"}},{"type":"Feature","geometry":{"type":"Point","coordinates":[-73.62811244999995,-12.728107809999926]},"properties":{"objectid":3096,"nombre":"MANITEA ALTA","departamento":"CUSCO","provincia":"LA CONVENCION","distrito":"KIMBIRI","institucion":"GOBIERNO REGIONAL","codigoMinsa":8284,"direccion":"OTROS COMUNIDAD MANITEA ALTA / KIMBIRI / LA CONVENCIÓN / CUSCO DISTRITO KIMBIRI PROVINCIA LA CONVENCION DEPARTAMENTO CUSCO","disa":"CUSCO","red":"KIMBIRI PICHARI","microrred":"KIMBIRI","categoria":"ESTABLECIMIENTO DE SALUD SIN INTERNAMIENTO","condicion":"ACTIVO","actualizado":"2023/08/01 19:00:00.000","fuente":"MINSA","urlRenipr":"http://app20.susalud.gob.pe:8080/registro-renipress-webapp/ipress.htm?action=mostrarVer&idipress=00008284"}},{"type":"Feature","geometry":{"type":"Point","coordinates":[-73.52675832999995,-12.917663329999982]},"properties":{"objectid":3097,"nombre":"VILLA QUINTIARINA","departamento":"CUSCO","provincia":"LA CONVENCION","distrito":"VILLA KINTIARINA","institucion":"GOBIERNO REGIONAL","codigoMinsa":2488,"direccion":"OTROS CENTRO POBLADO VILLA QUINTIARINA S/N VILLA KINTIARINA LA CONVENCION CUSCO","disa":"CUSCO","red":"KIMBIRI PICHARI","microrred":"KIMBIRI","categoria":"ESTABLECIMIENTO DE SALUD SIN INTERNAMIENTO","condicion":"ACTIVO","actualizado":"2023/08/01 19:00:00.000","fuente":"MINSA","urlRenipr":"http://app20.susalud.gob.pe:8080/registro-renipress-webapp/ipress.htm?action=mostrarVer&idipress=00002488"}},{"type":"Feature","geometry":{"type":"Point","coordinates":[-73.51238094999997,-13.001395359999947]},"properties":{"objectid":3098,"nombre":"VILLA VIRGEN","departamento":"CUSCO","provincia":"LA CONVENCION","distrito":"VILLA VIRGEN","institucion":"GOBIERNO REGIONAL","codigoMinsa":2479,"direccion":"OTROS CENTRO POBLADO VILLA VIRGEN S/N VILLA VIRGEN LA CONVENCION CUSCO","disa":"CUSCO","red":"KIMBIRI PICHARI","microrred":"KIMBIRI","categoria":"ESTABLECIMIENTO DE SALUD SIN INTERNAMIENTO","condicion":"ACTIVO","actualizado":"2023/08/01 19:00:00.000","fuente":"MINSA","urlRenipr":"http://app20.susalud.gob.pe:8080/registro-renipress-webapp/ipress.htm?action=mostrarVer&idipress=00002479"}},{"type":"Feature","geometry":{"type":"Point","coordinates":[-72.68610430999996,-12.878762579999943]},"properties":{"objectid":3157,"nombre":"TECNOLAB","departamento":"CUSCO","provincia":"LA CONVENCION","distrito":"SANTA ANA","institucion":"PRIVADO","codigoMinsa":14556,"direccion":"PROLONGACIÓN PROLONGACIÓN MARTIN PIO CONCHA Nº 135 (1ER. PISO DE LA FISCALIA) CUSCO- LA CONVENCIÓN - SANTA DISTRITO SANTA ANA PROVINCIA LA CONVENCION DEPARTAMENTO CUSCO","disa":"CUSCO","red":"","microrred":"NO PERTENECE A NINGUNA MICRORED","categoria":"SERVICIO MÉDICO DE APOYO","condicion":"ACTIVO","actualizado":"2023/08/01 19:00:00.000","fuente":"MINSA","urlRenipr":"http://app20.susalud.gob.pe:8080/registro-renipress-webapp/ipress.htm?action=mostrarVer&idipress=00014556"}},{"type":"Feature","geometry":{"type":"Point","coordinates":[-71.98173447999994,-13.526087839999946]},"properties":{"objectid":3309,"nombre":"INTEGRAL SANTIAGO","departamento":"CUSCO","provincia":"CUSCO","distrito":"SANTIAGO","institucion":"PRIVADO","codigoMinsa":26162,"direccion":"PLAZUELA PLAZOLETA DE BELEN NÚMERO 380 PISO 2 INTERIOR 208 DISTRITO SANTIAGO PROVINCIA CUSCO DEPARTAMENTO CUSCO","disa":"CUSCO","red":"NO PERTENECE A NINGUNA RED","microrred":"NO PERTENECE A NINGUNA MICRORED","categoria":"ESTABLECIMIENTO DE SALUD SIN INTERNAMIENTO","condicion":"ACTIVO","actualizado":"2023/08/01 19:00:00.000","fuente":"MINSA","urlRenipr":"http://app20.susalud.gob.pe:8080/registro-renipress-webapp/ipress.htm?action=mostrarVer&idipress=00026162"}},{"type":"Feature","geometry":{"type":"Point","coordinates":[-71.95406227999996,-13.52419963999995]},"properties":{"objectid":3438,"nombre":"SAMUE CUSCO","departamento":"CUSCO","provincia":"CUSCO","distrito":"CUSCO","institucion":"GOBIERNO REGIONAL","codigoMinsa":28190,"direccion":"AVENIDA DE LA CULTURA S/N CUSCO CUSCO CUSCO","disa":"CUSCO","red":"NO PERTENECE A NINGUNA RED","microrred":"NO PERTENECE A NINGUNA MICRORED","categoria":"SERVICIO MÉDICO DE APOYO","condicion":"ACTIVO","actualizado":"2023/08/01 19:00:00.000","fuente":"MINSA","urlRenipr":"http://app20.susalud.gob.pe:8080/registro-renipress-webapp/ipress.htm?action=mostrarVer&idipress=00028190"}},{"type":"Feature","geometry":{"type":"Point","coordinates":[-73.02271281999998,-11.296953449999933]},"properties":{"objectid":3493,"nombre":"PUERTO RICO","departamento":"CUSCO","provincia":"LA CONVENCION","distrito":"MEGANTONI","institucion":"GOBIERNO REGIONAL","codigoMinsa":2442,"direccion":"OTROS COMUNIDAD NATIVA PUERTO RICO S/N MEGANTONI LA CONVENCION CUSCO","disa":"CUSCO","red":"LA CONVENCION","microrred":"KAMISEA","categoria":"ESTABLECIMIENTO DE SALUD SIN INTERNAMIENTO","condicion":"ACTIVO","actualizado":"2023/08/01 19:00:00.000","fuente":"MINSA","urlRenipr":"http://app20.susalud.gob.pe:8080/registro-renipress-webapp/ipress.htm?action=mostrarVer&idipress=00002442"}},{"type":"Feature","geometry":{"type":"Point","coordinates":[-72.57507499999997,-12.767819999999972]},"properties":{"objectid":3494,"nombre":"ECHARATE","departamento":"CUSCO","provincia":"LA CONVENCION","distrito":"ECHARATE","institucion":"GOBIERNO REGIONAL","codigoMinsa":2425,"direccion":"CALLE CENTRO POBLADO ECHARATE CALLE RAMON CASTILLA S/N S/N CENTRO POBLADO ECHARATE CALLE RAMON CASTILLA S/N ECHARATE LA CONVENCION CUSCO","disa":"CUSCO","red":"LA CONVENCION","microrred":"SANTA ANA","categoria":"ESTABLECIMIENTO DE SALUD SIN INTERNAMIENTO","condicion":"ACTIVO","actualizado":"2023/08/01 19:00:00.000","fuente":"MINSA","urlRenipr":"http://app20.susalud.gob.pe:8080/registro-renipress-webapp/ipress.htm?action=mostrarVer&idipress=00002425"}},{"type":"Feature","geometry":{"type":"Point","coordinates":[-71.96208709999996,-13.523585799999978]},"properties":{"objectid":3617,"nombre":"ESSALAB PERU","departamento":"CUSCO","provincia":"CUSCO","distrito":"WANCHAQ","institucion":"PRIVADO","codigoMinsa":24579,"direccion":"AVENIDA MICAELA BASTIDAS NÚMERO 327 PISO 5 DISTRITO WANCHAQ PROVINCIA CUSCO DEPARTAMENTO CUSCO","disa":"CUSCO","red":"NO PERTENECE A NINGUNA RED","microrred":"NO PERTENECE A NINGUNA MICRORED","categoria":"ESTABLECIMIENTO DE SALUD SIN INTERNAMIENTO","condicion":"ACTIVO","actualizado":"2023/08/01 19:00:00.000","fuente":"MINSA","urlRenipr":"http://app20.susalud.gob.pe:8080/registro-renipress-webapp/ipress.htm?action=mostrarVer&idipress=00024579"}},{"type":"Feature","geometry":{"type":"Point","coordinates":[-71.95994704999998,-13.524277879999943]},"properties":{"objectid":3714,"nombre":"C.M.S.O GRUPO SOLIDA","departamento":"CUSCO","provincia":"CUSCO","distrito":"WANCHAQ","institucion":"PRIVADO","codigoMinsa":27921,"direccion":"AVENIDA MICAELA BASTIDAS NÚMERO 609 DISTRITO WANCHAQ PROVINCIA CUSCO DEPARTAMENTO CUSCO","disa":"CUSCO","red":"NO PERTENECE A NINGUNA RED","microrred":"NO PERTENECE A NINGUNA MICRORED","categoria":"ESTABLECIMIENTO DE SALUD SIN INTERNAMIENTO","condicion":"ACTIVO","actualizado":"2023/08/01 19:00:00.000","fuente":"MINSA","urlRenipr":"http://app20.susalud.gob.pe:8080/registro-renipress-webapp/ipress.htm?action=mostrarVer&idipress=00027921"}},{"type":"Feature","geometry":{"type":"Point","coordinates":[-71.95711523999995,-13.524291089999963]},"properties":{"objectid":3766,"nombre":"HAMPIQ WARMI","departamento":"CUSCO","provincia":"CUSCO","distrito":"WANCHAQ","institucion":"PRIVADO","codigoMinsa":29612,"direccion":"AVENIDA AV. DE LA CULTURA NÚMERO 1212 PISO 4 DISTRITO WANCHAQ PROVINCIA CUSCO DEPARTAMENTO CUSCO","disa":"CUSCO","red":"","microrred":"","categoria":"ESTABLECIMIENTO DE SALUD SIN INTERNAMIENTO","condicion":"ACTIVO","actualizado":"2023/08/01 19:00:00.000","fuente":"MINSA","urlRenipr":"http://app20.susalud.gob.pe:8080/registro-renipress-webapp/ipress.htm?action=mostrarVer&idipress=00029612"}},{"type":"Feature","geometry":{"type":"Point","coordinates":[-71.90962509999997,-13.542426999999975]},"properties":{"objectid":3774,"nombre":"WORLD OPTICS","departamento":"CUSCO","provincia":"CUSCO","distrito":"WANCHAQ","institucion":"PRIVADO","codigoMinsa":29202,"direccion":"AVENIDA MICAELA BASTIDAS INTERIOR C NÚMERO 404 PISO 1 DISTRITO WANCHAQ PROVINCIA CUSCO DEPARTAMENTO CUSCO","disa":"CUSCO","red":"","microrred":"","categoria":"SERVICIO MÉDICO DE APOYO","condicion":"ACTIVO","actualizado":"2023/08/01 19:00:00.000","fuente":"MINSA","urlRenipr":"http://app20.susalud.gob.pe:8080/registro-renipress-webapp/ipress.htm?action=mostrarVer&idipress=00029202"}},{"type":"Feature","geometry":{"type":"Point","coordinates":[-71.57576894999994,-13.416051109999955]},"properties":{"objectid":3777,"nombre":"AYRE","departamento":"CUSCO","provincia":"PAUCARTAMBO","distrito":"COLQUEPATA","institucion":"GOBIERNO REGIONAL","codigoMinsa":2519,"direccion":"PLAZA PLAZA DE ARMAS DE AYRE S/N / COLQUEPATA / PAUCARTAMBO / CUSCO NÚMERO S/N DISTRITO COLQUEPATA PROVINCIA PAUCARTAMBO DEPARTAMENTO CUSCO","disa":"CUSCO","red":"CUSCO SUR","microrred":"PAUCARTAMBO","categoria":"ESTABLECIMIENTO DE SALUD SIN INTERNAMIENTO","condicion":"ACTIVO","actualizado":"2023/08/01 19:00:00.000","fuente":"MINSA","urlRenipr":"http://app20.susalud.gob.pe:8080/registro-renipress-webapp/ipress.htm?action=mostrarVer&idipress=00002519"}},{"type":"Feature","geometry":{"type":"Point","coordinates":[-71.84683622999995,-14.085520309999936]},"properties":{"objectid":3778,"nombre":"PUESTO DE SALUD DE HUASQUILLAY","departamento":"CUSCO","provincia":"PARURO","distrito":"OMACHA","institucion":"GOBIERNO REGIONAL","codigoMinsa":7147,"direccion":"OTROS CENTRO POBLADO DE HUAQUILLAY DISTRITO OMACHA PROVINCIA PARURO DEPARTAMENTO CUSCO","disa":"CUSCO","red":"CUSCO SUR","microrred":"PARURO","categoria":"ESTABLECIMIENTO DE SALUD SIN INTERNAMIENTO","condicion":"ACTIVO","actualizado":"2023/08/01 19:00:00.000","fuente":"MINSA","urlRenipr":"http://app20.susalud.gob.pe:8080/registro-renipress-webapp/ipress.htm?action=mostrarVer&idipress=00007147"}},{"type":"Feature","geometry":{"type":"Point","coordinates":[-71.54770079999997,-13.452876339999932]},"properties":{"objectid":3779,"nombre":"PICHIHUA COLQUEPATA","departamento":"CUSCO","provincia":"PAUCARTAMBO","distrito":"COLQUEPATA","institucion":"GOBIERNO REGIONAL","codigoMinsa":2517,"direccion":"CALLE CALLE PRINCIPAL S/Nº / COLQUEPATA / PAUCARTAMBO / CUSCO NÚMERO S/N DISTRITO COLQUEPATA PROVINCIA PAUCARTAMBO DEPARTAMENTO CUSCO","disa":"CUSCO","red":"CUSCO SUR","microrred":"PAUCARTAMBO","categoria":"ESTABLECIMIENTO DE SALUD SIN INTERNAMIENTO","condicion":"ACTIVO","actualizado":"2023/08/01 19:00:00.000","fuente":"MINSA","urlRenipr":"http://app20.susalud.gob.pe:8080/registro-renipress-webapp/ipress.htm?action=mostrarVer&idipress=00002517"}},{"type":"Feature","geometry":{"type":"Point","coordinates":[-71.78222686999999,-13.77885157999998]},"properties":{"objectid":3780,"nombre":"RONDOCAN","departamento":"CUSCO","provincia":"ACOMAYO","distrito":"RONDOCAN","institucion":"GOBIERNO REGIONAL","codigoMinsa":2323,"direccion":"CALLE CALLE LOS ROSALES S/N / RONDOCAN / ACOMAYO / CUSCO NÚMERO S/N DISTRITO RONDOCAN PROVINCIA ACOMAYO DEPARTAMENTO CUSCO","disa":"CUSCO","red":"CUSCO SUR","microrred":"CUSCO","categoria":"ESTABLECIMIENTO DE SALUD SIN INTERNAMIENTO","condicion":"ACTIVO","actualizado":"2023/08/01 19:00:00.000","fuente":"MINSA","urlRenipr":"http://app20.susalud.gob.pe:8080/registro-renipress-webapp/ipress.htm?action=mostrarVer&idipress=00002323"}},{"type":"Feature","geometry":{"type":"Point","coordinates":[-71.49255999999997,-14.05893999999995]},"properties":{"objectid":3781,"nombre":"ACOPIA","departamento":"CUSCO","provincia":"ACOMAYO","distrito":"ACOPIA","institucion":"GOBIERNO REGIONAL","codigoMinsa":2318,"direccion":"JIRÓN JIRÓN SAN VICENTE 312 / ACOPIA / ACOMAYO / CUSCO DISTRITO ACOPIA PROVINCIA ACOMAYO DEPARTAMENTO CUSCO","disa":"CUSCO","red":"CUSCO SUR","microrred":"ACOMAYO","categoria":"ESTABLECIMIENTO DE SALUD SIN INTERNAMIENTO","condicion":"ACTIVO","actualizado":"2023/08/01 19:00:00.000","fuente":"MINSA","urlRenipr":"http://app20.susalud.gob.pe:8080/registro-renipress-webapp/ipress.htm?action=mostrarVer&idipress=00002318"}},{"type":"Feature","geometry":{"type":"Point","coordinates":[-71.95293488999994,-13.52552843999996]},"properties":{"objectid":3846,"nombre":"SAN GABRIEL","departamento":"CUSCO","provincia":"CUSCO","distrito":"WANCHAQ","institucion":"PRIVADO","codigoMinsa":25716,"direccion":"AVENIDA LA CULTURA 4TO, 5TO, 6TO, 9NO PISO NÚMERO 1706 MANZANA B LOTE 2 DISTRITO WANCHAQ PROVINCIA CUSCO DEPARTAMENTO CUSCO","disa":"CUSCO","red":"NO PERTENECE A NINGUNA RED","microrred":"NO PERTENECE A NINGUNA MICRORED","categoria":"ESTABLECIMIENTO DE SALUD SIN INTERNAMIENTO","condicion":"ACTIVO","actualizado":"2023/08/01 19:00:00.000","fuente":"MINSA","urlRenipr":"http://app20.susalud.gob.pe:8080/registro-renipress-webapp/ipress.htm?action=mostrarVer&idipress=00025716"}},{"type":"Feature","geometry":{"type":"Point","coordinates":[-71.58118613999994,-14.166365919999976]},"properties":{"objectid":3888,"nombre":"TOTORA - REYNA DE LOS ANGELES","departamento":"CUSCO","provincia":"CHUMBIVILCAS","distrito":"LIVITACA","institucion":"GOBIERNO REGIONAL","codigoMinsa":25740,"direccion":"CARRETERA LIVITACCA TOTORA DISTRITO LIVITACA PROVINCIA CHUMBIVILCAS DEPARTAMENTO CUSCO","disa":"CUSCO","red":"CHUMBIVILCAS","microrred":"LIVITACA","categoria":"ESTABLECIMIENTO DE SALUD SIN INTERNAMIENTO","condicion":"ACTIVO","actualizado":"2023/08/01 19:00:00.000","fuente":"MINSA","urlRenipr":"http://app20.susalud.gob.pe:8080/registro-renipress-webapp/ipress.htm?action=mostrarVer&idipress=00025740"}},{"type":"Feature","geometry":{"type":"Point","coordinates":[-71.94826334999993,-13.524606459999973]},"properties":{"objectid":3932,"nombre":"BLASAN","departamento":"CUSCO","provincia":"CUSCO","distrito":"CUSCO","institucion":"PRIVADO","codigoMinsa":26669,"direccion":"AVENIDA JOSE GABRIEL COSIO PISO 1 MANZANA H LOTE 14 DISTRITO CUSCO PROVINCIA CUSCO DEPARTAMENTO CUSCO","disa":"","red":"","microrred":"","categoria":"ESTABLECIMIENTO DE SALUD SIN INTERNAMIENTO","condicion":"RUC INACTIVO EN SUNAT","actualizado":"2023/08/01 19:00:00.000","fuente":"MINSA","urlRenipr":"http://app20.susalud.gob.pe:8080/registro-renipress-webapp/ipress.htm?action=mostrarVer&idipress=00026669"}},{"type":"Feature","geometry":{"type":"Point","coordinates":[-71.94763570999999,-13.528246969999941]},"properties":{"objectid":3945,"nombre":"CALYPSO","departamento":"CUSCO","provincia":"CUSCO","distrito":"WANCHAQ","institucion":"PRIVADO","codigoMinsa":26998,"direccion":"CALLE CIRO ALEGRIA PISO 2 MANZANA I LOTE 15 URBANIZACI? SANTA MONICA DISTRITO WANCHAQ PROVINCIA CUSCO DEPARTAMENTO CUSCO","disa":"","red":"","microrred":"","categoria":"ESTABLECIMIENTO DE SALUD SIN INTERNAMIENTO","condicion":"RUC INACTIVO EN SUNAT","actualizado":"2023/08/01 19:00:00.000","fuente":"MINSA","urlRenipr":"http://app20.susalud.gob.pe:8080/registro-renipress-webapp/ipress.htm?action=mostrarVer&idipress=00026998"}},{"type":"Feature","geometry":{"type":"Point","coordinates":[-71.26901901999997,-14.236576379999974]},"properties":{"objectid":3955,"nombre":"QUEHUAR","departamento":"CUSCO","provincia":"CANCHIS","distrito":"SICUANI","institucion":"GOBIERNO REGIONAL","codigoMinsa":2381,"direccion":"OTROS COMUNIDAD QUEHUAR / SICUANI / CANCHIS / CUSCO DISTRITO SICUANI PROVINCIA CANCHIS DEPARTAMENTO CUSCO","disa":"CUSCO","red":"CANAS-CANCHIS-ESPINAR","microrred":"PAMPAPHALLA","categoria":"ESTABLECIMIENTO DE SALUD SIN INTERNAMIENTO","condicion":"ACTIVO","actualizado":"2023/08/01 19:00:00.000","fuente":"MINSA","urlRenipr":"http://app20.susalud.gob.pe:8080/registro-renipress-webapp/ipress.htm?action=mostrarVer&idipress=00002381"}},{"type":"Feature","geometry":{"type":"Point","coordinates":[-71.31303306999996,-14.201913199999979]},"properties":{"objectid":3956,"nombre":"SAN PABLO CANCHIS","departamento":"CUSCO","provincia":"CANCHIS","distrito":"SAN PABLO","institucion":"GOBIERNO REGIONAL","codigoMinsa":2394,"direccion":"CALLE CALLE PELIGRO S/N / SAN PABLO / CANCHIS / CUSCO S/N CALLE PELIGRO S/N / SAN PABLO / CANCHIS / CUSCO SAN PABLO CANCHIS CUSCO","disa":"CUSCO","red":"CANAS-CANCHIS-ESPINAR","microrred":"PAMPAPHALLA","categoria":"ESTABLECIMIENTO DE SALUD SIN INTERNAMIENTO","condicion":"ACTIVO","actualizado":"2023/08/01 19:00:00.000","fuente":"MINSA","urlRenipr":"http://app20.susalud.gob.pe:8080/registro-renipress-webapp/ipress.htm?action=mostrarVer&idipress=00002394"}},{"type":"Feature","geometry":{"type":"Point","coordinates":[-71.11647661999996,-14.416712139999959]},"properties":{"objectid":3957,"nombre":"OCCOBAMBA MARANGANI","departamento":"CUSCO","provincia":"CANCHIS","distrito":"MARANGANI","institucion":"GOBIERNO REGIONAL","codigoMinsa":2391,"direccion":"OTROS COMUNIDAD LLALLAHUI / MARANGANI / CANCHIS / CUSCO DISTRITO MARANGANI PROVINCIA CANCHIS DEPARTAMENTO CUSCO","disa":"CUSCO","red":"CANAS-CANCHIS-ESPINAR","microrred":"TECHO OBRERO","categoria":"ESTABLECIMIENTO DE SALUD SIN INTERNAMIENTO","condicion":"ACTIVO","actualizado":"2023/08/01 19:00:00.000","fuente":"MINSA","urlRenipr":"http://app20.susalud.gob.pe:8080/registro-renipress-webapp/ipress.htm?action=mostrarVer&idipress=00002391"}},{"type":"Feature","geometry":{"type":"Point","coordinates":[-71.16953929999994,-14.35401743999995]},"properties":{"objectid":3958,"nombre":"MARANGANI","departamento":"CUSCO","provincia":"CANCHIS","distrito":"MARANGANI","institucion":"GOBIERNO REGIONAL","codigoMinsa":2388,"direccion":"OTROS AUTOPISTA PUNO CUSCO / MARANGANI / CANCHIS / CUSCO AUTOPISTA PUNO CUSCO / MARANGANI / CANCHIS / CUSCO MARANGANI CANCHIS CUSCO","disa":"CUSCO","red":"CANAS-CANCHIS-ESPINAR","microrred":"TECHO OBRERO","categoria":"ESTABLECIMIENTO DE SALUD SIN INTERNAMIENTO","condicion":"ACTIVO","actualizado":"2023/08/01 19:00:00.000","fuente":"MINSA","urlRenipr":"http://app20.susalud.gob.pe:8080/registro-renipress-webapp/ipress.htm?action=mostrarVer&idipress=00002388"}},{"type":"Feature","geometry":{"type":"Point","coordinates":[-71.43343618999995,-14.100877389999937]},"properties":{"objectid":3959,"nombre":"COMBAPATA CANCHIS","departamento":"CUSCO","provincia":"CANCHIS","distrito":"COMBAPATA","institucion":"GOBIERNO REGIONAL","codigoMinsa":2386,"direccion":"PLAZA PLAZA DE ARMAS NUMERO 305 PLAZA DE ARMAS NUMERO 305 COMBAPATA CANCHIS CUSCO","disa":"CUSCO","red":"CANAS-CANCHIS-ESPINAR","microrred":"COMBAPATA","categoria":"ESTABLECIMIENTO DE SALUD CON INTERNAMIENTO","condicion":"ACTIVO","actualizado":"2023/08/01 19:00:00.000","fuente":"MINSA","urlRenipr":"http://app20.susalud.gob.pe:8080/registro-renipress-webapp/ipress.htm?action=mostrarVer&idipress=00002386"}},{"type":"Feature","geometry":{"type":"Point","coordinates":[-71.28176670999994,-14.671475339999972]},"properties":{"objectid":3960,"nombre":"SAN MIGUEL","departamento":"CUSCO","provincia":"ESPINAR","distrito":"PICHIGUA","institucion":"GOBIERNO REGIONAL","codigoMinsa":2418,"direccion":"OTROS CENTRO POBLADO SAN MIGUEL / PICHIGUA / ESPINAR / CUSCO DISTRITO PICHIGUA PROVINCIA ESPINAR DEPARTAMENTO CUSCO","disa":"CUSCO","red":"CANAS-CANCHIS-ESPINAR","microrred":"YAURI","categoria":"ESTABLECIMIENTO DE SALUD SIN INTERNAMIENTO","condicion":"ACTIVO","actualizado":"2023/08/01 19:00:00.000","fuente":"MINSA","urlRenipr":"http://app20.susalud.gob.pe:8080/registro-renipress-webapp/ipress.htm?action=mostrarVer&idipress=00002418"}},{"type":"Feature","geometry":{"type":"Point","coordinates":[-71.47614829999998,-14.163539399999934]},"properties":{"objectid":3961,"nombre":"TUNGASUCA","departamento":"CUSCO","provincia":"CANAS","distrito":"TUPAC AMARU","institucion":"GOBIERNO REGIONAL","codigoMinsa":2376,"direccion":"PLAZA PLAZA DE ARMAS S/N° / TUPAC AMARU / CANAS / CUSCO NÚMERO S/N DISTRITO TUPAC AMARU PROVINCIA CANAS DEPARTAMENTO CUSCO","disa":"CUSCO","red":"CANAS-CANCHIS-ESPINAR","microrred":"YANAOCA","categoria":"ESTABLECIMIENTO DE SALUD SIN INTERNAMIENTO","condicion":"ACTIVO","actualizado":"2023/08/01 19:00:00.000","fuente":"MINSA","urlRenipr":"http://app20.susalud.gob.pe:8080/registro-renipress-webapp/ipress.htm?action=mostrarVer&idipress=00002376"}},{"type":"Feature","geometry":{"type":"Point","coordinates":[-71.96238916999994,-13.532743619999962]},"properties":{"objectid":4002,"nombre":"ECOMEDIC","departamento":"CUSCO","provincia":"CUSCO","distrito":"WANCHAQ","institucion":"PRIVADO","codigoMinsa":27386,"direccion":"CALLE BARILOCHE MANZANA I 2 LOTE 21 DISTRITO WANCHAQ PROVINCIA CUSCO DEPARTAMENTO CUSCO","disa":"CUSCO","red":"NO PERTENECE A NINGUNA RED","microrred":"NO PERTENECE A NINGUNA MICRORED","categoria":"ESTABLECIMIENTO DE SALUD SIN INTERNAMIENTO","condicion":"ACTIVO","actualizado":"2023/08/01 19:00:00.000","fuente":"MINSA","urlRenipr":"http://app20.susalud.gob.pe:8080/registro-renipress-webapp/ipress.htm?action=mostrarVer&idipress=00027386"}},{"type":"Feature","geometry":{"type":"Point","coordinates":[-71.94708059999994,-13.530638499999952]},"properties":{"objectid":4062,"nombre":"DENTAL CLUB","departamento":"CUSCO","provincia":"CUSCO","distrito":"CUSCO","institucion":"PRIVADO","codigoMinsa":28982,"direccion":"AVENIDA PERU PISO 1 MANZANA F LOTE 14 URBANIZACIÓN QUISPICANCHI DISTRITO CUSCO PROVINCIA CUSCO DEPARTAMENTO CUSCO","disa":"CUSCO","red":"NO PERTENECE A NINGUNA RED","microrred":"NO PERTENECE A NINGUNA MICRORED","categoria":"ESTABLECIMIENTO DE SALUD SIN INTERNAMIENTO","condicion":"ACTIVO","actualizado":"2023/08/01 19:00:00.000","fuente":"MINSA","urlRenipr":"http://app20.susalud.gob.pe:8080/registro-renipress-webapp/ipress.htm?action=mostrarVer&idipress=00028982"}},{"type":"Feature","geometry":{"type":"Point","coordinates":[-71.96746259999998,-13.531949999999938]},"properties":{"objectid":4071,"nombre":"IMPLANTES DENTALES","departamento":"CUSCO","provincia":"CUSCO","distrito":"WANCHAQ","institucion":"PRIVADO","codigoMinsa":28983,"direccion":"JIRÓN LA UNION TERCER PARADERO DE TTIO PISO 1 LOTE G-2-10 DISTRITO WANCHAQ PROVINCIA CUSCO DEPARTAMENTO CUSCO","disa":"CUSCO","red":"NO PERTENECE A NINGUNA RED","microrred":"NO PERTENECE A NINGUNA MICRORED","categoria":"ESTABLECIMIENTO DE SALUD SIN INTERNAMIENTO","condicion":"ACTIVO","actualizado":"2023/08/01 19:00:00.000","fuente":"MINSA","urlRenipr":"http://app20.susalud.gob.pe:8080/registro-renipress-webapp/ipress.htm?action=mostrarVer&idipress=00028983"}},{"type":"Feature","geometry":{"type":"Point","coordinates":[-71.98197599999997,-13.52633499999996]},"properties":{"objectid":4073,"nombre":"MAMA CANGURO","departamento":"CUSCO","provincia":"CUSCO","distrito":"SANTIAGO","institucion":"PRIVADO","codigoMinsa":28968,"direccion":"CALLE GIRALDO RUIZ CARO - C NÚMERO 779 PISO 2 DISTRITO SANTIAGO PROVINCIA CUSCO DEPARTAMENTO CUSCO","disa":"CUSCO","red":"NO PERTENECE A NINGUNA RED","microrred":"NO PERTENECE A NINGUNA MICRORED","categoria":"ESTABLECIMIENTO DE SALUD SIN INTERNAMIENTO","condicion":"ACTIVO","actualizado":"2023/08/01 19:00:00.000","fuente":"MINSA","urlRenipr":"http://app20.susalud.gob.pe:8080/registro-renipress-webapp/ipress.htm?action=mostrarVer&idipress=00028968"}},{"type":"Feature","geometry":{"type":"Point","coordinates":[-71.96920395999996,-13.52924330999997]},"properties":{"objectid":4100,"nombre":"SUMAQ ASIRI","departamento":"CUSCO","provincia":"CUSCO","distrito":"WANCHAQ","institucion":"PRIVADO","codigoMinsa":28998,"direccion":"CALLE LINEA FERREA NÚMERO 606 PISO 1 DISTRITO WANCHAQ PROVINCIA CUSCO DEPARTAMENTO CUSCO","disa":"CUSCO","red":"NO PERTENECE A NINGUNA RED","microrred":"NO PERTENECE A NINGUNA MICRORED","categoria":"ESTABLECIMIENTO DE SALUD SIN INTERNAMIENTO","condicion":"ACTIVO","actualizado":"2023/08/01 19:00:00.000","fuente":"MINSA","urlRenipr":"http://app20.susalud.gob.pe:8080/registro-renipress-webapp/ipress.htm?action=mostrarVer&idipress=00028998"}},{"type":"Feature","geometry":{"type":"Point","coordinates":[-71.89315799999997,-13.549179999999978]},"properties":{"objectid":4137,"nombre":"FUNCIONAL SUR","departamento":"CUSCO","provincia":"CUSCO","distrito":"SAN JERONIMO","institucion":"PRIVADO","codigoMinsa":31089,"direccion":"CALLE KALLAMPATA NÚMERO 341 PISO 1 DISTRITO SAN JERONIMO PROVINCIA CUSCO DEPARTAMENTO CUSCO","disa":"CUSCO","red":"","microrred":"","categoria":"ESTABLECIMIENTO DE SALUD SIN INTERNAMIENTO","condicion":"ACTIVO","actualizado":"2023/08/01 19:00:00.000","fuente":"MINSA","urlRenipr":"http://app20.susalud.gob.pe:8080/registro-renipress-webapp/ipress.htm?action=mostrarVer&idipress=00031089"}},{"type":"Feature","geometry":{"type":"Point","coordinates":[-71.95912740999995,-13.531840019999947]},"properties":{"objectid":4177,"nombre":"SAMI WARMA","departamento":"CUSCO","provincia":"CUSCO","distrito":"WANCHAQ","institucion":"PRIVADO","codigoMinsa":30717,"direccion":"PASAJE LUIS ALBERTO SANCHEZ MANZANA T LOTE 05 URBANIZACIÓN TTIO DISTRITO WANCHAQ PROVINCIA CUSCO DEPARTAMENTO CUSCO","disa":"CUSCO","red":"","microrred":"","categoria":"ESTABLECIMIENTO DE SALUD SIN INTERNAMIENTO","condicion":"ACTIVO","actualizado":"2023/08/01 19:00:00.000","fuente":"MINSA","urlRenipr":"http://app20.susalud.gob.pe:8080/registro-renipress-webapp/ipress.htm?action=mostrarVer&idipress=00030717"}},{"type":"Feature","geometry":{"type":"Point","coordinates":[-73.20411989999997,-12.638211099999978]},"properties":{"objectid":4210,"nombre":"BCT N° 314 - KEPASHIATO","departamento":"CUSCO","provincia":"LA CONVENCION","distrito":"ECHARATE","institucion":"SANIDAD DEL EJERCITO DEL PERU","codigoMinsa":24583,"direccion":"TROCHA CARRETERA ALTO UNION KEPASHIATO NÚMERO 1 PISO 1 DEPARTAMENTO 1 DISTRITO ECHARATE PROVINCIA LA CONVENCION DEPARTAMENTO CUSCO","disa":"CUSCO","red":"","microrred":"NO PERTENECE A NINGUNA MICRORED","categoria":"ESTABLECIMIENTO DE SALUD SIN INTERNAMIENTO","condicion":"ACTIVO","actualizado":"2023/08/01 19:00:00.000","fuente":"MINSA","urlRenipr":"http://app20.susalud.gob.pe:8080/registro-renipress-webapp/ipress.htm?action=mostrarVer&idipress=00024583"}},{"type":"Feature","geometry":{"type":"Point","coordinates":[-71.93987789999994,-13.53191229999993]},"properties":{"objectid":4217,"nombre":"QUINTA BRIGADA DE MONTAÑA","departamento":"CUSCO","provincia":"CUSCO","distrito":"SANTIAGO","institucion":"SANIDAD DEL EJERCITO DEL PERU","codigoMinsa":10920,"direccion":"AVENIDA AVENIDA AGUSTIN GAMARRA S/N NÚMERO S/N DISTRITO SANTIAGO PROVINCIA CUSCO DEPARTAMENTO CUSCO","disa":"CUSCO","red":"NO PERTENECE A NINGUNA RED","microrred":"NO PERTENECE A NINGUNA MICRORED","categoria":"ESTABLECIMIENTO DE SALUD SIN INTERNAMIENTO","condicion":"ACTIVO","actualizado":"2023/08/01 19:00:00.000","fuente":"MINSA","urlRenipr":"http://app20.susalud.gob.pe:8080/registro-renipress-webapp/ipress.htm?action=mostrarVer&idipress=00010920"}},{"type":"Feature","geometry":{"type":"Point","coordinates":[-71.87730205999998,-13.312926859999948]},"properties":{"objectid":4365,"nombre":"POQUES","departamento":"CUSCO","provincia":"CALCA","distrito":"LAMAY","institucion":"GOBIERNO REGIONAL","codigoMinsa":7146,"direccion":"CARRETERA CARRETERA PISAQ - COMUNIDAD POQUES / LAMAY / CALCA / CUSCO CARRETERA PISAQ - COMUNIDAD POQUES / LAMAY / CALCA / CUSCO LAMAY CALCA CUSCO","disa":"CUSCO","red":"CUSCO NORTE","microrred":"PISAC","categoria":"ESTABLECIMIENTO DE SALUD SIN INTERNAMIENTO","condicion":"ACTIVO","actualizado":"2023/08/01 19:00:00.000","fuente":"MINSA","urlRenipr":"http://app20.susalud.gob.pe:8080/registro-renipress-webapp/ipress.htm?action=mostrarVer&idipress=00007146"}},{"type":"Feature","geometry":{"type":"Point","coordinates":[-72.04246759999995,-13.49503674999994]},"properties":{"objectid":4366,"nombre":"POROY","departamento":"CUSCO","provincia":"CUSCO","distrito":"POROY","institucion":"GOBIERNO REGIONAL","codigoMinsa":2299,"direccion":"CARRETERA CARRETERA CUSCO CHINCHERO LOCALIDAD POROY / CUSCO CARRETERA CUSCO CHINCHERO LOCALIDAD POROY / CUSCO POROY CUSCO CUSCO","disa":"CUSCO","red":"CUSCO NORTE","microrred":"SIETE CUARTONES","categoria":"ESTABLECIMIENTO DE SALUD SIN INTERNAMIENTO","condicion":"ACTIVO","actualizado":"2023/08/01 19:00:00.000","fuente":"MINSA","urlRenipr":"http://app20.susalud.gob.pe:8080/registro-renipress-webapp/ipress.htm?action=mostrarVer&idipress=00002299"}},{"type":"Feature","geometry":{"type":"Point","coordinates":[-71.97659024999996,-13.595703679999929]},"properties":{"objectid":4367,"nombre":"OCCOPATA","departamento":"CUSCO","provincia":"CUSCO","distrito":"SANTIAGO","institucion":"GOBIERNO REGIONAL","codigoMinsa":2313,"direccion":"OTROS TROCHA CARROZABLE AHUANZAPATA / SANTIAGO / CUSCO DISTRITO SANTIAGO PROVINCIA CUSCO DEPARTAMENTO CUSCO","disa":"CUSCO","red":"CUSCO NORTE","microrred":"BELEMPAMPA","categoria":"ESTABLECIMIENTO DE SALUD SIN INTERNAMIENTO","condicion":"ACTIVO","actualizado":"2023/08/01 19:00:00.000","fuente":"MINSA","urlRenipr":"http://app20.susalud.gob.pe:8080/registro-renipress-webapp/ipress.htm?action=mostrarVer&idipress=00002313"}},{"type":"Feature","geometry":{"type":"Point","coordinates":[-71.91603684999995,-13.420324429999937]},"properties":{"objectid":4368,"nombre":"PATABAMBA","departamento":"CUSCO","provincia":"CALCA","distrito":"TARAY","institucion":"GOBIERNO REGIONAL","codigoMinsa":7144,"direccion":"OTROS COMUNIDAD PATABAMBA / TARAY / CALCA / CUSCO COMUNIDAD PATABAMBA / TARAY / CALCA / CUSCO TARAY CALCA CUSCO","disa":"CUSCO","red":"CUSCO NORTE","microrred":"CALCA","categoria":"ESTABLECIMIENTO DE SALUD SIN INTERNAMIENTO","condicion":"ACTIVO","actualizado":"2023/08/01 19:00:00.000","fuente":"MINSA","urlRenipr":"http://app20.susalud.gob.pe:8080/registro-renipress-webapp/ipress.htm?action=mostrarVer&idipress=00007144"}},{"type":"Feature","geometry":{"type":"Point","coordinates":[-71.98890190999998,-13.516406969999935]},"properties":{"objectid":4369,"nombre":"PICCHU LA RINCONADA","departamento":"CUSCO","provincia":"CUSCO","distrito":"CUSCO","institucion":"GOBIERNO REGIONAL","codigoMinsa":2294,"direccion":"OTROS PLAZOLETA LA RINCONADA S/N / CUSCO S/N PLAZOLETA LA RINCONADA S/N / CUSCO CUSCO CUSCO CUSCO","disa":"CUSCO","red":"CUSCO NORTE","microrred":"SIETE CUARTONES","categoria":"ESTABLECIMIENTO DE SALUD SIN INTERNAMIENTO","condicion":"ACTIVO","actualizado":"2023/08/01 19:00:00.000","fuente":"MINSA","urlRenipr":"http://app20.susalud.gob.pe:8080/registro-renipress-webapp/ipress.htm?action=mostrarVer&idipress=00002294"}},{"type":"Feature","geometry":{"type":"Point","coordinates":[-71.94017209999998,-13.527948099999946]},"properties":{"objectid":4815,"nombre":"SOEMA","departamento":"CUSCO","provincia":"CUSCO","distrito":"CUSCO","institucion":"PRIVADO","codigoMinsa":26195,"direccion":"AVENIDA LA CULTURA OFC. 306 al 309 N?ERO 1212 DISTRITO CUSCO PROVINCIA CUSCO DEPARTAMENTO CUSCO","disa":"CUSCO","red":"NO PERTENECE A NINGUNA RED","microrred":"NO PERTENECE A NINGUNA MICRORED","categoria":"ESTABLECIMIENTO DE SALUD SIN INTERNAMIENTO","condicion":"ACTIVO","actualizado":"2023/08/01 19:00:00.000","fuente":"MINSA","urlRenipr":"http://app20.susalud.gob.pe:8080/registro-renipress-webapp/ipress.htm?action=mostrarVer&idipress=00026195"}},{"type":"Feature","geometry":{"type":"Point","coordinates":[-71.97191969999994,-13.523301699999934]},"properties":{"objectid":4847,"nombre":"odontotal","departamento":"CUSCO","provincia":"CUSCO","distrito":"WANCHAQ","institucion":"PRIVADO","codigoMinsa":27456,"direccion":"AVENIDA Huascar NÚMERO 221 PISO 2 DISTRITO WANCHAQ PROVINCIA CUSCO DEPARTAMENTO CUSCO","disa":"CUSCO","red":"NO PERTENECE A NINGUNA RED","microrred":"NO PERTENECE A NINGUNA MICRORED","categoria":"ESTABLECIMIENTO DE SALUD SIN INTERNAMIENTO","condicion":"ACTIVO","actualizado":"2023/08/01 19:00:00.000","fuente":"MINSA","urlRenipr":"http://app20.susalud.gob.pe:8080/registro-renipress-webapp/ipress.htm?action=mostrarVer&idipress=00027456"}},{"type":"Feature","geometry":{"type":"Point","coordinates":[-71.91373013999998,-13.531183939999949]},"properties":{"objectid":4887,"nombre":"DERMAVIP","departamento":"CUSCO","provincia":"CUSCO","distrito":"SAN SEBASTIAN","institucion":"PRIVADO","codigoMinsa":16404,"direccion":"OTROS APV COVIDUC K-2 SAN SEBASTIAN DISTRITO SAN SEBASTIAN PROVINCIA CUSCO DEPARTAMENTO CUSCO","disa":"CUSCO","red":"NO PERTENECE A NINGUNA RED","microrred":"NO PERTENECE A NINGUNA MICRORED","categoria":"ESTABLECIMIENTO DE SALUD SIN INTERNAMIENTO","condicion":"ACTIVO","actualizado":"2023/08/01 19:00:00.000","fuente":"MINSA","urlRenipr":"http://app20.susalud.gob.pe:8080/registro-renipress-webapp/ipress.htm?action=mostrarVer&idipress=00016404"}},{"type":"Feature","geometry":{"type":"Point","coordinates":[-71.40406570999994,-14.790640719999942]},"properties":{"objectid":4951,"nombre":"ESPINAR","departamento":"CUSCO","provincia":"ESPINAR","distrito":"ESPINAR","institucion":"GOBIERNO REGIONAL","codigoMinsa":7135,"direccion":"CALLE DOMINGO HUARCA CRUZ, BARRIO TUPAC AMARU S/N ESPINAR ESPINAR CUSCO","disa":"CUSCO","red":"CANAS-CANCHIS-ESPINAR","microrred":"NO PERTENECE A NINGUNA MICRORED","categoria":"ESTABLECIMIENTO DE SALUD CON INTERNAMIENTO","condicion":"ACTIVO","actualizado":"2023/08/01 19:00:00.000","fuente":"MINSA","urlRenipr":"http://app20.susalud.gob.pe:8080/registro-renipress-webapp/ipress.htm?action=mostrarVer&idipress=00007135"}},{"type":"Feature","geometry":{"type":"Point","coordinates":[-72.04643444999994,-13.49484179999996]},"properties":{"objectid":5061,"nombre":"COG VISIÓN 20/20 POROY","departamento":"CUSCO","provincia":"CUSCO","distrito":"POROY","institucion":"PRIVADO","codigoMinsa":30066,"direccion":"OTROS AJOS QUINRAY SECTOR RAYAMPATA NÚMERO S/N PISO 01 DISTRITO POROY PROVINCIA CUSCO DEPARTAMENTO CUSCO","disa":"CUSCO","red":"","microrred":"","categoria":"ESTABLECIMIENTO DE SALUD SIN INTERNAMIENTO","condicion":"ACTIVO","actualizado":"2023/08/01 19:00:00.000","fuente":"MINSA","urlRenipr":"http://app20.susalud.gob.pe:8080/registro-renipress-webapp/ipress.htm?action=mostrarVer&idipress=00030066"}},{"type":"Feature","geometry":{"type":"Point","coordinates":[-71.94204289999993,-13.527826699999935]},"properties":{"objectid":5360,"nombre":"MEDICA DIAGNOSTIC - LA CULTURA","departamento":"CUSCO","provincia":"CUSCO","distrito":"WANCHAQ","institucion":"PRIVADO","codigoMinsa":31102,"direccion":"AVENIDA LA CULTURA NÚMERO 1418 PISO 1 DISTRITO WANCHAQ PROVINCIA CUSCO DEPARTAMENTO CUSCO","disa":"CUSCO","red":"","microrred":"","categoria":"SERVICIO MÉDICO DE APOYO","condicion":"ACTIVO","actualizado":"2023/08/01 19:00:00.000","fuente":"MINSA","urlRenipr":"http://app20.susalud.gob.pe:8080/registro-renipress-webapp/ipress.htm?action=mostrarVer&idipress=00031102"}},{"type":"Feature","geometry":{"type":"Point","coordinates":[-71.95631057999998,-13.525375939999947]},"properties":{"objectid":5361,"nombre":"MEDICA DIAGNOSTIC - CARRASCO","departamento":"CUSCO","provincia":"CUSCO","distrito":"WANCHAQ","institucion":"PRIVADO","codigoMinsa":29687,"direccion":"CALLE MANGLIO CARRASCO NÚMERO 220 PISO 1 DISTRITO WANCHAQ PROVINCIA CUSCO DEPARTAMENTO CUSCO","disa":"CUSCO","red":"","microrred":"","categoria":"SERVICIO MÉDICO DE APOYO","condicion":"ACTIVO","actualizado":"2023/08/01 19:00:00.000","fuente":"MINSA","urlRenipr":"http://app20.susalud.gob.pe:8080/registro-renipress-webapp/ipress.htm?action=mostrarVer&idipress=00029687"}},{"type":"Feature","geometry":{"type":"Point","coordinates":[-71.94204289999993,-13.527826699999935]},"properties":{"objectid":5457,"nombre":"VIDALAB","departamento":"CUSCO","provincia":"CUSCO","distrito":"WANCHAQ","institucion":"PRIVADO","codigoMinsa":31169,"direccion":"AVENIDA LA CULTURA NÚMERO 1212 PISO 4 DEPARTAMENTO 07 DISTRITO WANCHAQ PROVINCIA CUSCO DEPARTAMENTO CUSCO","disa":"CUSCO","red":"","microrred":"","categoria":"SERVICIO MÉDICO DE APOYO","condicion":"ACTIVO","actualizado":"2023/08/01 19:00:00.000","fuente":"MINSA","urlRenipr":"http://app20.susalud.gob.pe:8080/registro-renipress-webapp/ipress.htm?action=mostrarVer&idipress=00031169"}},{"type":"Feature","geometry":{"type":"Point","coordinates":[-72.92896502999997,-11.712091379999947]},"properties":{"objectid":5663,"nombre":"SHIVANKORENI","departamento":"CUSCO","provincia":"LA CONVENCION","distrito":"MEGANTONI","institucion":"GOBIERNO REGIONAL","codigoMinsa":2452,"direccion":"OTROS COMUNIDAD NATIVA SHIVANKORENI S/N MEGANTONI LA CONVENCION CUSCO","disa":"CUSCO","red":"LA CONVENCION","microrred":"KAMISEA","categoria":"ESTABLECIMIENTO DE SALUD SIN INTERNAMIENTO","condicion":"ACTIVO","actualizado":"2023/08/01 19:00:00.000","fuente":"MINSA","urlRenipr":"http://app20.susalud.gob.pe:8080/registro-renipress-webapp/ipress.htm?action=mostrarVer&idipress=00002452"}},{"type":"Feature","geometry":{"type":"Point","coordinates":[-73.13530685999996,-12.75387958999994]},"properties":{"objectid":5664,"nombre":"YUVENI","departamento":"CUSCO","provincia":"LA CONVENCION","distrito":"VILCABAMBA","institucion":"GOBIERNO REGIONAL","codigoMinsa":2489,"direccion":"OTROS YUVENI / VILCABAMBA / LA CONVENCION / CUSCO YUVENI / VILCABAMBA / LA CONVENCION / CUSCO VILCABAMBA LA CONVENCION CUSCO","disa":"CUSCO","red":"LA CONVENCION","microrred":"KITENI","categoria":"ESTABLECIMIENTO DE SALUD SIN INTERNAMIENTO","condicion":"ACTIVO","actualizado":"2023/08/01 19:00:00.000","fuente":"MINSA","urlRenipr":"http://app20.susalud.gob.pe:8080/registro-renipress-webapp/ipress.htm?action=mostrarVer&idipress=00002489"}},{"type":"Feature","geometry":{"type":"Point","coordinates":[-73.12308966999996,-11.98822518999998]},"properties":{"objectid":5665,"nombre":"CAMANA","departamento":"CUSCO","provincia":"LA CONVENCION","distrito":"MEGANTONI","institucion":"GOBIERNO REGIONAL","codigoMinsa":15844,"direccion":"OTROS COMUNIDAD NATIVA DE CAMANA S/N COMUNIDAD NATIVA DE CAMANA MEGANTONI LA CONVENCION CUSCO","disa":"CUSCO","red":"LA CONVENCION","microrred":"KAMISEA","categoria":"ESTABLECIMIENTO DE SALUD SIN INTERNAMIENTO","condicion":"ACTIVO","actualizado":"2023/08/01 19:00:00.000","fuente":"MINSA","urlRenipr":"http://app20.susalud.gob.pe:8080/registro-renipress-webapp/ipress.htm?action=mostrarVer&idipress=00015844"}},{"type":"Feature","geometry":{"type":"Point","coordinates":[-72.68972808999996,-12.521281579999936]},"properties":{"objectid":5666,"nombre":"CHAPO BOYERO","departamento":"CUSCO","provincia":"LA CONVENCION","distrito":"QUELLOUNO","institucion":"GOBIERNO REGIONAL","codigoMinsa":8909,"direccion":"OTROS COMUNIDAD DE CHAPO CHICO / QUELLOUNO / LA CONVENCIÓN / CUSCO COMUNIDAD DE CHAPO CHICO / QUELLOUNO / LA CONVENCIÓN / CUSCO QUELLOUNO LA CONVENCION CUSCO","disa":"CUSCO","red":"LA CONVENCION","microrred":"QUELLOUNO","categoria":"ESTABLECIMIENTO DE SALUD SIN INTERNAMIENTO","condicion":"ACTIVO","actualizado":"2023/08/01 19:00:00.000","fuente":"MINSA","urlRenipr":"http://app20.susalud.gob.pe:8080/registro-renipress-webapp/ipress.htm?action=mostrarVer&idipress=00008909"}},{"type":"Feature","geometry":{"type":"Point","coordinates":[-72.44638603999994,-12.869015109999964]},"properties":{"objectid":5667,"nombre":"OCCOBAMBA LACONVENCION","departamento":"CUSCO","provincia":"LA CONVENCION","distrito":"OCOBAMBA","institucion":"GOBIERNO REGIONAL","codigoMinsa":2462,"direccion":"OTROS POBLADO QELCAYBAMBA / OCCOBAMBA / LA CONVENCION / CUSCO POBLADO QELCAYBAMBA / OCCOBAMBA / LA CONVENCION / CUSCO OCOBAMBA LA CONVENCION CUSCO","disa":"CUSCO","red":"LA CONVENCION","microrred":"QUELLOUNO","categoria":"ESTABLECIMIENTO DE SALUD SIN INTERNAMIENTO","condicion":"ACTIVO","actualizado":"2023/08/01 19:00:00.000","fuente":"MINSA","urlRenipr":"http://app20.susalud.gob.pe:8080/registro-renipress-webapp/ipress.htm?action=mostrarVer&idipress=00002462"}},{"type":"Feature","geometry":{"type":"Point","coordinates":[-72.86309845999995,-12.297097319999978]},"properties":{"objectid":5668,"nombre":"SANIRIATO","departamento":"CUSCO","provincia":"LA CONVENCION","distrito":"ECHARATE","institucion":"GOBIERNO REGIONAL","codigoMinsa":2443,"direccion":"OTROS SANIRIATO / ECHARATE / LA CONVENCION / CUSCO SANIRIATO / ECHARATE / LA CONVENCION / CUSCO ECHARATE LA CONVENCION CUSCO","disa":"CUSCO","red":"LA CONVENCION","microrred":"KITENI","categoria":"ESTABLECIMIENTO DE SALUD SIN INTERNAMIENTO","condicion":"ACTIVO","actualizado":"2023/08/01 19:00:00.000","fuente":"MINSA","urlRenipr":"http://app20.susalud.gob.pe:8080/registro-renipress-webapp/ipress.htm?action=mostrarVer&idipress=00002443"}},{"type":"Feature","geometry":{"type":"Point","coordinates":[-73.13408162999997,-11.780595729999959]},"properties":{"objectid":5669,"nombre":"PUERTO HUALLANA","departamento":"CUSCO","provincia":"LA CONVENCION","distrito":"MEGANTONI","institucion":"GOBIERNO REGIONAL","codigoMinsa":2441,"direccion":"OTROS COMUNIDAD NATIVA PUERTO HUALLANA S/N MEGANTONI LA CONVENCION CUSCO","disa":"CUSCO","red":"LA CONVENCION","microrred":"KAMISEA","categoria":"ESTABLECIMIENTO DE SALUD SIN INTERNAMIENTO","condicion":"ACTIVO","actualizado":"2023/08/01 19:00:00.000","fuente":"MINSA","urlRenipr":"http://app20.susalud.gob.pe:8080/registro-renipress-webapp/ipress.htm?action=mostrarVer&idipress=00002441"}},{"type":"Feature","geometry":{"type":"Point","coordinates":[-71.96205349999997,-13.523435399999926]},"properties":{"objectid":5772,"nombre":"UMSO","departamento":"CUSCO","provincia":"CUSCO","distrito":"WANCHAQ","institucion":"PRIVADO","codigoMinsa":18423,"direccion":"AVENIDA PEDRO VILCAPAZA NÚMERO 203 DISTRITO WANCHAQ PROVINCIA CUSCO DEPARTAMENTO CUSCO","disa":"CUSCO","red":"NO PERTENECE A NINGUNA RED","microrred":"NO PERTENECE A NINGUNA MICRORED","categoria":"ESTABLECIMIENTO DE SALUD SIN INTERNAMIENTO","condicion":"ACTIVO","actualizado":"2023/08/01 19:00:00.000","fuente":"MINSA","urlRenipr":"http://app20.susalud.gob.pe:8080/registro-renipress-webapp/ipress.htm?action=mostrarVer&idipress=00018423"}},{"type":"Feature","geometry":{"type":"Point","coordinates":[-71.96108966999998,-13.524439559999962]},"properties":{"objectid":5828,"nombre":"SALUD INTEGRAL CUSCO","departamento":"CUSCO","provincia":"CUSCO","distrito":"WANCHAQ","institucion":"PRIVADO","codigoMinsa":28991,"direccion":"AVENIDA LOS INCAS OFICINA 201,204,205 NÚMERO 900 PISO 2 DISTRITO WANCHAQ PROVINCIA CUSCO DEPARTAMENTO CUSCO","disa":"CUSCO","red":"NO PERTENECE A NINGUNA RED","microrred":"NO PERTENECE A NINGUNA MICRORED","categoria":"ESTABLECIMIENTO DE SALUD SIN INTERNAMIENTO","condicion":"ACTIVO","actualizado":"2023/08/01 19:00:00.000","fuente":"MINSA","urlRenipr":"http://app20.susalud.gob.pe:8080/registro-renipress-webapp/ipress.htm?action=mostrarVer&idipress=00028991"}},{"type":"Feature","geometry":{"type":"Point","coordinates":[-71.95982492999997,-13.524265789999959]},"properties":{"objectid":5864,"nombre":"C.M.S.O. GRUPO SOLIDA","departamento":"CUSCO","provincia":"CUSCO","distrito":"WANCHAQ","institucion":"PRIVADO","codigoMinsa":25280,"direccion":"AVENIDA MICAELA BASTIDAS SEGUNDO Y TERCER PISO NÚMERO 609 DISTRITO WANCHAQ PROVINCIA CUSCO DEPARTAMENTO CUSCO","disa":"CUSCO","red":"NO PERTENECE A NINGUNA RED","microrred":"NO PERTENECE A NINGUNA MICRORED","categoria":"ESTABLECIMIENTO DE SALUD SIN INTERNAMIENTO","condicion":"ACTIVO","actualizado":"2023/08/01 19:00:00.000","fuente":"MINSA","urlRenipr":"http://app20.susalud.gob.pe:8080/registro-renipress-webapp/ipress.htm?action=mostrarVer&idipress=00025280"}},{"type":"Feature","geometry":{"type":"Point","coordinates":[-71.96770799999996,-13.52663999999993]},"properties":{"objectid":5885,"nombre":"LUDEDENT","departamento":"CUSCO","provincia":"CUSCO","distrito":"WANCHAQ","institucion":"PRIVADO","codigoMinsa":26081,"direccion":"URBANIZACIÓN Constancia NÚMERO A8 PISO 4 DEPARTAMENTO 403 DISTRITO WANCHAQ PROVINCIA CUSCO DEPARTAMENTO CUSCO","disa":"CUSCO","red":"NO PERTENECE A NINGUNA RED","microrred":"NO PERTENECE A NINGUNA MICRORED","categoria":"ESTABLECIMIENTO DE SALUD SIN INTERNAMIENTO","condicion":"ACTIVO","actualizado":"2023/08/01 19:00:00.000","fuente":"MINSA","urlRenipr":"http://app20.susalud.gob.pe:8080/registro-renipress-webapp/ipress.htm?action=mostrarVer&idipress=00026081"}},{"type":"Feature","geometry":{"type":"Point","coordinates":[-71.50927653999997,-13.430122799999936]},"properties":{"objectid":5939,"nombre":"MOLLOMARCA","departamento":"CUSCO","provincia":"PAUCARTAMBO","distrito":"PAUCARTAMBO","institucion":"GOBIERNO REGIONAL","codigoMinsa":2511,"direccion":"PLAZA PLAZA DE ARMAS DE MOLLOMARCA S/N / PAUCARTAMBO / PAUCARTAMBO / CUSCO NÚMERO S/N DISTRITO PAUCARTAMBO PROVINCIA PAUCARTAMBO DEPARTAMENTO CUSCO","disa":"CUSCO","red":"CUSCO SUR","microrred":"PAUCARTAMBO","categoria":"ESTABLECIMIENTO DE SALUD SIN INTERNAMIENTO","condicion":"ACTIVO","actualizado":"2023/08/01 19:00:00.000","fuente":"MINSA","urlRenipr":"http://app20.susalud.gob.pe:8080/registro-renipress-webapp/ipress.htm?action=mostrarVer&idipress=00002511"}},{"type":"Feature","geometry":{"type":"Point","coordinates":[-71.88002086999995,-13.548846319999939]},"properties":{"objectid":5940,"nombre":"SAN JERONIMO","departamento":"CUSCO","provincia":"CUSCO","distrito":"SAN JERONIMO","institucion":"GOBIERNO REGIONAL","codigoMinsa":2300,"direccion":"AVENIDA AVENIDA MANCO CÀPAC S/N / SAN JERÓNIMO / CUSCO / CUSCO S/N AVENIDA MANCO CÀPAC S/N / SAN JERÓNIMO / CUSCO / CUSCO SAN JERONIMO CUSCO CUSCO","disa":"CUSCO","red":"CUSCO SUR","microrred":"CUSCO","categoria":"ESTABLECIMIENTO DE SALUD CON INTERNAMIENTO","condicion":"ACTIVO","actualizado":"2023/08/01 19:00:00.000","fuente":"MINSA","urlRenipr":"http://app20.susalud.gob.pe:8080/registro-renipress-webapp/ipress.htm?action=mostrarVer&idipress=00002300"}},{"type":"Feature","geometry":{"type":"Point","coordinates":[-71.94949574999998,-13.525017609999963]},"properties":{"objectid":6083,"nombre":"DRA. CHASKA","departamento":"CUSCO","provincia":"CUSCO","distrito":"CUSCO","institucion":"PRIVADO","codigoMinsa":29279,"direccion":"AVENIDA FORTUNATO L HERRERA N?ERO 113 DEPARTAMENTO 101 URBANIZACI? MAGISTERIO I ETAPA DISTRITO CUSCO PROVINCIA CUSCO DEPARTAMENTO CUSCO","disa":"CUSCO","red":"","microrred":"","categoria":"ESTABLECIMIENTO DE SALUD SIN INTERNAMIENTO","condicion":"ACTIVO","actualizado":"2023/08/01 19:00:00.000","fuente":"MINSA","urlRenipr":"http://app20.susalud.gob.pe:8080/registro-renipress-webapp/ipress.htm?action=mostrarVer&idipress=00029279"}},{"type":"Feature","geometry":{"type":"Point","coordinates":[-70.97405816999998,-13.896046599999977]},"properties":{"objectid":6090,"nombre":"PHINAYA","departamento":"CUSCO","provincia":"CANCHIS","distrito":"PITUMARCA","institucion":"GOBIERNO REGIONAL","codigoMinsa":2393,"direccion":"OTROS CENTRO POBLADO PHINAYA / PITUMARCA / CANCHIS / CUSCO DISTRITO PITUMARCA PROVINCIA CANCHIS DEPARTAMENTO CUSCO","disa":"CUSCO","red":"CANAS-CANCHIS-ESPINAR","microrred":"PAMPAPHALLA","categoria":"ESTABLECIMIENTO DE SALUD SIN INTERNAMIENTO","condicion":"ACTIVO","actualizado":"2023/08/01 19:00:00.000","fuente":"MINSA","urlRenipr":"http://app20.susalud.gob.pe:8080/registro-renipress-webapp/ipress.htm?action=mostrarVer&idipress=00002393"}},{"type":"Feature","geometry":{"type":"Point","coordinates":[-71.39526852999995,-14.47355484999997]},"properties":{"objectid":6091,"nombre":"CHECCA","departamento":"CUSCO","provincia":"CANAS","distrito":"CHECCA","institucion":"GOBIERNO REGIONAL","codigoMinsa":2366,"direccion":"AVENIDA AVENIDA PROGRESO SIN NUMERO / CHECCA / CANAS / CUSCO AVENIDA PROGRESO SIN NUMERO / CHECCA / CANAS / CUSCO CHECCA CANAS CUSCO","disa":"CUSCO","red":"CANAS-CANCHIS-ESPINAR","microrred":"EL DESCANSO","categoria":"ESTABLECIMIENTO DE SALUD SIN INTERNAMIENTO","condicion":"ACTIVO","actualizado":"2023/08/01 19:00:00.000","fuente":"MINSA","urlRenipr":"http://app20.susalud.gob.pe:8080/registro-renipress-webapp/ipress.htm?action=mostrarVer&idipress=00002366"}},{"type":"Feature","geometry":{"type":"Point","coordinates":[-71.19504862999997,-14.165532309999946]},"properties":{"objectid":6092,"nombre":"SANTA BARBARA","departamento":"CUSCO","provincia":"CANCHIS","distrito":"SAN PABLO","institucion":"GOBIERNO REGIONAL","codigoMinsa":2395,"direccion":"OTROS CENTRO POBLADO MENOR SANTA BARBARA / SAN PABLO / CANCHIS / CUSCO DISTRITO SAN PABLO PROVINCIA CANCHIS DEPARTAMENTO CUSCO","disa":"CUSCO","red":"CANAS-CANCHIS-ESPINAR","microrred":"PAMPAPHALLA","categoria":"ESTABLECIMIENTO DE SALUD SIN INTERNAMIENTO","condicion":"ACTIVO","actualizado":"2023/08/01 19:00:00.000","fuente":"MINSA","urlRenipr":"http://app20.susalud.gob.pe:8080/registro-renipress-webapp/ipress.htm?action=mostrarVer&idipress=00002395"}},{"type":"Feature","geometry":{"type":"Point","coordinates":[-71.54189663999995,-14.14831234999997]},"properties":{"objectid":6093,"nombre":"TOCCOCCORI","departamento":"CUSCO","provincia":"CANAS","distrito":"TUPAC AMARU","institucion":"GOBIERNO REGIONAL","codigoMinsa":2377,"direccion":"OTROS COMUNIDAD TOCCOCCORI / TUPAC AMARU / CANAS / CUSCO DISTRITO TUPAC AMARU PROVINCIA CANAS DEPARTAMENTO CUSCO","disa":"CUSCO","red":"CANAS-CANCHIS-ESPINAR","microrred":"YANAOCA","categoria":"ESTABLECIMIENTO DE SALUD SIN INTERNAMIENTO","condicion":"ACTIVO","actualizado":"2023/08/01 19:00:00.000","fuente":"MINSA","urlRenipr":"http://app20.susalud.gob.pe:8080/registro-renipress-webapp/ipress.htm?action=mostrarVer&idipress=00002377"}},{"type":"Feature","geometry":{"type":"Point","coordinates":[-71.49884614999996,-14.212921439999946]},"properties":{"objectid":6094,"nombre":"PONGOÑA","departamento":"CUSCO","provincia":"CANAS","distrito":"YANAOCA","institucion":"GOBIERNO REGIONAL","codigoMinsa":2365,"direccion":"OTROS CENTRO POBLADO PONGOÑA - YANAOCA - CANAS - CUSCO DISTRITO YANAOCA PROVINCIA CANAS DEPARTAMENTO CUSCO","disa":"CUSCO","red":"CANAS-CANCHIS-ESPINAR","microrred":"YANAOCA","categoria":"ESTABLECIMIENTO DE SALUD SIN INTERNAMIENTO","condicion":"ACTIVO","actualizado":"2023/08/01 19:00:00.000","fuente":"MINSA","urlRenipr":"http://app20.susalud.gob.pe:8080/registro-renipress-webapp/ipress.htm?action=mostrarVer&idipress=00002365"}},{"type":"Feature","geometry":{"type":"Point","coordinates":[-71.95706159999997,-13.524447559999942]},"properties":{"objectid":6260,"nombre":"DIAGNOSTIC ALFALAB","departamento":"CUSCO","provincia":"CUSCO","distrito":"WANCHAQ","institucion":"PRIVADO","codigoMinsa":31105,"direccion":"JIRÓN HERMANOS AYAR OFICINA 206 PISO 2 LOTE 106 DISTRITO WANCHAQ PROVINCIA CUSCO DEPARTAMENTO CUSCO","disa":"CUSCO","red":"","microrred":"","categoria":"SERVICIO MÉDICO DE APOYO","condicion":"ACTIVO","actualizado":"2023/08/01 19:00:00.000","fuente":"MINSA","urlRenipr":"http://app20.susalud.gob.pe:8080/registro-renipress-webapp/ipress.htm?action=mostrarVer&idipress=00031105"}},{"type":"Feature","geometry":{"type":"Point","coordinates":[-71.97211629999998,-13.520928699999956]},"properties":{"objectid":6147,"nombre":"HABLA COMUNICARE","departamento":"CUSCO","provincia":"CUSCO","distrito":"WANCHAQ","institucion":"PRIVADO","codigoMinsa":27947,"direccion":"AVENIDA HUASCAR NÚMERO 140 A2 PISO 2 INTERIOR 210 DISTRITO WANCHAQ PROVINCIA CUSCO DEPARTAMENTO CUSCO","disa":"CUSCO","red":"NO PERTENECE A NINGUNA RED","microrred":"NO PERTENECE A NINGUNA MICRORED","categoria":"ESTABLECIMIENTO DE SALUD SIN INTERNAMIENTO","condicion":"ACTIVO","actualizado":"2023/08/01 19:00:00.000","fuente":"MINSA","urlRenipr":"http://app20.susalud.gob.pe:8080/registro-renipress-webapp/ipress.htm?action=mostrarVer&idipress=00027947"}},{"type":"Feature","geometry":{"type":"Point","coordinates":[-71.96421569999995,-13.522077809999928]},"properties":{"objectid":6170,"nombre":"UNIDENT´S","departamento":"CUSCO","provincia":"CUSCO","distrito":"WANCHAQ","institucion":"PRIVADO","codigoMinsa":28555,"direccion":"AVENIDA DE LA CULTURA NÚMERO 738 PISO 2 DEPARTAMENTO 2 INTERIOR 211 DISTRITO WANCHAQ PROVINCIA CUSCO DEPARTAMENTO CUSCO","disa":"CUSCO","red":"NO PERTENECE A NINGUNA RED","microrred":"NO PERTENECE A NINGUNA MICRORED","categoria":"ESTABLECIMIENTO DE SALUD SIN INTERNAMIENTO","condicion":"ACTIVO","actualizado":"2023/08/01 19:00:00.000","fuente":"MINSA","urlRenipr":"http://app20.susalud.gob.pe:8080/registro-renipress-webapp/ipress.htm?action=mostrarVer&idipress=00028555"}},{"type":"Feature","geometry":{"type":"Point","coordinates":[-71.94581440999997,-13.522826259999931]},"properties":{"objectid":6225,"nombre":"Dra. Denisse Bueno","departamento":"CUSCO","provincia":"CUSCO","distrito":"SAN SEBASTIAN","institucion":"PRIVADO","codigoMinsa":29408,"direccion":"AVENIDA Collasuyo FRACCION A-1 , A1-3 DISTRITO SAN SEBASTIAN PROVINCIA CUSCO DEPARTAMENTO CUSCO","disa":"CUSCO","red":"","microrred":"","categoria":"ESTABLECIMIENTO DE SALUD SIN INTERNAMIENTO","condicion":"ACTIVO","actualizado":"2023/08/01 19:00:00.000","fuente":"MINSA","urlRenipr":"http://app20.susalud.gob.pe:8080/registro-renipress-webapp/ipress.htm?action=mostrarVer&idipress=00029408"}},{"type":"Feature","geometry":{"type":"Point","coordinates":[-71.97882569999996,-13.523942419999969]},"properties":{"objectid":6229,"nombre":"FIGUEROA","departamento":"CUSCO","provincia":"CUSCO","distrito":"CUSCO","institucion":"PRIVADO","codigoMinsa":28994,"direccion":"CALLE TRES CRUCES DE ORO NÚMERO 496 PISO 2 DISTRITO CUSCO PROVINCIA CUSCO DEPARTAMENTO CUSCO","disa":"CUSCO","red":"NO PERTENECE A NINGUNA RED","microrred":"NO PERTENECE A NINGUNA MICRORED","categoria":"ESTABLECIMIENTO DE SALUD SIN INTERNAMIENTO","condicion":"ACTIVO","actualizado":"2023/08/01 19:00:00.000","fuente":"MINSA","urlRenipr":"http://app20.susalud.gob.pe:8080/registro-renipress-webapp/ipress.htm?action=mostrarVer&idipress=00028994"}},{"type":"Feature","geometry":{"type":"Point","coordinates":[-71.93473869999997,-13.529310599999974]},"properties":{"objectid":6261,"nombre":"DENTAL ECC","departamento":"CUSCO","provincia":"CUSCO","distrito":"SAN SEBASTIAN","institucion":"PRIVADO","codigoMinsa":30262,"direccion":"PROLONGACIÓN AVENIDA DE LA CULTURA SOTANO NÚMERO 1507 DISTRITO SAN SEBASTIAN PROVINCIA CUSCO DEPARTAMENTO CUSCO","disa":"CUSCO","red":"","microrred":"","categoria":"ESTABLECIMIENTO DE SALUD SIN INTERNAMIENTO","condicion":"ACTIVO","actualizado":"2023/08/01 19:00:00.000","fuente":"MINSA","urlRenipr":"http://app20.susalud.gob.pe:8080/registro-renipress-webapp/ipress.htm?action=mostrarVer&idipress=00030262"}},{"type":"Feature","geometry":{"type":"Point","coordinates":[-71.96746259999998,-13.531949999999938]},"properties":{"objectid":6263,"nombre":"NEUMOVIDA","departamento":"CUSCO","provincia":"CUSCO","distrito":"CUSCO","institucion":"PRIVADO","codigoMinsa":29519,"direccion":"AVENIDA JOSE GABRIEL COSIO PRIMER Y SEGUNDO PISO NÚMERO 403 LOTE B URBANIZACIÓN MAGISTERIO DISTRITO CUSCO PROVINCIA CUSCO DEPARTAMENTO CUSCO","disa":"CUSCO","red":"","microrred":"","categoria":"ESTABLECIMIENTO DE SALUD SIN INTERNAMIENTO","condicion":"ACTIVO","actualizado":"2023/08/01 19:00:00.000","fuente":"MINSA","urlRenipr":"http://app20.susalud.gob.pe:8080/registro-renipress-webapp/ipress.htm?action=mostrarVer&idipress=00029519"}},{"type":"Feature","geometry":{"type":"Point","coordinates":[-71.95495329999994,-13.32408399999997]},"properties":{"objectid":6278,"nombre":"SAN JOSE DE CALCA","departamento":"CUSCO","provincia":"CALCA","distrito":"CALCA","institucion":"PRIVADO","codigoMinsa":30725,"direccion":"AVENIDA UCAYALI NÚMERO S/N DISTRITO CALCA PROVINCIA CALCA DEPARTAMENTO CUSCO","disa":"CUSCO","red":"","microrred":"","categoria":"ESTABLECIMIENTO DE SALUD SIN INTERNAMIENTO","condicion":"ACTIVO","actualizado":"2023/08/01 19:00:00.000","fuente":"MINSA","urlRenipr":"http://app20.susalud.gob.pe:8080/registro-renipress-webapp/ipress.htm?action=mostrarVer&idipress=00030725"}},{"type":"Feature","geometry":{"type":"Point","coordinates":[-71.94976001999999,-13.524981989999958]},"properties":{"objectid":6368,"nombre":"VIGPRO SALUD","departamento":"CUSCO","provincia":"CUSCO","distrito":"CUSCO","institucion":"PRIVADO","codigoMinsa":28942,"direccion":"CALLE CLORINDA MATTO DE TURNER NÚMERO 308 URBANIZACIÓN MAGISTERIAL I ETAPA DISTRITO CUSCO PROVINCIA CUSCO DEPARTAMENTO CUSCO","disa":"CUSCO","red":"NO PERTENECE A NINGUNA RED","microrred":"NO PERTENECE A NINGUNA MICRORED","categoria":"ESTABLECIMIENTO DE SALUD SIN INTERNAMIENTO","condicion":"ACTIVO","actualizado":"2023/08/01 19:00:00.000","fuente":"MINSA","urlRenipr":"http://app20.susalud.gob.pe:8080/registro-renipress-webapp/ipress.htm?action=mostrarVer&idipress=00028942"}},{"type":"Feature","geometry":{"type":"Point","coordinates":[-72.37764163999998,-12.626039599999956]},"properties":{"objectid":6447,"nombre":"CHANCAMAYO","departamento":"CUSCO","provincia":"CALCA","distrito":"YANATILE","institucion":"GOBIERNO REGIONAL","codigoMinsa":7142,"direccion":"CARRETERA CARRETERA CALCA - QUELLOUNO LOCALIDAD CHANCAMAYO / YANATILE / CALCA / CUSCO DISTRITO YANATILE PROVINCIA CALCA DEPARTAMENTO CUSCO","disa":"CUSCO","red":"CUSCO NORTE","microrred":"YANATILE","categoria":"ESTABLECIMIENTO DE SALUD SIN INTERNAMIENTO","condicion":"ACTIVO","actualizado":"2023/08/01 19:00:00.000","fuente":"MINSA","urlRenipr":"http://app20.susalud.gob.pe:8080/registro-renipress-webapp/ipress.htm?action=mostrarVer&idipress=00007142"}},{"type":"Feature","geometry":{"type":"Point","coordinates":[-72.06310120999996,-13.336369109999964]},"properties":{"objectid":6449,"nombre":"HUAYLLABAMBA","departamento":"CUSCO","provincia":"URUBAMBA","distrito":"HUAYLLABAMBA","institucion":"GOBIERNO REGIONAL","codigoMinsa":2545,"direccion":"CALLE CALLE SOL S/N SECTOR LA PLAYA / HUAYLLABAMBA / URUBAMBA / CUSCO S/N CALLE SOL S/N SECTOR LA PLAYA / HUAYLLABAMBA / URUBAMBA / CUSCO HUAYLLABAMBA URUBAMBA CUSCO","disa":"CUSCO","red":"CUSCO NORTE","microrred":"URUBAMBA","categoria":"ESTABLECIMIENTO DE SALUD SIN INTERNAMIENTO","condicion":"ACTIVO","actualizado":"2023/08/01 19:00:00.000","fuente":"MINSA","urlRenipr":"http://app20.susalud.gob.pe:8080/registro-renipress-webapp/ipress.htm?action=mostrarVer&idipress=00002545"}},{"type":"Feature","geometry":{"type":"Point","coordinates":[-72.03644272999998,-13.037153219999936]},"properties":{"objectid":6450,"nombre":"CHOQUECANCHA","departamento":"CUSCO","provincia":"CALCA","distrito":"LARES","institucion":"GOBIERNO REGIONAL","codigoMinsa":2346,"direccion":"PLAZA PLAZA DE ARMAS DE CHOQUECANCHA / LARES / CALCA / CUSCO PLAZA DE ARMAS DE CHOQUECANCHA / LARES / CALCA / CUSCO LARES CALCA CUSCO","disa":"CUSCO","red":"CUSCO NORTE","microrred":"CALCA","categoria":"ESTABLECIMIENTO DE SALUD SIN INTERNAMIENTO","condicion":"ACTIVO","actualizado":"2023/08/01 19:00:00.000","fuente":"MINSA","urlRenipr":"http://app20.susalud.gob.pe:8080/registro-renipress-webapp/ipress.htm?action=mostrarVer&idipress=00002346"}},{"type":"Feature","geometry":{"type":"Point","coordinates":[-72.11159703999994,-13.48130810999993]},"properties":{"objectid":6451,"nombre":"PUCYURA ANTA","departamento":"CUSCO","provincia":"ANTA","distrito":"PUCYURA","institucion":"GOBIERNO REGIONAL","codigoMinsa":2339,"direccion":"OTROS VIA CUSCO - ABANCAY KM 20 / PUCYURA / ANTA / CUSCO VIA CUSCO - ABANCAY KM 20 / PUCYURA / ANTA / CUSCO PUCYURA ANTA CUSCO","disa":"CUSCO","red":"CUSCO NORTE","microrred":"ANTA","categoria":"ESTABLECIMIENTO DE SALUD SIN INTERNAMIENTO","condicion":"ACTIVO","actualizado":"2023/08/01 19:00:00.000","fuente":"MINSA","urlRenipr":"http://app20.susalud.gob.pe:8080/registro-renipress-webapp/ipress.htm?action=mostrarVer&idipress=00002339"}},{"type":"Feature","geometry":{"type":"Point","coordinates":[-71.98266458999996,-13.531757869999979]},"properties":{"objectid":6452,"nombre":"ZARZUELA ALTA","departamento":"CUSCO","provincia":"CUSCO","distrito":"SANTIAGO","institucion":"GOBIERNO REGIONAL","codigoMinsa":2308,"direccion":"AVENIDA AVENIDA JOSE OLAYA S/N ZARZUELA ALTA/ SANTIAGO / CUSCO S/N AVENIDA JOSE OLAYA S/N ZARZUELA ALTA/ SANTIAGO / CUSCO SANTIAGO CUSCO CUSCO","disa":"CUSCO","red":"CUSCO NORTE","microrred":"BELEMPAMPA","categoria":"ESTABLECIMIENTO DE SALUD SIN INTERNAMIENTO","condicion":"ACTIVO","actualizado":"2023/08/01 19:00:00.000","fuente":"MINSA","urlRenipr":"http://app20.susalud.gob.pe:8080/registro-renipress-webapp/ipress.htm?action=mostrarVer&idipress=00002308"}},{"type":"Feature","geometry":{"type":"Point","coordinates":[-71.94786697999996,-13.525830739999947]},"properties":{"objectid":6590,"nombre":"INMUNO FARMA","departamento":"CUSCO","provincia":"CUSCO","distrito":"CUSCO","institucion":"PRIVADO","codigoMinsa":31688,"direccion":"AVENIDA OSWALDO BACA PISO 1 MANZANA LL LOTE 6 URBANIZACIÓN MAGISTERIAL DISTRITO CUSCO PROVINCIA CUSCO DEPARTAMENTO CUSCO","disa":"CUSCO","red":"","microrred":"","categoria":"SERVICIO MÉDICO DE APOYO","condicion":"ACTIVO","actualizado":"2023/08/01 19:00:00.000","fuente":"MINSA","urlRenipr":"http://app20.susalud.gob.pe:8080/registro-renipress-webapp/ipress.htm?action=mostrarVer&idipress=00031688"}},{"type":"Feature","geometry":{"type":"Point","coordinates":[-71.95592064999994,-13.52465559999996]},"properties":{"objectid":6907,"nombre":"DIAGNOSTICO MEDICO DRA.. COA","departamento":"CUSCO","provincia":"CUSCO","distrito":"CUSCO","institucion":"PRIVADO","codigoMinsa":28581,"direccion":"AVENIDA LA CULTURA NÚMERO 1320 PISO 2 DEPARTAMENTO 202 MANZANA B DISTRITO CUSCO PROVINCIA CUSCO DEPARTAMENTO CUSCO","disa":"CUSCO","red":"NO PERTENECE A NINGUNA RED","microrred":"NO PERTENECE A NINGUNA MICRORED","categoria":"ESTABLECIMIENTO DE SALUD SIN INTERNAMIENTO","condicion":"ACTIVO","actualizado":"2023/08/01 19:00:00.000","fuente":"MINSA","urlRenipr":"http://app20.susalud.gob.pe:8080/registro-renipress-webapp/ipress.htm?action=mostrarVer&idipress=00028581"}},{"type":"Feature","geometry":{"type":"Point","coordinates":[-73.60432597999994,-12.805902789999948]},"properties":{"objectid":7246,"nombre":"CHIRUMPIARI","departamento":"CUSCO","provincia":"LA CONVENCION","distrito":"KIMBIRI","institucion":"GOBIERNO REGIONAL","codigoMinsa":2470,"direccion":"OTROS CENTRO POBLADO CHIRUMPIARI / KIMBIRI / LA CONVENCIÓN / CUSCO CENTRO POBLADO CHIRUMPIARI / KIMBIRI / LA CONVENCIÓN / CUSCO KIMBIRI LA CONVENCION CUSCO","disa":"CUSCO","red":"KIMBIRI PICHARI","microrred":"KIMBIRI","categoria":"ESTABLECIMIENTO DE SALUD SIN INTERNAMIENTO","condicion":"ACTIVO","actualizado":"2023/08/01 19:00:00.000","fuente":"MINSA","urlRenipr":"http://app20.susalud.gob.pe:8080/registro-renipress-webapp/ipress.htm?action=mostrarVer&idipress=00002470"}},{"type":"Feature","geometry":{"type":"Point","coordinates":[-71.94264410999995,-13.527098659999979]},"properties":{"objectid":7662,"nombre":"ASPRECE CUSCO","departamento":"CUSCO","provincia":"CUSCO","distrito":"SAN SEBASTIAN","institucion":"PRIVADO","codigoMinsa":13117,"direccion":"AVENIDA CAMINO REAL NÚMERO 106 MANZANA A DISTRITO SAN SEBASTIAN PROVINCIA CUSCO DEPARTAMENTO CUSCO","disa":"CUSCO","red":"NO PERTENECE A NINGUNA RED","microrred":"NO PERTENECE A NINGUNA MICRORED","categoria":"ESTABLECIMIENTO DE SALUD SIN INTERNAMIENTO","condicion":"ACTIVO","actualizado":"2023/08/01 19:00:00.000","fuente":"MINSA","urlRenipr":"http://app20.susalud.gob.pe:8080/registro-renipress-webapp/ipress.htm?action=mostrarVer&idipress=00013117"}},{"type":"Feature","geometry":{"type":"Point","coordinates":[-73.32608804999995,-11.766448909999951]},"properties":{"objectid":7665,"nombre":"TANGOSHIARI","departamento":"CUSCO","provincia":"LA CONVENCION","distrito":"MEGANTONI","institucion":"GOBIERNO REGIONAL","codigoMinsa":13067,"direccion":"OTROS COMUNIDAD NATIVA DE TANGOSHIARI S/N MEGANTONI LA CONVENCION CUSCO","disa":"CUSCO","red":"LA CONVENCION","microrred":"KAMISEA","categoria":"ESTABLECIMIENTO DE SALUD SIN INTERNAMIENTO","condicion":"ACTIVO","actualizado":"2023/08/01 19:00:00.000","fuente":"MINSA","urlRenipr":"http://app20.susalud.gob.pe:8080/registro-renipress-webapp/ipress.htm?action=mostrarVer&idipress=00013067"}},{"type":"Feature","geometry":{"type":"Point","coordinates":[-72.82184168999999,-12.079011369999932]},"properties":{"objectid":7666,"nombre":"TIMPIA","departamento":"CUSCO","provincia":"LA CONVENCION","distrito":"MEGANTONI","institucion":"GOBIERNO REGIONAL","codigoMinsa":2445,"direccion":"OTROS COMUNIDAD NATIVA TIMPIA S/N MEGANTONI LA CONVENCION CUSCO","disa":"CUSCO","red":"LA CONVENCION","microrred":"KAMISEA","categoria":"ESTABLECIMIENTO DE SALUD SIN INTERNAMIENTO","condicion":"ACTIVO","actualizado":"2023/08/01 19:00:00.000","fuente":"MINSA","urlRenipr":"http://app20.susalud.gob.pe:8080/registro-renipress-webapp/ipress.htm?action=mostrarVer&idipress=00002445"}},{"type":"Feature","geometry":{"type":"Point","coordinates":[-72.92649767999995,-12.636563039999942]},"properties":{"objectid":7667,"nombre":"CIRIALO","departamento":"CUSCO","provincia":"LA CONVENCION","distrito":"ECHARATE","institucion":"GOBIERNO REGIONAL","codigoMinsa":2429,"direccion":"OTROS CENTRO POBLADO CIRIALO / ECHARATE / LA CONVENCION / CUSCO CENTRO POBLADO CIRIALO / ECHARATE / LA CONVENCION / CUSCO ECHARATE LA CONVENCION CUSCO","disa":"CUSCO","red":"LA CONVENCION","microrred":"SANTA ANA","categoria":"ESTABLECIMIENTO DE SALUD SIN INTERNAMIENTO","condicion":"ACTIVO","actualizado":"2023/08/01 19:00:00.000","fuente":"MINSA","urlRenipr":"http://app20.susalud.gob.pe:8080/registro-renipress-webapp/ipress.htm?action=mostrarVer&idipress=00002429"}},{"type":"Feature","geometry":{"type":"Point","coordinates":[-71.96121349999999,-13.52381319999995]},"properties":{"objectid":7741,"nombre":"MEDING","departamento":"CUSCO","provincia":"CUSCO","distrito":"WANCHAQ","institucion":"PRIVADO","codigoMinsa":29338,"direccion":"AVENIDA MICAELA BASTIDAS EDIFICIO EL ROBLE OFICINA 307 NÚMERO 443 PISO 3 DISTRITO WANCHAQ PROVINCIA CUSCO DEPARTAMENTO CUSCO","disa":"CUSCO","red":"","microrred":"","categoria":"SERVICIO MÉDICO DE APOYO","condicion":"ACTIVO","actualizado":"2023/08/01 19:00:00.000","fuente":"MINSA","urlRenipr":"http://app20.susalud.gob.pe:8080/registro-renipress-webapp/ipress.htm?action=mostrarVer&idipress=00029338"}},{"type":"Feature","geometry":{"type":"Point","coordinates":[-71.95571183999994,-13.525180189999958]},"properties":{"objectid":7838,"nombre":"UNION MEDICA CORPORATIVA","departamento":"CUSCO","provincia":"CUSCO","distrito":"WANCHAQ","institucion":"PRIVADO","codigoMinsa":27995,"direccion":"AVENIDA LOS INCAS NÚMERO 1413 PISO 1 DISTRITO WANCHAQ PROVINCIA CUSCO DEPARTAMENTO CUSCO","disa":"CUSCO","red":"NO PERTENECE A NINGUNA RED","microrred":"NO PERTENECE A NINGUNA MICRORED","categoria":"SERVICIO MÉDICO DE APOYO","condicion":"ACTIVO","actualizado":"2023/08/01 19:00:00.000","fuente":"MINSA","urlRenipr":"http://app20.susalud.gob.pe:8080/registro-renipress-webapp/ipress.htm?action=mostrarVer&idipress=00027995"}},{"type":"Feature","geometry":{"type":"Point","coordinates":[-71.96444890999999,-13.522702279999976]},"properties":{"objectid":7844,"nombre":"CRISTO REDENTOR","departamento":"CUSCO","provincia":"CUSCO","distrito":"WANCHAQ","institucion":"PRIVADO","codigoMinsa":24645,"direccion":"AVENIDA MICAELA BASTIDAS NÚMERO 407 PISO 1 DISTRITO WANCHAQ PROVINCIA CUSCO DEPARTAMENTO CUSCO","disa":"CUSCO","red":"NO PERTENECE A NINGUNA RED","microrred":"NO PERTENECE A NINGUNA MICRORED","categoria":"ESTABLECIMIENTO DE SALUD SIN INTERNAMIENTO","condicion":"ACTIVO","actualizado":"2023/08/01 19:00:00.000","fuente":"MINSA","urlRenipr":"http://app20.susalud.gob.pe:8080/registro-renipress-webapp/ipress.htm?action=mostrarVer&idipress=00024645"}},{"type":"Feature","geometry":{"type":"Point","coordinates":[-71.95597979999997,-13.52454199999994]},"properties":{"objectid":7848,"nombre":"BIOLAB SALUD","departamento":"CUSCO","provincia":"CUSCO","distrito":"WANCHAQ","institucion":"PRIVADO","codigoMinsa":31152,"direccion":"AVENIDA DE LA CULTURA NÚMERO 1320 PISO 4 DEPARTAMENTO 402 MANZANA 247 LOTE 5B URBANIZACIÓN CHACHACOMAYOC DISTRITO WANCHAQ PROVINCIA CUSCO DEPARTAMENTO CUSCO","disa":"CUSCO","red":"","microrred":"","categoria":"SERVICIO MÉDICO DE APOYO","condicion":"ACTIVO","actualizado":"2023/08/01 19:00:00.000","fuente":"MINSA","urlRenipr":"http://app20.susalud.gob.pe:8080/registro-renipress-webapp/ipress.htm?action=mostrarVer&idipress=00031152"}},{"type":"Feature","geometry":{"type":"Point","coordinates":[-72.16530759999995,-13.469975599999941]},"properties":{"objectid":7874,"nombre":"ESSALUD ANTA","departamento":"CUSCO","provincia":"ANTA","distrito":"ANTA","institucion":"ESSALUD","codigoMinsa":29514,"direccion":"JIRÓN JAQUIJAHUANA NÚMERO S/N PISO 1 DEPARTAMENTO 1 DISTRITO ANTA PROVINCIA ANTA DEPARTAMENTO CUSCO","disa":"CUSCO","red":"NO PERTENECE A NINGUNA RED","microrred":"","categoria":"ESTABLECIMIENTO DE SALUD SIN INTERNAMIENTO","condicion":"ACTIVO","actualizado":"2023/08/01 19:00:00.000","fuente":"MINSA","urlRenipr":"http://app20.susalud.gob.pe:8080/registro-renipress-webapp/ipress.htm?action=mostrarVer&idipress=00029514"}},{"type":"Feature","geometry":{"type":"Point","coordinates":[-71.94927906999999,-13.525663939999959]},"properties":{"objectid":7908,"nombre":"MEGADENT","departamento":"CUSCO","provincia":"CUSCO","distrito":"WANCHAQ","institucion":"PRIVADO","codigoMinsa":28978,"direccion":"CALLE Clorinda Matto de Turner 1ER Y 2DO PISO NÚMERO 201 URBANIZACIÓN MAGISTERIO DISTRITO WANCHAQ PROVINCIA CUSCO DEPARTAMENTO CUSCO","disa":"CUSCO","red":"NO PERTENECE A NINGUNA RED","microrred":"NO PERTENECE A NINGUNA MICRORED","categoria":"ESTABLECIMIENTO DE SALUD SIN INTERNAMIENTO","condicion":"ACTIVO","actualizado":"2023/08/01 19:00:00.000","fuente":"MINSA","urlRenipr":"http://app20.susalud.gob.pe:8080/registro-renipress-webapp/ipress.htm?action=mostrarVer&idipress=00028978"}},{"type":"Feature","geometry":{"type":"Point","coordinates":[-71.90211269999998,-13.533312599999931]},"properties":{"objectid":7945,"nombre":"GENFALAB LARAPA","departamento":"CUSCO","provincia":"CUSCO","distrito":"SAN JERONIMO","institucion":"PRIVADO","codigoMinsa":26002,"direccion":"OTROS LARAPA GRANDE N?ERO E 4 1A DISTRITO SAN JERONIMO PROVINCIA CUSCO DEPARTAMENTO CUSCO","disa":"","red":"","microrred":"","categoria":"SERVICIO MÉDICO DE APOYO","condicion":"RUC INACTIVO EN SUNAT","actualizado":"2023/08/01 19:00:00.000","fuente":"MINSA","urlRenipr":"http://app20.susalud.gob.pe:8080/registro-renipress-webapp/ipress.htm?action=mostrarVer&idipress=00026002"}},{"type":"Feature","geometry":{"type":"Point","coordinates":[-71.40422588999996,-12.908168479999972]},"properties":{"objectid":7976,"nombre":"PILCOPATA","departamento":"CUSCO","provincia":"PAUCARTAMBO","distrito":"KOSÑIPATA","institucion":"GOBIERNO REGIONAL","codigoMinsa":2521,"direccion":"CALLE CALLE CORONEL FERNÁNDEZ S/N / KOSÑIPATA / PAUCARTAMBO / CUSCO S/N CALLE CORONEL FERNÁNDEZ S/N / KOSÑIPATA / PAUCARTAMBO / CUSCO KOSÑIPATA PAUCARTAMBO CUSCO","disa":"CUSCO","red":"CUSCO SUR","microrred":"PAUCARTAMBO","categoria":"ESTABLECIMIENTO DE SALUD SIN INTERNAMIENTO","condicion":"ACTIVO","actualizado":"2023/08/01 19:00:00.000","fuente":"MINSA","urlRenipr":"http://app20.susalud.gob.pe:8080/registro-renipress-webapp/ipress.htm?action=mostrarVer&idipress=00002521"}},{"type":"Feature","geometry":{"type":"Point","coordinates":[-71.66251180999996,-13.710217339999929]},"properties":{"objectid":7977,"nombre":"URPAY","departamento":"CUSCO","provincia":"QUISPICANCHI","distrito":"HUARO","institucion":"GOBIERNO REGIONAL","codigoMinsa":2533,"direccion":"OTROS CENTRO POBLADO URPAY HUARO / QUISPICANCHI / CUSCO DISTRITO HUARO PROVINCIA QUISPICANCHI DEPARTAMENTO CUSCO","disa":"CUSCO","red":"CUSCO SUR","microrred":"URCOS","categoria":"ESTABLECIMIENTO DE SALUD SIN INTERNAMIENTO","condicion":"ACTIVO","actualizado":"2023/08/01 19:00:00.000","fuente":"MINSA","urlRenipr":"http://app20.susalud.gob.pe:8080/registro-renipress-webapp/ipress.htm?action=mostrarVer&idipress=00002533"}},{"type":"Feature","geometry":{"type":"Point","coordinates":[-71.64211939999996,-13.690854699999932]},"properties":{"objectid":8088,"nombre":"SEÑOR DE QOYLLORITY - HUARO","departamento":"CUSCO","provincia":"QUISPICANCHI","distrito":"HUARO","institucion":"PRIVADO","codigoMinsa":26502,"direccion":"PLAZA CALLE DOS DE MAYO COSTADO DE UGEL QUISPICANCHI HUARO QUISPICANCHI CUSCO","disa":"CUSCO","red":"NO PERTENECE A NINGUNA RED","microrred":"NO PERTENECE A NINGUNA MICRORED","categoria":"ESTABLECIMIENTO DE SALUD SIN INTERNAMIENTO","condicion":"ACTIVO","actualizado":"2023/08/01 19:00:00.000","fuente":"MINSA","urlRenipr":"http://app20.susalud.gob.pe:8080/registro-renipress-webapp/ipress.htm?action=mostrarVer&idipress=00026502"}},{"type":"Feature","geometry":{"type":"Point","coordinates":[-71.98795467999997,-13.526609269999938]},"properties":{"objectid":8089,"nombre":"SAN JUAN PABLO II","departamento":"CUSCO","provincia":"CUSCO","distrito":"SANTIAGO","institucion":"OTRO","codigoMinsa":12995,"direccion":"OTROS PLAZOLETA ALMUDENA S/Nº DIST. SANTIAGO, PROV.CUSCO, DPTO. CUSCO NÚMERO S/N DISTRITO SANTIAGO PROVINCIA CUSCO DEPARTAMENTO CUSCO","disa":"CUSCO","red":"NO PERTENECE A NINGUNA RED","microrred":"NO PERTENECE A NINGUNA MICRORED","categoria":"ESTABLECIMIENTO DE SALUD CON INTERNAMIENTO","condicion":"ACTIVO","actualizado":"2023/08/01 19:00:00.000","fuente":"MINSA","urlRenipr":"http://app20.susalud.gob.pe:8080/registro-renipress-webapp/ipress.htm?action=mostrarVer&idipress=00012995"}},{"type":"Feature","geometry":{"type":"Point","coordinates":[-72.10918332999995,-14.389263329999949]},"properties":{"objectid":8094,"nombre":"LUTTO","departamento":"CUSCO","provincia":"CHUMBIVILCAS","distrito":"LLUSCO","institucion":"GOBIERNO REGIONAL","codigoMinsa":6747,"direccion":"CARRETERA CARRETERA SANTO TOMÁS-LLUSCO / LLUSCO / CHUMBIVILCAS / CUSCO CARRETERA SANTO TOMÁS-LLUSCO / LLUSCO / CHUMBIVILCAS / CUSCO LLUSCO CHUMBIVILCAS CUSCO","disa":"CUSCO","red":"CHUMBIVILCAS","microrred":"SANTO TOMAS","categoria":"ESTABLECIMIENTO DE SALUD SIN INTERNAMIENTO","condicion":"ACTIVO","actualizado":"2023/08/01 19:00:00.000","fuente":"MINSA","urlRenipr":"http://app20.susalud.gob.pe:8080/registro-renipress-webapp/ipress.htm?action=mostrarVer&idipress=00006747"}},{"type":"Feature","geometry":{"type":"Point","coordinates":[-71.25061852999994,-14.77718668999995]},"properties":{"objectid":8163,"nombre":"ACCOCUNCA","departamento":"CUSCO","provincia":"ESPINAR","distrito":"ALTO PICHIGUA","institucion":"GOBIERNO REGIONAL","codigoMinsa":2420,"direccion":"CALLE CALLE SANIDAD S/N / ALTO PICHIGUA / ESPINAR / CUSCO NÚMERO S/N DISTRITO ALTO PICHIGUA PROVINCIA ESPINAR DEPARTAMENTO CUSCO","disa":"CUSCO","red":"CANAS-CANCHIS-ESPINAR","microrred":"YAURI","categoria":"ESTABLECIMIENTO DE SALUD SIN INTERNAMIENTO","condicion":"ACTIVO","actualizado":"2023/08/01 19:00:00.000","fuente":"MINSA","urlRenipr":"http://app20.susalud.gob.pe:8080/registro-renipress-webapp/ipress.htm?action=mostrarVer&idipress=00002420"}},{"type":"Feature","geometry":{"type":"Point","coordinates":[-71.40543558999997,-14.677296299999966]},"properties":{"objectid":8164,"nombre":"PICHIGUA ESPINAR","departamento":"CUSCO","provincia":"ESPINAR","distrito":"PICHIGUA","institucion":"GOBIERNO REGIONAL","codigoMinsa":2417,"direccion":"CALLE CALLE SANTA ROSA S/N / PICHIGUA / ESPINAR / CUSCO NÚMERO S/N DISTRITO PICHIGUA PROVINCIA ESPINAR DEPARTAMENTO CUSCO","disa":"CUSCO","red":"CANAS-CANCHIS-ESPINAR","microrred":"YAURI","categoria":"ESTABLECIMIENTO DE SALUD SIN INTERNAMIENTO","condicion":"ACTIVO","actualizado":"2023/08/01 19:00:00.000","fuente":"MINSA","urlRenipr":"http://app20.susalud.gob.pe:8080/registro-renipress-webapp/ipress.htm?action=mostrarVer&idipress=00002417"}},{"type":"Feature","geometry":{"type":"Point","coordinates":[-71.53232438999999,-14.670846079999933]},"properties":{"objectid":8165,"nombre":"HUAYHUAHUASI","departamento":"CUSCO","provincia":"ESPINAR","distrito":"COPORAQUE","institucion":"GOBIERNO REGIONAL","codigoMinsa":2414,"direccion":"OTROS COMUNIDAD HUAYHUAHUASI / COPORAQUE / ESPINAR / CUSCO COMUNIDAD HUAYHUAHUASI / COPORAQUE / ESPINAR / CUSCO COPORAQUE ESPINAR CUSCO","disa":"CUSCO","red":"CANAS-CANCHIS-ESPINAR","microrred":"YAURI","categoria":"ESTABLECIMIENTO DE SALUD SIN INTERNAMIENTO","condicion":"ACTIVO","actualizado":"2023/08/01 19:00:00.000","fuente":"MINSA","urlRenipr":"http://app20.susalud.gob.pe:8080/registro-renipress-webapp/ipress.htm?action=mostrarVer&idipress=00002414"}},{"type":"Feature","geometry":{"type":"Point","coordinates":[-71.95503199999996,-13.524899999999946]},"properties":{"objectid":8232,"nombre":"ECOMUJER","departamento":"CUSCO","provincia":"CUSCO","distrito":"WANCHAQ","institucion":"PRIVADO","codigoMinsa":30031,"direccion":"CALLE BERNARDO TAMBOHUACSO NÚMERO 100 PISO 2 DEPARTAMENTO 202 DISTRITO WANCHAQ PROVINCIA CUSCO DEPARTAMENTO CUSCO","disa":"CUSCO","red":"","microrred":"","categoria":"ESTABLECIMIENTO DE SALUD SIN INTERNAMIENTO","condicion":"ACTIVO","actualizado":"2023/08/01 19:00:00.000","fuente":"MINSA","urlRenipr":"http://app20.susalud.gob.pe:8080/registro-renipress-webapp/ipress.htm?action=mostrarVer&idipress=00030031"}},{"type":"Feature","geometry":{"type":"Point","coordinates":[-71.96186340999998,-13.52279496999995]},"properties":{"objectid":8237,"nombre":"WARTHON DENT","departamento":"CUSCO","provincia":"CUSCO","distrito":"WANCHAQ","institucion":"PRIVADO","codigoMinsa":28993,"direccion":"AVENIDA La Cultura OFICINA 11 NÚMERO 822 PISO 4 INTERIOR 11 DISTRITO WANCHAQ PROVINCIA CUSCO DEPARTAMENTO CUSCO","disa":"CUSCO","red":"NO PERTENECE A NINGUNA RED","microrred":"NO PERTENECE A NINGUNA MICRORED","categoria":"ESTABLECIMIENTO DE SALUD SIN INTERNAMIENTO","condicion":"ACTIVO","actualizado":"2023/08/01 19:00:00.000","fuente":"MINSA","urlRenipr":"http://app20.susalud.gob.pe:8080/registro-renipress-webapp/ipress.htm?action=mostrarVer&idipress=00028993"}},{"type":"Feature","geometry":{"type":"Point","coordinates":[-71.96308522999993,-13.52335469999997]},"properties":{"objectid":8301,"nombre":"SERVICIOS MEDICOS CUSCO SRL","departamento":"CUSCO","provincia":"CUSCO","distrito":"WANCHAQ","institucion":"PRIVADO","codigoMinsa":30316,"direccion":"AVENIDA LOS INCAS NÚMERO 810 PISO 2 DEPARTAMENTO 202 DISTRITO WANCHAQ PROVINCIA CUSCO DEPARTAMENTO CUSCO","disa":"CUSCO","red":"","microrred":"","categoria":"ESTABLECIMIENTO DE SALUD SIN INTERNAMIENTO","condicion":"ACTIVO","actualizado":"2023/08/01 19:00:00.000","fuente":"MINSA","urlRenipr":"http://app20.susalud.gob.pe:8080/registro-renipress-webapp/ipress.htm?action=mostrarVer&idipress=00030316"}},{"type":"Feature","geometry":{"type":"Point","coordinates":[-71.96746259999998,-13.531949999999938]},"properties":{"objectid":8329,"nombre":"TESLA LIFE","departamento":"CUSCO","provincia":"CUSCO","distrito":"CUSCO","institucion":"PRIVADO","codigoMinsa":28554,"direccion":"CALLE MATARA OFICINA 3 PRIMER PISO / OFICINA 19 SEGUNDO PISO NÚMERO 410 DISTRITO CUSCO PROVINCIA CUSCO DEPARTAMENTO CUSCO","disa":"CUSCO","red":"NO PERTENECE A NINGUNA RED","microrred":"NO PERTENECE A NINGUNA MICRORED","categoria":"SERVICIO MÉDICO DE APOYO","condicion":"ACTIVO","actualizado":"2023/08/01 19:00:00.000","fuente":"MINSA","urlRenipr":"http://app20.susalud.gob.pe:8080/registro-renipress-webapp/ipress.htm?action=mostrarVer&idipress=00028554"}},{"type":"Feature","geometry":{"type":"Point","coordinates":[-71.96198141999997,-13.523055749999969]},"properties":{"objectid":8344,"nombre":"PERU DENT - W","departamento":"CUSCO","provincia":"CUSCO","distrito":"WANCHAQ","institucion":"PRIVADO","codigoMinsa":29189,"direccion":"AVENIDA LOS INCAS OFICINA 403 NÚMERO 827 PISO 4 DISTRITO WANCHAQ PROVINCIA CUSCO DEPARTAMENTO CUSCO","disa":"CUSCO","red":"NO PERTENECE A NINGUNA RED","microrred":"NO PERTENECE A NINGUNA MICRORED","categoria":"ESTABLECIMIENTO DE SALUD SIN INTERNAMIENTO","condicion":"ACTIVO","actualizado":"2023/08/01 19:00:00.000","fuente":"MINSA","urlRenipr":"http://app20.susalud.gob.pe:8080/registro-renipress-webapp/ipress.htm?action=mostrarVer&idipress=00029189"}},{"type":"Feature","geometry":{"type":"Point","coordinates":[-71.96746259999998,-13.531949999999938]},"properties":{"objectid":8345,"nombre":"FISIO EIRL","departamento":"CUSCO","provincia":"CUSCO","distrito":"WANCHAQ","institucion":"PRIVADO","codigoMinsa":29409,"direccion":"AVENIDA LOS PINOS MANZANA LL LOTE 3 URBANIZACIÓN TTIO DISTRITO WANCHAQ PROVINCIA CUSCO DEPARTAMENTO CUSCO","disa":"CUSCO","red":"","microrred":"","categoria":"ESTABLECIMIENTO DE SALUD SIN INTERNAMIENTO","condicion":"ACTIVO","actualizado":"2023/08/01 19:00:00.000","fuente":"MINSA","urlRenipr":"http://app20.susalud.gob.pe:8080/registro-renipress-webapp/ipress.htm?action=mostrarVer&idipress=00029409"}},{"type":"Feature","geometry":{"type":"Point","coordinates":[-71.97763199999997,-13.523734599999955]},"properties":{"objectid":8363,"nombre":"MIR SALUD","departamento":"CUSCO","provincia":"CUSCO","distrito":"SANTIAGO","institucion":"PRIVADO","codigoMinsa":23570,"direccion":"AVENIDA GRAU NÚMERO 1061 DISTRITO SANTIAGO PROVINCIA CUSCO DEPARTAMENTO CUSCO","disa":"CUSCO","red":"","microrred":"NO PERTENECE A NINGUNA MICRORED","categoria":"ESTABLECIMIENTO DE SALUD CON INTERNAMIENTO","condicion":"ACTIVO","actualizado":"2023/08/01 19:00:00.000","fuente":"MINSA","urlRenipr":"http://app20.susalud.gob.pe:8080/registro-renipress-webapp/ipress.htm?action=mostrarVer&idipress=00023570"}},{"type":"Feature","geometry":{"type":"Point","coordinates":[-72.11562809999998,-13.305764099999976]},"properties":{"objectid":8381,"nombre":"RAFALAB","departamento":"CUSCO","provincia":"URUBAMBA","distrito":"URUBAMBA","institucion":"PRIVADO","codigoMinsa":30266,"direccion":"AVENIDA 9 DE NOVIEMBRE NÚMERO S/N DISTRITO URUBAMBA PROVINCIA URUBAMBA DEPARTAMENTO CUSCO","disa":"CUSCO","red":"","microrred":"","categoria":"SERVICIO MÉDICO DE APOYO","condicion":"ACTIVO","actualizado":"2023/08/01 19:00:00.000","fuente":"MINSA","urlRenipr":"http://app20.susalud.gob.pe:8080/registro-renipress-webapp/ipress.htm?action=mostrarVer&idipress=00030266"}},{"type":"Feature","geometry":{"type":"Point","coordinates":[-72.30650164999997,-12.645163069999967]},"properties":{"objectid":8551,"nombre":"COMBAPATA YANATILE","departamento":"CUSCO","provincia":"CALCA","distrito":"YANATILE","institucion":"GOBIERNO REGIONAL","codigoMinsa":6971,"direccion":"OTROS COMUNIDAD DE COMBAPATA / YANATILE / CALCA / CUSCO DISTRITO YANATILE PROVINCIA CALCA DEPARTAMENTO CUSCO","disa":"CUSCO","red":"CUSCO NORTE","microrred":"YANATILE","categoria":"ESTABLECIMIENTO DE SALUD SIN INTERNAMIENTO","condicion":"ACTIVO","actualizado":"2023/08/01 19:00:00.000","fuente":"MINSA","urlRenipr":"http://app20.susalud.gob.pe:8080/registro-renipress-webapp/ipress.htm?action=mostrarVer&idipress=00006971"}},{"type":"Feature","geometry":{"type":"Point","coordinates":[-71.95495329999994,-13.32408399999997]},"properties":{"objectid":8552,"nombre":"MENTAL COMUNITARIO ANTA","departamento":"CUSCO","provincia":"ANTA","distrito":"ANTA","institucion":"GOBIERNO REGIONAL","codigoMinsa":27790,"direccion":"JIRÓN TARAPACA S/N 1 ANTIGUO LOCAL DEL CENTRO DE SALUD ANTA ANTA ANTA CUSCO","disa":"CUSCO","red":"CUSCO NORTE","microrred":"ANTA","categoria":"ESTABLECIMIENTO DE SALUD SIN INTERNAMIENTO","condicion":"ACTIVO","actualizado":"2023/08/01 19:00:00.000","fuente":"MINSA","urlRenipr":"http://app20.susalud.gob.pe:8080/registro-renipress-webapp/ipress.htm?action=mostrarVer&idipress=00027790"}},{"type":"Feature","geometry":{"type":"Point","coordinates":[-71.85274489999995,-13.422555199999977]},"properties":{"objectid":8553,"nombre":"PISAC","departamento":"CUSCO","provincia":"CALCA","distrito":"PISAC","institucion":"GOBIERNO REGIONAL","codigoMinsa":2348,"direccion":"AVENIDA AVENIDA AMAZONAS S/N / PISAC / CALCA / CUSCO S/N AVENIDA AMAZONAS S/N / PISAC / CALCA / CUSCO PISAC CALCA CUSCO","disa":"CUSCO","red":"CUSCO NORTE","microrred":"PISAC","categoria":"ESTABLECIMIENTO DE SALUD CON INTERNAMIENTO","condicion":"ACTIVO","actualizado":"2023/08/01 19:00:00.000","fuente":"MINSA","urlRenipr":"http://app20.susalud.gob.pe:8080/registro-renipress-webapp/ipress.htm?action=mostrarVer&idipress=00002348"}},{"type":"Feature","geometry":{"type":"Point","coordinates":[-71.96994283999999,-13.535366459999977]},"properties":{"objectid":8555,"nombre":"CHOCCO","departamento":"CUSCO","provincia":"CUSCO","distrito":"SANTIAGO","institucion":"GOBIERNO REGIONAL","codigoMinsa":2310,"direccion":"AVENIDA AVENIDA DE LA AMISTAD S/N / SANTIAGO / CUSCO NÚMERO S/N DISTRITO SANTIAGO PROVINCIA CUSCO DEPARTAMENTO CUSCO","disa":"CUSCO","red":"CUSCO NORTE","microrred":"WANCHAQ","categoria":"ESTABLECIMIENTO DE SALUD SIN INTERNAMIENTO","condicion":"ACTIVO","actualizado":"2023/08/01 19:00:00.000","fuente":"MINSA","urlRenipr":"http://app20.susalud.gob.pe:8080/registro-renipress-webapp/ipress.htm?action=mostrarVer&idipress=00002310"}},{"type":"Feature","geometry":{"type":"Point","coordinates":[-71.96663169999994,-13.522612799999933]},"properties":{"objectid":8902,"nombre":"PODO CENTER","departamento":"CUSCO","provincia":"CUSCO","distrito":"WANCHAQ","institucion":"PRIVADO","codigoMinsa":29191,"direccion":"PASAJE DIEGO CRISTOBAL NÚMERO 300 PISO 1 DISTRITO WANCHAQ PROVINCIA CUSCO DEPARTAMENTO CUSCO","disa":"CUSCO","red":"","microrred":"","categoria":"SERVICIO MÉDICO DE APOYO","condicion":"ACTIVO","actualizado":"2023/08/01 19:00:00.000","fuente":"MINSA","urlRenipr":"http://app20.susalud.gob.pe:8080/registro-renipress-webapp/ipress.htm?action=mostrarVer&idipress=00029191"}},{"type":"Feature","geometry":{"type":"Point","coordinates":[-71.94567626999998,-13.530070759999944]},"properties":{"objectid":9132,"nombre":"ALTA ESTÉTICA DENTAL","departamento":"CUSCO","provincia":"CUSCO","distrito":"WANCHAQ","institucion":"PRIVADO","codigoMinsa":30310,"direccion":"AVENIDA EMILIO BARCLAY PISO 8 DEPARTAMENTO 801 LOTE 16 URBANIZACIÓN CERVECEROS DISTRITO WANCHAQ PROVINCIA CUSCO DEPARTAMENTO CUSCO","disa":"CUSCO","red":"","microrred":"","categoria":"ESTABLECIMIENTO DE SALUD SIN INTERNAMIENTO","condicion":"ACTIVO","actualizado":"2023/08/01 19:00:00.000","fuente":"MINSA","urlRenipr":"http://app20.susalud.gob.pe:8080/registro-renipress-webapp/ipress.htm?action=mostrarVer&idipress=00030310"}},{"type":"Feature","geometry":{"type":"Point","coordinates":[-71.93708849999996,-13.529138699999976]},"properties":{"objectid":9220,"nombre":"MEDITEC","departamento":"CUSCO","provincia":"CUSCO","distrito":"WANCHAQ","institucion":"PRIVADO","codigoMinsa":28382,"direccion":"AVENIDA CULTURA NÚMERO 1320 PISO 3 DEPARTAMENTO 301 DISTRITO WANCHAQ PROVINCIA CUSCO DEPARTAMENTO CUSCO","disa":"CUSCO","red":"NO PERTENECE A NINGUNA RED","microrred":"NO PERTENECE A NINGUNA MICRORED","categoria":"ESTABLECIMIENTO DE SALUD SIN INTERNAMIENTO","condicion":"ACTIVO","actualizado":"2023/08/01 19:00:00.000","fuente":"MINSA","urlRenipr":"http://app20.susalud.gob.pe:8080/registro-renipress-webapp/ipress.htm?action=mostrarVer&idipress=00028382"}},{"type":"Feature","geometry":{"type":"Point","coordinates":[-71.94567895999995,-13.526044329999934]},"properties":{"objectid":9286,"nombre":"PERUANO SUIZA","departamento":"CUSCO","provincia":"CUSCO","distrito":"CUSCO","institucion":"PRIVADO","codigoMinsa":11163,"direccion":"AVENIDA AVENIDA PERÚ K-3, URBANIZACIÓN QUISPICANCHISS DISTRITO CUSCO PROVINCIA CUSCO DEPARTAMENTO CUSCO","disa":"CUSCO","red":"NO PERTENECE A NINGUNA RED","microrred":"NO PERTENECE A NINGUNA MICRORED","categoria":"ESTABLECIMIENTO DE SALUD CON INTERNAMIENTO","condicion":"ACTIVO","actualizado":"2023/08/01 19:00:00.000","fuente":"MINSA","urlRenipr":"http://app20.susalud.gob.pe:8080/registro-renipress-webapp/ipress.htm?action=mostrarVer&idipress=00011163"}},{"type":"Feature","geometry":{"type":"Point","coordinates":[-71.95331126999997,-13.520892879999963]},"properties":{"objectid":9353,"nombre":"RESPIRA CUSCO","departamento":"CUSCO","provincia":"CUSCO","distrito":"CUSCO","institucion":"PRIVADO","codigoMinsa":30068,"direccion":"AVENIDA COLLASUYO B-2 PISO 4 DEPARTAMENTO 401 DISTRITO CUSCO PROVINCIA CUSCO DEPARTAMENTO CUSCO","disa":"CUSCO","red":"","microrred":"","categoria":"ESTABLECIMIENTO DE SALUD SIN INTERNAMIENTO","condicion":"ACTIVO","actualizado":"2023/08/01 19:00:00.000","fuente":"MINSA","urlRenipr":"http://app20.susalud.gob.pe:8080/registro-renipress-webapp/ipress.htm?action=mostrarVer&idipress=00030068"}},{"type":"Feature","geometry":{"type":"Point","coordinates":[-73.97478909999995,-12.195350399999938]},"properties":{"objectid":9414,"nombre":"TAMBO DEL ENE","departamento":"CUSCO","provincia":"LA CONVENCION","distrito":"PICHARI","institucion":"GOBIERNO REGIONAL","codigoMinsa":15104,"direccion":"JIRÓN JIRON INTI RAYMI S/Nº S/N JIRON INTI RAYMI S/Nº PICHARI LA CONVENCION CUSCO","disa":"CUSCO","red":"KIMBIRI PICHARI","microrred":"PICHARI","categoria":"ESTABLECIMIENTO DE SALUD SIN INTERNAMIENTO","condicion":"ACTIVO","actualizado":"2023/08/01 19:00:00.000","fuente":"MINSA","urlRenipr":"http://app20.susalud.gob.pe:8080/registro-renipress-webapp/ipress.htm?action=mostrarVer&idipress=00015104"}},{"type":"Feature","geometry":{"type":"Point","coordinates":[-73.64443645999995,-12.719627789999947]},"properties":{"objectid":9415,"nombre":"UNION ROSALES","departamento":"CUSCO","provincia":"LA CONVENCION","distrito":"KIMBIRI","institucion":"GOBIERNO REGIONAL","codigoMinsa":2473,"direccion":"OTROS COMUNIDAD UNIÓN ROSALES / KIMBIRI / LA CONVENCIÓN / CUSCO DISTRITO KIMBIRI PROVINCIA LA CONVENCION DEPARTAMENTO CUSCO","disa":"CUSCO","red":"KIMBIRI PICHARI","microrred":"KIMBIRI","categoria":"ESTABLECIMIENTO DE SALUD SIN INTERNAMIENTO","condicion":"ACTIVO","actualizado":"2023/08/01 19:00:00.000","fuente":"MINSA","urlRenipr":"http://app20.susalud.gob.pe:8080/registro-renipress-webapp/ipress.htm?action=mostrarVer&idipress=00002473"}},{"type":"Feature","geometry":{"type":"Point","coordinates":[-71.96173559999994,-13.523719999999969]},"properties":{"objectid":9580,"nombre":"CUSCO VIAL","departamento":"CUSCO","provincia":"CUSCO","distrito":"WANCHAQ","institucion":"PRIVADO","codigoMinsa":26866,"direccion":"AVENIDA MICAELA BASTIDAS N?ERO 405 LOTE B DISTRITO WANCHAQ PROVINCIA CUSCO DEPARTAMENTO CUSCO","disa":"CUSCO","red":"NO PERTENECE A NINGUNA RED","microrred":"NO PERTENECE A NINGUNA MICRORED","categoria":"ESTABLECIMIENTO DE SALUD SIN INTERNAMIENTO","condicion":"ACTIVO","actualizado":"2023/08/01 19:00:00.000","fuente":"MINSA","urlRenipr":"http://app20.susalud.gob.pe:8080/registro-renipress-webapp/ipress.htm?action=mostrarVer&idipress=00026866"}},{"type":"Feature","geometry":{"type":"Point","coordinates":[-72.76289999999995,-12.388316669999938]},"properties":{"objectid":9827,"nombre":"MATORIATO","departamento":"CUSCO","provincia":"LA CONVENCION","distrito":"QUELLOUNO","institucion":"GOBIERNO REGIONAL","codigoMinsa":8907,"direccion":"OTROS COMUNIDAD DE MATORIATO / QUELLOUNO / LA CONVENCIÓN / CUSCO COMUNIDAD DE MATORIATO / QUELLOUNO / LA CONVENCIÓN / CUSCO QUELLOUNO LA CONVENCION CUSCO","disa":"CUSCO","red":"LA CONVENCION","microrred":"QUELLOUNO","categoria":"ESTABLECIMIENTO DE SALUD SIN INTERNAMIENTO","condicion":"ACTIVO","actualizado":"2023/08/01 19:00:00.000","fuente":"MINSA","urlRenipr":"http://app20.susalud.gob.pe:8080/registro-renipress-webapp/ipress.htm?action=mostrarVer&idipress=00008907"}},{"type":"Feature","geometry":{"type":"Point","coordinates":[-73.36110613999995,-13.194431099999974]},"properties":{"objectid":9829,"nombre":"LUCMAHUAYCO","departamento":"CUSCO","provincia":"LA CONVENCION","distrito":"INKAWASI","institucion":"GOBIERNO REGIONAL","codigoMinsa":2491,"direccion":"OTROS COMUNIDAD DE LUCMAHUAYCO S/N INKAWASI LA CONVENCION CUSCO","disa":"CUSCO","red":"LA CONVENCION","microrred":"PUCYURA","categoria":"ESTABLECIMIENTO DE SALUD SIN INTERNAMIENTO","condicion":"ACTIVO","actualizado":"2023/08/01 19:00:00.000","fuente":"MINSA","urlRenipr":"http://app20.susalud.gob.pe:8080/registro-renipress-webapp/ipress.htm?action=mostrarVer&idipress=00002491"}},{"type":"Feature","geometry":{"type":"Point","coordinates":[-72.51614240999999,-13.00359414999997]},"properties":{"objectid":9830,"nombre":"AMAYBAMBA","departamento":"CUSCO","provincia":"LA CONVENCION","distrito":"HUAYOPATA","institucion":"GOBIERNO REGIONAL","codigoMinsa":2456,"direccion":"OTROS CENTRO POBLADO AMAYBAMBA / HUAYOPATA / LA CONVENCION / CUSCO CENTRO POBLADO AMAYBAMBA / HUAYOPATA / LA CONVENCION / CUSCO HUAYOPATA LA CONVENCION CUSCO","disa":"CUSCO","red":"LA CONVENCION","microrred":"MARANURA","categoria":"ESTABLECIMIENTO DE SALUD SIN INTERNAMIENTO","condicion":"ACTIVO","actualizado":"2023/08/01 19:00:00.000","fuente":"MINSA","urlRenipr":"http://app20.susalud.gob.pe:8080/registro-renipress-webapp/ipress.htm?action=mostrarVer&idipress=00002456"}},{"type":"Feature","geometry":{"type":"Point","coordinates":[-72.55428819999997,-13.005871299999967]},"properties":{"objectid":10015,"nombre":"CAP HUYRO - ESSALUD","departamento":"CUSCO","provincia":"LA CONVENCION","distrito":"HUAYOPATA","institucion":"ESSALUD","codigoMinsa":10075,"direccion":"AVENIDA AVENIDA 2 DE MAYO S/N° CENTRO POBLADO HUYRO/ HUAYOPATA / LA CONVENCION / CUSCO NÚMERO S/N DISTRITO HUAYOPATA PROVINCIA LA CONVENCION DEPARTAMENTO CUSCO","disa":"CUSCO","red":"NO PERTENECE A NINGUNA RED","microrred":"NO PERTENECE A NINGUNA MICRORED","categoria":"ESTABLECIMIENTO DE SALUD SIN INTERNAMIENTO","condicion":"ACTIVO","actualizado":"2023/08/01 19:00:00.000","fuente":"MINSA","urlRenipr":"http://app20.susalud.gob.pe:8080/registro-renipress-webapp/ipress.htm?action=mostrarVer&idipress=00010075"}},{"type":"Feature","geometry":{"type":"Point","coordinates":[-71.41293166999998,-14.792544999999961]},"properties":{"objectid":10032,"nombre":"ESPINAR - ESSALUD","departamento":"CUSCO","provincia":"ESPINAR","distrito":"ESPINAR","institucion":"ESSALUD","codigoMinsa":10061,"direccion":"CALLE 22 DE FEBRERO Y SAN PEDRO N°108 / YAURI / ESPINAR / CUSCO","disa":"CUSCO","red":"NO PERTENECE A NINGUNA RED","microrred":"NO PERTENECE A NINGUNA MICRORED","categoria":"ESTABLECIMIENTO DE SALUD CON INTERNAMIENTO","condicion":"ACTIVO","actualizado":"2023/08/01 19:00:00.000","fuente":"MINSA","urlRenipr":"http://app20.susalud.gob.pe:8080/registro-renipress-webapp/ipress.htm?action=mostrarVer&idipress=00010061"}},{"type":"Feature","geometry":{"type":"Point","coordinates":[-71.95547619999996,-13.524826299999972]},"properties":{"objectid":10086,"nombre":"MACSALUD","departamento":"CUSCO","provincia":"CUSCO","distrito":"WANCHAQ","institucion":"PRIVADO","codigoMinsa":12161,"direccion":"AVENIDA AV. DE LA CULTURA 1410 AV. DE LA CULTURA 1410 WANCHAQ CUSCO CUSCO","disa":"CUSCO","red":"NO PERTENECE A NINGUNA RED","microrred":"NO PERTENECE A NINGUNA MICRORED","categoria":"ESTABLECIMIENTO DE SALUD CON INTERNAMIENTO","condicion":"ACTIVO","actualizado":"2023/08/01 19:00:00.000","fuente":"MINSA","urlRenipr":"http://app20.susalud.gob.pe:8080/registro-renipress-webapp/ipress.htm?action=mostrarVer&idipress=00012161"}},{"type":"Feature","geometry":{"type":"Point","coordinates":[-70.97365723999997,-13.59198835999996]},"properties":{"objectid":10112,"nombre":"MARCAPATA","departamento":"CUSCO","provincia":"QUISPICANCHI","distrito":"MARCAPATA","institucion":"GOBIERNO REGIONAL","codigoMinsa":2535,"direccion":"PLAZA PLAZA DE ARMAS DE MARCAPATA S/N / MARCAPATA / QUISPICANCHI / CUSCO S/N PLAZA DE ARMAS DE MARCAPATA S/N / MARCAPATA / QUISPICANCHI / CUSCO MARCAPATA QUISPICANCHI CUSCO","disa":"CUSCO","red":"CUSCO SUR","microrred":"OCONGATE","categoria":"ESTABLECIMIENTO DE SALUD SIN INTERNAMIENTO","condicion":"ACTIVO","actualizado":"2023/08/01 19:00:00.000","fuente":"MINSA","urlRenipr":"http://app20.susalud.gob.pe:8080/registro-renipress-webapp/ipress.htm?action=mostrarVer&idipress=00002535"}},{"type":"Feature","geometry":{"type":"Point","coordinates":[-71.51748166999994,-13.641183329999933]},"properties":{"objectid":10113,"nombre":"PAMPACAMARA","departamento":"CUSCO","provincia":"QUISPICANCHI","distrito":"CCATCA","institucion":"GOBIERNO REGIONAL","codigoMinsa":2524,"direccion":"CARRETERA CARRETERA TRANSOCEANICA S/Nº / CCATCA / QUISPICANCHI / CUSCO NÚMERO S/N DISTRITO CCATCA PROVINCIA QUISPICANCHI DEPARTAMENTO CUSCO","disa":"CUSCO","red":"CUSCO SUR","microrred":"OCONGATE","categoria":"ESTABLECIMIENTO DE SALUD SIN INTERNAMIENTO","condicion":"ACTIVO","actualizado":"2023/08/01 19:00:00.000","fuente":"MINSA","urlRenipr":"http://app20.susalud.gob.pe:8080/registro-renipress-webapp/ipress.htm?action=mostrarVer&idipress=00002524"}},{"type":"Feature","geometry":{"type":"Point","coordinates":[-71.67448012999995,-13.671440509999968]},"properties":{"objectid":10114,"nombre":"ANDAHUAYLILLAS","departamento":"CUSCO","provincia":"QUISPICANCHI","distrito":"ANDAHUAYLILLAS","institucion":"GOBIERNO REGIONAL","codigoMinsa":2525,"direccion":"CALLE CALLE AREQUIPA 275 / ANDAHUAYLILLAS / QUISPICANCHI / CUSCO DISTRITO ANDAHUAYLILLAS PROVINCIA QUISPICANCHI DEPARTAMENTO CUSCO","disa":"CUSCO","red":"CUSCO SUR","microrred":"URCOS","categoria":"ESTABLECIMIENTO DE SALUD SIN INTERNAMIENTO","condicion":"ACTIVO","actualizado":"2023/08/01 19:00:00.000","fuente":"MINSA","urlRenipr":"http://app20.susalud.gob.pe:8080/registro-renipress-webapp/ipress.htm?action=mostrarVer&idipress=00002525"}},{"type":"Feature","geometry":{"type":"Point","coordinates":[-71.94952112999994,-13.874412839999934]},"properties":{"objectid":10115,"nombre":"CCOYABAMBA","departamento":"CUSCO","provincia":"PARURO","distrito":"CCAPI","institucion":"GOBIERNO REGIONAL","codigoMinsa":2502,"direccion":"OTROS ZONA CAPULICHAYOC S/N / CCAPI / PARURO / CUSCO NÚMERO S/N DISTRITO CCAPI PROVINCIA PARURO DEPARTAMENTO CUSCO","disa":"CUSCO","red":"CUSCO SUR","microrred":"PARURO","categoria":"ESTABLECIMIENTO DE SALUD SIN INTERNAMIENTO","condicion":"ACTIVO","actualizado":"2023/08/01 19:00:00.000","fuente":"MINSA","urlRenipr":"http://app20.susalud.gob.pe:8080/registro-renipress-webapp/ipress.htm?action=mostrarVer&idipress=00002502"}},{"type":"Feature","geometry":{"type":"Point","coordinates":[-71.22396449999997,-14.284721099999956]},"properties":{"objectid":10206,"nombre":"SEÑOR DE PAMPACUCHO","departamento":"CUSCO","provincia":"CANCHIS","distrito":"SICUANI","institucion":"PRIVADO","codigoMinsa":25300,"direccion":"MALECÓN MALECON 6 NÚMERO 6 PISO 1 DISTRITO SICUANI PROVINCIA CANCHIS DEPARTAMENTO CUSCO","disa":"CUSCO","red":"NO PERTENECE A NINGUNA RED","microrred":"NO PERTENECE A NINGUNA MICRORED","categoria":"ESTABLECIMIENTO DE SALUD SIN INTERNAMIENTO","condicion":"ACTIVO","actualizado":"2023/08/01 19:00:00.000","fuente":"MINSA","urlRenipr":"http://app20.susalud.gob.pe:8080/registro-renipress-webapp/ipress.htm?action=mostrarVer&idipress=00025300"}},{"type":"Feature","geometry":{"type":"Point","coordinates":[-71.96008115999996,-13.531783099999927]},"properties":{"objectid":10252,"nombre":"ALUDENT","departamento":"CUSCO","provincia":"CUSCO","distrito":"WANCHAQ","institucion":"PRIVADO","codigoMinsa":30720,"direccion":"AVENIDA LAS GARDENIAS OFICINA 203 PISO 2 MANZANA LL LOTE 10 URBANIZACIÓN TTIO DISTRITO WANCHAQ PROVINCIA CUSCO DEPARTAMENTO CUSCO","disa":"CUSCO","red":"","microrred":"","categoria":"ESTABLECIMIENTO DE SALUD SIN INTERNAMIENTO","condicion":"ACTIVO","actualizado":"2023/08/01 19:00:00.000","fuente":"MINSA","urlRenipr":"http://app20.susalud.gob.pe:8080/registro-renipress-webapp/ipress.htm?action=mostrarVer&idipress=00030720"}},{"type":"Feature","geometry":{"type":"Point","coordinates":[-71.93980759999994,-13.53217799999993]},"properties":{"objectid":10254,"nombre":"UNIDAD DE SALUD - UAC","departamento":"CUSCO","provincia":"CUSCO","distrito":"SAN JERONIMO","institucion":"PRIVADO","codigoMinsa":27914,"direccion":"URBANIZACIÓN INGENIERIA LARAPA GRANDE A-5 URBANIZACIÓN LARAPA GRANDE DISTRITO SAN JERONIMO PROVINCIA CUSCO DEPARTAMENTO CUSCO","disa":"CUSCO","red":"NO PERTENECE A NINGUNA RED","microrred":"NO PERTENECE A NINGUNA MICRORED","categoria":"ESTABLECIMIENTO DE SALUD SIN INTERNAMIENTO","condicion":"ACTIVO","actualizado":"2023/08/01 19:00:00.000","fuente":"MINSA","urlRenipr":"http://app20.susalud.gob.pe:8080/registro-renipress-webapp/ipress.htm?action=mostrarVer&idipress=00027914"}},{"type":"Feature","geometry":{"type":"Point","coordinates":[-71.95701270999996,-13.524502149999932]},"properties":{"objectid":10286,"nombre":"MAXILLARIS DENTAL","departamento":"CUSCO","provincia":"CUSCO","distrito":"WANCHAQ","institucion":"PRIVADO","codigoMinsa":26667,"direccion":"JIRÓN HERMANOS AYAR OFICINA 202 Y 205 N?ERO 106 PISO 2 DISTRITO WANCHAQ PROVINCIA CUSCO DEPARTAMENTO CUSCO","disa":"CUSCO","red":"NO PERTENECE A NINGUNA RED","microrred":"NO PERTENECE A NINGUNA MICRORED","categoria":"ESTABLECIMIENTO DE SALUD SIN INTERNAMIENTO","condicion":"ACTIVO","actualizado":"2023/08/01 19:00:00.000","fuente":"MINSA","urlRenipr":"http://app20.susalud.gob.pe:8080/registro-renipress-webapp/ipress.htm?action=mostrarVer&idipress=00026667"}},{"type":"Feature","geometry":{"type":"Point","coordinates":[-71.94920003999994,-13.53809855999998]},"properties":{"objectid":10288,"nombre":"OPTIMA","departamento":"CUSCO","provincia":"CUSCO","distrito":"WANCHAQ","institucion":"PRIVADO","codigoMinsa":27107,"direccion":"AVENIDA VELASCO ASTETE 1° NIVEL ,2° NIVEL ,3° NIVEL N?ERO 3 MANZANA B LOTE 3B URBANIZACI? APV SEÑOR DE LOS MILAGROS DISTRITO WANCHAQ PROVINCIA CUSCO DEPARTAMENTO CUSCO","disa":"CUSCO","red":"NO PERTENECE A NINGUNA RED","microrred":"NO PERTENECE A NINGUNA MICRORED","categoria":"ESTABLECIMIENTO DE SALUD SIN INTERNAMIENTO","condicion":"ACTIVO","actualizado":"2023/08/01 19:00:00.000","fuente":"MINSA","urlRenipr":"http://app20.susalud.gob.pe:8080/registro-renipress-webapp/ipress.htm?action=mostrarVer&idipress=00027107"}},{"type":"Feature","geometry":{"type":"Point","coordinates":[-71.40414084999998,-14.790478349999944]},"properties":{"objectid":10292,"nombre":"YAURI","departamento":"CUSCO","provincia":"ESPINAR","distrito":"ESPINAR","institucion":"GOBIERNO REGIONAL","codigoMinsa":2410,"direccion":"CALLE CALLE TUPAC AMARU S/N / DOMINGO HUARCA / YAURI / ESPINAR / CUSCO S/N CALLE TUPAC AMARU S/N / DOMINGO HUARCA / YAURI / ESPINAR / CUSCO ESPINAR ESPINAR CUSCO","disa":"CUSCO","red":"CANAS-CANCHIS-ESPINAR","microrred":"YAURI","categoria":"ESTABLECIMIENTO DE SALUD CON INTERNAMIENTO","condicion":"ACTIVO","actualizado":"2023/08/01 19:00:00.000","fuente":"MINSA","urlRenipr":"http://app20.susalud.gob.pe:8080/registro-renipress-webapp/ipress.htm?action=mostrarVer&idipress=00002410"}},{"type":"Feature","geometry":{"type":"Point","coordinates":[-71.19215496999993,-14.301583789999938]},"properties":{"objectid":10293,"nombre":"UZCUPATA","departamento":"CUSCO","provincia":"CANCHIS","distrito":"SICUANI","institucion":"GOBIERNO REGIONAL","codigoMinsa":2382,"direccion":"OTROS COMUNIDAD UZCUPATA / SICUANI / CANCHIS / CUSCO DISTRITO SICUANI PROVINCIA CANCHIS DEPARTAMENTO CUSCO","disa":"CUSCO","red":"CANAS-CANCHIS-ESPINAR","microrred":"PAMPAPHALLA","categoria":"ESTABLECIMIENTO DE SALUD SIN INTERNAMIENTO","condicion":"ACTIVO","actualizado":"2023/08/01 19:00:00.000","fuente":"MINSA","urlRenipr":"http://app20.susalud.gob.pe:8080/registro-renipress-webapp/ipress.htm?action=mostrarVer&idipress=00002382"}},{"type":"Feature","geometry":{"type":"Point","coordinates":[-71.53034492999996,-14.797568999999953]},"properties":{"objectid":10294,"nombre":"COPORAQUE","departamento":"CUSCO","provincia":"ESPINAR","distrito":"COPORAQUE","institucion":"GOBIERNO REGIONAL","codigoMinsa":2412,"direccion":"CALLE CALLE LADISLAO ESPINAR S/N / COPORAQUE / ESPINAR / CUSCO NÚMERO S/N DISTRITO COPORAQUE PROVINCIA ESPINAR DEPARTAMENTO CUSCO","disa":"CUSCO","red":"CANAS-CANCHIS-ESPINAR","microrred":"YAURI","categoria":"ESTABLECIMIENTO DE SALUD SIN INTERNAMIENTO","condicion":"ACTIVO","actualizado":"2023/08/01 19:00:00.000","fuente":"MINSA","urlRenipr":"http://app20.susalud.gob.pe:8080/registro-renipress-webapp/ipress.htm?action=mostrarVer&idipress=00002412"}},{"type":"Feature","geometry":{"type":"Point","coordinates":[-71.45475779999998,-14.379421299999933]},"properties":{"objectid":10295,"nombre":"QUEHUE","departamento":"CUSCO","provincia":"CANAS","distrito":"QUEHUE","institucion":"GOBIERNO REGIONAL","codigoMinsa":2373,"direccion":"AVENIDA AVENIDA PROGRESO SIN NUMERO /QUEHUE / CANAS / CUSCO DISTRITO QUEHUE PROVINCIA CANAS DEPARTAMENTO CUSCO","disa":"CUSCO","red":"CANAS-CANCHIS-ESPINAR","microrred":"YANAOCA","categoria":"ESTABLECIMIENTO DE SALUD SIN INTERNAMIENTO","condicion":"ACTIVO","actualizado":"2023/08/01 19:00:00.000","fuente":"MINSA","urlRenipr":"http://app20.susalud.gob.pe:8080/registro-renipress-webapp/ipress.htm?action=mostrarVer&idipress=00002373"}},{"type":"Feature","geometry":{"type":"Point","coordinates":[-71.24623595999998,-14.314611999999954]},"properties":{"objectid":10296,"nombre":"HERCCA","departamento":"CUSCO","provincia":"CANCHIS","distrito":"SICUANI","institucion":"GOBIERNO REGIONAL","codigoMinsa":2379,"direccion":"OTROS CIMUNIDAD DE HERCCA / SICUANI / CANCHIS / CUSCO DISTRITO SICUANI PROVINCIA CANCHIS DEPARTAMENTO CUSCO","disa":"CUSCO","red":"CANAS-CANCHIS-ESPINAR","microrred":"TECHO OBRERO","categoria":"ESTABLECIMIENTO DE SALUD SIN INTERNAMIENTO","condicion":"ACTIVO","actualizado":"2023/08/01 19:00:00.000","fuente":"MINSA","urlRenipr":"http://app20.susalud.gob.pe:8080/registro-renipress-webapp/ipress.htm?action=mostrarVer&idipress=00002379"}},{"type":"Feature","geometry":{"type":"Point","coordinates":[-71.15590907999996,-14.496060869999951]},"properties":{"objectid":10297,"nombre":"LAYO","departamento":"CUSCO","provincia":"CANAS","distrito":"LAYO","institucion":"GOBIERNO REGIONAL","codigoMinsa":2371,"direccion":"CALLE CALLE LARAMANI S/N / LAYO / CANAS / CUSCO S/N CALLE LARAMANI S/N / LAYO / CANAS / CUSCO LAYO CANAS CUSCO","disa":"CUSCO","red":"CANAS-CANCHIS-ESPINAR","microrred":"EL DESCANSO","categoria":"ESTABLECIMIENTO DE SALUD SIN INTERNAMIENTO","condicion":"ACTIVO","actualizado":"2023/08/01 19:00:00.000","fuente":"MINSA","urlRenipr":"http://app20.susalud.gob.pe:8080/registro-renipress-webapp/ipress.htm?action=mostrarVer&idipress=00002371"}},{"type":"Feature","geometry":{"type":"Point","coordinates":[-71.27314147999994,-14.433639289999974]},"properties":{"objectid":10298,"nombre":"LANGUI","departamento":"CUSCO","provincia":"CANAS","distrito":"LANGUI","institucion":"GOBIERNO REGIONAL","codigoMinsa":2369,"direccion":"CALLE CALLE JOSE OLAYA S/N / LANGUI / CANAS / CUSCO NÚMERO S/N DISTRITO LANGUI PROVINCIA CANAS DEPARTAMENTO CUSCO","disa":"CUSCO","red":"CANAS-CANCHIS-ESPINAR","microrred":"EL DESCANSO","categoria":"ESTABLECIMIENTO DE SALUD SIN INTERNAMIENTO","condicion":"ACTIVO","actualizado":"2023/08/01 19:00:00.000","fuente":"MINSA","urlRenipr":"http://app20.susalud.gob.pe:8080/registro-renipress-webapp/ipress.htm?action=mostrarVer&idipress=00002369"}},{"type":"Feature","geometry":{"type":"Point","coordinates":[-71.47756216999994,-14.327447939999956]},"properties":{"objectid":10299,"nombre":"HAMPATURA","departamento":"CUSCO","provincia":"CANAS","distrito":"YANAOCA","institucion":"GOBIERNO REGIONAL","codigoMinsa":18241,"direccion":"OTROS CENTRO POBLADO HAMPATURA - YANAOCA -CANAS-CUSCO DISTRITO YANAOCA PROVINCIA CANAS DEPARTAMENTO CUSCO","disa":"CUSCO","red":"CANAS-CANCHIS-ESPINAR","microrred":"YANAOCA","categoria":"ESTABLECIMIENTO DE SALUD SIN INTERNAMIENTO","condicion":"ACTIVO","actualizado":"2023/08/01 19:00:00.000","fuente":"MINSA","urlRenipr":"http://app20.susalud.gob.pe:8080/registro-renipress-webapp/ipress.htm?action=mostrarVer&idipress=00018241"}},{"type":"Feature","geometry":{"type":"Point","coordinates":[-71.96746259999998,-13.531949999999938]},"properties":{"objectid":10396,"nombre":"PRISMA DENTAL","departamento":"CUSCO","provincia":"CUSCO","distrito":"WANCHAQ","institucion":"PRIVADO","codigoMinsa":29193,"direccion":"AVENIDA LOS CIPRESES PISO 1 MANZANA M LOTE 17 URBANIZACIÓN LA FLORIDA DISTRITO WANCHAQ PROVINCIA CUSCO DEPARTAMENTO CUSCO","disa":"CUSCO","red":"","microrred":"","categoria":"ESTABLECIMIENTO DE SALUD SIN INTERNAMIENTO","condicion":"ACTIVO","actualizado":"2023/08/01 19:00:00.000","fuente":"MINSA","urlRenipr":"http://app20.susalud.gob.pe:8080/registro-renipress-webapp/ipress.htm?action=mostrarVer&idipress=00029193"}},{"type":"Feature","geometry":{"type":"Point","coordinates":[-71.96098700999994,-13.535032509999951]},"properties":{"objectid":10414,"nombre":"AVITAL DENT D&D","departamento":"CUSCO","provincia":"CUSCO","distrito":"WANCHAQ","institucion":"PRIVADO","codigoMinsa":29226,"direccion":"AVENIDA COSTANERA PISO 2 MANZANA k LOTE 2 URBANIZACIÓN AAHH SIMON HERRERA FARFAN DISTRITO WANCHAQ PROVINCIA CUSCO DEPARTAMENTO CUSCO","disa":"CUSCO","red":"","microrred":"","categoria":"ESTABLECIMIENTO DE SALUD SIN INTERNAMIENTO","condicion":"ACTIVO","actualizado":"2023/08/01 19:00:00.000","fuente":"MINSA","urlRenipr":"http://app20.susalud.gob.pe:8080/registro-renipress-webapp/ipress.htm?action=mostrarVer&idipress=00029226"}},{"type":"Feature","geometry":{"type":"Point","coordinates":[-71.97989999999999,-13.520199999999932]},"properties":{"objectid":10458,"nombre":"Econatalfem","departamento":"CUSCO","provincia":"CUSCO","distrito":"CUSCO","institucion":"PRIVADO","codigoMinsa":29180,"direccion":"CALLE Qera oficina 201 NÚMERO 293 PISO 2 DISTRITO CUSCO PROVINCIA CUSCO DEPARTAMENTO CUSCO","disa":"CUSCO","red":"NO PERTENECE A NINGUNA RED","microrred":"NO PERTENECE A NINGUNA MICRORED","categoria":"ESTABLECIMIENTO DE SALUD SIN INTERNAMIENTO","condicion":"ACTIVO","actualizado":"2023/08/01 19:00:00.000","fuente":"MINSA","urlRenipr":"http://app20.susalud.gob.pe:8080/registro-renipress-webapp/ipress.htm?action=mostrarVer&idipress=00029180"}},{"type":"Feature","geometry":{"type":"Point","coordinates":[-71.96439414999998,-13.531198969999934]},"properties":{"objectid":10459,"nombre":"VIRGEN MARIA AUXILIADORA","departamento":"CUSCO","provincia":"CUSCO","distrito":"WANCHAQ","institucion":"PRIVADO","codigoMinsa":29322,"direccion":"AVENIDA LAS GARDENIAS MANZANA O LOTE 1 URBANIZACIÓN LA FLORIDA DISTRITO WANCHAQ PROVINCIA CUSCO DEPARTAMENTO CUSCO","disa":"CUSCO","red":"","microrred":"","categoria":"ESTABLECIMIENTO DE SALUD SIN INTERNAMIENTO","condicion":"ACTIVO","actualizado":"2023/08/01 19:00:00.000","fuente":"MINSA","urlRenipr":"http://app20.susalud.gob.pe:8080/registro-renipress-webapp/ipress.htm?action=mostrarVer&idipress=00029322"}},{"type":"Feature","geometry":{"type":"Point","coordinates":[-71.96256455999998,-13.525205329999949]},"properties":{"objectid":10502,"nombre":"MAS SALUD Y VIDA S.A.C.","departamento":"CUSCO","provincia":"CUSCO","distrito":"WANCHAQ","institucion":"PRIVADO","codigoMinsa":30724,"direccion":"AVENIDA TOMASA TTITO CONDEMAYTA - SOTANO NÚMERO 1115 DISTRITO WANCHAQ PROVINCIA CUSCO DEPARTAMENTO CUSCO","disa":"CUSCO","red":"","microrred":"","categoria":"ESTABLECIMIENTO DE SALUD SIN INTERNAMIENTO","condicion":"ACTIVO","actualizado":"2023/08/01 19:00:00.000","fuente":"MINSA","urlRenipr":"http://app20.susalud.gob.pe:8080/registro-renipress-webapp/ipress.htm?action=mostrarVer&idipress=00030724"}},{"type":"Feature","geometry":{"type":"Point","coordinates":[-72.14462119999996,-13.464876949999962]},"properties":{"objectid":10505,"nombre":"SAN MARTIN DE PORRES DELGADO & MERMA SAC","departamento":"CUSCO","provincia":"ANTA","distrito":"ANTA","institucion":"PRIVADO","codigoMinsa":31104,"direccion":"CALLE DOS DE MAYO PISO 2 MANZANA E LOTE 9 DISTRITO ANTA PROVINCIA ANTA DEPARTAMENTO CUSCO","disa":"CUSCO","red":"","microrred":"NO PERTENECE A NINGUNA MICRORED","categoria":"ESTABLECIMIENTO DE SALUD SIN INTERNAMIENTO","condicion":"ACTIVO","actualizado":"2023/08/01 19:00:00.000","fuente":"MINSA","urlRenipr":"http://app20.susalud.gob.pe:8080/registro-renipress-webapp/ipress.htm?action=mostrarVer&idipress=00031104"}},{"type":"Feature","geometry":{"type":"Point","coordinates":[-73.83841058999997,-12.521311649999973]},"properties":{"objectid":10538,"nombre":"LINCE N° 02","departamento":"CUSCO","provincia":"LA CONVENCION","distrito":"PICHARI","institucion":"SANIDAD DEL EJERCITO DEL PERU","codigoMinsa":24995,"direccion":"AVENIDA SIVIA PICHARI NÚMERO S/N URBANIZACIÓN PICHARI BAJA DISTRITO PICHARI PROVINCIA LA CONVENCION DEPARTAMENTO CUSCO","disa":"","red":"","microrred":"","categoria":"ESTABLECIMIENTO DE SALUD SIN INTERNAMIENTO","condicion":"RETIRO VOLUNTARIO","actualizado":"2023/08/01 19:00:00.000","fuente":"MINSA","urlRenipr":"http://app20.susalud.gob.pe:8080/registro-renipress-webapp/ipress.htm?action=mostrarVer&idipress=00024995"}},{"type":"Feature","geometry":{"type":"Point","coordinates":[-72.44161733999994,-12.617885009999952]},"properties":{"objectid":10696,"nombre":"PUENTE SANTIAGO","departamento":"CUSCO","provincia":"LA CONVENCION","distrito":"QUELLOUNO","institucion":"GOBIERNO REGIONAL","codigoMinsa":2467,"direccion":"OTROS LOCALIDAD PUENTE SANTIAGO/ QUELLOUNO / LA CONVENCION / CUSCO DISTRITO QUELLOUNO PROVINCIA LA CONVENCION DEPARTAMENTO CUSCO","disa":"CUSCO","red":"CUSCO NORTE","microrred":"YANATILE","categoria":"ESTABLECIMIENTO DE SALUD SIN INTERNAMIENTO","condicion":"ACTIVO","actualizado":"2023/08/01 19:00:00.000","fuente":"MINSA","urlRenipr":"http://app20.susalud.gob.pe:8080/registro-renipress-webapp/ipress.htm?action=mostrarVer&idipress=00002467"}},{"type":"Feature","geometry":{"type":"Point","coordinates":[-72.16768317999998,-13.406536659999972]},"properties":{"objectid":10697,"nombre":"HUAYLLACOCHA","departamento":"CUSCO","provincia":"ANTA","distrito":"HUAROCONDO","institucion":"GOBIERNO REGIONAL","codigoMinsa":2334,"direccion":"CARRETERA KILOMETRO 13 CARRETERA IZCUCHACA / HUAROCONDO / ANTA / CUSCO DISTRITO HUAROCONDO PROVINCIA ANTA DEPARTAMENTO CUSCO","disa":"CUSCO","red":"CUSCO NORTE","microrred":"ANTA","categoria":"ESTABLECIMIENTO DE SALUD SIN INTERNAMIENTO","condicion":"ACTIVO","actualizado":"2023/08/01 19:00:00.000","fuente":"MINSA","urlRenipr":"http://app20.susalud.gob.pe:8080/registro-renipress-webapp/ipress.htm?action=mostrarVer&idipress=00002334"}},{"type":"Feature","geometry":{"type":"Point","coordinates":[-72.06550476999996,-13.479858289999981]},"properties":{"objectid":10699,"nombre":"CACHIMAYO","departamento":"CUSCO","provincia":"ANTA","distrito":"CACHIMAYO","institucion":"GOBIERNO REGIONAL","codigoMinsa":2331,"direccion":"AVENIDA AVENIDA LEONIDAS RODRIGUEZ KM 15 CACHIMAYO/ANTA/CUSCO AVENIDA LEONIDAS RODRIGUEZ KM 15 CACHIMAYO/ANTA/CUSCO CACHIMAYO ANTA CUSCO","disa":"CUSCO","red":"CUSCO NORTE","microrred":"ANTA","categoria":"ESTABLECIMIENTO DE SALUD SIN INTERNAMIENTO","condicion":"ACTIVO","actualizado":"2023/08/01 19:00:00.000","fuente":"MINSA","urlRenipr":"http://app20.susalud.gob.pe:8080/registro-renipress-webapp/ipress.htm?action=mostrarVer&idipress=00002331"}},{"type":"Feature","geometry":{"type":"Point","coordinates":[-71.95668011999999,-13.52452170999993]},"properties":{"objectid":10996,"nombre":"INTEGRAMEDICA","departamento":"CUSCO","provincia":"CUSCO","distrito":"WANCHAQ","institucion":"PRIVADO","codigoMinsa":10170,"direccion":"AVENIDA DE LA CULTURA 1302 TERCER, CUARTO Y QUINTO PISO WANCHAQ CUSCO CUSCO","disa":"CUSCO","red":"NO PERTENECE A NINGUNA RED","microrred":"NO PERTENECE A NINGUNA MICRORED","categoria":"ESTABLECIMIENTO DE SALUD SIN INTERNAMIENTO","condicion":"ACTIVO","actualizado":"2023/08/01 19:00:00.000","fuente":"MINSA","urlRenipr":"http://app20.susalud.gob.pe:8080/registro-renipress-webapp/ipress.htm?action=mostrarVer&idipress=00010170"}},{"type":"Feature","geometry":{"type":"Point","coordinates":[-71.97491979999995,-13.523596399999974]},"properties":{"objectid":11166,"nombre":"CHEQUEOS MEDICOS","departamento":"CUSCO","provincia":"CUSCO","distrito":"CUSCO","institucion":"PRIVADO","codigoMinsa":25754,"direccion":"AVENIDA PARDO NÚMERO 800 A DISTRITO CUSCO PROVINCIA CUSCO DEPARTAMENTO CUSCO","disa":"CUSCO","red":"NO PERTENECE A NINGUNA RED","microrred":"NO PERTENECE A NINGUNA MICRORED","categoria":"ESTABLECIMIENTO DE SALUD SIN INTERNAMIENTO","condicion":"ACTIVO","actualizado":"2023/08/01 19:00:00.000","fuente":"MINSA","urlRenipr":"http://app20.susalud.gob.pe:8080/registro-renipress-webapp/ipress.htm?action=mostrarVer&idipress=00025754"}},{"type":"Feature","geometry":{"type":"Point","coordinates":[-71.94902569999994,-13.53469089999993]},"properties":{"objectid":11333,"nombre":"ISABELADENTIS DENTAL CENTER","departamento":"CUSCO","provincia":"CUSCO","distrito":"WANCHAQ","institucion":"PRIVADO","codigoMinsa":26661,"direccion":"AVENIDA DE LA CULTURA N?ERO 2114 PISO 2 URBANIZACI? SANTA ROSA DISTRITO WANCHAQ PROVINCIA CUSCO DEPARTAMENTO CUSCO","disa":"CUSCO","red":"NO PERTENECE A NINGUNA RED","microrred":"NO PERTENECE A NINGUNA MICRORED","categoria":"ESTABLECIMIENTO DE SALUD SIN INTERNAMIENTO","condicion":"ACTIVO","actualizado":"2023/08/01 19:00:00.000","fuente":"MINSA","urlRenipr":"http://app20.susalud.gob.pe:8080/registro-renipress-webapp/ipress.htm?action=mostrarVer&idipress=00026661"}},{"type":"Feature","geometry":{"type":"Point","coordinates":[-71.93086567999995,-13.532037469999977]},"properties":{"objectid":11498,"nombre":"CORNEJO","departamento":"CUSCO","provincia":"CUSCO","distrito":"WANCHAQ","institucion":"PRIVADO","codigoMinsa":10023,"direccion":"AVENIDA AVENIDA CUSCO 211 SAN SEBASTIAN DISTRITO WANCHAQ PROVINCIA CUSCO DEPARTAMENTO CUSCO","disa":"CUSCO","red":"NO PERTENECE A NINGUNA RED","microrred":"NO PERTENECE A NINGUNA MICRORED","categoria":"ESTABLECIMIENTO DE SALUD CON INTERNAMIENTO","condicion":"ACTIVO","actualizado":"2023/08/01 19:00:00.000","fuente":"MINSA","urlRenipr":"http://app20.susalud.gob.pe:8080/registro-renipress-webapp/ipress.htm?action=mostrarVer&idipress=00010023"}},{"type":"Feature","geometry":{"type":"Point","coordinates":[-73.80604466999995,-12.557909619999975]},"properties":{"objectid":11536,"nombre":"OMAYA","departamento":"CUSCO","provincia":"LA CONVENCION","distrito":"PICHARI","institucion":"GOBIERNO REGIONAL","codigoMinsa":2496,"direccion":"OTROS COMUNIDAD OMAYA / PICHARI / LA CONVENCIÓN / CUSCO DISTRITO PICHARI PROVINCIA LA CONVENCION DEPARTAMENTO CUSCO","disa":"CUSCO","red":"KIMBIRI PICHARI","microrred":"PICHARI","categoria":"ESTABLECIMIENTO DE SALUD SIN INTERNAMIENTO","condicion":"ACTIVO","actualizado":"2023/08/01 19:00:00.000","fuente":"MINSA","urlRenipr":"http://app20.susalud.gob.pe:8080/registro-renipress-webapp/ipress.htm?action=mostrarVer&idipress=00002496"}},{"type":"Feature","geometry":{"type":"Point","coordinates":[-71.95599912999995,-13.524795009999934]},"properties":{"objectid":11695,"nombre":"VITAL DENT","departamento":"CUSCO","provincia":"CUSCO","distrito":"WANCHAQ","institucion":"PRIVADO","codigoMinsa":27781,"direccion":"AVENIDA DE LA CULTURA NÚMERO 1400B PISO 2 INTERIOR 203 DISTRITO WANCHAQ PROVINCIA CUSCO DEPARTAMENTO CUSCO","disa":"CUSCO","red":"NO PERTENECE A NINGUNA RED","microrred":"NO PERTENECE A NINGUNA MICRORED","categoria":"ESTABLECIMIENTO DE SALUD SIN INTERNAMIENTO","condicion":"ACTIVO","actualizado":"2023/08/01 19:00:00.000","fuente":"MINSA","urlRenipr":"http://app20.susalud.gob.pe:8080/registro-renipress-webapp/ipress.htm?action=mostrarVer&idipress=00027781"}},{"type":"Feature","geometry":{"type":"Point","coordinates":[-71.94849461999996,-13.534106769999937]},"properties":{"objectid":11700,"nombre":"SEÑOR DE HUANCA","departamento":"CUSCO","provincia":"CUSCO","distrito":"WANCHAQ","institucion":"PRIVADO","codigoMinsa":24661,"direccion":"AVENIDA PEDRO VILCAPAZA NÚMERO 208 PISO 1 DISTRITO WANCHAQ PROVINCIA CUSCO DEPARTAMENTO CUSCO","disa":"","red":"","microrred":"","categoria":"ESTABLECIMIENTO DE SALUD SIN INTERNAMIENTO","condicion":"RETIRO VOLUNTARIO","actualizado":"2023/08/01 19:00:00.000","fuente":"MINSA","urlRenipr":"http://app20.susalud.gob.pe:8080/registro-renipress-webapp/ipress.htm?action=mostrarVer&idipress=00024661"}},{"type":"Feature","geometry":{"type":"Point","coordinates":[-71.95244222999997,-13.526504959999954]},"properties":{"objectid":11746,"nombre":"MEDI IMAGENES SUR","departamento":"CUSCO","provincia":"CUSCO","distrito":"WANCHAQ","institucion":"PRIVADO","codigoMinsa":26400,"direccion":"AVENIDA LOS INCAS N?ERO 1413 DISTRITO WANCHAQ PROVINCIA CUSCO DEPARTAMENTO CUSCO","disa":"CUSCO","red":"NO PERTENECE A NINGUNA RED","microrred":"NO PERTENECE A NINGUNA MICRORED","categoria":"SERVICIO MÉDICO DE APOYO","condicion":"ACTIVO","actualizado":"2023/08/01 19:00:00.000","fuente":"MINSA","urlRenipr":"http://app20.susalud.gob.pe:8080/registro-renipress-webapp/ipress.htm?action=mostrarVer&idipress=00026400"}},{"type":"Feature","geometry":{"type":"Point","coordinates":[-72.61886550999998,-13.024599319999936]},"properties":{"objectid":11957,"nombre":"SAN PABLO HUAYOPATA","departamento":"CUSCO","provincia":"LA CONVENCION","distrito":"HUAYOPATA","institucion":"GOBIERNO REGIONAL","codigoMinsa":2457,"direccion":"OTROS SAN PABLO / HUAYOPATA / LA CONVENCION / CUSCO SAN PABLO / HUAYOPATA / LA CONVENCION / CUSCO HUAYOPATA LA CONVENCION CUSCO","disa":"CUSCO","red":"LA CONVENCION","microrred":"MARANURA","categoria":"ESTABLECIMIENTO DE SALUD SIN INTERNAMIENTO","condicion":"ACTIVO","actualizado":"2023/08/01 19:00:00.000","fuente":"MINSA","urlRenipr":"http://app20.susalud.gob.pe:8080/registro-renipress-webapp/ipress.htm?action=mostrarVer&idipress=00002457"}},{"type":"Feature","geometry":{"type":"Point","coordinates":[-72.89374832999994,-12.68240499999996]},"properties":{"objectid":11958,"nombre":"SAN ANTONIO","departamento":"CUSCO","provincia":"LA CONVENCION","distrito":"ECHARATE","institucion":"GOBIERNO REGIONAL","codigoMinsa":2450,"direccion":"OTROS CENTRO POBLADO / ECHARATE / LA CONVENCION / CUSCO CENTRO POBLADO / ECHARATE / LA CONVENCION / CUSCO ECHARATE LA CONVENCION CUSCO","disa":"CUSCO","red":"LA CONVENCION","microrred":"SANTA ANA","categoria":"ESTABLECIMIENTO DE SALUD SIN INTERNAMIENTO","condicion":"ACTIVO","actualizado":"2023/08/01 19:00:00.000","fuente":"MINSA","urlRenipr":"http://app20.susalud.gob.pe:8080/registro-renipress-webapp/ipress.htm?action=mostrarVer&idipress=00002450"}},{"type":"Feature","geometry":{"type":"Point","coordinates":[-72.81813096999997,-11.823949769999956]},"properties":{"objectid":11959,"nombre":"CASHIRIARI","departamento":"CUSCO","provincia":"LA CONVENCION","distrito":"MEGANTONI","institucion":"GOBIERNO REGIONAL","codigoMinsa":15843,"direccion":"OTROS COMUNIDAD NATIVA DE CASHIRIARI S/N COMUNIDAD NATIVA DE CASHIRIARI MEGANTONI LA CONVENCION CUSCO","disa":"CUSCO","red":"LA CONVENCION","microrred":"KAMISEA","categoria":"ESTABLECIMIENTO DE SALUD SIN INTERNAMIENTO","condicion":"ACTIVO","actualizado":"2023/08/01 19:00:00.000","fuente":"MINSA","urlRenipr":"http://app20.susalud.gob.pe:8080/registro-renipress-webapp/ipress.htm?action=mostrarVer&idipress=00015843"}},{"type":"Feature","geometry":{"type":"Point","coordinates":[-73.13652088999999,-12.521636309999963]},"properties":{"objectid":11960,"nombre":"TRIO RIO","departamento":"CUSCO","provincia":"LA CONVENCION","distrito":"ECHARATE","institucion":"GOBIERNO REGIONAL","codigoMinsa":13068,"direccion":"OTROS COMUNIDAD DE TRIO RIO COMUNIDAD DE TRIO RIO ECHARATE LA CONVENCION CUSCO","disa":"CUSCO","red":"LA CONVENCION","microrred":"KITENI","categoria":"ESTABLECIMIENTO DE SALUD SIN INTERNAMIENTO","condicion":"ACTIVO","actualizado":"2023/08/01 19:00:00.000","fuente":"MINSA","urlRenipr":"http://app20.susalud.gob.pe:8080/registro-renipress-webapp/ipress.htm?action=mostrarVer&idipress=00013068"}},{"type":"Feature","geometry":{"type":"Point","coordinates":[-72.49746199999998,-12.423785479999935]},"properties":{"objectid":11961,"nombre":"TUPAC AMARU QUELLOUNO","departamento":"CUSCO","provincia":"CALCA","distrito":"YANATILE","institucion":"GOBIERNO REGIONAL","codigoMinsa":2363,"direccion":"OTROS TUPAC AMARU / YANATILE / CALCA TUPAC AMARU / YANATILE / CALCA YANATILE CALCA CUSCO","disa":"CUSCO","red":"LA CONVENCION","microrred":"QUELLOUNO","categoria":"ESTABLECIMIENTO DE SALUD SIN INTERNAMIENTO","condicion":"ACTIVO","actualizado":"2023/08/01 19:00:00.000","fuente":"MINSA","urlRenipr":"http://app20.susalud.gob.pe:8080/registro-renipress-webapp/ipress.htm?action=mostrarVer&idipress=00002363"}},{"type":"Feature","geometry":{"type":"Point","coordinates":[-72.72642583999993,-13.020709419999946]},"properties":{"objectid":11962,"nombre":"PALTAYBAMBA","departamento":"CUSCO","provincia":"LA CONVENCION","distrito":"VILCABAMBA","institucion":"GOBIERNO REGIONAL","codigoMinsa":2492,"direccion":"OTROS PALTAYBAMBA / VILCABAMBA / LA CONVENCION / CUSCO PALTAYBAMBA / VILCABAMBA / LA CONVENCION / CUSCO VILCABAMBA LA CONVENCION CUSCO","disa":"CUSCO","red":"LA CONVENCION","microrred":"PUCYURA","categoria":"ESTABLECIMIENTO DE SALUD SIN INTERNAMIENTO","condicion":"ACTIVO","actualizado":"2023/08/01 19:00:00.000","fuente":"MINSA","urlRenipr":"http://app20.susalud.gob.pe:8080/registro-renipress-webapp/ipress.htm?action=mostrarVer&idipress=00002492"}},{"type":"Feature","geometry":{"type":"Point","coordinates":[-73.28060126999998,-13.312508259999959]},"properties":{"objectid":11963,"nombre":"INCAHUASI","departamento":"CUSCO","provincia":"LA CONVENCION","distrito":"INKAWASI","institucion":"GOBIERNO REGIONAL","codigoMinsa":2482,"direccion":"OTROS SAN MARTIN S/N INKAWASI LA CONVENCION CUSCO","disa":"CUSCO","red":"LA CONVENCION","microrred":"PUCYURA","categoria":"ESTABLECIMIENTO DE SALUD SIN INTERNAMIENTO","condicion":"ACTIVO","actualizado":"2023/08/01 19:00:00.000","fuente":"MINSA","urlRenipr":"http://app20.susalud.gob.pe:8080/registro-renipress-webapp/ipress.htm?action=mostrarVer&idipress=00002482"}},{"type":"Feature","geometry":{"type":"Point","coordinates":[-72.66293332999999,-12.963556669999946]},"properties":{"objectid":11964,"nombre":"MARANURA","departamento":"CUSCO","provincia":"LA CONVENCION","distrito":"MARANURA","institucion":"GOBIERNO REGIONAL","codigoMinsa":2458,"direccion":"OTROS MARANURA / LA CONVENCION / CUSCO MARANURA / LA CONVENCION / CUSCO MARANURA LA CONVENCION CUSCO","disa":"CUSCO","red":"LA CONVENCION","microrred":"MARANURA","categoria":"ESTABLECIMIENTO DE SALUD CON INTERNAMIENTO","condicion":"ACTIVO","actualizado":"2023/08/01 19:00:00.000","fuente":"MINSA","urlRenipr":"http://app20.susalud.gob.pe:8080/registro-renipress-webapp/ipress.htm?action=mostrarVer&idipress=00002458"}},{"type":"Feature","geometry":{"type":"Point","coordinates":[-73.13363101999994,-11.540567009999961]},"properties":{"objectid":11966,"nombre":"NUEVO MUNDO","departamento":"CUSCO","provincia":"LA CONVENCION","distrito":"MEGANTONI","institucion":"GOBIERNO REGIONAL","codigoMinsa":2437,"direccion":"OTROS COMUNIDAD NATIVA NUEVO MUNDO S/N MEGANTONI LA CONVENCION CUSCO","disa":"CUSCO","red":"LA CONVENCION","microrred":"KAMISEA","categoria":"ESTABLECIMIENTO DE SALUD SIN INTERNAMIENTO","condicion":"ACTIVO","actualizado":"2023/08/01 19:00:00.000","fuente":"MINSA","urlRenipr":"http://app20.susalud.gob.pe:8080/registro-renipress-webapp/ipress.htm?action=mostrarVer&idipress=00002437"}},{"type":"Feature","geometry":{"type":"Point","coordinates":[-72.72647283999999,-12.890131569999937]},"properties":{"objectid":11967,"nombre":"POTRERO","departamento":"CUSCO","provincia":"LA CONVENCION","distrito":"SANTA ANA","institucion":"GOBIERNO REGIONAL","codigoMinsa":2424,"direccion":"OTROS CENTRO POBLADO POTRERO CENTRO POBLADO POTRERO SANTA ANA LA CONVENCION CUSCO","disa":"CUSCO","red":"LA CONVENCION","microrred":"SANTA ANA","categoria":"ESTABLECIMIENTO DE SALUD SIN INTERNAMIENTO","condicion":"ACTIVO","actualizado":"2023/08/01 19:00:00.000","fuente":"MINSA","urlRenipr":"http://app20.susalud.gob.pe:8080/registro-renipress-webapp/ipress.htm?action=mostrarVer&idipress=00002424"}},{"type":"Feature","geometry":{"type":"Point","coordinates":[-71.93687254999998,-13.52957779999997]},"properties":{"objectid":12036,"nombre":"MEDING RENOVA","departamento":"CUSCO","provincia":"CUSCO","distrito":"SAN SEBASTIAN","institucion":"PRIVADO","codigoMinsa":31168,"direccion":"CALLE OBISPO MOLLINEDO PRIMER PISO NÚMERO 263 DISTRITO SAN SEBASTIAN PROVINCIA CUSCO DEPARTAMENTO CUSCO","disa":"CUSCO","red":"","microrred":"","categoria":"ESTABLECIMIENTO DE SALUD SIN INTERNAMIENTO","condicion":"ACTIVO","actualizado":"2023/08/01 19:00:00.000","fuente":"MINSA","urlRenipr":"http://app20.susalud.gob.pe:8080/registro-renipress-webapp/ipress.htm?action=mostrarVer&idipress=00031168"}},{"type":"Feature","geometry":{"type":"Point","coordinates":[-71.22208319999999,-14.271329899999955]},"properties":{"objectid":12119,"nombre":"ONCO SAN FRANCISCO","departamento":"CUSCO","provincia":"CANCHIS","distrito":"SICUANI","institucion":"PRIVADO","codigoMinsa":29613,"direccion":"AVENIDA MANUEL CAYO ZEVALLOS PRIMER Y SEGUNDO PISO NÚMERO 486 DISTRITO SICUANI PROVINCIA CANCHIS DEPARTAMENTO CUSCO","disa":"CUSCO","red":"","microrred":"","categoria":"ESTABLECIMIENTO DE SALUD SIN INTERNAMIENTO","condicion":"ACTIVO","actualizado":"2023/08/01 19:00:00.000","fuente":"MINSA","urlRenipr":"http://app20.susalud.gob.pe:8080/registro-renipress-webapp/ipress.htm?action=mostrarVer&idipress=00029613"}},{"type":"Feature","geometry":{"type":"Point","coordinates":[-72.54496289999997,-13.163141199999927]},"properties":{"objectid":12161,"nombre":"MACHU PICCHU - ESSALUD","departamento":"CUSCO","provincia":"URUBAMBA","distrito":"MACHUPICCHU","institucion":"ESSALUD","codigoMinsa":10073,"direccion":"AVENIDA AVENIDA / IMPERIO LOS INCAS S/N / MACHUPICCHU / URUBAMBA / CUSCO NÚMERO S/N DISTRITO MACHUPICCHU PROVINCIA URUBAMBA DEPARTAMENTO CUSCO","disa":"CUSCO","red":"NO PERTENECE A NINGUNA RED","microrred":"NO PERTENECE A NINGUNA MICRORED","categoria":"ESTABLECIMIENTO DE SALUD SIN INTERNAMIENTO","condicion":"ACTIVO","actualizado":"2023/08/01 19:00:00.000","fuente":"MINSA","urlRenipr":"http://app20.susalud.gob.pe:8080/registro-renipress-webapp/ipress.htm?action=mostrarVer&idipress=00010073"}},{"type":"Feature","geometry":{"type":"Point","coordinates":[-71.90308279999994,-13.388265599999954]},"properties":{"objectid":12213,"nombre":"KAUSAY WASI","departamento":"CUSCO","provincia":"CALCA","distrito":"COYA","institucion":"PRIVADO","codigoMinsa":13632,"direccion":"CALLE CALLE TARAPACA S/N. NÚMERO S/N DISTRITO COYA PROVINCIA CALCA DEPARTAMENTO CUSCO","disa":"CUSCO","red":"NO PERTENECE A NINGUNA RED","microrred":"NO PERTENECE A NINGUNA MICRORED","categoria":"ESTABLECIMIENTO DE SALUD SIN INTERNAMIENTO","condicion":"ACTIVO","actualizado":"2023/08/01 19:00:00.000","fuente":"MINSA","urlRenipr":"http://app20.susalud.gob.pe:8080/registro-renipress-webapp/ipress.htm?action=mostrarVer&idipress=00013632"}},{"type":"Feature","geometry":{"type":"Point","coordinates":[-71.93473159999996,-13.528729409999926]},"properties":{"objectid":12216,"nombre":"Luminiere","departamento":"CUSCO","provincia":"CUSCO","distrito":"SAN SEBASTIAN","institucion":"PRIVADO","codigoMinsa":27043,"direccion":"URBANIZACIÓN FLOR DE LA KANTUTA N?ERO 210 PISO 2 DISTRITO SAN SEBASTIAN PROVINCIA CUSCO DEPARTAMENTO CUSCO","disa":"CUSCO","red":"NO PERTENECE A NINGUNA RED","microrred":"NO PERTENECE A NINGUNA MICRORED","categoria":"ESTABLECIMIENTO DE SALUD SIN INTERNAMIENTO","condicion":"ACTIVO","actualizado":"2023/08/01 19:00:00.000","fuente":"MINSA","urlRenipr":"http://app20.susalud.gob.pe:8080/registro-renipress-webapp/ipress.htm?action=mostrarVer&idipress=00027043"}},{"type":"Feature","geometry":{"type":"Point","coordinates":[-71.98811023999997,-13.524585599999966]},"properties":{"objectid":12220,"nombre":"WIÑAY KIRU","departamento":"CUSCO","provincia":"CUSCO","distrito":"SANTIAGO","institucion":"PRIVADO","codigoMinsa":27389,"direccion":"CALLE TRES MARIAS PISO 1 MANZANA 8 LOTE D URBANIZACIÓN APV PUCUTUPAMPA DISTRITO SANTIAGO PROVINCIA CUSCO DEPARTAMENTO CUSCO","disa":"CUSCO","red":"NO PERTENECE A NINGUNA RED","microrred":"NO PERTENECE A NINGUNA MICRORED","categoria":"ESTABLECIMIENTO DE SALUD SIN INTERNAMIENTO","condicion":"ACTIVO","actualizado":"2023/08/01 19:00:00.000","fuente":"MINSA","urlRenipr":"http://app20.susalud.gob.pe:8080/registro-renipress-webapp/ipress.htm?action=mostrarVer&idipress=00027389"}},{"type":"Feature","geometry":{"type":"Point","coordinates":[-71.65428663999995,-13.591205929999944]},"properties":{"objectid":12244,"nombre":"HUARA HUARA","departamento":"CUSCO","provincia":"QUISPICANCHI","distrito":"CCATCA","institucion":"GOBIERNO REGIONAL","codigoMinsa":8911,"direccion":"OTROS CENTRO POBLADO DE HUARA HUARA / CCATCA / QUISPICANCHI / CUSCO DISTRITO CCATCA PROVINCIA QUISPICANCHI DEPARTAMENTO CUSCO","disa":"CUSCO","red":"CUSCO SUR","microrred":"URCOS","categoria":"ESTABLECIMIENTO DE SALUD SIN INTERNAMIENTO","condicion":"ACTIVO","actualizado":"2023/08/01 19:00:00.000","fuente":"MINSA","urlRenipr":"http://app20.susalud.gob.pe:8080/registro-renipress-webapp/ipress.htm?action=mostrarVer&idipress=00008911"}},{"type":"Feature","geometry":{"type":"Point","coordinates":[-71.70833288999995,-13.522926879999943]},"properties":{"objectid":12245,"nombre":"HUASAC","departamento":"CUSCO","provincia":"PAUCARTAMBO","distrito":"CAICAY","institucion":"GOBIERNO REGIONAL","codigoMinsa":2513,"direccion":"CALLE CALLE PAUCARTAMBO S/N / CAICAY / PAUCARTAMBO / CUSCO NÚMERO S/N DISTRITO CAICAY PROVINCIA PAUCARTAMBO DEPARTAMENTO CUSCO","disa":"CUSCO","red":"CUSCO SUR","microrred":"PAUCARTAMBO","categoria":"ESTABLECIMIENTO DE SALUD SIN INTERNAMIENTO","condicion":"ACTIVO","actualizado":"2023/08/01 19:00:00.000","fuente":"MINSA","urlRenipr":"http://app20.susalud.gob.pe:8080/registro-renipress-webapp/ipress.htm?action=mostrarVer&idipress=00002513"}},{"type":"Feature","geometry":{"type":"Point","coordinates":[-71.52178916999998,-13.85991821999994]},"properties":{"objectid":12246,"nombre":"CCOLCA","departamento":"CUSCO","provincia":"QUISPICANCHI","distrito":"QUIQUIJANA","institucion":"GOBIERNO REGIONAL","codigoMinsa":2539,"direccion":"OTROS CENTRO POBLADO DE COLCA - AUTOPISTA CUSCO SICUANI / QUIQUIJANA / QUISPICANCHI / CUSCO DISTRITO QUIQUIJANA PROVINCIA QUISPICANCHI DEPARTAMENTO CUSCO","disa":"CUSCO","red":"CUSCO SUR","microrred":"URCOS","categoria":"ESTABLECIMIENTO DE SALUD SIN INTERNAMIENTO","condicion":"ACTIVO","actualizado":"2023/08/01 19:00:00.000","fuente":"MINSA","urlRenipr":"http://app20.susalud.gob.pe:8080/registro-renipress-webapp/ipress.htm?action=mostrarVer&idipress=00002539"}},{"type":"Feature","geometry":{"type":"Point","coordinates":[-71.72251601999994,-14.125859039999966]},"properties":{"objectid":12247,"nombre":"ANTAPALLPA","departamento":"CUSCO","provincia":"PARURO","distrito":"OMACHA","institucion":"GOBIERNO REGIONAL","codigoMinsa":2506,"direccion":"PLAZA PLAZA DE ARMAS DE ANTAPALLPA S/N / OMACHA / PARURO / CUSCO NÚMERO S/N DISTRITO OMACHA PROVINCIA PARURO DEPARTAMENTO CUSCO","disa":"CUSCO","red":"CUSCO SUR","microrred":"PARURO","categoria":"ESTABLECIMIENTO DE SALUD SIN INTERNAMIENTO","condicion":"ACTIVO","actualizado":"2023/08/01 19:00:00.000","fuente":"MINSA","urlRenipr":"http://app20.susalud.gob.pe:8080/registro-renipress-webapp/ipress.htm?action=mostrarVer&idipress=00002506"}},{"type":"Feature","geometry":{"type":"Point","coordinates":[-71.60147666999995,-13.952306669999928]},"properties":{"objectid":12248,"nombre":"PUESTO DE SALUD SANGARARA","departamento":"CUSCO","provincia":"ACOMAYO","distrito":"SANGARARA","institucion":"GOBIERNO REGIONAL","codigoMinsa":2324,"direccion":"AVENIDA AVENIDA 16 DE NOVIEMBRE S/N / SANGARARÁ / ACOMAYO / CUSCO NÚMERO S/N DISTRITO SANGARARA PROVINCIA ACOMAYO DEPARTAMENTO CUSCO","disa":"CUSCO","red":"CUSCO SUR","microrred":"ACOMAYO","categoria":"ESTABLECIMIENTO DE SALUD SIN INTERNAMIENTO","condicion":"ACTIVO","actualizado":"2023/08/01 19:00:00.000","fuente":"MINSA","urlRenipr":"http://app20.susalud.gob.pe:8080/registro-renipress-webapp/ipress.htm?action=mostrarVer&idipress=00002324"}},{"type":"Feature","geometry":{"type":"Point","coordinates":[-71.62360229999996,-13.684501799999964]},"properties":{"objectid":12349,"nombre":"CME TUPAC AMARU","departamento":"CUSCO","provincia":"QUISPICANCHI","distrito":"URCOS","institucion":"PRIVADO","codigoMinsa":28980,"direccion":"AVENIDA TUPAC AMARU NÚMERO S/N DISTRITO URCOS PROVINCIA QUISPICANCHI DEPARTAMENTO CUSCO","disa":"CUSCO","red":"NO PERTENECE A NINGUNA RED","microrred":"NO PERTENECE A NINGUNA MICRORED","categoria":"ESTABLECIMIENTO DE SALUD SIN INTERNAMIENTO","condicion":"ACTIVO","actualizado":"2023/08/01 19:00:00.000","fuente":"MINSA","urlRenipr":"http://app20.susalud.gob.pe:8080/registro-renipress-webapp/ipress.htm?action=mostrarVer&idipress=00028980"}},{"type":"Feature","geometry":{"type":"Point","coordinates":[-72.08172656999994,-14.455283479999935]},"properties":{"objectid":12356,"nombre":"PFULLPURI CONDEPAMPA","departamento":"CUSCO","provincia":"CHUMBIVILCAS","distrito":"SANTO TOMAS","institucion":"GOBIERNO REGIONAL","codigoMinsa":8915,"direccion":"PROLONGACIÓN PROLONGACIÓN CALLE ESPINAR S/N / SANTO TOMÁS / CHUMBIVILCAS / CUSCO S/N PROLONGACIÓN CALLE ESPINAR S/N / SANTO TOMÁS / CHUMBIVILCAS / CUSCO SANTO TOMAS CHUMBIVILCAS CUSCO","disa":"CUSCO","red":"CHUMBIVILCAS","microrred":"SANTO TOMAS","categoria":"ESTABLECIMIENTO DE SALUD SIN INTERNAMIENTO","condicion":"ACTIVO","actualizado":"2023/08/01 19:00:00.000","fuente":"MINSA","urlRenipr":"http://app20.susalud.gob.pe:8080/registro-renipress-webapp/ipress.htm?action=mostrarVer&idipress=00008915"}},{"type":"Feature","geometry":{"type":"Point","coordinates":[-71.89315799999997,-13.549179999999978]},"properties":{"objectid":12378,"nombre":"CEALAB","departamento":"CUSCO","provincia":"CUSCO","distrito":"SAN JERONIMO","institucion":"PRIVADO","codigoMinsa":29179,"direccion":"AVENIDA LA CULTURA MANZANA A LOTE 1 URBANIZACIÓN MIRAFLORES DISTRITO SAN JERONIMO PROVINCIA CUSCO DEPARTAMENTO CUSCO","disa":"CUSCO","red":"NO PERTENECE A NINGUNA RED","microrred":"NO PERTENECE A NINGUNA MICRORED","categoria":"SERVICIO MÉDICO DE APOYO","condicion":"ACTIVO","actualizado":"2023/08/01 19:00:00.000","fuente":"MINSA","urlRenipr":"http://app20.susalud.gob.pe:8080/registro-renipress-webapp/ipress.htm?action=mostrarVer&idipress=00029179"}},{"type":"Feature","geometry":{"type":"Point","coordinates":[-71.95087809999995,-13.526838099999964]},"properties":{"objectid":12403,"nombre":"CORONA DENTAL","departamento":"CUSCO","provincia":"CUSCO","distrito":"WANCHAQ","institucion":"PRIVADO","codigoMinsa":28217,"direccion":"AVENIDA RICARDO PALMA NÚMERO A2 PISO 2 DEPARTAMENTO 201 DISTRITO WANCHAQ PROVINCIA CUSCO DEPARTAMENTO CUSCO","disa":"CUSCO","red":"NO PERTENECE A NINGUNA RED","microrred":"NO PERTENECE A NINGUNA MICRORED","categoria":"ESTABLECIMIENTO DE SALUD SIN INTERNAMIENTO","condicion":"ACTIVO","actualizado":"2023/08/01 19:00:00.000","fuente":"MINSA","urlRenipr":"http://app20.susalud.gob.pe:8080/registro-renipress-webapp/ipress.htm?action=mostrarVer&idipress=00028217"}},{"type":"Feature","geometry":{"type":"Point","coordinates":[-71.96079791999995,-13.534544869999934]},"properties":{"objectid":12421,"nombre":"ODONTO BUCAL","departamento":"CUSCO","provincia":"CUSCO","distrito":"CUSCO","institucion":"PRIVADO","codigoMinsa":28986,"direccion":"JIRÓN UNION NÚMERO 2 PISO 2 MANZANA B LOTE 8 URBANIZACIÓN TTIO DISTRITO CUSCO PROVINCIA CUSCO DEPARTAMENTO CUSCO","disa":"CUSCO","red":"NO PERTENECE A NINGUNA RED","microrred":"NO PERTENECE A NINGUNA MICRORED","categoria":"ESTABLECIMIENTO DE SALUD SIN INTERNAMIENTO","condicion":"ACTIVO","actualizado":"2023/08/01 19:00:00.000","fuente":"MINSA","urlRenipr":"http://app20.susalud.gob.pe:8080/registro-renipress-webapp/ipress.htm?action=mostrarVer&idipress=00028986"}},{"type":"Feature","geometry":{"type":"Point","coordinates":[-71.94902569999994,-13.53469089999993]},"properties":{"objectid":12474,"nombre":"PEDIATRAS","departamento":"CUSCO","provincia":"CUSCO","distrito":"WANCHAQ","institucion":"PRIVADO","codigoMinsa":27920,"direccion":"AVENIDA LA CULTURA NÚMERO 1212 PISO 5 DISTRITO WANCHAQ PROVINCIA CUSCO DEPARTAMENTO CUSCO","disa":"CUSCO","red":"NO PERTENECE A NINGUNA RED","microrred":"NO PERTENECE A NINGUNA MICRORED","categoria":"ESTABLECIMIENTO DE SALUD SIN INTERNAMIENTO","condicion":"ACTIVO","actualizado":"2023/08/01 19:00:00.000","fuente":"MINSA","urlRenipr":"http://app20.susalud.gob.pe:8080/registro-renipress-webapp/ipress.htm?action=mostrarVer&idipress=00027920"}},{"type":"Feature","geometry":{"type":"Point","coordinates":[-72.14783099999994,-13.462842999999964]},"properties":{"objectid":12577,"nombre":"BIOSLAB","departamento":"CUSCO","provincia":"ANTA","distrito":"ANTA","institucion":"PRIVADO","codigoMinsa":29335,"direccion":"JIRÓN JAQUIJAHUANA OFICINA 203 NÚMERO 710 PISO 2 MANZANA G LOTE 14 DISTRITO ANTA PROVINCIA ANTA DEPARTAMENTO CUSCO","disa":"CUSCO","red":"","microrred":"","categoria":"SERVICIO MÉDICO DE APOYO","condicion":"ACTIVO","actualizado":"2023/08/01 19:00:00.000","fuente":"MINSA","urlRenipr":"http://app20.susalud.gob.pe:8080/registro-renipress-webapp/ipress.htm?action=mostrarVer&idipress=00029335"}},{"type":"Feature","geometry":{"type":"Point","coordinates":[-71.40634373999995,-14.800013719999981]},"properties":{"objectid":12580,"nombre":"Oxford Medical Group","departamento":"CUSCO","provincia":"ESPINAR","distrito":"ESPINAR","institucion":"PRIVADO","codigoMinsa":30315,"direccion":"PROLONGACIÓN CALLE AREQUIPA NÚMERO S/N DISTRITO ESPINAR PROVINCIA ESPINAR DEPARTAMENTO CUSCO","disa":"CUSCO","red":"","microrred":"","categoria":"SERVICIO MÉDICO DE APOYO","condicion":"ACTIVO","actualizado":"2023/08/01 19:00:00.000","fuente":"MINSA","urlRenipr":"http://app20.susalud.gob.pe:8080/registro-renipress-webapp/ipress.htm?action=mostrarVer&idipress=00030315"}},{"type":"Feature","geometry":{"type":"Point","coordinates":[-71.96085413999998,-13.531430089999958]},"properties":{"objectid":12581,"nombre":"ODONTO MARCHETTI","departamento":"CUSCO","provincia":"CUSCO","distrito":"WANCHAQ","institucion":"PRIVADO","codigoMinsa":29412,"direccion":"CALLE LAS GARDENIAS MANZANA M LOTE 4 URBANIZACIÓN LA FLORIDA DISTRITO WANCHAQ PROVINCIA CUSCO DEPARTAMENTO CUSCO","disa":"CUSCO","red":"","microrred":"","categoria":"ESTABLECIMIENTO DE SALUD SIN INTERNAMIENTO","condicion":"ACTIVO","actualizado":"2023/08/01 19:00:00.000","fuente":"MINSA","urlRenipr":"http://app20.susalud.gob.pe:8080/registro-renipress-webapp/ipress.htm?action=mostrarVer&idipress=00029412"}},{"type":"Feature","geometry":{"type":"Point","coordinates":[-71.95597979999997,-13.52454199999994]},"properties":{"objectid":12585,"nombre":"SONRISAS CUSCO","departamento":"CUSCO","provincia":"CUSCO","distrito":"WANCHAQ","institucion":"PRIVADO","codigoMinsa":29524,"direccion":"AVENIDA DE LA CULTURA OFICINA 205 NÚMERO 1320 PISO 2 LOTE B URBANIZACIÓN CHACHACOMAYOC DISTRITO WANCHAQ PROVINCIA CUSCO DEPARTAMENTO CUSCO","disa":"CUSCO","red":"","microrred":"","categoria":"ESTABLECIMIENTO DE SALUD SIN INTERNAMIENTO","condicion":"ACTIVO","actualizado":"2023/08/01 19:00:00.000","fuente":"MINSA","urlRenipr":"http://app20.susalud.gob.pe:8080/registro-renipress-webapp/ipress.htm?action=mostrarVer&idipress=00029524"}},{"type":"Feature","geometry":{"type":"Point","coordinates":[-71.96746259999998,-13.531949999999938]},"properties":{"objectid":12599,"nombre":"VIRGEN ASUNTA","departamento":"CUSCO","provincia":"CUSCO","distrito":"SAN SEBASTIAN","institucion":"PRIVADO","codigoMinsa":29410,"direccion":"AVENIDA PARACAS APV LOS NOGALES PISO 1 MANZANA A LOTE 9 DISTRITO SAN SEBASTIAN PROVINCIA CUSCO DEPARTAMENTO CUSCO","disa":"CUSCO","red":"","microrred":"","categoria":"ESTABLECIMIENTO DE SALUD SIN INTERNAMIENTO","condicion":"ACTIVO","actualizado":"2023/08/01 19:00:00.000","fuente":"MINSA","urlRenipr":"http://app20.susalud.gob.pe:8080/registro-renipress-webapp/ipress.htm?action=mostrarVer&idipress=00029410"}},{"type":"Feature","geometry":{"type":"Point","coordinates":[-71.95509999999996,-13.525799999999947]},"properties":{"objectid":12603,"nombre":"SOS ANGELES","departamento":"CUSCO","provincia":"CUSCO","distrito":"WANCHAQ","institucion":"PRIVADO","codigoMinsa":29353,"direccion":"AVENIDA BERNARDO TAMBOHUACSO NÚMERO 207 DISTRITO WANCHAQ PROVINCIA CUSCO DEPARTAMENTO CUSCO","disa":"CUSCO","red":"","microrred":"","categoria":"ESTABLECIMIENTO DE SALUD SIN INTERNAMIENTO","condicion":"ACTIVO","actualizado":"2023/08/01 19:00:00.000","fuente":"MINSA","urlRenipr":"http://app20.susalud.gob.pe:8080/registro-renipress-webapp/ipress.htm?action=mostrarVer&idipress=00029353"}},{"type":"Feature","geometry":{"type":"Point","coordinates":[-71.88799536999994,-13.544355689999975]},"properties":{"objectid":12624,"nombre":"RISUS","departamento":"CUSCO","provincia":"CUSCO","distrito":"SAN JERONIMO","institucion":"PRIVADO","codigoMinsa":30721,"direccion":"CALLE RAMON CASTILLA PISO 2 MANZANA A LOTE 2 DISTRITO SAN JERONIMO PROVINCIA CUSCO DEPARTAMENTO CUSCO","disa":"CUSCO","red":"","microrred":"","categoria":"ESTABLECIMIENTO DE SALUD SIN INTERNAMIENTO","condicion":"ACTIVO","actualizado":"2023/08/01 19:00:00.000","fuente":"MINSA","urlRenipr":"http://app20.susalud.gob.pe:8080/registro-renipress-webapp/ipress.htm?action=mostrarVer&idipress=00030721"}},{"type":"Feature","geometry":{"type":"Point","coordinates":[-71.96642758999997,-13.530817949999971]},"properties":{"objectid":12625,"nombre":"Maxillaria","departamento":"CUSCO","provincia":"CUSCO","distrito":"WANCHAQ","institucion":"PRIVADO","codigoMinsa":30728,"direccion":"AVENIDA Los Cipreses MANZANA A LOTE 13 URBANIZACIÓN La Florida DISTRITO WANCHAQ PROVINCIA CUSCO DEPARTAMENTO CUSCO","disa":"CUSCO","red":"","microrred":"","categoria":"ESTABLECIMIENTO DE SALUD SIN INTERNAMIENTO","condicion":"ACTIVO","actualizado":"2023/08/01 19:00:00.000","fuente":"MINSA","urlRenipr":"http://app20.susalud.gob.pe:8080/registro-renipress-webapp/ipress.htm?action=mostrarVer&idipress=00030728"}},{"type":"Feature","geometry":{"type":"Point","coordinates":[-72.14348769999998,-13.465223199999969]},"properties":{"objectid":12631,"nombre":"CHOQUEQUIRAO MEDIC","departamento":"CUSCO","provincia":"ANTA","distrito":"ANTA","institucion":"PRIVADO","codigoMinsa":31106,"direccion":"OTROS ESQUINA CALLE FRANCISCA ZUBIAGA Y CALLE LA CULTURA PISO 2 INTERIOR 201 MANZANA E LOTE 06 URBANIZACIÓN NUEVA ANTA DISTRITO ANTA PROVINCIA ANTA DEPARTAMENTO CUSCO","disa":"CUSCO","red":"","microrred":"","categoria":"ESTABLECIMIENTO DE SALUD SIN INTERNAMIENTO","condicion":"ACTIVO","actualizado":"2023/08/01 19:00:00.000","fuente":"MINSA","urlRenipr":"http://app20.susalud.gob.pe:8080/registro-renipress-webapp/ipress.htm?action=mostrarVer&idipress=00031106"}},{"type":"Feature","geometry":{"type":"Point","coordinates":[-71.22654102999996,-14.27125191999994]},"properties":{"objectid":12738,"nombre":"SICUANI","departamento":"CUSCO","provincia":"CANCHIS","distrito":"SICUANI","institucion":"PRIVADO","codigoMinsa":26882,"direccion":"JIRÓN 2 DE MAYO N?ERO 217 DISTRITO SICUANI PROVINCIA CANCHIS DEPARTAMENTO CUSCO","disa":"CUSCO","red":"NO PERTENECE A NINGUNA RED","microrred":"NO PERTENECE A NINGUNA MICRORED","categoria":"ESTABLECIMIENTO DE SALUD SIN INTERNAMIENTO","condicion":"ACTIVO","actualizado":"2023/08/01 19:00:00.000","fuente":"MINSA","urlRenipr":"http://app20.susalud.gob.pe:8080/registro-renipress-webapp/ipress.htm?action=mostrarVer&idipress=00026882"}},{"type":"Feature","geometry":{"type":"Point","coordinates":[-72.27705895999998,-12.684579699999972]},"properties":{"objectid":12798,"nombre":"LA QUEBRADA","departamento":"CUSCO","provincia":"CALCA","distrito":"YANATILE","institucion":"GOBIERNO REGIONAL","codigoMinsa":2355,"direccion":"JIRÓN JIRON PAYTITI S/N QUEBRADA HONDA / YANATILE / CALCA / CUSCO S/N JIRON PAYTITI S/N QUEBRADA HONDA / YANATILE / CALCA / CUSCO YANATILE CALCA CUSCO","disa":"CUSCO","red":"CUSCO NORTE","microrred":"YANATILE","categoria":"ESTABLECIMIENTO DE SALUD CON INTERNAMIENTO","condicion":"ACTIVO","actualizado":"2023/08/01 19:00:00.000","fuente":"MINSA","urlRenipr":"http://app20.susalud.gob.pe:8080/registro-renipress-webapp/ipress.htm?action=mostrarVer&idipress=00002355"}},{"type":"Feature","geometry":{"type":"Point","coordinates":[-72.49016600999994,-12.616513339999926]},"properties":{"objectid":12801,"nombre":"PUTUCUSI","departamento":"CUSCO","provincia":"CALCA","distrito":"YANATILE","institucion":"GOBIERNO REGIONAL","codigoMinsa":2359,"direccion":"CALLE CALLE ANDRES MOROÑA S/N / YANATILE / CALCA / CUSCO S/N CALLE ANDRES MOROÑA S/N / YANATILE / CALCA / CUSCO YANATILE CALCA CUSCO","disa":"CUSCO","red":"CUSCO NORTE","microrred":"YANATILE","categoria":"ESTABLECIMIENTO DE SALUD SIN INTERNAMIENTO","condicion":"ACTIVO","actualizado":"2023/08/01 19:00:00.000","fuente":"MINSA","urlRenipr":"http://app20.susalud.gob.pe:8080/registro-renipress-webapp/ipress.htm?action=mostrarVer&idipress=00002359"}},{"type":"Feature","geometry":{"type":"Point","coordinates":[-72.36054446999998,-12.644347979999964]},"properties":{"objectid":12802,"nombre":"MUYUPAY","departamento":"CUSCO","provincia":"CALCA","distrito":"YANATILE","institucion":"GOBIERNO REGIONAL","codigoMinsa":2358,"direccion":"CARRETERA CARRETERA CALCA - QUELLOUNO LOCALIDAD MUYUPAY / YANATILE / CALCA / CUSCO DISTRITO YANATILE PROVINCIA CALCA DEPARTAMENTO CUSCO","disa":"CUSCO","red":"CUSCO NORTE","microrred":"YANATILE","categoria":"ESTABLECIMIENTO DE SALUD SIN INTERNAMIENTO","condicion":"ACTIVO","actualizado":"2023/08/01 19:00:00.000","fuente":"MINSA","urlRenipr":"http://app20.susalud.gob.pe:8080/registro-renipress-webapp/ipress.htm?action=mostrarVer&idipress=00002358"}},{"type":"Feature","geometry":{"type":"Point","coordinates":[-71.97377599999999,-13.525139999999965]},"properties":{"objectid":12861,"nombre":"DENTAL HOME","departamento":"CUSCO","provincia":"CUSCO","distrito":"CUSCO","institucion":"PRIVADO","codigoMinsa":15763,"direccion":"AVENIDA AVENIDA PARDO N° 994 DISTRITO CUSCO PROVINCIA CUSCO DEPARTAMENTO CUSCO","disa":"CUSCO","red":"NO PERTENECE A NINGUNA RED","microrred":"NO PERTENECE A NINGUNA MICRORED","categoria":"ESTABLECIMIENTO DE SALUD SIN INTERNAMIENTO","condicion":"ACTIVO","actualizado":"2023/08/01 19:00:00.000","fuente":"MINSA","urlRenipr":"http://app20.susalud.gob.pe:8080/registro-renipress-webapp/ipress.htm?action=mostrarVer&idipress=00015763"}},{"type":"Feature","geometry":{"type":"Point","coordinates":[-71.97982221999996,-13.515718809999953]},"properties":{"objectid":12992,"nombre":"FLEMING","departamento":"CUSCO","provincia":"CUSCO","distrito":"CUSCO","institucion":"PRIVADO","codigoMinsa":13340,"direccion":"CALLE CALLE QUERA 235 OF.2 PRIMER NIVEL CUSCO DISTRITO CUSCO PROVINCIA CUSCO DEPARTAMENTO CUSCO","disa":"CUSCO","red":"NO PERTENECE A NINGUNA RED","microrred":"NO PERTENECE A NINGUNA MICRORED","categoria":"SERVICIO MÉDICO DE APOYO","condicion":"ACTIVO","actualizado":"2023/08/01 19:00:00.000","fuente":"MINSA","urlRenipr":"http://app20.susalud.gob.pe:8080/registro-renipress-webapp/ipress.htm?action=mostrarVer&idipress=00013340"}},{"type":"Feature","geometry":{"type":"Point","coordinates":[-71.96746259999998,-13.531949999999938]},"properties":{"objectid":13024,"nombre":"VIRGEN NATIVIDAD","departamento":"CUSCO","provincia":"CUSCO","distrito":"CUSCO","institucion":"PRIVADO","codigoMinsa":15218,"direccion":"AVENIDA AV. MANZANARES B- 11 DISTRITO CUSCO PROVINCIA CUSCO DEPARTAMENTO CUSCO","disa":"CUSCO","red":"","microrred":"NO PERTENECE A NINGUNA MICRORED","categoria":"ESTABLECIMIENTO DE SALUD SIN INTERNAMIENTO","condicion":"ACTIVO","actualizado":"2023/08/01 19:00:00.000","fuente":"MINSA","urlRenipr":"http://app20.susalud.gob.pe:8080/registro-renipress-webapp/ipress.htm?action=mostrarVer&idipress=00015218"}},{"type":"Feature","geometry":{"type":"Point","coordinates":[-71.96750011999995,-13.524940239999978]},"properties":{"objectid":13173,"nombre":"LABCORE","departamento":"CUSCO","provincia":"CUSCO","distrito":"WANCHAQ","institucion":"PRIVADO","codigoMinsa":17460,"direccion":"AVENIDA AV. PACHACUTEC # 716 DISTRITO WANCHAQ PROVINCIA CUSCO DEPARTAMENTO CUSCO","disa":"CUSCO","red":"NO PERTENECE A NINGUNA RED","microrred":"NO PERTENECE A NINGUNA MICRORED","categoria":"SERVICIO MÉDICO DE APOYO","condicion":"ACTIVO","actualizado":"2023/08/01 19:00:00.000","fuente":"MINSA","urlRenipr":"http://app20.susalud.gob.pe:8080/registro-renipress-webapp/ipress.htm?action=mostrarVer&idipress=00017460"}},{"type":"Feature","geometry":{"type":"Point","coordinates":[-71.95126205999998,-13.525284499999941]},"properties":{"objectid":13263,"nombre":"NOVODENT CUSCO","departamento":"CUSCO","provincia":"CUSCO","distrito":"CUSCO","institucion":"PRIVADO","codigoMinsa":28565,"direccion":"OTROS ESQUINA JIRON SACSAYHUAMAN Y AVENIDA DE LA CULTURA OFICINA 301 NÚMERO 301 PISO 3 DEPARTAMENTO 301 MANZANA N LOTE 14 URBANIZACIÓN MANUEL PRADO DISTRITO CUSCO PROVINCIA CUSCO DEPARTAMENTO CUSCO","disa":"CUSCO","red":"NO PERTENECE A NINGUNA RED","microrred":"NO PERTENECE A NINGUNA MICRORED","categoria":"ESTABLECIMIENTO DE SALUD SIN INTERNAMIENTO","condicion":"ACTIVO","actualizado":"2023/08/01 19:00:00.000","fuente":"MINSA","urlRenipr":"http://app20.susalud.gob.pe:8080/registro-renipress-webapp/ipress.htm?action=mostrarVer&idipress=00028565"}},{"type":"Feature","geometry":{"type":"Point","coordinates":[-71.96626096999995,-13.530489659999944]},"properties":{"objectid":13420,"nombre":"EL RENACER DIVINO","departamento":"CUSCO","provincia":"CUSCO","distrito":"WANCHAQ","institucion":"PRIVADO","codigoMinsa":30034,"direccion":"URBANIZACIÓN CONSTANCIA A-12-B PISO 5 DISTRITO WANCHAQ PROVINCIA CUSCO DEPARTAMENTO CUSCO","disa":"CUSCO","red":"","microrred":"","categoria":"ESTABLECIMIENTO DE SALUD SIN INTERNAMIENTO","condicion":"ACTIVO","actualizado":"2023/08/01 19:00:00.000","fuente":"MINSA","urlRenipr":"http://app20.susalud.gob.pe:8080/registro-renipress-webapp/ipress.htm?action=mostrarVer&idipress=00030034"}},{"type":"Feature","geometry":{"type":"Point","coordinates":[-73.79299421999997,-12.616941419999932]},"properties":{"objectid":13631,"nombre":"SAN JUAN DE KIMBIRI-VRAEM","departamento":"CUSCO","provincia":"LA CONVENCION","distrito":"KIMBIRI","institucion":"GOBIERNO REGIONAL","codigoMinsa":2469,"direccion":"AVENIDA AEROPUERTOS S/N AVENIDA AEROPUERTOS/Nº / KIMBIRI / LA CONVENCIÓN / CUSCO KIMBIRI LA CONVENCION CUSCO","disa":"CUSCO","red":"KIMBIRI PICHARI","microrred":"NO PERTENECE A NINGUNA MICRORED","categoria":"ESTABLECIMIENTO DE SALUD CON INTERNAMIENTO","condicion":"ACTIVO","actualizado":"2023/08/01 19:00:00.000","fuente":"MINSA","urlRenipr":"http://app20.susalud.gob.pe:8080/registro-renipress-webapp/ipress.htm?action=mostrarVer&idipress=00002469"}},{"type":"Feature","geometry":{"type":"Point","coordinates":[-73.62089539999994,-12.79467047999998]},"properties":{"objectid":13633,"nombre":"LOBO TAHUANTINSUYO","departamento":"CUSCO","provincia":"LA CONVENCION","distrito":"KIMBIRI","institucion":"GOBIERNO REGIONAL","codigoMinsa":2471,"direccion":"OTROS CENTRO POBLADO LOBO TAHUANTINSUYO / KIMBIRI / LA CONVENCIÓN / CUSCO CENTRO POBLADO LOBO TAHUANTINSUYO / KIMBIRI / LA CONVENCIÓN / CUSCO KIMBIRI LA CONVENCION CUSCO","disa":"CUSCO","red":"KIMBIRI PICHARI","microrred":"KIMBIRI","categoria":"ESTABLECIMIENTO DE SALUD SIN INTERNAMIENTO","condicion":"ACTIVO","actualizado":"2023/08/01 19:00:00.000","fuente":"MINSA","urlRenipr":"http://app20.susalud.gob.pe:8080/registro-renipress-webapp/ipress.htm?action=mostrarVer&idipress=00002471"}},{"type":"Feature","geometry":{"type":"Point","coordinates":[-71.96746259999998,-13.531949999999938]},"properties":{"objectid":13786,"nombre":"SERVI CUSCO VIAL SOCIEDAD ANONIMA CERRADA","departamento":"CUSCO","provincia":"CUSCO","distrito":"WANCHAQ","institucion":"PRIVADO","codigoMinsa":16798,"direccion":"AVENIDA AV MICAELA BASTIDAS 405-B DISTRITO WANCHAQ PROVINCIA CUSCO DEPARTAMENTO CUSCO","disa":"","red":"","microrred":"","categoria":"ESTABLECIMIENTO DE SALUD SIN INTERNAMIENTO","condicion":"RETIRO VOLUNTARIO","actualizado":"2023/08/01 19:00:00.000","fuente":"MINSA","urlRenipr":"http://app20.susalud.gob.pe:8080/registro-renipress-webapp/ipress.htm?action=mostrarVer&idipress=00016798"}},{"type":"Feature","geometry":{"type":"Point","coordinates":[-73.02032737999997,-13.224061689999928]},"properties":{"objectid":14035,"nombre":"ARMA","departamento":"CUSCO","provincia":"LA CONVENCION","distrito":"VILCABAMBA","institucion":"GOBIERNO REGIONAL","codigoMinsa":2490,"direccion":"OTROS COMUNIDAD CHILLIHUA / VILCABAMBA / LA CONVENCION / CUSCO COMUNIDAD CHILLIHUA / VILCABAMBA / LA CONVENCION / CUSCO VILCABAMBA LA CONVENCION CUSCO","disa":"CUSCO","red":"LA CONVENCION","microrred":"PUCYURA","categoria":"ESTABLECIMIENTO DE SALUD SIN INTERNAMIENTO","condicion":"ACTIVO","actualizado":"2023/08/01 19:00:00.000","fuente":"MINSA","urlRenipr":"http://app20.susalud.gob.pe:8080/registro-renipress-webapp/ipress.htm?action=mostrarVer&idipress=00002490"}},{"type":"Feature","geometry":{"type":"Point","coordinates":[-72.83162822999998,-13.035957929999938]},"properties":{"objectid":14037,"nombre":"OYARA","departamento":"CUSCO","provincia":"LA CONVENCION","distrito":"VILCABAMBA","institucion":"GOBIERNO REGIONAL","codigoMinsa":2484,"direccion":"OTROS CENTRO POBLADO DE OYARA / VILCABAMBA / LA CONVENCION / CUSCO CENTRO POBLADO DE OYARA / VILCABAMBA / LA CONVENCION / CUSCO VILCABAMBA LA CONVENCION CUSCO","disa":"CUSCO","red":"LA CONVENCION","microrred":"PUCYURA","categoria":"ESTABLECIMIENTO DE SALUD SIN INTERNAMIENTO","condicion":"ACTIVO","actualizado":"2023/08/01 19:00:00.000","fuente":"MINSA","urlRenipr":"http://app20.susalud.gob.pe:8080/registro-renipress-webapp/ipress.htm?action=mostrarVer&idipress=00002484"}},{"type":"Feature","geometry":{"type":"Point","coordinates":[-72.05295499999994,-13.397374999999954]},"properties":{"objectid":14101,"nombre":"MEDING CENTER CHINCHEROS","departamento":"CUSCO","provincia":"URUBAMBA","distrito":"CHINCHERO","institucion":"PRIVADO","codigoMinsa":31167,"direccion":"CALLE BELLEZA PRIMER PISO NÚMERO S/N DISTRITO CHINCHERO PROVINCIA URUBAMBA DEPARTAMENTO CUSCO","disa":"CUSCO","red":"","microrred":"","categoria":"ESTABLECIMIENTO DE SALUD SIN INTERNAMIENTO","condicion":"ACTIVO","actualizado":"2023/08/01 19:00:00.000","fuente":"MINSA","urlRenipr":"http://app20.susalud.gob.pe:8080/registro-renipress-webapp/ipress.htm?action=mostrarVer&idipress=00031167"}},{"type":"Feature","geometry":{"type":"Point","coordinates":[-73.82435849999996,-12.514249689999929]},"properties":{"objectid":14237,"nombre":"ESSALUD PICHARI","departamento":"CUSCO","provincia":"LA CONVENCION","distrito":"PICHARI","institucion":"ESSALUD","codigoMinsa":27948,"direccion":"PROLONGACIÓN CESAR VALLEJO NÚMERO S/N MANZANA U LOTE 3 DISTRITO PICHARI PROVINCIA LA CONVENCION DEPARTAMENTO CUSCO","disa":"CUSCO","red":"NO PERTENECE A NINGUNA RED","microrred":"","categoria":"ESTABLECIMIENTO DE SALUD SIN INTERNAMIENTO","condicion":"ACTIVO","actualizado":"2023/08/01 19:00:00.000","fuente":"MINSA","urlRenipr":"http://app20.susalud.gob.pe:8080/registro-renipress-webapp/ipress.htm?action=mostrarVer&idipress=00027948"}},{"type":"Feature","geometry":{"type":"Point","coordinates":[-71.94060390999994,-13.542252259999941]},"properties":{"objectid":14270,"nombre":"ONCOSUR","departamento":"CUSCO","provincia":"CUSCO","distrito":"SAN SEBASTIAN","institucion":"OTRO","codigoMinsa":25517,"direccion":"AVENIDA MACHUPICCHU NÚMERO 278 URBANIZACIÓN PATRÓN DE SAN SEBASTIÁN DISTRITO SAN SEBASTIAN PROVINCIA CUSCO DEPARTAMENTO CUSCO","disa":"CUSCO","red":"NO PERTENECE A NINGUNA RED","microrred":"NO PERTENECE A NINGUNA MICRORED","categoria":"SERVICIO MÉDICO DE APOYO","condicion":"ACTIVO","actualizado":"2023/08/01 19:00:00.000","fuente":"MINSA","urlRenipr":"http://app20.susalud.gob.pe:8080/registro-renipress-webapp/ipress.htm?action=mostrarVer&idipress=00025517"}},{"type":"Feature","geometry":{"type":"Point","coordinates":[-71.75604559999994,-14.067660929999931]},"properties":{"objectid":14337,"nombre":"OMACHA","departamento":"CUSCO","provincia":"PARURO","distrito":"OMACHA","institucion":"GOBIERNO REGIONAL","codigoMinsa":2505,"direccion":"OTROS COMUNIDAD DE ANTAYAJE / OMACHA / PARURO / CUSCO DISTRITO OMACHA PROVINCIA PARURO DEPARTAMENTO CUSCO","disa":"CUSCO","red":"CUSCO SUR","microrred":"PARURO","categoria":"ESTABLECIMIENTO DE SALUD SIN INTERNAMIENTO","condicion":"ACTIVO","actualizado":"2023/08/01 19:00:00.000","fuente":"MINSA","urlRenipr":"http://app20.susalud.gob.pe:8080/registro-renipress-webapp/ipress.htm?action=mostrarVer&idipress=00002505"}},{"type":"Feature","geometry":{"type":"Point","coordinates":[-71.93980759999994,-13.53217799999993]},"properties":{"objectid":14370,"nombre":"ALTISIMO SEÑOR DE HUANCA - WANCHAQ","departamento":"CUSCO","provincia":"CUSCO","distrito":"WANCHAQ","institucion":"PRIVADO","codigoMinsa":28718,"direccion":"AVENIDA MICAELA BASTIDAS NÚMERO 281 PISO 2 DEPARTAMENTO 201 DISTRITO WANCHAQ PROVINCIA CUSCO DEPARTAMENTO CUSCO","disa":"CUSCO","red":"NO PERTENECE A NINGUNA RED","microrred":"NO PERTENECE A NINGUNA MICRORED","categoria":"ESTABLECIMIENTO DE SALUD SIN INTERNAMIENTO","condicion":"ACTIVO","actualizado":"2023/08/01 19:00:00.000","fuente":"MINSA","urlRenipr":"http://app20.susalud.gob.pe:8080/registro-renipress-webapp/ipress.htm?action=mostrarVer&idipress=00028718"}},{"type":"Feature","geometry":{"type":"Point","coordinates":[-71.97335272999999,-13.521930809999958]},"properties":{"objectid":14409,"nombre":"LOUIS PASTEUR","departamento":"CUSCO","provincia":"CUSCO","distrito":"CUSCO","institucion":"PRIVADO","codigoMinsa":25723,"direccion":"AVENIDA TULLUMAYU PRIMER OF 101 Y SEGUNDO PISO OF 202-205 NÚMERO 768 DISTRITO CUSCO PROVINCIA CUSCO DEPARTAMENTO CUSCO","disa":"CUSCO","red":"NO PERTENECE A NINGUNA RED","microrred":"NO PERTENECE A NINGUNA MICRORED","categoria":"SERVICIO MÉDICO DE APOYO","condicion":"ACTIVO","actualizado":"2023/08/01 19:00:00.000","fuente":"MINSA","urlRenipr":"http://app20.susalud.gob.pe:8080/registro-renipress-webapp/ipress.htm?action=mostrarVer&idipress=00025723"}},{"type":"Feature","geometry":{"type":"Point","coordinates":[-71.22817069999996,-14.264233099999956]},"properties":{"objectid":14431,"nombre":"UMSO SICUANI.","departamento":"CUSCO","provincia":"CANCHIS","distrito":"SICUANI","institucion":"PRIVADO","codigoMinsa":24578,"direccion":"AVENIDA MANUEL CALLO CEVALLOS NÚMERO 228 DISTRITO SICUANI PROVINCIA CANCHIS DEPARTAMENTO CUSCO","disa":"CUSCO","red":"NO PERTENECE A NINGUNA RED","microrred":"NO PERTENECE A NINGUNA MICRORED","categoria":"ESTABLECIMIENTO DE SALUD SIN INTERNAMIENTO","condicion":"ACTIVO","actualizado":"2023/08/01 19:00:00.000","fuente":"MINSA","urlRenipr":"http://app20.susalud.gob.pe:8080/registro-renipress-webapp/ipress.htm?action=mostrarVer&idipress=00024578"}},{"type":"Feature","geometry":{"type":"Point","coordinates":[-72.08284129999998,-14.45651609999993]},"properties":{"objectid":14437,"nombre":"ARCANGEL SAN MIGUEL DE ESQUINA CONGUNYA","departamento":"CUSCO","provincia":"CHUMBIVILCAS","distrito":"SANTO TOMAS","institucion":"GOBIERNO REGIONAL","codigoMinsa":30940,"direccion":"AVENIDA CENTRO POBLADO ESQUINA CONDES - SANTO TOMAS DISTRITO SANTO TOMAS PROVINCIA CHUMBIVILCAS DEPARTAMENTO CUSCO","disa":"CUSCO","red":"CHUMBIVILCAS","microrred":"SANTO TOMAS","categoria":"ESTABLECIMIENTO DE SALUD SIN INTERNAMIENTO","condicion":"ACTIVO","actualizado":"2023/08/01 19:00:00.000","fuente":"MINSA","urlRenipr":"http://app20.susalud.gob.pe:8080/registro-renipress-webapp/ipress.htm?action=mostrarVer&idipress=00030940"}},{"type":"Feature","geometry":{"type":"Point","coordinates":[-71.90011849999996,-13.529670199999941]},"properties":{"objectid":14445,"nombre":"SANTA RITA","departamento":"CUSCO","provincia":"CUSCO","distrito":"CUSCO","institucion":"PRIVADO","codigoMinsa":26082,"direccion":"AVENIDA San Agustín LOTE G2 URBANIZACI? Larapa Grande DISTRITO CUSCO PROVINCIA CUSCO DEPARTAMENTO CUSCO","disa":"CUSCO","red":"NO PERTENECE A NINGUNA RED","microrred":"NO PERTENECE A NINGUNA MICRORED","categoria":"ESTABLECIMIENTO DE SALUD SIN INTERNAMIENTO","condicion":"ACTIVO","actualizado":"2023/08/01 19:00:00.000","fuente":"MINSA","urlRenipr":"http://app20.susalud.gob.pe:8080/registro-renipress-webapp/ipress.htm?action=mostrarVer&idipress=00026082"}},{"type":"Feature","geometry":{"type":"Point","coordinates":[-71.95247441999999,-13.524809869999956]},"properties":{"objectid":14453,"nombre":"GUTIERREZ","departamento":"CUSCO","provincia":"CUSCO","distrito":"CUSCO","institucion":"PRIVADO","codigoMinsa":19393,"direccion":"CALLE SACSAYHUAMAN L - 8 DPTO. 101 URB. MANUEL PRADO DISTRITO CUSCO PROVINCIA CUSCO DEPARTAMENTO CUSCO","disa":"CUSCO","red":"NO PERTENECE A NINGUNA RED","microrred":"NO PERTENECE A NINGUNA MICRORED","categoria":"ESTABLECIMIENTO DE SALUD SIN INTERNAMIENTO","condicion":"ACTIVO","actualizado":"2023/08/01 19:00:00.000","fuente":"MINSA","urlRenipr":"http://app20.susalud.gob.pe:8080/registro-renipress-webapp/ipress.htm?action=mostrarVer&idipress=00019393"}},{"type":"Feature","geometry":{"type":"Point","coordinates":[-71.95927003999998,-13.52759685999996]},"properties":{"objectid":14455,"nombre":"VELARDE","departamento":"CUSCO","provincia":"CUSCO","distrito":"WANCHAQ","institucion":"PRIVADO","codigoMinsa":26277,"direccion":"JIRÓN LIBERTAD N?ERO 6 PISO 1 DEPARTAMENTO 1 MANZANA D LOTE 6 URBANIZACI? SAN FRANCISCO DISTRITO WANCHAQ PROVINCIA CUSCO DEPARTAMENTO CUSCO","disa":"CUSCO","red":"NO PERTENECE A NINGUNA RED","microrred":"NO PERTENECE A NINGUNA MICRORED","categoria":"ESTABLECIMIENTO DE SALUD SIN INTERNAMIENTO","condicion":"ACTIVO","actualizado":"2023/08/01 19:00:00.000","fuente":"MINSA","urlRenipr":"http://app20.susalud.gob.pe:8080/registro-renipress-webapp/ipress.htm?action=mostrarVer&idipress=00026277"}},{"type":"Feature","geometry":{"type":"Point","coordinates":[-71.14239839999993,-14.373731799999973]},"properties":{"objectid":14490,"nombre":"CCUYO","departamento":"CUSCO","provincia":"CANCHIS","distrito":"MARANGANI","institucion":"GOBIERNO REGIONAL","codigoMinsa":2390,"direccion":"OTROS BARRIO CHIHUITA COMUNIDAD DE CCUYO / MARANGANI / CANCHIS / CUSCO DISTRITO MARANGANI PROVINCIA CANCHIS DEPARTAMENTO CUSCO","disa":"CUSCO","red":"CANAS-CANCHIS-ESPINAR","microrred":"TECHO OBRERO","categoria":"ESTABLECIMIENTO DE SALUD SIN INTERNAMIENTO","condicion":"ACTIVO","actualizado":"2023/08/01 19:00:00.000","fuente":"MINSA","urlRenipr":"http://app20.susalud.gob.pe:8080/registro-renipress-webapp/ipress.htm?action=mostrarVer&idipress=00002390"}},{"type":"Feature","geometry":{"type":"Point","coordinates":[-71.92590176999994,-13.531871769999952]},"properties":{"objectid":14540,"nombre":"ODONTO SALUD","departamento":"CUSCO","provincia":"CUSCO","distrito":"SAN SEBASTIAN","institucion":"PRIVADO","codigoMinsa":28384,"direccion":"AVENIDA CULTURA NÚMERO 2093 PISO 2 DEPARTAMENTO 201 MANZANA A LOTE 1 DISTRITO SAN SEBASTIAN PROVINCIA CUSCO DEPARTAMENTO CUSCO","disa":"CUSCO","red":"NO PERTENECE A NINGUNA RED","microrred":"NO PERTENECE A NINGUNA MICRORED","categoria":"ESTABLECIMIENTO DE SALUD SIN INTERNAMIENTO","condicion":"ACTIVO","actualizado":"2023/08/01 19:00:00.000","fuente":"MINSA","urlRenipr":"http://app20.susalud.gob.pe:8080/registro-renipress-webapp/ipress.htm?action=mostrarVer&idipress=00028384"}},{"type":"Feature","geometry":{"type":"Point","coordinates":[-71.94270335999994,-13.525131259999966]},"properties":{"objectid":14556,"nombre":"UNIDENT´S S.B.","departamento":"CUSCO","provincia":"CUSCO","distrito":"SAN SEBASTIAN","institucion":"PRIVADO","codigoMinsa":28583,"direccion":"AVENIDA AVENIDA MANANTIALES NÚMERO 534 PISO 1 DEPARTAMENTO 1 LOTE A-11 DISTRITO SAN SEBASTIAN PROVINCIA CUSCO DEPARTAMENTO CUSCO","disa":"CUSCO","red":"NO PERTENECE A NINGUNA RED","microrred":"NO PERTENECE A NINGUNA MICRORED","categoria":"ESTABLECIMIENTO DE SALUD SIN INTERNAMIENTO","condicion":"ACTIVO","actualizado":"2023/08/01 19:00:00.000","fuente":"MINSA","urlRenipr":"http://app20.susalud.gob.pe:8080/registro-renipress-webapp/ipress.htm?action=mostrarVer&idipress=00028583"}},{"type":"Feature","geometry":{"type":"Point","coordinates":[-71.97997287999993,-13.52401236999998]},"properties":{"objectid":14599,"nombre":"BIODENTAL CUSCO","departamento":"CUSCO","provincia":"CUSCO","distrito":"CUSCO","institucion":"PRIVADO","codigoMinsa":28719,"direccion":"CALLE BELÉN 685 NÚMERO 685 PISO 2 DEPARTAMENTO 685 LOTE A URBANIZACIÓN CUSCO DISTRITO CUSCO PROVINCIA CUSCO DEPARTAMENTO CUSCO","disa":"CUSCO","red":"NO PERTENECE A NINGUNA RED","microrred":"NO PERTENECE A NINGUNA MICRORED","categoria":"ESTABLECIMIENTO DE SALUD SIN INTERNAMIENTO","condicion":"ACTIVO","actualizado":"2023/08/01 19:00:00.000","fuente":"MINSA","urlRenipr":"http://app20.susalud.gob.pe:8080/registro-renipress-webapp/ipress.htm?action=mostrarVer&idipress=00028719"}},{"type":"Feature","geometry":{"type":"Point","coordinates":[-71.96746259999998,-13.531949999999938]},"properties":{"objectid":14603,"nombre":"SAN AGUSTIN","departamento":"CUSCO","provincia":"LA CONVENCION","distrito":"SANTA ANA","institucion":"PRIVADO","codigoMinsa":28553,"direccion":"AVENIDA MIGUEL GRAU NÚMERO 312 PISO 1 DISTRITO SANTA ANA PROVINCIA LA CONVENCION DEPARTAMENTO CUSCO","disa":"CUSCO","red":"NO PERTENECE A NINGUNA RED","microrred":"NO PERTENECE A NINGUNA MICRORED","categoria":"SERVICIO MÉDICO DE APOYO","condicion":"ACTIVO","actualizado":"2023/08/01 19:00:00.000","fuente":"MINSA","urlRenipr":"http://app20.susalud.gob.pe:8080/registro-renipress-webapp/ipress.htm?action=mostrarVer&idipress=00028553"}},{"type":"Feature","geometry":{"type":"Point","coordinates":[-71.93464469999998,-13.53247829999998]},"properties":{"objectid":14607,"nombre":"SEÑOR DE LOS TEMBLORES","departamento":"CUSCO","provincia":"CUSCO","distrito":"WANCHAQ","institucion":"PRIVADO","codigoMinsa":28721,"direccion":"AVENIDA LOS INCAS NÚMERO 810 PISO 2 DEPARTAMENTO 201 DISTRITO WANCHAQ PROVINCIA CUSCO DEPARTAMENTO CUSCO","disa":"CUSCO","red":"NO PERTENECE A NINGUNA RED","microrred":"NO PERTENECE A NINGUNA MICRORED","categoria":"ESTABLECIMIENTO DE SALUD SIN INTERNAMIENTO","condicion":"ACTIVO","actualizado":"2023/08/01 19:00:00.000","fuente":"MINSA","urlRenipr":"http://app20.susalud.gob.pe:8080/registro-renipress-webapp/ipress.htm?action=mostrarVer&idipress=00028721"}},{"type":"Feature","geometry":{"type":"Point","coordinates":[-73.82892093999999,-12.523246649999976]},"properties":{"objectid":14611,"nombre":"MEDICA POLICIAL PICHARI","departamento":"CUSCO","provincia":"LA CONVENCION","distrito":"PICHARI","institucion":"SANIDAD DE LA POLICIA NACIONAL DEL PERU","codigoMinsa":27230,"direccion":"AVENIDA PROGRESO PISO 1 MANZANA A1 LOTE 11 DISTRITO PICHARI PROVINCIA LA CONVENCION DEPARTAMENTO CUSCO","disa":"CUSCO","red":"NO PERTENECE A NINGUNA RED","microrred":"NO PERTENECE A NINGUNA MICRORED","categoria":"ESTABLECIMIENTO DE SALUD SIN INTERNAMIENTO","condicion":"ACTIVO","actualizado":"2023/08/01 19:00:00.000","fuente":"MINSA","urlRenipr":"http://app20.susalud.gob.pe:8080/registro-renipress-webapp/ipress.htm?action=mostrarVer&idipress=00027230"}},{"type":"Feature","geometry":{"type":"Point","coordinates":[-71.94686322999996,-13.522228109999958]},"properties":{"objectid":14639,"nombre":"VERITAS","departamento":"CUSCO","provincia":"CUSCO","distrito":"CUSCO","institucion":"PRIVADO","codigoMinsa":28877,"direccion":"URBANIZACIÓN COVIPOL PISO 1 MANZANA G LOTE 5 DISTRITO CUSCO PROVINCIA CUSCO DEPARTAMENTO CUSCO","disa":"CUSCO","red":"NO PERTENECE A NINGUNA RED","microrred":"NO PERTENECE A NINGUNA MICRORED","categoria":"SERVICIO MÉDICO DE APOYO","condicion":"ACTIVO","actualizado":"2023/08/01 19:00:00.000","fuente":"MINSA","urlRenipr":"http://app20.susalud.gob.pe:8080/registro-renipress-webapp/ipress.htm?action=mostrarVer&idipress=00028877"}},{"type":"Feature","geometry":{"type":"Point","coordinates":[-71.97885787999996,-13.523984139999982]},"properties":{"objectid":14643,"nombre":"PERU DENT - C","departamento":"CUSCO","provincia":"CUSCO","distrito":"CUSCO","institucion":"PRIVADO","codigoMinsa":29188,"direccion":"CALLE TRES CRUCES DE ORO NÚMERO 496 PISO 2 DISTRITO CUSCO PROVINCIA CUSCO DEPARTAMENTO CUSCO","disa":"CUSCO","red":"NO PERTENECE A NINGUNA RED","microrred":"NO PERTENECE A NINGUNA MICRORED","categoria":"ESTABLECIMIENTO DE SALUD SIN INTERNAMIENTO","condicion":"ACTIVO","actualizado":"2023/08/01 19:00:00.000","fuente":"MINSA","urlRenipr":"http://app20.susalud.gob.pe:8080/registro-renipress-webapp/ipress.htm?action=mostrarVer&idipress=00029188"}},{"type":"Feature","geometry":{"type":"Point","coordinates":[-71.94805524999998,-13.531005539999967]},"properties":{"objectid":14688,"nombre":"CUSCO SALUD","departamento":"CUSCO","provincia":"CUSCO","distrito":"WANCHAQ","institucion":"PRIVADO","codigoMinsa":30033,"direccion":"URBANIZACIÓN CONSTANCIA A 12 B PISO 1 DISTRITO WANCHAQ PROVINCIA CUSCO DEPARTAMENTO CUSCO","disa":"CUSCO","red":"","microrred":"","categoria":"ESTABLECIMIENTO DE SALUD SIN INTERNAMIENTO","condicion":"ACTIVO","actualizado":"2023/08/01 19:00:00.000","fuente":"MINSA","urlRenipr":"http://app20.susalud.gob.pe:8080/registro-renipress-webapp/ipress.htm?action=mostrarVer&idipress=00030033"}},{"type":"Feature","geometry":{"type":"Point","coordinates":[-71.95235999999994,-13.52347409999993]},"properties":{"objectid":14692,"nombre":"TORRE MEDICA PLUS DE VIE","departamento":"CUSCO","provincia":"CUSCO","distrito":"CUSCO","institucion":"PRIVADO","codigoMinsa":30067,"direccion":"JIRÓN SACSAYHUAMAN MANZANA K LOTE 11 URBANIZACIÓN MANUEL PRADO DISTRITO CUSCO PROVINCIA CUSCO DEPARTAMENTO CUSCO","disa":"CUSCO","red":"","microrred":"","categoria":"ESTABLECIMIENTO DE SALUD SIN INTERNAMIENTO","condicion":"ACTIVO","actualizado":"2023/08/01 19:00:00.000","fuente":"MINSA","urlRenipr":"http://app20.susalud.gob.pe:8080/registro-renipress-webapp/ipress.htm?action=mostrarVer&idipress=00030067"}},{"type":"Feature","geometry":{"type":"Point","coordinates":[-71.97400113999998,-13.52492899999993]},"properties":{"objectid":14797,"nombre":"CIMA S.A.C.","departamento":"CUSCO","provincia":"CUSCO","distrito":"CUSCO","institucion":"PRIVADO","codigoMinsa":15585,"direccion":"OTROS PASEO DE LOS HÉROES Nº 978 DISTRITO CUSCO PROVINCIA CUSCO DEPARTAMENTO CUSCO","disa":"CUSCO","red":"NO PERTENECE A NINGUNA RED","microrred":"NO PERTENECE A NINGUNA MICRORED","categoria":"ESTABLECIMIENTO DE SALUD CON INTERNAMIENTO","condicion":"ACTIVO","actualizado":"2023/08/01 19:00:00.000","fuente":"MINSA","urlRenipr":"http://app20.susalud.gob.pe:8080/registro-renipress-webapp/ipress.htm?action=mostrarVer&idipress=00015585"}},{"type":"Feature","geometry":{"type":"Point","coordinates":[-71.99757386999994,-13.507523659999947]},"properties":{"objectid":14865,"nombre":"MIRAFLORES","departamento":"CUSCO","provincia":"CUSCO","distrito":"CUSCO","institucion":"GOBIERNO REGIONAL","codigoMinsa":2293,"direccion":"CARRETERA CARRETERA CUSCO-ABANCAY S/N TICA TICA CUSCO S/N CARRETERA CUSCO-ABANCAY S/N TICA TICA CUSCO CUSCO CUSCO CUSCO","disa":"CUSCO","red":"CUSCO NORTE","microrred":"SIETE CUARTONES","categoria":"ESTABLECIMIENTO DE SALUD SIN INTERNAMIENTO","condicion":"ACTIVO","actualizado":"2023/08/01 19:00:00.000","fuente":"MINSA","urlRenipr":"http://app20.susalud.gob.pe:8080/registro-renipress-webapp/ipress.htm?action=mostrarVer&idipress=00002293"}},{"type":"Feature","geometry":{"type":"Point","coordinates":[-72.52498627999995,-13.155292719999977]},"properties":{"objectid":14866,"nombre":"MACHUPICCHU","departamento":"CUSCO","provincia":"URUBAMBA","distrito":"MACHUPICCHU","institucion":"GOBIERNO REGIONAL","codigoMinsa":2546,"direccion":"OTROS CENTRO POBLADO AGUAS CALIENTES S/N / MACHUPICCHU / URUBAMBA / CUSCO S/N CENTRO POBLADO AGUAS CALIENTES S/N / MACHUPICCHU / URUBAMBA / CUSCO MACHUPICCHU URUBAMBA CUSCO","disa":"CUSCO","red":"CUSCO NORTE","microrred":"URUBAMBA","categoria":"ESTABLECIMIENTO DE SALUD CON INTERNAMIENTO","condicion":"ACTIVO","actualizado":"2023/08/01 19:00:00.000","fuente":"MINSA","urlRenipr":"http://app20.susalud.gob.pe:8080/registro-renipress-webapp/ipress.htm?action=mostrarVer&idipress=00002546"}},{"type":"Feature","geometry":{"type":"Point","coordinates":[-71.98912512999993,-12.795681719999948]},"properties":{"objectid":14868,"nombre":"SUYO","departamento":"CUSCO","provincia":"CALCA","distrito":"LARES","institucion":"GOBIERNO REGIONAL","codigoMinsa":2361,"direccion":"OTROS COMUNIDAD SUYO S/N / LARES / CALCA / CUSCO S/N COMUNIDAD SUYO S/N / LARES / CALCA / CUSCO LARES CALCA CUSCO","disa":"CUSCO","red":"CUSCO NORTE","microrred":"CALCA","categoria":"ESTABLECIMIENTO DE SALUD SIN INTERNAMIENTO","condicion":"ACTIVO","actualizado":"2023/08/01 19:00:00.000","fuente":"MINSA","urlRenipr":"http://app20.susalud.gob.pe:8080/registro-renipress-webapp/ipress.htm?action=mostrarVer&idipress=00002361"}},{"type":"Feature","geometry":{"type":"Point","coordinates":[-71.80150215999998,-13.393925799999977]},"properties":{"objectid":14869,"nombre":"CUYO GRANDE","departamento":"CUSCO","provincia":"CALCA","distrito":"PISAC","institucion":"GOBIERNO REGIONAL","codigoMinsa":2350,"direccion":"CARRETERA CARRETERA PISAC - COLQUEPATA COMUNIDAD CUYO GRANDE / PISAC / CALCA / CUSCO CARRETERA PISAC - COLQUEPATA COMUNIDAD CUYO GRANDE / PISAC / CALCA / CUSCO PISAC CALCA CUSCO","disa":"CUSCO","red":"CUSCO NORTE","microrred":"PISAC","categoria":"ESTABLECIMIENTO DE SALUD SIN INTERNAMIENTO","condicion":"ACTIVO","actualizado":"2023/08/01 19:00:00.000","fuente":"MINSA","urlRenipr":"http://app20.susalud.gob.pe:8080/registro-renipress-webapp/ipress.htm?action=mostrarVer&idipress=00002350"}},{"type":"Feature","geometry":{"type":"Point","coordinates":[-71.89868783999998,-13.24063332999998]},"properties":{"objectid":14870,"nombre":"ACCHA ALTA - PAMPALLACTA","departamento":"CUSCO","provincia":"CALCA","distrito":"CALCA","institucion":"GOBIERNO REGIONAL","codigoMinsa":10762,"direccion":"OTROS COMUNIDAD ACCHA ALTA S/N S/N COMUNIDAD ACCHA ALTA S/N CALCA CALCA CUSCO","disa":"CUSCO","red":"CUSCO NORTE","microrred":"CALCA","categoria":"ESTABLECIMIENTO DE SALUD SIN INTERNAMIENTO","condicion":"ACTIVO","actualizado":"2023/08/01 19:00:00.000","fuente":"MINSA","urlRenipr":"http://app20.susalud.gob.pe:8080/registro-renipress-webapp/ipress.htm?action=mostrarVer&idipress=00010762"}},{"type":"Feature","geometry":{"type":"Point","coordinates":[-71.90796788999995,-12.875636189999966]},"properties":{"objectid":14871,"nombre":"OTOCANI","departamento":"CUSCO","provincia":"PAUCARTAMBO","distrito":"CHALLABAMBA","institucion":"GOBIERNO REGIONAL","codigoMinsa":7143,"direccion":"OTROS COMUNIDAD OTOCANI S/N / CHALLABAMBA / PAUCRATAMBO / CUSCO S/N COMUNIDAD OTOCANI S/N / CHALLABAMBA / PAUCRATAMBO / CUSCO CHALLABAMBA PAUCARTAMBO CUSCO","disa":"CUSCO","red":"CUSCO NORTE","microrred":"CALCA","categoria":"ESTABLECIMIENTO DE SALUD SIN INTERNAMIENTO","condicion":"ACTIVO","actualizado":"2023/08/01 19:00:00.000","fuente":"MINSA","urlRenipr":"http://app20.susalud.gob.pe:8080/registro-renipress-webapp/ipress.htm?action=mostrarVer&idipress=00007143"}},{"type":"Feature","geometry":{"type":"Point","coordinates":[-72.14629206999996,-13.462477229999934]},"properties":{"objectid":14872,"nombre":"ANTA","departamento":"CUSCO","provincia":"ANTA","distrito":"ANTA","institucion":"GOBIERNO REGIONAL","codigoMinsa":2326,"direccion":"JIRÓN JIRON JUNIN S/N° / ANTA / CUSCO S/N JIRON JUNIN S/N° / ANTA / CUSCO ANTA ANTA CUSCO","disa":"CUSCO","red":"CUSCO NORTE","microrred":"ANTA","categoria":"ESTABLECIMIENTO DE SALUD CON INTERNAMIENTO","condicion":"ACTIVO","actualizado":"2023/08/01 19:00:00.000","fuente":"MINSA","urlRenipr":"http://app20.susalud.gob.pe:8080/registro-renipress-webapp/ipress.htm?action=mostrarVer&idipress=00002326"}},{"type":"Feature","geometry":{"type":"Point","coordinates":[-71.97891021999999,-13.525470499999926]},"properties":{"objectid":14873,"nombre":"BELEMPAMPA","departamento":"CUSCO","provincia":"CUSCO","distrito":"SANTIAGO","institucion":"GOBIERNO REGIONAL","codigoMinsa":2306,"direccion":"AVENIDA AV. 21 DE MAYO S/N BELEMPAMPA S/N AV. 21 DE MAYO S/N BELEMPAMPA SANTIAGO CUSCO CUSCO","disa":"CUSCO","red":"CUSCO NORTE","microrred":"BELEMPAMPA","categoria":"ESTABLECIMIENTO DE SALUD CON INTERNAMIENTO","condicion":"ACTIVO","actualizado":"2023/08/01 19:00:00.000","fuente":"MINSA","urlRenipr":"http://app20.susalud.gob.pe:8080/registro-renipress-webapp/ipress.htm?action=mostrarVer&idipress=00002306"}},{"type":"Feature","geometry":{"type":"Point","coordinates":[-71.94958308999998,-13.518853599999943]},"properties":{"objectid":14874,"nombre":"BUENA VISTA","departamento":"CUSCO","provincia":"CUSCO","distrito":"CUSCO","institucion":"GOBIERNO REGIONAL","codigoMinsa":2295,"direccion":"CALLE URBANIZACION PRIMERO DE MAYO ENTRE CALLE C Y D S/N / CUSCO S/N URBANIZACION PRIMERO DE MAYO ENTRE CALLE C Y D S/N / CUSCO CUSCO CUSCO CUSCO","disa":"CUSCO","red":"CUSCO NORTE","microrred":"SIETE CUARTONES","categoria":"ESTABLECIMIENTO DE SALUD SIN INTERNAMIENTO","condicion":"ACTIVO","actualizado":"2023/08/01 19:00:00.000","fuente":"MINSA","urlRenipr":"http://app20.susalud.gob.pe:8080/registro-renipress-webapp/ipress.htm?action=mostrarVer&idipress=00002295"}},{"type":"Feature","geometry":{"type":"Point","coordinates":[-71.95257047999996,-13.525620549999928]},"properties":{"objectid":15119,"nombre":"CDIM","departamento":"CUSCO","provincia":"CUSCO","distrito":"WANCHAQ","institucion":"PRIVADO","codigoMinsa":29002,"direccion":"AVENIDA LA CULTURA OFICINA 303 NÚMERO 1214 PISO 3 DISTRITO WANCHAQ PROVINCIA CUSCO DEPARTAMENTO CUSCO","disa":"CUSCO","red":"NO PERTENECE A NINGUNA RED","microrred":"NO PERTENECE A NINGUNA MICRORED","categoria":"SERVICIO MÉDICO DE APOYO","condicion":"ACTIVO","actualizado":"2023/08/01 19:00:00.000","fuente":"MINSA","urlRenipr":"http://app20.susalud.gob.pe:8080/registro-renipress-webapp/ipress.htm?action=mostrarVer&idipress=00029002"}},{"type":"Feature","geometry":{"type":"Point","coordinates":[-72.69273379999998,-12.864971999999966]},"properties":{"objectid":15125,"nombre":"VANMEDIC","departamento":"CUSCO","provincia":"LA CONVENCION","distrito":"SANTA ANA","institucion":"PRIVADO","codigoMinsa":25583,"direccion":"AVENIDA GENERAL GAMARRA NÚMERO 144 DISTRITO SANTA ANA PROVINCIA LA CONVENCION DEPARTAMENTO CUSCO","disa":"CUSCO","red":"NO PERTENECE A NINGUNA RED","microrred":"NO PERTENECE A NINGUNA MICRORED","categoria":"ESTABLECIMIENTO DE SALUD SIN INTERNAMIENTO","condicion":"ACTIVO","actualizado":"2023/08/01 19:00:00.000","fuente":"MINSA","urlRenipr":"http://app20.susalud.gob.pe:8080/registro-renipress-webapp/ipress.htm?action=mostrarVer&idipress=00025583"}},{"type":"Feature","geometry":{"type":"Point","coordinates":[-71.22775809999996,-14.267617499999972]},"properties":{"objectid":15327,"nombre":"CMEQ","departamento":"CUSCO","provincia":"CANCHIS","distrito":"SICUANI","institucion":"PRIVADO","codigoMinsa":29938,"direccion":"AVENIDA MANUEL CALLO ZEBALLOS NÚMERO 444 DISTRITO SICUANI PROVINCIA CANCHIS DEPARTAMENTO CUSCO","disa":"CUSCO","red":"","microrred":"","categoria":"ESTABLECIMIENTO DE SALUD SIN INTERNAMIENTO","condicion":"ACTIVO","actualizado":"2023/08/01 19:00:00.000","fuente":"MINSA","urlRenipr":"http://app20.susalud.gob.pe:8080/registro-renipress-webapp/ipress.htm?action=mostrarVer&idipress=00029938"}},{"type":"Feature","geometry":{"type":"Point","coordinates":[-71.96544020999994,-13.51929685999994]},"properties":{"objectid":15345,"nombre":"CELTIC DENTAL PRACTICE","departamento":"CUSCO","provincia":"CUSCO","distrito":"CUSCO","institucion":"PRIVADO","codigoMinsa":15719,"direccion":"OTROS BARRIO PROFESIONAL B-7 AMB. 102 DISTRITO CUSCO PROVINCIA CUSCO DEPARTAMENTO CUSCO","disa":"CUSCO","red":"NO PERTENECE A NINGUNA RED","microrred":"NO PERTENECE A NINGUNA MICRORED","categoria":"ESTABLECIMIENTO DE SALUD SIN INTERNAMIENTO","condicion":"ACTIVO","actualizado":"2023/08/01 19:00:00.000","fuente":"MINSA","urlRenipr":"http://app20.susalud.gob.pe:8080/registro-renipress-webapp/ipress.htm?action=mostrarVer&idipress=00015719"}},{"type":"Feature","geometry":{"type":"Point","coordinates":[-71.94826729999994,-13.526650099999927]},"properties":{"objectid":15413,"nombre":"AVANT SALUD","departamento":"CUSCO","provincia":"CUSCO","distrito":"SAN SEBASTIAN","institucion":"PRIVADO","codigoMinsa":20106,"direccion":"JIRÓN JIRÓN CLORINDA MATTO N° 100 - A. URB. MAGISTERIO. CUSCO JIRÓN CLORINDA MATTO N° 100 - A. URB. MAGISTERIO. CUSCO SAN SEBASTIAN CUSCO CUSCO","disa":"CUSCO","red":"NO PERTENECE A NINGUNA RED","microrred":"NO PERTENECE A NINGUNA MICRORED","categoria":"ESTABLECIMIENTO DE SALUD SIN INTERNAMIENTO","condicion":"ACTIVO","actualizado":"2023/08/01 19:00:00.000","fuente":"MINSA","urlRenipr":"http://app20.susalud.gob.pe:8080/registro-renipress-webapp/ipress.htm?action=mostrarVer&idipress=00020106"}},{"type":"Feature","geometry":{"type":"Point","coordinates":[-71.97073883999997,-13.528399169999943]},"properties":{"objectid":15682,"nombre":"INTEGRAL CISNEROS","departamento":"CUSCO","provincia":"CUSCO","distrito":"SANTIAGO","institucion":"PRIVADO","codigoMinsa":29618,"direccion":"URBANIZACIÓN LAS MALVINAS NÚMERO 5 PISO 2 MANZANA A DISTRITO SANTIAGO PROVINCIA CUSCO DEPARTAMENTO CUSCO","disa":"CUSCO","red":"","microrred":"","categoria":"ESTABLECIMIENTO DE SALUD SIN INTERNAMIENTO","condicion":"ACTIVO","actualizado":"2023/08/01 19:00:00.000","fuente":"MINSA","urlRenipr":"http://app20.susalud.gob.pe:8080/registro-renipress-webapp/ipress.htm?action=mostrarVer&idipress=00029618"}},{"type":"Feature","geometry":{"type":"Point","coordinates":[-71.88992861999998,-13.543338989999938]},"properties":{"objectid":15612,"nombre":"LA FUENTE INTEGRAL","departamento":"CUSCO","provincia":"CUSCO","distrito":"SAN JERONIMO","institucion":"PRIVADO","codigoMinsa":14265,"direccion":"PASAJE PASAJE EDUARDO ASTETE MENDOZA F-2, URB. RETAMALES DISTRITO SAN JERONIMO PROVINCIA CUSCO DEPARTAMENTO CUSCO","disa":"CUSCO","red":"NO PERTENECE A NINGUNA RED","microrred":"NO PERTENECE A NINGUNA MICRORED","categoria":"ESTABLECIMIENTO DE SALUD SIN INTERNAMIENTO","condicion":"ACTIVO","actualizado":"2023/08/01 19:00:00.000","fuente":"MINSA","urlRenipr":"http://app20.susalud.gob.pe:8080/registro-renipress-webapp/ipress.htm?action=mostrarVer&idipress=00014265"}},{"type":"Feature","geometry":{"type":"Point","coordinates":[-71.90962509999997,-13.542426999999975]},"properties":{"objectid":15638,"nombre":"EL ROBLE","departamento":"CUSCO","provincia":"CUSCO","distrito":"WANCHAQ","institucion":"PRIVADO","codigoMinsa":31088,"direccion":"AVENIDA MICAELA BASTIDAS NÚMERO 258 PISO 8 DEPARTAMENTO 803 DISTRITO WANCHAQ PROVINCIA CUSCO DEPARTAMENTO CUSCO","disa":"CUSCO","red":"","microrred":"","categoria":"ESTABLECIMIENTO DE SALUD SIN INTERNAMIENTO","condicion":"ACTIVO","actualizado":"2023/08/01 19:00:00.000","fuente":"MINSA","urlRenipr":"http://app20.susalud.gob.pe:8080/registro-renipress-webapp/ipress.htm?action=mostrarVer&idipress=00031088"}},{"type":"Feature","geometry":{"type":"Point","coordinates":[-73.69709301999995,-12.67658599999993]},"properties":{"objectid":15695,"nombre":"ANGELES","departamento":"CUSCO","provincia":"LA CONVENCION","distrito":"KIMBIRI","institucion":"GOBIERNO REGIONAL","codigoMinsa":8285,"direccion":"OTROS COMUNIDAD ANGELES / KIMBIRI / LA CONVENCIÓN / CUSCO DISTRITO KIMBIRI PROVINCIA LA CONVENCION DEPARTAMENTO CUSCO","disa":"CUSCO","red":"KIMBIRI PICHARI","microrred":"KIMBIRI","categoria":"ESTABLECIMIENTO DE SALUD SIN INTERNAMIENTO","condicion":"ACTIVO","actualizado":"2023/08/01 19:00:00.000","fuente":"MINSA","urlRenipr":"http://app20.susalud.gob.pe:8080/registro-renipress-webapp/ipress.htm?action=mostrarVer&idipress=00008285"}},{"type":"Feature","geometry":{"type":"Point","coordinates":[-73.88956025999994,-12.400783149999938]},"properties":{"objectid":15696,"nombre":"QUISTO CENTRAL","departamento":"CUSCO","provincia":"LA CONVENCION","distrito":"PICHARI","institucion":"GOBIERNO REGIONAL","codigoMinsa":7114,"direccion":"OTROS COMUNIDAD QUISTO CENTRAL / PICHARI / LA CONVENCIÓN / CUSCO DISTRITO PICHARI PROVINCIA LA CONVENCION DEPARTAMENTO CUSCO","disa":"CUSCO","red":"KIMBIRI PICHARI","microrred":"PICHARI","categoria":"ESTABLECIMIENTO DE SALUD SIN INTERNAMIENTO","condicion":"ACTIVO","actualizado":"2023/08/01 19:00:00.000","fuente":"MINSA","urlRenipr":"http://app20.susalud.gob.pe:8080/registro-renipress-webapp/ipress.htm?action=mostrarVer&idipress=00007114"}},{"type":"Feature","geometry":{"type":"Point","coordinates":[-71.94311800999998,-13.528407459999926]},"properties":{"objectid":15751,"nombre":"SANTA URSULA","departamento":"CUSCO","provincia":"CUSCO","distrito":"WANCHAQ","institucion":"PRIVADO","codigoMinsa":19551,"direccion":"OTROS URB. SANTA URSULA F-6 DISTRITO WANCHAQ PROVINCIA CUSCO DEPARTAMENTO CUSCO","disa":"CUSCO","red":"NO PERTENECE A NINGUNA RED","microrred":"NO PERTENECE A NINGUNA MICRORED","categoria":"ESTABLECIMIENTO DE SALUD SIN INTERNAMIENTO","condicion":"ACTIVO","actualizado":"2023/08/01 19:00:00.000","fuente":"MINSA","urlRenipr":"http://app20.susalud.gob.pe:8080/registro-renipress-webapp/ipress.htm?action=mostrarVer&idipress=00019551"}},{"type":"Feature","geometry":{"type":"Point","coordinates":[-71.93987789999994,-13.53191229999993]},"properties":{"objectid":15842,"nombre":"ALTISIMO SEÑOR DE HUANCA","departamento":"CUSCO","provincia":"CUSCO","distrito":"WANCHAQ","institucion":"PRIVADO","codigoMinsa":25725,"direccion":"AVENIDA PEDRO VILCAPAZA NÚMERO 208 PISO 2 DEPARTAMENTO 201 DISTRITO WANCHAQ PROVINCIA CUSCO DEPARTAMENTO CUSCO","disa":"","red":"","microrred":"","categoria":"ESTABLECIMIENTO DE SALUD SIN INTERNAMIENTO","condicion":"RUC INACTIVO EN SUNAT","actualizado":"2023/08/01 19:00:00.000","fuente":"MINSA","urlRenipr":"http://app20.susalud.gob.pe:8080/registro-renipress-webapp/ipress.htm?action=mostrarVer&idipress=00025725"}},{"type":"Feature","geometry":{"type":"Point","coordinates":[-72.69071168999994,-12.864566879999927]},"properties":{"objectid":16037,"nombre":"QUILLABAMBA","departamento":"CUSCO","provincia":"LA CONVENCION","distrito":"SANTA ANA","institucion":"GOBIERNO REGIONAL","codigoMinsa":2421,"direccion":"AVENIDA AVENIDA GENERAL GAMARRA S/Nº SANTA ANA, LA CONVENCION S/N AVENIDA GENERAL GAMARRA S/Nº SANTA ANA, LA CONVENCION SANTA ANA LA CONVENCION CUSCO","disa":"CUSCO","red":"LA CONVENCION","microrred":"NO PERTENECE A NINGUNA MICRORED","categoria":"ESTABLECIMIENTO DE SALUD CON INTERNAMIENTO","condicion":"ACTIVO","actualizado":"2023/08/01 19:00:00.000","fuente":"MINSA","urlRenipr":"http://app20.susalud.gob.pe:8080/registro-renipress-webapp/ipress.htm?action=mostrarVer&idipress=00002421"}},{"type":"Feature","geometry":{"type":"Point","coordinates":[-71.95345769999994,-13.522241699999938]},"properties":{"objectid":16078,"nombre":"HOGAR CLINICA SAN JUAN DE DIOS-CUSCO","departamento":"CUSCO","provincia":"CUSCO","distrito":"CUSCO","institucion":"PRIVADO","codigoMinsa":16541,"direccion":"AVENIDA AVENIDA MANZANARES N°264 URBANIZACION MANUEL PRADO AVENIDA MANZANARES N°264 URBANIZACION MANUEL PRADO CUSCO CUSCO CUSCO","disa":"CUSCO","red":"NO PERTENECE A NINGUNA RED","microrred":"NO PERTENECE A NINGUNA MICRORED","categoria":"ESTABLECIMIENTO DE SALUD CON INTERNAMIENTO","condicion":"ACTIVO","actualizado":"2023/08/01 19:00:00.000","fuente":"MINSA","urlRenipr":"http://app20.susalud.gob.pe:8080/registro-renipress-webapp/ipress.htm?action=mostrarVer&idipress=00016541"}},{"type":"Feature","geometry":{"type":"Point","coordinates":[-72.69579777999996,-13.041037909999943]},"properties":{"objectid":16081,"nombre":"SULLUCUYOC","departamento":"CUSCO","provincia":"LA CONVENCION","distrito":"SANTA TERESA","institucion":"GOBIERNO REGIONAL","codigoMinsa":2477,"direccion":"OTROS SULLUCUYOC / SANTA TERESA / LA CONVENCION / CUSCO SULLUCUYOC / SANTA TERESA / LA CONVENCION / CUSCO SANTA TERESA LA CONVENCION CUSCO","disa":"CUSCO","red":"LA CONVENCION","microrred":"MARANURA","categoria":"ESTABLECIMIENTO DE SALUD SIN INTERNAMIENTO","condicion":"ACTIVO","actualizado":"2023/08/01 19:00:00.000","fuente":"MINSA","urlRenipr":"http://app20.susalud.gob.pe:8080/registro-renipress-webapp/ipress.htm?action=mostrarVer&idipress=00002477"}},{"type":"Feature","geometry":{"type":"Point","coordinates":[-72.69204830999996,-12.88191895999995]},"properties":{"objectid":16082,"nombre":"MENTAL QUILLABAMBA","departamento":"CUSCO","provincia":"LA CONVENCION","distrito":"SANTA ANA","institucion":"GOBIERNO REGIONAL","codigoMinsa":26386,"direccion":"AVENIDA CIRCUNVALACION 20150 1 EX PRONAA SANTA ANA LA CONVENCION CUSCO","disa":"CUSCO","red":"LA CONVENCION","microrred":"SANTA ANA","categoria":"ESTABLECIMIENTO DE SALUD SIN INTERNAMIENTO","condicion":"ACTIVO","actualizado":"2023/08/01 19:00:00.000","fuente":"MINSA","urlRenipr":"http://app20.susalud.gob.pe:8080/registro-renipress-webapp/ipress.htm?action=mostrarVer&idipress=00026386"}},{"type":"Feature","geometry":{"type":"Point","coordinates":[-72.65056332999995,-12.807413329999974]},"properties":{"objectid":16083,"nombre":"HUAYANAY","departamento":"CUSCO","provincia":"LA CONVENCION","distrito":"SANTA ANA","institucion":"GOBIERNO REGIONAL","codigoMinsa":2422,"direccion":"OTROS CENTRO POBLADO HUAYANAY/ LA CONVENCION / CUSCO CENTRO POBLADO HUAYANAY/ LA CONVENCION / CUSCO SANTA ANA LA CONVENCION CUSCO","disa":"CUSCO","red":"LA CONVENCION","microrred":"SANTA ANA","categoria":"ESTABLECIMIENTO DE SALUD SIN INTERNAMIENTO","condicion":"ACTIVO","actualizado":"2023/08/01 19:00:00.000","fuente":"MINSA","urlRenipr":"http://app20.susalud.gob.pe:8080/registro-renipress-webapp/ipress.htm?action=mostrarVer&idipress=00002422"}},{"type":"Feature","geometry":{"type":"Point","coordinates":[-73.18802483999997,-13.389288619999945]},"properties":{"objectid":16084,"nombre":"CCARCCO","departamento":"CUSCO","provincia":"LA CONVENCION","distrito":"INKAWASI","institucion":"GOBIERNO REGIONAL","codigoMinsa":2481,"direccion":"OTROS COMUNIDAD CAMPESINA CCARCCO SAN FERNANDO S/N INKAWASI LA CONVENCION CUSCO","disa":"CUSCO","red":"LA CONVENCION","microrred":"PUCYURA","categoria":"ESTABLECIMIENTO DE SALUD SIN INTERNAMIENTO","condicion":"ACTIVO","actualizado":"2023/08/01 19:00:00.000","fuente":"MINSA","urlRenipr":"http://app20.susalud.gob.pe:8080/registro-renipress-webapp/ipress.htm?action=mostrarVer&idipress=00002481"}},{"type":"Feature","geometry":{"type":"Point","coordinates":[-72.55912999999998,-12.635689999999954]},"properties":{"objectid":16085,"nombre":"QUELLOUNO","departamento":"CUSCO","provincia":"LA CONVENCION","distrito":"QUELLOUNO","institucion":"GOBIERNO REGIONAL","codigoMinsa":2465,"direccion":"OTROS QUELLOUNO / LA CONVENCION / CUSCO QUELLOUNO / LA CONVENCION / CUSCO QUELLOUNO LA CONVENCION CUSCO","disa":"CUSCO","red":"LA CONVENCION","microrred":"QUELLOUNO","categoria":"ESTABLECIMIENTO DE SALUD CON INTERNAMIENTO","condicion":"ACTIVO","actualizado":"2023/08/01 19:00:00.000","fuente":"MINSA","urlRenipr":"http://app20.susalud.gob.pe:8080/registro-renipress-webapp/ipress.htm?action=mostrarVer&idipress=00002465"}},{"type":"Feature","geometry":{"type":"Point","coordinates":[-72.53275166999998,-12.65010166999997]},"properties":{"objectid":16087,"nombre":"CHAHUARES","departamento":"CUSCO","provincia":"LA CONVENCION","distrito":"ECHARATE","institucion":"GOBIERNO REGIONAL","codigoMinsa":2451,"direccion":"OTROS CHAHUARES POBLADO / ECHARATE / LA CONVENCION / CUSCO CHAHUARES POBLADO / ECHARATE / LA CONVENCION / CUSCO ECHARATE LA CONVENCION CUSCO","disa":"CUSCO","red":"LA CONVENCION","microrred":"SANTA ANA","categoria":"ESTABLECIMIENTO DE SALUD SIN INTERNAMIENTO","condicion":"ACTIVO","actualizado":"2023/08/01 19:00:00.000","fuente":"MINSA","urlRenipr":"http://app20.susalud.gob.pe:8080/registro-renipress-webapp/ipress.htm?action=mostrarVer&idipress=00002451"}},{"type":"Feature","geometry":{"type":"Point","coordinates":[-72.88810141999994,-12.36210983999996]},"properties":{"objectid":16088,"nombre":"PANGOA","departamento":"CUSCO","provincia":"LA CONVENCION","distrito":"ECHARATE","institucion":"GOBIERNO REGIONAL","codigoMinsa":2440,"direccion":"OTROS CDENTRO POBLADO MENOR PANGOA /ECHARATE / LA CONVENCION / CUSCO CDENTRO POBLADO MENOR PANGOA /ECHARATE / LA CONVENCION / CUSCO ECHARATE LA CONVENCION CUSCO","disa":"CUSCO","red":"LA CONVENCION","microrred":"KITENI","categoria":"ESTABLECIMIENTO DE SALUD SIN INTERNAMIENTO","condicion":"ACTIVO","actualizado":"2023/08/01 19:00:00.000","fuente":"MINSA","urlRenipr":"http://app20.susalud.gob.pe:8080/registro-renipress-webapp/ipress.htm?action=mostrarVer&idipress=00002440"}},{"type":"Feature","geometry":{"type":"Point","coordinates":[-72.08318034999996,-14.44915519999995]},"properties":{"objectid":16126,"nombre":"ESPECIALIZADO CHUMBIVILCAS","departamento":"CUSCO","provincia":"CHUMBIVILCAS","distrito":"SANTO TOMAS","institucion":"PRIVADO","codigoMinsa":25738,"direccion":"JIRÓN AYACUCHO Y CALLE BOLIVAR NÚMERO SN DISTRITO SANTO TOMAS PROVINCIA CHUMBIVILCAS DEPARTAMENTO CUSCO","disa":"CUSCO","red":"NO PERTENECE A NINGUNA RED","microrred":"NO PERTENECE A NINGUNA MICRORED","categoria":"ESTABLECIMIENTO DE SALUD SIN INTERNAMIENTO","condicion":"ACTIVO","actualizado":"2023/08/01 19:00:00.000","fuente":"MINSA","urlRenipr":"http://app20.susalud.gob.pe:8080/registro-renipress-webapp/ipress.htm?action=mostrarVer&idipress=00025738"}},{"type":"Feature","geometry":{"type":"Point","coordinates":[-71.96639957999997,-13.517741359999945]},"properties":{"objectid":16180,"nombre":"ORAL RAC","departamento":"CUSCO","provincia":"CUSCO","distrito":"CUSCO","institucion":"PRIVADO","codigoMinsa":24399,"direccion":"CALLE BALTAZAR MANZANA F LOTE 13 URBANIZACIÓN CRUZPATA DISTRITO CUSCO PROVINCIA CUSCO DEPARTAMENTO CUSCO","disa":"CUSCO","red":"NO PERTENECE A NINGUNA RED","microrred":"NO PERTENECE A NINGUNA MICRORED","categoria":"ESTABLECIMIENTO DE SALUD SIN INTERNAMIENTO","condicion":"ACTIVO","actualizado":"2023/08/01 19:00:00.000","fuente":"MINSA","urlRenipr":"http://app20.susalud.gob.pe:8080/registro-renipress-webapp/ipress.htm?action=mostrarVer&idipress=00024399"}},{"type":"Feature","geometry":{"type":"Point","coordinates":[-71.95741078999998,-13.52416267999996]},"properties":{"objectid":16237,"nombre":"SALUD INTEGRAL","departamento":"CUSCO","provincia":"CUSCO","distrito":"WANCHAQ","institucion":"PRIVADO","codigoMinsa":31165,"direccion":"AVENIDA MICAELA BASTIDAS PRIMER Y SEGUNDO PISO NÚMERO 427 DISTRITO WANCHAQ PROVINCIA CUSCO DEPARTAMENTO CUSCO","disa":"CUSCO","red":"","microrred":"","categoria":"ESTABLECIMIENTO DE SALUD SIN INTERNAMIENTO","condicion":"ACTIVO","actualizado":"2023/08/01 19:00:00.000","fuente":"MINSA","urlRenipr":"http://app20.susalud.gob.pe:8080/registro-renipress-webapp/ipress.htm?action=mostrarVer&idipress=00031165"}},{"type":"Feature","geometry":{"type":"Point","coordinates":[-72.69273379999998,-12.864971999999966]},"properties":{"objectid":16251,"nombre":"EL NUEVO RENACER EN MARIA-LA CONVENCIÓN","departamento":"CUSCO","provincia":"LA CONVENCION","distrito":"SANTA ANA","institucion":"PRIVADO","codigoMinsa":25284,"direccion":"JIRÓN ESPINAR NÚMERO 305 DISTRITO SANTA ANA PROVINCIA LA CONVENCION DEPARTAMENTO CUSCO","disa":"","red":"","microrred":"","categoria":"ESTABLECIMIENTO DE SALUD SIN INTERNAMIENTO","condicion":"RUC INACTIVO EN SUNAT","actualizado":"2023/08/01 19:00:00.000","fuente":"MINSA","urlRenipr":"http://app20.susalud.gob.pe:8080/registro-renipress-webapp/ipress.htm?action=mostrarVer&idipress=00025284"}},{"type":"Feature","geometry":{"type":"Point","coordinates":[-71.98628332999994,-13.524009999999976]},"properties":{"objectid":16254,"nombre":"C.M. SANTIAGO ESSALUD","departamento":"CUSCO","provincia":"CUSCO","distrito":"SANTIAGO","institucion":"ESSALUD","codigoMinsa":10067,"direccion":"PLAZA SANTIAGO NÚMERO 1092 A DISTRITO SANTIAGO PROVINCIA CUSCO DEPARTAMENTO CUSCO","disa":"CUSCO","red":"NO PERTENECE A NINGUNA RED","microrred":"","categoria":"ESTABLECIMIENTO DE SALUD SIN INTERNAMIENTO","condicion":"ACTIVO","actualizado":"2023/08/01 19:00:00.000","fuente":"MINSA","urlRenipr":"http://app20.susalud.gob.pe:8080/registro-renipress-webapp/ipress.htm?action=mostrarVer&idipress=00010067"}},{"type":"Feature","geometry":{"type":"Point","coordinates":[-71.95720129999995,-13.524266699999941]},"properties":{"objectid":16321,"nombre":"WINTROBE","departamento":"CUSCO","provincia":"CUSCO","distrito":"WANCHAQ","institucion":"PRIVADO","codigoMinsa":28562,"direccion":"AVENIDA LA CULTURA NÚMERO 1212 PISO 5 DEPARTAMENTO 501 DISTRITO WANCHAQ PROVINCIA CUSCO DEPARTAMENTO CUSCO","disa":"CUSCO","red":"NO PERTENECE A NINGUNA RED","microrred":"NO PERTENECE A NINGUNA MICRORED","categoria":"SERVICIO MÉDICO DE APOYO","condicion":"ACTIVO","actualizado":"2023/08/01 19:00:00.000","fuente":"MINSA","urlRenipr":"http://app20.susalud.gob.pe:8080/registro-renipress-webapp/ipress.htm?action=mostrarVer&idipress=00028562"}},{"type":"Feature","geometry":{"type":"Point","coordinates":[-71.97119559999999,-13.514974499999937]},"properties":{"objectid":16340,"nombre":"INKA TRIP MEDICAL SOLUTIONS","departamento":"CUSCO","provincia":"CUSCO","distrito":"CUSCO","institucion":"PRIVADO","codigoMinsa":25367,"direccion":"URBANIZACIÓN LUCREPATA MANZANA F LOTE 3 URBANIZACIÓN LUCREPATA DISTRITO CUSCO PROVINCIA CUSCO DEPARTAMENTO CUSCO","disa":"","red":"","microrred":"","categoria":"ESTABLECIMIENTO DE SALUD SIN INTERNAMIENTO","condicion":"RUC INACTIVO EN SUNAT","actualizado":"2023/08/01 19:00:00.000","fuente":"MINSA","urlRenipr":"http://app20.susalud.gob.pe:8080/registro-renipress-webapp/ipress.htm?action=mostrarVer&idipress=00025367"}},{"type":"Feature","geometry":{"type":"Point","coordinates":[-72.54505677999998,-13.164914559999943]},"properties":{"objectid":16344,"nombre":"PARDO SANTUARIO","departamento":"CUSCO","provincia":"URUBAMBA","distrito":"MACHUPICCHU","institucion":"PRIVADO","codigoMinsa":27787,"direccion":"CARRETERA HIRAM BINGHAM KILOMETRO 7.6 DISTRITO MACHUPICCHU PROVINCIA URUBAMBA DEPARTAMENTO CUSCO","disa":"CUSCO","red":"NO PERTENECE A NINGUNA RED","microrred":"NO PERTENECE A NINGUNA MICRORED","categoria":"ESTABLECIMIENTO DE SALUD SIN INTERNAMIENTO","condicion":"ACTIVO","actualizado":"2023/08/01 19:00:00.000","fuente":"MINSA","urlRenipr":"http://app20.susalud.gob.pe:8080/registro-renipress-webapp/ipress.htm?action=mostrarVer&idipress=00027787"}},{"type":"Feature","geometry":{"type":"Point","coordinates":[-71.92010904999995,-13.665794679999976]},"properties":{"objectid":16347,"nombre":"YAURISQUE","departamento":"CUSCO","provincia":"PARURO","distrito":"YAURISQUE","institucion":"GOBIERNO REGIONAL","codigoMinsa":2509,"direccion":"PASAJE PASAJE PRIMAVERA S/N / YAURISQUE / PARURO / CUSCO S/N PASAJE PRIMAVERA S/N / YAURISQUE / PARURO / CUSCO YAURISQUE PARURO CUSCO","disa":"CUSCO","red":"CUSCO SUR","microrred":"PARURO","categoria":"ESTABLECIMIENTO DE SALUD SIN INTERNAMIENTO","condicion":"ACTIVO","actualizado":"2023/08/01 19:00:00.000","fuente":"MINSA","urlRenipr":"http://app20.susalud.gob.pe:8080/registro-renipress-webapp/ipress.htm?action=mostrarVer&idipress=00002509"}},{"type":"Feature","geometry":{"type":"Point","coordinates":[-71.45657223999996,-13.551275619999956]},"properties":{"objectid":16348,"nombre":"CCAPANA","departamento":"CUSCO","provincia":"QUISPICANCHI","distrito":"CCATCA","institucion":"GOBIERNO REGIONAL","codigoMinsa":16335,"direccion":"OTROS COMUNIDAD CANPESINA DE CCAPANA, DISTRITO DE CCATCCA,PROVINCIA QUISPICANCHIS DISTRITO CCATCA PROVINCIA QUISPICANCHI DEPARTAMENTO CUSCO","disa":"CUSCO","red":"CUSCO SUR","microrred":"OCONGATE","categoria":"ESTABLECIMIENTO DE SALUD SIN INTERNAMIENTO","condicion":"ACTIVO","actualizado":"2023/08/01 19:00:00.000","fuente":"MINSA","urlRenipr":"http://app20.susalud.gob.pe:8080/registro-renipress-webapp/ipress.htm?action=mostrarVer&idipress=00016335"}},{"type":"Feature","geometry":{"type":"Point","coordinates":[-70.81288166999997,-13.694389999999942]},"properties":{"objectid":16349,"nombre":"INCACANCHA","departamento":"CUSCO","provincia":"QUISPICANCHI","distrito":"MARCAPATA","institucion":"GOBIERNO REGIONAL","codigoMinsa":7110,"direccion":"OTROS COMUNIDAD CAMPESINA INCACANCHA COMUNIDAD CAMPESINA INCACANCHA MARCAPATA QUISPICANCHI CUSCO","disa":"CUSCO","red":"CUSCO SUR","microrred":"OCONGATE","categoria":"ESTABLECIMIENTO DE SALUD SIN INTERNAMIENTO","condicion":"ACTIVO","actualizado":"2023/08/01 19:00:00.000","fuente":"MINSA","urlRenipr":"http://app20.susalud.gob.pe:8080/registro-renipress-webapp/ipress.htm?action=mostrarVer&idipress=00007110"}},{"type":"Feature","geometry":{"type":"Point","coordinates":[-71.86146299999996,-13.600755799999945]},"properties":{"objectid":16350,"nombre":"CONCHACALLE","departamento":"CUSCO","provincia":"CUSCO","distrito":"SAN JERONIMO","institucion":"GOBIERNO REGIONAL","codigoMinsa":7699,"direccion":"CALLE COMUNIDAD DE CONCHACALLE / SAN JERÓNIMO / CUSCO / CUSCO DISTRITO SAN JERONIMO PROVINCIA CUSCO DEPARTAMENTO CUSCO","disa":"CUSCO","red":"CUSCO SUR","microrred":"CUSCO","categoria":"ESTABLECIMIENTO DE SALUD SIN INTERNAMIENTO","condicion":"ACTIVO","actualizado":"2023/08/01 19:00:00.000","fuente":"MINSA","urlRenipr":"http://app20.susalud.gob.pe:8080/registro-renipress-webapp/ipress.htm?action=mostrarVer&idipress=00007699"}},{"type":"Feature","geometry":{"type":"Point","coordinates":[-71.56109666999998,-13.606988329999979]},"properties":{"objectid":16351,"nombre":"CCATCCA","departamento":"CUSCO","provincia":"QUISPICANCHI","distrito":"CCATCA","institucion":"GOBIERNO REGIONAL","codigoMinsa":2528,"direccion":"AVENIDA AVENIDA MATEO TRONCOSO S/N / CCATCCA / QUISPICANCHI / CUSCO S/N AVENIDA MATEO TRONCOSO S/N / CCATCCA / QUISPICANCHI / CUSCO CCATCA QUISPICANCHI CUSCO","disa":"CUSCO","red":"CUSCO SUR","microrred":"OCONGATE","categoria":"ESTABLECIMIENTO DE SALUD CON INTERNAMIENTO","condicion":"ACTIVO","actualizado":"2023/08/01 19:00:00.000","fuente":"MINSA","urlRenipr":"http://app20.susalud.gob.pe:8080/registro-renipress-webapp/ipress.htm?action=mostrarVer&idipress=00002528"}},{"type":"Feature","geometry":{"type":"Point","coordinates":[-72.69407884999998,-12.868589499999928]},"properties":{"objectid":16417,"nombre":"OMARLAB","departamento":"CUSCO","provincia":"LA CONVENCION","distrito":"SANTA ANA","institucion":"PRIVADO","codigoMinsa":13850,"direccion":"AVENIDA AV. GRAU 244 DISTRITO SANTA ANA PROVINCIA LA CONVENCION DEPARTAMENTO CUSCO","disa":"CUSCO","red":"","microrred":"NO PERTENECE A NINGUNA MICRORED","categoria":"SERVICIO MÉDICO DE APOYO","condicion":"ACTIVO","actualizado":"2023/08/01 19:00:00.000","fuente":"MINSA","urlRenipr":"http://app20.susalud.gob.pe:8080/registro-renipress-webapp/ipress.htm?action=mostrarVer&idipress=00013850"}},{"type":"Feature","geometry":{"type":"Point","coordinates":[-71.64822875999994,-14.318791099999942]},"properties":{"objectid":16460,"nombre":"PISQUICOCHA","departamento":"CUSCO","provincia":"CHUMBIVILCAS","distrito":"LIVITACA","institucion":"GOBIERNO REGIONAL","codigoMinsa":25739,"direccion":"CARRETERA LIVITACA PISQUICOCHA DISTRITO LIVITACA PROVINCIA CHUMBIVILCAS DEPARTAMENTO CUSCO","disa":"CUSCO","red":"CHUMBIVILCAS","microrred":"LIVITACA","categoria":"ESTABLECIMIENTO DE SALUD SIN INTERNAMIENTO","condicion":"ACTIVO","actualizado":"2023/08/01 19:00:00.000","fuente":"MINSA","urlRenipr":"http://app20.susalud.gob.pe:8080/registro-renipress-webapp/ipress.htm?action=mostrarVer&idipress=00025739"}},{"type":"Feature","geometry":{"type":"Point","coordinates":[-71.92770152999998,-14.46975337999993]},"properties":{"objectid":16461,"nombre":"TUNTUMA","departamento":"CUSCO","provincia":"CHUMBIVILCAS","distrito":"VELILLE","institucion":"GOBIERNO REGIONAL","codigoMinsa":25371,"direccion":"TROCHA comundad tuntuma DISTRITO VELILLE PROVINCIA CHUMBIVILCAS DEPARTAMENTO CUSCO","disa":"CUSCO","red":"CHUMBIVILCAS","microrred":"SANTO TOMAS","categoria":"ESTABLECIMIENTO DE SALUD SIN INTERNAMIENTO","condicion":"ACTIVO","actualizado":"2023/08/01 19:00:00.000","fuente":"MINSA","urlRenipr":"http://app20.susalud.gob.pe:8080/registro-renipress-webapp/ipress.htm?action=mostrarVer&idipress=00025371"}},{"type":"Feature","geometry":{"type":"Point","coordinates":[-72.08973026999996,-14.505380989999935]},"properties":{"objectid":16462,"nombre":"ORCCOMA","departamento":"CUSCO","provincia":"CHUMBIVILCAS","distrito":"SANTO TOMAS","institucion":"GOBIERNO REGIONAL","codigoMinsa":6983,"direccion":"OTROS COMUNIDAD DE ORCCOMA / SANTO TOMÁS / CHUMBIVILCAS / CUSCO DISTRITO SANTO TOMAS PROVINCIA CHUMBIVILCAS DEPARTAMENTO CUSCO","disa":"CUSCO","red":"CHUMBIVILCAS","microrred":"SANTO TOMAS","categoria":"ESTABLECIMIENTO DE SALUD SIN INTERNAMIENTO","condicion":"ACTIVO","actualizado":"2023/08/01 19:00:00.000","fuente":"MINSA","urlRenipr":"http://app20.susalud.gob.pe:8080/registro-renipress-webapp/ipress.htm?action=mostrarVer&idipress=00006983"}},{"type":"Feature","geometry":{"type":"Point","coordinates":[-72.11676269999998,-14.474048299999936]},"properties":{"objectid":16463,"nombre":"CCOYO","departamento":"CUSCO","provincia":"CHUMBIVILCAS","distrito":"SANTO TOMAS","institucion":"GOBIERNO REGIONAL","codigoMinsa":6981,"direccion":"OTROS COMUNIDAD DE CCOYO / SANTO TOMÁS / CHUMBIVILCAS / CUSCO COMUNIDAD DE CCOYO / SANTO TOMÁS / CHUMBIVILCAS / CUSCO SANTO TOMAS CHUMBIVILCAS CUSCO","disa":"CUSCO","red":"CHUMBIVILCAS","microrred":"SANTO TOMAS","categoria":"ESTABLECIMIENTO DE SALUD SIN INTERNAMIENTO","condicion":"ACTIVO","actualizado":"2023/08/01 19:00:00.000","fuente":"MINSA","urlRenipr":"http://app20.susalud.gob.pe:8080/registro-renipress-webapp/ipress.htm?action=mostrarVer&idipress=00006981"}},{"type":"Feature","geometry":{"type":"Point","coordinates":[-72.69337519999993,-12.863961399999937]},"properties":{"objectid":16465,"nombre":"UNILAB LC","departamento":"CUSCO","provincia":"LA CONVENCION","distrito":"SANTA ANA","institucion":"PRIVADO","codigoMinsa":31154,"direccion":"JIRÓN LIBERTAD NÚMERO 409 DISTRITO SANTA ANA PROVINCIA LA CONVENCION DEPARTAMENTO CUSCO","disa":"CUSCO","red":"","microrred":"","categoria":"SERVICIO MÉDICO DE APOYO","condicion":"ACTIVO","actualizado":"2023/08/01 19:00:00.000","fuente":"MINSA","urlRenipr":"http://app20.susalud.gob.pe:8080/registro-renipress-webapp/ipress.htm?action=mostrarVer&idipress=00031154"}},{"type":"Feature","geometry":{"type":"Point","coordinates":[-71.99663430999993,-13.506450059999963]},"properties":{"objectid":16466,"nombre":"MEDICAL FAMILY","departamento":"CUSCO","provincia":"CUSCO","distrito":"CUSCO","institucion":"PRIVADO","codigoMinsa":27110,"direccion":"AVENIDA JOSE CARLOS MARIATEGUI MANZANA E LOTE 1 URBANIZACI? COOPERATIVA MIRAFLORES DISTRITO CUSCO PROVINCIA CUSCO DEPARTAMENTO CUSCO","disa":"CUSCO","red":"NO PERTENECE A NINGUNA RED","microrred":"NO PERTENECE A NINGUNA MICRORED","categoria":"ESTABLECIMIENTO DE SALUD SIN INTERNAMIENTO","condicion":"ACTIVO","actualizado":"2023/08/01 19:00:00.000","fuente":"MINSA","urlRenipr":"http://app20.susalud.gob.pe:8080/registro-renipress-webapp/ipress.htm?action=mostrarVer&idipress=00027110"}},{"type":"Feature","geometry":{"type":"Point","coordinates":[-71.93989393999993,-13.52728776999993]},"properties":{"objectid":16467,"nombre":"Odonto Vyt","departamento":"CUSCO","provincia":"CUSCO","distrito":"SAN SEBASTIAN","institucion":"PRIVADO","codigoMinsa":29910,"direccion":"CALLE Tarapacá oficina 301 NÚMERO 5 PISO 2 LOTE C URBANIZACIÓN Campiña A DISTRITO SAN SEBASTIAN PROVINCIA CUSCO DEPARTAMENTO CUSCO","disa":"CUSCO","red":"","microrred":"","categoria":"ESTABLECIMIENTO DE SALUD SIN INTERNAMIENTO","condicion":"ACTIVO","actualizado":"2023/08/01 19:00:00.000","fuente":"MINSA","urlRenipr":"http://app20.susalud.gob.pe:8080/registro-renipress-webapp/ipress.htm?action=mostrarVer&idipress=00029910"}},{"type":"Feature","geometry":{"type":"Point","coordinates":[-71.96746259999998,-13.531949999999938]},"properties":{"objectid":16472,"nombre":"RUTAS DEL TAWANTINSUYO","departamento":"CUSCO","provincia":"CUSCO","distrito":"WANCHAQ","institucion":"PRIVADO","codigoMinsa":26013,"direccion":"AVENIDA LOS INCAS PRIMER Y SEGUNDO PISO OFICINA 201 NÚMERO 714 DISTRITO WANCHAQ PROVINCIA CUSCO DEPARTAMENTO CUSCO","disa":"CUSCO","red":"NO PERTENECE A NINGUNA RED","microrred":"NO PERTENECE A NINGUNA MICRORED","categoria":"ESTABLECIMIENTO DE SALUD SIN INTERNAMIENTO","condicion":"ACTIVO","actualizado":"2023/08/01 19:00:00.000","fuente":"MINSA","urlRenipr":"http://app20.susalud.gob.pe:8080/registro-renipress-webapp/ipress.htm?action=mostrarVer&idipress=00026013"}},{"type":"Feature","geometry":{"type":"Point","coordinates":[-71.47326739999994,-14.120182499999942]},"properties":{"objectid":16524,"nombre":"MOSOCLLACTA","departamento":"CUSCO","provincia":"ACOMAYO","distrito":"MOSOC LLACTA","institucion":"GOBIERNO REGIONAL","codigoMinsa":2320,"direccion":"CALLE CALLE ASUNCION SIN NUMERO / MOSOCLLACTA / ACOMAYO / CUSCO DISTRITO MOSOC LLACTA PROVINCIA ACOMAYO DEPARTAMENTO CUSCO","disa":"CUSCO","red":"CANAS-CANCHIS-ESPINAR","microrred":"COMBAPATA","categoria":"ESTABLECIMIENTO DE SALUD SIN INTERNAMIENTO","condicion":"ACTIVO","actualizado":"2023/08/01 19:00:00.000","fuente":"MINSA","urlRenipr":"http://app20.susalud.gob.pe:8080/registro-renipress-webapp/ipress.htm?action=mostrarVer&idipress=00002320"}},{"type":"Feature","geometry":{"type":"Point","coordinates":[-71.49323421999998,-14.397406149999938]},"properties":{"objectid":16525,"nombre":"HUINCHIRI","departamento":"CUSCO","provincia":"CANAS","distrito":"QUEHUE","institucion":"GOBIERNO REGIONAL","codigoMinsa":2374,"direccion":"OTROS COMUNIDAD HUINCHIRI - SECTOR YANAHUARA / QUEHUE / CANAS / CUSCO DISTRITO QUEHUE PROVINCIA CANAS DEPARTAMENTO CUSCO","disa":"CUSCO","red":"CANAS-CANCHIS-ESPINAR","microrred":"YANAOCA","categoria":"ESTABLECIMIENTO DE SALUD SIN INTERNAMIENTO","condicion":"ACTIVO","actualizado":"2023/08/01 19:00:00.000","fuente":"MINSA","urlRenipr":"http://app20.susalud.gob.pe:8080/registro-renipress-webapp/ipress.htm?action=mostrarVer&idipress=00002374"}},{"type":"Feature","geometry":{"type":"Point","coordinates":[-71.21085479999994,-14.892843869999979]},"properties":{"objectid":16526,"nombre":"PALLPATA","departamento":"CUSCO","provincia":"ESPINAR","distrito":"PALLPATA","institucion":"GOBIERNO REGIONAL","codigoMinsa":2416,"direccion":"CALLE CALLE MELGAR Nº 223 / PALLPATA / ESPINAR / CUSCO DISTRITO PALLPATA PROVINCIA ESPINAR DEPARTAMENTO CUSCO","disa":"CUSCO","red":"CANAS-CANCHIS-ESPINAR","microrred":"YAURI","categoria":"ESTABLECIMIENTO DE SALUD SIN INTERNAMIENTO","condicion":"ACTIVO","actualizado":"2023/08/01 19:00:00.000","fuente":"MINSA","urlRenipr":"http://app20.susalud.gob.pe:8080/registro-renipress-webapp/ipress.htm?action=mostrarVer&idipress=00002416"}},{"type":"Feature","geometry":{"type":"Point","coordinates":[-71.40249027999994,-14.141225249999934]},"properties":{"objectid":16527,"nombre":"TINTA","departamento":"CUSCO","provincia":"CANCHIS","distrito":"TINTA","institucion":"GOBIERNO REGIONAL","codigoMinsa":2397,"direccion":"CALLE CALLE EMANCIPACION AMERICANA SIN NUMERO BARRIO JOSEFINA ESQUERRA / TINTA / CANCHIS / CUSCO CALLE EMANCIPACION AMERICANA SIN NUMERO BARRIO JOSEFINA ESQUERRA / TINTA / CANCHIS / CUSCO TINTA CANCHIS CUSCO","disa":"CUSCO","red":"CANAS-CANCHIS-ESPINAR","microrred":"COMBAPATA","categoria":"ESTABLECIMIENTO DE SALUD SIN INTERNAMIENTO","condicion":"ACTIVO","actualizado":"2023/08/01 19:00:00.000","fuente":"MINSA","urlRenipr":"http://app20.susalud.gob.pe:8080/registro-renipress-webapp/ipress.htm?action=mostrarVer&idipress=00002397"}},{"type":"Feature","geometry":{"type":"Point","coordinates":[-71.41549954999994,-13.977107239999953]},"properties":{"objectid":16528,"nombre":"PITUMARCA","departamento":"CUSCO","provincia":"CANCHIS","distrito":"PITUMARCA","institucion":"GOBIERNO REGIONAL","codigoMinsa":2392,"direccion":"CALLE CALLE RICARDO PALMA SIN NUMERO CALLE RICARDO PALMA SIN NUMERO PITUMARCA CANCHIS CUSCO","disa":"CUSCO","red":"CANAS-CANCHIS-ESPINAR","microrred":"COMBAPATA","categoria":"ESTABLECIMIENTO DE SALUD SIN INTERNAMIENTO","condicion":"ACTIVO","actualizado":"2023/08/01 19:00:00.000","fuente":"MINSA","urlRenipr":"http://app20.susalud.gob.pe:8080/registro-renipress-webapp/ipress.htm?action=mostrarVer&idipress=00002392"}},{"type":"Feature","geometry":{"type":"Point","coordinates":[-72.69632733999998,-12.853647079999973]},"properties":{"objectid":16555,"nombre":"LA CONVENCION","departamento":"CUSCO","provincia":"LA CONVENCION","distrito":"SANTA ANA","institucion":"PRIVADO","codigoMinsa":29323,"direccion":"AVENIDA BOLOGNESI MANZANA E LOTE 2A DISTRITO SANTA ANA PROVINCIA LA CONVENCION DEPARTAMENTO CUSCO","disa":"CUSCO","red":"","microrred":"","categoria":"ESTABLECIMIENTO DE SALUD SIN INTERNAMIENTO","condicion":"ACTIVO","actualizado":"2023/08/01 19:00:00.000","fuente":"MINSA","urlRenipr":"http://app20.susalud.gob.pe:8080/registro-renipress-webapp/ipress.htm?action=mostrarVer&idipress=00029323"}},{"type":"Feature","geometry":{"type":"Point","coordinates":[-71.96185946999998,-13.52359722999995]},"properties":{"objectid":16564,"nombre":"SEÑOR DE EXALTACION DE LA SANTA CRUZ","departamento":"CUSCO","provincia":"CUSCO","distrito":"WANCHAQ","institucion":"PRIVADO","codigoMinsa":23382,"direccion":"AVENIDA MICAELA BASTIDAS NÚMERO 405 PISO 1 DEPARTAMENTO 1 INTERIOR 1 DISTRITO WANCHAQ PROVINCIA CUSCO DEPARTAMENTO CUSCO","disa":"CUSCO","red":"NO PERTENECE A NINGUNA RED","microrred":"NO PERTENECE A NINGUNA MICRORED","categoria":"ESTABLECIMIENTO DE SALUD SIN INTERNAMIENTO","condicion":"ACTIVO","actualizado":"2023/08/01 19:00:00.000","fuente":"MINSA","urlRenipr":"http://app20.susalud.gob.pe:8080/registro-renipress-webapp/ipress.htm?action=mostrarVer&idipress=00023382"}},{"type":"Feature","geometry":{"type":"Point","coordinates":[-71.92225127999995,-13.532734929999947]},"properties":{"objectid":16580,"nombre":"MZ ODONTOLOGOS","departamento":"CUSCO","provincia":"CUSCO","distrito":"SAN SEBASTIAN","institucion":"PRIVADO","codigoMinsa":29523,"direccion":"OTROS APV SANTA ROSA Ñ-6B PISO 2 MANZANA Ñ LOTE 6-B DISTRITO SAN SEBASTIAN PROVINCIA CUSCO DEPARTAMENTO CUSCO","disa":"CUSCO","red":"","microrred":"","categoria":"ESTABLECIMIENTO DE SALUD SIN INTERNAMIENTO","condicion":"ACTIVO","actualizado":"2023/08/01 19:00:00.000","fuente":"MINSA","urlRenipr":"http://app20.susalud.gob.pe:8080/registro-renipress-webapp/ipress.htm?action=mostrarVer&idipress=00029523"}},{"type":"Feature","geometry":{"type":"Point","coordinates":[-71.94005869999995,-13.52795029999993]},"properties":{"objectid":16618,"nombre":"BAZAN","departamento":"CUSCO","provincia":"CUSCO","distrito":"SAN SEBASTIAN","institucion":"PRIVADO","codigoMinsa":28979,"direccion":"CALLE GARCILASO DE LA VEGA NÚMERO 1112 DISTRITO SAN SEBASTIAN PROVINCIA CUSCO DEPARTAMENTO CUSCO","disa":"CUSCO","red":"NO PERTENECE A NINGUNA RED","microrred":"NO PERTENECE A NINGUNA MICRORED","categoria":"ESTABLECIMIENTO DE SALUD SIN INTERNAMIENTO","condicion":"ACTIVO","actualizado":"2023/08/01 19:00:00.000","fuente":"MINSA","urlRenipr":"http://app20.susalud.gob.pe:8080/registro-renipress-webapp/ipress.htm?action=mostrarVer&idipress=00028979"}},{"type":"Feature","geometry":{"type":"Point","coordinates":[-71.65593639999997,-13.682185999999945]},"properties":{"objectid":16637,"nombre":"POSTA MEDICA POLICIAL PUCUTO","departamento":"CUSCO","provincia":"QUISPICANCHI","distrito":"HUARO","institucion":"SANIDAD DE LA POLICIA NACIONAL DEL PERU","codigoMinsa":11747,"direccion":"OTROS KILOMETRO 39 PANAMERICANA SUR PUCUTO-CUSCO DISTRITO HUARO PROVINCIA QUISPICANCHI DEPARTAMENTO CUSCO","disa":"CUSCO","red":"NO PERTENECE A NINGUNA RED","microrred":"NO PERTENECE A NINGUNA MICRORED","categoria":"ESTABLECIMIENTO DE SALUD SIN INTERNAMIENTO","condicion":"ACTIVO","actualizado":"2023/08/01 19:00:00.000","fuente":"MINSA","urlRenipr":"http://app20.susalud.gob.pe:8080/registro-renipress-webapp/ipress.htm?action=mostrarVer&idipress=00011747"}},{"type":"Feature","geometry":{"type":"Point","coordinates":[-71.91157666999999,-13.533811669999977]},"properties":{"objectid":16647,"nombre":"POLICIAL \"SANTA ROSA\" CUSCO","departamento":"CUSCO","provincia":"CUSCO","distrito":"SAN SEBASTIAN","institucion":"SANIDAD DE LA POLICIA NACIONAL DEL PERU","codigoMinsa":11743,"direccion":"AVENIDA PROLONGACION AVENIDA DE LA CULTURA N° 2700 URB. CACHIMAYO DISTRITO SAN SEBASTIAN PROVINCIA CUSCO DEPARTAMENTO CUSCO","disa":"CUSCO","red":"NO PERTENECE A NINGUNA RED","microrred":"NO PERTENECE A NINGUNA MICRORED","categoria":"ESTABLECIMIENTO DE SALUD SIN INTERNAMIENTO","condicion":"ACTIVO","actualizado":"2023/08/01 19:00:00.000","fuente":"MINSA","urlRenipr":"http://app20.susalud.gob.pe:8080/registro-renipress-webapp/ipress.htm?action=mostrarVer&idipress=00011743"}},{"type":"Feature","geometry":{"type":"Point","coordinates":[-72.14732119999996,-13.46263799999997]},"properties":{"objectid":16661,"nombre":"E. VIRGEN INMACULADA CONCEPCION","departamento":"CUSCO","provincia":"ANTA","distrito":"ANTA","institucion":"PRIVADO","codigoMinsa":29203,"direccion":"OTROS SECTOR poblado NUEVA IZCUCHACA PISO 1 MANZANA Z LOTE 6 DISTRITO ANTA PROVINCIA ANTA DEPARTAMENTO CUSCO","disa":"CUSCO","red":"","microrred":"","categoria":"ESTABLECIMIENTO DE SALUD SIN INTERNAMIENTO","condicion":"ACTIVO","actualizado":"2023/08/01 19:00:00.000","fuente":"MINSA","urlRenipr":"http://app20.susalud.gob.pe:8080/registro-renipress-webapp/ipress.htm?action=mostrarVer&idipress=00029203"}},{"type":"Feature","geometry":{"type":"Point","coordinates":[-71.96746259999998,-13.531949999999938]},"properties":{"objectid":16669,"nombre":"CASA DEL DIABETICO","departamento":"CUSCO","provincia":"CUSCO","distrito":"CUSCO","institucion":"PRIVADO","codigoMinsa":29228,"direccion":"CALLE RECOLETA NÚMERO 37 PISO 1 URBANIZACIÓN TAHUANTINSUYO DISTRITO CUSCO PROVINCIA CUSCO DEPARTAMENTO CUSCO","disa":"CUSCO","red":"","microrred":"","categoria":"ESTABLECIMIENTO DE SALUD SIN INTERNAMIENTO","condicion":"ACTIVO","actualizado":"2023/08/01 19:00:00.000","fuente":"MINSA","urlRenipr":"http://app20.susalud.gob.pe:8080/registro-renipress-webapp/ipress.htm?action=mostrarVer&idipress=00029228"}},{"type":"Feature","geometry":{"type":"Point","coordinates":[-71.94347149999999,-13.539273399999956]},"properties":{"objectid":16729,"nombre":"BOQUITAS","departamento":"CUSCO","provincia":"CUSCO","distrito":"WANCHAQ","institucion":"PRIVADO","codigoMinsa":30311,"direccion":"PROLONGACIÓN VELASCO ASTETE PISO 2 MANZANA C LOTE 03 URBANIZACIÓN CAPAC YUPANQUI DISTRITO WANCHAQ PROVINCIA CUSCO DEPARTAMENTO CUSCO","disa":"CUSCO","red":"","microrred":"","categoria":"ESTABLECIMIENTO DE SALUD SIN INTERNAMIENTO","condicion":"ACTIVO","actualizado":"2023/08/01 19:00:00.000","fuente":"MINSA","urlRenipr":"http://app20.susalud.gob.pe:8080/registro-renipress-webapp/ipress.htm?action=mostrarVer&idipress=00030311"}},{"type":"Feature","geometry":{"type":"Point","coordinates":[-71.98136941999996,-13.526353109999945]},"properties":{"objectid":16736,"nombre":"DIVINA FAMILIA","departamento":"CUSCO","provincia":"CUSCO","distrito":"SANTIAGO","institucion":"PRIVADO","codigoMinsa":31164,"direccion":"CALLE Giraldo Ruiz Caro NÚMERO 771 PISO 1 DISTRITO SANTIAGO PROVINCIA CUSCO DEPARTAMENTO CUSCO","disa":"CUSCO","red":"","microrred":"","categoria":"ESTABLECIMIENTO DE SALUD SIN INTERNAMIENTO","condicion":"ACTIVO","actualizado":"2023/08/01 19:00:00.000","fuente":"MINSA","urlRenipr":"http://app20.susalud.gob.pe:8080/registro-renipress-webapp/ipress.htm?action=mostrarVer&idipress=00031164"}},{"type":"Feature","geometry":{"type":"Point","coordinates":[-71.95720231999996,-13.524271849999934]},"properties":{"objectid":16739,"nombre":"NEOCELLS","departamento":"CUSCO","provincia":"CUSCO","distrito":"WANCHAQ","institucion":"PRIVADO","codigoMinsa":31153,"direccion":"AVENIDA DE LA CULTURA NÚMERO 1212 PISO 2 DEPARTAMENTO 205 DISTRITO WANCHAQ PROVINCIA CUSCO DEPARTAMENTO CUSCO","disa":"CUSCO","red":"","microrred":"","categoria":"SERVICIO MÉDICO DE APOYO","condicion":"ACTIVO","actualizado":"2023/08/01 19:00:00.000","fuente":"MINSA","urlRenipr":"http://app20.susalud.gob.pe:8080/registro-renipress-webapp/ipress.htm?action=mostrarVer&idipress=00031153"}},{"type":"Feature","geometry":{"type":"Point","coordinates":[-73.82710239999994,-12.517753199999959]},"properties":{"objectid":16765,"nombre":"MILITAR PICHARI","departamento":"CUSCO","provincia":"LA CONVENCION","distrito":"PICHARI","institucion":"SANIDAD DEL EJERCITO DEL PERU","codigoMinsa":24638,"direccion":"AVENIDA HEROES DEL VRAEM SN Fuerte Pichari PICHARI LA CONVENCION CUSCO","disa":"CUSCO","red":"NO PERTENECE A NINGUNA RED","microrred":"NO PERTENECE A NINGUNA MICRORED","categoria":"ESTABLECIMIENTO DE SALUD CON INTERNAMIENTO","condicion":"ACTIVO","actualizado":"2023/08/01 19:00:00.000","fuente":"MINSA","urlRenipr":"http://app20.susalud.gob.pe:8080/registro-renipress-webapp/ipress.htm?action=mostrarVer&idipress=00024638"}},{"type":"Feature","geometry":{"type":"Point","coordinates":[-72.58411983999997,-13.13677518999998]},"properties":{"objectid":16913,"nombre":"COLLPANI","departamento":"CUSCO","provincia":"URUBAMBA","distrito":"MACHUPICCHU","institucion":"GOBIERNO REGIONAL","codigoMinsa":2547,"direccion":"COMUNIDAD DE COLLPANI","disa":"CUSCO","red":"CUSCO NORTE","microrred":"URUBAMBA","categoria":"ESTABLECIMIENTO DE SALUD SIN INTERNAMIENTO","condicion":"ACTIVO","actualizado":"2023/08/01 19:00:00.000","fuente":"MINSA","urlRenipr":"http://app20.susalud.gob.pe:8080/registro-renipress-webapp/ipress.htm?action=mostrarVer&idipress=00002547"}},{"type":"Feature","geometry":{"type":"Point","coordinates":[-72.57487402999993,-13.517963119999933]},"properties":{"objectid":16914,"nombre":"HUAMANPATA","departamento":"CUSCO","provincia":"ANTA","distrito":"MOLLEPATA","institucion":"GOBIERNO REGIONAL","codigoMinsa":21061,"direccion":"OTROS MANZANA I LOTE -1 CENTRO POBLADO HUAMANPATA MANZANA I LOTE -1 CENTRO POBLADO HUAMANPATA MOLLEPATA ANTA CUSCO","disa":"CUSCO","red":"CUSCO NORTE","microrred":"LIMATAMBO","categoria":"ESTABLECIMIENTO DE SALUD SIN INTERNAMIENTO","condicion":"ACTIVO","actualizado":"2023/08/01 19:00:00.000","fuente":"MINSA","urlRenipr":"http://app20.susalud.gob.pe:8080/registro-renipress-webapp/ipress.htm?action=mostrarVer&idipress=00021061"}},{"type":"Feature","geometry":{"type":"Point","coordinates":[-72.18414012999995,-13.278100379999955]},"properties":{"objectid":16915,"nombre":"YANAHUARA","departamento":"CUSCO","provincia":"URUBAMBA","distrito":"URUBAMBA","institucion":"GOBIERNO REGIONAL","codigoMinsa":2541,"direccion":"OTROS LOCALIDAD DE YANAHURA / URUBAMBA / CUSCO LOCALIDAD DE YANAHURA / URUBAMBA / CUSCO URUBAMBA URUBAMBA CUSCO","disa":"CUSCO","red":"CUSCO NORTE","microrred":"URUBAMBA","categoria":"ESTABLECIMIENTO DE SALUD SIN INTERNAMIENTO","condicion":"ACTIVO","actualizado":"2023/08/01 19:00:00.000","fuente":"MINSA","urlRenipr":"http://app20.susalud.gob.pe:8080/registro-renipress-webapp/ipress.htm?action=mostrarVer&idipress=00002541"}},{"type":"Feature","geometry":{"type":"Point","coordinates":[-72.30079512999998,-13.45640874999998]},"properties":{"objectid":16916,"nombre":"ANCAHUASI","departamento":"CUSCO","provincia":"ANTA","distrito":"ANCAHUASI","institucion":"GOBIERNO REGIONAL","codigoMinsa":2330,"direccion":"OTROS CENTRO POBLADO ANCAHUASI / ANCAHUASI / ANTA / CUSCO CENTRO POBLADO ANCAHUASI / ANCAHUASI / ANTA / CUSCO ANCAHUASI ANTA CUSCO","disa":"CUSCO","red":"CUSCO NORTE","microrred":"ANTA","categoria":"ESTABLECIMIENTO DE SALUD SIN INTERNAMIENTO","condicion":"ACTIVO","actualizado":"2023/08/01 19:00:00.000","fuente":"MINSA","urlRenipr":"http://app20.susalud.gob.pe:8080/registro-renipress-webapp/ipress.htm?action=mostrarVer&idipress=00002330"}},{"type":"Feature","geometry":{"type":"Point","coordinates":[-71.97065424999994,-13.522550399999943]},"properties":{"objectid":16917,"nombre":"WANCHAQ","departamento":"CUSCO","provincia":"CUSCO","distrito":"WANCHAQ","institucion":"GOBIERNO REGIONAL","codigoMinsa":2315,"direccion":"AVENIDA AVENIDA GARCILAZO S/N WANCHAQ / CUSCO S/N AVENIDA GARCILAZO S/N WANCHAQ / CUSCO WANCHAQ CUSCO CUSCO","disa":"CUSCO","red":"CUSCO NORTE","microrred":"WANCHAQ","categoria":"ESTABLECIMIENTO DE SALUD SIN INTERNAMIENTO","condicion":"ACTIVO","actualizado":"2023/08/01 19:00:00.000","fuente":"MINSA","urlRenipr":"http://app20.susalud.gob.pe:8080/registro-renipress-webapp/ipress.htm?action=mostrarVer&idipress=00002315"}},{"type":"Feature","geometry":{"type":"Point","coordinates":[-71.98250367999998,-13.516443399999957]},"properties":{"objectid":16918,"nombre":"SIETE CUARTONES","departamento":"CUSCO","provincia":"CUSCO","distrito":"CUSCO","institucion":"GOBIERNO REGIONAL","codigoMinsa":2291,"direccion":"CALLE CALLE SIETE CUARTONES S/N / CUSCO S/N CALLE SIETE CUARTONES S/N / CUSCO CUSCO CUSCO CUSCO","disa":"CUSCO","red":"CUSCO NORTE","microrred":"SIETE CUARTONES","categoria":"ESTABLECIMIENTO DE SALUD SIN INTERNAMIENTO","condicion":"ACTIVO","actualizado":"2023/08/01 19:00:00.000","fuente":"MINSA","urlRenipr":"http://app20.susalud.gob.pe:8080/registro-renipress-webapp/ipress.htm?action=mostrarVer&idipress=00002291"}},{"type":"Feature","geometry":{"type":"Point","coordinates":[-71.97935929999994,-13.52210059999993]},"properties":{"objectid":16921,"nombre":"DENTAL ORTHODENT","departamento":"CUSCO","provincia":"CUSCO","distrito":"CUSCO","institucion":"PRIVADO","codigoMinsa":15219,"direccion":"CALLE CALLE BELEN 434 A-1 DISTRITO CUSCO PROVINCIA CUSCO DEPARTAMENTO CUSCO","disa":"CUSCO","red":"NO PERTENECE A NINGUNA RED","microrred":"NO PERTENECE A NINGUNA MICRORED","categoria":"ESTABLECIMIENTO DE SALUD SIN INTERNAMIENTO","condicion":"ACTIVO","actualizado":"2023/08/01 19:00:00.000","fuente":"MINSA","urlRenipr":"http://app20.susalud.gob.pe:8080/registro-renipress-webapp/ipress.htm?action=mostrarVer&idipress=00015219"}},{"type":"Feature","geometry":{"type":"Point","coordinates":[-71.93793683999996,-13.530072409999946]},"properties":{"objectid":17185,"nombre":"LASOS","departamento":"CUSCO","provincia":"CUSCO","distrito":"SAN SEBASTIAN","institucion":"PRIVADO","codigoMinsa":29624,"direccion":"AVENIDA RENE DE LA COLINA MANZANA V LOTE 13B DISTRITO SAN SEBASTIAN PROVINCIA CUSCO DEPARTAMENTO CUSCO","disa":"CUSCO","red":"","microrred":"","categoria":"ESTABLECIMIENTO DE SALUD SIN INTERNAMIENTO","condicion":"ACTIVO","actualizado":"2023/08/01 19:00:00.000","fuente":"MINSA","urlRenipr":"http://app20.susalud.gob.pe:8080/registro-renipress-webapp/ipress.htm?action=mostrarVer&idipress=00029624"}},{"type":"Feature","geometry":{"type":"Point","coordinates":[-71.95711089999998,-13.524215199999958]},"properties":{"objectid":17186,"nombre":"ONCOMED","departamento":"CUSCO","provincia":"CUSCO","distrito":"CUSCO","institucion":"PRIVADO","codigoMinsa":26092,"direccion":"AVENIDA LA CULTURA NÚMERO 1214 PISO 6 DEPARTAMENTO 602 DISTRITO CUSCO PROVINCIA CUSCO DEPARTAMENTO CUSCO","disa":"CUSCO","red":"NO PERTENECE A NINGUNA RED","microrred":"NO PERTENECE A NINGUNA MICRORED","categoria":"ESTABLECIMIENTO DE SALUD SIN INTERNAMIENTO","condicion":"ACTIVO","actualizado":"2023/08/01 19:00:00.000","fuente":"MINSA","urlRenipr":"http://app20.susalud.gob.pe:8080/registro-renipress-webapp/ipress.htm?action=mostrarVer&idipress=00026092"}},{"type":"Feature","geometry":{"type":"Point","coordinates":[-71.95718929999998,-13.524234799999931]},"properties":{"objectid":17479,"nombre":"MEDIC PLAST","departamento":"CUSCO","provincia":"CUSCO","distrito":"WANCHAQ","institucion":"PRIVADO","codigoMinsa":25753,"direccion":"AVENIDA LA CULTURA CONSULTORIO 301 Y 302 NÚMERO 1212 PISO 3 DISTRITO WANCHAQ PROVINCIA CUSCO DEPARTAMENTO CUSCO","disa":"CUSCO","red":"NO PERTENECE A NINGUNA RED","microrred":"NO PERTENECE A NINGUNA MICRORED","categoria":"ESTABLECIMIENTO DE SALUD SIN INTERNAMIENTO","condicion":"ACTIVO","actualizado":"2023/08/01 19:00:00.000","fuente":"MINSA","urlRenipr":"http://app20.susalud.gob.pe:8080/registro-renipress-webapp/ipress.htm?action=mostrarVer&idipress=00025753"}},{"type":"Feature","geometry":{"type":"Point","coordinates":[-71.94701159999994,-13.524856199999931]},"properties":{"objectid":17636,"nombre":"DIAGNOSTICO PERUANO SUIZA","departamento":"CUSCO","provincia":"CUSCO","distrito":"CUSCO","institucion":"PRIVADO","codigoMinsa":26500,"direccion":"CALLE OSWALDO BACA MANZANA J LOTE 8 URBANIZACI? MAGISTERIO PRIMERA ETAPA DISTRITO CUSCO PROVINCIA CUSCO DEPARTAMENTO CUSCO","disa":"CUSCO","red":"NO PERTENECE A NINGUNA RED","microrred":"NO PERTENECE A NINGUNA MICRORED","categoria":"ESTABLECIMIENTO DE SALUD SIN INTERNAMIENTO","condicion":"ACTIVO","actualizado":"2023/08/01 19:00:00.000","fuente":"MINSA","urlRenipr":"http://app20.susalud.gob.pe:8080/registro-renipress-webapp/ipress.htm?action=mostrarVer&idipress=00026500"}},{"type":"Feature","geometry":{"type":"Point","coordinates":[-71.97815513999996,-13.522122139999965]},"properties":{"objectid":17653,"nombre":"CERADENT CUSCO","departamento":"CUSCO","provincia":"CUSCO","distrito":"CUSCO","institucion":"PRIVADO","codigoMinsa":30719,"direccion":"CALLE MATARA NÚMERO 410 PISO 1 INTERIOR 01 DISTRITO CUSCO PROVINCIA CUSCO DEPARTAMENTO CUSCO","disa":"CUSCO","red":"","microrred":"","categoria":"ESTABLECIMIENTO DE SALUD SIN INTERNAMIENTO","condicion":"ACTIVO","actualizado":"2023/08/01 19:00:00.000","fuente":"MINSA","urlRenipr":"http://app20.susalud.gob.pe:8080/registro-renipress-webapp/ipress.htm?action=mostrarVer&idipress=00030719"}},{"type":"Feature","geometry":{"type":"Point","coordinates":[-73.82964915999997,-12.522597169999926]},"properties":{"objectid":17748,"nombre":"URPI","departamento":"CUSCO","provincia":"LA CONVENCION","distrito":"PICHARI","institucion":"PRIVADO","codigoMinsa":27393,"direccion":"JIRÓN CESAR VALLEJO NÚMERO 757 PISO 1 DISTRITO PICHARI PROVINCIA LA CONVENCION DEPARTAMENTO CUSCO","disa":"CUSCO","red":"NO PERTENECE A NINGUNA RED","microrred":"NO PERTENECE A NINGUNA MICRORED","categoria":"ESTABLECIMIENTO DE SALUD SIN INTERNAMIENTO","condicion":"ACTIVO","actualizado":"2023/08/01 19:00:00.000","fuente":"MINSA","urlRenipr":"http://app20.susalud.gob.pe:8080/registro-renipress-webapp/ipress.htm?action=mostrarVer&idipress=00027393"}},{"type":"Feature","geometry":{"type":"Point","coordinates":[-73.95672326999994,-12.256476599999928]},"properties":{"objectid":17753,"nombre":"NATIVIDAD","departamento":"CUSCO","provincia":"LA CONVENCION","distrito":"PICHARI","institucion":"GOBIERNO REGIONAL","codigoMinsa":7113,"direccion":"OTROS CENTRO POBLADO NATIVIDAD / PICHARI / LA CONVENCIÓN / CUSCO CENTRO POBLADO NATIVIDAD / PICHARI / LA CONVENCIÓN / CUSCO PICHARI LA CONVENCION CUSCO","disa":"CUSCO","red":"KIMBIRI PICHARI","microrred":"PICHARI","categoria":"ESTABLECIMIENTO DE SALUD SIN INTERNAMIENTO","condicion":"ACTIVO","actualizado":"2023/08/01 19:00:00.000","fuente":"MINSA","urlRenipr":"http://app20.susalud.gob.pe:8080/registro-renipress-webapp/ipress.htm?action=mostrarVer&idipress=00007113"}},{"type":"Feature","geometry":{"type":"Point","coordinates":[-71.95428529999998,-13.525138999999967]},"properties":{"objectid":17871,"nombre":"CABEMA LAB","departamento":"CUSCO","provincia":"CUSCO","distrito":"WANCHAQ","institucion":"PRIVADO","codigoMinsa":21691,"direccion":"AVENIDA de la Cultura N\" 1522, Primer y Segundo Pisos, Oficinas 104 y 202 DISTRITO WANCHAQ PROVINCIA CUSCO DEPARTAMENTO CUSCO","disa":"CUSCO","red":"","microrred":"NO PERTENECE A NINGUNA MICRORED","categoria":"SERVICIO MÉDICO DE APOYO","condicion":"ACTIVO","actualizado":"2023/08/01 19:00:00.000","fuente":"MINSA","urlRenipr":"http://app20.susalud.gob.pe:8080/registro-renipress-webapp/ipress.htm?action=mostrarVer&idipress=00021691"}},{"type":"Feature","geometry":{"type":"Point","coordinates":[-71.96746259999998,-13.531949999999938]},"properties":{"objectid":18078,"nombre":"SAGRADA FAMILIA","departamento":"CUSCO","provincia":"CUSCO","distrito":"CUSCO","institucion":"PRIVADO","codigoMinsa":29195,"direccion":"AVENIDA PERU MANZANA F LOTE 7 URBANIZACIÓN QUISPICANCHI DISTRITO CUSCO PROVINCIA CUSCO DEPARTAMENTO CUSCO","disa":"CUSCO","red":"","microrred":"","categoria":"ESTABLECIMIENTO DE SALUD SIN INTERNAMIENTO","condicion":"ACTIVO","actualizado":"2023/08/01 19:00:00.000","fuente":"MINSA","urlRenipr":"http://app20.susalud.gob.pe:8080/registro-renipress-webapp/ipress.htm?action=mostrarVer&idipress=00029195"}},{"type":"Feature","geometry":{"type":"Point","coordinates":[-72.64683426999994,-12.571390389999976]},"properties":{"objectid":18133,"nombre":"CHIRUMBIA","departamento":"CUSCO","provincia":"LA CONVENCION","distrito":"QUELLOUNO","institucion":"GOBIERNO REGIONAL","codigoMinsa":8908,"direccion":"OTROS COMUNIDAD DE CHIRUMBIA / QUELLOUNO / LA CONVENCIÓN / CUSCO COMUNIDAD DE CHIRUMBIA / QUELLOUNO / LA CONVENCIÓN / CUSCO QUELLOUNO LA CONVENCION CUSCO","disa":"CUSCO","red":"LA CONVENCION","microrred":"QUELLOUNO","categoria":"ESTABLECIMIENTO DE SALUD SIN INTERNAMIENTO","condicion":"ACTIVO","actualizado":"2023/08/01 19:00:00.000","fuente":"MINSA","urlRenipr":"http://app20.susalud.gob.pe:8080/registro-renipress-webapp/ipress.htm?action=mostrarVer&idipress=00008908"}},{"type":"Feature","geometry":{"type":"Point","coordinates":[-72.56007166999996,-12.726816669999948]},"properties":{"objectid":18134,"nombre":"PAMPA CONCEPCION","departamento":"CUSCO","provincia":"LA CONVENCION","distrito":"ECHARATE","institucion":"GOBIERNO REGIONAL","codigoMinsa":2430,"direccion":"OTROS POBLADO CONCEPCION / ECHARATE / LA CONVENCION / CUSCO POBLADO CONCEPCION / ECHARATE / LA CONVENCION / CUSCO ECHARATE LA CONVENCION CUSCO","disa":"CUSCO","red":"LA CONVENCION","microrred":"SANTA ANA","categoria":"ESTABLECIMIENTO DE SALUD SIN INTERNAMIENTO","condicion":"ACTIVO","actualizado":"2023/08/01 19:00:00.000","fuente":"MINSA","urlRenipr":"http://app20.susalud.gob.pe:8080/registro-renipress-webapp/ipress.htm?action=mostrarVer&idipress=00002430"}},{"type":"Feature","geometry":{"type":"Point","coordinates":[-72.55921517999997,-12.396271199999944]},"properties":{"objectid":18135,"nombre":"ESTRELLA","departamento":"CUSCO","provincia":"LA CONVENCION","distrito":"QUELLOUNO","institucion":"GOBIERNO REGIONAL","codigoMinsa":8906,"direccion":"OTROS CENTRO POBLADO DE ESTRELLA / QUELLOUNO / LA CONVENCIÓN / CUSCO CENTRO POBLADO DE ESTRELLA / QUELLOUNO / LA CONVENCIÓN / CUSCO QUELLOUNO LA CONVENCION CUSCO","disa":"CUSCO","red":"LA CONVENCION","microrred":"QUELLOUNO","categoria":"ESTABLECIMIENTO DE SALUD SIN INTERNAMIENTO","condicion":"ACTIVO","actualizado":"2023/08/01 19:00:00.000","fuente":"MINSA","urlRenipr":"http://app20.susalud.gob.pe:8080/registro-renipress-webapp/ipress.htm?action=mostrarVer&idipress=00008906"}},{"type":"Feature","geometry":{"type":"Point","coordinates":[-73.11831132999998,-13.27748835999995]},"properties":{"objectid":18136,"nombre":"CHOQUETIRA","departamento":"CUSCO","provincia":"LA CONVENCION","distrito":"INKAWASI","institucion":"GOBIERNO REGIONAL","codigoMinsa":2487,"direccion":"OTROS CHOQUETIRA S/N INKAWASI LA CONVENCION CUSCO","disa":"CUSCO","red":"LA CONVENCION","microrred":"PUCYURA","categoria":"ESTABLECIMIENTO DE SALUD SIN INTERNAMIENTO","condicion":"ACTIVO","actualizado":"2023/08/01 19:00:00.000","fuente":"MINSA","urlRenipr":"http://app20.susalud.gob.pe:8080/registro-renipress-webapp/ipress.htm?action=mostrarVer&idipress=00002487"}},{"type":"Feature","geometry":{"type":"Point","coordinates":[-72.61361499999998,-12.816744999999969]},"properties":{"objectid":18137,"nombre":"CHACCO","departamento":"CUSCO","provincia":"LA CONVENCION","distrito":"ECHARATE","institucion":"GOBIERNO REGIONAL","codigoMinsa":2446,"direccion":"OTROS CENTRO POBLADO CHACCO / ECHARATE / LA CONVENCION / CUSCO CENTRO POBLADO CHACCO / ECHARATE / LA CONVENCION / CUSCO ECHARATE LA CONVENCION CUSCO","disa":"CUSCO","red":"LA CONVENCION","microrred":"SANTA ANA","categoria":"ESTABLECIMIENTO DE SALUD SIN INTERNAMIENTO","condicion":"ACTIVO","actualizado":"2023/08/01 19:00:00.000","fuente":"MINSA","urlRenipr":"http://app20.susalud.gob.pe:8080/registro-renipress-webapp/ipress.htm?action=mostrarVer&idipress=00002446"}},{"type":"Feature","geometry":{"type":"Point","coordinates":[-71.41212499999995,-14.789584499999933]},"properties":{"objectid":18138,"nombre":"MAX SALUD PARA TU SALUD SCRL","departamento":"CUSCO","provincia":"ESPINAR","distrito":"ESPINAR","institucion":"PRIVADO","codigoMinsa":23963,"direccion":"AVENIDA MANUEL PRADO NÚMERO 100 DISTRITO ESPINAR PROVINCIA ESPINAR DEPARTAMENTO CUSCO","disa":"CUSCO","red":"NO PERTENECE A NINGUNA RED","microrred":"NO PERTENECE A NINGUNA MICRORED","categoria":"ESTABLECIMIENTO DE SALUD SIN INTERNAMIENTO","condicion":"ACTIVO","actualizado":"2023/08/01 19:00:00.000","fuente":"MINSA","urlRenipr":"http://app20.susalud.gob.pe:8080/registro-renipress-webapp/ipress.htm?action=mostrarVer&idipress=00023963"}},{"type":"Feature","geometry":{"type":"Point","coordinates":[-71.96342855999995,-13.52335469999997]},"properties":{"objectid":18261,"nombre":"EUSALUD SAC WANCHAQ","departamento":"CUSCO","provincia":"CUSCO","distrito":"WANCHAQ","institucion":"PRIVADO","codigoMinsa":29696,"direccion":"AVENIDA MICAELA BASTIDAS NÚMERO 404 DISTRITO WANCHAQ PROVINCIA CUSCO DEPARTAMENTO CUSCO","disa":"CUSCO","red":"","microrred":"","categoria":"ESTABLECIMIENTO DE SALUD SIN INTERNAMIENTO","condicion":"ACTIVO","actualizado":"2023/08/01 19:00:00.000","fuente":"MINSA","urlRenipr":"http://app20.susalud.gob.pe:8080/registro-renipress-webapp/ipress.htm?action=mostrarVer&idipress=00029696"}},{"type":"Feature","geometry":{"type":"Point","coordinates":[-71.31483079999998,-14.883243899999968]},"properties":{"objectid":18266,"nombre":"TINTAYA","departamento":"CUSCO","provincia":"ESPINAR","distrito":"ESPINAR","institucion":"PRIVADO","codigoMinsa":14311,"direccion":"OTROS CAMPAMENTO MINERO TINTAYA S/N NÚMERO S/N DISTRITO ESPINAR PROVINCIA ESPINAR DEPARTAMENTO CUSCO","disa":"CUSCO","red":"NO PERTENECE A NINGUNA RED","microrred":"NO PERTENECE A NINGUNA MICRORED","categoria":"ESTABLECIMIENTO DE SALUD SIN INTERNAMIENTO","condicion":"ACTIVO","actualizado":"2023/08/01 19:00:00.000","fuente":"MINSA","urlRenipr":"http://app20.susalud.gob.pe:8080/registro-renipress-webapp/ipress.htm?action=mostrarVer&idipress=00014311"}},{"type":"Feature","geometry":{"type":"Point","coordinates":[-71.93635525999997,-13.540999979999981]},"properties":{"objectid":18393,"nombre":"WMEDICO-ITALIANO","departamento":"CUSCO","provincia":"CUSCO","distrito":"SAN SEBASTIAN","institucion":"PRIVADO","codigoMinsa":29343,"direccion":"CALLE MARCAVALLE PISO 2 MANZANA M LOTE 16 URBANIZACIÓN los nogales DISTRITO SAN SEBASTIAN PROVINCIA CUSCO DEPARTAMENTO CUSCO","disa":"CUSCO","red":"","microrred":"","categoria":"ESTABLECIMIENTO DE SALUD SIN INTERNAMIENTO","condicion":"ACTIVO","actualizado":"2023/08/01 19:00:00.000","fuente":"MINSA","urlRenipr":"http://app20.susalud.gob.pe:8080/registro-renipress-webapp/ipress.htm?action=mostrarVer&idipress=00029343"}},{"type":"Feature","geometry":{"type":"Point","coordinates":[-71.96297549999997,-13.522962899999982]},"properties":{"objectid":18306,"nombre":"PACHACUTEQ SOLUCIONES MEDICAS","departamento":"CUSCO","provincia":"CUSCO","distrito":"WANCHAQ","institucion":"PRIVADO","codigoMinsa":24644,"direccion":"PASAJE CONSTANCIA CON CHACHACOMAYOC NÚMERO 101 PISO 1 INTERIOR 1 MANZANA A LOTE 8 DISTRITO WANCHAQ PROVINCIA CUSCO DEPARTAMENTO CUSCO","disa":"CUSCO","red":"NO PERTENECE A NINGUNA RED","microrred":"NO PERTENECE A NINGUNA MICRORED","categoria":"ESTABLECIMIENTO DE SALUD SIN INTERNAMIENTO","condicion":"ACTIVO","actualizado":"2023/08/01 19:00:00.000","fuente":"MINSA","urlRenipr":"http://app20.susalud.gob.pe:8080/registro-renipress-webapp/ipress.htm?action=mostrarVer&idipress=00024644"}},{"type":"Feature","geometry":{"type":"Point","coordinates":[-71.90869099999998,-13.53398429999993]},"properties":{"objectid":18342,"nombre":"SAN SEBASTIAN ESSALUD","departamento":"CUSCO","provincia":"CUSCO","distrito":"SAN SEBASTIAN","institucion":"ESSALUD","codigoMinsa":10065,"direccion":"OTROS URBANIZACION CACHIMAYO LA PLANICIE S/N° / SAN SEBASTIAN / CUSCO / CUSCO NÚMERO S/N DISTRITO SAN SEBASTIAN PROVINCIA CUSCO DEPARTAMENTO CUSCO","disa":"CUSCO","red":"NO PERTENECE A NINGUNA RED","microrred":"NO PERTENECE A NINGUNA MICRORED","categoria":"ESTABLECIMIENTO DE SALUD SIN INTERNAMIENTO","condicion":"ACTIVO","actualizado":"2023/08/01 19:00:00.000","fuente":"MINSA","urlRenipr":"http://app20.susalud.gob.pe:8080/registro-renipress-webapp/ipress.htm?action=mostrarVer&idipress=00010065"}},{"type":"Feature","geometry":{"type":"Point","coordinates":[-71.95029999999997,-13.528799999999933]},"properties":{"objectid":18394,"nombre":"ALLIN WAWA","departamento":"CUSCO","provincia":"CUSCO","distrito":"WANCHAQ","institucion":"PRIVADO","codigoMinsa":29178,"direccion":"JIRÓN JOSE MARIA ARGUEDAS MANZANA I LOTE 1 URBANIZACIÓN SANTA MONICA DISTRITO WANCHAQ PROVINCIA CUSCO DEPARTAMENTO CUSCO","disa":"CUSCO","red":"NO PERTENECE A NINGUNA RED","microrred":"NO PERTENECE A NINGUNA MICRORED","categoria":"ESTABLECIMIENTO DE SALUD SIN INTERNAMIENTO","condicion":"ACTIVO","actualizado":"2023/08/01 19:00:00.000","fuente":"MINSA","urlRenipr":"http://app20.susalud.gob.pe:8080/registro-renipress-webapp/ipress.htm?action=mostrarVer&idipress=00029178"}},{"type":"Feature","geometry":{"type":"Point","coordinates":[-71.93980759999994,-13.53217799999993]},"properties":{"objectid":18410,"nombre":"BLUMEDIC","departamento":"CUSCO","provincia":"CUSCO","distrito":"SAN SEBASTIAN","institucion":"PRIVADO","codigoMinsa":29614,"direccion":"CALLE VENTURA MONJARAS NÚMERO 368 MANZANA O LOTE 19 URBANIZACIÓN TUPAC AMARU DISTRITO SAN SEBASTIAN PROVINCIA CUSCO DEPARTAMENTO CUSCO","disa":"CUSCO","red":"","microrred":"","categoria":"ESTABLECIMIENTO DE SALUD SIN INTERNAMIENTO","condicion":"ACTIVO","actualizado":"2023/08/01 19:00:00.000","fuente":"MINSA","urlRenipr":"http://app20.susalud.gob.pe:8080/registro-renipress-webapp/ipress.htm?action=mostrarVer&idipress=00029614"}},{"type":"Feature","geometry":{"type":"Point","coordinates":[-71.90179755999998,-13.529957059999958]},"properties":{"objectid":18420,"nombre":"PATRÓN SAN SEBASTIAN","departamento":"CUSCO","provincia":"CUSCO","distrito":"SAN JERONIMO","institucion":"GOBIERNO REGIONAL","codigoMinsa":30727,"direccion":"OTROS APV INGENIEROS LARAPA GRANDE PASAJE LOS JAZMINES NÚMERO H10 4 DISTRITO SAN JERONIMO PROVINCIA CUSCO DEPARTAMENTO CUSCO","disa":"CUSCO","red":"CUSCO SUR","microrred":"CUSCO","categoria":"SERVICIO MÉDICO DE APOYO","condicion":"ACTIVO","actualizado":"2023/08/01 19:00:00.000","fuente":"MINSA","urlRenipr":"http://app20.susalud.gob.pe:8080/registro-renipress-webapp/ipress.htm?action=mostrarVer&idipress=00030727"}},{"type":"Feature","geometry":{"type":"Point","coordinates":[-71.68282832999995,-13.916674999999941]},"properties":{"objectid":18421,"nombre":"ACOMAYO","departamento":"CUSCO","provincia":"ACOMAYO","distrito":"ACOMAYO","institucion":"GOBIERNO REGIONAL","codigoMinsa":2317,"direccion":"AVENIDA AVENIDA FRANCISCO BOLOGNESI S/N / ACOMAYO / ACOMAYO / CUSCO S/N AVENIDA FRANCISCO BOLOGNESI S/N / ACOMAYO / ACOMAYO / CUSCO ACOMAYO ACOMAYO CUSCO","disa":"CUSCO","red":"CUSCO SUR","microrred":"ACOMAYO","categoria":"ESTABLECIMIENTO DE SALUD CON INTERNAMIENTO","condicion":"ACTIVO","actualizado":"2023/08/01 19:00:00.000","fuente":"MINSA","urlRenipr":"http://app20.susalud.gob.pe:8080/registro-renipress-webapp/ipress.htm?action=mostrarVer&idipress=00002317"}},{"type":"Feature","geometry":{"type":"Point","coordinates":[-71.80455047999999,-13.850706359999947]},"properties":{"objectid":18422,"nombre":"COLCHA","departamento":"CUSCO","provincia":"PARURO","distrito":"COLCHA","institucion":"GOBIERNO REGIONAL","codigoMinsa":2503,"direccion":"CALLE CALLE SAN FRANCISCO S/N / COLCHA / PARURO / CUSCO S/N CALLE SAN FRANCISCO S/N / COLCHA / PARURO / CUSCO COLCHA PARURO CUSCO","disa":"CUSCO","red":"CUSCO SUR","microrred":"PARURO","categoria":"ESTABLECIMIENTO DE SALUD SIN INTERNAMIENTO","condicion":"ACTIVO","actualizado":"2023/08/01 19:00:00.000","fuente":"MINSA","urlRenipr":"http://app20.susalud.gob.pe:8080/registro-renipress-webapp/ipress.htm?action=mostrarVer&idipress=00002503"}},{"type":"Feature","geometry":{"type":"Point","coordinates":[-71.63985302999998,-13.691591419999952]},"properties":{"objectid":18423,"nombre":"HUARO","departamento":"CUSCO","provincia":"QUISPICANCHI","distrito":"HUARO","institucion":"GOBIERNO REGIONAL","codigoMinsa":2532,"direccion":"JIRÓN JIRÓN DESAMPARADOS S/N / HUARO / QUISPICANCHI / CUSCO NÚMERO S/N DISTRITO HUARO PROVINCIA QUISPICANCHI DEPARTAMENTO CUSCO","disa":"CUSCO","red":"CUSCO SUR","microrred":"URCOS","categoria":"ESTABLECIMIENTO DE SALUD SIN INTERNAMIENTO","condicion":"ACTIVO","actualizado":"2023/08/01 19:00:00.000","fuente":"MINSA","urlRenipr":"http://app20.susalud.gob.pe:8080/registro-renipress-webapp/ipress.htm?action=mostrarVer&idipress=00002532"}},{"type":"Feature","geometry":{"type":"Point","coordinates":[-71.54147561999997,-13.820340629999976]},"properties":{"objectid":18424,"nombre":"QUIQUIJANA","departamento":"CUSCO","provincia":"QUISPICANCHI","distrito":"QUIQUIJANA","institucion":"GOBIERNO REGIONAL","codigoMinsa":2538,"direccion":"OTROS CALLAPAMPA / QUIQUIJANA / QUISPICANCHI / CUSCO CALLAPAMPA / QUIQUIJANA / QUISPICANCHI / CUSCO QUIQUIJANA QUISPICANCHI CUSCO","disa":"CUSCO","red":"CUSCO SUR","microrred":"URCOS","categoria":"ESTABLECIMIENTO DE SALUD CON INTERNAMIENTO","condicion":"ACTIVO","actualizado":"2023/08/01 19:00:00.000","fuente":"MINSA","urlRenipr":"http://app20.susalud.gob.pe:8080/registro-renipress-webapp/ipress.htm?action=mostrarVer&idipress=00002538"}},{"type":"Feature","geometry":{"type":"Point","coordinates":[-71.84538812999995,-13.764835049999931]},"properties":{"objectid":18425,"nombre":"PARURO","departamento":"CUSCO","provincia":"PARURO","distrito":"PARURO","institucion":"GOBIERNO REGIONAL","codigoMinsa":2499,"direccion":"CALLE CALLE ALFONSO UGARTE S/N / PARURO / PARURO / CUSCO S/N CALLE ALFONSO UGARTE S/N / PARURO / PARURO / CUSCO PARURO PARURO CUSCO","disa":"CUSCO","red":"CUSCO SUR","microrred":"PARURO","categoria":"ESTABLECIMIENTO DE SALUD CON INTERNAMIENTO","condicion":"ACTIVO","actualizado":"2023/08/01 19:00:00.000","fuente":"MINSA","urlRenipr":"http://app20.susalud.gob.pe:8080/registro-renipress-webapp/ipress.htm?action=mostrarVer&idipress=00002499"}},{"type":"Feature","geometry":{"type":"Point","coordinates":[-71.95977658999993,-13.524355559999947]},"properties":{"objectid":18503,"nombre":"CORAZON DE JESUS","departamento":"CUSCO","provincia":"CUSCO","distrito":"WANCHAQ","institucion":"PRIVADO","codigoMinsa":31233,"direccion":"AVENIDA MICAELA BASTIDAS NÚMERO 609 PISO 4 DEPARTAMENTO 401 DISTRITO WANCHAQ PROVINCIA CUSCO DEPARTAMENTO CUSCO","disa":"CUSCO","red":"","microrred":"","categoria":"ESTABLECIMIENTO DE SALUD SIN INTERNAMIENTO","condicion":"ACTIVO","actualizado":"2023/08/01 19:00:00.000","fuente":"MINSA","urlRenipr":"http://app20.susalud.gob.pe:8080/registro-renipress-webapp/ipress.htm?action=mostrarVer&idipress=00031233"}},{"type":"Feature","geometry":{"type":"Point","coordinates":[-71.96480184999996,-13.522979169999928]},"properties":{"objectid":18510,"nombre":"LUZ AMBAR","departamento":"CUSCO","provincia":"CUSCO","distrito":"WANCHAQ","institucion":"PRIVADO","codigoMinsa":29185,"direccion":"PASAJE CONSTANCIA MANZANA L LOTE 10 DISTRITO WANCHAQ PROVINCIA CUSCO DEPARTAMENTO CUSCO","disa":"CUSCO","red":"NO PERTENECE A NINGUNA RED","microrred":"NO PERTENECE A NINGUNA MICRORED","categoria":"ESTABLECIMIENTO DE SALUD SIN INTERNAMIENTO","condicion":"ACTIVO","actualizado":"2023/08/01 19:00:00.000","fuente":"MINSA","urlRenipr":"http://app20.susalud.gob.pe:8080/registro-renipress-webapp/ipress.htm?action=mostrarVer&idipress=00029185"}},{"type":"Feature","geometry":{"type":"Point","coordinates":[-71.96317106999999,-13.52318779999996]},"properties":{"objectid":18515,"nombre":"CORPORACION MEDICA VIRGEN ASUNTA","departamento":"CUSCO","provincia":"CUSCO","distrito":"WANCHAQ","institucion":"PRIVADO","codigoMinsa":29616,"direccion":"AVENIDA MICAELA BASTIDAS PRIMER Y SEGUNDO PISO NÚMERO 404 DISTRITO WANCHAQ PROVINCIA CUSCO DEPARTAMENTO CUSCO","disa":"CUSCO","red":"","microrred":"","categoria":"ESTABLECIMIENTO DE SALUD SIN INTERNAMIENTO","condicion":"ACTIVO","actualizado":"2023/08/01 19:00:00.000","fuente":"MINSA","urlRenipr":"http://app20.susalud.gob.pe:8080/registro-renipress-webapp/ipress.htm?action=mostrarVer&idipress=00029616"}},{"type":"Feature","geometry":{"type":"Point","coordinates":[-72.19599832999995,-14.566868329999977]},"properties":{"objectid":18539,"nombre":"YAVINA","departamento":"CUSCO","provincia":"CHUMBIVILCAS","distrito":"SANTO TOMAS","institucion":"GOBIERNO REGIONAL","codigoMinsa":7111,"direccion":"OTROS COMUNIDAD CAMPESINA DE YAVINA DISTRITO SANTO TOMAS PROVINCIA CHUMBIVILCAS DEPARTAMENTO CUSCO","disa":"CUSCO","red":"CHUMBIVILCAS","microrred":"SANTO TOMAS","categoria":"ESTABLECIMIENTO DE SALUD SIN INTERNAMIENTO","condicion":"ACTIVO","actualizado":"2023/08/01 19:00:00.000","fuente":"MINSA","urlRenipr":"http://app20.susalud.gob.pe:8080/registro-renipress-webapp/ipress.htm?action=mostrarVer&idipress=00007111"}},{"type":"Feature","geometry":{"type":"Point","coordinates":[-72.07465729999996,-14.210764769999969]},"properties":{"objectid":18540,"nombre":"CHARAMURAY","departamento":"CUSCO","provincia":"CHUMBIVILCAS","distrito":"COLQUEMARCA","institucion":"GOBIERNO REGIONAL","codigoMinsa":2405,"direccion":"OTROS EUCALIPTO CANCHA S/N / COLQUEMARCA / CHUMBIVILCAS / CUSCO NÚMERO S/N DISTRITO COLQUEMARCA PROVINCIA CHUMBIVILCAS DEPARTAMENTO CUSCO","disa":"CUSCO","red":"CHUMBIVILCAS","microrred":"SANTO TOMAS","categoria":"ESTABLECIMIENTO DE SALUD SIN INTERNAMIENTO","condicion":"ACTIVO","actualizado":"2023/08/01 19:00:00.000","fuente":"MINSA","urlRenipr":"http://app20.susalud.gob.pe:8080/registro-renipress-webapp/ipress.htm?action=mostrarVer&idipress=00002405"}},{"type":"Feature","geometry":{"type":"Point","coordinates":[-71.86455660999997,-13.55179142999998]},"properties":{"objectid":18563,"nombre":"QHALI RUNA","departamento":"CUSCO","provincia":"CUSCO","distrito":"SAN JERONIMO","institucion":"PRIVADO","codigoMinsa":26184,"direccion":"CARRETERA Cusco - Saylla N?ERO S/N DISTRITO SAN JERONIMO PROVINCIA CUSCO DEPARTAMENTO CUSCO","disa":"CUSCO","red":"NO PERTENECE A NINGUNA RED","microrred":"NO PERTENECE A NINGUNA MICRORED","categoria":"ESTABLECIMIENTO DE SALUD SIN INTERNAMIENTO","condicion":"ACTIVO","actualizado":"2023/08/01 19:00:00.000","fuente":"MINSA","urlRenipr":"http://app20.susalud.gob.pe:8080/registro-renipress-webapp/ipress.htm?action=mostrarVer&idipress=00026184"}},{"type":"Feature","geometry":{"type":"Point","coordinates":[-72.55890309999995,-13.174794199999951]},"properties":{"objectid":18566,"nombre":"EGEMSA CENTRAL HIDROELECTRICA MACHUPICCHU KM 122","departamento":"CUSCO","provincia":"URUBAMBA","distrito":"MACHUPICCHU","institucion":"PRIVADO","codigoMinsa":20253,"direccion":"OTROS CENTRAL HIDROELECTRICA MACHUPICCHU, KM 122 DISTRITO MACHUPICCHU PROVINCIA URUBAMBA DEPARTAMENTO CUSCO","disa":"CUSCO","red":"NO PERTENECE A NINGUNA RED","microrred":"NO PERTENECE A NINGUNA MICRORED","categoria":"ESTABLECIMIENTO DE SALUD SIN INTERNAMIENTO","condicion":"ACTIVO","actualizado":"2023/08/01 19:00:00.000","fuente":"MINSA","urlRenipr":"http://app20.susalud.gob.pe:8080/registro-renipress-webapp/ipress.htm?action=mostrarVer&idipress=00020253"}},{"type":"Feature","geometry":{"type":"Point","coordinates":[-71.95435999999995,-13.520738299999948]},"properties":{"objectid":18570,"nombre":"FISIO LA FUENTE","departamento":"CUSCO","provincia":"CUSCO","distrito":"CUSCO","institucion":"PRIVADO","codigoMinsa":31322,"direccion":"AVENIDA COLLASUYO A NÚMERO 4 PISO 1 URBANIZACIÓN MAGISTERIAL 1ra.ETAPA DISTRITO CUSCO PROVINCIA CUSCO DEPARTAMENTO CUSCO","disa":"CUSCO","red":"","microrred":"","categoria":"SERVICIO MÉDICO DE APOYO","condicion":"ACTIVO","actualizado":"2023/08/01 19:00:00.000","fuente":"MINSA","urlRenipr":"http://app20.susalud.gob.pe:8080/registro-renipress-webapp/ipress.htm?action=mostrarVer&idipress=00031322"}},{"type":"Feature","geometry":{"type":"Point","coordinates":[-71.57519182999994,-14.153581929999973]},"properties":{"objectid":18606,"nombre":"SURIMANA","departamento":"CUSCO","provincia":"CANAS","distrito":"TUPAC AMARU","institucion":"GOBIERNO REGIONAL","codigoMinsa":2375,"direccion":"OTROS COMUNIDAD DE SURIMANA / TUPAC AMARU / CANAS / CUSCO DISTRITO TUPAC AMARU PROVINCIA CANAS DEPARTAMENTO CUSCO","disa":"CUSCO","red":"CANAS-CANCHIS-ESPINAR","microrred":"YANAOCA","categoria":"ESTABLECIMIENTO DE SALUD SIN INTERNAMIENTO","condicion":"ACTIVO","actualizado":"2023/08/01 19:00:00.000","fuente":"MINSA","urlRenipr":"http://app20.susalud.gob.pe:8080/registro-renipress-webapp/ipress.htm?action=mostrarVer&idipress=00002375"}},{"type":"Feature","geometry":{"type":"Point","coordinates":[-71.21909931999994,-14.282620509999958]},"properties":{"objectid":18607,"nombre":"LA FLORIDA","departamento":"CUSCO","provincia":"CANCHIS","distrito":"SICUANI","institucion":"GOBIERNO REGIONAL","codigoMinsa":2383,"direccion":"JIRÓN JIRON TITTO COSÑIPA S/N / SICUANI / CANCHIS / CUSCO NÚMERO S/N DISTRITO SICUANI PROVINCIA CANCHIS DEPARTAMENTO CUSCO","disa":"CUSCO","red":"CANAS-CANCHIS-ESPINAR","microrred":"PAMPAPHALLA","categoria":"ESTABLECIMIENTO DE SALUD SIN INTERNAMIENTO","condicion":"ACTIVO","actualizado":"2023/08/01 19:00:00.000","fuente":"MINSA","urlRenipr":"http://app20.susalud.gob.pe:8080/registro-renipress-webapp/ipress.htm?action=mostrarVer&idipress=00002383"}},{"type":"Feature","geometry":{"type":"Point","coordinates":[-71.95700724999995,-13.524488919999953]},"properties":{"objectid":18620,"nombre":"QUIÑONES ODONTOSHINE","departamento":"CUSCO","provincia":"CUSCO","distrito":"WANCHAQ","institucion":"PRIVADO","codigoMinsa":26679,"direccion":"JIRÓN HERMANOS AYAR N?ERO 106 PISO 2 DEPARTAMENTO 203 DISTRITO WANCHAQ PROVINCIA CUSCO DEPARTAMENTO CUSCO","disa":"CUSCO","red":"NO PERTENECE A NINGUNA RED","microrred":"NO PERTENECE A NINGUNA MICRORED","categoria":"ESTABLECIMIENTO DE SALUD SIN INTERNAMIENTO","condicion":"ACTIVO","actualizado":"2023/08/01 19:00:00.000","fuente":"MINSA","urlRenipr":"http://app20.susalud.gob.pe:8080/registro-renipress-webapp/ipress.htm?action=mostrarVer&idipress=00026679"}},{"type":"Feature","geometry":{"type":"Point","coordinates":[-71.23357276999997,-14.27122744999997]},"properties":{"objectid":18635,"nombre":"LOS LIDERES L&G","departamento":"CUSCO","provincia":"CANCHIS","distrito":"SICUANI","institucion":"PRIVADO","codigoMinsa":27359,"direccion":"JIRÓN WIRACOCHA N?ERO 222 PISO 1 DISTRITO SICUANI PROVINCIA CANCHIS DEPARTAMENTO CUSCO","disa":"CUSCO","red":"NO PERTENECE A NINGUNA RED","microrred":"NO PERTENECE A NINGUNA MICRORED","categoria":"ESTABLECIMIENTO DE SALUD SIN INTERNAMIENTO","condicion":"ACTIVO","actualizado":"2023/08/01 19:00:00.000","fuente":"MINSA","urlRenipr":"http://app20.susalud.gob.pe:8080/registro-renipress-webapp/ipress.htm?action=mostrarVer&idipress=00027359"}},{"type":"Feature","geometry":{"type":"Point","coordinates":[-71.96280628999995,-13.522645369999964]},"properties":{"objectid":18649,"nombre":"CORPORATIVO RUTAS CUSCO EIRL","departamento":"CUSCO","provincia":"CUSCO","distrito":"WANCHAQ","institucion":"PRIVADO","codigoMinsa":29941,"direccion":"AVENIDA LOS INCAS NÚMERO 704 PISO 1 DISTRITO WANCHAQ PROVINCIA CUSCO DEPARTAMENTO CUSCO","disa":"CUSCO","red":"","microrred":"","categoria":"ESTABLECIMIENTO DE SALUD SIN INTERNAMIENTO","condicion":"ACTIVO","actualizado":"2023/08/01 19:00:00.000","fuente":"MINSA","urlRenipr":"http://app20.susalud.gob.pe:8080/registro-renipress-webapp/ipress.htm?action=mostrarVer&idipress=00029941"}},{"type":"Feature","geometry":{"type":"Point","coordinates":[-71.95883661999994,-13.523813679999932]},"properties":{"objectid":18661,"nombre":"PSICOMED","departamento":"CUSCO","provincia":"CUSCO","distrito":"WANCHAQ","institucion":"PRIVADO","codigoMinsa":16469,"direccion":"AVENIDA AVENIDA MICAELA BASTIDAS 405-A, 1ER PISO OFC. 01, 2DO PISO Y 3ER. PISO DISTRITO WANCHAQ PROVINCIA CUSCO DEPARTAMENTO CUSCO","disa":"CUSCO","red":"NO PERTENECE A NINGUNA RED","microrred":"NO PERTENECE A NINGUNA MICRORED","categoria":"ESTABLECIMIENTO DE SALUD SIN INTERNAMIENTO","condicion":"ACTIVO","actualizado":"2023/08/01 19:00:00.000","fuente":"MINSA","urlRenipr":"http://app20.susalud.gob.pe:8080/registro-renipress-webapp/ipress.htm?action=mostrarVer&idipress=00016469"}},{"type":"Feature","geometry":{"type":"Point","coordinates":[-71.96751959999995,-13.530839599999979]},"properties":{"objectid":18723,"nombre":"CENTRO DE DIALISIS KUSAQ S.A.C. - CENKUS SAC","departamento":"CUSCO","provincia":"CUSCO","distrito":"WANCHAQ","institucion":"PRIVADO","codigoMinsa":28233,"direccion":"AVENIDA LA PAZ LOTE 731 DISTRITO WANCHAQ PROVINCIA CUSCO DEPARTAMENTO CUSCO","disa":"CUSCO","red":"NO PERTENECE A NINGUNA RED","microrred":"NO PERTENECE A NINGUNA MICRORED","categoria":"SERVICIO MÉDICO DE APOYO","condicion":"ACTIVO","actualizado":"2023/08/01 19:00:00.000","fuente":"MINSA","urlRenipr":"http://app20.susalud.gob.pe:8080/registro-renipress-webapp/ipress.htm?action=mostrarVer&idipress=00028233"}},{"type":"Feature","geometry":{"type":"Point","coordinates":[-71.96472785999998,-13.52199294999997]},"properties":{"objectid":18739,"nombre":"GRUPO VISUAL VER MEJOR","departamento":"CUSCO","provincia":"CUSCO","distrito":"WANCHAQ","institucion":"PRIVADO","codigoMinsa":28716,"direccion":"AVENIDA DE LA CULTURA EDIFICIO SANTA FE TIENDA 01 NÚMERO 738 PISO 1 DISTRITO WANCHAQ PROVINCIA CUSCO DEPARTAMENTO CUSCO","disa":"CUSCO","red":"NO PERTENECE A NINGUNA RED","microrred":"NO PERTENECE A NINGUNA MICRORED","categoria":"ESTABLECIMIENTO DE SALUD SIN INTERNAMIENTO","condicion":"ACTIVO","actualizado":"2023/08/01 19:00:00.000","fuente":"MINSA","urlRenipr":"http://app20.susalud.gob.pe:8080/registro-renipress-webapp/ipress.htm?action=mostrarVer&idipress=00028716"}},{"type":"Feature","geometry":{"type":"Point","coordinates":[-71.96099972999997,-13.526972709999939]},"properties":{"objectid":18794,"nombre":"ESPELIA","departamento":"CUSCO","provincia":"CUSCO","distrito":"WANCHAQ","institucion":"PRIVADO","codigoMinsa":28996,"direccion":"JIRÓN LIBERTAD PISO 2 MANZANA H LOTE B2 URBANIZACIÓN SAN FRANCISCO DISTRITO WANCHAQ PROVINCIA CUSCO DEPARTAMENTO CUSCO","disa":"CUSCO","red":"NO PERTENECE A NINGUNA RED","microrred":"NO PERTENECE A NINGUNA MICRORED","categoria":"ESTABLECIMIENTO DE SALUD SIN INTERNAMIENTO","condicion":"ACTIVO","actualizado":"2023/08/01 19:00:00.000","fuente":"MINSA","urlRenipr":"http://app20.susalud.gob.pe:8080/registro-renipress-webapp/ipress.htm?action=mostrarVer&idipress=00028996"}},{"type":"Feature","geometry":{"type":"Point","coordinates":[-71.96820069999995,-13.531865099999948]},"properties":{"objectid":18802,"nombre":"DERMAMEDIC YURI","departamento":"CUSCO","provincia":"CUSCO","distrito":"WANCHAQ","institucion":"PRIVADO","codigoMinsa":31232,"direccion":"URBANIZACIÓN EL OVALO PISO 3 Y 4, OVALO PACHACUTEC MANZANA C LOTE 04 DISTRITO WANCHAQ PROVINCIA CUSCO DEPARTAMENTO CUSCO","disa":"CUSCO","red":"","microrred":"","categoria":"ESTABLECIMIENTO DE SALUD SIN INTERNAMIENTO","condicion":"ACTIVO","actualizado":"2023/08/01 19:00:00.000","fuente":"MINSA","urlRenipr":"http://app20.susalud.gob.pe:8080/registro-renipress-webapp/ipress.htm?action=mostrarVer&idipress=00031232"}},{"type":"Feature","geometry":{"type":"Point","coordinates":[-71.96016019999996,-13.524091059999932]},"properties":{"objectid":18808,"nombre":"BARCELONA","departamento":"CUSCO","provincia":"CUSCO","distrito":"WANCHAQ","institucion":"PRIVADO","codigoMinsa":29626,"direccion":"CALLE LLOQUE YUPANQUI NÚMERO 202 INTERIOR 306 MANZANA 257 LOTE FRACCION1B URBANIZACIÓN CHACHACOMAYOC DISTRITO WANCHAQ PROVINCIA CUSCO DEPARTAMENTO CUSCO","disa":"CUSCO","red":"","microrred":"","categoria":"ESTABLECIMIENTO DE SALUD SIN INTERNAMIENTO","condicion":"ACTIVO","actualizado":"2023/08/01 19:00:00.000","fuente":"MINSA","urlRenipr":"http://app20.susalud.gob.pe:8080/registro-renipress-webapp/ipress.htm?action=mostrarVer&idipress=00029626"}},{"type":"Feature","geometry":{"type":"Point","coordinates":[-71.98113641999998,-13.522901889999957]},"properties":{"objectid":18816,"nombre":"ODONTO MAR","departamento":"CUSCO","provincia":"CUSCO","distrito":"CUSCO","institucion":"PRIVADO","codigoMinsa":29623,"direccion":"CALLE TRES CRUCES DE ORO NÚMERO 290 PISO 2 INTERIOR 211 DISTRITO CUSCO PROVINCIA CUSCO DEPARTAMENTO CUSCO","disa":"CUSCO","red":"","microrred":"","categoria":"ESTABLECIMIENTO DE SALUD SIN INTERNAMIENTO","condicion":"ACTIVO","actualizado":"2023/08/01 19:00:00.000","fuente":"MINSA","urlRenipr":"http://app20.susalud.gob.pe:8080/registro-renipress-webapp/ipress.htm?action=mostrarVer&idipress=00029623"}},{"type":"Feature","geometry":{"type":"Point","coordinates":[-71.97034454999994,-13.51534160999995]},"properties":{"objectid":18840,"nombre":"KIN","departamento":"CUSCO","provincia":"CUSCO","distrito":"CUSCO","institucion":"PRIVADO","codigoMinsa":31103,"direccion":"URBANIZACIÓN LUCREPATA MANZANA F LOTE 11 DISTRITO CUSCO PROVINCIA CUSCO DEPARTAMENTO CUSCO","disa":"CUSCO","red":"","microrred":"","categoria":"ESTABLECIMIENTO DE SALUD SIN INTERNAMIENTO","condicion":"ACTIVO","actualizado":"2023/08/01 19:00:00.000","fuente":"MINSA","urlRenipr":"http://app20.susalud.gob.pe:8080/registro-renipress-webapp/ipress.htm?action=mostrarVer&idipress=00031103"}},{"type":"Feature","geometry":{"type":"Point","coordinates":[-71.79916313999996,-14.481734539999934]},"properties":{"objectid":18844,"nombre":"CONSTANCIA","departamento":"CUSCO","provincia":"CHUMBIVILCAS","distrito":"VELILLE","institucion":"PRIVADO","codigoMinsa":16960,"direccion":"OTROS CAMPAMENTO FORTUNIA S/N DEL PROYECTO MINERO CONSTANCIA NÚMERO S/N DISTRITO VELILLE PROVINCIA CHUMBIVILCAS DEPARTAMENTO CUSCO","disa":"CUSCO","red":"NO PERTENECE A NINGUNA RED","microrred":"NO PERTENECE A NINGUNA MICRORED","categoria":"ESTABLECIMIENTO DE SALUD SIN INTERNAMIENTO","condicion":"ACTIVO","actualizado":"2023/08/01 19:00:00.000","fuente":"MINSA","urlRenipr":"http://app20.susalud.gob.pe:8080/registro-renipress-webapp/ipress.htm?action=mostrarVer&idipress=00016960"}},{"type":"Feature","geometry":{"type":"Point","coordinates":[-71.96208709999996,-13.523585799999978]},"properties":{"objectid":18845,"nombre":"VIRGEN DE LAS NIEVES","departamento":"CUSCO","provincia":"CUSCO","distrito":"WANCHAQ","institucion":"PRIVADO","codigoMinsa":30723,"direccion":"AVENIDA MICAELA BASTIDAS OFICINAS 403/601/602 CUARTO Y SEXTO PISO NÚMERO 258 DISTRITO WANCHAQ PROVINCIA CUSCO DEPARTAMENTO CUSCO","disa":"CUSCO","red":"","microrred":"","categoria":"ESTABLECIMIENTO DE SALUD SIN INTERNAMIENTO","condicion":"ACTIVO","actualizado":"2023/08/01 19:00:00.000","fuente":"MINSA","urlRenipr":"http://app20.susalud.gob.pe:8080/registro-renipress-webapp/ipress.htm?action=mostrarVer&idipress=00030723"}},{"type":"Feature","geometry":{"type":"Point","coordinates":[-73.50320818999995,-13.00175368999993]},"properties":{"objectid":18870,"nombre":"BTC LA OROYA N°34 VILLA VIRGEN","departamento":"CUSCO","provincia":"LA CONVENCION","distrito":"VILLA VIRGEN","institucion":"SANIDAD DEL EJERCITO DEL PERU","codigoMinsa":24957,"direccion":"CALLE TAHUANTINSUYO NÚMERO S/N DISTRITO VILLA VIRGEN PROVINCIA LA CONVENCION DEPARTAMENTO CUSCO","disa":"CUSCO","red":"NO PERTENECE A NINGUNA RED","microrred":"NO PERTENECE A NINGUNA MICRORED","categoria":"ESTABLECIMIENTO DE SALUD SIN INTERNAMIENTO","condicion":"ACTIVO","actualizado":"2023/08/01 19:00:00.000","fuente":"MINSA","urlRenipr":"http://app20.susalud.gob.pe:8080/registro-renipress-webapp/ipress.htm?action=mostrarVer&idipress=00024957"}},{"type":"Feature","geometry":{"type":"Point","coordinates":[-72.13122782999994,-13.304041359999928]},"properties":{"objectid":19009,"nombre":"MENTAL COMUNITARIO URUBAMBA","departamento":"CUSCO","provincia":"URUBAMBA","distrito":"URUBAMBA","institucion":"GOBIERNO REGIONAL","codigoMinsa":30666,"direccion":"CALLE 27 DE OCTUBRE S/N, DE LA A.P.V. VALLE SAGRADO DE URUBAMBA URUBAMBA URUBAMBA CUSCO","disa":"CUSCO","red":"CUSCO NORTE","microrred":"URUBAMBA","categoria":"ESTABLECIMIENTO DE SALUD SIN INTERNAMIENTO","condicion":"ACTIVO","actualizado":"2023/08/01 19:00:00.000","fuente":"MINSA","urlRenipr":"http://app20.susalud.gob.pe:8080/registro-renipress-webapp/ipress.htm?action=mostrarVer&idipress=00030666"}},{"type":"Feature","geometry":{"type":"Point","coordinates":[-71.91687457999996,-13.363465879999978]},"properties":{"objectid":19010,"nombre":"LAMAY","departamento":"CUSCO","provincia":"CALCA","distrito":"LAMAY","institucion":"GOBIERNO REGIONAL","codigoMinsa":2344,"direccion":"CALLE CALLE MAYNIQUE SIN NUMERO / LAMAY / CALCA / CUSCO DISTRITO LAMAY PROVINCIA CALCA DEPARTAMENTO CUSCO","disa":"CUSCO","red":"CUSCO NORTE","microrred":"PISAC","categoria":"ESTABLECIMIENTO DE SALUD SIN INTERNAMIENTO","condicion":"ACTIVO","actualizado":"2023/08/01 19:00:00.000","fuente":"MINSA","urlRenipr":"http://app20.susalud.gob.pe:8080/registro-renipress-webapp/ipress.htm?action=mostrarVer&idipress=00002344"}},{"type":"Feature","geometry":{"type":"Point","coordinates":[-71.98932955999999,-13.524661149999929]},"properties":{"objectid":19011,"nombre":"MENTAL SANTIAGO","departamento":"CUSCO","provincia":"CUSCO","distrito":"SANTIAGO","institucion":"GOBIERNO REGIONAL","codigoMinsa":26182,"direccion":"PASAJE RDO. PADRE MANYA S/N ANTIGUO TERMINAL DE PASO QUILLABAMBA SANTIAGO CUSCO CUSCO","disa":"CUSCO","red":"CUSCO NORTE","microrred":"BELEMPAMPA","categoria":"ESTABLECIMIENTO DE SALUD SIN INTERNAMIENTO","condicion":"ACTIVO","actualizado":"2023/08/01 19:00:00.000","fuente":"MINSA","urlRenipr":"http://app20.susalud.gob.pe:8080/registro-renipress-webapp/ipress.htm?action=mostrarVer&idipress=00026182"}},{"type":"Feature","geometry":{"type":"Point","coordinates":[-72.07861863999995,-13.325061189999929]},"properties":{"objectid":19013,"nombre":"YUCAY","departamento":"CUSCO","provincia":"URUBAMBA","distrito":"YUCAY","institucion":"GOBIERNO REGIONAL","codigoMinsa":2551,"direccion":"CALLE CALLE ASUNCION S/N YUCAY / URUBAMBA / CUSCO NÚMERO S/N DISTRITO YUCAY PROVINCIA URUBAMBA DEPARTAMENTO CUSCO","disa":"CUSCO","red":"CUSCO NORTE","microrred":"URUBAMBA","categoria":"ESTABLECIMIENTO DE SALUD SIN INTERNAMIENTO","condicion":"ACTIVO","actualizado":"2023/08/01 19:00:00.000","fuente":"MINSA","urlRenipr":"http://app20.susalud.gob.pe:8080/registro-renipress-webapp/ipress.htm?action=mostrarVer&idipress=00002551"}},{"type":"Feature","geometry":{"type":"Point","coordinates":[-72.13157970999998,-13.432986639999967]},"properties":{"objectid":19014,"nombre":"CHACAN","departamento":"CUSCO","provincia":"ANTA","distrito":"ANTA","institucion":"GOBIERNO REGIONAL","codigoMinsa":2327,"direccion":"OTROS COMUNIDAD CAMPESINA CHACAN S/N / ANTA / CUSCO NÚMERO S/N DISTRITO ANTA PROVINCIA ANTA DEPARTAMENTO CUSCO","disa":"CUSCO","red":"CUSCO NORTE","microrred":"ANTA","categoria":"ESTABLECIMIENTO DE SALUD SIN INTERNAMIENTO","condicion":"ACTIVO","actualizado":"2023/08/01 19:00:00.000","fuente":"MINSA","urlRenipr":"http://app20.susalud.gob.pe:8080/registro-renipress-webapp/ipress.htm?action=mostrarVer&idipress=00002327"}},{"type":"Feature","geometry":{"type":"Point","coordinates":[-71.98872212999999,-13.528520069999956]},"properties":{"objectid":19015,"nombre":"DIGNIDAD NACIONAL","departamento":"CUSCO","provincia":"CUSCO","distrito":"SANTIAGO","institucion":"GOBIERNO REGIONAL","codigoMinsa":2309,"direccion":"CALLE CALLE MARCONA S/N / SANTIAGO / CUSCO S/N CALLE MARCONA S/N / SANTIAGO / CUSCO SANTIAGO CUSCO CUSCO","disa":"CUSCO","red":"CUSCO NORTE","microrred":"BELEMPAMPA","categoria":"ESTABLECIMIENTO DE SALUD SIN INTERNAMIENTO","condicion":"ACTIVO","actualizado":"2023/08/01 19:00:00.000","fuente":"MINSA","urlRenipr":"http://app20.susalud.gob.pe:8080/registro-renipress-webapp/ipress.htm?action=mostrarVer&idipress=00002309"}},{"type":"Feature","geometry":{"type":"Point","coordinates":[-71.95757657999997,-13.52511254999996]},"properties":{"objectid":19771,"nombre":"MEDICAL CUSCO","departamento":"CUSCO","provincia":"CUSCO","distrito":"WANCHAQ","institucion":"PRIVADO","codigoMinsa":28312,"direccion":"CALLE MICAELA BASTIDAS NÚMERO 1023 PISO 1 DISTRITO WANCHAQ PROVINCIA CUSCO DEPARTAMENTO CUSCO","disa":"CUSCO","red":"NO PERTENECE A NINGUNA RED","microrred":"NO PERTENECE A NINGUNA MICRORED","categoria":"ESTABLECIMIENTO DE SALUD SIN INTERNAMIENTO","condicion":"ACTIVO","actualizado":"2023/08/01 19:00:00.000","fuente":"MINSA","urlRenipr":"http://app20.susalud.gob.pe:8080/registro-renipress-webapp/ipress.htm?action=mostrarVer&idipress=00028312"}},{"type":"Feature","geometry":{"type":"Point","coordinates":[-73.82710239999994,-12.517753199999959]},"properties":{"objectid":20016,"nombre":"MARIA AUXILIADORA","departamento":"CUSCO","provincia":"LA CONVENCION","distrito":"PICHARI","institucion":"PRIVADO","codigoMinsa":28751,"direccion":"JIRÓN CÉSAR VALLEJO SECTOR VILLA VISTA NÚMERO 226 PISO 1 INTERIOR 1 MANZANA H1 LOTE 17 DISTRITO PICHARI PROVINCIA LA CONVENCION DEPARTAMENTO CUSCO","disa":"CUSCO","red":"NO PERTENECE A NINGUNA RED","microrred":"NO PERTENECE A NINGUNA MICRORED","categoria":"ESTABLECIMIENTO DE SALUD SIN INTERNAMIENTO","condicion":"ACTIVO","actualizado":"2023/08/01 19:00:00.000","fuente":"MINSA","urlRenipr":"http://app20.susalud.gob.pe:8080/registro-renipress-webapp/ipress.htm?action=mostrarVer&idipress=00028751"}},{"type":"Feature","geometry":{"type":"Point","coordinates":[-71.96436099999994,-13.529589999999928]},"properties":{"objectid":20026,"nombre":"SERVICUSCO VIAL","departamento":"CUSCO","provincia":"CUSCO","distrito":"WANCHAQ","institucion":"PRIVADO","codigoMinsa":26865,"direccion":"JIRÓN CAJAMARCA N?ERO 3 PISO 1 MANZANA N LOTE A URBANIZACI? SAN BORJA DISTRITO WANCHAQ PROVINCIA CUSCO DEPARTAMENTO CUSCO","disa":"CUSCO","red":"NO PERTENECE A NINGUNA RED","microrred":"NO PERTENECE A NINGUNA MICRORED","categoria":"ESTABLECIMIENTO DE SALUD SIN INTERNAMIENTO","condicion":"ACTIVO","actualizado":"2023/08/01 19:00:00.000","fuente":"MINSA","urlRenipr":"http://app20.susalud.gob.pe:8080/registro-renipress-webapp/ipress.htm?action=mostrarVer&idipress=00026865"}},{"type":"Feature","geometry":{"type":"Point","coordinates":[-71.96746259999998,-13.531949999999938]},"properties":{"objectid":20057,"nombre":"TERAPIAS MEDIFRAN","departamento":"CUSCO","provincia":"CUSCO","distrito":"CUSCO","institucion":"PRIVADO","codigoMinsa":23571,"direccion":"AVENIDA FORTUNATO HERRERA NÚMERO 227 MANZANA D LOTE 3 URBANIZACIÓN MAGISTERIO PRIMERA ETAPA DISTRITO CUSCO PROVINCIA CUSCO DEPARTAMENTO CUSCO","disa":"CUSCO","red":"","microrred":"NO PERTENECE A NINGUNA MICRORED","categoria":"ESTABLECIMIENTO DE SALUD SIN INTERNAMIENTO","condicion":"ACTIVO","actualizado":"2023/08/01 19:00:00.000","fuente":"MINSA","urlRenipr":"http://app20.susalud.gob.pe:8080/registro-renipress-webapp/ipress.htm?action=mostrarVer&idipress=00023571"}},{"type":"Feature","geometry":{"type":"Point","coordinates":[-72.69179832999998,-12.627128329999948]},"properties":{"objectid":20260,"nombre":"PALMA REAL","departamento":"CUSCO","provincia":"LA CONVENCION","distrito":"ECHARATE","institucion":"GOBIERNO REGIONAL","codigoMinsa":2439,"direccion":"OTROS CENTRO POBLADO PALMA REAL / ECHARATE / LA CONVENCION / CUSCO CENTRO POBLADO PALMA REAL / ECHARATE / LA CONVENCION / CUSCO ECHARATE LA CONVENCION CUSCO","disa":"CUSCO","red":"LA CONVENCION","microrred":"SANTA ANA","categoria":"ESTABLECIMIENTO DE SALUD CON INTERNAMIENTO","condicion":"ACTIVO","actualizado":"2023/08/01 19:00:00.000","fuente":"MINSA","urlRenipr":"http://app20.susalud.gob.pe:8080/registro-renipress-webapp/ipress.htm?action=mostrarVer&idipress=00002439"}},{"type":"Feature","geometry":{"type":"Point","coordinates":[-71.90287490999998,-13.533055679999961]},"properties":{"objectid":20303,"nombre":"INTERSALUD","departamento":"CUSCO","provincia":"CUSCO","distrito":"SAN JERONIMO","institucion":"PRIVADO","codigoMinsa":27108,"direccion":"CALLE LOS KISWARES MANZANA E4 LOTE 9 URBANIZACI? LARAPA GRANDE DISTRITO SAN JERONIMO PROVINCIA CUSCO DEPARTAMENTO CUSCO","disa":"CUSCO","red":"NO PERTENECE A NINGUNA RED","microrred":"NO PERTENECE A NINGUNA MICRORED","categoria":"ESTABLECIMIENTO DE SALUD CON INTERNAMIENTO","condicion":"ACTIVO","actualizado":"2023/08/01 19:00:00.000","fuente":"MINSA","urlRenipr":"http://app20.susalud.gob.pe:8080/registro-renipress-webapp/ipress.htm?action=mostrarVer&idipress=00027108"}},{"type":"Feature","geometry":{"type":"Point","coordinates":[-71.93243420999994,-13.535531369999944]},"properties":{"objectid":20381,"nombre":"PULSOLAB","departamento":"CUSCO","provincia":"CUSCO","distrito":"WANCHAQ","institucion":"PRIVADO","codigoMinsa":31155,"direccion":"AVENIDA de la cultura NÚMERO 1524 DISTRITO WANCHAQ PROVINCIA CUSCO DEPARTAMENTO CUSCO","disa":"CUSCO","red":"","microrred":"","categoria":"SERVICIO MÉDICO DE APOYO","condicion":"ACTIVO","actualizado":"2023/08/01 19:00:00.000","fuente":"MINSA","urlRenipr":"http://app20.susalud.gob.pe:8080/registro-renipress-webapp/ipress.htm?action=mostrarVer&idipress=00031155"}},{"type":"Feature","geometry":{"type":"Point","coordinates":[-71.94342050999995,-13.525152739999953]},"properties":{"objectid":20440,"nombre":"CHARITYVISION","departamento":"CUSCO","provincia":"CUSCO","distrito":"CUSCO","institucion":"PRIVADO","codigoMinsa":31166,"direccion":"URBANIZACIÓN QUISPICANCHI MANZANA F LOTE 11 DISTRITO CUSCO PROVINCIA CUSCO DEPARTAMENTO CUSCO","disa":"CUSCO","red":"","microrred":"","categoria":"ESTABLECIMIENTO DE SALUD SIN INTERNAMIENTO","condicion":"ACTIVO","actualizado":"2023/08/01 19:00:00.000","fuente":"MINSA","urlRenipr":"http://app20.susalud.gob.pe:8080/registro-renipress-webapp/ipress.htm?action=mostrarVer&idipress=00031166"}},{"type":"Feature","geometry":{"type":"Point","coordinates":[-71.95995240999997,-13.523855409999953]},"properties":{"objectid":20501,"nombre":"GRUPO MEDICO J&M SAC","departamento":"CUSCO","provincia":"CUSCO","distrito":"WANCHAQ","institucion":"PRIVADO","codigoMinsa":31380,"direccion":"AVENIDA LOS INCAS NÚMERO 700 URBANIZACIÓN CONSTANCIA DISTRITO WANCHAQ PROVINCIA CUSCO DEPARTAMENTO CUSCO","disa":"CUSCO","red":"","microrred":"","categoria":"ESTABLECIMIENTO DE SALUD SIN INTERNAMIENTO","condicion":"ACTIVO","actualizado":"2023/08/01 19:00:00.000","fuente":"MINSA","urlRenipr":"http://app20.susalud.gob.pe:8080/registro-renipress-webapp/ipress.htm?action=mostrarVer&idipress=00031380"}},{"type":"Feature","geometry":{"type":"Point","coordinates":[-71.90932162999997,-13.53343598999993]},"properties":{"objectid":20554,"nombre":"MENTAL SAN SEBASTIAN","departamento":"CUSCO","provincia":"CUSCO","distrito":"SAN SEBASTIAN","institucion":"GOBIERNO REGIONAL","codigoMinsa":26181,"direccion":"CALLE ESMERALDA S/N 1 JUNTO A L COMPAÑIA DE BOMBEROS Y AL POLICLINICO DE ESSALUD SAN SEBASTIAN SAN SEBASTIAN CUSCO CUSCO","disa":"CUSCO","red":"CUSCO SUR","microrred":"CUSCO","categoria":"ESTABLECIMIENTO DE SALUD SIN INTERNAMIENTO","condicion":"ACTIVO","actualizado":"2023/08/01 19:00:00.000","fuente":"MINSA","urlRenipr":"http://app20.susalud.gob.pe:8080/registro-renipress-webapp/ipress.htm?action=mostrarVer&idipress=00026181"}},{"type":"Feature","geometry":{"type":"Point","coordinates":[-71.70393950999994,-14.067091199999936]},"properties":{"objectid":20555,"nombre":"SANTA LUCIA","departamento":"CUSCO","provincia":"ACOMAYO","distrito":"POMACANCHI","institucion":"GOBIERNO REGIONAL","codigoMinsa":12926,"direccion":"OTROS COMUNIDAD CAMPESINA DE SANTA LUCIA DISTRITO POMACANCHI PROVINCIA ACOMAYO DEPARTAMENTO CUSCO","disa":"CUSCO","red":"CUSCO SUR","microrred":"ACOMAYO","categoria":"ESTABLECIMIENTO DE SALUD SIN INTERNAMIENTO","condicion":"ACTIVO","actualizado":"2023/08/01 19:00:00.000","fuente":"MINSA","urlRenipr":"http://app20.susalud.gob.pe:8080/registro-renipress-webapp/ipress.htm?action=mostrarVer&idipress=00012926"}},{"type":"Feature","geometry":{"type":"Point","coordinates":[-71.65279636999998,-13.420059159999937]},"properties":{"objectid":20556,"nombre":"VIZCOCHONI","departamento":"CUSCO","provincia":"PAUCARTAMBO","distrito":"COLQUEPATA","institucion":"GOBIERNO REGIONAL","codigoMinsa":2518,"direccion":"OTROS CENTRO POBLADO VIZCOCHONI /COLQUEPATA / PAUCARTAMBO / CUSCO DISTRITO COLQUEPATA PROVINCIA PAUCARTAMBO DEPARTAMENTO CUSCO","disa":"CUSCO","red":"CUSCO SUR","microrred":"PAUCARTAMBO","categoria":"ESTABLECIMIENTO DE SALUD SIN INTERNAMIENTO","condicion":"ACTIVO","actualizado":"2023/08/01 19:00:00.000","fuente":"MINSA","urlRenipr":"http://app20.susalud.gob.pe:8080/registro-renipress-webapp/ipress.htm?action=mostrarVer&idipress=00002518"}},{"type":"Feature","geometry":{"type":"Point","coordinates":[-71.67321473999993,-13.36057994999993]},"properties":{"objectid":20557,"nombre":"COLQUEPATA","departamento":"CUSCO","provincia":"PAUCARTAMBO","distrito":"COLQUEPATA","institucion":"GOBIERNO REGIONAL","codigoMinsa":2516,"direccion":"JIRÓN JIRÓN PÉREZ ARMENDÁRIZ S/N / COLQUEPATA / PAUCARTAMBO / CUSCO S/N JIRÓN PÉREZ ARMENDÁRIZ S/N / COLQUEPATA / PAUCARTAMBO / CUSCO COLQUEPATA PAUCARTAMBO CUSCO","disa":"CUSCO","red":"CUSCO SUR","microrred":"PAUCARTAMBO","categoria":"ESTABLECIMIENTO DE SALUD SIN INTERNAMIENTO","condicion":"ACTIVO","actualizado":"2023/08/01 19:00:00.000","fuente":"MINSA","urlRenipr":"http://app20.susalud.gob.pe:8080/registro-renipress-webapp/ipress.htm?action=mostrarVer&idipress=00002516"}},{"type":"Feature","geometry":{"type":"Point","coordinates":[-71.82580274999998,-13.572557569999958]},"properties":{"objectid":20558,"nombre":"SAYLLA","departamento":"CUSCO","provincia":"CUSCO","distrito":"SAYLLA","institucion":"GOBIERNO REGIONAL","codigoMinsa":2314,"direccion":"AVENIDA AVENIDA CUSCO S/N / SAYLLA / CUSCO / CUSCO NÚMERO S/N DISTRITO SAYLLA PROVINCIA CUSCO DEPARTAMENTO CUSCO","disa":"CUSCO","red":"CUSCO SUR","microrred":"CUSCO","categoria":"ESTABLECIMIENTO DE SALUD SIN INTERNAMIENTO","condicion":"ACTIVO","actualizado":"2023/08/01 19:00:00.000","fuente":"MINSA","urlRenipr":"http://app20.susalud.gob.pe:8080/registro-renipress-webapp/ipress.htm?action=mostrarVer&idipress=00002314"}},{"type":"Feature","geometry":{"type":"Point","coordinates":[-71.95977598999997,-13.524306729999978]},"properties":{"objectid":20627,"nombre":"NIÑO DE CORAZON DE JESUS J&J”","departamento":"CUSCO","provincia":"CUSCO","distrito":"WANCHAQ","institucion":"PRIVADO","codigoMinsa":30489,"direccion":"AVENIDA MICAELA BASTIDAS NÚMERO 609 PISO 4 DEPARTAMENTO 402 DISTRITO WANCHAQ PROVINCIA CUSCO DEPARTAMENTO CUSCO","disa":"CUSCO","red":"","microrred":"","categoria":"ESTABLECIMIENTO DE SALUD SIN INTERNAMIENTO","condicion":"ACTIVO","actualizado":"2023/08/01 19:00:00.000","fuente":"MINSA","urlRenipr":"http://app20.susalud.gob.pe:8080/registro-renipress-webapp/ipress.htm?action=mostrarVer&idipress=00030489"}},{"type":"Feature","geometry":{"type":"Point","coordinates":[-71.95913628999995,-13.53424758999995]},"properties":{"objectid":20650,"nombre":"VENPSI","departamento":"CUSCO","provincia":"CUSCO","distrito":"WANCHAQ","institucion":"PRIVADO","codigoMinsa":27109,"direccion":"PASAJE JAVIER HERAUD N?ERO A DEPARTAMENTO 2 MANZANA 2 LOTE 5 URBANIZACI? TTIO DISTRITO WANCHAQ PROVINCIA CUSCO DEPARTAMENTO CUSCO","disa":"CUSCO","red":"NO PERTENECE A NINGUNA RED","microrred":"NO PERTENECE A NINGUNA MICRORED","categoria":"ESTABLECIMIENTO DE SALUD SIN INTERNAMIENTO","condicion":"ACTIVO","actualizado":"2023/08/01 19:00:00.000","fuente":"MINSA","urlRenipr":"http://app20.susalud.gob.pe:8080/registro-renipress-webapp/ipress.htm?action=mostrarVer&idipress=00027109"}},{"type":"Feature","geometry":{"type":"Point","coordinates":[-71.95318651999997,-13.525059659999954]},"properties":{"objectid":20652,"nombre":"ADVANCED DENTAL CARE","departamento":"CUSCO","provincia":"CUSCO","distrito":"CUSCO","institucion":"PRIVADO","codigoMinsa":26867,"direccion":"AVENIDA LA CULTURA 2do y 3er piso MANZANA M LOTE 8 URBANIZACI? MANUEL PRADO DISTRITO CUSCO PROVINCIA CUSCO DEPARTAMENTO CUSCO","disa":"CUSCO","red":"NO PERTENECE A NINGUNA RED","microrred":"NO PERTENECE A NINGUNA MICRORED","categoria":"ESTABLECIMIENTO DE SALUD SIN INTERNAMIENTO","condicion":"ACTIVO","actualizado":"2023/08/01 19:00:00.000","fuente":"MINSA","urlRenipr":"http://app20.susalud.gob.pe:8080/registro-renipress-webapp/ipress.htm?action=mostrarVer&idipress=00026867"}},{"type":"Feature","geometry":{"type":"Point","coordinates":[-72.01547832999995,-14.645208329999946]},"properties":{"objectid":20665,"nombre":"PULPERA","departamento":"CUSCO","provincia":"CHUMBIVILCAS","distrito":"SANTO TOMAS","institucion":"GOBIERNO REGIONAL","codigoMinsa":2399,"direccion":"OTROS COMUNIDAD PULPERA CONDES / SANTO TOMÁS / CHUMBIVILCAS / CUSCO COMUNIDAD PULPERA CONDES / SANTO TOMÁS / CHUMBIVILCAS / CUSCO SANTO TOMAS CHUMBIVILCAS CUSCO","disa":"CUSCO","red":"CHUMBIVILCAS","microrred":"SANTO TOMAS","categoria":"ESTABLECIMIENTO DE SALUD SIN INTERNAMIENTO","condicion":"ACTIVO","actualizado":"2023/08/01 19:00:00.000","fuente":"MINSA","urlRenipr":"http://app20.susalud.gob.pe:8080/registro-renipress-webapp/ipress.htm?action=mostrarVer&idipress=00002399"}},{"type":"Feature","geometry":{"type":"Point","coordinates":[-71.89695666999995,-14.262161669999955]},"properties":{"objectid":20666,"nombre":"INGATA","departamento":"CUSCO","provincia":"CHUMBIVILCAS","distrito":"CHAMACA","institucion":"GOBIERNO REGIONAL","codigoMinsa":16329,"direccion":"OTROS COMUNIDAD CAMPESINA INGATA, DISTRITO DE CHAMACA, PROVINCIA CHUMBIVILCAS DISTRITO CHAMACA PROVINCIA CHUMBIVILCAS DEPARTAMENTO CUSCO","disa":"CUSCO","red":"CHUMBIVILCAS","microrred":"LIVITACA","categoria":"ESTABLECIMIENTO DE SALUD SIN INTERNAMIENTO","condicion":"ACTIVO","actualizado":"2023/08/01 19:00:00.000","fuente":"MINSA","urlRenipr":"http://app20.susalud.gob.pe:8080/registro-renipress-webapp/ipress.htm?action=mostrarVer&idipress=00016329"}},{"type":"Feature","geometry":{"type":"Point","coordinates":[-71.96715340999998,-13.528205409999941]},"properties":{"objectid":20668,"nombre":"AP KUMARAMED","departamento":"CUSCO","provincia":"CUSCO","distrito":"WANCHAQ","institucion":"PRIVADO","codigoMinsa":28975,"direccion":"CALLE JOSE MARIA ARGUEDAS MANZANA B LOTE 9 URBANIZACIÓN MATEO PUMACAHUA DISTRITO WANCHAQ PROVINCIA CUSCO DEPARTAMENTO CUSCO","disa":"CUSCO","red":"NO PERTENECE A NINGUNA RED","microrred":"NO PERTENECE A NINGUNA MICRORED","categoria":"ESTABLECIMIENTO DE SALUD SIN INTERNAMIENTO","condicion":"ACTIVO","actualizado":"2023/08/01 19:00:00.000","fuente":"MINSA","urlRenipr":"http://app20.susalud.gob.pe:8080/registro-renipress-webapp/ipress.htm?action=mostrarVer&idipress=00028975"}},{"type":"Feature","geometry":{"type":"Point","coordinates":[-72.53336469999994,-13.182684399999971]},"properties":{"objectid":20697,"nombre":"EGEMSA REPRESA KM 107","departamento":"CUSCO","provincia":"URUBAMBA","distrito":"MACHUPICCHU","institucion":"PRIVADO","codigoMinsa":20254,"direccion":"OTROS REPRESA EGEMSA KM 107 DISTRITO MACHUPICCHU PROVINCIA URUBAMBA DEPARTAMENTO CUSCO","disa":"CUSCO","red":"NO PERTENECE A NINGUNA RED","microrred":"NO PERTENECE A NINGUNA MICRORED","categoria":"ESTABLECIMIENTO DE SALUD SIN INTERNAMIENTO","condicion":"ACTIVO","actualizado":"2023/08/01 19:00:00.000","fuente":"MINSA","urlRenipr":"http://app20.susalud.gob.pe:8080/registro-renipress-webapp/ipress.htm?action=mostrarVer&idipress=00020254"}},{"type":"Feature","geometry":{"type":"Point","coordinates":[-71.12806675999997,-15.053694229999962]},"properties":{"objectid":20732,"nombre":"OCCORURO","departamento":"CUSCO","provincia":"ESPINAR","distrito":"OCORURO","institucion":"GOBIERNO REGIONAL","codigoMinsa":2415,"direccion":"CALLE CALLE ESPINAR S/N / OCCORURO / ESPINAR / CUSCO NÚMERO S/N DISTRITO OCORURO PROVINCIA ESPINAR DEPARTAMENTO CUSCO","disa":"CUSCO","red":"CANAS-CANCHIS-ESPINAR","microrred":"YAURI","categoria":"ESTABLECIMIENTO DE SALUD SIN INTERNAMIENTO","condicion":"ACTIVO","actualizado":"2023/08/01 19:00:00.000","fuente":"MINSA","urlRenipr":"http://app20.susalud.gob.pe:8080/registro-renipress-webapp/ipress.htm?action=mostrarVer&idipress=00002415"}},{"type":"Feature","geometry":{"type":"Point","coordinates":[-71.41212499999995,-14.789584499999933]},"properties":{"objectid":20733,"nombre":"MENTAL COMUNITARIO ESPINAR \"MUSUQ KAWSAY\"","departamento":"CUSCO","provincia":"ESPINAR","distrito":"ESPINAR","institucion":"GOBIERNO REGIONAL","codigoMinsa":30366,"direccion":"JIRÓN CUSCO S/N ESQUINA JR CUSCO CON CALLE LADISLAO ESPINAR ESPINAR ESPINAR CUSCO","disa":"CUSCO","red":"CANAS-CANCHIS-ESPINAR","microrred":"YAURI","categoria":"ESTABLECIMIENTO DE SALUD SIN INTERNAMIENTO","condicion":"ACTIVO","actualizado":"2023/08/01 19:00:00.000","fuente":"MINSA","urlRenipr":"http://app20.susalud.gob.pe:8080/registro-renipress-webapp/ipress.htm?action=mostrarVer&idipress=00030366"}},{"type":"Feature","geometry":{"type":"Point","coordinates":[-71.96928701999997,-13.523819079999953]},"properties":{"objectid":20779,"nombre":"SALAZAR","departamento":"CUSCO","provincia":"CUSCO","distrito":"WANCHAQ","institucion":"PRIVADO","codigoMinsa":28992,"direccion":"AVENIDA Manco Capac NÚMERO 517 PISO 1 DISTRITO WANCHAQ PROVINCIA CUSCO DEPARTAMENTO CUSCO","disa":"CUSCO","red":"NO PERTENECE A NINGUNA RED","microrred":"NO PERTENECE A NINGUNA MICRORED","categoria":"ESTABLECIMIENTO DE SALUD SIN INTERNAMIENTO","condicion":"ACTIVO","actualizado":"2023/08/01 19:00:00.000","fuente":"MINSA","urlRenipr":"http://app20.susalud.gob.pe:8080/registro-renipress-webapp/ipress.htm?action=mostrarVer&idipress=00028992"}},{"type":"Feature","geometry":{"type":"Point","coordinates":[-71.96123987999994,-13.523865839999928]},"properties":{"objectid":20793,"nombre":"DAVID ACURIO ZARATE","departamento":"CUSCO","provincia":"CUSCO","distrito":"WANCHAQ","institucion":"PRIVADO","codigoMinsa":15488,"direccion":"AVENIDA AVENIDA MICAELA BASTIDAS Nº 258 OFICINA 801 (EDIFICIO EL ROBLE) DISTRITO WANCHAQ PROVINCIA CUSCO DEPARTAMENTO CUSCO","disa":"CUSCO","red":"NO PERTENECE A NINGUNA RED","microrred":"NO PERTENECE A NINGUNA MICRORED","categoria":"SERVICIO MÉDICO DE APOYO","condicion":"ACTIVO","actualizado":"2023/08/01 19:00:00.000","fuente":"MINSA","urlRenipr":"http://app20.susalud.gob.pe:8080/registro-renipress-webapp/ipress.htm?action=mostrarVer&idipress=00015488"}},{"type":"Feature","geometry":{"type":"Point","coordinates":[-71.96871085999999,-13.523531529999957]},"properties":{"objectid":20825,"nombre":"ODONTO SALUD CUSCO","departamento":"CUSCO","provincia":"CUSCO","distrito":"WANCHAQ","institucion":"PRIVADO","codigoMinsa":29187,"direccion":"AVENIDA TACNA OFICINA 201 NÚMERO 222 PISO 2 DISTRITO WANCHAQ PROVINCIA CUSCO DEPARTAMENTO CUSCO","disa":"CUSCO","red":"NO PERTENECE A NINGUNA RED","microrred":"NO PERTENECE A NINGUNA MICRORED","categoria":"ESTABLECIMIENTO DE SALUD SIN INTERNAMIENTO","condicion":"ACTIVO","actualizado":"2023/08/01 19:00:00.000","fuente":"MINSA","urlRenipr":"http://app20.susalud.gob.pe:8080/registro-renipress-webapp/ipress.htm?action=mostrarVer&idipress=00029187"}},{"type":"Feature","geometry":{"type":"Point","coordinates":[-71.96217327999994,-13.525242769999977]},"properties":{"objectid":20916,"nombre":"SAN CRISTOBAL","departamento":"CUSCO","provincia":"CUSCO","distrito":"WANCHAQ","institucion":"PRIVADO","codigoMinsa":24953,"direccion":"AVENIDA MICAELA BASTIDAS PRIMER Y SEGUNDO PISO NÚMERO 427 DISTRITO WANCHAQ PROVINCIA CUSCO DEPARTAMENTO CUSCO","disa":"","red":"","microrred":"","categoria":"ESTABLECIMIENTO DE SALUD SIN INTERNAMIENTO","condicion":"RUC INACTIVO EN SUNAT","actualizado":"2023/08/01 19:00:00.000","fuente":"MINSA","urlRenipr":"http://app20.susalud.gob.pe:8080/registro-renipress-webapp/ipress.htm?action=mostrarVer&idipress=00024953"}},{"type":"Feature","geometry":{"type":"Point","coordinates":[-71.96128001999995,-13.52617601999998]},"properties":{"objectid":20922,"nombre":"C.I.O.","departamento":"CUSCO","provincia":"CUSCO","distrito":"WANCHAQ","institucion":"PRIVADO","codigoMinsa":29404,"direccion":"AVENIDA HUAYRUROPATA NÚMERO 1305 PISO 2 DISTRITO WANCHAQ PROVINCIA CUSCO DEPARTAMENTO CUSCO","disa":"CUSCO","red":"","microrred":"","categoria":"ESTABLECIMIENTO DE SALUD SIN INTERNAMIENTO","condicion":"ACTIVO","actualizado":"2023/08/01 19:00:00.000","fuente":"MINSA","urlRenipr":"http://app20.susalud.gob.pe:8080/registro-renipress-webapp/ipress.htm?action=mostrarVer&idipress=00029404"}},{"type":"Feature","geometry":{"type":"Point","coordinates":[-71.95985999999994,-13.524279999999976]},"properties":{"objectid":20934,"nombre":"SANTISIMA CRUZ DE PUCCAMOCCO","departamento":"CUSCO","provincia":"CUSCO","distrito":"WANCHAQ","institucion":"PRIVADO","codigoMinsa":30735,"direccion":"AVENIDA MICAELA BASTIDAS NÚMERO 609 PISO 6 DEPARTAMENTO 601 DISTRITO WANCHAQ PROVINCIA CUSCO DEPARTAMENTO CUSCO","disa":"CUSCO","red":"","microrred":"","categoria":"ESTABLECIMIENTO DE SALUD SIN INTERNAMIENTO","condicion":"ACTIVO","actualizado":"2023/08/01 19:00:00.000","fuente":"MINSA","urlRenipr":"http://app20.susalud.gob.pe:8080/registro-renipress-webapp/ipress.htm?action=mostrarVer&idipress=00030735"}},{"type":"Feature","geometry":{"type":"Point","coordinates":[-71.94714217999996,-13.526713579999978]},"properties":{"objectid":21076,"nombre":"SALUD PSICOMED WANCHAQ","departamento":"CUSCO","provincia":"CUSCO","distrito":"WANCHAQ","institucion":"PRIVADO","codigoMinsa":23966,"direccion":"URBANIZACIÓN CONSTANCIA NÚMERO 12 PISO 3 MANZANA A LOTE 12-B URBANIZACIÓN CONSTANCIA DISTRITO WANCHAQ PROVINCIA CUSCO DEPARTAMENTO CUSCO","disa":"CUSCO","red":"NO PERTENECE A NINGUNA RED","microrred":"NO PERTENECE A NINGUNA MICRORED","categoria":"ESTABLECIMIENTO DE SALUD SIN INTERNAMIENTO","condicion":"ACTIVO","actualizado":"2023/08/01 19:00:00.000","fuente":"MINSA","urlRenipr":"http://app20.susalud.gob.pe:8080/registro-renipress-webapp/ipress.htm?action=mostrarVer&idipress=00023966"}},{"type":"Feature","geometry":{"type":"Point","coordinates":[-71.96133100999998,-13.537657279999962]},"properties":{"objectid":21116,"nombre":"MANCO CAPAC","departamento":"CUSCO","provincia":"CUSCO","distrito":"SANTIAGO","institucion":"GOBIERNO REGIONAL","codigoMinsa":2307,"direccion":"OTROS PUEBLO JOVEN MANCO CAPAC S/N / WANCHAQ / CUSCO S/N PUEBLO JOVEN MANCO CAPAC S/N / WANCHAQ / CUSCO SANTIAGO CUSCO CUSCO","disa":"CUSCO","red":"CUSCO NORTE","microrred":"WANCHAQ","categoria":"ESTABLECIMIENTO DE SALUD SIN INTERNAMIENTO","condicion":"ACTIVO","actualizado":"2023/08/01 19:00:00.000","fuente":"MINSA","urlRenipr":"http://app20.susalud.gob.pe:8080/registro-renipress-webapp/ipress.htm?action=mostrarVer&idipress=00002307"}},{"type":"Feature","geometry":{"type":"Point","coordinates":[-71.94661172999997,-13.052636719999953]},"properties":{"objectid":21117,"nombre":"AMPARAES","departamento":"CUSCO","provincia":"CALCA","distrito":"LARES","institucion":"GOBIERNO REGIONAL","codigoMinsa":2342,"direccion":"CARRETERA CARRETERA TROCHA VALLE DE YANATILE S/N / LARES / CALCA / CUSCO S/N CARRETERA TROCHA VALLE DE YANATILE S/N / LARES / CALCA / CUSCO LARES CALCA CUSCO","disa":"CUSCO","red":"CUSCO NORTE","microrred":"CALCA","categoria":"ESTABLECIMIENTO DE SALUD SIN INTERNAMIENTO","condicion":"ACTIVO","actualizado":"2023/08/01 19:00:00.000","fuente":"MINSA","urlRenipr":"http://app20.susalud.gob.pe:8080/registro-renipress-webapp/ipress.htm?action=mostrarVer&idipress=00002342"}},{"type":"Feature","geometry":{"type":"Point","coordinates":[-72.13711940999997,-12.845518289999973]},"properties":{"objectid":21118,"nombre":"COLCCA YANATILE","departamento":"CUSCO","provincia":"CALCA","distrito":"YANATILE","institucion":"GOBIERNO REGIONAL","codigoMinsa":2357,"direccion":"PROLONGACIÓN PROLONGACION CALLE SAN JOSE S/N LOCALIDAD COLCCA / YANATILE / CALCA / CUSCO NÚMERO S/N DISTRITO YANATILE PROVINCIA CALCA DEPARTAMENTO CUSCO","disa":"CUSCO","red":"CUSCO NORTE","microrred":"YANATILE","categoria":"ESTABLECIMIENTO DE SALUD SIN INTERNAMIENTO","condicion":"ACTIVO","actualizado":"2023/08/01 19:00:00.000","fuente":"MINSA","urlRenipr":"http://app20.susalud.gob.pe:8080/registro-renipress-webapp/ipress.htm?action=mostrarVer&idipress=00002357"}},{"type":"Feature","geometry":{"type":"Point","coordinates":[-72.09762207999995,-12.691142629999945]},"properties":{"objectid":21119,"nombre":"CCORIMAYO","departamento":"CUSCO","provincia":"CALCA","distrito":"YANATILE","institucion":"GOBIERNO REGIONAL","codigoMinsa":2356,"direccion":"OTROS VALLE DE LACCO COMUNIDAD CCORIMAYO/ YANATILE / CALCA / CUSCO DISTRITO YANATILE PROVINCIA CALCA DEPARTAMENTO CUSCO","disa":"CUSCO","red":"CUSCO NORTE","microrred":"YANATILE","categoria":"ESTABLECIMIENTO DE SALUD SIN INTERNAMIENTO","condicion":"ACTIVO","actualizado":"2023/08/01 19:00:00.000","fuente":"MINSA","urlRenipr":"http://app20.susalud.gob.pe:8080/registro-renipress-webapp/ipress.htm?action=mostrarVer&idipress=00002356"}},{"type":"Feature","geometry":{"type":"Point","coordinates":[-71.87951169999997,-12.970214269999929]},"properties":{"objectid":21120,"nombre":"PAROBAMBA","departamento":"CUSCO","provincia":"PAUCARTAMBO","distrito":"CHALLABAMBA","institucion":"GOBIERNO REGIONAL","codigoMinsa":2515,"direccion":"CALLE CALLE PRINCIPAL DE LA COMUNIDAD DE PAROBAMBA /CHALLABAMBA / PAUCARTAMBO / CUSCO CALLE PRINCIPAL DE LA COMUNIDAD DE PAROBAMBA /CHALLABAMBA / PAUCARTAMBO / CUSCO CHALLABAMBA PAUCARTAMBO CUSCO","disa":"CUSCO","red":"CUSCO NORTE","microrred":"CALCA","categoria":"ESTABLECIMIENTO DE SALUD SIN INTERNAMIENTO","condicion":"ACTIVO","actualizado":"2023/08/01 19:00:00.000","fuente":"MINSA","urlRenipr":"http://app20.susalud.gob.pe:8080/registro-renipress-webapp/ipress.htm?action=mostrarVer&idipress=00002515"}},{"type":"Feature","geometry":{"type":"Point","coordinates":[-72.20528440999993,-13.416212739999935]},"properties":{"objectid":21121,"nombre":"HUAROCONDO","departamento":"CUSCO","provincia":"ANTA","distrito":"HUAROCONDO","institucion":"GOBIERNO REGIONAL","codigoMinsa":2333,"direccion":"CALLE CALLE SAN MARTIN S/N HUAROCONDO / ANTA / CUSCO S/N CALLE SAN MARTIN S/N HUAROCONDO / ANTA / CUSCO HUAROCONDO ANTA CUSCO","disa":"CUSCO","red":"CUSCO NORTE","microrred":"ANTA","categoria":"ESTABLECIMIENTO DE SALUD SIN INTERNAMIENTO","condicion":"ACTIVO","actualizado":"2023/08/01 19:00:00.000","fuente":"MINSA","urlRenipr":"http://app20.susalud.gob.pe:8080/registro-renipress-webapp/ipress.htm?action=mostrarVer&idipress=00002333"}},{"type":"Feature","geometry":{"type":"Point","coordinates":[-71.92394832999997,-13.476914999999963]},"properties":{"objectid":21122,"nombre":"CCORAO","departamento":"CUSCO","provincia":"CUSCO","distrito":"SAN SEBASTIAN","institucion":"GOBIERNO REGIONAL","codigoMinsa":2302,"direccion":"OTROS VIA ASFALTADA CUSCO - PISAC LOCALIDAD CCORAO / SAN SEBASTIAN / CUSCO VIA ASFALTADA CUSCO - PISAC LOCALIDAD CCORAO / SAN SEBASTIAN / CUSCO SAN SEBASTIAN CUSCO CUSCO","disa":"CUSCO","red":"CUSCO NORTE","microrred":"WANCHAQ","categoria":"ESTABLECIMIENTO DE SALUD SIN INTERNAMIENTO","condicion":"ACTIVO","actualizado":"2023/08/01 19:00:00.000","fuente":"MINSA","urlRenipr":"http://app20.susalud.gob.pe:8080/registro-renipress-webapp/ipress.htm?action=mostrarVer&idipress=00002302"}},{"type":"Feature","geometry":{"type":"Point","coordinates":[-71.96281812999996,-13.523411619999933]},"properties":{"objectid":21154,"nombre":"SEÑOR DE QOYLLURITI","departamento":"CUSCO","provincia":"CUSCO","distrito":"WANCHAQ","institucion":"PRIVADO","codigoMinsa":29699,"direccion":"AVENIDA MICAELA BASTIDAS PRIMER PISO OFINA 101 Y SOTANO 01 NÚMERO 258 DISTRITO WANCHAQ PROVINCIA CUSCO DEPARTAMENTO CUSCO","disa":"CUSCO","red":"","microrred":"","categoria":"ESTABLECIMIENTO DE SALUD SIN INTERNAMIENTO","condicion":"ACTIVO","actualizado":"2023/08/01 19:00:00.000","fuente":"MINSA","urlRenipr":"http://app20.susalud.gob.pe:8080/registro-renipress-webapp/ipress.htm?action=mostrarVer&idipress=00029699"}},{"type":"Feature","geometry":{"type":"Point","coordinates":[-72.14857824999996,-13.463925939999967]},"properties":{"objectid":21374,"nombre":"O2 - ANTA","departamento":"CUSCO","provincia":"ANTA","distrito":"ANTA","institucion":"PRIVADO","codigoMinsa":29339,"direccion":"CARRETERA IZCUCHACA - ANTA ANTIGUA PRIMER PISO Y SOTANO NÚMERO S/N DISTRITO ANTA PROVINCIA ANTA DEPARTAMENTO CUSCO","disa":"CUSCO","red":"","microrred":"","categoria":"ESTABLECIMIENTO DE SALUD SIN INTERNAMIENTO","condicion":"ACTIVO","actualizado":"2023/08/01 19:00:00.000","fuente":"MINSA","urlRenipr":"http://app20.susalud.gob.pe:8080/registro-renipress-webapp/ipress.htm?action=mostrarVer&idipress=00029339"}},{"type":"Feature","geometry":{"type":"Point","coordinates":[-71.98224726999996,-13.52600640999998]},"properties":{"objectid":21774,"nombre":"GRUPO MEDICO SEÑOR DE HUANCA","departamento":"CUSCO","provincia":"CUSCO","distrito":"SANTIAGO","institucion":"PRIVADO","codigoMinsa":16299,"direccion":"CALLE CALLE GIRALDO RUIZ CARO 621 DISTRITO SANTIAGO PROVINCIA CUSCO DEPARTAMENTO CUSCO","disa":"CUSCO","red":"NO PERTENECE A NINGUNA RED","microrred":"NO PERTENECE A NINGUNA MICRORED","categoria":"ESTABLECIMIENTO DE SALUD SIN INTERNAMIENTO","condicion":"ACTIVO","actualizado":"2023/08/01 19:00:00.000","fuente":"MINSA","urlRenipr":"http://app20.susalud.gob.pe:8080/registro-renipress-webapp/ipress.htm?action=mostrarVer&idipress=00016299"}},{"type":"Feature","geometry":{"type":"Point","coordinates":[-72.52544119999999,-13.154706199999964]},"properties":{"objectid":21779,"nombre":"MEDICAL CUSCO MACHUPICCHU","departamento":"CUSCO","provincia":"URUBAMBA","distrito":"MACHUPICCHU","institucion":"PRIVADO","codigoMinsa":17555,"direccion":"CALLE CALLE WIRACOCHA NRO 100 MACHUPICCHU PUEBLO DISTRITO MACHUPICCHU PROVINCIA URUBAMBA DEPARTAMENTO CUSCO","disa":"","red":"","microrred":"","categoria":"ESTABLECIMIENTO DE SALUD SIN INTERNAMIENTO","condicion":"RETIRO VOLUNTARIO","actualizado":"2023/08/01 19:00:00.000","fuente":"MINSA","urlRenipr":"http://app20.susalud.gob.pe:8080/registro-renipress-webapp/ipress.htm?action=mostrarVer&idipress=00017555"}},{"type":"Feature","geometry":{"type":"Point","coordinates":[-71.95419898999995,-13.525169399999982]},"properties":{"objectid":21798,"nombre":"CERADENT","departamento":"CUSCO","provincia":"CUSCO","distrito":"WANCHAQ","institucion":"PRIVADO","codigoMinsa":29619,"direccion":"AVENIDA DE LA CULTURA INTERIOR C NÚMERO 1522 DISTRITO WANCHAQ PROVINCIA CUSCO DEPARTAMENTO CUSCO","disa":"CUSCO","red":"","microrred":"","categoria":"ESTABLECIMIENTO DE SALUD SIN INTERNAMIENTO","condicion":"ACTIVO","actualizado":"2023/08/01 19:00:00.000","fuente":"MINSA","urlRenipr":"http://app20.susalud.gob.pe:8080/registro-renipress-webapp/ipress.htm?action=mostrarVer&idipress=00029619"}},{"type":"Feature","geometry":{"type":"Point","coordinates":[-71.95428449999997,-13.525153099999955]},"properties":{"objectid":21799,"nombre":"CERAMED","departamento":"CUSCO","provincia":"CUSCO","distrito":"WANCHAQ","institucion":"PRIVADO","codigoMinsa":29224,"direccion":"AVENIDA DE LA CULTURA SOTANO 1522 AL FRENTE DE LA FARMACIA DE LA DIRESA CUSCO WANCHAQ CUSCO CUSCO","disa":"CUSCO","red":"","microrred":"NO PERTENECE A NINGUNA MICRORED","categoria":"SERVICIO MÉDICO DE APOYO","condicion":"ACTIVO","actualizado":"2023/08/01 19:00:00.000","fuente":"MINSA","urlRenipr":"http://app20.susalud.gob.pe:8080/registro-renipress-webapp/ipress.htm?action=mostrarVer&idipress=00029224"}},{"type":"Feature","geometry":{"type":"Point","coordinates":[-73.54199846999995,-12.882683419999978]},"properties":{"objectid":21907,"nombre":"PUEBLO LIBRE","departamento":"CUSCO","provincia":"LA CONVENCION","distrito":"VILLA KINTIARINA","institucion":"GOBIERNO REGIONAL","codigoMinsa":8283,"direccion":"OTROS PUEBLO LIBRE BAJA S/D VILLA KINTIARINA LA CONVENCION CUSCO","disa":"CUSCO","red":"KIMBIRI PICHARI","microrred":"KIMBIRI","categoria":"ESTABLECIMIENTO DE SALUD SIN INTERNAMIENTO","condicion":"ACTIVO","actualizado":"2023/08/01 19:00:00.000","fuente":"MINSA","urlRenipr":"http://app20.susalud.gob.pe:8080/registro-renipress-webapp/ipress.htm?action=mostrarVer&idipress=00008283"}},{"type":"Feature","geometry":{"type":"Point","coordinates":[-73.83995938999993,-12.521344709999937]},"properties":{"objectid":21908,"nombre":"PICHARI BAJA","departamento":"CUSCO","provincia":"LA CONVENCION","distrito":"PICHARI","institucion":"GOBIERNO REGIONAL","codigoMinsa":15170,"direccion":"AVENIDA AV DEL EJERCITO S/N NÚMERO S/N DISTRITO PICHARI PROVINCIA LA CONVENCION DEPARTAMENTO CUSCO","disa":"CUSCO","red":"KIMBIRI PICHARI","microrred":"PICHARI","categoria":"ESTABLECIMIENTO DE SALUD SIN INTERNAMIENTO","condicion":"ACTIVO","actualizado":"2023/08/01 19:00:00.000","fuente":"MINSA","urlRenipr":"http://app20.susalud.gob.pe:8080/registro-renipress-webapp/ipress.htm?action=mostrarVer&idipress=00015170"}},{"type":"Feature","geometry":{"type":"Point","coordinates":[-73.75528435999996,-12.59924110999998]},"properties":{"objectid":21909,"nombre":"KIMBIRI ALTO","departamento":"CUSCO","provincia":"LA CONVENCION","distrito":"KIMBIRI","institucion":"GOBIERNO REGIONAL","codigoMinsa":2475,"direccion":"OTROS COMUNIDAD KIMBIRI ALTO / KIMBIRI / LA CONVENCIÓN / CUSCO DISTRITO KIMBIRI PROVINCIA LA CONVENCION DEPARTAMENTO CUSCO","disa":"CUSCO","red":"KIMBIRI PICHARI","microrred":"KIMBIRI","categoria":"ESTABLECIMIENTO DE SALUD SIN INTERNAMIENTO","condicion":"ACTIVO","actualizado":"2023/08/01 19:00:00.000","fuente":"MINSA","urlRenipr":"http://app20.susalud.gob.pe:8080/registro-renipress-webapp/ipress.htm?action=mostrarVer&idipress=00002475"}},{"type":"Feature","geometry":{"type":"Point","coordinates":[-73.71034348999996,-12.648627269999963]},"properties":{"objectid":21910,"nombre":"SAMANIATO","departamento":"CUSCO","provincia":"LA CONVENCION","distrito":"KIMBIRI","institucion":"GOBIERNO REGIONAL","codigoMinsa":2474,"direccion":"OTROS SAMANIATO / KIMBIRI / LA CONVENCIÓN / CUSCO DISTRITO KIMBIRI PROVINCIA LA CONVENCION DEPARTAMENTO CUSCO","disa":"CUSCO","red":"KIMBIRI PICHARI","microrred":"KIMBIRI","categoria":"ESTABLECIMIENTO DE SALUD SIN INTERNAMIENTO","condicion":"ACTIVO","actualizado":"2023/08/01 19:00:00.000","fuente":"MINSA","urlRenipr":"http://app20.susalud.gob.pe:8080/registro-renipress-webapp/ipress.htm?action=mostrarVer&idipress=00002474"}},{"type":"Feature","geometry":{"type":"Point","coordinates":[-71.96746259999998,-13.531949999999938]},"properties":{"objectid":22311,"nombre":"SOCIELAB","departamento":"CUSCO","provincia":"CUSCO","distrito":"WANCHAQ","institucion":"PRIVADO","codigoMinsa":28566,"direccion":"AVENIDA DE LA CULTURA PRIMER PISO OFICINA 104 Y SEGUNDO PISO OFICINA 204 NÚMERO 1500 DISTRITO WANCHAQ PROVINCIA CUSCO DEPARTAMENTO CUSCO","disa":"CUSCO","red":"NO PERTENECE A NINGUNA RED","microrred":"NO PERTENECE A NINGUNA MICRORED","categoria":"SERVICIO MÉDICO DE APOYO","condicion":"ACTIVO","actualizado":"2023/08/01 19:00:00.000","fuente":"MINSA","urlRenipr":"http://app20.susalud.gob.pe:8080/registro-renipress-webapp/ipress.htm?action=mostrarVer&idipress=00028566"}},{"type":"Feature","geometry":{"type":"Point","coordinates":[-73.37578832999998,-13.104753329999937]},"properties":{"objectid":22317,"nombre":"CHANCAVINE","departamento":"CUSCO","provincia":"LA CONVENCION","distrito":"VILLA VIRGEN","institucion":"GOBIERNO REGIONAL","codigoMinsa":13070,"direccion":"OTROS COMUNIDAD DE CHANCAVINE S/D VILLA VIRGEN LA CONVENCION CUSCO","disa":"CUSCO","red":"LA CONVENCION","microrred":"PUCYURA","categoria":"ESTABLECIMIENTO DE SALUD SIN INTERNAMIENTO","condicion":"ACTIVO","actualizado":"2023/08/01 19:00:00.000","fuente":"MINSA","urlRenipr":"http://app20.susalud.gob.pe:8080/registro-renipress-webapp/ipress.htm?action=mostrarVer&idipress=00013070"}},{"type":"Feature","geometry":{"type":"Point","coordinates":[-73.03411766999994,-12.52501892999993]},"properties":{"objectid":22318,"nombre":"KAMANQUIRIATO","departamento":"CUSCO","provincia":"LA CONVENCION","distrito":"ECHARATE","institucion":"GOBIERNO REGIONAL","codigoMinsa":2447,"direccion":"OTROS KAMANQUIRIATO / ECHARATE / LA CONVENCION / CUSCO KAMANQUIRIATO / ECHARATE / LA CONVENCION / CUSCO ECHARATE LA CONVENCION CUSCO","disa":"CUSCO","red":"LA CONVENCION","microrred":"KITENI","categoria":"ESTABLECIMIENTO DE SALUD SIN INTERNAMIENTO","condicion":"ACTIVO","actualizado":"2023/08/01 19:00:00.000","fuente":"MINSA","urlRenipr":"http://app20.susalud.gob.pe:8080/registro-renipress-webapp/ipress.htm?action=mostrarVer&idipress=00002447"}},{"type":"Feature","geometry":{"type":"Point","coordinates":[-72.94518368999996,-11.718309489999967]},"properties":{"objectid":22319,"nombre":"KAMISEA","departamento":"CUSCO","provincia":"LA CONVENCION","distrito":"MEGANTONI","institucion":"GOBIERNO REGIONAL","codigoMinsa":2448,"direccion":"OTROS CAMISEA S/N MEGANTONI LA CONVENCION CUSCO","disa":"CUSCO","red":"LA CONVENCION","microrred":"KAMISEA","categoria":"ESTABLECIMIENTO DE SALUD CON INTERNAMIENTO","condicion":"ACTIVO","actualizado":"2023/08/01 19:00:00.000","fuente":"MINSA","urlRenipr":"http://app20.susalud.gob.pe:8080/registro-renipress-webapp/ipress.htm?action=mostrarVer&idipress=00002448"}},{"type":"Feature","geometry":{"type":"Point","coordinates":[-72.90723061999995,-12.439013039999963]},"properties":{"objectid":22320,"nombre":"PACHIRI","departamento":"CUSCO","provincia":"LA CONVENCION","distrito":"ECHARATE","institucion":"GOBIERNO REGIONAL","codigoMinsa":2438,"direccion":"OTROS CENTRO POBLADO PACHIRI CENTRO POBLADO PACHIRI ECHARATE LA CONVENCION CUSCO","disa":"CUSCO","red":"LA CONVENCION","microrred":"KITENI","categoria":"ESTABLECIMIENTO DE SALUD SIN INTERNAMIENTO","condicion":"ACTIVO","actualizado":"2023/08/01 19:00:00.000","fuente":"MINSA","urlRenipr":"http://app20.susalud.gob.pe:8080/registro-renipress-webapp/ipress.htm?action=mostrarVer&idipress=00002438"}},{"type":"Feature","geometry":{"type":"Point","coordinates":[-72.55526999999995,-13.007773329999964]},"properties":{"objectid":22321,"nombre":"HUYRO","departamento":"CUSCO","provincia":"LA CONVENCION","distrito":"HUAYOPATA","institucion":"GOBIERNO REGIONAL","codigoMinsa":2453,"direccion":"OTROS HUYRO / HUAYOPATA / LA CONVENCION / CUSCO HUYRO / HUAYOPATA / LA CONVENCION / CUSCO HUAYOPATA LA CONVENCION CUSCO","disa":"CUSCO","red":"LA CONVENCION","microrred":"MARANURA","categoria":"ESTABLECIMIENTO DE SALUD SIN INTERNAMIENTO","condicion":"ACTIVO","actualizado":"2023/08/01 19:00:00.000","fuente":"MINSA","urlRenipr":"http://app20.susalud.gob.pe:8080/registro-renipress-webapp/ipress.htm?action=mostrarVer&idipress=00002453"}},{"type":"Feature","geometry":{"type":"Point","coordinates":[-73.00330835999995,-11.388125909999928]},"properties":{"objectid":22322,"nombre":"SENSA","departamento":"CUSCO","provincia":"LA CONVENCION","distrito":"MEGANTONI","institucion":"GOBIERNO REGIONAL","codigoMinsa":2444,"direccion":"OTROS COMUNIDAD NATIVA SENSA S/N MEGANTONI LA CONVENCION CUSCO","disa":"CUSCO","red":"LA CONVENCION","microrred":"KAMISEA","categoria":"ESTABLECIMIENTO DE SALUD SIN INTERNAMIENTO","condicion":"ACTIVO","actualizado":"2023/08/01 19:00:00.000","fuente":"MINSA","urlRenipr":"http://app20.susalud.gob.pe:8080/registro-renipress-webapp/ipress.htm?action=mostrarVer&idipress=00002444"}},{"type":"Feature","geometry":{"type":"Point","coordinates":[-71.96240455999998,-13.52342527999997]},"properties":{"objectid":22349,"nombre":"RENACER EN MARIAS","departamento":"CUSCO","provincia":"CUSCO","distrito":"WANCHAQ","institucion":"PRIVADO","codigoMinsa":29689,"direccion":"AVENIDA MICAELA BASTIDAS NÚMERO 327 PISO 2 DISTRITO WANCHAQ PROVINCIA CUSCO DEPARTAMENTO CUSCO","disa":"CUSCO","red":"","microrred":"","categoria":"ESTABLECIMIENTO DE SALUD SIN INTERNAMIENTO","condicion":"ACTIVO","actualizado":"2023/08/01 19:00:00.000","fuente":"MINSA","urlRenipr":"http://app20.susalud.gob.pe:8080/registro-renipress-webapp/ipress.htm?action=mostrarVer&idipress=00029689"}},{"type":"Feature","geometry":{"type":"Point","coordinates":[-71.95717039999994,-13.524721499999941]},"properties":{"objectid":22367,"nombre":"Dental Dynamic","departamento":"CUSCO","provincia":"CUSCO","distrito":"WANCHAQ","institucion":"PRIVADO","codigoMinsa":28564,"direccion":"AVENIDA Los Incas NÚMERO 827 PISO 6 DEPARTAMENTO 606 DISTRITO WANCHAQ PROVINCIA CUSCO DEPARTAMENTO CUSCO","disa":"CUSCO","red":"NO PERTENECE A NINGUNA RED","microrred":"NO PERTENECE A NINGUNA MICRORED","categoria":"ESTABLECIMIENTO DE SALUD SIN INTERNAMIENTO","condicion":"ACTIVO","actualizado":"2023/08/01 19:00:00.000","fuente":"MINSA","urlRenipr":"http://app20.susalud.gob.pe:8080/registro-renipress-webapp/ipress.htm?action=mostrarVer&idipress=00028564"}},{"type":"Feature","geometry":{"type":"Point","coordinates":[-71.96278482999998,-13.523229519999973]},"properties":{"objectid":22435,"nombre":"UMSO SECURITY","departamento":"CUSCO","provincia":"CUSCO","distrito":"WANCHAQ","institucion":"PRIVADO","codigoMinsa":29000,"direccion":"AVENIDA MICAELA BASTIDAS NÚMERO 404 PISO 1 DISTRITO WANCHAQ PROVINCIA CUSCO DEPARTAMENTO CUSCO","disa":"","red":"","microrred":"","categoria":"ESTABLECIMIENTO DE SALUD SIN INTERNAMIENTO","condicion":"RETIRO VOLUNTARIO","actualizado":"2023/08/01 19:00:00.000","fuente":"MINSA","urlRenipr":"http://app20.susalud.gob.pe:8080/registro-renipress-webapp/ipress.htm?action=mostrarVer&idipress=00029000"}},{"type":"Feature","geometry":{"type":"Point","coordinates":[-71.95892638999999,-13.524824039999942]},"properties":{"objectid":22495,"nombre":"METROPOLITANO","departamento":"CUSCO","provincia":"CUSCO","distrito":"WANCHAQ","institucion":"ESSALUD","codigoMinsa":26183,"direccion":"CALLE MICAELA BASTIDAS NÚMERO S/N DISTRITO WANCHAQ PROVINCIA CUSCO DEPARTAMENTO CUSCO","disa":"CUSCO","red":"NO PERTENECE A NINGUNA RED","microrred":"","categoria":"ESTABLECIMIENTO DE SALUD SIN INTERNAMIENTO","condicion":"ACTIVO","actualizado":"2023/08/01 19:00:00.000","fuente":"MINSA","urlRenipr":"http://app20.susalud.gob.pe:8080/registro-renipress-webapp/ipress.htm?action=mostrarVer&idipress=00026183"}},{"type":"Feature","geometry":{"type":"Point","coordinates":[-72.11272499999995,-13.308608999999933]},"properties":{"objectid":22509,"nombre":"CAS URUBAMBA -ESSALUD","departamento":"CUSCO","provincia":"URUBAMBA","distrito":"URUBAMBA","institucion":"ESSALUD","codigoMinsa":10060,"direccion":"AVENIDA AV. 9 DE NOVIEMBRE S/N / URUBAMBA / URUBAMBA / CUSCO NÚMERO S/N DISTRITO URUBAMBA PROVINCIA URUBAMBA DEPARTAMENTO CUSCO","disa":"CUSCO","red":"NO PERTENECE A NINGUNA RED","microrred":"NO PERTENECE A NINGUNA MICRORED","categoria":"ESTABLECIMIENTO DE SALUD CON INTERNAMIENTO","condicion":"ACTIVO","actualizado":"2023/08/01 19:00:00.000","fuente":"MINSA","urlRenipr":"http://app20.susalud.gob.pe:8080/registro-renipress-webapp/ipress.htm?action=mostrarVer&idipress=00010060"}},{"type":"Feature","geometry":{"type":"Point","coordinates":[-71.95946419999996,-13.524489099999926]},"properties":{"objectid":22510,"nombre":"ADOLFO GUEVARA VELASCO","departamento":"CUSCO","provincia":"CUSCO","distrito":"WANCHAQ","institucion":"ESSALUD","codigoMinsa":10041,"direccion":"AVENIDA AV. ANSELMO ALVAREZ S/N S/N AV. ANSELMO ALVAREZ S/N WANCHAQ CUSCO CUSCO","disa":"CUSCO","red":"NO PERTENECE A NINGUNA RED","microrred":"NO PERTENECE A NINGUNA MICRORED","categoria":"ESTABLECIMIENTO DE SALUD CON INTERNAMIENTO","condicion":"ACTIVO","actualizado":"2023/08/01 19:00:00.000","fuente":"MINSA","urlRenipr":"http://app20.susalud.gob.pe:8080/registro-renipress-webapp/ipress.htm?action=mostrarVer&idipress=00010041"}},{"type":"Feature","geometry":{"type":"Point","coordinates":[-71.96211829999999,-13.523601799999938]},"properties":{"objectid":22528,"nombre":"SEASO SRL","departamento":"CUSCO","provincia":"CUSCO","distrito":"WANCHAQ","institucion":"PRIVADO","codigoMinsa":16390,"direccion":"AVENIDA AV. MICAELA BASTIDAS 625 DISTRITO WANCHAQ PROVINCIA CUSCO DEPARTAMENTO CUSCO","disa":"CUSCO","red":"NO PERTENECE A NINGUNA RED","microrred":"NO PERTENECE A NINGUNA MICRORED","categoria":"ESTABLECIMIENTO DE SALUD SIN INTERNAMIENTO","condicion":"ACTIVO","actualizado":"2023/08/01 19:00:00.000","fuente":"MINSA","urlRenipr":"http://app20.susalud.gob.pe:8080/registro-renipress-webapp/ipress.htm?action=mostrarVer&idipress=00016390"}},{"type":"Feature","geometry":{"type":"Point","coordinates":[-71.95419914999997,-13.525158659999931]},"properties":{"objectid":22529,"nombre":"SAO PAULO DENTAL","departamento":"CUSCO","provincia":"CUSCO","distrito":"WANCHAQ","institucion":"PRIVADO","codigoMinsa":18924,"direccion":"AVENIDA AV. DE LA CULTURA NRO. 1522 DISTRITO WANCHAQ PROVINCIA CUSCO DEPARTAMENTO CUSCO","disa":"CUSCO","red":"NO PERTENECE A NINGUNA RED","microrred":"NO PERTENECE A NINGUNA MICRORED","categoria":"ESTABLECIMIENTO DE SALUD SIN INTERNAMIENTO","condicion":"ACTIVO","actualizado":"2023/08/01 19:00:00.000","fuente":"MINSA","urlRenipr":"http://app20.susalud.gob.pe:8080/registro-renipress-webapp/ipress.htm?action=mostrarVer&idipress=00018924"}},{"type":"Feature","geometry":{"type":"Point","coordinates":[-71.95594816999994,-13.524783269999944]},"properties":{"objectid":22560,"nombre":"GENFALAB","departamento":"CUSCO","provincia":"CUSCO","distrito":"WANCHAQ","institucion":"PRIVADO","codigoMinsa":25721,"direccion":"PASAJE MANGLIO CARRASCO 1400-B OFICINA 102 NÚMERO 1400 B PISO 1 DISTRITO WANCHAQ PROVINCIA CUSCO DEPARTAMENTO CUSCO","disa":"","red":"","microrred":"","categoria":"SERVICIO MÉDICO DE APOYO","condicion":"RETIRO VOLUNTARIO","actualizado":"2023/08/01 19:00:00.000","fuente":"MINSA","urlRenipr":"http://app20.susalud.gob.pe:8080/registro-renipress-webapp/ipress.htm?action=mostrarVer&idipress=00025721"}},{"type":"Feature","geometry":{"type":"Point","coordinates":[-71.95659389999997,-13.524476299999947]},"properties":{"objectid":22565,"nombre":"CDC y LASER","departamento":"CUSCO","provincia":"CUSCO","distrito":"CUSCO","institucion":"PRIVADO","codigoMinsa":25715,"direccion":"AVENIDA DE LA CULTURA OF 602 AL 606 NÚMERO 1302 PISO 6 DISTRITO CUSCO PROVINCIA CUSCO DEPARTAMENTO CUSCO","disa":"CUSCO","red":"NO PERTENECE A NINGUNA RED","microrred":"NO PERTENECE A NINGUNA MICRORED","categoria":"ESTABLECIMIENTO DE SALUD SIN INTERNAMIENTO","condicion":"ACTIVO","actualizado":"2023/08/01 19:00:00.000","fuente":"MINSA","urlRenipr":"http://app20.susalud.gob.pe:8080/registro-renipress-webapp/ipress.htm?action=mostrarVer&idipress=00025715"}},{"type":"Feature","geometry":{"type":"Point","coordinates":[-71.96738749999997,-13.524815089999947]},"properties":{"objectid":22573,"nombre":"C.O.T.A GUADALUPE","departamento":"CUSCO","provincia":"CUSCO","distrito":"WANCHAQ","institucion":"PRIVADO","codigoMinsa":25741,"direccion":"AVENIDA PACHACUTEQ NÚMERO 713 PISO 1 DISTRITO WANCHAQ PROVINCIA CUSCO DEPARTAMENTO CUSCO","disa":"CUSCO","red":"NO PERTENECE A NINGUNA RED","microrred":"NO PERTENECE A NINGUNA MICRORED","categoria":"ESTABLECIMIENTO DE SALUD SIN INTERNAMIENTO","condicion":"ACTIVO","actualizado":"2023/08/01 19:00:00.000","fuente":"MINSA","urlRenipr":"http://app20.susalud.gob.pe:8080/registro-renipress-webapp/ipress.htm?action=mostrarVer&idipress=00025741"}},{"type":"Feature","geometry":{"type":"Point","coordinates":[-71.66390393999995,-14.115167459999952]},"properties":{"objectid":22595,"nombre":"SAN JUAN DE POMACANCHI","departamento":"CUSCO","provincia":"ACOMAYO","distrito":"POMACANCHI","institucion":"GOBIERNO REGIONAL","codigoMinsa":2322,"direccion":"CALLE CALLE SAN MARTÍN S/N / POMACANCHI / ACOMAYO / CUSCO NÚMERO S/N DISTRITO POMACANCHI PROVINCIA ACOMAYO DEPARTAMENTO CUSCO","disa":"CUSCO","red":"CUSCO SUR","microrred":"ACOMAYO","categoria":"ESTABLECIMIENTO DE SALUD SIN INTERNAMIENTO","condicion":"ACTIVO","actualizado":"2023/08/01 19:00:00.000","fuente":"MINSA","urlRenipr":"http://app20.susalud.gob.pe:8080/registro-renipress-webapp/ipress.htm?action=mostrarVer&idipress=00002322"}},{"type":"Feature","geometry":{"type":"Point","coordinates":[-71.73309332999997,-13.949863329999971]},"properties":{"objectid":22596,"nombre":"ACOS","departamento":"CUSCO","provincia":"ACOMAYO","distrito":"ACOS","institucion":"GOBIERNO REGIONAL","codigoMinsa":2319,"direccion":"AVENIDA AVENIDA FINLANDIA S/N / ACOS / ACOMAYO / CUSCO NÚMERO S/N DISTRITO ACOS PROVINCIA ACOMAYO DEPARTAMENTO CUSCO","disa":"CUSCO","red":"CUSCO SUR","microrred":"ACOMAYO","categoria":"ESTABLECIMIENTO DE SALUD SIN INTERNAMIENTO","condicion":"ACTIVO","actualizado":"2023/08/01 19:00:00.000","fuente":"MINSA","urlRenipr":"http://app20.susalud.gob.pe:8080/registro-renipress-webapp/ipress.htm?action=mostrarVer&idipress=00002319"}},{"type":"Feature","geometry":{"type":"Point","coordinates":[-71.95618542999995,-13.75785142999996]},"properties":{"objectid":22597,"nombre":"PACCARECTAMBO","departamento":"CUSCO","provincia":"PARURO","distrito":"PACCARITAMBO","institucion":"GOBIERNO REGIONAL","codigoMinsa":2507,"direccion":"CARRETERA CARRETERA CUSCO PACCARECTAMBO / PACCARECTAMBO / PARURO / CUSCO DISTRITO PACCARITAMBO PROVINCIA PARURO DEPARTAMENTO CUSCO","disa":"CUSCO","red":"CUSCO SUR","microrred":"PARURO","categoria":"ESTABLECIMIENTO DE SALUD SIN INTERNAMIENTO","condicion":"ACTIVO","actualizado":"2023/08/01 19:00:00.000","fuente":"MINSA","urlRenipr":"http://app20.susalud.gob.pe:8080/registro-renipress-webapp/ipress.htm?action=mostrarVer&idipress=00002507"}},{"type":"Feature","geometry":{"type":"Point","coordinates":[-71.65084021999996,-13.50422519999995]},"properties":{"objectid":22598,"nombre":"HUANCARANI","departamento":"CUSCO","provincia":"PAUCARTAMBO","distrito":"HUANCARANI","institucion":"GOBIERNO REGIONAL","codigoMinsa":2520,"direccion":"AVENIDA AVENIDA PRINCIPAL S/N / HUANCARANI / PAUCARTAMBO / CUSCO S/N AVENIDA PRINCIPAL S/N / HUANCARANI / PAUCARTAMBO / CUSCO HUANCARANI PAUCARTAMBO CUSCO","disa":"CUSCO","red":"CUSCO SUR","microrred":"PAUCARTAMBO","categoria":"ESTABLECIMIENTO DE SALUD CON INTERNAMIENTO","condicion":"ACTIVO","actualizado":"2023/08/01 19:00:00.000","fuente":"MINSA","urlRenipr":"http://app20.susalud.gob.pe:8080/registro-renipress-webapp/ipress.htm?action=mostrarVer&idipress=00002520"}},{"type":"Feature","geometry":{"type":"Point","coordinates":[-71.82950113999993,-13.968407569999954]},"properties":{"objectid":22599,"nombre":"ACCHA","departamento":"CUSCO","provincia":"PARURO","distrito":"ACCHA","institucion":"GOBIERNO REGIONAL","codigoMinsa":2500,"direccion":"CALLE CALLE DOS DE MAYO S/N / ACCHA / PARURO / CUSCO S/N CALLE DOS DE MAYO S/N / ACCHA / PARURO / CUSCO ACCHA PARURO CUSCO","disa":"CUSCO","red":"CUSCO SUR","microrred":"PARURO","categoria":"ESTABLECIMIENTO DE SALUD SIN INTERNAMIENTO","condicion":"ACTIVO","actualizado":"2023/08/01 19:00:00.000","fuente":"MINSA","urlRenipr":"http://app20.susalud.gob.pe:8080/registro-renipress-webapp/ipress.htm?action=mostrarVer&idipress=00002500"}},{"type":"Feature","geometry":{"type":"Point","coordinates":[-71.41212499999995,-14.789584499999933]},"properties":{"objectid":22683,"nombre":"SEÑOR DE PAMPACUCHO - ESPINAR","departamento":"CUSCO","provincia":"ESPINAR","distrito":"ESPINAR","institucion":"PRIVADO","codigoMinsa":28943,"direccion":"JIRÓN ALFONSO UGARTE PRIMER Y SEGUNDO PISO NÚMERO 918 DISTRITO ESPINAR PROVINCIA ESPINAR DEPARTAMENTO CUSCO","disa":"CUSCO","red":"NO PERTENECE A NINGUNA RED","microrred":"NO PERTENECE A NINGUNA MICRORED","categoria":"ESTABLECIMIENTO DE SALUD SIN INTERNAMIENTO","condicion":"ACTIVO","actualizado":"2023/08/01 19:00:00.000","fuente":"MINSA","urlRenipr":"http://app20.susalud.gob.pe:8080/registro-renipress-webapp/ipress.htm?action=mostrarVer&idipress=00028943"}},{"type":"Feature","geometry":{"type":"Point","coordinates":[-72.13484999999997,-14.534961669999973]},"properties":{"objectid":22722,"nombre":"LLIQUE","departamento":"CUSCO","provincia":"CHUMBIVILCAS","distrito":"SANTO TOMAS","institucion":"GOBIERNO REGIONAL","codigoMinsa":6746,"direccion":"OTROS LLACTA RUNA PAMPA / SANTO TOMÁS / CHUMBIVILCAS / CUSCO DISTRITO SANTO TOMAS PROVINCIA CHUMBIVILCAS DEPARTAMENTO CUSCO","disa":"CUSCO","red":"CHUMBIVILCAS","microrred":"SANTO TOMAS","categoria":"ESTABLECIMIENTO DE SALUD SIN INTERNAMIENTO","condicion":"ACTIVO","actualizado":"2023/08/01 19:00:00.000","fuente":"MINSA","urlRenipr":"http://app20.susalud.gob.pe:8080/registro-renipress-webapp/ipress.htm?action=mostrarVer&idipress=00006746"}},{"type":"Feature","geometry":{"type":"Point","coordinates":[-72.14924332999993,-14.634289999999964]},"properties":{"objectid":22719,"nombre":"ALHUACCHULLO","departamento":"CUSCO","provincia":"CHUMBIVILCAS","distrito":"SANTO TOMAS","institucion":"GOBIERNO REGIONAL","codigoMinsa":2400,"direccion":"AVENIDA AVENIDA HORACIO ZEVALLOS S/N / SANTO TOMÀS / CHUMBIVILCAS / CUSCO S/N AVENIDA HORACIO ZEVALLOS S/N / SANTO TOMÀS / CHUMBIVILCAS / CUSCO SANTO TOMAS CHUMBIVILCAS CUSCO","disa":"CUSCO","red":"CHUMBIVILCAS","microrred":"SANTO TOMAS","categoria":"ESTABLECIMIENTO DE SALUD SIN INTERNAMIENTO","condicion":"ACTIVO","actualizado":"2023/08/01 19:00:00.000","fuente":"MINSA","urlRenipr":"http://app20.susalud.gob.pe:8080/registro-renipress-webapp/ipress.htm?action=mostrarVer&idipress=00002400"}},{"type":"Feature","geometry":{"type":"Point","coordinates":[-71.57207166999996,-14.270244999999932]},"properties":{"objectid":22720,"nombre":"AUSANTA","departamento":"CUSCO","provincia":"CHUMBIVILCAS","distrito":"LIVITACA","institucion":"GOBIERNO REGIONAL","codigoMinsa":16327,"direccion":"OTROS SECTOR AUSANTA DISTRITO LIVITACA PROVINCIA CHUMBIVILCAS DEPARTAMENTO CUSCO","disa":"CUSCO","red":"CHUMBIVILCAS","microrred":"LIVITACA","categoria":"ESTABLECIMIENTO DE SALUD SIN INTERNAMIENTO","condicion":"ACTIVO","actualizado":"2023/08/01 19:00:00.000","fuente":"MINSA","urlRenipr":"http://app20.susalud.gob.pe:8080/registro-renipress-webapp/ipress.htm?action=mostrarVer&idipress=00016327"}},{"type":"Feature","geometry":{"type":"Point","coordinates":[-72.03994943999999,-14.355847349999976]},"properties":{"objectid":22721,"nombre":"HUAYLLANI","departamento":"CUSCO","provincia":"CHUMBIVILCAS","distrito":"COLQUEMARCA","institucion":"GOBIERNO REGIONAL","codigoMinsa":8914,"direccion":"OTROS CENTRO POBLADO DE HUAYLLANI / COLQUEMARCA / CHUMBIVILCAS / CUSCO DISTRITO COLQUEMARCA PROVINCIA CHUMBIVILCAS DEPARTAMENTO CUSCO","disa":"CUSCO","red":"CHUMBIVILCAS","microrred":"SANTO TOMAS","categoria":"ESTABLECIMIENTO DE SALUD SIN INTERNAMIENTO","condicion":"ACTIVO","actualizado":"2023/08/01 19:00:00.000","fuente":"MINSA","urlRenipr":"http://app20.susalud.gob.pe:8080/registro-renipress-webapp/ipress.htm?action=mostrarVer&idipress=00008914"}},{"type":"Feature","geometry":{"type":"Point","coordinates":[-71.92587912999994,-13.532843359999958]},"properties":{"objectid":22726,"nombre":"DIALISIS METROPOLITANO","departamento":"CUSCO","provincia":"CUSCO","distrito":"SAN SEBASTIAN","institucion":"PRIVADO","codigoMinsa":31230,"direccion":"AVENIDA ALEMANIA FEDERAL NACIONES UNIDAS MANZANA C LOTE 2 DISTRITO SAN SEBASTIAN PROVINCIA CUSCO DEPARTAMENTO CUSCO","disa":"CUSCO","red":"","microrred":"","categoria":"SERVICIO MÉDICO DE APOYO","condicion":"ACTIVO","actualizado":"2023/08/01 19:00:00.000","fuente":"MINSA","urlRenipr":"http://app20.susalud.gob.pe:8080/registro-renipress-webapp/ipress.htm?action=mostrarVer&idipress=00031230"}},{"type":"Feature","geometry":{"type":"Point","coordinates":[-71.22337601999993,-14.256785599999944]},"properties":{"objectid":22771,"nombre":"MENTAL COMUNITARIO SICUANI","departamento":"CUSCO","provincia":"CANCHIS","distrito":"SICUANI","institucion":"GOBIERNO REGIONAL","codigoMinsa":26387,"direccion":"OTROS ESQUINA DE JIRON UYURMIRI Y CALLE TERESA CISNEROS S/N 1 AL COSTADO DEL ESTADIO LEON SICUANI CANCHIS CUSCO","disa":"CUSCO","red":"CANAS-CANCHIS-ESPINAR","microrred":"PAMPAPHALLA","categoria":"ESTABLECIMIENTO DE SALUD SIN INTERNAMIENTO","condicion":"ACTIVO","actualizado":"2023/08/01 19:00:00.000","fuente":"MINSA","urlRenipr":"http://app20.susalud.gob.pe:8080/registro-renipress-webapp/ipress.htm?action=mostrarVer&idipress=00026387"}},{"type":"Feature","geometry":{"type":"Point","coordinates":[-71.22232086999998,-14.253414289999967]},"properties":{"objectid":22772,"nombre":"PAMPAPHALLA","departamento":"CUSCO","provincia":"CANCHIS","distrito":"SICUANI","institucion":"GOBIERNO REGIONAL","codigoMinsa":2384,"direccion":"CALLE CALLE TERESA CISNEROS S/N / SICUANI / CANCHIS / CUSCO S/N CALLE TERESA CISNEROS S/N / SICUANI / CANCHIS / CUSCO SICUANI CANCHIS CUSCO","disa":"CUSCO","red":"CANAS-CANCHIS-ESPINAR","microrred":"PAMPAPHALLA","categoria":"ESTABLECIMIENTO DE SALUD SIN INTERNAMIENTO","condicion":"ACTIVO","actualizado":"2023/08/01 19:00:00.000","fuente":"MINSA","urlRenipr":"http://app20.susalud.gob.pe:8080/registro-renipress-webapp/ipress.htm?action=mostrarVer&idipress=00002384"}},{"type":"Feature","geometry":{"type":"Point","coordinates":[-71.95722049999995,-13.52423970999996]},"properties":{"objectid":22782,"nombre":"TAYTA QOYLLORITI","departamento":"CUSCO","provincia":"CUSCO","distrito":"WANCHAQ","institucion":"PRIVADO","codigoMinsa":29201,"direccion":"AVENIDA DE LA CULTURA OFICINA 101 NÚMERO 1212 PISO 1 DISTRITO WANCHAQ PROVINCIA CUSCO DEPARTAMENTO CUSCO","disa":"CUSCO","red":"","microrred":"","categoria":"ESTABLECIMIENTO DE SALUD SIN INTERNAMIENTO","condicion":"ACTIVO","actualizado":"2023/08/01 19:00:00.000","fuente":"MINSA","urlRenipr":"http://app20.susalud.gob.pe:8080/registro-renipress-webapp/ipress.htm?action=mostrarVer&idipress=00029201"}},{"type":"Feature","geometry":{"type":"Point","coordinates":[-71.96746259999998,-13.531949999999938]},"properties":{"objectid":22798,"nombre":"CUSIDENT","departamento":"CUSCO","provincia":"CUSCO","distrito":"WANCHAQ","institucion":"PRIVADO","codigoMinsa":28981,"direccion":"JIRÓN LA UNION FRACCION 1 NÚMERO 8 PISO 1 MANZANA A URBANIZACIÓN TTIO DISTRITO WANCHAQ PROVINCIA CUSCO DEPARTAMENTO CUSCO","disa":"CUSCO","red":"NO PERTENECE A NINGUNA RED","microrred":"NO PERTENECE A NINGUNA MICRORED","categoria":"ESTABLECIMIENTO DE SALUD SIN INTERNAMIENTO","condicion":"ACTIVO","actualizado":"2023/08/01 19:00:00.000","fuente":"MINSA","urlRenipr":"http://app20.susalud.gob.pe:8080/registro-renipress-webapp/ipress.htm?action=mostrarVer&idipress=00028981"}},{"type":"Feature","geometry":{"type":"Point","coordinates":[-71.98446539999998,-13.530526799999961]},"properties":{"objectid":22853,"nombre":"JOSE PARDO EXPRESS","departamento":"CUSCO","provincia":"CUSCO","distrito":"WANCHAQ","institucion":"PRIVADO","codigoMinsa":29504,"direccion":"CALLE RAMON CASTILLA TERCER Y CUARTO PISO NÚMERO 170 URBANIZACIÓN SAN BORJA ALTA DISTRITO WANCHAQ PROVINCIA CUSCO DEPARTAMENTO CUSCO","disa":"CUSCO","red":"","microrred":"","categoria":"ESTABLECIMIENTO DE SALUD SIN INTERNAMIENTO","condicion":"ACTIVO","actualizado":"2023/08/01 19:00:00.000","fuente":"MINSA","urlRenipr":"http://app20.susalud.gob.pe:8080/registro-renipress-webapp/ipress.htm?action=mostrarVer&idipress=00029504"}},{"type":"Feature","geometry":{"type":"Point","coordinates":[-71.96157359999995,-13.52316559999997]},"properties":{"objectid":22863,"nombre":"VIRGEN DEL CARMEN","departamento":"CUSCO","provincia":"CUSCO","distrito":"WANCHAQ","institucion":"PRIVADO","codigoMinsa":28557,"direccion":"AVENIDA LOS INCAS PRIMER Y SEGUNDO PISO OFICINA 203 NÚMERO 809 DISTRITO WANCHAQ PROVINCIA CUSCO DEPARTAMENTO CUSCO","disa":"CUSCO","red":"NO PERTENECE A NINGUNA RED","microrred":"NO PERTENECE A NINGUNA MICRORED","categoria":"ESTABLECIMIENTO DE SALUD SIN INTERNAMIENTO","condicion":"ACTIVO","actualizado":"2023/08/01 19:00:00.000","fuente":"MINSA","urlRenipr":"http://app20.susalud.gob.pe:8080/registro-renipress-webapp/ipress.htm?action=mostrarVer&idipress=00028557"}},{"type":"Feature","geometry":{"type":"Point","coordinates":[-71.96338563999996,-13.525566139999967]},"properties":{"objectid":22902,"nombre":"VERITAS WANCHAQ","departamento":"CUSCO","provincia":"CUSCO","distrito":"WANCHAQ","institucion":"PRIVADO","codigoMinsa":31107,"direccion":"AVENIDA TOMASA TITO CONDEMAYTA NÚMERO 518 DISTRITO WANCHAQ PROVINCIA CUSCO DEPARTAMENTO CUSCO","disa":"CUSCO","red":"","microrred":"","categoria":"SERVICIO MÉDICO DE APOYO","condicion":"ACTIVO","actualizado":"2023/08/01 19:00:00.000","fuente":"MINSA","urlRenipr":"http://app20.susalud.gob.pe:8080/registro-renipress-webapp/ipress.htm?action=mostrarVer&idipress=00031107"}},{"type":"Feature","geometry":{"type":"Point","coordinates":[-71.98013460999994,-13.520411379999928]},"properties":{"objectid":22915,"nombre":"INNOVARE","departamento":"CUSCO","provincia":"CUSCO","distrito":"CUSCO","institucion":"PRIVADO","codigoMinsa":29183,"direccion":"CALLE CRUZ VERDE OFICINA 202 NÚMERO 315 PISO 2 DISTRITO CUSCO PROVINCIA CUSCO DEPARTAMENTO CUSCO","disa":"CUSCO","red":"NO PERTENECE A NINGUNA RED","microrred":"NO PERTENECE A NINGUNA MICRORED","categoria":"ESTABLECIMIENTO DE SALUD SIN INTERNAMIENTO","condicion":"ACTIVO","actualizado":"2023/08/01 19:00:00.000","fuente":"MINSA","urlRenipr":"http://app20.susalud.gob.pe:8080/registro-renipress-webapp/ipress.htm?action=mostrarVer&idipress=00029183"}},{"type":"Feature","geometry":{"type":"Point","coordinates":[-71.94204289999993,-13.527826699999935]},"properties":{"objectid":22921,"nombre":"OZONOLAB","departamento":"CUSCO","provincia":"CUSCO","distrito":"CUSCO","institucion":"PRIVADO","codigoMinsa":30265,"direccion":"AVENIDA LA CULTURA PISO 1 NÚMERO 1905 PISO 2 DISTRITO CUSCO PROVINCIA CUSCO DEPARTAMENTO CUSCO","disa":"CUSCO","red":"","microrred":"","categoria":"ESTABLECIMIENTO DE SALUD SIN INTERNAMIENTO","condicion":"ACTIVO","actualizado":"2023/08/01 19:00:00.000","fuente":"MINSA","urlRenipr":"http://app20.susalud.gob.pe:8080/registro-renipress-webapp/ipress.htm?action=mostrarVer&idipress=00030265"}},{"type":"Feature","geometry":{"type":"Point","coordinates":[-72.60789360999996,-12.735907439999949]},"properties":{"objectid":22982,"nombre":"BTN CT Nº 334-MIARIA","departamento":"CUSCO","provincia":"LA CONVENCION","distrito":"ECHARATE","institucion":"SANIDAD DEL EJERCITO DEL PERU","codigoMinsa":24296,"direccion":"OTROS COMUNIDAD NATIVA MIARIA DISTRITO ECHARATE PROVINCIA LA CONVENCION DEPARTAMENTO CUSCO","disa":"CUSCO","red":"NO PERTENECE A NINGUNA RED","microrred":"NO PERTENECE A NINGUNA MICRORED","categoria":"ESTABLECIMIENTO DE SALUD SIN INTERNAMIENTO","condicion":"ACTIVO","actualizado":"2023/08/01 19:00:00.000","fuente":"MINSA","urlRenipr":"http://app20.susalud.gob.pe:8080/registro-renipress-webapp/ipress.htm?action=mostrarVer&idipress=00024296"}},{"type":"Feature","geometry":{"type":"Point","coordinates":[-71.96746259999998,-13.531949999999938]},"properties":{"objectid":23014,"nombre":"dental ocean´s","departamento":"CUSCO","provincia":"CUSCO","distrito":"WANCHAQ","institucion":"PRIVADO","codigoMinsa":28218,"direccion":"JIRÓN union PISO 2 MANZANA G2 LOTE 4A URBANIZACIÓN Ttio DISTRITO WANCHAQ PROVINCIA CUSCO DEPARTAMENTO CUSCO","disa":"CUSCO","red":"NO PERTENECE A NINGUNA RED","microrred":"NO PERTENECE A NINGUNA MICRORED","categoria":"ESTABLECIMIENTO DE SALUD SIN INTERNAMIENTO","condicion":"ACTIVO","actualizado":"2023/08/01 19:00:00.000","fuente":"MINSA","urlRenipr":"http://app20.susalud.gob.pe:8080/registro-renipress-webapp/ipress.htm?action=mostrarVer&idipress=00028218"}},{"type":"Feature","geometry":{"type":"Point","coordinates":[-72.44248444999994,-13.477212879999968]},"properties":{"objectid":23135,"nombre":"LIMATAMBO","departamento":"CUSCO","provincia":"ANTA","distrito":"LIMATAMBO","institucion":"GOBIERNO REGIONAL","codigoMinsa":2336,"direccion":"CALLE CALLE RIMACPAMPA S/N / LIMATAMBO / ANTA / CUSCO S/N CALLE RIMACPAMPA S/N / LIMATAMBO / ANTA / CUSCO LIMATAMBO ANTA CUSCO","disa":"CUSCO","red":"CUSCO NORTE","microrred":"LIMATAMBO","categoria":"ESTABLECIMIENTO DE SALUD CON INTERNAMIENTO","condicion":"ACTIVO","actualizado":"2023/08/01 19:00:00.000","fuente":"MINSA","urlRenipr":"http://app20.susalud.gob.pe:8080/registro-renipress-webapp/ipress.htm?action=mostrarVer&idipress=00002336"}},{"type":"Feature","geometry":{"type":"Point","coordinates":[-72.25572578999999,-13.456066499999963]},"properties":{"objectid":23136,"nombre":"ZURITE","departamento":"CUSCO","provincia":"ANTA","distrito":"ZURITE","institucion":"GOBIERNO REGIONAL","codigoMinsa":2340,"direccion":"CALLE CALLE GARCILAZO S/N / ZURITE / ANTA / CUSCO NÚMERO S/N DISTRITO ZURITE PROVINCIA ANTA DEPARTAMENTO CUSCO","disa":"CUSCO","red":"CUSCO NORTE","microrred":"ANTA","categoria":"ESTABLECIMIENTO DE SALUD SIN INTERNAMIENTO","condicion":"ACTIVO","actualizado":"2023/08/01 19:00:00.000","fuente":"MINSA","urlRenipr":"http://app20.susalud.gob.pe:8080/registro-renipress-webapp/ipress.htm?action=mostrarVer&idipress=00002340"}},{"type":"Feature","geometry":{"type":"Point","coordinates":[-72.21375921999999,-13.498707009999976]},"properties":{"objectid":23137,"nombre":"COMPONE","departamento":"CUSCO","provincia":"ANTA","distrito":"ANTA","institucion":"GOBIERNO REGIONAL","codigoMinsa":2328,"direccion":"OTROS COMUNIDAD DE COMPONE S/N / ANTA / CUSCO NÚMERO S/N DISTRITO ANTA PROVINCIA ANTA DEPARTAMENTO CUSCO","disa":"CUSCO","red":"CUSCO NORTE","microrred":"ANTA","categoria":"ESTABLECIMIENTO DE SALUD SIN INTERNAMIENTO","condicion":"ACTIVO","actualizado":"2023/08/01 19:00:00.000","fuente":"MINSA","urlRenipr":"http://app20.susalud.gob.pe:8080/registro-renipress-webapp/ipress.htm?action=mostrarVer&idipress=00002328"}},{"type":"Feature","geometry":{"type":"Point","coordinates":[-71.97090129999998,-13.530749199999946]},"properties":{"objectid":23159,"nombre":"CORPORACION JOSE PRADO CUSCO","departamento":"CUSCO","provincia":"CUSCO","distrito":"WANCHAQ","institucion":"PRIVADO","codigoMinsa":29520,"direccion":"CALLE RAMON CASTILLA PRIMER Y SEGUNDO PISO NÚMERO 170 URBANIZACIÓN SAN BORJA ALTA DISTRITO WANCHAQ PROVINCIA CUSCO DEPARTAMENTO CUSCO","disa":"CUSCO","red":"","microrred":"","categoria":"ESTABLECIMIENTO DE SALUD SIN INTERNAMIENTO","condicion":"ACTIVO","actualizado":"2023/08/01 19:00:00.000","fuente":"MINSA","urlRenipr":"http://app20.susalud.gob.pe:8080/registro-renipress-webapp/ipress.htm?action=mostrarVer&idipress=00029520"}},{"type":"Feature","geometry":{"type":"Point","coordinates":[-71.96316144999997,-13.523077819999969]},"properties":{"objectid":23175,"nombre":"CUSCO IMPERIAL","departamento":"CUSCO","provincia":"CUSCO","distrito":"WANCHAQ","institucion":"PRIVADO","codigoMinsa":24286,"direccion":"AVENIDA MICAELA BASTIDAS NÚMERO 329 PISO 1 DISTRITO WANCHAQ PROVINCIA CUSCO DEPARTAMENTO CUSCO","disa":"CUSCO","red":"NO PERTENECE A NINGUNA RED","microrred":"NO PERTENECE A NINGUNA MICRORED","categoria":"ESTABLECIMIENTO DE SALUD SIN INTERNAMIENTO","condicion":"ACTIVO","actualizado":"2023/08/01 19:00:00.000","fuente":"MINSA","urlRenipr":"http://app20.susalud.gob.pe:8080/registro-renipress-webapp/ipress.htm?action=mostrarVer&idipress=00024286"}},{"type":"Feature","geometry":{"type":"Point","coordinates":[-71.96042447999997,-13.524064029999977]},"properties":{"objectid":23275,"nombre":"AUREA","departamento":"CUSCO","provincia":"CUSCO","distrito":"WANCHAQ","institucion":"PRIVADO","codigoMinsa":26185,"direccion":"AVENIDA HIPOLITO UNANUE N?ERO 52 PISO 1 MANZANA C DISTRITO WANCHAQ PROVINCIA CUSCO DEPARTAMENTO CUSCO","disa":"CUSCO","red":"NO PERTENECE A NINGUNA RED","microrred":"NO PERTENECE A NINGUNA MICRORED","categoria":"ESTABLECIMIENTO DE SALUD SIN INTERNAMIENTO","condicion":"ACTIVO","actualizado":"2023/08/01 19:00:00.000","fuente":"MINSA","urlRenipr":"http://app20.susalud.gob.pe:8080/registro-renipress-webapp/ipress.htm?action=mostrarVer&idipress=00026185"}},{"type":"Feature","geometry":{"type":"Point","coordinates":[-71.95887299999998,-13.529356199999938]},"properties":{"objectid":23418,"nombre":"DR. MANCHEGO","departamento":"CUSCO","provincia":"CUSCO","distrito":"WANCHAQ","institucion":"PRIVADO","codigoMinsa":29336,"direccion":"AVENIDA TUPAC AMARU MANZANA C LOTE 8 URBANIZACIÓN PROGRESO DISTRITO WANCHAQ PROVINCIA CUSCO DEPARTAMENTO CUSCO","disa":"CUSCO","red":"","microrred":"","categoria":"ESTABLECIMIENTO DE SALUD SIN INTERNAMIENTO","condicion":"ACTIVO","actualizado":"2023/08/01 19:00:00.000","fuente":"MINSA","urlRenipr":"http://app20.susalud.gob.pe:8080/registro-renipress-webapp/ipress.htm?action=mostrarVer&idipress=00029336"}},{"type":"Feature","geometry":{"type":"Point","coordinates":[-71.97889539999994,-13.521094499999947]},"properties":{"objectid":23455,"nombre":"ODONTOLIMA MEDICAL","departamento":"CUSCO","provincia":"CUSCO","distrito":"CUSCO","institucion":"PRIVADO","codigoMinsa":14154,"direccion":"CALLE CALLE AYACUCHO 342 PISO 2 DISTRITO CUSCO PROVINCIA CUSCO DEPARTAMENTO CUSCO","disa":"CUSCO","red":"NO PERTENECE A NINGUNA RED","microrred":"NO PERTENECE A NINGUNA MICRORED","categoria":"ESTABLECIMIENTO DE SALUD SIN INTERNAMIENTO","condicion":"ACTIVO","actualizado":"2023/08/01 19:00:00.000","fuente":"MINSA","urlRenipr":"http://app20.susalud.gob.pe:8080/registro-renipress-webapp/ipress.htm?action=mostrarVer&idipress=00014154"}},{"type":"Feature","geometry":{"type":"Point","coordinates":[-71.93987789999994,-13.53191229999993]},"properties":{"objectid":23521,"nombre":"OXIGEN MEDICAL NETWORK","departamento":"CUSCO","provincia":"CUSCO","distrito":"SANTIAGO","institucion":"PRIVADO","codigoMinsa":24173,"direccion":"CALLE BELLAVISTA N?ERO 1 MANZANA C LOTE 11 URBANIZACI? RESIDENCIAL HUANCARO DISTRITO SANTIAGO PROVINCIA CUSCO DEPARTAMENTO CUSCO","disa":"CUSCO","red":"NO PERTENECE A NINGUNA RED","microrred":"NO PERTENECE A NINGUNA MICRORED","categoria":"ESTABLECIMIENTO DE SALUD CON INTERNAMIENTO","condicion":"ACTIVO","actualizado":"2023/08/01 19:00:00.000","fuente":"MINSA","urlRenipr":"http://app20.susalud.gob.pe:8080/registro-renipress-webapp/ipress.htm?action=mostrarVer&idipress=00024173"}},{"type":"Feature","geometry":{"type":"Point","coordinates":[-71.93708849999996,-13.529138699999976]},"properties":{"objectid":23522,"nombre":"DIAGNOS","departamento":"CUSCO","provincia":"CUSCO","distrito":"WANCHAQ","institucion":"PRIVADO","codigoMinsa":28552,"direccion":"AVENIDA LA CULTURA NÚMERO 1320 PISO 4 DEPARTAMENTO 401 INTERIOR 405 DISTRITO WANCHAQ PROVINCIA CUSCO DEPARTAMENTO CUSCO","disa":"CUSCO","red":"NO PERTENECE A NINGUNA RED","microrred":"NO PERTENECE A NINGUNA MICRORED","categoria":"ESTABLECIMIENTO DE SALUD SIN INTERNAMIENTO","condicion":"ACTIVO","actualizado":"2023/08/01 19:00:00.000","fuente":"MINSA","urlRenipr":"http://app20.susalud.gob.pe:8080/registro-renipress-webapp/ipress.htm?action=mostrarVer&idipress=00028552"}},{"type":"Feature","geometry":{"type":"Point","coordinates":[-71.93987789999994,-13.53191229999993]},"properties":{"objectid":23682,"nombre":"DERMAESTHETICS","departamento":"CUSCO","provincia":"CUSCO","distrito":"WANCHAQ","institucion":"PRIVADO","codigoMinsa":16022,"direccion":"AVENIDA AV. MICAELA BASTIDAS 258 OF 405 DISTRITO WANCHAQ PROVINCIA CUSCO DEPARTAMENTO CUSCO","disa":"CUSCO","red":"NO PERTENECE A NINGUNA RED","microrred":"NO PERTENECE A NINGUNA MICRORED","categoria":"ESTABLECIMIENTO DE SALUD SIN INTERNAMIENTO","condicion":"ACTIVO","actualizado":"2023/08/01 19:00:00.000","fuente":"MINSA","urlRenipr":"http://app20.susalud.gob.pe:8080/registro-renipress-webapp/ipress.htm?action=mostrarVer&idipress=00016022"}},{"type":"Feature","geometry":{"type":"Point","coordinates":[-72.26583469999997,-13.257082899999943]},"properties":{"objectid":24172,"nombre":"MEDICOS VIGIAS","departamento":"CUSCO","provincia":"URUBAMBA","distrito":"OLLANTAYTAMBO","institucion":"PRIVADO","codigoMinsa":29337,"direccion":"PLAZA PLAZA DE ARMAS DE OLLANTAYTAMBO S/N NÚMERO S/N PISO 2 DISTRITO OLLANTAYTAMBO PROVINCIA URUBAMBA DEPARTAMENTO CUSCO","disa":"CUSCO","red":"","microrred":"NO PERTENECE A NINGUNA MICRORED","categoria":"ESTABLECIMIENTO DE SALUD SIN INTERNAMIENTO","condicion":"ACTIVO","actualizado":"2023/08/01 19:00:00.000","fuente":"MINSA","urlRenipr":"http://app20.susalud.gob.pe:8080/registro-renipress-webapp/ipress.htm?action=mostrarVer&idipress=00029337"}},{"type":"Feature","geometry":{"type":"Point","coordinates":[-71.22877732999996,-14.26562520999994]},"properties":{"objectid":24306,"nombre":"SICUANI","departamento":"CUSCO","provincia":"CANCHIS","distrito":"SICUANI","institucion":"GOBIERNO REGIONAL","codigoMinsa":2378,"direccion":"AVENIDA MANUEL CALLO ZEBALOS S/N SICUANI CANCHIS CUSCO","disa":"CUSCO","red":"CANAS-CANCHIS-ESPINAR","microrred":"NO PERTENECE A NINGUNA MICRORED","categoria":"ESTABLECIMIENTO DE SALUD CON INTERNAMIENTO","condicion":"ACTIVO","actualizado":"2023/08/01 19:00:00.000","fuente":"MINSA","urlRenipr":"http://app20.susalud.gob.pe:8080/registro-renipress-webapp/ipress.htm?action=mostrarVer&idipress=00002378"}},{"type":"Feature","geometry":{"type":"Point","coordinates":[-73.12545020999994,-12.611148809999975]},"properties":{"objectid":24341,"nombre":"MATERIATO","departamento":"CUSCO","provincia":"LA CONVENCION","distrito":"ECHARATE","institucion":"GOBIERNO REGIONAL","codigoMinsa":2434,"direccion":"OTROS COMUNIDAD DE MATERIATO / ECHARATE / LA CONVENCION / CUSCO COMUNIDAD DE MATERIATO / ECHARATE / LA CONVENCION / CUSCO ECHARATE LA CONVENCION CUSCO","disa":"CUSCO","red":"LA CONVENCION","microrred":"KITENI","categoria":"ESTABLECIMIENTO DE SALUD SIN INTERNAMIENTO","condicion":"ACTIVO","actualizado":"2023/08/01 19:00:00.000","fuente":"MINSA","urlRenipr":"http://app20.susalud.gob.pe:8080/registro-renipress-webapp/ipress.htm?action=mostrarVer&idipress=00002434"}},{"type":"Feature","geometry":{"type":"Point","coordinates":[-72.69409999999993,-12.858339999999941]},"properties":{"objectid":24342,"nombre":"SANTA ANA","departamento":"CUSCO","provincia":"LA CONVENCION","distrito":"SANTA ANA","institucion":"GOBIERNO REGIONAL","codigoMinsa":8910,"direccion":"JIRÓN JR. KITENI I-18 / SANTA ANA / LA CONVENCIÓN / CUSCO JR. KITENI I-18 / SANTA ANA / LA CONVENCIÓN / CUSCO SANTA ANA LA CONVENCION CUSCO","disa":"CUSCO","red":"LA CONVENCION","microrred":"SANTA ANA","categoria":"ESTABLECIMIENTO DE SALUD CON INTERNAMIENTO","condicion":"ACTIVO","actualizado":"2023/08/01 19:00:00.000","fuente":"MINSA","urlRenipr":"http://app20.susalud.gob.pe:8080/registro-renipress-webapp/ipress.htm?action=mostrarVer&idipress=00008910"}},{"type":"Feature","geometry":{"type":"Point","coordinates":[-72.93320469999998,-13.091842909999968]},"properties":{"objectid":24343,"nombre":"PUCYURA","departamento":"CUSCO","provincia":"LA CONVENCION","distrito":"VILCABAMBA","institucion":"GOBIERNO REGIONAL","codigoMinsa":2480,"direccion":"OTROS HABASPATA / VILCABAMBA / LA CONVENCION / CUSCO HABASPATA / VILCABAMBA / LA CONVENCION / CUSCO VILCABAMBA LA CONVENCION CUSCO","disa":"CUSCO","red":"LA CONVENCION","microrred":"PUCYURA","categoria":"ESTABLECIMIENTO DE SALUD CON INTERNAMIENTO","condicion":"ACTIVO","actualizado":"2023/08/01 19:00:00.000","fuente":"MINSA","urlRenipr":"http://app20.susalud.gob.pe:8080/registro-renipress-webapp/ipress.htm?action=mostrarVer&idipress=00002480"}},{"type":"Feature","geometry":{"type":"Point","coordinates":[-73.13004095999997,-11.572196449999979]},"properties":{"objectid":24345,"nombre":"KIRIGUETI","departamento":"CUSCO","provincia":"LA CONVENCION","distrito":"MEGANTONI","institucion":"GOBIERNO REGIONAL","codigoMinsa":2426,"direccion":"OTROS COMUNIDAD NATIVA KIRIGUETI S/N MEGANTONI LA CONVENCION CUSCO","disa":"CUSCO","red":"LA CONVENCION","microrred":"KAMISEA","categoria":"ESTABLECIMIENTO DE SALUD SIN INTERNAMIENTO","condicion":"ACTIVO","actualizado":"2023/08/01 19:00:00.000","fuente":"MINSA","urlRenipr":"http://app20.susalud.gob.pe:8080/registro-renipress-webapp/ipress.htm?action=mostrarVer&idipress=00002426"}},{"type":"Feature","geometry":{"type":"Point","coordinates":[-71.40400863999997,-14.791290919999938]},"properties":{"objectid":24384,"nombre":"CME OCUPACIONAL ESPINAR","departamento":"CUSCO","provincia":"ESPINAR","distrito":"ESPINAR","institucion":"PRIVADO","codigoMinsa":14449,"direccion":"CALLE CALLLE DOMINGO HUARCA N° 200 DISTRITO ESPINAR PROVINCIA ESPINAR DEPARTAMENTO CUSCO","disa":"CUSCO","red":"","microrred":"NO PERTENECE A NINGUNA MICRORED","categoria":"ESTABLECIMIENTO DE SALUD SIN INTERNAMIENTO","condicion":"ACTIVO","actualizado":"2023/08/01 19:00:00.000","fuente":"MINSA","urlRenipr":"http://app20.susalud.gob.pe:8080/registro-renipress-webapp/ipress.htm?action=mostrarVer&idipress=00014449"}},{"type":"Feature","geometry":{"type":"Point","coordinates":[-71.94688994999996,-13.522274059999972]},"properties":{"objectid":24385,"nombre":"SALUDENTS","departamento":"CUSCO","provincia":"CUSCO","distrito":"CUSCO","institucion":"PRIVADO","codigoMinsa":24588,"direccion":"AVENIDA COLLASUYO NÚMERO 3319 MANZANA A LOTE 2 URBANIZACIÓN MIRAVALLE DISTRITO CUSCO PROVINCIA CUSCO DEPARTAMENTO CUSCO","disa":"CUSCO","red":"NO PERTENECE A NINGUNA RED","microrred":"NO PERTENECE A NINGUNA MICRORED","categoria":"ESTABLECIMIENTO DE SALUD SIN INTERNAMIENTO","condicion":"ACTIVO","actualizado":"2023/08/01 19:00:00.000","fuente":"MINSA","urlRenipr":"http://app20.susalud.gob.pe:8080/registro-renipress-webapp/ipress.htm?action=mostrarVer&idipress=00024588"}},{"type":"Feature","geometry":{"type":"Point","coordinates":[-71.22208319999999,-14.271329899999955]},"properties":{"objectid":24394,"nombre":"SERVIPERU SICUANI","departamento":"CUSCO","provincia":"CANCHIS","distrito":"SICUANI","institucion":"PRIVADO","codigoMinsa":25937,"direccion":"JIRÓN JULIO C TELLO NÚMERO S/N PISO 1 URBANIZACIÓN MANUEL PRADO DISTRITO SICUANI PROVINCIA CANCHIS DEPARTAMENTO CUSCO","disa":"","red":"","microrred":"","categoria":"ESTABLECIMIENTO DE SALUD SIN INTERNAMIENTO","condicion":"RUC INACTIVO EN SUNAT","actualizado":"2023/08/01 19:00:00.000","fuente":"MINSA","urlRenipr":"http://app20.susalud.gob.pe:8080/registro-renipress-webapp/ipress.htm?action=mostrarVer&idipress=00025937"}},{"type":"Feature","geometry":{"type":"Point","coordinates":[-72.11435399999993,-13.30832399999997]},"properties":{"objectid":24413,"nombre":"SANAR","departamento":"CUSCO","provincia":"URUBAMBA","distrito":"URUBAMBA","institucion":"PRIVADO","codigoMinsa":31231,"direccion":"AVENIDA Mariscal Castilla esquina con jirón Yupanqui PISO 2 DISTRITO URUBAMBA PROVINCIA URUBAMBA DEPARTAMENTO CUSCO","disa":"CUSCO","red":"","microrred":"","categoria":"ESTABLECIMIENTO DE SALUD SIN INTERNAMIENTO","condicion":"ACTIVO","actualizado":"2023/08/01 19:00:00.000","fuente":"MINSA","urlRenipr":"http://app20.susalud.gob.pe:8080/registro-renipress-webapp/ipress.htm?action=mostrarVer&idipress=00031231"}},{"type":"Feature","geometry":{"type":"Point","coordinates":[-71.94562855999999,-13.529158499999937]},"properties":{"objectid":24457,"nombre":"SANCHEZ","departamento":"CUSCO","provincia":"CUSCO","distrito":"WANCHAQ","institucion":"PRIVADO","codigoMinsa":25277,"direccion":"AVENIDA HUAYRUROPATA NÚMERO 1218 LOTE B DISTRITO WANCHAQ PROVINCIA CUSCO DEPARTAMENTO CUSCO","disa":"CUSCO","red":"NO PERTENECE A NINGUNA RED","microrred":"NO PERTENECE A NINGUNA MICRORED","categoria":"ESTABLECIMIENTO DE SALUD SIN INTERNAMIENTO","condicion":"ACTIVO","actualizado":"2023/08/01 19:00:00.000","fuente":"MINSA","urlRenipr":"http://app20.susalud.gob.pe:8080/registro-renipress-webapp/ipress.htm?action=mostrarVer&idipress=00025277"}},{"type":"Feature","geometry":{"type":"Point","coordinates":[-71.93987789999994,-13.53191229999993]},"properties":{"objectid":24495,"nombre":"DR. VICTOR PAREDES","departamento":"CUSCO","provincia":"CUSCO","distrito":"CUSCO","institucion":"PRIVADO","codigoMinsa":10014,"direccion":"CALLE CALLE LECHUGAL Nº 405 Y CALLE MATARA Nº 410 CALLE LECHUGAL Nº 405 Y CALLE MATARA Nº 410 CUSCO CUSCO CUSCO","disa":"CUSCO","red":"NO PERTENECE A NINGUNA RED","microrred":"NO PERTENECE A NINGUNA MICRORED","categoria":"ESTABLECIMIENTO DE SALUD CON INTERNAMIENTO","condicion":"ACTIVO","actualizado":"2023/08/01 19:00:00.000","fuente":"MINSA","urlRenipr":"http://app20.susalud.gob.pe:8080/registro-renipress-webapp/ipress.htm?action=mostrarVer&idipress=00010014"}},{"type":"Feature","geometry":{"type":"Point","coordinates":[-71.59647010999998,-13.317948039999976]},"properties":{"objectid":24540,"nombre":"PAUCARTAMBO -ESSALUD","departamento":"CUSCO","provincia":"PAUCARTAMBO","distrito":"PAUCARTAMBO","institucion":"ESSALUD","codigoMinsa":10077,"direccion":"PLAZA PLAZA DE ARMAS N°124 / PAUCARTAMBO / PAUCARTAMBO / CUSCO DISTRITO PAUCARTAMBO PROVINCIA PAUCARTAMBO DEPARTAMENTO CUSCO","disa":"CUSCO","red":"NO PERTENECE A NINGUNA RED","microrred":"NO PERTENECE A NINGUNA MICRORED","categoria":"ESTABLECIMIENTO DE SALUD SIN INTERNAMIENTO","condicion":"ACTIVO","actualizado":"2023/08/01 19:00:00.000","fuente":"MINSA","urlRenipr":"http://app20.susalud.gob.pe:8080/registro-renipress-webapp/ipress.htm?action=mostrarVer&idipress=00010077"}},{"type":"Feature","geometry":{"type":"Point","coordinates":[-71.96587999999997,-13.521988329999942]},"properties":{"objectid":24620,"nombre":"PARDO","departamento":"CUSCO","provincia":"CUSCO","distrito":"WANCHAQ","institucion":"PRIVADO","codigoMinsa":11338,"direccion":"AVENIDA AV. LA CULTURA Nº 710 DISTRITO WANCHAQ PROVINCIA CUSCO DEPARTAMENTO CUSCO","disa":"CUSCO","red":"","microrred":"NO PERTENECE A NINGUNA MICRORED","categoria":"ESTABLECIMIENTO DE SALUD CON INTERNAMIENTO","condicion":"ACTIVO","actualizado":"2023/08/01 19:00:00.000","fuente":"MINSA","urlRenipr":"http://app20.susalud.gob.pe:8080/registro-renipress-webapp/ipress.htm?action=mostrarVer&idipress=00011338"}},{"type":"Feature","geometry":{"type":"Point","coordinates":[-71.98295219999994,-13.523375699999974]},"properties":{"objectid":24621,"nombre":"CASAFRANCA","departamento":"CUSCO","provincia":"CUSCO","distrito":"SANTIAGO","institucion":"PRIVADO","codigoMinsa":18043,"direccion":"OTROS ALAMEDA PACHACUTEC 506 DISTRITO SANTIAGO PROVINCIA CUSCO DEPARTAMENTO CUSCO","disa":"","red":"","microrred":"","categoria":"ESTABLECIMIENTO DE SALUD SIN INTERNAMIENTO","condicion":"RUC INACTIVO EN SUNAT","actualizado":"2023/08/01 19:00:00.000","fuente":"MINSA","urlRenipr":"http://app20.susalud.gob.pe:8080/registro-renipress-webapp/ipress.htm?action=mostrarVer&idipress=00018043"}},{"type":"Feature","geometry":{"type":"Point","coordinates":[-71.91123181999995,-13.538471239999978]},"properties":{"objectid":24626,"nombre":"TUPAC AMARU","departamento":"CUSCO","provincia":"CUSCO","distrito":"SAN SEBASTIAN","institucion":"GOBIERNO REGIONAL","codigoMinsa":2304,"direccion":"PLAZA PLAZA MICAELA BASTIDAS S/N URB. TUPAC AMARU COMITÉ CENTRO / SAN SEBASTIÁN / CUSCO S/N PLAZA MICAELA BASTIDAS S/N URB. TUPAC AMARU COMITÉ CENTRO / SAN SEBASTIÁN / CUSCO SAN SEBASTIAN CUSCO CUSCO","disa":"","red":"","microrred":"","categoria":"ESTABLECIMIENTO DE SALUD SIN INTERNAMIENTO","condicion":"RETIRO VOLUNTARIO","actualizado":"2023/08/01 19:00:00.000","fuente":"MINSA","urlRenipr":"http://app20.susalud.gob.pe:8080/registro-renipress-webapp/ipress.htm?action=mostrarVer&idipress=00002304"}},{"type":"Feature","geometry":{"type":"Point","coordinates":[-71.69755788999998,-13.597124819999976]},"properties":{"objectid":24627,"nombre":"CAICAY","departamento":"CUSCO","provincia":"PAUCARTAMBO","distrito":"CAICAY","institucion":"GOBIERNO REGIONAL","codigoMinsa":2512,"direccion":"CALLE CALLE TUPAC AMARU S/N / CAY CAY / PAUCARTAMBO / CUSCO NÚMERO S/N DISTRITO CAICAY PROVINCIA PAUCARTAMBO DEPARTAMENTO CUSCO","disa":"CUSCO","red":"CUSCO SUR","microrred":"PAUCARTAMBO","categoria":"ESTABLECIMIENTO DE SALUD SIN INTERNAMIENTO","condicion":"ACTIVO","actualizado":"2023/08/01 19:00:00.000","fuente":"MINSA","urlRenipr":"http://app20.susalud.gob.pe:8080/registro-renipress-webapp/ipress.htm?action=mostrarVer&idipress=00002512"}},{"type":"Feature","geometry":{"type":"Point","coordinates":[-71.95083419999997,-13.526485999999977]},"properties":{"objectid":24635,"nombre":"AMERICANO - CUSCO","departamento":"CUSCO","provincia":"CUSCO","distrito":"WANCHAQ","institucion":"PRIVADO","codigoMinsa":10420,"direccion":"CALLE CALLE ABRAHAM VALDELOMAR A-17 URB. SANTA MONICA DISTRITO WANCHAQ PROVINCIA CUSCO DEPARTAMENTO CUSCO","disa":"CUSCO","red":"NO PERTENECE A NINGUNA RED","microrred":"NO PERTENECE A NINGUNA MICRORED","categoria":"ESTABLECIMIENTO DE SALUD SIN INTERNAMIENTO","condicion":"ACTIVO","actualizado":"2023/08/01 19:00:00.000","fuente":"MINSA","urlRenipr":"http://app20.susalud.gob.pe:8080/registro-renipress-webapp/ipress.htm?action=mostrarVer&idipress=00010420"}},{"type":"Feature","geometry":{"type":"Point","coordinates":[-71.97863578999994,-13.52354072999998]},"properties":{"objectid":24640,"nombre":"BIOMEDIC","departamento":"CUSCO","provincia":"CUSCO","distrito":"CUSCO","institucion":"PRIVADO","codigoMinsa":25579,"direccion":"CALLE LECHUGAL NÚMERO 365 DISTRITO CUSCO PROVINCIA CUSCO DEPARTAMENTO CUSCO","disa":"CUSCO","red":"NO PERTENECE A NINGUNA RED","microrred":"NO PERTENECE A NINGUNA MICRORED","categoria":"ESTABLECIMIENTO DE SALUD SIN INTERNAMIENTO","condicion":"ACTIVO","actualizado":"2023/08/01 19:00:00.000","fuente":"MINSA","urlRenipr":"http://app20.susalud.gob.pe:8080/registro-renipress-webapp/ipress.htm?action=mostrarVer&idipress=00025579"}},{"type":"Feature","geometry":{"type":"Point","coordinates":[-71.98018069999995,-13.524085199999945]},"properties":{"objectid":24663,"nombre":"BELEN SO","departamento":"CUSCO","provincia":"CUSCO","distrito":"SANTIAGO","institucion":"PRIVADO","codigoMinsa":25297,"direccion":"CALLE BELEN (PRIMER Y SEGUNDO PISO OFICINA 210 AL 216) 910 SANTIAGO CUSCO CUSCO","disa":"CUSCO","red":"NO PERTENECE A NINGUNA RED","microrred":"NO PERTENECE A NINGUNA MICRORED","categoria":"ESTABLECIMIENTO DE SALUD SIN INTERNAMIENTO","condicion":"ACTIVO","actualizado":"2023/08/01 19:00:00.000","fuente":"MINSA","urlRenipr":"http://app20.susalud.gob.pe:8080/registro-renipress-webapp/ipress.htm?action=mostrarVer&idipress=00025297"}},{"type":"Feature","geometry":{"type":"Point","coordinates":[-71.96746259999998,-13.531949999999938]},"properties":{"objectid":24731,"nombre":"FERTILIDAD Y GINECOLOGIA DEL SUR","departamento":"CUSCO","provincia":"CUSCO","distrito":"CUSCO","institucion":"PRIVADO","codigoMinsa":19271,"direccion":"OTROS NRO. B-11 URB. MARISCAL GAMARRA (SEGUNDA ETAPA) DISTRITO CUSCO PROVINCIA CUSCO DEPARTAMENTO CUSCO","disa":"CUSCO","red":"NO PERTENECE A NINGUNA RED","microrred":"NO PERTENECE A NINGUNA MICRORED","categoria":"ESTABLECIMIENTO DE SALUD SIN INTERNAMIENTO","condicion":"ACTIVO","actualizado":"2023/08/01 19:00:00.000","fuente":"MINSA","urlRenipr":"http://app20.susalud.gob.pe:8080/registro-renipress-webapp/ipress.htm?action=mostrarVer&idipress=00019271"}},{"type":"Feature","geometry":{"type":"Point","coordinates":[-71.40655869999995,-14.789472299999943]},"properties":{"objectid":24751,"nombre":"HATUN K´ANA","departamento":"CUSCO","provincia":"ESPINAR","distrito":"ESPINAR","institucion":"PRIVADO","codigoMinsa":29698,"direccion":"AVENIDA SAN MARTIN NÚMERO S/N DISTRITO ESPINAR PROVINCIA ESPINAR DEPARTAMENTO CUSCO","disa":"CUSCO","red":"","microrred":"","categoria":"ESTABLECIMIENTO DE SALUD SIN INTERNAMIENTO","condicion":"ACTIVO","actualizado":"2023/08/01 19:00:00.000","fuente":"MINSA","urlRenipr":"http://app20.susalud.gob.pe:8080/registro-renipress-webapp/ipress.htm?action=mostrarVer&idipress=00029698"}},{"type":"Feature","geometry":{"type":"Point","coordinates":[-72.07158628999997,-14.180199899999934]},"properties":{"objectid":24757,"nombre":"YANQUE","departamento":"CUSCO","provincia":"CHUMBIVILCAS","distrito":"COLQUEMARCA","institucion":"GOBIERNO REGIONAL","codigoMinsa":12932,"direccion":"OTROS COMUNIDAD CAMPESINA DE YANQUE DISTRITO COLQUEMARCA PROVINCIA CHUMBIVILCAS DEPARTAMENTO CUSCO","disa":"CUSCO","red":"CHUMBIVILCAS","microrred":"SANTO TOMAS","categoria":"ESTABLECIMIENTO DE SALUD SIN INTERNAMIENTO","condicion":"ACTIVO","actualizado":"2023/08/01 19:00:00.000","fuente":"MINSA","urlRenipr":"http://app20.susalud.gob.pe:8080/registro-renipress-webapp/ipress.htm?action=mostrarVer&idipress=00012932"}},{"type":"Feature","geometry":{"type":"Point","coordinates":[-72.13756166999997,-14.311231669999927]},"properties":{"objectid":24758,"nombre":"QUIÑOTA","departamento":"CUSCO","provincia":"CHUMBIVILCAS","distrito":"QUIÑOTA","institucion":"GOBIERNO REGIONAL","codigoMinsa":2408,"direccion":"PLAZA PLAZA DE ARMAS DE QUIÑOTA S/N / QUIÑOTA / CHUMBIVILCAS / CUSCO S/N PLAZA DE ARMAS DE QUIÑOTA S/N / QUIÑOTA / CHUMBIVILCAS / CUSCO QUIÑOTA CHUMBIVILCAS CUSCO","disa":"CUSCO","red":"CHUMBIVILCAS","microrred":"SANTO TOMAS","categoria":"ESTABLECIMIENTO DE SALUD SIN INTERNAMIENTO","condicion":"ACTIVO","actualizado":"2023/08/01 19:00:00.000","fuente":"MINSA","urlRenipr":"http://app20.susalud.gob.pe:8080/registro-renipress-webapp/ipress.htm?action=mostrarVer&idipress=00002408"}},{"type":"Feature","geometry":{"type":"Point","coordinates":[-71.79830166999994,-14.352089999999976]},"properties":{"objectid":24759,"nombre":"AÑAHUICHI","departamento":"CUSCO","provincia":"CHUMBIVILCAS","distrito":"CHAMACA","institucion":"GOBIERNO REGIONAL","codigoMinsa":2403,"direccion":"OTROS CENTRO POBLADO AÑAHUICHI/ CHAMACA / CHUMBIVILCAS / CUSCO DISTRITO CHAMACA PROVINCIA CHUMBIVILCAS DEPARTAMENTO CUSCO","disa":"CUSCO","red":"CHUMBIVILCAS","microrred":"LIVITACA","categoria":"ESTABLECIMIENTO DE SALUD SIN INTERNAMIENTO","condicion":"ACTIVO","actualizado":"2023/08/01 19:00:00.000","fuente":"MINSA","urlRenipr":"http://app20.susalud.gob.pe:8080/registro-renipress-webapp/ipress.htm?action=mostrarVer&idipress=00002403"}},{"type":"Feature","geometry":{"type":"Point","coordinates":[-71.99634188999994,-14.007946329999982]},"properties":{"objectid":24760,"nombre":"CCAPACMARCA","departamento":"CUSCO","provincia":"CHUMBIVILCAS","distrito":"CAPACMARCA","institucion":"GOBIERNO REGIONAL","codigoMinsa":2401,"direccion":"OTROS SECTOR TAQUINA S/D CAPACMARCA CHUMBIVILCAS CUSCO","disa":"CUSCO","red":"CHUMBIVILCAS","microrred":"SANTO TOMAS","categoria":"ESTABLECIMIENTO DE SALUD SIN INTERNAMIENTO","condicion":"ACTIVO","actualizado":"2023/08/01 19:00:00.000","fuente":"MINSA","urlRenipr":"http://app20.susalud.gob.pe:8080/registro-renipress-webapp/ipress.htm?action=mostrarVer&idipress=00002401"}},{"type":"Feature","geometry":{"type":"Point","coordinates":[-72.14558899999997,-13.449780789999977]},"properties":{"objectid":24842,"nombre":"ASISTENCIA MEDICA HORIZONTE","departamento":"CUSCO","provincia":"ANTA","distrito":"ANTA","institucion":"PRIVADO","codigoMinsa":29334,"direccion":"OTROS COMUNIDAD CAMPESINA YUNGAQUI MANZANA A LOTE 1C DISTRITO ANTA PROVINCIA ANTA DEPARTAMENTO CUSCO","disa":"CUSCO","red":"","microrred":"","categoria":"ESTABLECIMIENTO DE SALUD SIN INTERNAMIENTO","condicion":"ACTIVO","actualizado":"2023/08/01 19:00:00.000","fuente":"MINSA","urlRenipr":"http://app20.susalud.gob.pe:8080/registro-renipress-webapp/ipress.htm?action=mostrarVer&idipress=00029334"}},{"type":"Feature","geometry":{"type":"Point","coordinates":[-71.96047938999999,-13.531692779999958]},"properties":{"objectid":24899,"nombre":"NICKI LAB","departamento":"CUSCO","provincia":"CUSCO","distrito":"WANCHAQ","institucion":"PRIVADO","codigoMinsa":28216,"direccion":"URBANIZACIÓN LA FLORIDA DISTRITO WANCHAQ PROVINCIA CUSCO DEPARTAMENTO CUSCO","disa":"CUSCO","red":"NO PERTENECE A NINGUNA RED","microrred":"NO PERTENECE A NINGUNA MICRORED","categoria":"SERVICIO MÉDICO DE APOYO","condicion":"ACTIVO","actualizado":"2023/08/01 19:00:00.000","fuente":"MINSA","urlRenipr":"http://app20.susalud.gob.pe:8080/registro-renipress-webapp/ipress.htm?action=mostrarVer&idipress=00028216"}},{"type":"Feature","geometry":{"type":"Point","coordinates":[-71.97355739999995,-13.52063899999996]},"properties":{"objectid":24907,"nombre":"GONZALES FLORES","departamento":"CUSCO","provincia":"CUSCO","distrito":"WANCHAQ","institucion":"PRIVADO","codigoMinsa":29403,"direccion":"OTROS CCHH AMAUTA BLOQUE A1 PISO 2 INTERIOR 204 DISTRITO WANCHAQ PROVINCIA CUSCO DEPARTAMENTO CUSCO","disa":"CUSCO","red":"","microrred":"","categoria":"ESTABLECIMIENTO DE SALUD SIN INTERNAMIENTO","condicion":"ACTIVO","actualizado":"2023/08/01 19:00:00.000","fuente":"MINSA","urlRenipr":"http://app20.susalud.gob.pe:8080/registro-renipress-webapp/ipress.htm?action=mostrarVer&idipress=00029403"}},{"type":"Feature","geometry":{"type":"Point","coordinates":[-71.88891474999997,-13.544428979999964]},"properties":{"objectid":24928,"nombre":"DENTOPOLIS","departamento":"CUSCO","provincia":"CUSCO","distrito":"SAN JERONIMO","institucion":"PRIVADO","codigoMinsa":29909,"direccion":"AVENIDA LLOCLLAPATA NÚMERO 140 PISO 2 DISTRITO SAN JERONIMO PROVINCIA CUSCO DEPARTAMENTO CUSCO","disa":"CUSCO","red":"","microrred":"","categoria":"ESTABLECIMIENTO DE SALUD SIN INTERNAMIENTO","condicion":"ACTIVO","actualizado":"2023/08/01 19:00:00.000","fuente":"MINSA","urlRenipr":"http://app20.susalud.gob.pe:8080/registro-renipress-webapp/ipress.htm?action=mostrarVer&idipress=00029909"}},{"type":"Feature","geometry":{"type":"Point","coordinates":[-71.94932279999995,-13.527234799999974]},"properties":{"objectid":24974,"nombre":"PRANA","departamento":"CUSCO","provincia":"CUSCO","distrito":"CUSCO","institucion":"PRIVADO","codigoMinsa":29468,"direccion":"CALLE OSWALDO BACA NÚMERO 209 LOTE A URBANIZACIÓN MAGISTERIO DISTRITO CUSCO PROVINCIA CUSCO DEPARTAMENTO CUSCO","disa":"","red":"","microrred":"","categoria":"ESTABLECIMIENTO DE SALUD SIN INTERNAMIENTO","condicion":"RETIRO VOLUNTARIO","actualizado":"2023/08/01 19:00:00.000","fuente":"MINSA","urlRenipr":"http://app20.susalud.gob.pe:8080/registro-renipress-webapp/ipress.htm?action=mostrarVer&idipress=00029468"}},{"type":"Feature","geometry":{"type":"Point","coordinates":[-71.95553212999994,-13.524314389999972]},"properties":{"objectid":25017,"nombre":"VIRGEN INMACULADA CUSCO","departamento":"CUSCO","provincia":"CUSCO","distrito":"WANCHAQ","institucion":"PRIVADO","codigoMinsa":29615,"direccion":"AVENIDA DE LA CULTURA OFICINA 809 NÚMERO 1302 PISO 8 DISTRITO WANCHAQ PROVINCIA CUSCO DEPARTAMENTO CUSCO","disa":"CUSCO","red":"","microrred":"","categoria":"SERVICIO MÉDICO DE APOYO","condicion":"ACTIVO","actualizado":"2023/08/01 19:00:00.000","fuente":"MINSA","urlRenipr":"http://app20.susalud.gob.pe:8080/registro-renipress-webapp/ipress.htm?action=mostrarVer&idipress=00029615"}},{"type":"Feature","geometry":{"type":"Point","coordinates":[-71.95433361999994,-13.525193419999937]},"properties":{"objectid":25126,"nombre":"ERGONOMIC","departamento":"CUSCO","provincia":"CUSCO","distrito":"WANCHAQ","institucion":"PRIVADO","codigoMinsa":10596,"direccion":"AVENIDA AV DE LA CULTURA Nº 1522 PRIMER Y TERCER NIVEL DISTRITO WANCHAQ PROVINCIA CUSCO DEPARTAMENTO CUSCO","disa":"CUSCO","red":"NO PERTENECE A NINGUNA RED","microrred":"NO PERTENECE A NINGUNA MICRORED","categoria":"ESTABLECIMIENTO DE SALUD SIN INTERNAMIENTO","condicion":"ACTIVO","actualizado":"2023/08/01 19:00:00.000","fuente":"MINSA","urlRenipr":"http://app20.susalud.gob.pe:8080/registro-renipress-webapp/ipress.htm?action=mostrarVer&idipress=00010596"}},{"type":"Feature","geometry":{"type":"Point","coordinates":[-71.92086789999996,-13.364596399999982]},"properties":{"objectid":25205,"nombre":"HUARQUI","departamento":"CUSCO","provincia":"CALCA","distrito":"LAMAY","institucion":"GOBIERNO REGIONAL","codigoMinsa":25368,"direccion":"TROCHA CARROZABLE CHAUPIMAYO NÚMERO S/N DISTRITO LAMAY PROVINCIA CALCA DEPARTAMENTO CUSCO","disa":"CUSCO","red":"CUSCO NORTE","microrred":"PISAC","categoria":"ESTABLECIMIENTO DE SALUD SIN INTERNAMIENTO","condicion":"ACTIVO","actualizado":"2023/08/01 19:00:00.000","fuente":"MINSA","urlRenipr":"http://app20.susalud.gob.pe:8080/registro-renipress-webapp/ipress.htm?action=mostrarVer&idipress=00025368"}},{"type":"Feature","geometry":{"type":"Point","coordinates":[-72.23942022999995,-12.543295909999927]},"properties":{"objectid":25206,"nombre":"BELLAVISTA","departamento":"CUSCO","provincia":"CALCA","distrito":"YANATILE","institucion":"GOBIERNO REGIONAL","codigoMinsa":6973,"direccion":"OTROS COMUNIDAD DE BELLAVISTA S/N / YANATILE / CALCA / CUSCO NÚMERO S/N DISTRITO YANATILE PROVINCIA CALCA DEPARTAMENTO CUSCO","disa":"CUSCO","red":"CUSCO NORTE","microrred":"YANATILE","categoria":"ESTABLECIMIENTO DE SALUD SIN INTERNAMIENTO","condicion":"ACTIVO","actualizado":"2023/08/01 19:00:00.000","fuente":"MINSA","urlRenipr":"http://app20.susalud.gob.pe:8080/registro-renipress-webapp/ipress.htm?action=mostrarVer&idipress=00006973"}},{"type":"Feature","geometry":{"type":"Point","coordinates":[-72.04490083999997,-13.102160159999926]},"properties":{"objectid":25207,"nombre":"LARES","departamento":"CUSCO","provincia":"CALCA","distrito":"LARES","institucion":"GOBIERNO REGIONAL","codigoMinsa":2347,"direccion":"CALLE CALLE OLLANTA S/N / LARES / CALCA / CUSCO S/N CALLE OLLANTA S/N / LARES / CALCA / CUSCO LARES CALCA CUSCO","disa":"CUSCO","red":"CUSCO NORTE","microrred":"CALCA","categoria":"ESTABLECIMIENTO DE SALUD SIN INTERNAMIENTO","condicion":"ACTIVO","actualizado":"2023/08/01 19:00:00.000","fuente":"MINSA","urlRenipr":"http://app20.susalud.gob.pe:8080/registro-renipress-webapp/ipress.htm?action=mostrarVer&idipress=00002347"}},{"type":"Feature","geometry":{"type":"Point","coordinates":[-72.40171144999994,-13.443351159999963]},"properties":{"objectid":25208,"nombre":"PAMPACONGA","departamento":"CUSCO","provincia":"ANTA","distrito":"LIMATAMBO","institucion":"GOBIERNO REGIONAL","codigoMinsa":2337,"direccion":"CALLE CALLE CHACCLLANCCA S/N PAMPACONGA / LIMATAMBO / ANTA / CUSCO S/N CALLE CHACCLLANCCA S/N PAMPACONGA / LIMATAMBO / ANTA / CUSCO LIMATAMBO ANTA CUSCO","disa":"CUSCO","red":"CUSCO NORTE","microrred":"LIMATAMBO","categoria":"ESTABLECIMIENTO DE SALUD SIN INTERNAMIENTO","condicion":"ACTIVO","actualizado":"2023/08/01 19:00:00.000","fuente":"MINSA","urlRenipr":"http://app20.susalud.gob.pe:8080/registro-renipress-webapp/ipress.htm?action=mostrarVer&idipress=00002337"}},{"type":"Feature","geometry":{"type":"Point","coordinates":[-72.33524941999997,-13.581986669999935]},"properties":{"objectid":25209,"nombre":"PANTIPATA","departamento":"CUSCO","provincia":"ANTA","distrito":"CHINCHAYPUJIO","institucion":"GOBIERNO REGIONAL","codigoMinsa":6972,"direccion":"OTROS COMUNIDAD PANTIPATA / CHINCHAYPUJIO / ANTA / CUSCO DISTRITO CHINCHAYPUJIO PROVINCIA ANTA DEPARTAMENTO CUSCO","disa":"CUSCO","red":"CUSCO NORTE","microrred":"ANTA","categoria":"ESTABLECIMIENTO DE SALUD SIN INTERNAMIENTO","condicion":"ACTIVO","actualizado":"2023/08/01 19:00:00.000","fuente":"MINSA","urlRenipr":"http://app20.susalud.gob.pe:8080/registro-renipress-webapp/ipress.htm?action=mostrarVer&idipress=00006972"}},{"type":"Feature","geometry":{"type":"Point","coordinates":[-71.87267867999998,-13.336770539999975]},"properties":{"objectid":25210,"nombre":"HUAMA","departamento":"CUSCO","provincia":"CALCA","distrito":"LAMAY","institucion":"GOBIERNO REGIONAL","codigoMinsa":7145,"direccion":"OTROS COMUNIDAD HUAMA S/N / LAMAY / CALCA / CUSCO NÚMERO S/N DISTRITO LAMAY PROVINCIA CALCA DEPARTAMENTO CUSCO","disa":"CUSCO","red":"CUSCO NORTE","microrred":"PISAC","categoria":"ESTABLECIMIENTO DE SALUD SIN INTERNAMIENTO","condicion":"ACTIVO","actualizado":"2023/08/01 19:00:00.000","fuente":"MINSA","urlRenipr":"http://app20.susalud.gob.pe:8080/registro-renipress-webapp/ipress.htm?action=mostrarVer&idipress=00007145"}},{"type":"Feature","geometry":{"type":"Point","coordinates":[-72.15800095999998,-13.335319589999926]},"properties":{"objectid":25211,"nombre":"MARAS","departamento":"CUSCO","provincia":"URUBAMBA","distrito":"MARAS","institucion":"GOBIERNO REGIONAL","codigoMinsa":2548,"direccion":"CALLE CALLE ESPINAR CON TUPAC AMARU / MARAS / URUBAMBA / CUSCO CALLE ESPINAR CON TUPAC AMARU / MARAS / URUBAMBA / CUSCO MARAS URUBAMBA CUSCO","disa":"CUSCO","red":"CUSCO NORTE","microrred":"URUBAMBA","categoria":"ESTABLECIMIENTO DE SALUD CON INTERNAMIENTO","condicion":"ACTIVO","actualizado":"2023/08/01 19:00:00.000","fuente":"MINSA","urlRenipr":"http://app20.susalud.gob.pe:8080/registro-renipress-webapp/ipress.htm?action=mostrarVer&idipress=00002548"}},{"type":"Feature","geometry":{"type":"Point","coordinates":[-72.05718224999998,-13.033995609999977]},"properties":{"objectid":25212,"nombre":"CCACHIN","departamento":"CUSCO","provincia":"CALCA","distrito":"LARES","institucion":"GOBIERNO REGIONAL","codigoMinsa":2345,"direccion":"OTROS CAMINO DE HERRADURA A LA COMUNIDAD DE ROSASPATA / LARES / CALCA / CUSCO CAMINO DE HERRADURA A LA COMUNIDAD DE ROSASPATA / LARES / CALCA / CUSCO LARES CALCA CUSCO","disa":"CUSCO","red":"CUSCO NORTE","microrred":"CALCA","categoria":"ESTABLECIMIENTO DE SALUD SIN INTERNAMIENTO","condicion":"ACTIVO","actualizado":"2023/08/01 19:00:00.000","fuente":"MINSA","urlRenipr":"http://app20.susalud.gob.pe:8080/registro-renipress-webapp/ipress.htm?action=mostrarVer&idipress=00002345"}},{"type":"Feature","geometry":{"type":"Point","coordinates":[-71.99185312999998,-13.519583229999967]},"properties":{"objectid":25213,"nombre":"SAN PEDRO CUSCO","departamento":"CUSCO","provincia":"CUSCO","distrito":"CUSCO","institucion":"GOBIERNO REGIONAL","codigoMinsa":2290,"direccion":"CALLE CALLE LOS INCAS S/N / CUSCO NÚMERO S/N DISTRITO CUSCO PROVINCIA CUSCO DEPARTAMENTO CUSCO","disa":"CUSCO","red":"CUSCO NORTE","microrred":"SIETE CUARTONES","categoria":"ESTABLECIMIENTO DE SALUD SIN INTERNAMIENTO","condicion":"ACTIVO","actualizado":"2023/08/01 19:00:00.000","fuente":"MINSA","urlRenipr":"http://app20.susalud.gob.pe:8080/registro-renipress-webapp/ipress.htm?action=mostrarVer&idipress=00002290"}},{"type":"Feature","geometry":{"type":"Point","coordinates":[-71.96424930999996,-13.531178099999977]},"properties":{"objectid":25221,"nombre":"SOS MEDICAL GROUP","departamento":"CUSCO","provincia":"CUSCO","distrito":"WANCHAQ","institucion":"PRIVADO","codigoMinsa":16037,"direccion":"AVENIDA AVENIDA LAS GARDENIAS MZ.O LOTE: 3, URB. LA FLORIDA DISTRITO WANCHAQ PROVINCIA CUSCO DEPARTAMENTO CUSCO","disa":"CUSCO","red":"NO PERTENECE A NINGUNA RED","microrred":"NO PERTENECE A NINGUNA MICRORED","categoria":"ESTABLECIMIENTO DE SALUD CON INTERNAMIENTO","condicion":"ACTIVO","actualizado":"2023/08/01 19:00:00.000","fuente":"MINSA","urlRenipr":"http://app20.susalud.gob.pe:8080/registro-renipress-webapp/ipress.htm?action=mostrarVer&idipress=00016037"}},{"type":"Feature","geometry":{"type":"Point","coordinates":[-73.82721679999997,-12.51743579999993]},"properties":{"objectid":25427,"nombre":"SANTA ROSA DE PICHARI","departamento":"CUSCO","provincia":"LA CONVENCION","distrito":"PICHARI","institucion":"PRIVADO","codigoMinsa":18052,"direccion":"AVENIDA MARISCAL CACERES NÚMERO 209 DISTRITO PICHARI PROVINCIA LA CONVENCION DEPARTAMENTO CUSCO","disa":"CUSCO","red":"","microrred":"NO PERTENECE A NINGUNA MICRORED","categoria":"ESTABLECIMIENTO DE SALUD SIN INTERNAMIENTO","condicion":"ACTIVO","actualizado":"2023/08/01 19:00:00.000","fuente":"MINSA","urlRenipr":"http://app20.susalud.gob.pe:8080/registro-renipress-webapp/ipress.htm?action=mostrarVer&idipress=00018052"}},{"type":"Feature","geometry":{"type":"Point","coordinates":[-71.95538895999994,-13.525466479999977]},"properties":{"objectid":26009,"nombre":"THANIWAWA","departamento":"CUSCO","provincia":"CUSCO","distrito":"WANCHAQ","institucion":"PRIVADO","codigoMinsa":26112,"direccion":"AVENIDA LOS INCAS N?ERO 1418 DISTRITO WANCHAQ PROVINCIA CUSCO DEPARTAMENTO CUSCO","disa":"CUSCO","red":"NO PERTENECE A NINGUNA RED","microrred":"NO PERTENECE A NINGUNA MICRORED","categoria":"ESTABLECIMIENTO DE SALUD SIN INTERNAMIENTO","condicion":"ACTIVO","actualizado":"2023/08/01 19:00:00.000","fuente":"MINSA","urlRenipr":"http://app20.susalud.gob.pe:8080/registro-renipress-webapp/ipress.htm?action=mostrarVer&idipress=00026112"}},{"type":"Feature","geometry":{"type":"Point","coordinates":[-73.85585666999998,-12.46129166999998]},"properties":{"objectid":26057,"nombre":"OTARI","departamento":"CUSCO","provincia":"LA CONVENCION","distrito":"PICHARI","institucion":"GOBIERNO REGIONAL","codigoMinsa":2497,"direccion":"OTROS COMUNIDAD OTARI / PICHARI / LA CONVENCIÓN / CUSCO DISTRITO PICHARI PROVINCIA LA CONVENCION DEPARTAMENTO CUSCO","disa":"CUSCO","red":"KIMBIRI PICHARI","microrred":"PICHARI","categoria":"ESTABLECIMIENTO DE SALUD SIN INTERNAMIENTO","condicion":"ACTIVO","actualizado":"2023/08/01 19:00:00.000","fuente":"MINSA","urlRenipr":"http://app20.susalud.gob.pe:8080/registro-renipress-webapp/ipress.htm?action=mostrarVer&idipress=00002497"}},{"type":"Feature","geometry":{"type":"Point","coordinates":[-71.94568431999994,-13.526258169999949]},"properties":{"objectid":26080,"nombre":"INSPIRA","departamento":"CUSCO","provincia":"CUSCO","distrito":"CUSCO","institucion":"PRIVADO","codigoMinsa":29184,"direccion":"AVENIDA PERU MANZANA K LOTE 7 URBANIZACIÓN QUISPICANCHI DISTRITO CUSCO PROVINCIA CUSCO DEPARTAMENTO CUSCO","disa":"CUSCO","red":"NO PERTENECE A NINGUNA RED","microrred":"NO PERTENECE A NINGUNA MICRORED","categoria":"ESTABLECIMIENTO DE SALUD SIN INTERNAMIENTO","condicion":"ACTIVO","actualizado":"2023/08/01 19:00:00.000","fuente":"MINSA","urlRenipr":"http://app20.susalud.gob.pe:8080/registro-renipress-webapp/ipress.htm?action=mostrarVer&idipress=00029184"}},{"type":"Feature","geometry":{"type":"Point","coordinates":[-71.96746259999998,-13.531949999999938]},"properties":{"objectid":26185,"nombre":"MAS VIDA","departamento":"CUSCO","provincia":"CUSCO","distrito":"WANCHAQ","institucion":"PRIVADO","codigoMinsa":24655,"direccion":"AVENIDA LA CULTURA OFICINA 801, 802,803,804 Y 809 NÚMERO 1302 PISO 8 DISTRITO WANCHAQ PROVINCIA CUSCO DEPARTAMENTO CUSCO","disa":"CUSCO","red":"","microrred":"","categoria":"ESTABLECIMIENTO DE SALUD SIN INTERNAMIENTO","condicion":"ACTIVO","actualizado":"2023/08/01 19:00:00.000","fuente":"MINSA","urlRenipr":"http://app20.susalud.gob.pe:8080/registro-renipress-webapp/ipress.htm?action=mostrarVer&idipress=00024655"}},{"type":"Feature","geometry":{"type":"Point","coordinates":[-71.40589599999998,-14.787947599999939]},"properties":{"objectid":26188,"nombre":"SAN FELIPE","departamento":"CUSCO","provincia":"ESPINAR","distrito":"ESPINAR","institucion":"PRIVADO","codigoMinsa":26501,"direccion":"CALLE ANTA NÚMERO 107 PISO 2 DISTRITO ESPINAR PROVINCIA ESPINAR DEPARTAMENTO CUSCO","disa":"CUSCO","red":"","microrred":"","categoria":"ESTABLECIMIENTO DE SALUD SIN INTERNAMIENTO","condicion":"ACTIVO","actualizado":"2023/08/01 19:00:00.000","fuente":"MINSA","urlRenipr":"http://app20.susalud.gob.pe:8080/registro-renipress-webapp/ipress.htm?action=mostrarVer&idipress=00026501"}},{"type":"Feature","geometry":{"type":"Point","coordinates":[-71.98113917999996,-13.526150289999975]},"properties":{"objectid":26272,"nombre":"Belen de Santiago.","departamento":"CUSCO","provincia":"CUSCO","distrito":"SANTIAGO","institucion":"PRIVADO","codigoMinsa":24398,"direccion":"PARQUE PLAZOLETA BELEN NÚMERO 380 PISO 1 INTERIOR 101 DISTRITO SANTIAGO PROVINCIA CUSCO DEPARTAMENTO CUSCO","disa":"CUSCO","red":"NO PERTENECE A NINGUNA RED","microrred":"NO PERTENECE A NINGUNA MICRORED","categoria":"ESTABLECIMIENTO DE SALUD SIN INTERNAMIENTO","condicion":"ACTIVO","actualizado":"2023/08/01 19:00:00.000","fuente":"MINSA","urlRenipr":"http://app20.susalud.gob.pe:8080/registro-renipress-webapp/ipress.htm?action=mostrarVer&idipress=00024398"}},{"type":"Feature","geometry":{"type":"Point","coordinates":[-71.89315799999997,-13.549179999999978]},"properties":{"objectid":26414,"nombre":"PATRON SAN JERONIMO SAC","departamento":"CUSCO","provincia":"CUSCO","distrito":"SAN JERONIMO","institucion":"PRIVADO","codigoMinsa":24050,"direccion":"URBANIZACIÓN LA CANTUTA PISO 1 DISTRITO SAN JERONIMO PROVINCIA CUSCO DEPARTAMENTO CUSCO","disa":"","red":"","microrred":"","categoria":"ESTABLECIMIENTO DE SALUD SIN INTERNAMIENTO","condicion":"RUC INACTIVO EN SUNAT","actualizado":"2023/08/01 19:00:00.000","fuente":"MINSA","urlRenipr":"http://app20.susalud.gob.pe:8080/registro-renipress-webapp/ipress.htm?action=mostrarVer&idipress=00024050"}},{"type":"Feature","geometry":{"type":"Point","coordinates":[-71.94902569999994,-13.53469089999993]},"properties":{"objectid":26418,"nombre":"DÍAZ ALVIZURI","departamento":"CUSCO","provincia":"CUSCO","distrito":"WANCHAQ","institucion":"PRIVADO","codigoMinsa":25578,"direccion":"JIRÓN ESPINAR MANZANA I LOTE 15 URBANIZACIÓN PROGRESO DISTRITO WANCHAQ PROVINCIA CUSCO DEPARTAMENTO CUSCO","disa":"CUSCO","red":"NO PERTENECE A NINGUNA RED","microrred":"NO PERTENECE A NINGUNA MICRORED","categoria":"ESTABLECIMIENTO DE SALUD SIN INTERNAMIENTO","condicion":"ACTIVO","actualizado":"2023/08/01 19:00:00.000","fuente":"MINSA","urlRenipr":"http://app20.susalud.gob.pe:8080/registro-renipress-webapp/ipress.htm?action=mostrarVer&idipress=00025578"}},{"type":"Feature","geometry":{"type":"Point","coordinates":[-71.45395898999993,-14.025637639999957]},"properties":{"objectid":26421,"nombre":"CHECACUPE","departamento":"CUSCO","provincia":"CANCHIS","distrito":"CHECACUPE","institucion":"GOBIERNO REGIONAL","codigoMinsa":2385,"direccion":"AVENIDA AVENIDA ESTACION SIN NUMERO / CHECACUPE / CANCHIS / CUSCO AVENIDA ESTACION SIN NUMERO / CHECACUPE / CANCHIS / CUSCO CHECACUPE CANCHIS CUSCO","disa":"CUSCO","red":"CANAS-CANCHIS-ESPINAR","microrred":"COMBAPATA","categoria":"ESTABLECIMIENTO DE SALUD SIN INTERNAMIENTO","condicion":"ACTIVO","actualizado":"2023/08/01 19:00:00.000","fuente":"MINSA","urlRenipr":"http://app20.susalud.gob.pe:8080/registro-renipress-webapp/ipress.htm?action=mostrarVer&idipress=00002385"}},{"type":"Feature","geometry":{"type":"Point","coordinates":[-72.40612496999995,-12.433889829999941]},"properties":{"objectid":26469,"nombre":"SAN MARTIN","departamento":"CUSCO","provincia":"LA CONVENCION","distrito":"QUELLOUNO","institucion":"GOBIERNO REGIONAL","codigoMinsa":2468,"direccion":"OTROS POBLADO SAN MARTIN / QUELLOUNO / LA CONVENCION / CUSCO POBLADO SAN MARTIN / QUELLOUNO / LA CONVENCION / CUSCO QUELLOUNO LA CONVENCION CUSCO","disa":"CUSCO","red":"LA CONVENCION","microrred":"QUELLOUNO","categoria":"ESTABLECIMIENTO DE SALUD SIN INTERNAMIENTO","condicion":"ACTIVO","actualizado":"2023/08/01 19:00:00.000","fuente":"MINSA","urlRenipr":"http://app20.susalud.gob.pe:8080/registro-renipress-webapp/ipress.htm?action=mostrarVer&idipress=00002468"}},{"type":"Feature","geometry":{"type":"Point","coordinates":[-73.10636229999994,-11.501899339999966]},"properties":{"objectid":26470,"nombre":"NUEVA VIDA","departamento":"CUSCO","provincia":"LA CONVENCION","distrito":"MEGANTONI","institucion":"GOBIERNO REGIONAL","codigoMinsa":15235,"direccion":"OTROS COMUNIDAD NATIVA DE NUEVA VIDA S/N MEGANTONI LA CONVENCION CUSCO","disa":"CUSCO","red":"LA CONVENCION","microrred":"KAMISEA","categoria":"ESTABLECIMIENTO DE SALUD SIN INTERNAMIENTO","condicion":"ACTIVO","actualizado":"2023/08/01 19:00:00.000","fuente":"MINSA","urlRenipr":"http://app20.susalud.gob.pe:8080/registro-renipress-webapp/ipress.htm?action=mostrarVer&idipress=00015235"}},{"type":"Feature","geometry":{"type":"Point","coordinates":[-72.96500240999995,-12.464633789999937]},"properties":{"objectid":26471,"nombre":"IVOCHOTE","departamento":"CUSCO","provincia":"LA CONVENCION","distrito":"ECHARATE","institucion":"GOBIERNO REGIONAL","codigoMinsa":2431,"direccion":"OTROS IVOCHOTE / ECHARATE / LA CONVENCION / CUSCO IVOCHOTE / ECHARATE / LA CONVENCION / CUSCO ECHARATE LA CONVENCION CUSCO","disa":"CUSCO","red":"LA CONVENCION","microrred":"KITENI","categoria":"ESTABLECIMIENTO DE SALUD SIN INTERNAMIENTO","condicion":"ACTIVO","actualizado":"2023/08/01 19:00:00.000","fuente":"MINSA","urlRenipr":"http://app20.susalud.gob.pe:8080/registro-renipress-webapp/ipress.htm?action=mostrarVer&idipress=00002431"}},{"type":"Feature","geometry":{"type":"Point","coordinates":[-71.94902569999994,-13.53469089999993]},"properties":{"objectid":26743,"nombre":"SEÑOR DE HUANCA","departamento":"CUSCO","provincia":"CUSCO","distrito":"WANCHAQ","institucion":"PRIVADO","codigoMinsa":30741,"direccion":"AVENIDA PEDRO VILCAPAZA PRIMER Y SEGUNDO PISO OFICINA 201 NÚMERO 208 MANZANA B DISTRITO WANCHAQ PROVINCIA CUSCO DEPARTAMENTO CUSCO","disa":"CUSCO","red":"","microrred":"","categoria":"ESTABLECIMIENTO DE SALUD SIN INTERNAMIENTO","condicion":"ACTIVO","actualizado":"2023/08/01 19:00:00.000","fuente":"MINSA","urlRenipr":"http://app20.susalud.gob.pe:8080/registro-renipress-webapp/ipress.htm?action=mostrarVer&idipress=00030741"}},{"type":"Feature","geometry":{"type":"Point","coordinates":[-71.63893293999996,-13.692256719999932]},"properties":{"objectid":26756,"nombre":"MENTAL COMUNITARIO HUARO","departamento":"CUSCO","provincia":"QUISPICANCHI","distrito":"HUARO","institucion":"GOBIERNO REGIONAL","codigoMinsa":30708,"direccion":"AVENIDA HUASCAR S/N PRIMER PISO DEL CENTRO DE CONVENCIONES DE HUARO HUARO QUISPICANCHI CUSCO","disa":"CUSCO","red":"CUSCO SUR","microrred":"URCOS","categoria":"ESTABLECIMIENTO DE SALUD SIN INTERNAMIENTO","condicion":"ACTIVO","actualizado":"2023/08/01 19:00:00.000","fuente":"MINSA","urlRenipr":"http://app20.susalud.gob.pe:8080/registro-renipress-webapp/ipress.htm?action=mostrarVer&idipress=00030708"}},{"type":"Feature","geometry":{"type":"Point","coordinates":[-71.41941204999995,-13.865071249999971]},"properties":{"objectid":26757,"nombre":"CHILLIHUANI","departamento":"CUSCO","provincia":"QUISPICANCHI","distrito":"CUSIPATA","institucion":"GOBIERNO REGIONAL","codigoMinsa":6980,"direccion":"OTROS COMUNIDAD CHILLIHUANI / CUSIPATA / QUISPICANCHI / CUSCO DISTRITO CUSIPATA PROVINCIA QUISPICANCHI DEPARTAMENTO CUSCO","disa":"CUSCO","red":"CUSCO SUR","microrred":"URCOS","categoria":"ESTABLECIMIENTO DE SALUD SIN INTERNAMIENTO","condicion":"ACTIVO","actualizado":"2023/08/01 19:00:00.000","fuente":"MINSA","urlRenipr":"http://app20.susalud.gob.pe:8080/registro-renipress-webapp/ipress.htm?action=mostrarVer&idipress=00006980"}},{"type":"Feature","geometry":{"type":"Point","coordinates":[-72.08443128999994,-13.853190679999955]},"properties":{"objectid":26758,"nombre":"CCAPI","departamento":"CUSCO","provincia":"PARURO","distrito":"CCAPI","institucion":"GOBIERNO REGIONAL","codigoMinsa":2501,"direccion":"OTROS SECTOR INCACONA / CCAPI / PARURO / CUSCO DISTRITO CCAPI PROVINCIA PARURO DEPARTAMENTO CUSCO","disa":"CUSCO","red":"CUSCO SUR","microrred":"PARURO","categoria":"ESTABLECIMIENTO DE SALUD SIN INTERNAMIENTO","condicion":"ACTIVO","actualizado":"2023/08/01 19:00:00.000","fuente":"MINSA","urlRenipr":"http://app20.susalud.gob.pe:8080/registro-renipress-webapp/ipress.htm?action=mostrarVer&idipress=00002501"}},{"type":"Feature","geometry":{"type":"Point","coordinates":[-71.92948186999996,-13.532611329999952]},"properties":{"objectid":26759,"nombre":"SAN SEBASTIAN","departamento":"CUSCO","provincia":"CUSCO","distrito":"SAN SEBASTIAN","institucion":"GOBIERNO REGIONAL","codigoMinsa":2301,"direccion":"AVENIDA AVENIDA CUSCO S/N / SAN SEBASTIÁN / CUSCO / CUSCO S/N AVENIDA CUSCO S/N / SAN SEBASTIÁN / CUSCO / CUSCO SAN SEBASTIAN CUSCO CUSCO","disa":"CUSCO","red":"CUSCO SUR","microrred":"CUSCO","categoria":"ESTABLECIMIENTO DE SALUD SIN INTERNAMIENTO","condicion":"ACTIVO","actualizado":"2023/08/01 19:00:00.000","fuente":"MINSA","urlRenipr":"http://app20.susalud.gob.pe:8080/registro-renipress-webapp/ipress.htm?action=mostrarVer&idipress=00002301"}},{"type":"Feature","geometry":{"type":"Point","coordinates":[-71.84652151999995,-13.90717036999996]},"properties":{"objectid":26760,"nombre":"CCOCHIRIHUAY","departamento":"CUSCO","provincia":"PARURO","distrito":"COLCHA","institucion":"GOBIERNO REGIONAL","codigoMinsa":6978,"direccion":"CALLE CALLE ALFONSO UGARTE S/N / PARURO / PARURO / CUSCO NÚMERO S/N DISTRITO COLCHA PROVINCIA PARURO DEPARTAMENTO CUSCO","disa":"CUSCO","red":"CUSCO SUR","microrred":"PARURO","categoria":"ESTABLECIMIENTO DE SALUD SIN INTERNAMIENTO","condicion":"ACTIVO","actualizado":"2023/08/01 19:00:00.000","fuente":"MINSA","urlRenipr":"http://app20.susalud.gob.pe:8080/registro-renipress-webapp/ipress.htm?action=mostrarVer&idipress=00006978"}},{"type":"Feature","geometry":{"type":"Point","coordinates":[-71.52817166999995,-13.634809999999959]},"properties":{"objectid":26761,"nombre":"KCAURY","departamento":"CUSCO","provincia":"QUISPICANCHI","distrito":"CCATCA","institucion":"GOBIERNO REGIONAL","codigoMinsa":2529,"direccion":"CARRETERA CENTRO POBLADO DE KCAURY - CARRETERA TRANSOCEANICA / CCATCA / QUISPICANCHI / CUSCO DISTRITO CCATCA PROVINCIA QUISPICANCHI DEPARTAMENTO CUSCO","disa":"CUSCO","red":"CUSCO SUR","microrred":"OCONGATE","categoria":"ESTABLECIMIENTO DE SALUD SIN INTERNAMIENTO","condicion":"ACTIVO","actualizado":"2023/08/01 19:00:00.000","fuente":"MINSA","urlRenipr":"http://app20.susalud.gob.pe:8080/registro-renipress-webapp/ipress.htm?action=mostrarVer&idipress=00002529"}},{"type":"Feature","geometry":{"type":"Point","coordinates":[-71.64780928999994,-13.21446900999996]},"properties":{"objectid":26762,"nombre":"CHALLABAMBA","departamento":"CUSCO","provincia":"PAUCARTAMBO","distrito":"CHALLABAMBA","institucion":"GOBIERNO REGIONAL","codigoMinsa":2514,"direccion":"CALLE CALLE TRES CRUCES S/N / CHALLABAMBA / PAUCARTAMBO / CUSCO NÚMERO S/N DISTRITO CHALLABAMBA PROVINCIA PAUCARTAMBO DEPARTAMENTO CUSCO","disa":"CUSCO","red":"CUSCO SUR","microrred":"PAUCARTAMBO","categoria":"ESTABLECIMIENTO DE SALUD SIN INTERNAMIENTO","condicion":"ACTIVO","actualizado":"2023/08/01 19:00:00.000","fuente":"MINSA","urlRenipr":"http://app20.susalud.gob.pe:8080/registro-renipress-webapp/ipress.htm?action=mostrarVer&idipress=00002514"}},{"type":"Feature","geometry":{"type":"Point","coordinates":[-71.56901832999995,-14.033176669999932]},"properties":{"objectid":26763,"nombre":"POMACANCHI","departamento":"CUSCO","provincia":"ACOMAYO","distrito":"POMACANCHI","institucion":"GOBIERNO REGIONAL","codigoMinsa":2321,"direccion":"CALLE CALLE CULTURA S/N / POMACANCHI / ACOMAYO / CUSCO S/N CALLE CULTURA S/N / POMACANCHI / ACOMAYO / CUSCO POMACANCHI ACOMAYO CUSCO","disa":"CUSCO","red":"CUSCO SUR","microrred":"ACOMAYO","categoria":"ESTABLECIMIENTO DE SALUD CON INTERNAMIENTO","condicion":"ACTIVO","actualizado":"2023/08/01 19:00:00.000","fuente":"MINSA","urlRenipr":"http://app20.susalud.gob.pe:8080/registro-renipress-webapp/ipress.htm?action=mostrarVer&idipress=00002321"}},{"type":"Feature","geometry":{"type":"Point","coordinates":[-71.94653063999993,-13.537186299999973]},"properties":{"objectid":26833,"nombre":"LOUIS PASTEUR","departamento":"CUSCO","provincia":"CUSCO","distrito":"WANCHAQ","institucion":"PRIVADO","codigoMinsa":27993,"direccion":"PASAJE SIN NOMBRE NÚMERO 18 PISO 1 MANZANA D LOTE B DISTRITO WANCHAQ PROVINCIA CUSCO DEPARTAMENTO CUSCO","disa":"CUSCO","red":"NO PERTENECE A NINGUNA RED","microrred":"NO PERTENECE A NINGUNA MICRORED","categoria":"SERVICIO MÉDICO DE APOYO","condicion":"ACTIVO","actualizado":"2023/08/01 19:00:00.000","fuente":"MINSA","urlRenipr":"http://app20.susalud.gob.pe:8080/registro-renipress-webapp/ipress.htm?action=mostrarVer&idipress=00027993"}},{"type":"Feature","geometry":{"type":"Point","coordinates":[-71.96746259999998,-13.531949999999938]},"properties":{"objectid":26840,"nombre":"SISLAB E.I.R.L","departamento":"CUSCO","provincia":"CUSCO","distrito":"WANCHAQ","institucion":"PRIVADO","codigoMinsa":30905,"direccion":"CALLE MANGLIO CARRASCO N° 1400 PISO 1 DEPARTAMENTO 102 INTERIOR 102 DISTRITO WANCHAQ PROVINCIA CUSCO DEPARTAMENTO CUSCO","disa":"CUSCO","red":"","microrred":"","categoria":"SERVICIO MÉDICO DE APOYO","condicion":"ACTIVO","actualizado":"2023/08/01 19:00:00.000","fuente":"MINSA","urlRenipr":"http://app20.susalud.gob.pe:8080/registro-renipress-webapp/ipress.htm?action=mostrarVer&idipress=00030905"}},{"type":"Feature","geometry":{"type":"Point","coordinates":[-71.88589332999999,-14.50487499999997]},"properties":{"objectid":26862,"nombre":"VELILLE","departamento":"CUSCO","provincia":"CHUMBIVILCAS","distrito":"VELILLE","institucion":"GOBIERNO REGIONAL","codigoMinsa":2409,"direccion":"AVENIDA AVENIDA RUBÉN DARÍO S/N / VELILLE / CHUMBIVILCAS / CUSCO S/N AVENIDA RUBÉN DARÍO S/N / VELILLE / CHUMBIVILCAS / CUSCO VELILLE CHUMBIVILCAS CUSCO","disa":"CUSCO","red":"CHUMBIVILCAS","microrred":"SANTO TOMAS","categoria":"ESTABLECIMIENTO DE SALUD SIN INTERNAMIENTO","condicion":"ACTIVO","actualizado":"2023/08/01 19:00:00.000","fuente":"MINSA","urlRenipr":"http://app20.susalud.gob.pe:8080/registro-renipress-webapp/ipress.htm?action=mostrarVer&idipress=00002409"}},{"type":"Feature","geometry":{"type":"Point","coordinates":[-72.04038334999996,-14.287622949999957]},"properties":{"objectid":26863,"nombre":"COLQUEMARCA","departamento":"CUSCO","provincia":"CHUMBIVILCAS","distrito":"COLQUEMARCA","institucion":"GOBIERNO REGIONAL","codigoMinsa":2404,"direccion":"CALLE CALLE SAN ANTONIO S/N / COLQUEMARCA / CHUMBIVILCAS / CUSCO S/N CALLE SAN ANTONIO S/N / COLQUEMARCA / CHUMBIVILCAS / CUSCO COLQUEMARCA CHUMBIVILCAS CUSCO","disa":"CUSCO","red":"CHUMBIVILCAS","microrred":"SANTO TOMAS","categoria":"ESTABLECIMIENTO DE SALUD SIN INTERNAMIENTO","condicion":"ACTIVO","actualizado":"2023/08/01 19:00:00.000","fuente":"MINSA","urlRenipr":"http://app20.susalud.gob.pe:8080/registro-renipress-webapp/ipress.htm?action=mostrarVer&idipress=00002404"}},{"type":"Feature","geometry":{"type":"Point","coordinates":[-71.96117779999997,-13.523827599999947]},"properties":{"objectid":26864,"nombre":"Dental Wellness","departamento":"CUSCO","provincia":"CUSCO","distrito":"WANCHAQ","institucion":"PRIVADO","codigoMinsa":27992,"direccion":"AVENIDA Micaela Bastidas NÚMERO 258 PISO 2 DEPARTAMENTO 205 DISTRITO WANCHAQ PROVINCIA CUSCO DEPARTAMENTO CUSCO","disa":"CUSCO","red":"NO PERTENECE A NINGUNA RED","microrred":"NO PERTENECE A NINGUNA MICRORED","categoria":"ESTABLECIMIENTO DE SALUD SIN INTERNAMIENTO","condicion":"ACTIVO","actualizado":"2023/08/01 19:00:00.000","fuente":"MINSA","urlRenipr":"http://app20.susalud.gob.pe:8080/registro-renipress-webapp/ipress.htm?action=mostrarVer&idipress=00027992"}},{"type":"Feature","geometry":{"type":"Point","coordinates":[-71.95130148999993,-13.526095149999946]},"properties":{"objectid":26910,"nombre":"EXCLUSIVE DENT","departamento":"CUSCO","provincia":"CUSCO","distrito":"WANCHAQ","institucion":"PRIVADO","codigoMinsa":26680,"direccion":"JIRÓN JOSE CARLOS MARIATEGUI MANZANA C LOTE 14 URBANIZACI? SANTA MONICA DISTRITO WANCHAQ PROVINCIA CUSCO DEPARTAMENTO CUSCO","disa":"CUSCO","red":"NO PERTENECE A NINGUNA RED","microrred":"NO PERTENECE A NINGUNA MICRORED","categoria":"ESTABLECIMIENTO DE SALUD SIN INTERNAMIENTO","condicion":"ACTIVO","actualizado":"2023/08/01 19:00:00.000","fuente":"MINSA","urlRenipr":"http://app20.susalud.gob.pe:8080/registro-renipress-webapp/ipress.htm?action=mostrarVer&idipress=00026680"}},{"type":"Feature","geometry":{"type":"Point","coordinates":[-71.94980293999998,-13.52740203999997]},"properties":{"objectid":26925,"nombre":"DOCTOR LAB","departamento":"CUSCO","provincia":"CUSCO","distrito":"WANCHAQ","institucion":"PRIVADO","codigoMinsa":27013,"direccion":"JIRÓN RICARDO PALMA MANZANA H LOTE 2 URBANIZACI? SANTA MONICA DISTRITO WANCHAQ PROVINCIA CUSCO DEPARTAMENTO CUSCO","disa":"CUSCO","red":"NO PERTENECE A NINGUNA RED","microrred":"NO PERTENECE A NINGUNA MICRORED","categoria":"ESTABLECIMIENTO DE SALUD SIN INTERNAMIENTO","condicion":"ACTIVO","actualizado":"2023/08/01 19:00:00.000","fuente":"MINSA","urlRenipr":"http://app20.susalud.gob.pe:8080/registro-renipress-webapp/ipress.htm?action=mostrarVer&idipress=00027013"}},{"type":"Feature","geometry":{"type":"Point","coordinates":[-71.95690602999997,-13.524335419999943]},"properties":{"objectid":26944,"nombre":"G y A","departamento":"CUSCO","provincia":"CUSCO","distrito":"WANCHAQ","institucion":"PRIVADO","codigoMinsa":26657,"direccion":"JIRÓN Hermanos Ayar N?ERO 106B PISO 1 DISTRITO WANCHAQ PROVINCIA CUSCO DEPARTAMENTO CUSCO","disa":"CUSCO","red":"NO PERTENECE A NINGUNA RED","microrred":"NO PERTENECE A NINGUNA MICRORED","categoria":"SERVICIO MÉDICO DE APOYO","condicion":"ACTIVO","actualizado":"2023/08/01 19:00:00.000","fuente":"MINSA","urlRenipr":"http://app20.susalud.gob.pe:8080/registro-renipress-webapp/ipress.htm?action=mostrarVer&idipress=00026657"}},{"type":"Feature","geometry":{"type":"Point","coordinates":[-71.23123169999997,-14.268599499999937]},"properties":{"objectid":26991,"nombre":"MACHUPICCHU SICUANI","departamento":"CUSCO","provincia":"CANCHIS","distrito":"SICUANI","institucion":"PRIVADO","codigoMinsa":28298,"direccion":"JIRÓN JULIO C TELLO NÚMERO S/N PISO 1 URBANIZACIÓN MANUEL PRADO DISTRITO SICUANI PROVINCIA CANCHIS DEPARTAMENTO CUSCO","disa":"CUSCO","red":"NO PERTENECE A NINGUNA RED","microrred":"NO PERTENECE A NINGUNA MICRORED","categoria":"ESTABLECIMIENTO DE SALUD SIN INTERNAMIENTO","condicion":"ACTIVO","actualizado":"2023/08/01 19:00:00.000","fuente":"MINSA","urlRenipr":"http://app20.susalud.gob.pe:8080/registro-renipress-webapp/ipress.htm?action=mostrarVer&idipress=00028298"}},{"type":"Feature","geometry":{"type":"Point","coordinates":[-71.96228168999994,-13.52326557999993]},"properties":{"objectid":26999,"nombre":"B Y C MEDIC","departamento":"CUSCO","provincia":"CUSCO","distrito":"WANCHAQ","institucion":"PRIVADO","codigoMinsa":28984,"direccion":"AVENIDA LOS INCAS PRIMER PISO Y SEGUNDO PISO OFICINA 202 Y 203 NÚMERO 714 MANZANA C DISTRITO WANCHAQ PROVINCIA CUSCO DEPARTAMENTO CUSCO","disa":"CUSCO","red":"NO PERTENECE A NINGUNA RED","microrred":"NO PERTENECE A NINGUNA MICRORED","categoria":"ESTABLECIMIENTO DE SALUD SIN INTERNAMIENTO","condicion":"ACTIVO","actualizado":"2023/08/01 19:00:00.000","fuente":"MINSA","urlRenipr":"http://app20.susalud.gob.pe:8080/registro-renipress-webapp/ipress.htm?action=mostrarVer&idipress=00028984"}},{"type":"Feature","geometry":{"type":"Point","coordinates":[-71.96569620999998,-13.522463159999973]},"properties":{"objectid":27010,"nombre":"SISTEMA METROPOLITANO DE LA SOLIDARIDAD - WANCHAQ","departamento":"CUSCO","provincia":"CUSCO","distrito":"WANCHAQ","institucion":"MUNICIPALIDAD PROVINCIAL","codigoMinsa":25469,"direccion":"AVENIDA MICAELA BASTIDAS NÚMERO S/N DISTRITO WANCHAQ PROVINCIA CUSCO DEPARTAMENTO CUSCO","disa":"CUSCO","red":"NO PERTENECE A NINGUNA RED","microrred":"NO PERTENECE A NINGUNA MICRORED","categoria":"ESTABLECIMIENTO DE SALUD SIN INTERNAMIENTO","condicion":"ACTIVO","actualizado":"2023/08/01 19:00:00.000","fuente":"MINSA","urlRenipr":"http://app20.susalud.gob.pe:8080/registro-renipress-webapp/ipress.htm?action=mostrarVer&idipress=00025469"}},{"type":"Feature","geometry":{"type":"Point","coordinates":[-71.97558394999999,-13.530837289999965]},"properties":{"objectid":27033,"nombre":"ANTONIO LORENA DEL CUSCO","departamento":"CUSCO","provincia":"CUSCO","distrito":"SANTIAGO","institucion":"GOBIERNO REGIONAL","codigoMinsa":2305,"direccion":"CALLE URB. PRIMAVERA CUARTEL AGUSTIN GAMARRA CALLE CARLOS UGARTE S/N S/N URB. PRIMAVERA CUARTEL AGUSTIN GAMARRA CALLE CARLOS UGARTE S/N SANTIAGO CUSCO CUSCO","disa":"CUSCO","red":"NO PERTENECE A NINGUNA RED","microrred":"NO PERTENECE A NINGUNA MICRORED","categoria":"ESTABLECIMIENTO DE SALUD CON INTERNAMIENTO","condicion":"ACTIVO","actualizado":"2023/08/01 19:00:00.000","fuente":"MINSA","urlRenipr":"http://app20.susalud.gob.pe:8080/registro-renipress-webapp/ipress.htm?action=mostrarVer&idipress=00002305"}},{"type":"Feature","geometry":{"type":"Point","coordinates":[-71.96221029999998,-13.522950499999979]},"properties":{"objectid":27041,"nombre":"EMSALUD CUSCO SAC","departamento":"CUSCO","provincia":"CUSCO","distrito":"WANCHAQ","institucion":"PRIVADO","codigoMinsa":28720,"direccion":"AVENIDA LOS INCAS NÚMERO 707 PISO 1 DISTRITO WANCHAQ PROVINCIA CUSCO DEPARTAMENTO CUSCO","disa":"CUSCO","red":"NO PERTENECE A NINGUNA RED","microrred":"NO PERTENECE A NINGUNA MICRORED","categoria":"ESTABLECIMIENTO DE SALUD SIN INTERNAMIENTO","condicion":"ACTIVO","actualizado":"2023/08/01 19:00:00.000","fuente":"MINSA","urlRenipr":"http://app20.susalud.gob.pe:8080/registro-renipress-webapp/ipress.htm?action=mostrarVer&idipress=00028720"}},{"type":"Feature","geometry":{"type":"Point","coordinates":[-71.22208319999999,-14.271329899999955]},"properties":{"objectid":27068,"nombre":"SANIDAD PNP SICUANI","departamento":"CUSCO","provincia":"CANCHIS","distrito":"SICUANI","institucion":"SANIDAD DE LA POLICIA NACIONAL DEL PERU","codigoMinsa":24663,"direccion":"AVENIDA REPUBLICA DEL PERU CON JR. LAS RETAMAS NÚMERO 117/119 DISTRITO SICUANI PROVINCIA CANCHIS DEPARTAMENTO CUSCO","disa":"CUSCO","red":"","microrred":"NO PERTENECE A NINGUNA MICRORED","categoria":"ESTABLECIMIENTO DE SALUD SIN INTERNAMIENTO","condicion":"ACTIVO","actualizado":"2023/08/01 19:00:00.000","fuente":"MINSA","urlRenipr":"http://app20.susalud.gob.pe:8080/registro-renipress-webapp/ipress.htm?action=mostrarVer&idipress=00024663"}},{"type":"Feature","geometry":{"type":"Point","coordinates":[-71.95699999999994,-13.524099999999976]},"properties":{"objectid":27095,"nombre":"SALUD MUJER Y VIDA","departamento":"CUSCO","provincia":"CUSCO","distrito":"WANCHAQ","institucion":"PRIVADO","codigoMinsa":29198,"direccion":"AVENIDA De la cultura oficina 202 PISO 2 DISTRITO WANCHAQ PROVINCIA CUSCO DEPARTAMENTO CUSCO","disa":"CUSCO","red":"","microrred":"","categoria":"ESTABLECIMIENTO DE SALUD SIN INTERNAMIENTO","condicion":"ACTIVO","actualizado":"2023/08/01 19:00:00.000","fuente":"MINSA","urlRenipr":"http://app20.susalud.gob.pe:8080/registro-renipress-webapp/ipress.htm?action=mostrarVer&idipress=00029198"}},{"type":"Feature","geometry":{"type":"Point","coordinates":[-71.76643576999999,-13.59489782999998]},"properties":{"objectid":27245,"nombre":"CASA HOGAR DEL CAMPESINO-HNA. JOSEFINA SERRANO OROPESA","departamento":"CUSCO","provincia":"QUISPICANCHI","distrito":"OROPESA","institucion":"PRIVADO","codigoMinsa":16757,"direccion":"COMUNIDAD CAMPESINA PINAGUA","disa":"","red":"","microrred":"","categoria":"ESTABLECIMIENTO DE SALUD CON INTERNAMIENTO","condicion":"RETIRO VOLUNTARIO","actualizado":"2023/08/01 19:00:00.000","fuente":"MINSA","urlRenipr":"http://app20.susalud.gob.pe:8080/registro-renipress-webapp/ipress.htm?action=mostrarVer&idipress=00016757"}},{"type":"Feature","geometry":{"type":"Point","coordinates":[-72.05221701999994,-13.396165499999938]},"properties":{"objectid":27307,"nombre":"CHINCHERO","departamento":"CUSCO","provincia":"URUBAMBA","distrito":"CHINCHERO","institucion":"GOBIERNO REGIONAL","codigoMinsa":2543,"direccion":"OTROS VIA ASFALTADA CUSCO - CHINCHERO / URUBAMBA / CUSCO VIA ASFALTADA CUSCO - CHINCHERO / URUBAMBA / CUSCO CHINCHERO URUBAMBA CUSCO","disa":"CUSCO","red":"CUSCO NORTE","microrred":"URUBAMBA","categoria":"ESTABLECIMIENTO DE SALUD CON INTERNAMIENTO","condicion":"ACTIVO","actualizado":"2023/08/01 19:00:00.000","fuente":"MINSA","urlRenipr":"http://app20.susalud.gob.pe:8080/registro-renipress-webapp/ipress.htm?action=mostrarVer&idipress=00002543"}},{"type":"Feature","geometry":{"type":"Point","coordinates":[-72.33393885999999,-12.705432429999973]},"properties":{"objectid":27308,"nombre":"VERSALLES","departamento":"CUSCO","provincia":"LA CONVENCION","distrito":"OCOBAMBA","institucion":"GOBIERNO REGIONAL","codigoMinsa":2464,"direccion":"OTROS LOCALIDAD VERSALLES - VALLE YANATILE / LA CONVENCION / CUSCO DISTRITO OCOBAMBA PROVINCIA LA CONVENCION DEPARTAMENTO CUSCO","disa":"CUSCO","red":"CUSCO NORTE","microrred":"YANATILE","categoria":"ESTABLECIMIENTO DE SALUD SIN INTERNAMIENTO","condicion":"ACTIVO","actualizado":"2023/08/01 19:00:00.000","fuente":"MINSA","urlRenipr":"http://app20.susalud.gob.pe:8080/registro-renipress-webapp/ipress.htm?action=mostrarVer&idipress=00002464"}},{"type":"Feature","geometry":{"type":"Point","coordinates":[-71.95258479999995,-13.322558399999934]},"properties":{"objectid":27309,"nombre":"MENTAL COMUNITARIO VIRGEN ASUNTA DE CALCA","departamento":"CUSCO","provincia":"CALCA","distrito":"CALCA","institucion":"GOBIERNO REGIONAL","codigoMinsa":26273,"direccion":"JIRÓN GRAU S/N 1 DETRAS DE LA MUNICIPALIDAD DE CALCA CALCA CALCA CUSCO","disa":"CUSCO","red":"CUSCO NORTE","microrred":"CALCA","categoria":"ESTABLECIMIENTO DE SALUD SIN INTERNAMIENTO","condicion":"ACTIVO","actualizado":"2023/08/01 19:00:00.000","fuente":"MINSA","urlRenipr":"http://app20.susalud.gob.pe:8080/registro-renipress-webapp/ipress.htm?action=mostrarVer&idipress=00026273"}},{"type":"Feature","geometry":{"type":"Point","coordinates":[-71.83292967999995,-13.410037099999954]},"properties":{"objectid":27310,"nombre":"CUYO CHICO","departamento":"CUSCO","provincia":"CALCA","distrito":"PISAC","institucion":"GOBIERNO REGIONAL","codigoMinsa":2349,"direccion":"OTROS COMUNIDAD CUYO CHICO / PISAC / CALCA / CUSCO DISTRITO PISAC PROVINCIA CALCA DEPARTAMENTO CUSCO","disa":"CUSCO","red":"CUSCO NORTE","microrred":"PISAC","categoria":"ESTABLECIMIENTO DE SALUD SIN INTERNAMIENTO","condicion":"ACTIVO","actualizado":"2023/08/01 19:00:00.000","fuente":"MINSA","urlRenipr":"http://app20.susalud.gob.pe:8080/registro-renipress-webapp/ipress.htm?action=mostrarVer&idipress=00002349"}},{"type":"Feature","geometry":{"type":"Point","coordinates":[-71.95712999999995,-13.524149999999963]},"properties":{"objectid":27355,"nombre":"IGASUR","departamento":"CUSCO","provincia":"CUSCO","distrito":"WANCHAQ","institucion":"PRIVADO","codigoMinsa":29182,"direccion":"AVENIDA De La Cultura OFICINA 501 NÚMERO 1214 PISO 5 DISTRITO WANCHAQ PROVINCIA CUSCO DEPARTAMENTO CUSCO","disa":"CUSCO","red":"NO PERTENECE A NINGUNA RED","microrred":"NO PERTENECE A NINGUNA MICRORED","categoria":"ESTABLECIMIENTO DE SALUD SIN INTERNAMIENTO","condicion":"ACTIVO","actualizado":"2023/08/01 19:00:00.000","fuente":"MINSA","urlRenipr":"http://app20.susalud.gob.pe:8080/registro-renipress-webapp/ipress.htm?action=mostrarVer&idipress=00029182"}},{"type":"Feature","geometry":{"type":"Point","coordinates":[-71.98632339999995,-13.536460699999964]},"properties":{"objectid":27402,"nombre":"VIDA SANA","departamento":"CUSCO","provincia":"CUSCO","distrito":"SANTIAGO","institucion":"PRIVADO","codigoMinsa":29076,"direccion":"CALLE LIMA NÚMERO 1133 PISO 1 DISTRITO SANTIAGO PROVINCIA CUSCO DEPARTAMENTO CUSCO","disa":"CUSCO","red":"NO PERTENECE A NINGUNA RED","microrred":"NO PERTENECE A NINGUNA MICRORED","categoria":"SERVICIO MÉDICO DE APOYO","condicion":"ACTIVO","actualizado":"2023/08/01 19:00:00.000","fuente":"MINSA","urlRenipr":"http://app20.susalud.gob.pe:8080/registro-renipress-webapp/ipress.htm?action=mostrarVer&idipress=00029076"}},{"type":"Feature","geometry":{"type":"Point","coordinates":[-71.22208319999999,-14.271329899999955]},"properties":{"objectid":27627,"nombre":"JURADO MEDICOS & ODONTOLOGOS","departamento":"CUSCO","provincia":"CANCHIS","distrito":"SICUANI","institucion":"PRIVADO","codigoMinsa":13984,"direccion":"AVENIDA AV. MANUEL CALLO ZEVALLOS Nº 503 PRIMER Y SEGUNDO PISO DISTRITO SICUANI PROVINCIA CANCHIS DEPARTAMENTO CUSCO","disa":"CUSCO","red":"","microrred":"NO PERTENECE A NINGUNA MICRORED","categoria":"ESTABLECIMIENTO DE SALUD SIN INTERNAMIENTO","condicion":"ACTIVO","actualizado":"2023/08/01 19:00:00.000","fuente":"MINSA","urlRenipr":"http://app20.susalud.gob.pe:8080/registro-renipress-webapp/ipress.htm?action=mostrarVer&idipress=00013984"}},{"type":"Feature","geometry":{"type":"Point","coordinates":[-71.97320378999996,-13.519655089999958]},"properties":{"objectid":27668,"nombre":"SOLUCIÓN DENTAL","departamento":"CUSCO","provincia":"CUSCO","distrito":"CUSCO","institucion":"PRIVADO","codigoMinsa":29199,"direccion":"PLAZA LIMACPAMPA GRANDE NÚMERO 587 DISTRITO CUSCO PROVINCIA CUSCO DEPARTAMENTO CUSCO","disa":"CUSCO","red":"","microrred":"","categoria":"ESTABLECIMIENTO DE SALUD SIN INTERNAMIENTO","condicion":"ACTIVO","actualizado":"2023/08/01 19:00:00.000","fuente":"MINSA","urlRenipr":"http://app20.susalud.gob.pe:8080/registro-renipress-webapp/ipress.htm?action=mostrarVer&idipress=00029199"}},{"type":"Feature","geometry":{"type":"Point","coordinates":[-73.04864459999999,-12.647403999999938]},"properties":{"objectid":27820,"nombre":"VIRGEN INMACULADA KITENI","departamento":"CUSCO","provincia":"LA CONVENCION","distrito":"ECHARATE","institucion":"PRIVADO","codigoMinsa":28236,"direccion":"OTROS BARRIO SAN MARTIN KITENI NÚMERO S/N PISO 1 LOTE 13 DISTRITO ECHARATE PROVINCIA LA CONVENCION DEPARTAMENTO CUSCO","disa":"CUSCO","red":"NO PERTENECE A NINGUNA RED","microrred":"NO PERTENECE A NINGUNA MICRORED","categoria":"ESTABLECIMIENTO DE SALUD SIN INTERNAMIENTO","condicion":"ACTIVO","actualizado":"2023/08/01 19:00:00.000","fuente":"MINSA","urlRenipr":"http://app20.susalud.gob.pe:8080/registro-renipress-webapp/ipress.htm?action=mostrarVer&idipress=00028236"}},{"type":"Feature","geometry":{"type":"Point","coordinates":[-71.95553929999994,-13.525356399999964]},"properties":{"objectid":28097,"nombre":"PEDIATRAS CUSCO","departamento":"CUSCO","provincia":"CUSCO","distrito":"CUSCO","institucion":"PRIVADO","codigoMinsa":23191,"direccion":"AVENIDA LOS INCAS NÚMERO 1412 DISTRITO CUSCO PROVINCIA CUSCO DEPARTAMENTO CUSCO","disa":"CUSCO","red":"","microrred":"NO PERTENECE A NINGUNA MICRORED","categoria":"ESTABLECIMIENTO DE SALUD SIN INTERNAMIENTO","condicion":"ACTIVO","actualizado":"2023/08/01 19:00:00.000","fuente":"MINSA","urlRenipr":"http://app20.susalud.gob.pe:8080/registro-renipress-webapp/ipress.htm?action=mostrarVer&idipress=00023191"}},{"type":"Feature","geometry":{"type":"Point","coordinates":[-73.86849166999997,-12.455844999999954]},"properties":{"objectid":28099,"nombre":"PUERTO MAYO","departamento":"CUSCO","provincia":"LA CONVENCION","distrito":"PICHARI","institucion":"GOBIERNO REGIONAL","codigoMinsa":2498,"direccion":"OTROS CENTRO POBLADO PUERTO MAYO / PICHARI / LA CONVENCIÓN / CUSCO DISTRITO PICHARI PROVINCIA LA CONVENCION DEPARTAMENTO CUSCO","disa":"CUSCO","red":"KIMBIRI PICHARI","microrred":"PICHARI","categoria":"ESTABLECIMIENTO DE SALUD SIN INTERNAMIENTO","condicion":"ACTIVO","actualizado":"2023/08/01 19:00:00.000","fuente":"MINSA","urlRenipr":"http://app20.susalud.gob.pe:8080/registro-renipress-webapp/ipress.htm?action=mostrarVer&idipress=00002498"}},{"type":"Feature","geometry":{"type":"Point","coordinates":[-71.95730339999994,-13.52428539999994]},"properties":{"objectid":28186,"nombre":"DIAGNOCUSCO","departamento":"CUSCO","provincia":"CUSCO","distrito":"WANCHAQ","institucion":"PRIVADO","codigoMinsa":31576,"direccion":"AVENIDA LA CULTURA NÚMERO 1212 PISO 2 INTERIOR 203 DISTRITO WANCHAQ PROVINCIA CUSCO DEPARTAMENTO CUSCO","disa":"CUSCO","red":"","microrred":"","categoria":"ESTABLECIMIENTO DE SALUD SIN INTERNAMIENTO","condicion":"ACTIVO","actualizado":"2023/08/01 19:00:00.000","fuente":"MINSA","urlRenipr":"http://app20.susalud.gob.pe:8080/registro-renipress-webapp/ipress.htm?action=mostrarVer&idipress=00031576"}},{"type":"Feature","geometry":{"type":"Point","coordinates":[-71.95663719999999,-13.533478139999943]},"properties":{"objectid":28246,"nombre":"NEUMOCHECK","departamento":"CUSCO","provincia":"CUSCO","distrito":"WANCHAQ","institucion":"PRIVADO","codigoMinsa":29227,"direccion":"PASAJE Vilcanota MANZANA O-1 LOTE 20 URBANIZACIÓN TTIO QUINTO PARADERO DISTRITO WANCHAQ PROVINCIA CUSCO DEPARTAMENTO CUSCO","disa":"CUSCO","red":"","microrred":"","categoria":"ESTABLECIMIENTO DE SALUD SIN INTERNAMIENTO","condicion":"ACTIVO","actualizado":"2023/08/01 19:00:00.000","fuente":"MINSA","urlRenipr":"http://app20.susalud.gob.pe:8080/registro-renipress-webapp/ipress.htm?action=mostrarVer&idipress=00029227"}},{"type":"Feature","geometry":{"type":"Point","coordinates":[-73.06218310999998,-13.09122721999995]},"properties":{"objectid":28493,"nombre":"PAMPACONAS","departamento":"CUSCO","provincia":"LA CONVENCION","distrito":"VILCABAMBA","institucion":"GOBIERNO REGIONAL","codigoMinsa":2486,"direccion":"OTROS COMUNIDAD PAMPACONAS / VILCABAMBA / LA CONVENCION / CUSCO COMUNIDAD PAMPACONAS / VILCABAMBA / LA CONVENCION / CUSCO VILCABAMBA LA CONVENCION CUSCO","disa":"CUSCO","red":"LA CONVENCION","microrred":"PUCYURA","categoria":"ESTABLECIMIENTO DE SALUD SIN INTERNAMIENTO","condicion":"ACTIVO","actualizado":"2023/08/01 19:00:00.000","fuente":"MINSA","urlRenipr":"http://app20.susalud.gob.pe:8080/registro-renipress-webapp/ipress.htm?action=mostrarVer&idipress=00002486"}},{"type":"Feature","geometry":{"type":"Point","coordinates":[-73.04725008999998,-12.64774880999994]},"properties":{"objectid":28494,"nombre":"KITENI","departamento":"CUSCO","provincia":"LA CONVENCION","distrito":"ECHARATE","institucion":"GOBIERNO REGIONAL","codigoMinsa":2427,"direccion":"AVENIDA AVENIDA JOHAN WIESSE S/N / KITENI / ECHARATE / LA CONVENCION / CUSCO S/N AVENIDA JOHAN WIESSE S/N / KITENI / ECHARATE / LA CONVENCION / CUSCO ECHARATE LA CONVENCION CUSCO","disa":"CUSCO","red":"LA CONVENCION","microrred":"KITENI","categoria":"ESTABLECIMIENTO DE SALUD CON INTERNAMIENTO","condicion":"ACTIVO","actualizado":"2023/08/01 19:00:00.000","fuente":"MINSA","urlRenipr":"http://app20.susalud.gob.pe:8080/registro-renipress-webapp/ipress.htm?action=mostrarVer&idipress=00002427"}},{"type":"Feature","geometry":{"type":"Point","coordinates":[-73.26404331999998,-13.291026629999976]},"properties":{"objectid":28495,"nombre":"PACCAYBAMBA","departamento":"CUSCO","provincia":"LA CONVENCION","distrito":"INKAWASI","institucion":"GOBIERNO REGIONAL","codigoMinsa":2485,"direccion":"OTROS PACCAYBAMBA S/N INKAWASI LA CONVENCION CUSCO","disa":"CUSCO","red":"LA CONVENCION","microrred":"PUCYURA","categoria":"ESTABLECIMIENTO DE SALUD SIN INTERNAMIENTO","condicion":"ACTIVO","actualizado":"2023/08/01 19:00:00.000","fuente":"MINSA","urlRenipr":"http://app20.susalud.gob.pe:8080/registro-renipress-webapp/ipress.htm?action=mostrarVer&idipress=00002485"}},{"type":"Feature","geometry":{"type":"Point","coordinates":[-72.35981669999995,-11.893161859999964]},"properties":{"objectid":28496,"nombre":"MONTETONI","departamento":"CUSCO","provincia":"LA CONVENCION","distrito":"MEGANTONI","institucion":"GOBIERNO REGIONAL","codigoMinsa":13066,"direccion":"OTROS COMUNIDAD NATIVA DE MONTETONI S/N MEGANTONI LA CONVENCION CUSCO","disa":"CUSCO","red":"LA CONVENCION","microrred":"KAMISEA","categoria":"ESTABLECIMIENTO DE SALUD SIN INTERNAMIENTO","condicion":"ACTIVO","actualizado":"2023/08/01 19:00:00.000","fuente":"MINSA","urlRenipr":"http://app20.susalud.gob.pe:8080/registro-renipress-webapp/ipress.htm?action=mostrarVer&idipress=00013066"}},{"type":"Feature","geometry":{"type":"Point","coordinates":[-73.08937935999995,-12.690953709999974]},"properties":{"objectid":28497,"nombre":"SELVA ALEGRE","departamento":"CUSCO","provincia":"LA CONVENCION","distrito":"VILCABAMBA","institucion":"GOBIERNO REGIONAL","codigoMinsa":2493,"direccion":"SELVA ALEGRE / VILCABAMBA / LA CONVENCION / CUSCO","disa":"CUSCO","red":"LA CONVENCION","microrred":"KITENI","categoria":"ESTABLECIMIENTO DE SALUD SIN INTERNAMIENTO","condicion":"ACTIVO","actualizado":"2023/08/01 19:00:00.000","fuente":"MINSA","urlRenipr":"http://app20.susalud.gob.pe:8080/registro-renipress-webapp/ipress.htm?action=mostrarVer&idipress=00002493"}},{"type":"Feature","geometry":{"type":"Point","coordinates":[-73.20441990999996,-12.63701229999998]},"properties":{"objectid":28498,"nombre":"KEPASHIATO","departamento":"CUSCO","provincia":"LA CONVENCION","distrito":"ECHARATE","institucion":"GOBIERNO REGIONAL","codigoMinsa":2432,"direccion":"OTROS COMUNIDAD NATIVA TIMPIA / ECHARATE / LA CONVENCION / CUSCO COMUNIDAD NATIVA TIMPIA / ECHARATE / LA CONVENCION / CUSCO ECHARATE LA CONVENCION CUSCO","disa":"CUSCO","red":"LA CONVENCION","microrred":"KITENI","categoria":"ESTABLECIMIENTO DE SALUD SIN INTERNAMIENTO","condicion":"ACTIVO","actualizado":"2023/08/01 19:00:00.000","fuente":"MINSA","urlRenipr":"http://app20.susalud.gob.pe:8080/registro-renipress-webapp/ipress.htm?action=mostrarVer&idipress=00002432"}},{"type":"Feature","geometry":{"type":"Point","coordinates":[-71.96206993999994,-13.523027059999947]},"properties":{"objectid":28550,"nombre":"ENDOPERIO","departamento":"CUSCO","provincia":"CUSCO","distrito":"WANCHAQ","institucion":"PRIVADO","codigoMinsa":30718,"direccion":"AVENIDA LOS INCAS NÚMERO 827 PISO 4 INTERIOR 405 DISTRITO WANCHAQ PROVINCIA CUSCO DEPARTAMENTO CUSCO","disa":"CUSCO","red":"","microrred":"","categoria":"ESTABLECIMIENTO DE SALUD SIN INTERNAMIENTO","condicion":"ACTIVO","actualizado":"2023/08/01 19:00:00.000","fuente":"MINSA","urlRenipr":"http://app20.susalud.gob.pe:8080/registro-renipress-webapp/ipress.htm?action=mostrarVer&idipress=00030718"}},{"type":"Feature","geometry":{"type":"Point","coordinates":[-71.96593910999997,-13.524147479999954]},"properties":{"objectid":28579,"nombre":"GRUPO SEÑOR DE HUANCA DEL PERU","departamento":"CUSCO","provincia":"CUSCO","distrito":"WANCHAQ","institucion":"PRIVADO","codigoMinsa":29181,"direccion":"PLAZA TUPAC AMARU NÚMERO 114 PISO 3 DISTRITO WANCHAQ PROVINCIA CUSCO DEPARTAMENTO CUSCO","disa":"CUSCO","red":"NO PERTENECE A NINGUNA RED","microrred":"NO PERTENECE A NINGUNA MICRORED","categoria":"ESTABLECIMIENTO DE SALUD SIN INTERNAMIENTO","condicion":"ACTIVO","actualizado":"2023/08/01 19:00:00.000","fuente":"MINSA","urlRenipr":"http://app20.susalud.gob.pe:8080/registro-renipress-webapp/ipress.htm?action=mostrarVer&idipress=00029181"}},{"type":"Feature","geometry":{"type":"Point","coordinates":[-71.96932479999998,-13.52460887999996]},"properties":{"objectid":28751,"nombre":"RENACE","departamento":"CUSCO","provincia":"CUSCO","distrito":"WANCHAQ","institucion":"PRIVADO","codigoMinsa":25470,"direccion":"AVENIDA PACHACUTEC NÚMERO 424 MANZANA B LOTE 4 DISTRITO WANCHAQ PROVINCIA CUSCO DEPARTAMENTO CUSCO","disa":"","red":"","microrred":"","categoria":"ESTABLECIMIENTO DE SALUD SIN INTERNAMIENTO","condicion":"RUC INACTIVO EN SUNAT","actualizado":"2023/08/01 19:00:00.000","fuente":"MINSA","urlRenipr":"http://app20.susalud.gob.pe:8080/registro-renipress-webapp/ipress.htm?action=mostrarVer&idipress=00025470"}},{"type":"Feature","geometry":{"type":"Point","coordinates":[-71.97387369999996,-13.51964229999993]},"properties":{"objectid":28990,"nombre":"SONRIMAS","departamento":"CUSCO","provincia":"CUSCO","distrito":"CUSCO","institucion":"PRIVADO","codigoMinsa":29364,"direccion":"PLAZA LIMACPAMPA GRANDE OFICINA 201 NÚMERO 512 PISO 2 DISTRITO CUSCO PROVINCIA CUSCO DEPARTAMENTO CUSCO","disa":"CUSCO","red":"","microrred":"","categoria":"ESTABLECIMIENTO DE SALUD SIN INTERNAMIENTO","condicion":"ACTIVO","actualizado":"2023/08/01 19:00:00.000","fuente":"MINSA","urlRenipr":"http://app20.susalud.gob.pe:8080/registro-renipress-webapp/ipress.htm?action=mostrarVer&idipress=00029364"}},{"type":"Feature","geometry":{"type":"Point","coordinates":[-71.89534479999998,-13.546062199999938]},"properties":{"objectid":28773,"nombre":"JESUS SACRAMENTADO","departamento":"CUSCO","provincia":"CUSCO","distrito":"WANCHAQ","institucion":"PRIVADO","codigoMinsa":29210,"direccion":"CALLE LOS CLAVELES MANZANA A LOTE 10 URBANIZACIÓN LA FLORIDA DISTRITO WANCHAQ PROVINCIA CUSCO DEPARTAMENTO CUSCO","disa":"CUSCO","red":"","microrred":"","categoria":"ESTABLECIMIENTO DE SALUD SIN INTERNAMIENTO","condicion":"ACTIVO","actualizado":"2023/08/01 19:00:00.000","fuente":"MINSA","urlRenipr":"http://app20.susalud.gob.pe:8080/registro-renipress-webapp/ipress.htm?action=mostrarVer&idipress=00029210"}},{"type":"Feature","geometry":{"type":"Point","coordinates":[-72.11562809999998,-13.305764099999976]},"properties":{"objectid":28798,"nombre":"PARDO - URUBAMBA","departamento":"CUSCO","provincia":"URUBAMBA","distrito":"URUBAMBA","institucion":"PRIVADO","codigoMinsa":16337,"direccion":"AVENIDA AV GRAU 818 AV GRAU 818 URUBAMBA URUBAMBA CUSCO","disa":"CUSCO","red":"NO PERTENECE A NINGUNA RED","microrred":"NO PERTENECE A NINGUNA MICRORED","categoria":"ESTABLECIMIENTO DE SALUD SIN INTERNAMIENTO","condicion":"ACTIVO","actualizado":"2023/08/01 19:00:00.000","fuente":"MINSA","urlRenipr":"http://app20.susalud.gob.pe:8080/registro-renipress-webapp/ipress.htm?action=mostrarVer&idipress=00016337"}},{"type":"Feature","geometry":{"type":"Point","coordinates":[-71.62380046999994,-13.685187409999969]},"properties":{"objectid":28801,"nombre":"URCOS","departamento":"CUSCO","provincia":"QUISPICANCHI","distrito":"URCOS","institucion":"GOBIERNO REGIONAL","codigoMinsa":2523,"direccion":"JIRÓN JIRÓN TUPAC AMARU S/N / URCOS / QUISPICANCHI / CUSCO S/N JIRÓN TUPAC AMARU S/N / URCOS / QUISPICANCHI / CUSCO URCOS QUISPICANCHI CUSCO","disa":"CUSCO","red":"CUSCO SUR","microrred":"URCOS","categoria":"ESTABLECIMIENTO DE SALUD CON INTERNAMIENTO","condicion":"ACTIVO","actualizado":"2023/08/01 19:00:00.000","fuente":"MINSA","urlRenipr":"http://app20.susalud.gob.pe:8080/registro-renipress-webapp/ipress.htm?action=mostrarVer&idipress=00002523"}},{"type":"Feature","geometry":{"type":"Point","coordinates":[-71.76644671999998,-13.594863399999952]},"properties":{"objectid":28802,"nombre":"OROPESA","departamento":"CUSCO","provincia":"QUISPICANCHI","distrito":"OROPESA","institucion":"GOBIERNO REGIONAL","codigoMinsa":2537,"direccion":"CALLE CALLE GARCILASO S/N / OROPESA / QUISPICANCHI / CUSCO S/N CALLE GARCILASO S/N / OROPESA / QUISPICANCHI / CUSCO OROPESA QUISPICANCHI CUSCO","disa":"CUSCO","red":"CUSCO SUR","microrred":"URCOS","categoria":"ESTABLECIMIENTO DE SALUD SIN INTERNAMIENTO","condicion":"ACTIVO","actualizado":"2023/08/01 19:00:00.000","fuente":"MINSA","urlRenipr":"http://app20.susalud.gob.pe:8080/registro-renipress-webapp/ipress.htm?action=mostrarVer&idipress=00002537"}},{"type":"Feature","geometry":{"type":"Point","coordinates":[-71.39957982999994,-13.596487039999943]},"properties":{"objectid":28803,"nombre":"CCARHUAYO","departamento":"CUSCO","provincia":"QUISPICANCHI","distrito":"CCARHUAYO","institucion":"GOBIERNO REGIONAL","codigoMinsa":2527,"direccion":"CALLE CALLE PRINCIPAL S/N / CCARHUAYO / QUISPICANCHI / CUSCO NÚMERO S/N DISTRITO CCARHUAYO PROVINCIA QUISPICANCHI DEPARTAMENTO CUSCO","disa":"CUSCO","red":"CUSCO SUR","microrred":"OCONGATE","categoria":"ESTABLECIMIENTO DE SALUD SIN INTERNAMIENTO","condicion":"ACTIVO","actualizado":"2023/08/01 19:00:00.000","fuente":"MINSA","urlRenipr":"http://app20.susalud.gob.pe:8080/registro-renipress-webapp/ipress.htm?action=mostrarVer&idipress=00002527"}},{"type":"Feature","geometry":{"type":"Point","coordinates":[-71.42363687999995,-12.968636859999947]},"properties":{"objectid":28804,"nombre":"PATRIA","departamento":"CUSCO","provincia":"PAUCARTAMBO","distrito":"KOSÑIPATA","institucion":"GOBIERNO REGIONAL","codigoMinsa":2522,"direccion":"AVENIDA AVENIDA ANTONIO IWAKI S/N / KOSÑIPATA / PAUCARTAMBO / CUSCO NÚMERO S/N DISTRITO KOSÑIPATA PROVINCIA PAUCARTAMBO DEPARTAMENTO CUSCO","disa":"CUSCO","red":"CUSCO SUR","microrred":"PAUCARTAMBO","categoria":"ESTABLECIMIENTO DE SALUD SIN INTERNAMIENTO","condicion":"ACTIVO","actualizado":"2023/08/01 19:00:00.000","fuente":"MINSA","urlRenipr":"http://app20.susalud.gob.pe:8080/registro-renipress-webapp/ipress.htm?action=mostrarVer&idipress=00002522"}},{"type":"Feature","geometry":{"type":"Point","coordinates":[-71.59113889999998,-13.322813869999948]},"properties":{"objectid":28805,"nombre":"PAUCARTAMBO","departamento":"CUSCO","provincia":"PAUCARTAMBO","distrito":"PAUCARTAMBO","institucion":"GOBIERNO REGIONAL","codigoMinsa":2510,"direccion":"AVENIDA AVENIDA ENRIQUE YÁBAR S/N / PAUCARTAMBO / PAUCARTAMBO / CUSCO S/N AVENIDA ENRIQUE YÁBAR S/N / PAUCARTAMBO / PAUCARTAMBO / CUSCO PAUCARTAMBO PAUCARTAMBO CUSCO","disa":"CUSCO","red":"CUSCO SUR","microrred":"PAUCARTAMBO","categoria":"ESTABLECIMIENTO DE SALUD CON INTERNAMIENTO","condicion":"ACTIVO","actualizado":"2023/08/01 19:00:00.000","fuente":"MINSA","urlRenipr":"http://app20.susalud.gob.pe:8080/registro-renipress-webapp/ipress.htm?action=mostrarVer&idipress=00002510"}},{"type":"Feature","geometry":{"type":"Point","coordinates":[-71.95953872999996,-13.524473679999971]},"properties":{"objectid":28884,"nombre":"CORAZON DE JESUS","departamento":"CUSCO","provincia":"CUSCO","distrito":"CUSCO","institucion":"PRIVADO","codigoMinsa":25519,"direccion":"AVENIDA MICAELA BASTIDAS NÚMERO 609 PISO 4 DEPARTAMENTO 1 DISTRITO CUSCO PROVINCIA CUSCO DEPARTAMENTO CUSCO","disa":"CUSCO","red":"NO PERTENECE A NINGUNA RED","microrred":"NO PERTENECE A NINGUNA MICRORED","categoria":"ESTABLECIMIENTO DE SALUD SIN INTERNAMIENTO","condicion":"ACTIVO","actualizado":"2023/08/01 19:00:00.000","fuente":"MINSA","urlRenipr":"http://app20.susalud.gob.pe:8080/registro-renipress-webapp/ipress.htm?action=mostrarVer&idipress=00025519"}},{"type":"Feature","geometry":{"type":"Point","coordinates":[-71.96356716999998,-13.523066649999976]},"properties":{"objectid":28887,"nombre":"SMO OCUPACIONAL CUSCO","departamento":"CUSCO","provincia":"CUSCO","distrito":"WANCHAQ","institucion":"PRIVADO","codigoMinsa":25577,"direccion":"AVENIDA MICAELA BASTIDAS NÚMERO 323 PISO 1 DISTRITO WANCHAQ PROVINCIA CUSCO DEPARTAMENTO CUSCO","disa":"CUSCO","red":"NO PERTENECE A NINGUNA RED","microrred":"NO PERTENECE A NINGUNA MICRORED","categoria":"ESTABLECIMIENTO DE SALUD SIN INTERNAMIENTO","condicion":"ACTIVO","actualizado":"2023/08/01 19:00:00.000","fuente":"MINSA","urlRenipr":"http://app20.susalud.gob.pe:8080/registro-renipress-webapp/ipress.htm?action=mostrarVer&idipress=00025577"}},{"type":"Feature","geometry":{"type":"Point","coordinates":[-72.08156279999997,-14.449682189999976]},"properties":{"objectid":28888,"nombre":"SRG Lab","departamento":"CUSCO","provincia":"CHUMBIVILCAS","distrito":"SANTO TOMAS","institucion":"PRIVADO","codigoMinsa":27055,"direccion":"JIRÓN 2 de mayo N?ERO 228 PISO 1 DISTRITO SANTO TOMAS PROVINCIA CHUMBIVILCAS DEPARTAMENTO CUSCO","disa":"CUSCO","red":"NO PERTENECE A NINGUNA RED","microrred":"NO PERTENECE A NINGUNA MICRORED","categoria":"SERVICIO MÉDICO DE APOYO","condicion":"ACTIVO","actualizado":"2023/08/01 19:00:00.000","fuente":"MINSA","urlRenipr":"http://app20.susalud.gob.pe:8080/registro-renipress-webapp/ipress.htm?action=mostrarVer&idipress=00027055"}},{"type":"Feature","geometry":{"type":"Point","coordinates":[-71.22817985999995,-14.26632073999997]},"properties":{"objectid":28899,"nombre":"NATURA","departamento":"CUSCO","provincia":"CANCHIS","distrito":"SICUANI","institucion":"PRIVADO","codigoMinsa":28238,"direccion":"AVENIDA MANUEL CALLO ZEVALLOS NÚMERO 513 PISO 1 DEPARTAMENTO 1 DISTRITO SICUANI PROVINCIA CANCHIS DEPARTAMENTO CUSCO","disa":"CUSCO","red":"NO PERTENECE A NINGUNA RED","microrred":"NO PERTENECE A NINGUNA MICRORED","categoria":"SERVICIO MÉDICO DE APOYO","condicion":"ACTIVO","actualizado":"2023/08/01 19:00:00.000","fuente":"MINSA","urlRenipr":"http://app20.susalud.gob.pe:8080/registro-renipress-webapp/ipress.htm?action=mostrarVer&idipress=00028238"}},{"type":"Feature","geometry":{"type":"Point","coordinates":[-71.89315799999997,-13.543672769999944]},"properties":{"objectid":28908,"nombre":"ESTABLECIMIENTO PENITENCIARIO CUSCO VARONES","departamento":"CUSCO","provincia":"CUSCO","distrito":"SAN JERONIMO","institucion":"INPE","codigoMinsa":18926,"direccion":"PROLONGACIÓN PROLONGACIÓN AV. LA CULTURA S/Nº NÚMERO S/N DISTRITO SAN JERONIMO PROVINCIA CUSCO DEPARTAMENTO CUSCO","disa":"CUSCO","red":"NO PERTENECE A NINGUNA RED","microrred":"NO PERTENECE A NINGUNA MICRORED","categoria":"ESTABLECIMIENTO DE SALUD SIN INTERNAMIENTO","condicion":"ACTIVO","actualizado":"2023/08/01 19:00:00.000","fuente":"MINSA","urlRenipr":"http://app20.susalud.gob.pe:8080/registro-renipress-webapp/ipress.htm?action=mostrarVer&idipress=00018926"}},{"type":"Feature","geometry":{"type":"Point","coordinates":[-72.19778025999994,-14.399957059999963]},"properties":{"objectid":28921,"nombre":"CCOLLANA","departamento":"CUSCO","provincia":"CHUMBIVILCAS","distrito":"QUIÑOTA","institucion":"GOBIERNO REGIONAL","codigoMinsa":6984,"direccion":"OTROS COMUNIDAD DE CCOLLANA / QUIÑOTA / CHUMBIVILCAS / CUSCO DISTRITO QUIÑOTA PROVINCIA CHUMBIVILCAS DEPARTAMENTO CUSCO","disa":"CUSCO","red":"CHUMBIVILCAS","microrred":"SANTO TOMAS","categoria":"ESTABLECIMIENTO DE SALUD SIN INTERNAMIENTO","condicion":"ACTIVO","actualizado":"2023/08/01 19:00:00.000","fuente":"MINSA","urlRenipr":"http://app20.susalud.gob.pe:8080/registro-renipress-webapp/ipress.htm?action=mostrarVer&idipress=00006984"}},{"type":"Feature","geometry":{"type":"Point","coordinates":[-71.68845332999996,-14.31233999999995]},"properties":{"objectid":28923,"nombre":"LIVITACA","departamento":"CUSCO","provincia":"CHUMBIVILCAS","distrito":"LIVITACA","institucion":"GOBIERNO REGIONAL","codigoMinsa":2406,"direccion":"CALLE RESBALOSA S/D LIVITACA CHUMBIVILCAS CUSCO","disa":"CUSCO","red":"CHUMBIVILCAS","microrred":"LIVITACA","categoria":"ESTABLECIMIENTO DE SALUD CON INTERNAMIENTO","condicion":"ACTIVO","actualizado":"2023/08/01 19:00:00.000","fuente":"MINSA","urlRenipr":"http://app20.susalud.gob.pe:8080/registro-renipress-webapp/ipress.htm?action=mostrarVer&idipress=00002406"}},{"type":"Feature","geometry":{"type":"Point","coordinates":[-72.11602499999998,-14.337374999999952]},"properties":{"objectid":28924,"nombre":"LLUSCO","departamento":"CUSCO","provincia":"CHUMBIVILCAS","distrito":"LLUSCO","institucion":"GOBIERNO REGIONAL","codigoMinsa":2407,"direccion":"OTROS BARRIO VIRGEN ROSARIO / LLUSCO / CHUMBIVILCAS / CUSCO BARRIO VIRGEN ROSARIO / LLUSCO / CHUMBIVILCAS / CUSCO LLUSCO CHUMBIVILCAS CUSCO","disa":"CUSCO","red":"CHUMBIVILCAS","microrred":"SANTO TOMAS","categoria":"ESTABLECIMIENTO DE SALUD SIN INTERNAMIENTO","condicion":"ACTIVO","actualizado":"2023/08/01 19:00:00.000","fuente":"MINSA","urlRenipr":"http://app20.susalud.gob.pe:8080/registro-renipress-webapp/ipress.htm?action=mostrarVer&idipress=00002407"}},{"type":"Feature","geometry":{"type":"Point","coordinates":[-72.08461226999998,-14.448404829999959]},"properties":{"objectid":28925,"nombre":"SANTO TOMAS","departamento":"CUSCO","provincia":"CHUMBIVILCAS","distrito":"SANTO TOMAS","institucion":"GOBIERNO REGIONAL","codigoMinsa":2398,"direccion":"AVENIDA PERU S/N SANTO TOMAS CHUMBIVILCAS CUSCO","disa":"CUSCO","red":"CHUMBIVILCAS","microrred":"NO PERTENECE A NINGUNA MICRORED","categoria":"ESTABLECIMIENTO DE SALUD CON INTERNAMIENTO","condicion":"ACTIVO","actualizado":"2023/08/01 19:00:00.000","fuente":"MINSA","urlRenipr":"http://app20.susalud.gob.pe:8080/registro-renipress-webapp/ipress.htm?action=mostrarVer&idipress=00002398"}},{"type":"Feature","geometry":{"type":"Point","coordinates":[-71.94610274999997,-13.522570689999952]},"properties":{"objectid":28926,"nombre":"V.O.C.E. DENTAL","departamento":"CUSCO","provincia":"CUSCO","distrito":"SAN SEBASTIAN","institucion":"PRIVADO","codigoMinsa":28385,"direccion":"PROLONGACIÓN COLLASUYO MANZANA C LOTE 1 URBANIZACIÓN KCARI GRANDE COVIPOL DISTRITO SAN SEBASTIAN PROVINCIA CUSCO DEPARTAMENTO CUSCO","disa":"CUSCO","red":"NO PERTENECE A NINGUNA RED","microrred":"NO PERTENECE A NINGUNA MICRORED","categoria":"ESTABLECIMIENTO DE SALUD SIN INTERNAMIENTO","condicion":"ACTIVO","actualizado":"2023/08/01 19:00:00.000","fuente":"MINSA","urlRenipr":"http://app20.susalud.gob.pe:8080/registro-renipress-webapp/ipress.htm?action=mostrarVer&idipress=00028385"}},{"type":"Feature","geometry":{"type":"Point","coordinates":[-71.94867227999998,-13.526969469999926]},"properties":{"objectid":28979,"nombre":"DENTAMOR","departamento":"CUSCO","provincia":"CUSCO","distrito":"WANCHAQ","institucion":"PRIVADO","codigoMinsa":28750,"direccion":"AVENIDA LA CULTURA NÚMERO 2120 PISO 3 DEPARTAMENTO 302 URBANIZACIÓN SANTA ROSA DISTRITO WANCHAQ PROVINCIA CUSCO DEPARTAMENTO CUSCO","disa":"CUSCO","red":"NO PERTENECE A NINGUNA RED","microrred":"NO PERTENECE A NINGUNA MICRORED","categoria":"ESTABLECIMIENTO DE SALUD SIN INTERNAMIENTO","condicion":"ACTIVO","actualizado":"2023/08/01 19:00:00.000","fuente":"MINSA","urlRenipr":"http://app20.susalud.gob.pe:8080/registro-renipress-webapp/ipress.htm?action=mostrarVer&idipress=00028750"}},{"type":"Feature","geometry":{"type":"Point","coordinates":[-71.94530189999995,-13.527515299999948]},"properties":{"objectid":28993,"nombre":"LABOGEN","departamento":"CUSCO","provincia":"CUSCO","distrito":"WANCHAQ","institucion":"PRIVADO","codigoMinsa":31246,"direccion":"AVENIDA DE LA CULTURA NÚMERO 1202 B PISO 1 DISTRITO WANCHAQ PROVINCIA CUSCO DEPARTAMENTO CUSCO","disa":"CUSCO","red":"","microrred":"","categoria":"SERVICIO MÉDICO DE APOYO","condicion":"ACTIVO","actualizado":"2023/08/01 19:00:00.000","fuente":"MINSA","urlRenipr":"http://app20.susalud.gob.pe:8080/registro-renipress-webapp/ipress.htm?action=mostrarVer&idipress=00031246"}},{"type":"Feature","geometry":{"type":"Point","coordinates":[-71.13849561999996,-15.298956019999935]},"properties":{"objectid":28995,"nombre":"CONDOROMA","departamento":"CUSCO","provincia":"ESPINAR","distrito":"CONDOROMA","institucion":"GOBIERNO REGIONAL","codigoMinsa":2411,"direccion":"OTROS COMUNIDAD DE PATACCOLLANA / CONDOROMA / ESPINAR / CUSCO DISTRITO CONDOROMA PROVINCIA ESPINAR DEPARTAMENTO CUSCO","disa":"CUSCO","red":"CANAS-CANCHIS-ESPINAR","microrred":"YAURI","categoria":"ESTABLECIMIENTO DE SALUD SIN INTERNAMIENTO","condicion":"ACTIVO","actualizado":"2023/08/01 19:00:00.000","fuente":"MINSA","urlRenipr":"http://app20.susalud.gob.pe:8080/registro-renipress-webapp/ipress.htm?action=mostrarVer&idipress=00002411"}},{"type":"Feature","geometry":{"type":"Point","coordinates":[-71.22453317999998,-14.288509809999937]},"properties":{"objectid":28996,"nombre":"TECHO OBRERO","departamento":"CUSCO","provincia":"CANCHIS","distrito":"SICUANI","institucion":"GOBIERNO REGIONAL","codigoMinsa":2380,"direccion":"OTROS URB. SAN ANDRES / SICUANI / CANCHIS / CUSCO URB. SAN ANDRES / SICUANI / CANCHIS / CUSCO SICUANI CANCHIS CUSCO","disa":"CUSCO","red":"CANAS-CANCHIS-ESPINAR","microrred":"TECHO OBRERO","categoria":"ESTABLECIMIENTO DE SALUD CON INTERNAMIENTO","condicion":"ACTIVO","actualizado":"2023/08/01 19:00:00.000","fuente":"MINSA","urlRenipr":"http://app20.susalud.gob.pe:8080/registro-renipress-webapp/ipress.htm?action=mostrarVer&idipress=00002380"}},{"type":"Feature","geometry":{"type":"Point","coordinates":[-72.12382492999996,-13.302532639999981]},"properties":{"objectid":29016,"nombre":"FUNDACIÓN NIÑOS DEL ARCO IRIS","departamento":"CUSCO","provincia":"URUBAMBA","distrito":"URUBAMBA","institucion":"PRIVADO","codigoMinsa":13377,"direccion":"OTROS NRO. SN QQUEROCANCHA CUSCO - URUBAMBA - URUBAMBA DISTRITO URUBAMBA PROVINCIA URUBAMBA DEPARTAMENTO CUSCO","disa":"CUSCO","red":"NO PERTENECE A NINGUNA RED","microrred":"NO PERTENECE A NINGUNA MICRORED","categoria":"ESTABLECIMIENTO DE SALUD SIN INTERNAMIENTO","condicion":"ACTIVO","actualizado":"2023/08/01 19:00:00.000","fuente":"MINSA","urlRenipr":"http://app20.susalud.gob.pe:8080/registro-renipress-webapp/ipress.htm?action=mostrarVer&idipress=00013377"}},{"type":"Feature","geometry":{"type":"Point","coordinates":[-71.96198552999994,-13.523370349999936]},"properties":{"objectid":29034,"nombre":"PSICOSOMATICO CUSCO","departamento":"CUSCO","provincia":"CUSCO","distrito":"WANCHAQ","institucion":"PRIVADO","codigoMinsa":28311,"direccion":"AVENIDA PEDRO VILCA APAZA OFICINA 203 NÚMERO 210 PISO 2 DISTRITO WANCHAQ PROVINCIA CUSCO DEPARTAMENTO CUSCO","disa":"CUSCO","red":"NO PERTENECE A NINGUNA RED","microrred":"NO PERTENECE A NINGUNA MICRORED","categoria":"ESTABLECIMIENTO DE SALUD SIN INTERNAMIENTO","condicion":"ACTIVO","actualizado":"2023/08/01 19:00:00.000","fuente":"MINSA","urlRenipr":"http://app20.susalud.gob.pe:8080/registro-renipress-webapp/ipress.htm?action=mostrarVer&idipress=00028311"}},{"type":"Feature","geometry":{"type":"Point","coordinates":[-71.93464559999995,-13.539398959999971]},"properties":{"objectid":29052,"nombre":"VIVE OZONO","departamento":"CUSCO","provincia":"CUSCO","distrito":"SAN SEBASTIAN","institucion":"PRIVADO","codigoMinsa":28357,"direccion":"JIRÓN PARACAS NÚMERO 9 PISO 1 DEPARTAMENTO 101 MANZANA A URBANIZACIÓN APV LOS NOGALES DISTRITO SAN SEBASTIAN PROVINCIA CUSCO DEPARTAMENTO CUSCO","disa":"","red":"","microrred":"","categoria":"ESTABLECIMIENTO DE SALUD SIN INTERNAMIENTO","condicion":"RUC INACTIVO EN SUNAT","actualizado":"2023/08/01 19:00:00.000","fuente":"MINSA","urlRenipr":"http://app20.susalud.gob.pe:8080/registro-renipress-webapp/ipress.htm?action=mostrarVer&idipress=00028357"}},{"type":"Feature","geometry":{"type":"Point","coordinates":[-73.82778501999996,-12.513759919999927]},"properties":{"objectid":29057,"nombre":"FLORES","departamento":"CUSCO","provincia":"LA CONVENCION","distrito":"PICHARI","institucion":"PRIVADO","codigoMinsa":29365,"direccion":"JIRÓN SUSANA LAURA CARPIO NÚMERO 153 DISTRITO PICHARI PROVINCIA LA CONVENCION DEPARTAMENTO CUSCO","disa":"CUSCO","red":"","microrred":"","categoria":"ESTABLECIMIENTO DE SALUD SIN INTERNAMIENTO","condicion":"ACTIVO","actualizado":"2023/08/01 19:00:00.000","fuente":"MINSA","urlRenipr":"http://app20.susalud.gob.pe:8080/registro-renipress-webapp/ipress.htm?action=mostrarVer&idipress=00029365"}},{"type":"Feature","geometry":{"type":"Point","coordinates":[-72.94941799999998,-11.838820999999939]},"properties":{"objectid":29086,"nombre":"UNIDAD MEDICA MALVINAS","departamento":"CUSCO","provincia":"LA CONVENCION","distrito":"ECHARATE","institucion":"PRIVADO","codigoMinsa":23565,"direccion":"OTROS Río Urubamba DISTRITO ECHARATE PROVINCIA LA CONVENCION DEPARTAMENTO CUSCO","disa":"CUSCO","red":"NO PERTENECE A NINGUNA RED","microrred":"NO PERTENECE A NINGUNA MICRORED","categoria":"ESTABLECIMIENTO DE SALUD SIN INTERNAMIENTO","condicion":"ACTIVO","actualizado":"2023/08/01 19:00:00.000","fuente":"MINSA","urlRenipr":"http://app20.susalud.gob.pe:8080/registro-renipress-webapp/ipress.htm?action=mostrarVer&idipress=00023565"}},{"type":"Feature","geometry":{"type":"Point","coordinates":[-71.94204289999993,-13.527826699999935]},"properties":{"objectid":29159,"nombre":"GASTRO ECOMEDIC","departamento":"CUSCO","provincia":"CUSCO","distrito":"WANCHAQ","institucion":"PRIVADO","codigoMinsa":29402,"direccion":"AVENIDA DE LA CULTURA NÚMERO 1302 PISO 7 DISTRITO WANCHAQ PROVINCIA CUSCO DEPARTAMENTO CUSCO","disa":"CUSCO","red":"","microrred":"","categoria":"ESTABLECIMIENTO DE SALUD SIN INTERNAMIENTO","condicion":"ACTIVO","actualizado":"2023/08/01 19:00:00.000","fuente":"MINSA","urlRenipr":"http://app20.susalud.gob.pe:8080/registro-renipress-webapp/ipress.htm?action=mostrarVer&idipress=00029402"}},{"type":"Feature","geometry":{"type":"Point","coordinates":[-71.88131161999996,-13.548514799999964]},"properties":{"objectid":29171,"nombre":"GRUPMEDIC SAN JERONIMO","departamento":"CUSCO","provincia":"CUSCO","distrito":"SAN JERONIMO","institucion":"PRIVADO","codigoMinsa":29939,"direccion":"AVENIDA MANCO CAPAC NÚMERO 157 PISO 1 DISTRITO SAN JERONIMO PROVINCIA CUSCO DEPARTAMENTO CUSCO","disa":"CUSCO","red":"","microrred":"","categoria":"ESTABLECIMIENTO DE SALUD SIN INTERNAMIENTO","condicion":"ACTIVO","actualizado":"2023/08/01 19:00:00.000","fuente":"MINSA","urlRenipr":"http://app20.susalud.gob.pe:8080/registro-renipress-webapp/ipress.htm?action=mostrarVer&idipress=00029939"}},{"type":"Feature","geometry":{"type":"Point","coordinates":[-72.18488809999997,-13.277796729999977]},"properties":{"objectid":29194,"nombre":"VIRGEN DE VIDAWASI","departamento":"CUSCO","provincia":"URUBAMBA","distrito":"URUBAMBA","institucion":"PRIVADO","codigoMinsa":30722,"direccion":"OTROS PREDIO RURAL PROGRESO BLOQUES A Y B QUINTO PARADERO CENTRO POBLADO DE YANAHUARA CARRETERA URUBAMBA -OLLANTAYTAMBO DISTRITO URUBAMBA PROVINCIA URUBAMBA DEPARTAMENTO CUSCO","disa":"CUSCO","red":"","microrred":"","categoria":"ESTABLECIMIENTO DE SALUD SIN INTERNAMIENTO","condicion":"ACTIVO","actualizado":"2023/08/01 19:00:00.000","fuente":"MINSA","urlRenipr":"http://app20.susalud.gob.pe:8080/registro-renipress-webapp/ipress.htm?action=mostrarVer&idipress=00030722"}},{"type":"Feature","geometry":{"type":"Point","coordinates":[-73.04864459999999,-12.647403999999938]},"properties":{"objectid":29280,"nombre":"VIGPRO KITENI","departamento":"CUSCO","provincia":"LA CONVENCION","distrito":"ECHARATE","institucion":"PRIVADO","codigoMinsa":30267,"direccion":"OTROS BARRIO LA FLORIDA T 8 KITENI DISTRITO ECHARATE PROVINCIA LA CONVENCION DEPARTAMENTO CUSCO","disa":"CUSCO","red":"","microrred":"","categoria":"ESTABLECIMIENTO DE SALUD SIN INTERNAMIENTO","condicion":"ACTIVO","actualizado":"2023/08/01 19:00:00.000","fuente":"MINSA","urlRenipr":"http://app20.susalud.gob.pe:8080/registro-renipress-webapp/ipress.htm?action=mostrarVer&idipress=00030267"}},{"type":"Feature","geometry":{"type":"Point","coordinates":[-71.97535377999998,-13.522903949999943]},"properties":{"objectid":29289,"nombre":"CIMA SO CUSCO","departamento":"CUSCO","provincia":"CUSCO","distrito":"CUSCO","institucion":"PRIVADO","codigoMinsa":23564,"direccion":"AVENIDA PARDO 721 CUSCO CUSCO CUSCO","disa":"CUSCO","red":"NO PERTENECE A NINGUNA RED","microrred":"NO PERTENECE A NINGUNA MICRORED","categoria":"ESTABLECIMIENTO DE SALUD SIN INTERNAMIENTO","condicion":"ACTIVO","actualizado":"2023/08/01 19:00:00.000","fuente":"MINSA","urlRenipr":"http://app20.susalud.gob.pe:8080/registro-renipress-webapp/ipress.htm?action=mostrarVer&idipress=00023564"}},{"type":"Feature","geometry":{"type":"Point","coordinates":[-71.98023889999996,-13.520120199999951]},"properties":{"objectid":29305,"nombre":"HERMANA JOSEFINA SERRANO","departamento":"CUSCO","provincia":"CUSCO","distrito":"CUSCO","institucion":"PRIVADO","codigoMinsa":16758,"direccion":"CALLE SAN ANDRES 321","disa":"CUSCO","red":"NO PERTENECE A NINGUNA RED","microrred":"NO PERTENECE A NINGUNA MICRORED","categoria":"ESTABLECIMIENTO DE SALUD CON INTERNAMIENTO","condicion":"ACTIVO","actualizado":"2023/08/01 19:00:00.000","fuente":"MINSA","urlRenipr":"http://app20.susalud.gob.pe:8080/registro-renipress-webapp/ipress.htm?action=mostrarVer&idipress=00016758"}},{"type":"Feature","geometry":{"type":"Point","coordinates":[-71.87657209999998,-13.455359989999977]},"properties":{"objectid":29366,"nombre":"HUANCALLE","departamento":"CUSCO","provincia":"CALCA","distrito":"TARAY","institucion":"GOBIERNO REGIONAL","codigoMinsa":2354,"direccion":"CARRETERA CARRETERA CUSCO - PISAQ COMUNIDAD HUANCALLE / TARAY / CALCA / CUSCO CARRETERA CUSCO - PISAQ COMUNIDAD HUANCALLE / TARAY / CALCA / CUSCO TARAY CALCA CUSCO","disa":"CUSCO","red":"CUSCO NORTE","microrred":"PISAC","categoria":"ESTABLECIMIENTO DE SALUD SIN INTERNAMIENTO","condicion":"ACTIVO","actualizado":"2023/08/01 19:00:00.000","fuente":"MINSA","urlRenipr":"http://app20.susalud.gob.pe:8080/registro-renipress-webapp/ipress.htm?action=mostrarVer&idipress=00002354"}},{"type":"Feature","geometry":{"type":"Point","coordinates":[-72.01072555999997,-13.422094029999926]},"properties":{"objectid":29367,"nombre":"OCCOTUAN","departamento":"CUSCO","provincia":"URUBAMBA","distrito":"CHINCHERO","institucion":"GOBIERNO REGIONAL","codigoMinsa":2544,"direccion":"OTROS LOCALIDAD DE OCCOTUAN AYLLUPONGO / CHINCHERO / URUBAMBA / CUSCO LOCALIDAD DE OCCOTUAN AYLLUPONGO / CHINCHERO / URUBAMBA / CUSCO CHINCHERO URUBAMBA CUSCO","disa":"CUSCO","red":"CUSCO NORTE","microrred":"URUBAMBA","categoria":"ESTABLECIMIENTO DE SALUD SIN INTERNAMIENTO","condicion":"ACTIVO","actualizado":"2023/08/01 19:00:00.000","fuente":"MINSA","urlRenipr":"http://app20.susalud.gob.pe:8080/registro-renipress-webapp/ipress.htm?action=mostrarVer&idipress=00002544"}},{"type":"Feature","geometry":{"type":"Point","coordinates":[-72.23181532999996,-13.62931924999998]},"properties":{"objectid":29368,"nombre":"CHINCHAYPUJIO","departamento":"CUSCO","provincia":"ANTA","distrito":"CHINCHAYPUJIO","institucion":"GOBIERNO REGIONAL","codigoMinsa":2332,"direccion":"CALLE CALLE CCORCA S/N /CHINCHAYPUJIO / ANTA / CUSCO NÚMERO S/N DISTRITO CHINCHAYPUJIO PROVINCIA ANTA DEPARTAMENTO CUSCO","disa":"CUSCO","red":"CUSCO NORTE","microrred":"ANTA","categoria":"ESTABLECIMIENTO DE SALUD SIN INTERNAMIENTO","condicion":"ACTIVO","actualizado":"2023/08/01 19:00:00.000","fuente":"MINSA","urlRenipr":"http://app20.susalud.gob.pe:8080/registro-renipress-webapp/ipress.htm?action=mostrarVer&idipress=00002332"}},{"type":"Feature","geometry":{"type":"Point","coordinates":[-72.44805517999998,-13.264890609999952]},"properties":{"objectid":29369,"nombre":"CAMINO INCA HUAYLLABAMBA","departamento":"CUSCO","provincia":"URUBAMBA","distrito":"MACHUPICCHU","institucion":"GOBIERNO REGIONAL","codigoMinsa":6974,"direccion":"OTROS COMUNIDAD CAMINO INCA / MACHU PICCHU / URUBAMBA / CUSCO COMUNIDAD CAMINO INCA / MACHU PICCHU / URUBAMBA / CUSCO MACHUPICCHU URUBAMBA CUSCO","disa":"CUSCO","red":"CUSCO NORTE","microrred":"URUBAMBA","categoria":"ESTABLECIMIENTO DE SALUD SIN INTERNAMIENTO","condicion":"ACTIVO","actualizado":"2023/08/01 19:00:00.000","fuente":"MINSA","urlRenipr":"http://app20.susalud.gob.pe:8080/registro-renipress-webapp/ipress.htm?action=mostrarVer&idipress=00006974"}},{"type":"Feature","geometry":{"type":"Point","coordinates":[-72.20976984999999,-12.726020679999976]},"properties":{"objectid":29370,"nombre":"HUACHIBAMBA","departamento":"CUSCO","provincia":"CALCA","distrito":"YANATILE","institucion":"GOBIERNO REGIONAL","codigoMinsa":2362,"direccion":"CARRETERA CARRETERA CALCA - QUEBRADA LOCALIDAD PALTAYBAMBA / YANATILE / CALCA DISTRITO YANATILE PROVINCIA CALCA DEPARTAMENTO CUSCO","disa":"CUSCO","red":"CUSCO NORTE","microrred":"YANATILE","categoria":"ESTABLECIMIENTO DE SALUD SIN INTERNAMIENTO","condicion":"ACTIVO","actualizado":"2023/08/01 19:00:00.000","fuente":"MINSA","urlRenipr":"http://app20.susalud.gob.pe:8080/registro-renipress-webapp/ipress.htm?action=mostrarVer&idipress=00002362"}},{"type":"Feature","geometry":{"type":"Point","coordinates":[-72.52748251999998,-13.510356809999962]},"properties":{"objectid":29371,"nombre":"MOLLEPATA","departamento":"CUSCO","provincia":"ANTA","distrito":"MOLLEPATA","institucion":"GOBIERNO REGIONAL","codigoMinsa":2338,"direccion":"CALLE CALLE EMANCIPACION S/N / MOLLEPATA / ANTA / CUSCO S/N CALLE EMANCIPACION S/N / MOLLEPATA / ANTA / CUSCO MOLLEPATA ANTA CUSCO","disa":"CUSCO","red":"CUSCO NORTE","microrred":"LIMATAMBO","categoria":"ESTABLECIMIENTO DE SALUD SIN INTERNAMIENTO","condicion":"ACTIVO","actualizado":"2023/08/01 19:00:00.000","fuente":"MINSA","urlRenipr":"http://app20.susalud.gob.pe:8080/registro-renipress-webapp/ipress.htm?action=mostrarVer&idipress=00002338"}},{"type":"Feature","geometry":{"type":"Point","coordinates":[-71.93987789999994,-13.53191229999993]},"properties":{"objectid":29396,"nombre":"JOSE PRADO DE PARDO","departamento":"CUSCO","provincia":"CUSCO","distrito":"WANCHAQ","institucion":"PRIVADO","codigoMinsa":25726,"direccion":"JIRÓN CAJAMARCA NÚMERO 2 PISO 1 LOTE L URBANIZACIÓN SAN BORJA DISTRITO WANCHAQ PROVINCIA CUSCO DEPARTAMENTO CUSCO","disa":"CUSCO","red":"NO PERTENECE A NINGUNA RED","microrred":"NO PERTENECE A NINGUNA MICRORED","categoria":"ESTABLECIMIENTO DE SALUD SIN INTERNAMIENTO","condicion":"ACTIVO","actualizado":"2023/08/01 19:00:00.000","fuente":"MINSA","urlRenipr":"http://app20.susalud.gob.pe:8080/registro-renipress-webapp/ipress.htm?action=mostrarVer&idipress=00025726"}},{"type":"Feature","geometry":{"type":"Point","coordinates":[-71.96746259999998,-13.531949999999938]},"properties":{"objectid":29442,"nombre":"ANALISIS FAMILAB","departamento":"CUSCO","provincia":"CUSCO","distrito":"CUSCO","institucion":"PRIVADO","codigoMinsa":11901,"direccion":"CALLE SAN ANDRES Nº 240 OFICINA A 202 PISO 2 DISTRITO CUSCO PROVINCIA CUSCO DEPARTAMENTO CUSCO","disa":"CUSCO","red":"","microrred":"NO PERTENECE A NINGUNA MICRORED","categoria":"SERVICIO MÉDICO DE APOYO","condicion":"ACTIVO","actualizado":"2023/08/01 19:00:00.000","fuente":"MINSA","urlRenipr":"http://app20.susalud.gob.pe:8080/registro-renipress-webapp/ipress.htm?action=mostrarVer&idipress=00011901"}},{"type":"Feature","geometry":{"type":"Point","coordinates":[-71.96770799999996,-13.52663999999993]},"properties":{"objectid":29773,"nombre":"OSCAR HINOJOSA","departamento":"CUSCO","provincia":"CUSCO","distrito":"CUSCO","institucion":"PRIVADO","codigoMinsa":27096,"direccion":"CALLE Matara N?ERO 410 INTERIOR 01 DISTRITO CUSCO PROVINCIA CUSCO DEPARTAMENTO CUSCO","disa":"CUSCO","red":"NO PERTENECE A NINGUNA RED","microrred":"NO PERTENECE A NINGUNA MICRORED","categoria":"SERVICIO MÉDICO DE APOYO","condicion":"ACTIVO","actualizado":"2023/08/01 19:00:00.000","fuente":"MINSA","urlRenipr":"http://app20.susalud.gob.pe:8080/registro-renipress-webapp/ipress.htm?action=mostrarVer&idipress=00027096"}},{"type":"Feature","geometry":{"type":"Point","coordinates":[-71.97843683999997,-13.520073449999927]},"properties":{"objectid":30044,"nombre":"COG VISION 20/20","departamento":"CUSCO","provincia":"CUSCO","distrito":"CUSCO","institucion":"PRIVADO","codigoMinsa":15486,"direccion":"CALLE CALLE AYACUCHO 230 INTERIOR 102 DISTRITO CUSCO PROVINCIA CUSCO DEPARTAMENTO CUSCO","disa":"CUSCO","red":"NO PERTENECE A NINGUNA RED","microrred":"NO PERTENECE A NINGUNA MICRORED","categoria":"ESTABLECIMIENTO DE SALUD SIN INTERNAMIENTO","condicion":"ACTIVO","actualizado":"2023/08/01 19:00:00.000","fuente":"MINSA","urlRenipr":"http://app20.susalud.gob.pe:8080/registro-renipress-webapp/ipress.htm?action=mostrarVer&idipress=00015486"}},{"type":"Feature","geometry":{"type":"Point","coordinates":[-71.96177008999996,-13.52322485999997]},"properties":{"objectid":30441,"nombre":"CUSCO BIOMEDICAL","departamento":"CUSCO","provincia":"CUSCO","distrito":"WANCHAQ","institucion":"PRIVADO","codigoMinsa":25585,"direccion":"AVENIDA LOS INCAS 810 CUARTO PISO 402 Y QUINTO PISO 501 DISTRITO WANCHAQ PROVINCIA CUSCO DEPARTAMENTO CUSCO","disa":"CUSCO","red":"NO PERTENECE A NINGUNA RED","microrred":"NO PERTENECE A NINGUNA MICRORED","categoria":"ESTABLECIMIENTO DE SALUD SIN INTERNAMIENTO","condicion":"ACTIVO","actualizado":"2023/08/01 19:00:00.000","fuente":"MINSA","urlRenipr":"http://app20.susalud.gob.pe:8080/registro-renipress-webapp/ipress.htm?action=mostrarVer&idipress=00025585"}},{"type":"Feature","geometry":{"type":"Point","coordinates":[-71.96746259999998,-13.531949999999938]},"properties":{"objectid":30521,"nombre":"MEDICUSCO","departamento":"CUSCO","provincia":"CUSCO","distrito":"CUSCO","institucion":"PRIVADO","codigoMinsa":24585,"direccion":"PASAJE LOS GERANEOS NÚMERO 10 MANZANA B URBANIZACIÓN MARISCAL GAMARRA DISTRITO CUSCO PROVINCIA CUSCO DEPARTAMENTO CUSCO","disa":"CUSCO","red":"NO PERTENECE A NINGUNA RED","microrred":"NO PERTENECE A NINGUNA MICRORED","categoria":"ESTABLECIMIENTO DE SALUD SIN INTERNAMIENTO","condicion":"ACTIVO","actualizado":"2023/08/01 19:00:00.000","fuente":"MINSA","urlRenipr":"http://app20.susalud.gob.pe:8080/registro-renipress-webapp/ipress.htm?action=mostrarVer&idipress=00024585"}},{"type":"Feature","geometry":{"type":"Point","coordinates":[-72.59390013999996,-13.00436260999993]},"properties":{"objectid":30580,"nombre":"HUAYOPATA","departamento":"CUSCO","provincia":"LA CONVENCION","distrito":"HUAYOPATA","institucion":"GOBIERNO REGIONAL","codigoMinsa":2455,"direccion":"OTROS HUAYOPATA / LA CONVENCION / CUSCO HUAYOPATA / LA CONVENCION / CUSCO HUAYOPATA LA CONVENCION CUSCO","disa":"CUSCO","red":"LA CONVENCION","microrred":"MARANURA","categoria":"ESTABLECIMIENTO DE SALUD SIN INTERNAMIENTO","condicion":"ACTIVO","actualizado":"2023/08/01 19:00:00.000","fuente":"MINSA","urlRenipr":"http://app20.susalud.gob.pe:8080/registro-renipress-webapp/ipress.htm?action=mostrarVer&idipress=00002455"}},{"type":"Feature","geometry":{"type":"Point","coordinates":[-72.59358291999996,-13.130501889999948]},"properties":{"objectid":30581,"nombre":"SANTA TERESA","departamento":"CUSCO","provincia":"LA CONVENCION","distrito":"SANTA TERESA","institucion":"GOBIERNO REGIONAL","codigoMinsa":2476,"direccion":"OTROS SANTA TERESA / LA CONVENCION / CUSCO SANTA TERESA / LA CONVENCION / CUSCO SANTA TERESA LA CONVENCION CUSCO","disa":"CUSCO","red":"LA CONVENCION","microrred":"MARANURA","categoria":"ESTABLECIMIENTO DE SALUD CON INTERNAMIENTO","condicion":"ACTIVO","actualizado":"2023/08/01 19:00:00.000","fuente":"MINSA","urlRenipr":"http://app20.susalud.gob.pe:8080/registro-renipress-webapp/ipress.htm?action=mostrarVer&idipress=00002476"}},{"type":"Feature","geometry":{"type":"Point","coordinates":[-72.62573357999997,-12.394651599999975]},"properties":{"objectid":30582,"nombre":"HUILLCAPAMPA","departamento":"CUSCO","provincia":"LA CONVENCION","distrito":"QUELLOUNO","institucion":"GOBIERNO REGIONAL","codigoMinsa":2466,"direccion":"OTROS POBLADO HUILLCAPAMPA / QUELLOUNO / LA CONVENCION / CUSCO POBLADO HUILLCAPAMPA / QUELLOUNO / LA CONVENCION / CUSCO QUELLOUNO LA CONVENCION CUSCO","disa":"CUSCO","red":"LA CONVENCION","microrred":"QUELLOUNO","categoria":"ESTABLECIMIENTO DE SALUD SIN INTERNAMIENTO","condicion":"ACTIVO","actualizado":"2023/08/01 19:00:00.000","fuente":"MINSA","urlRenipr":"http://app20.susalud.gob.pe:8080/registro-renipress-webapp/ipress.htm?action=mostrarVer&idipress=00002466"}},{"type":"Feature","geometry":{"type":"Point","coordinates":[-72.67245999999994,-12.949841669999955]},"properties":{"objectid":30583,"nombre":"UCHUMAYO","departamento":"CUSCO","provincia":"LA CONVENCION","distrito":"MARANURA","institucion":"GOBIERNO REGIONAL","codigoMinsa":2461,"direccion":"OTROS UCHUMAYO / MARANURA / LA CONVENCION / CUSCO UCHUMAYO / MARANURA / LA CONVENCION / CUSCO MARANURA LA CONVENCION CUSCO","disa":"CUSCO","red":"LA CONVENCION","microrred":"MARANURA","categoria":"ESTABLECIMIENTO DE SALUD SIN INTERNAMIENTO","condicion":"ACTIVO","actualizado":"2023/08/01 19:00:00.000","fuente":"MINSA","urlRenipr":"http://app20.susalud.gob.pe:8080/registro-renipress-webapp/ipress.htm?action=mostrarVer&idipress=00002461"}},{"type":"Feature","geometry":{"type":"Point","coordinates":[-72.99694651999994,-11.302905959999975]},"properties":{"objectid":30584,"nombre":"MIARIA","departamento":"CUSCO","provincia":"LA CONVENCION","distrito":"MEGANTONI","institucion":"GOBIERNO REGIONAL","codigoMinsa":2435,"direccion":"OTROS COMUNIDAD NATIVA MIARIA S/N MEGANTONI LA CONVENCION CUSCO","disa":"CUSCO","red":"LA CONVENCION","microrred":"KAMISEA","categoria":"ESTABLECIMIENTO DE SALUD SIN INTERNAMIENTO","condicion":"ACTIVO","actualizado":"2023/08/01 19:00:00.000","fuente":"MINSA","urlRenipr":"http://app20.susalud.gob.pe:8080/registro-renipress-webapp/ipress.htm?action=mostrarVer&idipress=00002435"}},{"type":"Feature","geometry":{"type":"Point","coordinates":[-71.95939889999994,-13.53129089999993]},"properties":{"objectid":30616,"nombre":"MANDUJANO","departamento":"CUSCO","provincia":"CUSCO","distrito":"WANCHAQ","institucion":"PRIVADO","codigoMinsa":29521,"direccion":"AVENIDA 28 DE JULIO Q-2-1 OFICINA 201 PISO 2 URBANIZACIÓN TTIO DISTRITO WANCHAQ PROVINCIA CUSCO DEPARTAMENTO CUSCO","disa":"CUSCO","red":"","microrred":"","categoria":"ESTABLECIMIENTO DE SALUD SIN INTERNAMIENTO","condicion":"ACTIVO","actualizado":"2023/08/01 19:00:00.000","fuente":"MINSA","urlRenipr":"http://app20.susalud.gob.pe:8080/registro-renipress-webapp/ipress.htm?action=mostrarVer&idipress=00029521"}},{"type":"Feature","geometry":{"type":"Point","coordinates":[-71.88605719999998,-13.545783599999936]},"properties":{"objectid":30869,"nombre":"SAN JOSE","departamento":"CUSCO","provincia":"CUSCO","distrito":"WANCHAQ","institucion":"PRIVADO","codigoMinsa":11339,"direccion":"AVENIDA AV. LOS INCAS Nº 1408 DISTRITO WANCHAQ PROVINCIA CUSCO DEPARTAMENTO CUSCO","disa":"CUSCO","red":"NO PERTENECE A NINGUNA RED","microrred":"NO PERTENECE A NINGUNA MICRORED","categoria":"ESTABLECIMIENTO DE SALUD CON INTERNAMIENTO","condicion":"ACTIVO","actualizado":"2023/08/01 19:00:00.000","fuente":"MINSA","urlRenipr":"http://app20.susalud.gob.pe:8080/registro-renipress-webapp/ipress.htm?action=mostrarVer&idipress=00011339"}},{"type":"Feature","geometry":{"type":"Point","coordinates":[-70.75437129999995,-13.228650799999969]},"properties":{"objectid":30873,"nombre":"QUINCE MIL","departamento":"CUSCO","provincia":"QUISPICANCHI","distrito":"CAMANTI","institucion":"GOBIERNO REGIONAL","codigoMinsa":2526,"direccion":"PLAZA PLAZA DE ARMAS DE QUINCE MIL S/N / CAMANTI / QUISPICANCHI / CUSCO NÚMERO S/N DISTRITO CAMANTI PROVINCIA QUISPICANCHI DEPARTAMENTO CUSCO","disa":"CUSCO","red":"CUSCO SUR","microrred":"OCONGATE","categoria":"ESTABLECIMIENTO DE SALUD SIN INTERNAMIENTO","condicion":"ACTIVO","actualizado":"2023/08/01 19:00:00.000","fuente":"MINSA","urlRenipr":"http://app20.susalud.gob.pe:8080/registro-renipress-webapp/ipress.htm?action=mostrarVer&idipress=00002526"}},{"type":"Feature","geometry":{"type":"Point","coordinates":[-71.50234166999996,-13.46703666999997]},"properties":{"objectid":30874,"nombre":"CHICHINA","departamento":"CUSCO","provincia":"QUISPICANCHI","distrito":"CCATCA","institucion":"GOBIERNO REGIONAL","codigoMinsa":12931,"direccion":"OTROS COMUNIDAD CAMPESINA DE CHICHINA DISTRITO CCATCA PROVINCIA QUISPICANCHI DEPARTAMENTO CUSCO","disa":"CUSCO","red":"CUSCO SUR","microrred":"OCONGATE","categoria":"ESTABLECIMIENTO DE SALUD SIN INTERNAMIENTO","condicion":"ACTIVO","actualizado":"2023/08/01 19:00:00.000","fuente":"MINSA","urlRenipr":"http://app20.susalud.gob.pe:8080/registro-renipress-webapp/ipress.htm?action=mostrarVer&idipress=00012931"}},{"type":"Feature","geometry":{"type":"Point","coordinates":[-71.50183646999994,-13.905220179999958]},"properties":{"objectid":30875,"nombre":"CUSIPATA","departamento":"CUSCO","provincia":"QUISPICANCHI","distrito":"CUSIPATA","institucion":"GOBIERNO REGIONAL","codigoMinsa":2530,"direccion":"AVENIDA AVENIDA VIGÑATI S/N / CUSIPATA / QUISPICANCHI / CUSCO S/N AVENIDA VIGÑATI S/N / CUSIPATA / QUISPICANCHI / CUSCO CUSIPATA QUISPICANCHI CUSCO","disa":"CUSCO","red":"CUSCO SUR","microrred":"URCOS","categoria":"ESTABLECIMIENTO DE SALUD SIN INTERNAMIENTO","condicion":"ACTIVO","actualizado":"2023/08/01 19:00:00.000","fuente":"MINSA","urlRenipr":"http://app20.susalud.gob.pe:8080/registro-renipress-webapp/ipress.htm?action=mostrarVer&idipress=00002530"}},{"type":"Feature","geometry":{"type":"Point","coordinates":[-72.01073381999998,-13.683199939999952]},"properties":{"objectid":30876,"nombre":"HUANOQUITE","departamento":"CUSCO","provincia":"PARURO","distrito":"HUANOQUITE","institucion":"GOBIERNO REGIONAL","codigoMinsa":2504,"direccion":"OTROS SECTOR TIWICHI / HUANOQUITE / PARURO / CUSCO DISTRITO HUANOQUITE PROVINCIA PARURO DEPARTAMENTO CUSCO","disa":"CUSCO","red":"CUSCO SUR","microrred":"PARURO","categoria":"ESTABLECIMIENTO DE SALUD SIN INTERNAMIENTO","condicion":"ACTIVO","actualizado":"2023/08/01 19:00:00.000","fuente":"MINSA","urlRenipr":"http://app20.susalud.gob.pe:8080/registro-renipress-webapp/ipress.htm?action=mostrarVer&idipress=00002504"}},{"type":"Feature","geometry":{"type":"Point","coordinates":[-72.17251430999994,-13.286100339999962]},"properties":{"objectid":30973,"nombre":"OXIGEN MEDICAL NETWORK VALLE SAGRADO","departamento":"CUSCO","provincia":"URUBAMBA","distrito":"OLLANTAYTAMBO","institucion":"PRIVADO","codigoMinsa":26427,"direccion":"CARRETERA RINCONADA YANAHUARA VALLE VILCANOTA N?ERO 7 DISTRITO OLLANTAYTAMBO PROVINCIA URUBAMBA DEPARTAMENTO CUSCO","disa":"CUSCO","red":"NO PERTENECE A NINGUNA RED","microrred":"NO PERTENECE A NINGUNA MICRORED","categoria":"ESTABLECIMIENTO DE SALUD SIN INTERNAMIENTO","condicion":"ACTIVO","actualizado":"2023/08/01 19:00:00.000","fuente":"MINSA","urlRenipr":"http://app20.susalud.gob.pe:8080/registro-renipress-webapp/ipress.htm?action=mostrarVer&idipress=00026427"}},{"type":"Feature","geometry":{"type":"Point","coordinates":[-71.97043569999994,-13.507771399999967]},"properties":{"objectid":30979,"nombre":"ODONTOMEDIC CENTER","departamento":"CUSCO","provincia":"CUSCO","distrito":"CUSCO","institucion":"PRIVADO","codigoMinsa":25755,"direccion":"URBANIZACIÓN MICAELA BASTIDAS NÚMERO A1 PISO 1 LOTE B URBANIZACIÓN MICAELA BASTIDAS DISTRITO CUSCO PROVINCIA CUSCO DEPARTAMENTO CUSCO","disa":"CUSCO","red":"NO PERTENECE A NINGUNA RED","microrred":"NO PERTENECE A NINGUNA MICRORED","categoria":"ESTABLECIMIENTO DE SALUD SIN INTERNAMIENTO","condicion":"ACTIVO","actualizado":"2023/08/01 19:00:00.000","fuente":"MINSA","urlRenipr":"http://app20.susalud.gob.pe:8080/registro-renipress-webapp/ipress.htm?action=mostrarVer&idipress=00025755"}},{"type":"Feature","geometry":{"type":"Point","coordinates":[-71.82720999999998,-14.41775999999993]},"properties":{"objectid":30988,"nombre":"UCCHUCCARCCO","departamento":"CUSCO","provincia":"CHUMBIVILCAS","distrito":"CHAMACA","institucion":"GOBIERNO REGIONAL","codigoMinsa":16328,"direccion":"OTROS COMUNIDAD CAMPESINA DE UCHUCCARCCO, DISTRITO DE CHAMACA, PROVINCIA CHUMBIVILCAS DISTRITO CHAMACA PROVINCIA CHUMBIVILCAS DEPARTAMENTO CUSCO","disa":"CUSCO","red":"CHUMBIVILCAS","microrred":"LIVITACA","categoria":"ESTABLECIMIENTO DE SALUD SIN INTERNAMIENTO","condicion":"ACTIVO","actualizado":"2023/08/01 19:00:00.000","fuente":"MINSA","urlRenipr":"http://app20.susalud.gob.pe:8080/registro-renipress-webapp/ipress.htm?action=mostrarVer&idipress=00016328"}},{"type":"Feature","geometry":{"type":"Point","coordinates":[-72.05976224999995,-14.408804549999957]},"properties":{"objectid":30989,"nombre":"MELLOTOTORA","departamento":"CUSCO","provincia":"CHUMBIVILCAS","distrito":"SANTO TOMAS","institucion":"GOBIERNO REGIONAL","codigoMinsa":6982,"direccion":"OTROS COMUNIDAD DE MELLOTOTORA / SANTO TOMÁS / CHUMBIVILCAS / CUSCO DISTRITO SANTO TOMAS PROVINCIA CHUMBIVILCAS DEPARTAMENTO CUSCO","disa":"CUSCO","red":"CHUMBIVILCAS","microrred":"SANTO TOMAS","categoria":"ESTABLECIMIENTO DE SALUD SIN INTERNAMIENTO","condicion":"ACTIVO","actualizado":"2023/08/01 19:00:00.000","fuente":"MINSA","urlRenipr":"http://app20.susalud.gob.pe:8080/registro-renipress-webapp/ipress.htm?action=mostrarVer&idipress=00006982"}},{"type":"Feature","geometry":{"type":"Point","coordinates":[-72.03087183999997,-14.098742179999931]},"properties":{"objectid":30990,"nombre":"CANCAHUANI","departamento":"CUSCO","provincia":"CHUMBIVILCAS","distrito":"CAPACMARCA","institucion":"GOBIERNO REGIONAL","codigoMinsa":9963,"direccion":"OTROS CENTRO POBLADO DE CANCAHUANI DISTRITO CAPACMARCA PROVINCIA CHUMBIVILCAS DEPARTAMENTO CUSCO","disa":"CUSCO","red":"CHUMBIVILCAS","microrred":"SANTO TOMAS","categoria":"ESTABLECIMIENTO DE SALUD SIN INTERNAMIENTO","condicion":"ACTIVO","actualizado":"2023/08/01 19:00:00.000","fuente":"MINSA","urlRenipr":"http://app20.susalud.gob.pe:8080/registro-renipress-webapp/ipress.htm?action=mostrarVer&idipress=00009963"}},{"type":"Feature","geometry":{"type":"Point","coordinates":[-72.17227166999999,-14.402613329999951]},"properties":{"objectid":30991,"nombre":"TOTORAPALLCA","departamento":"CUSCO","provincia":"CHUMBIVILCAS","distrito":"LLUSCO","institucion":"GOBIERNO REGIONAL","codigoMinsa":6985,"direccion":"OTROS COMUNIDAD DE TOTORAPALLCA / LLUSCO / CHUMBIVILCAS / CUSCO DISTRITO LLUSCO PROVINCIA CHUMBIVILCAS DEPARTAMENTO CUSCO","disa":"CUSCO","red":"CHUMBIVILCAS","microrred":"SANTO TOMAS","categoria":"ESTABLECIMIENTO DE SALUD SIN INTERNAMIENTO","condicion":"ACTIVO","actualizado":"2023/08/01 19:00:00.000","fuente":"MINSA","urlRenipr":"http://app20.susalud.gob.pe:8080/registro-renipress-webapp/ipress.htm?action=mostrarVer&idipress=00006985"}},{"type":"Feature","geometry":{"type":"Point","coordinates":[-71.84839499999998,-14.303503329999955]},"properties":{"objectid":30992,"nombre":"CHAMACA","departamento":"CUSCO","provincia":"CHUMBIVILCAS","distrito":"CHAMACA","institucion":"GOBIERNO REGIONAL","codigoMinsa":2402,"direccion":"CALLE CALLE PROGRESO SIN NUMERO / CHAMACA / CHUMBIVILCAS / CUSCO CALLE PROGRESO SIN NUMERO / CHAMACA / CHUMBIVILCAS / CUSCO CHAMACA CHUMBIVILCAS CUSCO","disa":"CUSCO","red":"CHUMBIVILCAS","microrred":"LIVITACA","categoria":"ESTABLECIMIENTO DE SALUD SIN INTERNAMIENTO","condicion":"ACTIVO","actualizado":"2023/08/01 19:00:00.000","fuente":"MINSA","urlRenipr":"http://app20.susalud.gob.pe:8080/registro-renipress-webapp/ipress.htm?action=mostrarVer&idipress=00002402"}},{"type":"Feature","geometry":{"type":"Point","coordinates":[-71.96233062999994,-13.523065609999946]},"properties":{"objectid":30996,"nombre":"CRISDENTS","departamento":"CUSCO","provincia":"CUSCO","distrito":"WANCHAQ","institucion":"PRIVADO","codigoMinsa":28995,"direccion":"AVENIDA LOS INCAS oficina 201 y 202 NÚMERO 710 PISO 2 DISTRITO WANCHAQ PROVINCIA CUSCO DEPARTAMENTO CUSCO","disa":"CUSCO","red":"NO PERTENECE A NINGUNA RED","microrred":"NO PERTENECE A NINGUNA MICRORED","categoria":"ESTABLECIMIENTO DE SALUD SIN INTERNAMIENTO","condicion":"ACTIVO","actualizado":"2023/08/01 19:00:00.000","fuente":"MINSA","urlRenipr":"http://app20.susalud.gob.pe:8080/registro-renipress-webapp/ipress.htm?action=mostrarVer&idipress=00028995"}},{"type":"Feature","geometry":{"type":"Point","coordinates":[-71.95699825999998,-13.524449469999979]},"properties":{"objectid":31009,"nombre":"JUAN HINOJOSA VARGAS","departamento":"CUSCO","provincia":"CUSCO","distrito":"CUSCO","institucion":"PRIVADO","codigoMinsa":26652,"direccion":"JIRÓN HERMANOS AYAR N?ERO 106 PISO 2 DEPARTAMENTO 201 DISTRITO CUSCO PROVINCIA CUSCO DEPARTAMENTO CUSCO","disa":"CUSCO","red":"NO PERTENECE A NINGUNA RED","microrred":"NO PERTENECE A NINGUNA MICRORED","categoria":"ESTABLECIMIENTO DE SALUD SIN INTERNAMIENTO","condicion":"ACTIVO","actualizado":"2023/08/01 19:00:00.000","fuente":"MINSA","urlRenipr":"http://app20.susalud.gob.pe:8080/registro-renipress-webapp/ipress.htm?action=mostrarVer&idipress=00026652"}},{"type":"Feature","geometry":{"type":"Point","coordinates":[-71.42973729999994,-14.22213419999997]},"properties":{"objectid":31034,"nombre":"YANAOCA","departamento":"CUSCO","provincia":"CANAS","distrito":"YANAOCA","institucion":"GOBIERNO REGIONAL","codigoMinsa":2364,"direccion":"AVENIDA AVENIDA TUPAC AMARU N° 1800 - YANAOCA - CANAS - CUSCO AVENIDA TUPAC AMARU N° 1800 - YANAOCA - CANAS - CUSCO YANAOCA CANAS CUSCO","disa":"CUSCO","red":"CANAS-CANCHIS-ESPINAR","microrred":"YANAOCA","categoria":"ESTABLECIMIENTO DE SALUD CON INTERNAMIENTO","condicion":"ACTIVO","actualizado":"2023/08/01 19:00:00.000","fuente":"MINSA","urlRenipr":"http://app20.susalud.gob.pe:8080/registro-renipress-webapp/ipress.htm?action=mostrarVer&idipress=00002364"}},{"type":"Feature","geometry":{"type":"Point","coordinates":[-71.33357729999994,-14.864144559999943]},"properties":{"objectid":31035,"nombre":"TINTAYA MARQUIRI","departamento":"CUSCO","provincia":"ESPINAR","distrito":"ESPINAR","institucion":"GOBIERNO REGIONAL","codigoMinsa":6745,"direccion":"AVENIDA AVENIDA TINTAYA MARQUIRI / YAURI / ESPINAR / CUSCO DISTRITO ESPINAR PROVINCIA ESPINAR DEPARTAMENTO CUSCO","disa":"CUSCO","red":"CANAS-CANCHIS-ESPINAR","microrred":"YAURI","categoria":"ESTABLECIMIENTO DE SALUD SIN INTERNAMIENTO","condicion":"ACTIVO","actualizado":"2023/08/01 19:00:00.000","fuente":"MINSA","urlRenipr":"http://app20.susalud.gob.pe:8080/registro-renipress-webapp/ipress.htm?action=mostrarVer&idipress=00006745"}},{"type":"Feature","geometry":{"type":"Point","coordinates":[-71.64457482999995,-15.008433429999968]},"properties":{"objectid":31036,"nombre":"SUYKUTAMBO","departamento":"CUSCO","provincia":"ESPINAR","distrito":"SUYCKUTAMBO","institucion":"GOBIERNO REGIONAL","codigoMinsa":2419,"direccion":"CALLE CALLE ALFONSO UGARTE S/N VIRGINNIYOC / SUYKUTAMBO / ESPINAR / CUSCO NÚMERO S/N DISTRITO SUYCKUTAMBO PROVINCIA ESPINAR DEPARTAMENTO CUSCO","disa":"CUSCO","red":"CANAS-CANCHIS-ESPINAR","microrred":"YAURI","categoria":"ESTABLECIMIENTO DE SALUD SIN INTERNAMIENTO","condicion":"ACTIVO","actualizado":"2023/08/01 19:00:00.000","fuente":"MINSA","urlRenipr":"http://app20.susalud.gob.pe:8080/registro-renipress-webapp/ipress.htm?action=mostrarVer&idipress=00002419"}},{"type":"Feature","geometry":{"type":"Point","coordinates":[-71.45955159999994,-14.148170999999934]},"properties":{"objectid":31037,"nombre":"PAMPAMARCA","departamento":"CUSCO","provincia":"CANAS","distrito":"PAMPAMARCA","institucion":"GOBIERNO REGIONAL","codigoMinsa":2372,"direccion":"OTROS PAMPAMARCA / PAMPAMARCA / CANAS /CUSCO DISTRITO PAMPAMARCA PROVINCIA CANAS DEPARTAMENTO CUSCO","disa":"CUSCO","red":"CANAS-CANCHIS-ESPINAR","microrred":"YANAOCA","categoria":"ESTABLECIMIENTO DE SALUD SIN INTERNAMIENTO","condicion":"ACTIVO","actualizado":"2023/08/01 19:00:00.000","fuente":"MINSA","urlRenipr":"http://app20.susalud.gob.pe:8080/registro-renipress-webapp/ipress.htm?action=mostrarVer&idipress=00002372"}},{"type":"Feature","geometry":{"type":"Point","coordinates":[-71.96845229999997,-13.530227799999977]},"properties":{"objectid":31096,"nombre":"NUOVA VITA SAC","departamento":"CUSCO","provincia":"CUSCO","distrito":"WANCHAQ","institucion":"PRIVADO","codigoMinsa":29186,"direccion":"AVENIDA INFANCIA MANZANA B LOTE 2 URBANIZACIÓN COOVECRIF DISTRITO WANCHAQ PROVINCIA CUSCO DEPARTAMENTO CUSCO","disa":"CUSCO","red":"NO PERTENECE A NINGUNA RED","microrred":"NO PERTENECE A NINGUNA MICRORED","categoria":"ESTABLECIMIENTO DE SALUD SIN INTERNAMIENTO","condicion":"ACTIVO","actualizado":"2023/08/01 19:00:00.000","fuente":"MINSA","urlRenipr":"http://app20.susalud.gob.pe:8080/registro-renipress-webapp/ipress.htm?action=mostrarVer&idipress=00029186"}},{"type":"Feature","geometry":{"type":"Point","coordinates":[-71.95888729999996,-13.527279299999975]},"properties":{"objectid":31099,"nombre":"DENTAL CARISMAS","departamento":"CUSCO","provincia":"CUSCO","distrito":"WANCHAQ","institucion":"PRIVADO","codigoMinsa":28297,"direccion":"AVENIDA HIPOLITO UNANUE B-52 NÚMERO 52 MANZANA B DISTRITO WANCHAQ PROVINCIA CUSCO DEPARTAMENTO CUSCO","disa":"CUSCO","red":"NO PERTENECE A NINGUNA RED","microrred":"NO PERTENECE A NINGUNA MICRORED","categoria":"ESTABLECIMIENTO DE SALUD SIN INTERNAMIENTO","condicion":"ACTIVO","actualizado":"2023/08/01 19:00:00.000","fuente":"MINSA","urlRenipr":"http://app20.susalud.gob.pe:8080/registro-renipress-webapp/ipress.htm?action=mostrarVer&idipress=00028297"}},{"type":"Feature","geometry":{"type":"Point","coordinates":[-71.96437269999996,-13.534161359999928]},"properties":{"objectid":31158,"nombre":"GLOBAL DENT","departamento":"CUSCO","provincia":"CUSCO","distrito":"WANCHAQ","institucion":"PRIVADO","codigoMinsa":28985,"direccion":"CALLE LOS SAUCES OFICINA 2 PISO 2 MANZANA LL LOTE 10 URBANIZACIÓN TTIO DISTRITO WANCHAQ PROVINCIA CUSCO DEPARTAMENTO CUSCO","disa":"CUSCO","red":"NO PERTENECE A NINGUNA RED","microrred":"NO PERTENECE A NINGUNA MICRORED","categoria":"ESTABLECIMIENTO DE SALUD SIN INTERNAMIENTO","condicion":"ACTIVO","actualizado":"2023/08/01 19:00:00.000","fuente":"MINSA","urlRenipr":"http://app20.susalud.gob.pe:8080/registro-renipress-webapp/ipress.htm?action=mostrarVer&idipress=00028985"}},{"type":"Feature","geometry":{"type":"Point","coordinates":[-72.69031869999998,-12.864603599999953]},"properties":{"objectid":31189,"nombre":"SANIDAD PNP LA CONVENCION-QUILLABAMBA","departamento":"CUSCO","provincia":"LA CONVENCION","distrito":"SANTA ANA","institucion":"SANIDAD DE LA POLICIA NACIONAL DEL PERU","codigoMinsa":11744,"direccion":"AVENIDA AV.GRAU NO 156 DISTRITO SANTA ANA PROVINCIA LA CONVENCION DEPARTAMENTO CUSCO","disa":"CUSCO","red":"NO PERTENECE A NINGUNA RED","microrred":"NO PERTENECE A NINGUNA MICRORED","categoria":"ESTABLECIMIENTO DE SALUD SIN INTERNAMIENTO","condicion":"ACTIVO","actualizado":"2023/08/01 19:00:00.000","fuente":"MINSA","urlRenipr":"http://app20.susalud.gob.pe:8080/registro-renipress-webapp/ipress.htm?action=mostrarVer&idipress=00011744"}},{"type":"Feature","geometry":{"type":"Point","coordinates":[-71.96377918999997,-13.522942609999973]},"properties":{"objectid":31207,"nombre":"PODOCUSCO","departamento":"CUSCO","provincia":"CUSCO","distrito":"WANCHAQ","institucion":"PRIVADO","codigoMinsa":29223,"direccion":"AVENIDA MICAELA BASTIDAS NÚMERO 281 PISO 1 LOTE B DISTRITO WANCHAQ PROVINCIA CUSCO DEPARTAMENTO CUSCO","disa":"CUSCO","red":"","microrred":"","categoria":"SERVICIO MÉDICO DE APOYO","condicion":"ACTIVO","actualizado":"2023/08/01 19:00:00.000","fuente":"MINSA","urlRenipr":"http://app20.susalud.gob.pe:8080/registro-renipress-webapp/ipress.htm?action=mostrarVer&idipress=00029223"}},{"type":"Feature","geometry":{"type":"Point","coordinates":[-71.72369128999998,-13.61492678999997]},"properties":{"objectid":31224,"nombre":"CODENT JM","departamento":"CUSCO","provincia":"QUISPICANCHI","distrito":"LUCRE","institucion":"PRIVADO","codigoMinsa":29196,"direccion":"OTROS PISTA PRINCIPAL CUSCO - URCOS CENTRO POBLADO HUACARPAY DISTRITO LUCRE PROVINCIA QUISPICANCHI DEPARTAMENTO CUSCO","disa":"CUSCO","red":"","microrred":"","categoria":"ESTABLECIMIENTO DE SALUD SIN INTERNAMIENTO","condicion":"ACTIVO","actualizado":"2023/08/01 19:00:00.000","fuente":"MINSA","urlRenipr":"http://app20.susalud.gob.pe:8080/registro-renipress-webapp/ipress.htm?action=mostrarVer&idipress=00029196"}},{"type":"Feature","geometry":{"type":"Point","coordinates":[-71.95350969999998,-13.52599829999997]},"properties":{"objectid":31236,"nombre":"ODONTOMUNDO","departamento":"CUSCO","provincia":"CUSCO","distrito":"WANCHAQ","institucion":"PRIVADO","codigoMinsa":29366,"direccion":"AVENIDA LOS INCAS NÚMERO 1700 PISO 1 DISTRITO WANCHAQ PROVINCIA CUSCO DEPARTAMENTO CUSCO","disa":"CUSCO","red":"","microrred":"","categoria":"ESTABLECIMIENTO DE SALUD SIN INTERNAMIENTO","condicion":"ACTIVO","actualizado":"2023/08/01 19:00:00.000","fuente":"MINSA","urlRenipr":"http://app20.susalud.gob.pe:8080/registro-renipress-webapp/ipress.htm?action=mostrarVer&idipress=00029366"}},{"type":"Feature","geometry":{"type":"Point","coordinates":[-71.98152879999998,-13.518700399999943]},"properties":{"objectid":31240,"nombre":"QUIN","departamento":"CUSCO","provincia":"CUSCO","distrito":"CUSCO","institucion":"PRIVADO","codigoMinsa":29413,"direccion":"PLAZA SAN FRANCISCO OFICINA 4 NÚMERO 369 PISO 1 DISTRITO CUSCO PROVINCIA CUSCO DEPARTAMENTO CUSCO","disa":"CUSCO","red":"","microrred":"","categoria":"ESTABLECIMIENTO DE SALUD SIN INTERNAMIENTO","condicion":"ACTIVO","actualizado":"2023/08/01 19:00:00.000","fuente":"MINSA","urlRenipr":"http://app20.susalud.gob.pe:8080/registro-renipress-webapp/ipress.htm?action=mostrarVer&idipress=00029413"}},{"type":"Feature","geometry":{"type":"Point","coordinates":[-71.95272029999995,-13.528169799999944]},"properties":{"objectid":31242,"nombre":"CIEPS - CUSCO","departamento":"CUSCO","provincia":"CUSCO","distrito":"WANCHAQ","institucion":"PRIVADO","codigoMinsa":31245,"direccion":"PROLONGACIÓN DIAGONAL ANGAMOS MANZANA L LOTE 19 DISTRITO WANCHAQ PROVINCIA CUSCO DEPARTAMENTO CUSCO","disa":"CUSCO","red":"","microrred":"","categoria":"ESTABLECIMIENTO DE SALUD SIN INTERNAMIENTO","condicion":"ACTIVO","actualizado":"2023/08/01 19:00:00.000","fuente":"MINSA","urlRenipr":"http://app20.susalud.gob.pe:8080/registro-renipress-webapp/ipress.htm?action=mostrarVer&idipress=00031245"}},{"type":"Feature","geometry":{"type":"Point","coordinates":[-71.93417129999995,-13.531258199999968]},"properties":{"objectid":31257,"nombre":"DENTAL PAX","departamento":"CUSCO","provincia":"CUSCO","distrito":"SAN SEBASTIAN","institucion":"PRIVADO","codigoMinsa":30312,"direccion":"CALLE espinar NÚMERO 206 PISO 1 DISTRITO SAN SEBASTIAN PROVINCIA CUSCO DEPARTAMENTO CUSCO","disa":"CUSCO","red":"","microrred":"","categoria":"ESTABLECIMIENTO DE SALUD SIN INTERNAMIENTO","condicion":"ACTIVO","actualizado":"2023/08/01 19:00:00.000","fuente":"MINSA","urlRenipr":"http://app20.susalud.gob.pe:8080/registro-renipress-webapp/ipress.htm?action=mostrarVer&idipress=00030312"}},{"type":"Feature","geometry":{"type":"Point","coordinates":[-71.95918923999994,-13.527958449999971]},"properties":{"objectid":31278,"nombre":"MEDIPRO","departamento":"CUSCO","provincia":"CUSCO","distrito":"WANCHAQ","institucion":"PRIVADO","codigoMinsa":31229,"direccion":"JIRÓN ESPINAR MANZANA K LOTE 15 URBANIZACIÓN PROGRESO DISTRITO WANCHAQ PROVINCIA CUSCO DEPARTAMENTO CUSCO","disa":"","red":"","microrred":"","categoria":"ESTABLECIMIENTO DE SALUD SIN INTERNAMIENTO","condicion":"RUC INACTIVO EN SUNAT","actualizado":"2023/08/01 19:00:00.000","fuente":"MINSA","urlRenipr":"http://app20.susalud.gob.pe:8080/registro-renipress-webapp/ipress.htm?action=mostrarVer&idipress=00031229"}},{"type":"Feature","geometry":{"type":"Point","coordinates":[-71.93690686999997,-13.529488269999945]},"properties":{"objectid":31286,"nombre":"RSO SAN SEBASTIAN","departamento":"CUSCO","provincia":"CUSCO","distrito":"SAN SEBASTIAN","institucion":"PRIVADO","codigoMinsa":31247,"direccion":"AVENIDA LA CULTURA 1507C PRIMER Y SEGUNDO PISO DISTRITO SAN SEBASTIAN PROVINCIA CUSCO DEPARTAMENTO CUSCO","disa":"CUSCO","red":"","microrred":"","categoria":"ESTABLECIMIENTO DE SALUD SIN INTERNAMIENTO","condicion":"ACTIVO","actualizado":"2023/08/01 19:00:00.000","fuente":"MINSA","urlRenipr":"http://app20.susalud.gob.pe:8080/registro-renipress-webapp/ipress.htm?action=mostrarVer&idipress=00031247"}},{"type":"Feature","geometry":{"type":"Point","coordinates":[-73.83842131999995,-12.521340449999968]},"properties":{"objectid":31289,"nombre":"LINCE N°2","departamento":"CUSCO","provincia":"LA CONVENCION","distrito":"PICHARI","institucion":"SANIDAD DEL EJERCITO DEL PERU","codigoMinsa":30706,"direccion":"OTROS INTERIOR DEL TERRENO DEL MINISTERIO DE DEFENSA MANZANA A LOTE 1 DISTRITO PICHARI PROVINCIA LA CONVENCION DEPARTAMENTO CUSCO","disa":"CUSCO","red":"","microrred":"NO PERTENECE A NINGUNA MICRORED","categoria":"ESTABLECIMIENTO DE SALUD SIN INTERNAMIENTO","condicion":"ACTIVO","actualizado":"2023/08/01 19:00:00.000","fuente":"MINSA","urlRenipr":"http://app20.susalud.gob.pe:8080/registro-renipress-webapp/ipress.htm?action=mostrarVer&idipress=00030706"}},{"type":"Feature","geometry":{"type":"Point","coordinates":[-71.94902569999994,-13.53469089999993]},"properties":{"objectid":31450,"nombre":"PATRON SANTIAGO","departamento":"CUSCO","provincia":"CUSCO","distrito":"WANCHAQ","institucion":"GOBIERNO REGIONAL","codigoMinsa":30730,"direccion":"CALLE RAMON CASTILLA NÚMERO 320 URBANIZACIÓN CUATRO TORRES DISTRITO WANCHAQ PROVINCIA CUSCO DEPARTAMENTO CUSCO","disa":"CUSCO","red":"CUSCO NORTE","microrred":"WANCHAQ","categoria":"SERVICIO MÉDICO DE APOYO","condicion":"ACTIVO","actualizado":"2023/08/01 19:00:00.000","fuente":"MINSA","urlRenipr":"http://app20.susalud.gob.pe:8080/registro-renipress-webapp/ipress.htm?action=mostrarVer&idipress=00030730"}},{"type":"Feature","geometry":{"type":"Point","coordinates":[-71.69395022999998,-13.442390279999927]},"properties":{"objectid":31451,"nombre":"TIRACANCHA","departamento":"CUSCO","provincia":"CALCA","distrito":"SAN SALVADOR","institucion":"GOBIERNO REGIONAL","codigoMinsa":6970,"direccion":"OTROS COMUNIDAD TIRACANCHA SECTOR CENTRO S/N SAN SALVADOR / CALCA / CUSCO S/N COMUNIDAD TIRACANCHA SECTOR CENTRO S/N SAN SALVADOR / CALCA / CUSCO SAN SALVADOR CALCA CUSCO","disa":"CUSCO","red":"CUSCO NORTE","microrred":"PISAC","categoria":"ESTABLECIMIENTO DE SALUD SIN INTERNAMIENTO","condicion":"ACTIVO","actualizado":"2023/08/01 19:00:00.000","fuente":"MINSA","urlRenipr":"http://app20.susalud.gob.pe:8080/registro-renipress-webapp/ipress.htm?action=mostrarVer&idipress=00006970"}},{"type":"Feature","geometry":{"type":"Point","coordinates":[-72.39532773999997,-13.502001399999926]},"properties":{"objectid":31452,"nombre":"URATARI","departamento":"CUSCO","provincia":"ANTA","distrito":"LIMATAMBO","institucion":"GOBIERNO REGIONAL","codigoMinsa":10761,"direccion":"OTROS COMUNIDAD URATARI S/N S/N COMUNIDAD URATARI S/N LIMATAMBO ANTA CUSCO","disa":"CUSCO","red":"CUSCO NORTE","microrred":"LIMATAMBO","categoria":"ESTABLECIMIENTO DE SALUD SIN INTERNAMIENTO","condicion":"ACTIVO","actualizado":"2023/08/01 19:00:00.000","fuente":"MINSA","urlRenipr":"http://app20.susalud.gob.pe:8080/registro-renipress-webapp/ipress.htm?action=mostrarVer&idipress=00010761"}},{"type":"Feature","geometry":{"type":"Point","coordinates":[-72.19327967999999,-13.175248119999935]},"properties":{"objectid":31453,"nombre":"PATACANCHA","departamento":"CUSCO","provincia":"URUBAMBA","distrito":"OLLANTAYTAMBO","institucion":"GOBIERNO REGIONAL","codigoMinsa":10760,"direccion":"OTROS COMUNIDAD PATACANCHA S/N, OLLANTAYTAMBO, URUBAMBA, CUSCO S/N COMUNIDAD PATACANCHA S/N, OLLANTAYTAMBO, URUBAMBA, CUSCO OLLANTAYTAMBO URUBAMBA CUSCO","disa":"CUSCO","red":"CUSCO NORTE","microrred":"URUBAMBA","categoria":"ESTABLECIMIENTO DE SALUD SIN INTERNAMIENTO","condicion":"ACTIVO","actualizado":"2023/08/01 19:00:00.000","fuente":"MINSA","urlRenipr":"http://app20.susalud.gob.pe:8080/registro-renipress-webapp/ipress.htm?action=mostrarVer&idipress=00010760"}},{"type":"Feature","geometry":{"type":"Point","coordinates":[-71.76418491999993,-13.25938403999993]},"properties":{"objectid":31454,"nombre":"SAYLLAFAYA","departamento":"CUSCO","provincia":"CALCA","distrito":"LAMAY","institucion":"GOBIERNO REGIONAL","codigoMinsa":6975,"direccion":"OTROS COMUIDAD SAYLLAFAYA / PISAC / CALCA / CUSCO DISTRITO LAMAY PROVINCIA CALCA DEPARTAMENTO CUSCO","disa":"CUSCO","red":"CUSCO NORTE","microrred":"PISAC","categoria":"ESTABLECIMIENTO DE SALUD SIN INTERNAMIENTO","condicion":"ACTIVO","actualizado":"2023/08/01 19:00:00.000","fuente":"MINSA","urlRenipr":"http://app20.susalud.gob.pe:8080/registro-renipress-webapp/ipress.htm?action=mostrarVer&idipress=00006975"}},{"type":"Feature","geometry":{"type":"Point","coordinates":[-72.26471746999994,-13.258369519999974]},"properties":{"objectid":31455,"nombre":"OLLANTAYTAMBO","departamento":"CUSCO","provincia":"URUBAMBA","distrito":"OLLANTAYTAMBO","institucion":"GOBIERNO REGIONAL","codigoMinsa":2549,"direccion":"AVENIDA AVENIDA FERROCARRIL SIN NUMERO / OLLANTAYTAMBO / URUBAMBA / CUSCO AVENIDA FERROCARRIL SIN NUMERO / OLLANTAYTAMBO / URUBAMBA / CUSCO OLLANTAYTAMBO URUBAMBA CUSCO","disa":"CUSCO","red":"CUSCO NORTE","microrred":"URUBAMBA","categoria":"ESTABLECIMIENTO DE SALUD CON INTERNAMIENTO","condicion":"ACTIVO","actualizado":"2023/08/01 19:00:00.000","fuente":"MINSA","urlRenipr":"http://app20.susalud.gob.pe:8080/registro-renipress-webapp/ipress.htm?action=mostrarVer&idipress=00002549"}},{"type":"Feature","geometry":{"type":"Point","coordinates":[-72.11568810999995,-13.309260029999962]},"properties":{"objectid":31456,"nombre":"URUBAMBA","departamento":"CUSCO","provincia":"URUBAMBA","distrito":"URUBAMBA","institucion":"GOBIERNO REGIONAL","codigoMinsa":2540,"direccion":"AVENIDA AVENIDA FERROCARRIL S/N / URUBAMBA / CUSCO S/N AVENIDA FERROCARRIL S/N / URUBAMBA / CUSCO URUBAMBA URUBAMBA CUSCO","disa":"CUSCO","red":"CUSCO NORTE","microrred":"URUBAMBA","categoria":"ESTABLECIMIENTO DE SALUD CON INTERNAMIENTO","condicion":"ACTIVO","actualizado":"2023/08/01 19:00:00.000","fuente":"MINSA","urlRenipr":"http://app20.susalud.gob.pe:8080/registro-renipress-webapp/ipress.htm?action=mostrarVer&idipress=00002540"}},{"type":"Feature","geometry":{"type":"Point","coordinates":[-71.86721342999994,-13.426298329999952]},"properties":{"objectid":31457,"nombre":"TARAY","departamento":"CUSCO","provincia":"CALCA","distrito":"TARAY","institucion":"GOBIERNO REGIONAL","codigoMinsa":2353,"direccion":"CALLE ESQUINA DE LAS CALLES GARCILAZO Y ROSARIO / TARAY / CALCA / CUSCO DISTRITO TARAY PROVINCIA CALCA DEPARTAMENTO CUSCO","disa":"CUSCO","red":"CUSCO NORTE","microrred":"PISAC","categoria":"ESTABLECIMIENTO DE SALUD SIN INTERNAMIENTO","condicion":"ACTIVO","actualizado":"2023/08/01 19:00:00.000","fuente":"MINSA","urlRenipr":"http://app20.susalud.gob.pe:8080/registro-renipress-webapp/ipress.htm?action=mostrarVer&idipress=00002353"}},{"type":"Feature","geometry":{"type":"Point","coordinates":[-71.81397559999994,-13.386121079999953]},"properties":{"objectid":31458,"nombre":"QUELLO QUELLO","departamento":"CUSCO","provincia":"CALCA","distrito":"PISAC","institucion":"GOBIERNO REGIONAL","codigoMinsa":2351,"direccion":"OTROS COMUNIDAD QUELLO QUELLO S/N / PISAQ / CALCA / CUSCO S/N COMUNIDAD QUELLO QUELLO S/N / PISAQ / CALCA / CUSCO PISAC CALCA CUSCO","disa":"CUSCO","red":"CUSCO NORTE","microrred":"PISAC","categoria":"ESTABLECIMIENTO DE SALUD SIN INTERNAMIENTO","condicion":"ACTIVO","actualizado":"2023/08/01 19:00:00.000","fuente":"MINSA","urlRenipr":"http://app20.susalud.gob.pe:8080/registro-renipress-webapp/ipress.htm?action=mostrarVer&idipress=00002351"}},{"type":"Feature","geometry":{"type":"Point","coordinates":[-72.20103874999995,-13.508984669999961]},"properties":{"objectid":31459,"nombre":"CONCHACALLA","departamento":"CUSCO","provincia":"ANTA","distrito":"ANTA","institucion":"GOBIERNO REGIONAL","codigoMinsa":2329,"direccion":"CARRETERA CARRETERA ANTA - CONCHACALLA / ANTA / CUSCO DISTRITO ANTA PROVINCIA ANTA DEPARTAMENTO CUSCO","disa":"CUSCO","red":"CUSCO NORTE","microrred":"ANTA","categoria":"ESTABLECIMIENTO DE SALUD SIN INTERNAMIENTO","condicion":"ACTIVO","actualizado":"2023/08/01 19:00:00.000","fuente":"MINSA","urlRenipr":"http://app20.susalud.gob.pe:8080/registro-renipress-webapp/ipress.htm?action=mostrarVer&idipress=00002329"}},{"type":"Feature","geometry":{"type":"Point","coordinates":[-72.52327452999998,-13.153809329999945]},"properties":{"objectid":31677,"nombre":"MEDICAL MACHUPICCHU","departamento":"CUSCO","provincia":"URUBAMBA","distrito":"MACHUPICCHU","institucion":"PRIVADO","codigoMinsa":27943,"direccion":"CALLE INCA YUPANQUI NÚMERO 1301 PISO 1 DISTRITO MACHUPICCHU PROVINCIA URUBAMBA DEPARTAMENTO CUSCO","disa":"CUSCO","red":"NO PERTENECE A NINGUNA RED","microrred":"NO PERTENECE A NINGUNA MICRORED","categoria":"ESTABLECIMIENTO DE SALUD SIN INTERNAMIENTO","condicion":"ACTIVO","actualizado":"2023/08/01 19:00:00.000","fuente":"MINSA","urlRenipr":"http://app20.susalud.gob.pe:8080/registro-renipress-webapp/ipress.htm?action=mostrarVer&idipress=00027943"}},{"type":"Feature","geometry":{"type":"Point","coordinates":[-71.96746259999998,-13.531949999999938]},"properties":{"objectid":32253,"nombre":"SOS LABCLIN CUSCO","departamento":"CUSCO","provincia":"CUSCO","distrito":"CUSCO","institucion":"PRIVADO","codigoMinsa":28383,"direccion":"CALLE SAQSAYHUAMAN NÚMERO 11 PISO 1 DEPARTAMENTO 4 INTERIOR 04 MANZANA K LOTE K URBANIZACIÓN MANUEL PRADO DISTRITO CUSCO PROVINCIA CUSCO DEPARTAMENTO CUSCO","disa":"","red":"","microrred":"","categoria":"SERVICIO MÉDICO DE APOYO","condicion":"RETIRO VOLUNTARIO","actualizado":"2023/08/01 19:00:00.000","fuente":"MINSA","urlRenipr":"http://app20.susalud.gob.pe:8080/registro-renipress-webapp/ipress.htm?action=mostrarVer&idipress=00028383"}},{"type":"Feature","geometry":{"type":"Point","coordinates":[-73.93921226999998,-12.322647219999965]},"properties":{"objectid":32286,"nombre":"MANTARO","departamento":"CUSCO","provincia":"LA CONVENCION","distrito":"PICHARI","institucion":"GOBIERNO REGIONAL","codigoMinsa":2495,"direccion":"OTROS CENTRO POBLADO MANTARO / PICHARI / LA CONVENCIÓN / CUSCO CENTRO POBLADO MANTARO / PICHARI / LA CONVENCIÓN / CUSCO PICHARI LA CONVENCION CUSCO","disa":"CUSCO","red":"KIMBIRI PICHARI","microrred":"PICHARI","categoria":"ESTABLECIMIENTO DE SALUD SIN INTERNAMIENTO","condicion":"ACTIVO","actualizado":"2023/08/01 19:00:00.000","fuente":"MINSA","urlRenipr":"http://app20.susalud.gob.pe:8080/registro-renipress-webapp/ipress.htm?action=mostrarVer&idipress=00002495"}},{"type":"Feature","geometry":{"type":"Point","coordinates":[-73.82920499999994,-12.522279999999967]},"properties":{"objectid":32287,"nombre":"PICHARI","departamento":"CUSCO","provincia":"LA CONVENCION","distrito":"PICHARI","institucion":"GOBIERNO REGIONAL","codigoMinsa":2494,"direccion":"JIRÓN JR. AMAZONAS S/N / PICHARI / LA CONVENCIÓN / CUSCO S/N JR. AMAZONAS S/N / PICHARI / LA CONVENCIÓN / CUSCO PICHARI LA CONVENCION CUSCO","disa":"CUSCO","red":"KIMBIRI PICHARI","microrred":"PICHARI","categoria":"ESTABLECIMIENTO DE SALUD CON INTERNAMIENTO","condicion":"ACTIVO","actualizado":"2023/08/01 19:00:00.000","fuente":"MINSA","urlRenipr":"http://app20.susalud.gob.pe:8080/registro-renipress-webapp/ipress.htm?action=mostrarVer&idipress=00002494"}},{"type":"Feature","geometry":{"type":"Point","coordinates":[-73.66941248999996,-12.705364169999939]},"properties":{"objectid":32288,"nombre":"MAPITUNARI","departamento":"CUSCO","provincia":"LA CONVENCION","distrito":"KIMBIRI","institucion":"GOBIERNO REGIONAL","codigoMinsa":2472,"direccion":"OTROS CENTRO POBLADO PROGRESO / KIMBIRI / LA CONVENCIÓN / CUSCO DISTRITO KIMBIRI PROVINCIA LA CONVENCION DEPARTAMENTO CUSCO","disa":"CUSCO","red":"KIMBIRI PICHARI","microrred":"KIMBIRI","categoria":"ESTABLECIMIENTO DE SALUD SIN INTERNAMIENTO","condicion":"ACTIVO","actualizado":"2023/08/01 19:00:00.000","fuente":"MINSA","urlRenipr":"http://app20.susalud.gob.pe:8080/registro-renipress-webapp/ipress.htm?action=mostrarVer&idipress=00002472"}},{"type":"Feature","geometry":{"type":"Point","coordinates":[-71.96746259999998,-13.531949999999938]},"properties":{"objectid":32341,"nombre":"Pro Boca","departamento":"CUSCO","provincia":"CUSCO","distrito":"WANCHAQ","institucion":"PRIVADO","codigoMinsa":29617,"direccion":"JIRÓN Espinar MANZANA J LOTE 21-B URBANIZACIÓN San Francisco. DISTRITO WANCHAQ PROVINCIA CUSCO DEPARTAMENTO CUSCO","disa":"CUSCO","red":"","microrred":"","categoria":"ESTABLECIMIENTO DE SALUD SIN INTERNAMIENTO","condicion":"ACTIVO","actualizado":"2023/08/01 19:00:00.000","fuente":"MINSA","urlRenipr":"http://app20.susalud.gob.pe:8080/registro-renipress-webapp/ipress.htm?action=mostrarVer&idipress=00029617"}},{"type":"Feature","geometry":{"type":"Point","coordinates":[-71.95509492999997,-13.524979379999934]},"properties":{"objectid":32488,"nombre":"Regenerox","departamento":"CUSCO","provincia":"CUSCO","distrito":"WANCHAQ","institucion":"PRIVADO","codigoMinsa":28997,"direccion":"AVENIDA DE La Cultura OFICINA 204 NÚMERO 1424 A PISO 2 DISTRITO WANCHAQ PROVINCIA CUSCO DEPARTAMENTO CUSCO","disa":"CUSCO","red":"NO PERTENECE A NINGUNA RED","microrred":"NO PERTENECE A NINGUNA MICRORED","categoria":"ESTABLECIMIENTO DE SALUD SIN INTERNAMIENTO","condicion":"ACTIVO","actualizado":"2023/08/01 19:00:00.000","fuente":"MINSA","urlRenipr":"http://app20.susalud.gob.pe:8080/registro-renipress-webapp/ipress.htm?action=mostrarVer&idipress=00028997"}},{"type":"Feature","geometry":{"type":"Point","coordinates":[-71.93984449999994,-13.528313399999945]},"properties":{"objectid":32650,"nombre":"MEDICOS SAN SEBASTIAN","departamento":"CUSCO","provincia":"CUSCO","distrito":"SAN SEBASTIAN","institucion":"PRIVADO","codigoMinsa":25584,"direccion":"URBANIZACIÓN VILLA ANDINA NÚMERO 13 MANZANA E LOTE 1 DISTRITO SAN SEBASTIAN PROVINCIA CUSCO DEPARTAMENTO CUSCO","disa":"CUSCO","red":"NO PERTENECE A NINGUNA RED","microrred":"NO PERTENECE A NINGUNA MICRORED","categoria":"ESTABLECIMIENTO DE SALUD SIN INTERNAMIENTO","condicion":"ACTIVO","actualizado":"2023/08/01 19:00:00.000","fuente":"MINSA","urlRenipr":"http://app20.susalud.gob.pe:8080/registro-renipress-webapp/ipress.htm?action=mostrarVer&idipress=00025584"}},{"type":"Feature","geometry":{"type":"Point","coordinates":[-71.96746259999998,-13.531949999999938]},"properties":{"objectid":32657,"nombre":"MEDFIS","departamento":"CUSCO","provincia":"CUSCO","distrito":"SAN SEBASTIAN","institucion":"PRIVADO","codigoMinsa":26869,"direccion":"AVENIDA ARGENTINA MANZANA E LOTE 2 URBANIZACI? PARQUE INDUSTRIAL DISTRITO SAN SEBASTIAN PROVINCIA CUSCO DEPARTAMENTO CUSCO","disa":"CUSCO","red":"NO PERTENECE A NINGUNA RED","microrred":"NO PERTENECE A NINGUNA MICRORED","categoria":"ESTABLECIMIENTO DE SALUD SIN INTERNAMIENTO","condicion":"ACTIVO","actualizado":"2023/08/01 19:00:00.000","fuente":"MINSA","urlRenipr":"http://app20.susalud.gob.pe:8080/registro-renipress-webapp/ipress.htm?action=mostrarVer&idipress=00026869"}},{"type":"Feature","geometry":{"type":"Point","coordinates":[-72.83858107999998,-12.617853819999937]},"properties":{"objectid":32681,"nombre":"KORIBENI","departamento":"CUSCO","provincia":"LA CONVENCION","distrito":"ECHARATE","institucion":"GOBIERNO REGIONAL","codigoMinsa":2433,"direccion":"OTROS CENTRO POBLADO KORIVENI / ECHARATE / LA CONVENCION / CUSCO CENTRO POBLADO KORIVENI / ECHARATE / LA CONVENCION / CUSCO ECHARATE LA CONVENCION CUSCO","disa":"CUSCO","red":"LA CONVENCION","microrred":"SANTA ANA","categoria":"ESTABLECIMIENTO DE SALUD SIN INTERNAMIENTO","condicion":"ACTIVO","actualizado":"2023/08/01 19:00:00.000","fuente":"MINSA","urlRenipr":"http://app20.susalud.gob.pe:8080/registro-renipress-webapp/ipress.htm?action=mostrarVer&idipress=00002433"}},{"type":"Feature","geometry":{"type":"Point","coordinates":[-72.39119823999994,-12.67453108999996]},"properties":{"objectid":32682,"nombre":"CHINGANILLA","departamento":"CUSCO","provincia":"LA CONVENCION","distrito":"OCOBAMBA","institucion":"GOBIERNO REGIONAL","codigoMinsa":2463,"direccion":"OTROS COMUNIDAD HUAYRACPATA / OCCOBAMBA / LA CONVENCION / CUSCO COMUNIDAD HUAYRACPATA / OCCOBAMBA / LA CONVENCION / CUSCO OCOBAMBA LA CONVENCION CUSCO","disa":"CUSCO","red":"LA CONVENCION","microrred":"QUELLOUNO","categoria":"ESTABLECIMIENTO DE SALUD SIN INTERNAMIENTO","condicion":"ACTIVO","actualizado":"2023/08/01 19:00:00.000","fuente":"MINSA","urlRenipr":"http://app20.susalud.gob.pe:8080/registro-renipress-webapp/ipress.htm?action=mostrarVer&idipress=00002463"}},{"type":"Feature","geometry":{"type":"Point","coordinates":[-73.25265743999995,-12.703925069999968]},"properties":{"objectid":32683,"nombre":"PUGUIENTIMARI","departamento":"CUSCO","provincia":"LA CONVENCION","distrito":"ECHARATE","institucion":"GOBIERNO REGIONAL","codigoMinsa":13069,"direccion":"OTROS COMUNIDAD DE PUGUIENTIMARI COMUNIDAD DE PUGUIENTIMARI ECHARATE LA CONVENCION CUSCO","disa":"CUSCO","red":"LA CONVENCION","microrred":"KITENI","categoria":"ESTABLECIMIENTO DE SALUD SIN INTERNAMIENTO","condicion":"ACTIVO","actualizado":"2023/08/01 19:00:00.000","fuente":"MINSA","urlRenipr":"http://app20.susalud.gob.pe:8080/registro-renipress-webapp/ipress.htm?action=mostrarVer&idipress=00013069"}},{"type":"Feature","geometry":{"type":"Point","coordinates":[-72.68946739999996,-12.860748529999967]},"properties":{"objectid":32684,"nombre":"PAVAYOC","departamento":"CUSCO","provincia":"LA CONVENCION","distrito":"SANTA ANA","institucion":"GOBIERNO REGIONAL","codigoMinsa":15842,"direccion":"OTROS CENTRO POBLADO MENOR DE PAVAYOC CENTRO POBLADO MENOR DE PAVAYOC SANTA ANA LA CONVENCION CUSCO","disa":"CUSCO","red":"LA CONVENCION","microrred":"SANTA ANA","categoria":"ESTABLECIMIENTO DE SALUD SIN INTERNAMIENTO","condicion":"ACTIVO","actualizado":"2023/08/01 19:00:00.000","fuente":"MINSA","urlRenipr":"http://app20.susalud.gob.pe:8080/registro-renipress-webapp/ipress.htm?action=mostrarVer&idipress=00015842"}},{"type":"Feature","geometry":{"type":"Point","coordinates":[-73.19035732999998,-12.87771934999995]},"properties":{"objectid":32685,"nombre":"CHONTABAMBA","departamento":"CUSCO","provincia":"LA CONVENCION","distrito":"VILCABAMBA","institucion":"GOBIERNO REGIONAL","codigoMinsa":6976,"direccion":"OTROS CHONTABAMBA / VILCABAMBA/ LA CONVENCION / CUSCO CHONTABAMBA / VILCABAMBA/ LA CONVENCION / CUSCO VILCABAMBA LA CONVENCION CUSCO","disa":"CUSCO","red":"LA CONVENCION","microrred":"KITENI","categoria":"ESTABLECIMIENTO DE SALUD SIN INTERNAMIENTO","condicion":"ACTIVO","actualizado":"2023/08/01 19:00:00.000","fuente":"MINSA","urlRenipr":"http://app20.susalud.gob.pe:8080/registro-renipress-webapp/ipress.htm?action=mostrarVer&idipress=00006976"}},{"type":"Feature","geometry":{"type":"Point","coordinates":[-72.63335832999996,-13.005961669999976]},"properties":{"objectid":32686,"nombre":"SANTA MARIA","departamento":"CUSCO","provincia":"LA CONVENCION","distrito":"MARANURA","institucion":"GOBIERNO REGIONAL","codigoMinsa":2460,"direccion":"OTROS SANTA MARIA / MARANURA / LA CONVENCION / CUSCO SANTA MARIA / MARANURA / LA CONVENCION / CUSCO MARANURA LA CONVENCION CUSCO","disa":"CUSCO","red":"LA CONVENCION","microrred":"MARANURA","categoria":"ESTABLECIMIENTO DE SALUD SIN INTERNAMIENTO","condicion":"ACTIVO","actualizado":"2023/08/01 19:00:00.000","fuente":"MINSA","urlRenipr":"http://app20.susalud.gob.pe:8080/registro-renipress-webapp/ipress.htm?action=mostrarVer&idipress=00002460"}},{"type":"Feature","geometry":{"type":"Point","coordinates":[-72.40581946999998,-13.065226069999937]},"properties":{"objectid":32687,"nombre":"ALFAMAYO","departamento":"CUSCO","provincia":"LA CONVENCION","distrito":"HUAYOPATA","institucion":"GOBIERNO REGIONAL","codigoMinsa":2454,"direccion":"OTROS ALFAMAYO / HUAYOPATA / LA CONVENCION / CUSCO ALFAMAYO / HUAYOPATA / LA CONVENCION / CUSCO HUAYOPATA LA CONVENCION CUSCO","disa":"CUSCO","red":"LA CONVENCION","microrred":"MARANURA","categoria":"ESTABLECIMIENTO DE SALUD SIN INTERNAMIENTO","condicion":"ACTIVO","actualizado":"2023/08/01 19:00:00.000","fuente":"MINSA","urlRenipr":"http://app20.susalud.gob.pe:8080/registro-renipress-webapp/ipress.htm?action=mostrarVer&idipress=00002454"}},{"type":"Feature","geometry":{"type":"Point","coordinates":[-72.77454166999996,-12.657003329999952]},"properties":{"objectid":32688,"nombre":"ICHIQUIATO","departamento":"CUSCO","provincia":"LA CONVENCION","distrito":"ECHARATE","institucion":"GOBIERNO REGIONAL","codigoMinsa":2449,"direccion":"OTROS CENTRO POBLADO ICHIQUIATO / ECHARATE / LA CONVENCION / CUSCO CENTRO POBLADO ICHIQUIATO / ECHARATE / LA CONVENCION / CUSCO ECHARATE LA CONVENCION CUSCO","disa":"CUSCO","red":"LA CONVENCION","microrred":"SANTA ANA","categoria":"ESTABLECIMIENTO DE SALUD SIN INTERNAMIENTO","condicion":"ACTIVO","actualizado":"2023/08/01 19:00:00.000","fuente":"MINSA","urlRenipr":"http://app20.susalud.gob.pe:8080/registro-renipress-webapp/ipress.htm?action=mostrarVer&idipress=00002449"}},{"type":"Feature","geometry":{"type":"Point","coordinates":[-72.93218696999998,-11.936371819999977]},"properties":{"objectid":32689,"nombre":"CHOCORIARI","departamento":"CUSCO","provincia":"LA CONVENCION","distrito":"MEGANTONI","institucion":"GOBIERNO REGIONAL","codigoMinsa":2428,"direccion":"OTROS COMUNIDADA NATIVA CHOCORIARI S/N MEGANTONI LA CONVENCION CUSCO","disa":"CUSCO","red":"LA CONVENCION","microrred":"KAMISEA","categoria":"ESTABLECIMIENTO DE SALUD SIN INTERNAMIENTO","condicion":"ACTIVO","actualizado":"2023/08/01 19:00:00.000","fuente":"MINSA","urlRenipr":"http://app20.susalud.gob.pe:8080/registro-renipress-webapp/ipress.htm?action=mostrarVer&idipress=00002428"}},{"type":"Feature","geometry":{"type":"Point","coordinates":[-72.75152832999999,-12.899493329999927]},"properties":{"objectid":32690,"nombre":"IDMA","departamento":"CUSCO","provincia":"LA CONVENCION","distrito":"SANTA ANA","institucion":"GOBIERNO REGIONAL","codigoMinsa":2423,"direccion":"OTROS CENTRO POBLADO IDMA CENTRO POBLADO IDMA SANTA ANA LA CONVENCION CUSCO","disa":"CUSCO","red":"LA CONVENCION","microrred":"SANTA ANA","categoria":"ESTABLECIMIENTO DE SALUD SIN INTERNAMIENTO","condicion":"ACTIVO","actualizado":"2023/08/01 19:00:00.000","fuente":"MINSA","urlRenipr":"http://app20.susalud.gob.pe:8080/registro-renipress-webapp/ipress.htm?action=mostrarVer&idipress=00002423"}},{"type":"Feature","geometry":{"type":"Point","coordinates":[-71.95599346999995,-13.525081089999958]},"properties":{"objectid":32738,"nombre":"CME OCUPACIONAL CUSCO","departamento":"CUSCO","provincia":"CUSCO","distrito":"WANCHAQ","institucion":"PRIVADO","codigoMinsa":24293,"direccion":"AVENIDA LOS INCAS NÚMERO 1403 DISTRITO WANCHAQ PROVINCIA CUSCO DEPARTAMENTO CUSCO","disa":"CUSCO","red":"NO PERTENECE A NINGUNA RED","microrred":"NO PERTENECE A NINGUNA MICRORED","categoria":"ESTABLECIMIENTO DE SALUD SIN INTERNAMIENTO","condicion":"ACTIVO","actualizado":"2023/08/01 19:00:00.000","fuente":"MINSA","urlRenipr":"http://app20.susalud.gob.pe:8080/registro-renipress-webapp/ipress.htm?action=mostrarVer&idipress=00024293"}},{"type":"Feature","geometry":{"type":"Point","coordinates":[-71.96746259999998,-13.531949999999938]},"properties":{"objectid":32748,"nombre":"SERVI CUSCO VIAL DEL PERU","departamento":"CUSCO","provincia":"CUSCO","distrito":"WANCHAQ","institucion":"PRIVADO","codigoMinsa":25717,"direccion":"AVENIDA MICAELA BASTIDAS PRIMER Y SEGUNDO PISO NÚMERO 405 DISTRITO WANCHAQ PROVINCIA CUSCO DEPARTAMENTO CUSCO","disa":"","red":"","microrred":"","categoria":"ESTABLECIMIENTO DE SALUD SIN INTERNAMIENTO","condicion":"RUC INACTIVO EN SUNAT","actualizado":"2023/08/01 19:00:00.000","fuente":"MINSA","urlRenipr":"http://app20.susalud.gob.pe:8080/registro-renipress-webapp/ipress.htm?action=mostrarVer&idipress=00025717"}},{"type":"Feature","geometry":{"type":"Point","coordinates":[-71.96127317999998,-13.527667579999957]},"properties":{"objectid":32865,"nombre":"EDMESALUD CUSCO","departamento":"CUSCO","provincia":"CUSCO","distrito":"WANCHAQ","institucion":"PRIVADO","codigoMinsa":30909,"direccion":"AVENIDA HUAYRUROPATA NÚMERO 1243 PISO 2 DISTRITO WANCHAQ PROVINCIA CUSCO DEPARTAMENTO CUSCO","disa":"CUSCO","red":"","microrred":"","categoria":"ESTABLECIMIENTO DE SALUD SIN INTERNAMIENTO","condicion":"ACTIVO","actualizado":"2023/08/01 19:00:00.000","fuente":"MINSA","urlRenipr":"http://app20.susalud.gob.pe:8080/registro-renipress-webapp/ipress.htm?action=mostrarVer&idipress=00030909"}},{"type":"Feature","geometry":{"type":"Point","coordinates":[-71.61980099999994,-13.686792999999966]},"properties":{"objectid":32892,"nombre":"URCOS - ESSALUD","departamento":"CUSCO","provincia":"QUISPICANCHI","distrito":"URCOS","institucion":"ESSALUD","codigoMinsa":26385,"direccion":"AVENIDA VILCANOTA N?ERO 294 MANZANA A3 LOTE 11 DISTRITO URCOS PROVINCIA QUISPICANCHI DEPARTAMENTO CUSCO","disa":"CUSCO","red":"NO PERTENECE A NINGUNA RED","microrred":"","categoria":"ESTABLECIMIENTO DE SALUD SIN INTERNAMIENTO","condicion":"ACTIVO","actualizado":"2023/08/01 19:00:00.000","fuente":"MINSA","urlRenipr":"http://app20.susalud.gob.pe:8080/registro-renipress-webapp/ipress.htm?action=mostrarVer&idipress=00026385"}},{"type":"Feature","geometry":{"type":"Point","coordinates":[-71.95881899999995,-13.324201999999957]},"properties":{"objectid":32900,"nombre":"ESSALUD CALCA","departamento":"CUSCO","provincia":"CALCA","distrito":"CALCA","institucion":"ESSALUD","codigoMinsa":10069,"direccion":"CALLE CALLE UCAYALI S/N, CALCAL / CALCA / CUSCO NÚMERO S/N DISTRITO CALCA PROVINCIA CALCA DEPARTAMENTO CUSCO","disa":"CUSCO","red":"CUSCO NORTE","microrred":"","categoria":"ESTABLECIMIENTO DE SALUD SIN INTERNAMIENTO","condicion":"ACTIVO","actualizado":"2023/08/01 19:00:00.000","fuente":"MINSA","urlRenipr":"http://app20.susalud.gob.pe:8080/registro-renipress-webapp/ipress.htm?action=mostrarVer&idipress=00010069"}},{"type":"Feature","geometry":{"type":"Point","coordinates":[-71.22872074999998,-14.265701499999977]},"properties":{"objectid":32902,"nombre":"ESSALUD SICUANI","departamento":"CUSCO","provincia":"CANCHIS","distrito":"SICUANI","institucion":"ESSALUD","codigoMinsa":10063,"direccion":"AVENIDA AVENIDA EL SOL N° 501 LA BOMBONERA / SICUANI / CANCHIS / CUSCO AVENIDA EL SOL N° 501 LA BOMBONERA / SICUANI / CANCHIS / CUSCO SICUANI CANCHIS CUSCO","disa":"CUSCO","red":"NO PERTENECE A NINGUNA RED","microrred":"NO PERTENECE A NINGUNA MICRORED","categoria":"ESTABLECIMIENTO DE SALUD CON INTERNAMIENTO","condicion":"ACTIVO","actualizado":"2023/08/01 19:00:00.000","fuente":"MINSA","urlRenipr":"http://app20.susalud.gob.pe:8080/registro-renipress-webapp/ipress.htm?action=mostrarVer&idipress=00010063"}},{"type":"Feature","geometry":{"type":"Point","coordinates":[-71.96061257999997,-13.533875759999944]},"properties":{"objectid":32915,"nombre":"CROMEX","departamento":"CUSCO","provincia":"CUSCO","distrito":"WANCHAQ","institucion":"PRIVADO","codigoMinsa":29177,"direccion":"AVENIDA JORGE CHAVEZ PISO 2 MANZANA C LOTE 1 URBANIZACIÓN TTIO DISTRITO WANCHAQ PROVINCIA CUSCO DEPARTAMENTO CUSCO","disa":"CUSCO","red":"NO PERTENECE A NINGUNA RED","microrred":"NO PERTENECE A NINGUNA MICRORED","categoria":"SERVICIO MÉDICO DE APOYO","condicion":"ACTIVO","actualizado":"2023/08/01 19:00:00.000","fuente":"MINSA","urlRenipr":"http://app20.susalud.gob.pe:8080/registro-renipress-webapp/ipress.htm?action=mostrarVer&idipress=00029177"}},{"type":"Feature","geometry":{"type":"Point","coordinates":[-71.90418299999999,-13.531949999999938]},"properties":{"objectid":32964,"nombre":"ASOCIACION CERVICUSCO","departamento":"CUSCO","provincia":"CUSCO","distrito":"SAN JERONIMO","institucion":"PRIVADO","codigoMinsa":12551,"direccion":"AVENIDA AV.4 LOS SAUCOS B8-2, URB. INGENIERIA LARAPA GRANDE. DISTRITO SAN JERONIMO PROVINCIA CUSCO DEPARTAMENTO CUSCO","disa":"CUSCO","red":"NO PERTENECE A NINGUNA RED","microrred":"NO PERTENECE A NINGUNA MICRORED","categoria":"ESTABLECIMIENTO DE SALUD SIN INTERNAMIENTO","condicion":"ACTIVO","actualizado":"2023/08/01 19:00:00.000","fuente":"MINSA","urlRenipr":"http://app20.susalud.gob.pe:8080/registro-renipress-webapp/ipress.htm?action=mostrarVer&idipress=00012551"}},{"type":"Feature","geometry":{"type":"Point","coordinates":[-72.54496289999997,-13.163141199999927]},"properties":{"objectid":32969,"nombre":"PARDO MACHUPICCHU","departamento":"CUSCO","provincia":"URUBAMBA","distrito":"MACHUPICCHU","institucion":"PRIVADO","codigoMinsa":27468,"direccion":"CALLE KORI WAKANKI MANZANA 34 LOTE 9 DISTRITO MACHUPICCHU PROVINCIA URUBAMBA DEPARTAMENTO CUSCO","disa":"CUSCO","red":"NO PERTENECE A NINGUNA RED","microrred":"NO PERTENECE A NINGUNA MICRORED","categoria":"ESTABLECIMIENTO DE SALUD SIN INTERNAMIENTO","condicion":"ACTIVO","actualizado":"2023/08/01 19:00:00.000","fuente":"MINSA","urlRenipr":"http://app20.susalud.gob.pe:8080/registro-renipress-webapp/ipress.htm?action=mostrarVer&idipress=00027468"}},{"type":"Feature","geometry":{"type":"Point","coordinates":[-71.71309999999994,-14.239278329999934]},"properties":{"objectid":32972,"nombre":"SAHUA SAHUA","departamento":"CUSCO","provincia":"PARURO","distrito":"OMACHA","institucion":"GOBIERNO REGIONAL","codigoMinsa":12924,"direccion":"OTROS COMUNIDAD CAMPESINA DE SAHUA SAHUA DISTRITO OMACHA PROVINCIA PARURO DEPARTAMENTO CUSCO","disa":"CUSCO","red":"CUSCO SUR","microrred":"PARURO","categoria":"ESTABLECIMIENTO DE SALUD SIN INTERNAMIENTO","condicion":"ACTIVO","actualizado":"2023/08/01 19:00:00.000","fuente":"MINSA","urlRenipr":"http://app20.susalud.gob.pe:8080/registro-renipress-webapp/ipress.htm?action=mostrarVer&idipress=00012924"}},{"type":"Feature","geometry":{"type":"Point","coordinates":[-71.92064080999995,-13.532629379999946]},"properties":{"objectid":32973,"nombre":"SANTA ROSA","departamento":"CUSCO","provincia":"CUSCO","distrito":"SAN SEBASTIAN","institucion":"GOBIERNO REGIONAL","codigoMinsa":2303,"direccion":"PROLONGACIÓN PROLONGACIÓN AV. DE LA CULTURA S/N 8º PARADERO / SAN SEBASTIÁN / CUSCO / CUSCO S/N PROLONGACIÓN AV. DE LA CULTURA S/N 8º PARADERO / SAN SEBASTIÁN / CUSCO / CUSCO SAN SEBASTIAN CUSCO CUSCO","disa":"CUSCO","red":"CUSCO SUR","microrred":"CUSCO","categoria":"ESTABLECIMIENTO DE SALUD SIN INTERNAMIENTO","condicion":"ACTIVO","actualizado":"2023/08/01 19:00:00.000","fuente":"MINSA","urlRenipr":"http://app20.susalud.gob.pe:8080/registro-renipress-webapp/ipress.htm?action=mostrarVer&idipress=00002303"}},{"type":"Feature","geometry":{"type":"Point","coordinates":[-71.56254166999997,-13.976281669999935]},"properties":{"objectid":32974,"nombre":"PUESTO DE SALUD MARCACONGA","departamento":"CUSCO","provincia":"ACOMAYO","distrito":"SANGARARA","institucion":"GOBIERNO REGIONAL","codigoMinsa":2325,"direccion":"AVENIDA AVENIDA BELÉN S/N / SANGARARÁ / ACOMAYO / CUSCO S/N AVENIDA BELÉN S/N / SANGARARÁ / ACOMAYO / CUSCO SANGARARA ACOMAYO CUSCO","disa":"CUSCO","red":"CUSCO SUR","microrred":"ACOMAYO","categoria":"ESTABLECIMIENTO DE SALUD SIN INTERNAMIENTO","condicion":"ACTIVO","actualizado":"2023/08/01 19:00:00.000","fuente":"MINSA","urlRenipr":"http://app20.susalud.gob.pe:8080/registro-renipress-webapp/ipress.htm?action=mostrarVer&idipress=00002325"}},{"type":"Feature","geometry":{"type":"Point","coordinates":[-71.73748525999997,-13.633051979999948]},"properties":{"objectid":32975,"nombre":"LUCRE","departamento":"CUSCO","provincia":"QUISPICANCHI","distrito":"LUCRE","institucion":"GOBIERNO REGIONAL","codigoMinsa":2534,"direccion":"OTROS URBANIZACIÓN SANTA ROSA S/N / LUCRE / QUISPICANCHI / CUSCO NÚMERO S/N DISTRITO LUCRE PROVINCIA QUISPICANCHI DEPARTAMENTO CUSCO","disa":"CUSCO","red":"CUSCO SUR","microrred":"URCOS","categoria":"ESTABLECIMIENTO DE SALUD SIN INTERNAMIENTO","condicion":"ACTIVO","actualizado":"2023/08/01 19:00:00.000","fuente":"MINSA","urlRenipr":"http://app20.susalud.gob.pe:8080/registro-renipress-webapp/ipress.htm?action=mostrarVer&idipress=00002534"}},{"type":"Feature","geometry":{"type":"Point","coordinates":[-71.75895832999998,-13.954114999999945]},"properties":{"objectid":32976,"nombre":"PILLPINTO","departamento":"CUSCO","provincia":"PARURO","distrito":"PILLPINTO","institucion":"GOBIERNO REGIONAL","codigoMinsa":2508,"direccion":"CARRETERA CARRETERA PILLPINTO ACCHA / PILLPINTO / PARURO / CUSCO DISTRITO PILLPINTO PROVINCIA PARURO DEPARTAMENTO CUSCO","disa":"CUSCO","red":"CUSCO SUR","microrred":"ACOMAYO","categoria":"ESTABLECIMIENTO DE SALUD SIN INTERNAMIENTO","condicion":"ACTIVO","actualizado":"2023/08/01 19:00:00.000","fuente":"MINSA","urlRenipr":"http://app20.susalud.gob.pe:8080/registro-renipress-webapp/ipress.htm?action=mostrarVer&idipress=00002508"}},{"type":"Feature","geometry":{"type":"Point","coordinates":[-71.94309999999996,-13.529299999999978]},"properties":{"objectid":32982,"nombre":"RYO SALUD","departamento":"CUSCO","provincia":"CUSCO","distrito":"WANCHAQ","institucion":"PRIVADO","codigoMinsa":25582,"direccion":"URBANIZACIÓN SANTA URSULA NÚMERO 2 PISO 1 MANZANA F URBANIZACIÓN SANTA URSULA DISTRITO WANCHAQ PROVINCIA CUSCO DEPARTAMENTO CUSCO","disa":"CUSCO","red":"NO PERTENECE A NINGUNA RED","microrred":"NO PERTENECE A NINGUNA MICRORED","categoria":"ESTABLECIMIENTO DE SALUD SIN INTERNAMIENTO","condicion":"ACTIVO","actualizado":"2023/08/01 19:00:00.000","fuente":"MINSA","urlRenipr":"http://app20.susalud.gob.pe:8080/registro-renipress-webapp/ipress.htm?action=mostrarVer&idipress=00025582"}},{"type":"Feature","geometry":{"type":"Point","coordinates":[-71.97577789999997,-13.53086369999994]},"properties":{"objectid":32986,"nombre":"BIOMEDIC-SANTIAGO","departamento":"CUSCO","provincia":"CUSCO","distrito":"SANTIAGO","institucion":"PRIVADO","codigoMinsa":28563,"direccion":"URBANIZACIÓN PRIMAVERA NÚMERO 10 MANZANA B LOTE B DISTRITO SANTIAGO PROVINCIA CUSCO DEPARTAMENTO CUSCO","disa":"CUSCO","red":"NO PERTENECE A NINGUNA RED","microrred":"NO PERTENECE A NINGUNA MICRORED","categoria":"SERVICIO MÉDICO DE APOYO","condicion":"ACTIVO","actualizado":"2023/08/01 19:00:00.000","fuente":"MINSA","urlRenipr":"http://app20.susalud.gob.pe:8080/registro-renipress-webapp/ipress.htm?action=mostrarVer&idipress=00028563"}},{"type":"Feature","geometry":{"type":"Point","coordinates":[-71.95720129999995,-13.524266699999941]},"properties":{"objectid":33037,"nombre":"LABCO","departamento":"CUSCO","provincia":"CUSCO","distrito":"WANCHAQ","institucion":"PRIVADO","codigoMinsa":31244,"direccion":"AVENIDA DE LA CULTURA INTERIOR B NÚMERO 1212 PISO 2 DEPARTAMENTO 202 DISTRITO WANCHAQ PROVINCIA CUSCO DEPARTAMENTO CUSCO","disa":"CUSCO","red":"","microrred":"","categoria":"SERVICIO MÉDICO DE APOYO","condicion":"ACTIVO","actualizado":"2023/08/01 19:00:00.000","fuente":"MINSA","urlRenipr":"http://app20.susalud.gob.pe:8080/registro-renipress-webapp/ipress.htm?action=mostrarVer&idipress=00031244"}},{"type":"Feature","geometry":{"type":"Point","coordinates":[-71.64609166999998,-14.205693329999974]},"properties":{"objectid":33075,"nombre":"PATAQUEÑA - LIVITACA","departamento":"CUSCO","provincia":"CHUMBIVILCAS","distrito":"LIVITACA","institucion":"GOBIERNO REGIONAL","codigoMinsa":16332,"direccion":"OTROS SECTOR PATAQUEÑA DISTRITO LIVITACA PROVINCIA CHUMBIVILCAS DEPARTAMENTO CUSCO","disa":"CUSCO","red":"CHUMBIVILCAS","microrred":"LIVITACA","categoria":"ESTABLECIMIENTO DE SALUD SIN INTERNAMIENTO","condicion":"ACTIVO","actualizado":"2023/08/01 19:00:00.000","fuente":"MINSA","urlRenipr":"http://app20.susalud.gob.pe:8080/registro-renipress-webapp/ipress.htm?action=mostrarVer&idipress=00016332"}},{"type":"Feature","geometry":{"type":"Point","coordinates":[-72.04079332999999,-14.77399332999994]},"properties":{"objectid":33076,"nombre":"ALCCA VICTORIA","departamento":"CUSCO","provincia":"CHUMBIVILCAS","distrito":"VELILLE","institucion":"GOBIERNO REGIONAL","codigoMinsa":8912,"direccion":"OTROS CENTRO POBLADO ALCCA VICTORIA / VELILLE / CHUMBIVILCAS / CUSCO CENTRO POBLADO ALCCA VICTORIA / VELILLE / CHUMBIVILCAS / CUSCO VELILLE CHUMBIVILCAS CUSCO","disa":"CUSCO","red":"CHUMBIVILCAS","microrred":"SANTO TOMAS","categoria":"ESTABLECIMIENTO DE SALUD SIN INTERNAMIENTO","condicion":"ACTIVO","actualizado":"2023/08/01 19:00:00.000","fuente":"MINSA","urlRenipr":"http://app20.susalud.gob.pe:8080/registro-renipress-webapp/ipress.htm?action=mostrarVer&idipress=00008912"}},{"type":"Feature","geometry":{"type":"Point","coordinates":[-71.95074177999999,-13.526298159999953]},"properties":{"objectid":33102,"nombre":"MILENNIUM","departamento":"CUSCO","provincia":"CUSCO","distrito":"WANCHAQ","institucion":"PRIVADO","codigoMinsa":26115,"direccion":"JIRÓN ABRAHAN VALDELOMAR PRIMER Y SEGUNDO PISO MANZANA A LOTE 18 URBANIZACIÓN SANTA MONICA DISTRITO WANCHAQ PROVINCIA CUSCO DEPARTAMENTO CUSCO","disa":"CUSCO","red":"NO PERTENECE A NINGUNA RED","microrred":"NO PERTENECE A NINGUNA MICRORED","categoria":"ESTABLECIMIENTO DE SALUD SIN INTERNAMIENTO","condicion":"ACTIVO","actualizado":"2023/08/01 19:00:00.000","fuente":"MINSA","urlRenipr":"http://app20.susalud.gob.pe:8080/registro-renipress-webapp/ipress.htm?action=mostrarVer&idipress=00026115"}},{"type":"Feature","geometry":{"type":"Point","coordinates":[-71.34469469999993,-14.362814769999943]},"properties":{"objectid":33143,"nombre":"CONDEVILUYO","departamento":"CUSCO","provincia":"CANAS","distrito":"LANGUI","institucion":"GOBIERNO REGIONAL","codigoMinsa":2370,"direccion":"OTROS COMUNIDAD CONDEVILUYO / LANGUI / CANAS / CUSCO DISTRITO LANGUI PROVINCIA CANAS DEPARTAMENTO CUSCO","disa":"CUSCO","red":"CANAS-CANCHIS-ESPINAR","microrred":"EL DESCANSO","categoria":"ESTABLECIMIENTO DE SALUD SIN INTERNAMIENTO","condicion":"ACTIVO","actualizado":"2023/08/01 19:00:00.000","fuente":"MINSA","urlRenipr":"http://app20.susalud.gob.pe:8080/registro-renipress-webapp/ipress.htm?action=mostrarVer&idipress=00002370"}},{"type":"Feature","geometry":{"type":"Point","coordinates":[-71.34406222999996,-14.188205559999972]},"properties":{"objectid":33144,"nombre":"SAN PEDRO CANCHIS","departamento":"CUSCO","provincia":"CANCHIS","distrito":"SAN PEDRO","institucion":"GOBIERNO REGIONAL","codigoMinsa":2396,"direccion":"AVENIDA AVENIDA ESTACION S/N / SAN PEDRO / CANCHIS / CUSCO NÚMERO S/N DISTRITO SAN PEDRO PROVINCIA CANCHIS DEPARTAMENTO CUSCO","disa":"CUSCO","red":"CANAS-CANCHIS-ESPINAR","microrred":"PAMPAPHALLA","categoria":"ESTABLECIMIENTO DE SALUD SIN INTERNAMIENTO","condicion":"ACTIVO","actualizado":"2023/08/01 19:00:00.000","fuente":"MINSA","urlRenipr":"http://app20.susalud.gob.pe:8080/registro-renipress-webapp/ipress.htm?action=mostrarVer&idipress=00002396"}},{"type":"Feature","geometry":{"type":"Point","coordinates":[-71.48632353999994,-14.448535769999978]},"properties":{"objectid":33145,"nombre":"CHITIBAMBA","departamento":"CUSCO","provincia":"CANAS","distrito":"CHECCA","institucion":"GOBIERNO REGIONAL","codigoMinsa":2367,"direccion":"OTROS CHITIBAMBA DISTRITO CHECCA PROVINCIA CANAS DEPARTAMENTO CUSCO","disa":"CUSCO","red":"CANAS-CANCHIS-ESPINAR","microrred":"YANAOCA","categoria":"ESTABLECIMIENTO DE SALUD SIN INTERNAMIENTO","condicion":"ACTIVO","actualizado":"2023/08/01 19:00:00.000","fuente":"MINSA","urlRenipr":"http://app20.susalud.gob.pe:8080/registro-renipress-webapp/ipress.htm?action=mostrarVer&idipress=00002367"}},{"type":"Feature","geometry":{"type":"Point","coordinates":[-71.96285858999994,-13.529171429999963]},"properties":{"objectid":33152,"nombre":"MEDIREG","departamento":"CUSCO","provincia":"CUSCO","distrito":"WANCHAQ","institucion":"PRIVADO","codigoMinsa":27392,"direccion":"AVENIDA TUPAC AMARU MANZANA A LOTE 11 URBANIZACIÓN PROGRESO DISTRITO WANCHAQ PROVINCIA CUSCO DEPARTAMENTO CUSCO","disa":"CUSCO","red":"NO PERTENECE A NINGUNA RED","microrred":"NO PERTENECE A NINGUNA MICRORED","categoria":"ESTABLECIMIENTO DE SALUD SIN INTERNAMIENTO","condicion":"ACTIVO","actualizado":"2023/08/01 19:00:00.000","fuente":"MINSA","urlRenipr":"http://app20.susalud.gob.pe:8080/registro-renipress-webapp/ipress.htm?action=mostrarVer&idipress=00027392"}},{"type":"Feature","geometry":{"type":"Point","coordinates":[-71.95671290999996,-13.52437453999994]},"properties":{"objectid":33168,"nombre":"JUMIS","departamento":"CUSCO","provincia":"CUSCO","distrito":"WANCHAQ","institucion":"PRIVADO","codigoMinsa":19731,"direccion":"AVENIDA AV. DE LA CULTURA 1302-SOTANO OF03 DISTRITO WANCHAQ PROVINCIA CUSCO DEPARTAMENTO CUSCO","disa":"CUSCO","red":"NO PERTENECE A NINGUNA RED","microrred":"NO PERTENECE A NINGUNA MICRORED","categoria":"SERVICIO MÉDICO DE APOYO","condicion":"ACTIVO","actualizado":"2023/08/01 19:00:00.000","fuente":"MINSA","urlRenipr":"http://app20.susalud.gob.pe:8080/registro-renipress-webapp/ipress.htm?action=mostrarVer&idipress=00019731"}},{"type":"Feature","geometry":{"type":"Point","coordinates":[-71.95322274999995,-13.52272359999995]},"properties":{"objectid":33179,"nombre":"ECO URBAM","departamento":"CUSCO","provincia":"CUSCO","distrito":"CUSCO","institucion":"PRIVADO","codigoMinsa":27855,"direccion":"URBANIZACIÓN MANZANARES C5 PISO 1 MANZANA C LOTE 5 URBANIZACIÓN MANZANARES DISTRITO CUSCO PROVINCIA CUSCO DEPARTAMENTO CUSCO","disa":"CUSCO","red":"NO PERTENECE A NINGUNA RED","microrred":"NO PERTENECE A NINGUNA MICRORED","categoria":"SERVICIO MÉDICO DE APOYO","condicion":"ACTIVO","actualizado":"2023/08/01 19:00:00.000","fuente":"MINSA","urlRenipr":"http://app20.susalud.gob.pe:8080/registro-renipress-webapp/ipress.htm?action=mostrarVer&idipress=00027855"}},{"type":"Feature","geometry":{"type":"Point","coordinates":[-71.96557431999997,-13.533973609999975]},"properties":{"objectid":33185,"nombre":"SAN MARTIN UNIDAD MEDICA SO","departamento":"CUSCO","provincia":"CUSCO","distrito":"CUSCO","institucion":"PRIVADO","codigoMinsa":27779,"direccion":"AVENIDA COSTANERA PISO 1 MANZANA B3 LOTE 25 URBANIZACIÓN TTIO DISTRITO CUSCO PROVINCIA CUSCO DEPARTAMENTO CUSCO","disa":"","red":"","microrred":"","categoria":"ESTABLECIMIENTO DE SALUD SIN INTERNAMIENTO","condicion":"RUC INACTIVO EN SUNAT","actualizado":"2023/08/01 19:00:00.000","fuente":"MINSA","urlRenipr":"http://app20.susalud.gob.pe:8080/registro-renipress-webapp/ipress.htm?action=mostrarVer&idipress=00027779"}},{"type":"Feature","geometry":{"type":"Point","coordinates":[-71.90732477999995,-13.543535579999968]},"properties":{"objectid":33193,"nombre":"GRUPO RAICES","departamento":"CUSCO","provincia":"CUSCO","distrito":"WANCHAQ","institucion":"PRIVADO","codigoMinsa":29406,"direccion":"OTROS ESQUINA DE LA AVENIDA MICAELA BASTIDAS N°329 Y LA AVENIDA PEDRO VILCA APAZA N°210 DISTRITO WANCHAQ PROVINCIA CUSCO DEPARTAMENTO CUSCO","disa":"CUSCO","red":"","microrred":"","categoria":"ESTABLECIMIENTO DE SALUD SIN INTERNAMIENTO","condicion":"ACTIVO","actualizado":"2023/08/01 19:00:00.000","fuente":"MINSA","urlRenipr":"http://app20.susalud.gob.pe:8080/registro-renipress-webapp/ipress.htm?action=mostrarVer&idipress=00029406"}},{"type":"Feature","geometry":{"type":"Point","coordinates":[-71.96194689999999,-13.522780599999976]},"properties":{"objectid":33214,"nombre":"VILAB PERU","departamento":"CUSCO","provincia":"CUSCO","distrito":"WANCHAQ","institucion":"PRIVADO","codigoMinsa":29690,"direccion":"AVENIDA LA CULTURA NÚMERO 822 PISO 2 DISTRITO WANCHAQ PROVINCIA CUSCO DEPARTAMENTO CUSCO","disa":"CUSCO","red":"","microrred":"","categoria":"ESTABLECIMIENTO DE SALUD SIN INTERNAMIENTO","condicion":"ACTIVO","actualizado":"2023/08/01 19:00:00.000","fuente":"MINSA","urlRenipr":"http://app20.susalud.gob.pe:8080/registro-renipress-webapp/ipress.htm?action=mostrarVer&idipress=00029690"}},{"type":"Feature","geometry":{"type":"Point","coordinates":[-71.96746259999998,-13.531949999999938]},"properties":{"objectid":33223,"nombre":"CAYETANO HEREDIA","departamento":"CUSCO","provincia":"CUSCO","distrito":"CUSCO","institucion":"PRIVADO","codigoMinsa":28237,"direccion":"AVENIDA TULLUMAYO NÚMERO 608 PISO 1 DISTRITO CUSCO PROVINCIA CUSCO DEPARTAMENTO CUSCO","disa":"CUSCO","red":"NO PERTENECE A NINGUNA RED","microrred":"NO PERTENECE A NINGUNA MICRORED","categoria":"SERVICIO MÉDICO DE APOYO","condicion":"ACTIVO","actualizado":"2023/08/01 19:00:00.000","fuente":"MINSA","urlRenipr":"http://app20.susalud.gob.pe:8080/registro-renipress-webapp/ipress.htm?action=mostrarVer&idipress=00028237"}},{"type":"Feature","geometry":{"type":"Point","coordinates":[-71.94939609999994,-13.53715029999995]},"properties":{"objectid":33252,"nombre":"CLIDEN","departamento":"CUSCO","provincia":"CUSCO","distrito":"WANCHAQ","institucion":"PRIVADO","codigoMinsa":31282,"direccion":"AVENIDA VELASCO ASTETE AAHH SOL NACIENTE PISO 1 LOTE F 25 DISTRITO WANCHAQ PROVINCIA CUSCO DEPARTAMENTO CUSCO","disa":"CUSCO","red":"","microrred":"","categoria":"ESTABLECIMIENTO DE SALUD SIN INTERNAMIENTO","condicion":"ACTIVO","actualizado":"2023/08/01 19:00:00.000","fuente":"MINSA","urlRenipr":"http://app20.susalud.gob.pe:8080/registro-renipress-webapp/ipress.htm?action=mostrarVer&idipress=00031282"}},{"type":"Feature","geometry":{"type":"Point","coordinates":[-71.97540193999998,-13.529029299999934]},"properties":{"objectid":33275,"nombre":"SEÑOR DE LOS TEMBLORES SANTIAGO","departamento":"CUSCO","provincia":"CUSCO","distrito":"SANTIAGO","institucion":"PRIVADO","codigoMinsa":28753,"direccion":"AVENIDA PERU PISO 2 MANZANA P LOTE 7 URBANIZACIÓN ILLAREQ DISTRITO SANTIAGO PROVINCIA CUSCO DEPARTAMENTO CUSCO","disa":"CUSCO","red":"NO PERTENECE A NINGUNA RED","microrred":"NO PERTENECE A NINGUNA MICRORED","categoria":"ESTABLECIMIENTO DE SALUD SIN INTERNAMIENTO","condicion":"ACTIVO","actualizado":"2023/08/01 19:00:00.000","fuente":"MINSA","urlRenipr":"http://app20.susalud.gob.pe:8080/registro-renipress-webapp/ipress.htm?action=mostrarVer&idipress=00028753"}},{"type":"Feature","geometry":{"type":"Point","coordinates":[-71.90031081999996,-13.529561289999947]},"properties":{"objectid":33276,"nombre":"NATURA QOSQO","departamento":"CUSCO","provincia":"CUSCO","distrito":"SAN JERONIMO","institucion":"PRIVADO","codigoMinsa":28503,"direccion":"PASAJE S/N PISO 1 MANZANA I4 LOTE 10 URBANIZACIÓN LARAPA GRANDE DISTRITO SAN JERONIMO PROVINCIA CUSCO DEPARTAMENTO CUSCO","disa":"CUSCO","red":"NO PERTENECE A NINGUNA RED","microrred":"NO PERTENECE A NINGUNA MICRORED","categoria":"ESTABLECIMIENTO DE SALUD SIN INTERNAMIENTO","condicion":"ACTIVO","actualizado":"2023/08/01 19:00:00.000","fuente":"MINSA","urlRenipr":"http://app20.susalud.gob.pe:8080/registro-renipress-webapp/ipress.htm?action=mostrarVer&idipress=00028503"}},{"type":"Feature","geometry":{"type":"Point","coordinates":[-71.95173909999994,-13.525597699999935]},"properties":{"objectid":33301,"nombre":"ZARAVIA","departamento":"CUSCO","provincia":"CUSCO","distrito":"CUSCO","institucion":"PRIVADO","codigoMinsa":29418,"direccion":"CALLE sacsayhuaman PISO 3 MANZANA N LOTE 14-B URBANIZACIÓN Manuel Prado DISTRITO CUSCO PROVINCIA CUSCO DEPARTAMENTO CUSCO","disa":"CUSCO","red":"","microrred":"","categoria":"ESTABLECIMIENTO DE SALUD SIN INTERNAMIENTO","condicion":"ACTIVO","actualizado":"2023/08/01 19:00:00.000","fuente":"MINSA","urlRenipr":"http://app20.susalud.gob.pe:8080/registro-renipress-webapp/ipress.htm?action=mostrarVer&idipress=00029418"}},{"type":"Feature","geometry":{"type":"Point","coordinates":[-71.96710183999994,-13.523288199999968]},"properties":{"objectid":33305,"nombre":"PODODERM","departamento":"CUSCO","provincia":"CUSCO","distrito":"WANCHAQ","institucion":"PRIVADO","codigoMinsa":29341,"direccion":"AVENIDA Tomasa Tito Condemayta NÚMERO 810 PISO 2 DISTRITO WANCHAQ PROVINCIA CUSCO DEPARTAMENTO CUSCO","disa":"","red":"","microrred":"","categoria":"SERVICIO MÉDICO DE APOYO","condicion":"RUC INACTIVO EN SUNAT","actualizado":"2023/08/01 19:00:00.000","fuente":"MINSA","urlRenipr":"http://app20.susalud.gob.pe:8080/registro-renipress-webapp/ipress.htm?action=mostrarVer&idipress=00029341"}},{"type":"Feature","geometry":{"type":"Point","coordinates":[-71.97540859999998,-13.517060699999945]},"properties":{"objectid":33311,"nombre":"ESPECIALIZADO CARBAJAL","departamento":"CUSCO","provincia":"CUSCO","distrito":"WANCHAQ","institucion":"PRIVADO","codigoMinsa":30263,"direccion":"JIRÓN RICARDO PALMA PISO 1 MANZANA N LOTE 19 URBANIZACIÓN SANTA MONICA DISTRITO WANCHAQ PROVINCIA CUSCO DEPARTAMENTO CUSCO","disa":"CUSCO","red":"","microrred":"","categoria":"ESTABLECIMIENTO DE SALUD SIN INTERNAMIENTO","condicion":"ACTIVO","actualizado":"2023/08/01 19:00:00.000","fuente":"MINSA","urlRenipr":"http://app20.susalud.gob.pe:8080/registro-renipress-webapp/ipress.htm?action=mostrarVer&idipress=00030263"}},{"type":"Feature","geometry":{"type":"Point","coordinates":[-71.96251771999994,-13.522368479999955]},"properties":{"objectid":33335,"nombre":"LUZ DIVINA","departamento":"CUSCO","provincia":"CUSCO","distrito":"WANCHAQ","institucion":"PRIVADO","codigoMinsa":31101,"direccion":"PASAJE CONSTANCIA B 11 SOTANO URBANIZACIÓN CONSTANCIA DISTRITO WANCHAQ PROVINCIA CUSCO DEPARTAMENTO CUSCO","disa":"CUSCO","red":"","microrred":"","categoria":"ESTABLECIMIENTO DE SALUD SIN INTERNAMIENTO","condicion":"ACTIVO","actualizado":"2023/08/01 19:00:00.000","fuente":"MINSA","urlRenipr":"http://app20.susalud.gob.pe:8080/registro-renipress-webapp/ipress.htm?action=mostrarVer&idipress=00031101"}},{"type":"Feature","geometry":{"type":"Point","coordinates":[-71.96385770999996,-13.52468990999995]},"properties":{"objectid":33347,"nombre":"GRUPO MEDICO BUENA SALUD","departamento":"CUSCO","provincia":"CUSCO","distrito":"WANCHAQ","institucion":"PRIVADO","codigoMinsa":30032,"direccion":"AVENIDA TOMASA TTITO CONDEMAYTA NÚMERO 408 PISO 1 DISTRITO WANCHAQ PROVINCIA CUSCO DEPARTAMENTO CUSCO","disa":"CUSCO","red":"","microrred":"","categoria":"ESTABLECIMIENTO DE SALUD SIN INTERNAMIENTO","condicion":"ACTIVO","actualizado":"2023/08/01 19:00:00.000","fuente":"MINSA","urlRenipr":"http://app20.susalud.gob.pe:8080/registro-renipress-webapp/ipress.htm?action=mostrarVer&idipress=00030032"}},{"type":"Feature","geometry":{"type":"Point","coordinates":[-72.14506369999998,-13.46398739999995]},"properties":{"objectid":33348,"nombre":"CHOQUEQUIRAO ANTA","departamento":"CUSCO","provincia":"ANTA","distrito":"ANTA","institucion":"PRIVADO","codigoMinsa":25301,"direccion":"JIRÓN jaquijahuana NÚMERO 305 DISTRITO ANTA PROVINCIA ANTA DEPARTAMENTO CUSCO","disa":"","red":"","microrred":"","categoria":"ESTABLECIMIENTO DE SALUD SIN INTERNAMIENTO","condicion":"RUC INACTIVO EN SUNAT","actualizado":"2023/08/01 19:00:00.000","fuente":"MINSA","urlRenipr":"http://app20.susalud.gob.pe:8080/registro-renipress-webapp/ipress.htm?action=mostrarVer&idipress=00025301"}},{"type":"Feature","geometry":{"type":"Point","coordinates":[-71.95310089999998,-13.531866399999956]},"properties":{"objectid":33364,"nombre":"DERMOLASERVIP","departamento":"CUSCO","provincia":"CUSCO","distrito":"WANCHAQ","institucion":"PRIVADO","codigoMinsa":30907,"direccion":"CALLE LOS DIAMANTES PISO 1 MANZANA F LOTE 20 URBANIZACIÓN KENNEDY A DISTRITO WANCHAQ PROVINCIA CUSCO DEPARTAMENTO CUSCO","disa":"CUSCO","red":"","microrred":"","categoria":"ESTABLECIMIENTO DE SALUD SIN INTERNAMIENTO","condicion":"ACTIVO","actualizado":"2023/08/01 19:00:00.000","fuente":"MINSA","urlRenipr":"http://app20.susalud.gob.pe:8080/registro-renipress-webapp/ipress.htm?action=mostrarVer&idipress=00030907"}}]}