{"type":"FeatureCollection","features":[{"type":"Feature","geometry":{"type":"Point","coordinates":[-75.21745359999994,-12.060430699999927]},"properties":{"objectid":81,"nombre":"MEDICINA INTEGRAL","departamento":"JUNIN","provincia":"HUANCAYO","distrito":"EL TAMBO","institucion":"PRIVADO","codigoMinsa":24218,"direccion":"JIRÓN MOQUEGUA NÚMERO 730 DISTRITO EL TAMBO PROVINCIA HUANCAYO DEPARTAMENTO JUNIN","disa":"JUNIN","red":"","microrred":"","categoria":"ESTABLECIMIENTO DE SALUD SIN INTERNAMIENTO","condicion":"ACTIVO","actualizado":"2023/08/01 19:00:00.000","fuente":"MINSA","urlRenipr":"http://app20.susalud.gob.pe:8080/registro-renipress-webapp/ipress.htm?action=mostrarVer&idipress=00024218"}},{"type":"Feature","geometry":{"type":"Point","coordinates":[-75.68526393999997,-11.418214699999965]},"properties":{"objectid":506,"nombre":"CENTRO DE SALUD MENTAL COMUNITARIO TARMA","departamento":"JUNIN","provincia":"TARMA","distrito":"TARMA","institucion":"GOBIERNO REGIONAL","codigoMinsa":27079,"direccion":"JIRÓN CHANCHAMAYO 590 598 ESQUINA DEL JR. HUANUCO Y CHANCHAMAYO TARMA TARMA JUNIN","disa":"JUNIN","red":"TARMA","microrred":"NO PERTENECE A NINGUNA MICRORED","categoria":"ESTABLECIMIENTO DE SALUD SIN INTERNAMIENTO","condicion":"ACTIVO","actualizado":"2023/08/01 19:00:00.000","fuente":"MINSA","urlRenipr":"http://app20.susalud.gob.pe:8080/registro-renipress-webapp/ipress.htm?action=mostrarVer&idipress=00027079"}},{"type":"Feature","geometry":{"type":"Point","coordinates":[-75.77134787999995,-11.247215869999934]},"properties":{"objectid":507,"nombre":"RICRICAN CAUQUIRAN","departamento":"JUNIN","provincia":"TARMA","distrito":"PALCAMAYO","institucion":"GOBIERNO REGIONAL","codigoMinsa":530,"direccion":"OTROS SAN MARTIN S/N - RICRICAN N?ERO S/N DISTRITO PALCAMAYO PROVINCIA TARMA DEPARTAMENTO JUNIN","disa":"JUNIN","red":"TARMA","microrred":"ACOBAMBA","categoria":"ESTABLECIMIENTO DE SALUD SIN INTERNAMIENTO","condicion":"ACTIVO","actualizado":"2023/08/01 19:00:00.000","fuente":"MINSA","urlRenipr":"http://app20.susalud.gob.pe:8080/registro-renipress-webapp/ipress.htm?action=mostrarVer&idipress=00000530"}},{"type":"Feature","geometry":{"type":"Point","coordinates":[-75.33465369999993,-11.338566799999967]},"properties":{"objectid":4985,"nombre":"RONDAYACU","departamento":"JUNIN","provincia":"JAUJA","distrito":"MONOBAMBA","institucion":"GOBIERNO REGIONAL","codigoMinsa":29301,"direccion":"CAMINO RURAL ANEXO DE RONDAYACU COLINDANTE A LA PLAZA MAYOR DEL ANEXO DE RONDAYACU MONOBAMBA JAUJA JUNIN","disa":"JUNIN","red":"CHANCHAMAYO","microrred":"SAN RAMON","categoria":"ESTABLECIMIENTO DE SALUD SIN INTERNAMIENTO","condicion":"ACTIVO","actualizado":"2023/08/01 19:00:00.000","fuente":"MINSA","urlRenipr":"http://app20.susalud.gob.pe:8080/registro-renipress-webapp/ipress.htm?action=mostrarVer&idipress=00029301"}},{"type":"Feature","geometry":{"type":"Point","coordinates":[-75.52651832999999,-11.47009208999998]},"properties":{"objectid":25561,"nombre":"YURACMAYO","departamento":"JUNIN","provincia":"TARMA","distrito":"TAPO","institucion":"GOBIERNO REGIONAL","codigoMinsa":578,"direccion":"PLAZA PLAZA PRINCIPAL DISTRITO TAPO PROVINCIA TARMA DEPARTAMENTO JUNIN","disa":"JUNIN","red":"TARMA","microrred":"PALCA","categoria":"ESTABLECIMIENTO DE SALUD SIN INTERNAMIENTO","condicion":"ACTIVO","actualizado":"2023/08/01 19:00:00.000","fuente":"MINSA","urlRenipr":"http://app20.susalud.gob.pe:8080/registro-renipress-webapp/ipress.htm?action=mostrarVer&idipress=00000578"}},{"type":"Feature","geometry":{"type":"Point","coordinates":[-75.22241359999998,-12.054070599999932]},"properties":{"objectid":368,"nombre":"PATOLOGIA Y LABORATORIOS (PATLAB S.A.C.)","departamento":"JUNIN","provincia":"HUANCAYO","distrito":"EL TAMBO","institucion":"PRIVADO","codigoMinsa":16809,"direccion":"JIRÓN JR. LOS MANZANOS Nº 778 - INTERIOR A DISTRITO EL TAMBO PROVINCIA HUANCAYO DEPARTAMENTO JUNIN","disa":"","red":"","microrred":"","categoria":"SERVICIO MÉDICO DE APOYO","condicion":"RETIRO VOLUNTARIO","actualizado":"2023/08/01 19:00:00.000","fuente":"MINSA","urlRenipr":"http://app20.susalud.gob.pe:8080/registro-renipress-webapp/ipress.htm?action=mostrarVer&idipress=00016809"}},{"type":"Feature","geometry":{"type":"Point","coordinates":[-75.19527186999994,-12.048789899999974]},"properties":{"objectid":733,"nombre":"CLINICA OFTALMOLOGICA REGIONAL","departamento":"JUNIN","provincia":"HUANCAYO","distrito":"HUANCAYO","institucion":"PRIVADO","codigoMinsa":8475,"direccion":"CALLE CALLE ALHELIES Nº 113 - URB. SAN ANTONIO DISTRITO HUANCAYO PROVINCIA HUANCAYO DEPARTAMENTO JUNIN","disa":"JUNIN","red":"NO PERTENECE A NINGUNA RED","microrred":"NO PERTENECE A NINGUNA MICRORED","categoria":"ESTABLECIMIENTO DE SALUD CON INTERNAMIENTO","condicion":"ACTIVO","actualizado":"2023/08/01 19:00:00.000","fuente":"MINSA","urlRenipr":"http://app20.susalud.gob.pe:8080/registro-renipress-webapp/ipress.htm?action=mostrarVer&idipress=00008475"}},{"type":"Feature","geometry":{"type":"Point","coordinates":[-75.22554579999996,-12.053862199999969]},"properties":{"objectid":571,"nombre":"COSET MEDICA","departamento":"JUNIN","provincia":"HUANCAYO","distrito":"EL TAMBO","institucion":"PRIVADO","codigoMinsa":16098,"direccion":"JIRÓN JR. HUAYTAPALLANA Nª 125 (OVALO DE JULIO SUMAR) JUNIN - HUANCAYO - EL TAMBO DISTRITO EL TAMBO PROVINCIA HUANCAYO DEPARTAMENTO JUNIN","disa":"JUNIN","red":"NO PERTENECE A NINGUNA RED","microrred":"NO PERTENECE A NINGUNA MICRORED","categoria":"ESTABLECIMIENTO DE SALUD SIN INTERNAMIENTO","condicion":"ACTIVO","actualizado":"2023/08/01 19:00:00.000","fuente":"MINSA","urlRenipr":"http://app20.susalud.gob.pe:8080/registro-renipress-webapp/ipress.htm?action=mostrarVer&idipress=00016098"}},{"type":"Feature","geometry":{"type":"Point","coordinates":[-75.79445242999998,-11.305827499999964]},"properties":{"objectid":8913,"nombre":"HUAMANIA","departamento":"JUNIN","provincia":"TARMA","distrito":"PALCAMAYO","institucion":"GOBIERNO REGIONAL","codigoMinsa":532,"direccion":"OTROS LOCAL DE LA I..E Nº 30835 HUAMALIA DISTRITO PALCAMAYO PROVINCIA TARMA DEPARTAMENTO JUNIN","disa":"JUNIN","red":"TARMA","microrred":"ACOBAMBA","categoria":"ESTABLECIMIENTO DE SALUD SIN INTERNAMIENTO","condicion":"ACTIVO","actualizado":"2023/08/01 19:00:00.000","fuente":"MINSA","urlRenipr":"http://app20.susalud.gob.pe:8080/registro-renipress-webapp/ipress.htm?action=mostrarVer&idipress=00000532"}},{"type":"Feature","geometry":{"type":"Point","coordinates":[-75.57127678999996,-11.346019429999956]},"properties":{"objectid":8914,"nombre":"PALCA","departamento":"JUNIN","provincia":"TARMA","distrito":"PALCA","institucion":"GOBIERNO REGIONAL","codigoMinsa":569,"direccion":"JIRÓN JIRON SAN MARTIN S/N S/N JIRON SAN MARTIN S/N PALCA TARMA JUNIN","disa":"JUNIN","red":"TARMA","microrred":"PALCA","categoria":"ESTABLECIMIENTO DE SALUD SIN INTERNAMIENTO","condicion":"ACTIVO","actualizado":"2023/08/01 19:00:00.000","fuente":"MINSA","urlRenipr":"http://app20.susalud.gob.pe:8080/registro-renipress-webapp/ipress.htm?action=mostrarVer&idipress=00000569"}},{"type":"Feature","geometry":{"type":"Point","coordinates":[-75.21025455999995,-12.069732079999937]},"properties":{"objectid":8916,"nombre":"OPTICA ROMA","departamento":"JUNIN","provincia":"HUANCAYO","distrito":"HUANCAYO","institucion":"PRIVADO","codigoMinsa":13323,"direccion":"JIRÓN JR. LIMA 367 DISTRITO HUANCAYO PROVINCIA HUANCAYO DEPARTAMENTO JUNIN","disa":"JUNIN","red":"NO PERTENECE A NINGUNA RED","microrred":"NO PERTENECE A NINGUNA MICRORED","categoria":"SERVICIO MÉDICO DE APOYO","condicion":"ACTIVO","actualizado":"2023/08/01 19:00:00.000","fuente":"MINSA","urlRenipr":"http://app20.susalud.gob.pe:8080/registro-renipress-webapp/ipress.htm?action=mostrarVer&idipress=00013323"}},{"type":"Feature","geometry":{"type":"Point","coordinates":[-75.02656499999995,-10.985188329999971]},"properties":{"objectid":761,"nombre":"SANTA ROSA DE RIO AMARILLO","departamento":"JUNIN","provincia":"CHANCHAMAYO","distrito":"PERENE","institucion":"GOBIERNO REGIONAL","codigoMinsa":326,"direccion":"CALLE CALLE Nº 4 ANEXO RIO AMARILLO DISTRITO PERENE PROVINCIA CHANCHAMAYO DEPARTAMENTO JUNIN","disa":"JUNIN","red":"CHANCHAMAYO","microrred":"PERENE","categoria":"ESTABLECIMIENTO DE SALUD SIN INTERNAMIENTO","condicion":"ACTIVO","actualizado":"2023/08/01 19:00:00.000","fuente":"MINSA","urlRenipr":"http://app20.susalud.gob.pe:8080/registro-renipress-webapp/ipress.htm?action=mostrarVer&idipress=00000326"}},{"type":"Feature","geometry":{"type":"Point","coordinates":[-74.96908999999994,-10.95651166999994]},"properties":{"objectid":762,"nombre":"UNION PUCUSANI","departamento":"JUNIN","provincia":"CHANCHAMAYO","distrito":"PERENE","institucion":"GOBIERNO REGIONAL","codigoMinsa":7362,"direccion":"PLAZA PLAZA DEL CENTRO POBLADO UNION PUCUSANI DISTRITO PERENE PROVINCIA CHANCHAMAYO DEPARTAMENTO JUNIN","disa":"JUNIN","red":"CHANCHAMAYO","microrred":"PERENE","categoria":"ESTABLECIMIENTO DE SALUD SIN INTERNAMIENTO","condicion":"ACTIVO","actualizado":"2023/08/01 19:00:00.000","fuente":"MINSA","urlRenipr":"http://app20.susalud.gob.pe:8080/registro-renipress-webapp/ipress.htm?action=mostrarVer&idipress=00007362"}},{"type":"Feature","geometry":{"type":"Point","coordinates":[-75.33594961999995,-11.181105479999928]},"properties":{"objectid":763,"nombre":"LA ESPERANZA","departamento":"JUNIN","provincia":"CHANCHAMAYO","distrito":"SAN RAMON","institucion":"GOBIERNO REGIONAL","codigoMinsa":356,"direccion":"PLAZA PLAZA PRINCIPAL DEL ANEXO LA ESPERANZA DISTRITO SAN RAMON PROVINCIA CHANCHAMAYO DEPARTAMENTO JUNIN","disa":"JUNIN","red":"CHANCHAMAYO","microrred":"SAN RAMON","categoria":"ESTABLECIMIENTO DE SALUD SIN INTERNAMIENTO","condicion":"ACTIVO","actualizado":"2023/08/01 19:00:00.000","fuente":"MINSA","urlRenipr":"http://app20.susalud.gob.pe:8080/registro-renipress-webapp/ipress.htm?action=mostrarVer&idipress=00000356"}},{"type":"Feature","geometry":{"type":"Point","coordinates":[-75.35392221999996,-11.119311299999936]},"properties":{"objectid":764,"nombre":"SAN RAMÓN","departamento":"JUNIN","provincia":"CHANCHAMAYO","distrito":"SAN RAMON","institucion":"GOBIERNO REGIONAL","codigoMinsa":354,"direccion":"JIRÓN JR. CHANCHAMAYO Nº 291 JR. CHANCHAMAYO Nº 291 SAN RAMON CHANCHAMAYO JUNIN","disa":"JUNIN","red":"CHANCHAMAYO","microrred":"SAN RAMON","categoria":"ESTABLECIMIENTO DE SALUD CON INTERNAMIENTO","condicion":"ACTIVO","actualizado":"2023/08/01 19:00:00.000","fuente":"MINSA","urlRenipr":"http://app20.susalud.gob.pe:8080/registro-renipress-webapp/ipress.htm?action=mostrarVer&idipress=00000354"}},{"type":"Feature","geometry":{"type":"Point","coordinates":[-75.35870749999998,-11.121527599999979]},"properties":{"objectid":911,"nombre":"HEALTH AND SAFETY OCCUPATIONAL","departamento":"JUNIN","provincia":"CHANCHAMAYO","distrito":"SAN RAMON","institucion":"PRIVADO","codigoMinsa":19387,"direccion":"CALLE CALLE PERU N°189 URB EL MILAGRO DISTRITO SAN RAMON PROVINCIA CHANCHAMAYO DEPARTAMENTO JUNIN","disa":"JUNIN","red":"NO PERTENECE A NINGUNA RED","microrred":"NO PERTENECE A NINGUNA MICRORED","categoria":"ESTABLECIMIENTO DE SALUD SIN INTERNAMIENTO","condicion":"ACTIVO","actualizado":"2023/08/01 19:00:00.000","fuente":"MINSA","urlRenipr":"http://app20.susalud.gob.pe:8080/registro-renipress-webapp/ipress.htm?action=mostrarVer&idipress=00019387"}},{"type":"Feature","geometry":{"type":"Point","coordinates":[-75.92815471999995,-11.50980893999997]},"properties":{"objectid":1105,"nombre":"JUAN PABLO II","departamento":"JUNIN","provincia":"YAULI","distrito":"SANTA ROSA DE SACCO","institucion":"GOBIERNO REGIONAL","codigoMinsa":21449,"direccion":"CARRETERA CARRETERA CENTRAL KM 89 .AAHH JUAN PABLO II DISTRITO SANTA ROSA DE SACCO PROVINCIA YAULI DEPARTAMENTO JUNIN","disa":"JUNIN","red":"JAUJA","microrred":"YAULI-OROYA","categoria":"ESTABLECIMIENTO DE SALUD SIN INTERNAMIENTO","condicion":"ACTIVO","actualizado":"2023/08/01 19:00:00.000","fuente":"MINSA","urlRenipr":"http://app20.susalud.gob.pe:8080/registro-renipress-webapp/ipress.htm?action=mostrarVer&idipress=00021449"}},{"type":"Feature","geometry":{"type":"Point","coordinates":[-75.19217959999997,-12.048683839999967]},"properties":{"objectid":1175,"nombre":"CENTRO DE RADIOTERAPIA","departamento":"JUNIN","provincia":"HUANCAYO","distrito":"HUANCAYO","institucion":"PRIVADO","codigoMinsa":15430,"direccion":"CALLE CALLE LOS SAUCES 460 - URB. LA MERCED DISTRITO HUANCAYO PROVINCIA HUANCAYO DEPARTAMENTO JUNIN","disa":"","red":"","microrred":"","categoria":"SERVICIO MÉDICO DE APOYO","condicion":"RETIRO VOLUNTARIO","actualizado":"2023/08/01 19:00:00.000","fuente":"MINSA","urlRenipr":"http://app20.susalud.gob.pe:8080/registro-renipress-webapp/ipress.htm?action=mostrarVer&idipress=00015430"}},{"type":"Feature","geometry":{"type":"Point","coordinates":[-74.62811764999998,-11.337732049999943]},"properties":{"objectid":1387,"nombre":"BUENOS AIRES","departamento":"JUNIN","provincia":"SATIPO","distrito":"COVIRIALI","institucion":"GOBIERNO REGIONAL","codigoMinsa":489,"direccion":"OTROS ANEXO SAN MARTIN -BUENOS AIRES - COVIRIALI DISTRITO COVIRIALI PROVINCIA SATIPO DEPARTAMENTO JUNIN","disa":"JUNIN","red":"SATIPO","microrred":"RIO NEGRO-SATIPO","categoria":"ESTABLECIMIENTO DE SALUD SIN INTERNAMIENTO","condicion":"ACTIVO","actualizado":"2023/08/01 19:00:00.000","fuente":"MINSA","urlRenipr":"http://app20.susalud.gob.pe:8080/registro-renipress-webapp/ipress.htm?action=mostrarVer&idipress=00000489"}},{"type":"Feature","geometry":{"type":"Point","coordinates":[-74.02590536999998,-12.188188719999971]},"properties":{"objectid":1388,"nombre":"SAN MIGUEL DE ENE SHINPINSHARIATO","departamento":"JUNIN","provincia":"SATIPO","distrito":"VIZCATAN DEL ENE","institucion":"GOBIERNO REGIONAL","codigoMinsa":509,"direccion":"OTROS CENTRO POBLADO DE SAN MIGUEL DEL ENE NÚMERO SN DISTRITO VIZCATAN DEL ENE PROVINCIA SATIPO DEPARTAMENTO JUNIN","disa":"JUNIN","red":"SATIPO","microrred":"VALLE ESMERALDA","categoria":"ESTABLECIMIENTO DE SALUD SIN INTERNAMIENTO","condicion":"ACTIVO","actualizado":"2023/08/01 19:00:00.000","fuente":"MINSA","urlRenipr":"http://app20.susalud.gob.pe:8080/registro-renipress-webapp/ipress.htm?action=mostrarVer&idipress=00000509"}},{"type":"Feature","geometry":{"type":"Point","coordinates":[-74.73265513999996,-11.334327019999932]},"properties":{"objectid":1389,"nombre":"SANTA ROSITA","departamento":"JUNIN","provincia":"SATIPO","distrito":"PAMPA HERMOSA","institucion":"GOBIERNO REGIONAL","codigoMinsa":492,"direccion":"CARRETERA CARRETERA ANTIGUA SATIPO - HYO - STA ROSITA DISTRITO PAMPA HERMOSA PROVINCIA SATIPO DEPARTAMENTO JUNIN","disa":"JUNIN","red":"SATIPO","microrred":"RIO NEGRO-SATIPO","categoria":"ESTABLECIMIENTO DE SALUD SIN INTERNAMIENTO","condicion":"ACTIVO","actualizado":"2023/08/01 19:00:00.000","fuente":"MINSA","urlRenipr":"http://app20.susalud.gob.pe:8080/registro-renipress-webapp/ipress.htm?action=mostrarVer&idipress=00000492"}},{"type":"Feature","geometry":{"type":"Point","coordinates":[-74.30734968999997,-11.146871089999934]},"properties":{"objectid":1391,"nombre":"PUERTO OCOPA","departamento":"JUNIN","provincia":"SATIPO","distrito":"RIO TAMBO","institucion":"GOBIERNO REGIONAL","codigoMinsa":469,"direccion":"JIRÓN ESQUINA JR. AETERNITATIS 3RA CUADRA CC.NN.PUERTO OCOPA DISTRITO RIO TAMBO PROVINCIA SATIPO DEPARTAMENTO JUNIN","disa":"JUNIN","red":"SATIPO","microrred":"PUERTO OCOPA","categoria":"ESTABLECIMIENTO DE SALUD SIN INTERNAMIENTO","condicion":"ACTIVO","actualizado":"2023/08/01 19:00:00.000","fuente":"MINSA","urlRenipr":"http://app20.susalud.gob.pe:8080/registro-renipress-webapp/ipress.htm?action=mostrarVer&idipress=00000469"}},{"type":"Feature","geometry":{"type":"Point","coordinates":[-74.01833888999994,-11.672880839999948]},"properties":{"objectid":1392,"nombre":"QUITENI","departamento":"JUNIN","provincia":"SATIPO","distrito":"RIO TAMBO","institucion":"GOBIERNO REGIONAL","codigoMinsa":474,"direccion":"OTROS COMUNIDAD NATIVA QUITENI DISTRITO RIO TAMBO PROVINCIA SATIPO DEPARTAMENTO JUNIN","disa":"JUNIN","red":"SATIPO","microrred":"PUERTO OCOPA","categoria":"ESTABLECIMIENTO DE SALUD SIN INTERNAMIENTO","condicion":"ACTIVO","actualizado":"2023/08/01 19:00:00.000","fuente":"MINSA","urlRenipr":"http://app20.susalud.gob.pe:8080/registro-renipress-webapp/ipress.htm?action=mostrarVer&idipress=00000474"}},{"type":"Feature","geometry":{"type":"Point","coordinates":[-74.05208251999994,-12.26055526999994]},"properties":{"objectid":1393,"nombre":"SAN JUAN DE MANTARO","departamento":"JUNIN","provincia":"SATIPO","distrito":"VIZCATAN DEL ENE","institucion":"GOBIERNO REGIONAL","codigoMinsa":511,"direccion":"OTROS COMUNIDAD DE SAN JUAN MANTARO NÚMERO SN DISTRITO VIZCATAN DEL ENE PROVINCIA SATIPO DEPARTAMENTO JUNIN","disa":"JUNIN","red":"SATIPO","microrred":"VALLE ESMERALDA","categoria":"ESTABLECIMIENTO DE SALUD SIN INTERNAMIENTO","condicion":"ACTIVO","actualizado":"2023/08/01 19:00:00.000","fuente":"MINSA","urlRenipr":"http://app20.susalud.gob.pe:8080/registro-renipress-webapp/ipress.htm?action=mostrarVer&idipress=00000511"}},{"type":"Feature","geometry":{"type":"Point","coordinates":[-74.52850567999997,-11.335065979999968]},"properties":{"objectid":1394,"nombre":"SAN CRISTOBAL","departamento":"JUNIN","provincia":"SATIPO","distrito":"MAZAMARI - PANGOA","institucion":"GOBIERNO REGIONAL","codigoMinsa":439,"direccion":"OTROS COMUNIDAD DE SAN CRISTOBAL DISTRITO PANGOA PROVINCIA SATIPO DEPARTAMENTO JUNIN","disa":"JUNIN","red":"SATIPO","microrred":"MAZAMARI","categoria":"ESTABLECIMIENTO DE SALUD SIN INTERNAMIENTO","condicion":"ACTIVO","actualizado":"2023/08/01 19:00:00.000","fuente":"MINSA","urlRenipr":"http://app20.susalud.gob.pe:8080/registro-renipress-webapp/ipress.htm?action=mostrarVer&idipress=00000439"}},{"type":"Feature","geometry":{"type":"Point","coordinates":[-74.45196878999997,-11.13173476999998]},"properties":{"objectid":1395,"nombre":"BELLA ESPERANZA","departamento":"JUNIN","provincia":"SATIPO","distrito":"SATIPO","institucion":"GOBIERNO REGIONAL","codigoMinsa":10502,"direccion":"OTROS CENTRO POBLADO BELLA ESPERANZA NÚMERO S/N DISTRITO SATIPO PROVINCIA SATIPO DEPARTAMENTO JUNIN","disa":"JUNIN","red":"SATIPO","microrred":"RIO NEGRO-SATIPO","categoria":"ESTABLECIMIENTO DE SALUD SIN INTERNAMIENTO","condicion":"ACTIVO","actualizado":"2023/08/01 19:00:00.000","fuente":"MINSA","urlRenipr":"http://app20.susalud.gob.pe:8080/registro-renipress-webapp/ipress.htm?action=mostrarVer&idipress=00010502"}},{"type":"Feature","geometry":{"type":"Point","coordinates":[-74.05334900999998,-12.119106389999956]},"properties":{"objectid":1396,"nombre":"SAN CARLOS ALTO ENE","departamento":"JUNIN","provincia":"SATIPO","distrito":"RIO TAMBO","institucion":"GOBIERNO REGIONAL","codigoMinsa":518,"direccion":"OTROS ANEXO SAN CARLOS ALTO ENE DISTRITO RIO TAMBO PROVINCIA SATIPO DEPARTAMENTO JUNIN","disa":"JUNIN","red":"SATIPO","microrred":"VALLE ESMERALDA","categoria":"ESTABLECIMIENTO DE SALUD SIN INTERNAMIENTO","condicion":"ACTIVO","actualizado":"2023/08/01 19:00:00.000","fuente":"MINSA","urlRenipr":"http://app20.susalud.gob.pe:8080/registro-renipress-webapp/ipress.htm?action=mostrarVer&idipress=00000518"}},{"type":"Feature","geometry":{"type":"Point","coordinates":[-74.34264890999998,-11.435399509999968]},"properties":{"objectid":1406,"nombre":"SANTA ELENA","departamento":"JUNIN","provincia":"SATIPO","distrito":"MAZAMARI - PANGOA","institucion":"GOBIERNO REGIONAL","codigoMinsa":11138,"direccion":"OTROS CENTRO POBLADO SANTA ELENA DISTRITO PANGOA PROVINCIA SATIPO DEPARTAMENTO JUNIN","disa":"JUNIN","red":"SAN MARTIN DE PANGOA","microrred":"SAN ANTONIO DE SONOMORO","categoria":"ESTABLECIMIENTO DE SALUD SIN INTERNAMIENTO","condicion":"ACTIVO","actualizado":"2023/08/01 19:00:00.000","fuente":"MINSA","urlRenipr":"http://app20.susalud.gob.pe:8080/registro-renipress-webapp/ipress.htm?action=mostrarVer&idipress=00011138"}},{"type":"Feature","geometry":{"type":"Point","coordinates":[-74.44548587999998,-11.394336799999962]},"properties":{"objectid":1407,"nombre":"SAN JERONIMO","departamento":"JUNIN","provincia":"SATIPO","distrito":"MAZAMARI - PANGOA","institucion":"GOBIERNO REGIONAL","codigoMinsa":21797,"direccion":"CALLE CALLE QUINTIMARI S/N, MZ \"E\" LOTE 14 CCNN SAN JERONIMO NÚMERO S/N DISTRITO PANGOA PROVINCIA SATIPO DEPARTAMENTO JUNIN","disa":"JUNIN","red":"SAN MARTIN DE PANGOA","microrred":"SAN ANTONIO DE SONOMORO","categoria":"ESTABLECIMIENTO DE SALUD SIN INTERNAMIENTO","condicion":"ACTIVO","actualizado":"2023/08/01 19:00:00.000","fuente":"MINSA","urlRenipr":"http://app20.susalud.gob.pe:8080/registro-renipress-webapp/ipress.htm?action=mostrarVer&idipress=00021797"}},{"type":"Feature","geometry":{"type":"Point","coordinates":[-74.40778180999996,-11.524519109999972]},"properties":{"objectid":1408,"nombre":"CIUDAD DE DIOS","departamento":"JUNIN","provincia":"SATIPO","distrito":"MAZAMARI - PANGOA","institucion":"GOBIERNO REGIONAL","codigoMinsa":6880,"direccion":"AVENIDA AV. DEL EJERCITO S/N- ANEXO CIUDAD DE DIOS NÚMERO S/N DISTRITO PANGOA PROVINCIA SATIPO DEPARTAMENTO JUNIN","disa":"JUNIN","red":"SAN MARTIN DE PANGOA","microrred":"SAN ANTONIO DE SONOMORO","categoria":"ESTABLECIMIENTO DE SALUD SIN INTERNAMIENTO","condicion":"ACTIVO","actualizado":"2023/08/01 19:00:00.000","fuente":"MINSA","urlRenipr":"http://app20.susalud.gob.pe:8080/registro-renipress-webapp/ipress.htm?action=mostrarVer&idipress=00006880"}},{"type":"Feature","geometry":{"type":"Point","coordinates":[-75.21592218999996,-12.070015359999957]},"properties":{"objectid":1424,"nombre":"GERIA SALUD","departamento":"JUNIN","provincia":"HUANCAYO","distrito":"HUANCAYO","institucion":"PRIVADO","codigoMinsa":12453,"direccion":"JIRÓN JIRON TACNA 142 DISTRITO HUANCAYO PROVINCIA HUANCAYO DEPARTAMENTO JUNIN","disa":"JUNIN","red":"NO PERTENECE A NINGUNA RED","microrred":"NO PERTENECE A NINGUNA MICRORED","categoria":"ESTABLECIMIENTO DE SALUD SIN INTERNAMIENTO","condicion":"ACTIVO","actualizado":"2023/08/01 19:00:00.000","fuente":"MINSA","urlRenipr":"http://app20.susalud.gob.pe:8080/registro-renipress-webapp/ipress.htm?action=mostrarVer&idipress=00012453"}},{"type":"Feature","geometry":{"type":"Point","coordinates":[-76.21966649999996,-11.362843599999962]},"properties":{"objectid":1592,"nombre":"POSTA MEDICA CORPACANCHA","departamento":"JUNIN","provincia":"YAULI","distrito":"MARCAPOMACOCHA","institucion":"ESSALUD","codigoMinsa":8670,"direccion":"CALLE CALLE S/N UP CORPACANCHA. NÚMERO S/N DISTRITO MARCAPOMACOCHA PROVINCIA YAULI DEPARTAMENTO JUNIN","disa":"JUNIN","red":"NO PERTENECE A NINGUNA RED","microrred":"NO PERTENECE A NINGUNA MICRORED","categoria":"ESTABLECIMIENTO DE SALUD SIN INTERNAMIENTO","condicion":"ACTIVO","actualizado":"2023/08/01 19:00:00.000","fuente":"MINSA","urlRenipr":"http://app20.susalud.gob.pe:8080/registro-renipress-webapp/ipress.htm?action=mostrarVer&idipress=00008670"}},{"type":"Feature","geometry":{"type":"Point","coordinates":[-75.65092633999996,-11.508034709999947]},"properties":{"objectid":1604,"nombre":"HUARICOLCA","departamento":"JUNIN","provincia":"TARMA","distrito":"HUARICOLCA","institucion":"GOBIERNO REGIONAL","codigoMinsa":595,"direccion":"JIRÓN JIRON MANCO CAPAC S/N NÚMERO S/N DISTRITO HUARICOLCA PROVINCIA TARMA DEPARTAMENTO JUNIN","disa":"JUNIN","red":"TARMA","microrred":"TARMA","categoria":"ESTABLECIMIENTO DE SALUD SIN INTERNAMIENTO","condicion":"ACTIVO","actualizado":"2023/08/01 19:00:00.000","fuente":"MINSA","urlRenipr":"http://app20.susalud.gob.pe:8080/registro-renipress-webapp/ipress.htm?action=mostrarVer&idipress=00000595"}},{"type":"Feature","geometry":{"type":"Point","coordinates":[-75.29929282999996,-12.29606113999995]},"properties":{"objectid":1629,"nombre":"CHICCHE","departamento":"JUNIN","provincia":"HUANCAYO","distrito":"CHICCHE","institucion":"GOBIERNO REGIONAL","codigoMinsa":697,"direccion":"AVENIDA AV. DANIEL ALCIDES CARRION S/N NÚMERO S/N DISTRITO CHICCHE PROVINCIA HUANCAYO DEPARTAMENTO JUNIN","disa":"JUNIN","red":"RED DE SALUD CHUPACA","microrred":"VALLE DEL CANIPACO","categoria":"ESTABLECIMIENTO DE SALUD SIN INTERNAMIENTO","condicion":"ACTIVO","actualizado":"2023/08/01 19:00:00.000","fuente":"MINSA","urlRenipr":"http://app20.susalud.gob.pe:8080/registro-renipress-webapp/ipress.htm?action=mostrarVer&idipress=00000697"}},{"type":"Feature","geometry":{"type":"Point","coordinates":[-75.25393017999994,-12.340417049999928]},"properties":{"objectid":1630,"nombre":"CHACAPAMPA","departamento":"JUNIN","provincia":"HUANCAYO","distrito":"CHACAPAMPA","institucion":"GOBIERNO REGIONAL","codigoMinsa":694,"direccion":"AVENIDA CULTURA S/N - BARRIO PEREZ CHACAPAMPA HUANCAYO JUNIN","disa":"JUNIN","red":"RED DE SALUD CHUPACA","microrred":"VALLE DEL CANIPACO","categoria":"ESTABLECIMIENTO DE SALUD SIN INTERNAMIENTO","condicion":"ACTIVO","actualizado":"2023/08/01 19:00:00.000","fuente":"MINSA","urlRenipr":"http://app20.susalud.gob.pe:8080/registro-renipress-webapp/ipress.htm?action=mostrarVer&idipress=00000694"}},{"type":"Feature","geometry":{"type":"Point","coordinates":[-75.40132992999997,-11.997188869999945]},"properties":{"objectid":1631,"nombre":"STA. ROSA DE TISTES","departamento":"JUNIN","provincia":"CONCEPCION","distrito":"CHAMBARA","institucion":"GOBIERNO REGIONAL","codigoMinsa":637,"direccion":"JIRÓN JR. JULIO CASTILLO S/N NÚMERO S/N DISTRITO CHAMBARA PROVINCIA CONCEPCION DEPARTAMENTO JUNIN","disa":"JUNIN","red":"RED DE SALUD CHUPACA","microrred":"HUACHAC","categoria":"ESTABLECIMIENTO DE SALUD SIN INTERNAMIENTO","condicion":"ACTIVO","actualizado":"2023/08/01 19:00:00.000","fuente":"MINSA","urlRenipr":"http://app20.susalud.gob.pe:8080/registro-renipress-webapp/ipress.htm?action=mostrarVer&idipress=00000637"}},{"type":"Feature","geometry":{"type":"Point","coordinates":[-75.40334357999996,-12.028630789999966]},"properties":{"objectid":1632,"nombre":"SAN BLAS","departamento":"JUNIN","provincia":"CONCEPCION","distrito":"CHAMBARA","institucion":"GOBIERNO REGIONAL","codigoMinsa":638,"direccion":"JIRÓN JR. CUNAS S/N NÚMERO S/N DISTRITO CHAMBARA PROVINCIA CONCEPCION DEPARTAMENTO JUNIN","disa":"JUNIN","red":"RED DE SALUD CHUPACA","microrred":"HUACHAC","categoria":"ESTABLECIMIENTO DE SALUD SIN INTERNAMIENTO","condicion":"ACTIVO","actualizado":"2023/08/01 19:00:00.000","fuente":"MINSA","urlRenipr":"http://app20.susalud.gob.pe:8080/registro-renipress-webapp/ipress.htm?action=mostrarVer&idipress=00000638"}},{"type":"Feature","geometry":{"type":"Point","coordinates":[-75.37525635999998,-12.027247169999953]},"properties":{"objectid":1633,"nombre":"CHAMBARA","departamento":"JUNIN","provincia":"CONCEPCION","distrito":"CHAMBARA","institucion":"GOBIERNO REGIONAL","codigoMinsa":636,"direccion":"JIRÓN JR. FRANCISCO BOLOGNESI S/N NÚMERO S/N DISTRITO CHAMBARA PROVINCIA CONCEPCION DEPARTAMENTO JUNIN","disa":"JUNIN","red":"RED DE SALUD CHUPACA","microrred":"HUACHAC","categoria":"ESTABLECIMIENTO DE SALUD SIN INTERNAMIENTO","condicion":"ACTIVO","actualizado":"2023/08/01 19:00:00.000","fuente":"MINSA","urlRenipr":"http://app20.susalud.gob.pe:8080/registro-renipress-webapp/ipress.htm?action=mostrarVer&idipress=00000636"}},{"type":"Feature","geometry":{"type":"Point","coordinates":[-75.21007149999997,-12.068221899999969]},"properties":{"objectid":1684,"nombre":"CLINICA ZARATE","departamento":"JUNIN","provincia":"HUANCAYO","distrito":"HUANCAYO","institucion":"PRIVADO","codigoMinsa":25973,"direccion":"AVENIDA REPUBLICA DE URUGUAY NÚMERO 533 PISO 1 DISTRITO HUANCAYO PROVINCIA HUANCAYO DEPARTAMENTO JUNIN","disa":"JUNIN","red":"NO PERTENECE A NINGUNA RED","microrred":"NO PERTENECE A NINGUNA MICRORED","categoria":"ESTABLECIMIENTO DE SALUD CON INTERNAMIENTO","condicion":"ACTIVO","actualizado":"2023/08/01 19:00:00.000","fuente":"MINSA","urlRenipr":"http://app20.susalud.gob.pe:8080/registro-renipress-webapp/ipress.htm?action=mostrarVer&idipress=00025973"}},{"type":"Feature","geometry":{"type":"Point","coordinates":[-76.12752055999994,-11.593155319999937]},"properties":{"objectid":1828,"nombre":"CENTRO MEDICO ALPAMINA","departamento":"JUNIN","provincia":"YAULI","distrito":"MOROCOCHA","institucion":"PRIVADO","codigoMinsa":10108,"direccion":"CARRETERA KM 149 CARRETERA CENTRAL MOROCOCHA DISTRITO MOROCOCHA PROVINCIA YAULI DEPARTAMENTO JUNIN","disa":"JUNIN","red":"","microrred":"NO PERTENECE A NINGUNA MICRORED","categoria":"ESTABLECIMIENTO DE SALUD SIN INTERNAMIENTO","condicion":"ACTIVO","actualizado":"2023/08/01 19:00:00.000","fuente":"MINSA","urlRenipr":"http://app20.susalud.gob.pe:8080/registro-renipress-webapp/ipress.htm?action=mostrarVer&idipress=00010108"}},{"type":"Feature","geometry":{"type":"Point","coordinates":[-75.20918239999997,-12.069153899999947]},"properties":{"objectid":1831,"nombre":"CONSULTORIO ODONTOLOGICO RAMOS","departamento":"JUNIN","provincia":"HUANCAYO","distrito":"HUANCAYO","institucion":"PRIVADO","codigoMinsa":28674,"direccion":"JIRÓN LIMA N?ERO 237 PISO 2 DISTRITO HUANCAYO PROVINCIA HUANCAYO DEPARTAMENTO JUNIN","disa":"JUNIN","red":"NO PERTENECE A NINGUNA RED","microrred":"NO PERTENECE A NINGUNA MICRORED","categoria":"ESTABLECIMIENTO DE SALUD SIN INTERNAMIENTO","condicion":"ACTIVO","actualizado":"2023/08/01 19:00:00.000","fuente":"MINSA","urlRenipr":"http://app20.susalud.gob.pe:8080/registro-renipress-webapp/ipress.htm?action=mostrarVer&idipress=00028674"}},{"type":"Feature","geometry":{"type":"Point","coordinates":[-75.19139199999995,-12.036922299999958]},"properties":{"objectid":1850,"nombre":"ECOVIDA","departamento":"JUNIN","provincia":"HUANCAYO","distrito":"HUANCAYO","institucion":"PRIVADO","codigoMinsa":27896,"direccion":"AVENIDA CALMELL DEL SOLAR NÚMERO 240 DISTRITO HUANCAYO PROVINCIA HUANCAYO DEPARTAMENTO JUNIN","disa":"JUNIN","red":"NO PERTENECE A NINGUNA RED","microrred":"NO PERTENECE A NINGUNA MICRORED","categoria":"ESTABLECIMIENTO DE SALUD SIN INTERNAMIENTO","condicion":"ACTIVO","actualizado":"2023/08/01 19:00:00.000","fuente":"MINSA","urlRenipr":"http://app20.susalud.gob.pe:8080/registro-renipress-webapp/ipress.htm?action=mostrarVer&idipress=00027896"}},{"type":"Feature","geometry":{"type":"Point","coordinates":[-75.22213739999995,-12.064609299999972]},"properties":{"objectid":1887,"nombre":"CENTRO DE DIAGNOSTICO POR IMAGENES YABAJA","departamento":"JUNIN","provincia":"HUANCAYO","distrito":"EL TAMBO","institucion":"PRIVADO","codigoMinsa":30173,"direccion":"JIRÓN PARRA DEL RIEGO NÚMERO 1349 PISO 1 MANZANA D LOTE 1 URBANIZACIÓN AMBROSIO SALAZAR DISTRITO EL TAMBO PROVINCIA HUANCAYO DEPARTAMENTO JUNIN","disa":"JUNIN","red":"","microrred":"","categoria":"SERVICIO MÉDICO DE APOYO","condicion":"ACTIVO","actualizado":"2023/08/01 19:00:00.000","fuente":"MINSA","urlRenipr":"http://app20.susalud.gob.pe:8080/registro-renipress-webapp/ipress.htm?action=mostrarVer&idipress=00030173"}},{"type":"Feature","geometry":{"type":"Point","coordinates":[-74.67513098999996,-11.00910880999993]},"properties":{"objectid":1890,"nombre":"IMPITATO CASCADA","departamento":"JUNIN","provincia":"CHANCHAMAYO","distrito":"PICHANAQUI","institucion":"GOBIERNO REGIONAL","codigoMinsa":341,"direccion":"CALLE CALLE PERENE S/N NÚMERO S/N DISTRITO PICHANAQUI PROVINCIA CHANCHAMAYO DEPARTAMENTO JUNIN","disa":"JUNIN","red":"PICHANAKI","microrred":"LAS PALMAS","categoria":"ESTABLECIMIENTO DE SALUD SIN INTERNAMIENTO","condicion":"ACTIVO","actualizado":"2023/08/01 19:00:00.000","fuente":"MINSA","urlRenipr":"http://app20.susalud.gob.pe:8080/registro-renipress-webapp/ipress.htm?action=mostrarVer&idipress=00000341"}},{"type":"Feature","geometry":{"type":"Point","coordinates":[-74.82649964999996,-10.90186897999996]},"properties":{"objectid":1891,"nombre":"HUACHIRIKI","departamento":"JUNIN","provincia":"CHANCHAMAYO","distrito":"PICHANAQUI","institucion":"GOBIERNO REGIONAL","codigoMinsa":351,"direccion":"CARRETERA CARRETERA DE PENETRACION DEL ANEXO CENTRO HUACHIRIKI DISTRITO PICHANAQUI PROVINCIA CHANCHAMAYO DEPARTAMENTO JUNIN","disa":"JUNIN","red":"PICHANAKI","microrred":"HUACHIRIKI","categoria":"ESTABLECIMIENTO DE SALUD SIN INTERNAMIENTO","condicion":"ACTIVO","actualizado":"2023/08/01 19:00:00.000","fuente":"MINSA","urlRenipr":"http://app20.susalud.gob.pe:8080/registro-renipress-webapp/ipress.htm?action=mostrarVer&idipress=00000351"}},{"type":"Feature","geometry":{"type":"Point","coordinates":[-74.93988904999998,-10.992032579999943]},"properties":{"objectid":1892,"nombre":"CENTRO CUYANI","departamento":"JUNIN","provincia":"CHANCHAMAYO","distrito":"PICHANAQUI","institucion":"GOBIERNO REGIONAL","codigoMinsa":343,"direccion":"JIRÓN JIRON LOS JARDINES S/N NÚMERO S/N DISTRITO PICHANAQUI PROVINCIA CHANCHAMAYO DEPARTAMENTO JUNIN","disa":"JUNIN","red":"PICHANAKI","microrred":"CUYANI","categoria":"ESTABLECIMIENTO DE SALUD SIN INTERNAMIENTO","condicion":"ACTIVO","actualizado":"2023/08/01 19:00:00.000","fuente":"MINSA","urlRenipr":"http://app20.susalud.gob.pe:8080/registro-renipress-webapp/ipress.htm?action=mostrarVer&idipress=00000343"}},{"type":"Feature","geometry":{"type":"Point","coordinates":[-74.13816126999996,-11.747565189999932]},"properties":{"objectid":1908,"nombre":"LIBERTAD DE ANAPATI","departamento":"JUNIN","provincia":"SATIPO","distrito":"MAZAMARI - PANGOA","institucion":"GOBIERNO REGIONAL","codigoMinsa":21806,"direccion":"AVENIDA AV. VRAE S/N C.P. LIBERTAD DE ANAPATI NÚMERO S/N DISTRITO PANGOA PROVINCIA SATIPO DEPARTAMENTO JUNIN","disa":"JUNIN","red":"SAN MARTIN DE PANGOA","microrred":"CUBANTIA","categoria":"ESTABLECIMIENTO DE SALUD SIN INTERNAMIENTO","condicion":"ACTIVO","actualizado":"2023/08/01 19:00:00.000","fuente":"MINSA","urlRenipr":"http://app20.susalud.gob.pe:8080/registro-renipress-webapp/ipress.htm?action=mostrarVer&idipress=00021806"}},{"type":"Feature","geometry":{"type":"Point","coordinates":[-75.39775042999997,-11.94735720999995]},"properties":{"objectid":1992,"nombre":"QUICHA CHICO","departamento":"JUNIN","provincia":"CONCEPCION","distrito":"ACO","institucion":"GOBIERNO REGIONAL","codigoMinsa":746,"direccion":"AVENIDA GRAU S/N NÚMERO S/N DISTRITO ACO PROVINCIA CONCEPCION DEPARTAMENTO JUNIN","disa":"JUNIN","red":"VALLE DEL MANTARO","microrred":"CONCEPCION","categoria":"ESTABLECIMIENTO DE SALUD SIN INTERNAMIENTO","condicion":"ACTIVO","actualizado":"2023/08/01 19:00:00.000","fuente":"MINSA","urlRenipr":"http://app20.susalud.gob.pe:8080/registro-renipress-webapp/ipress.htm?action=mostrarVer&idipress=00000746"}},{"type":"Feature","geometry":{"type":"Point","coordinates":[-74.82505274999994,-11.647692019999965]},"properties":{"objectid":1993,"nombre":"PUNCO","departamento":"JUNIN","provincia":"CONCEPCION","distrito":"ANDAMARCA","institucion":"GOBIERNO REGIONAL","codigoMinsa":19790,"direccion":"PLAZA PLAZA PRINCIPAL PLAZA PRINCIPAL ANDAMARCA CONCEPCION JUNIN","disa":"JUNIN","red":"VALLE DEL MANTARO","microrred":"COMAS","categoria":"ESTABLECIMIENTO DE SALUD SIN INTERNAMIENTO","condicion":"ACTIVO","actualizado":"2023/08/01 19:00:00.000","fuente":"MINSA","urlRenipr":"http://app20.susalud.gob.pe:8080/registro-renipress-webapp/ipress.htm?action=mostrarVer&idipress=00019790"}},{"type":"Feature","geometry":{"type":"Point","coordinates":[-75.31124062999999,-11.92220883999994]},"properties":{"objectid":1995,"nombre":"DAVID GUERRERO DUARTE","departamento":"JUNIN","provincia":"CONCEPCION","distrito":"CONCEPCION","institucion":"GOBIERNO REGIONAL","codigoMinsa":671,"direccion":"JIRÓN JR. NUEVE DE JULIO S/N NÚMERO S/N DISTRITO CONCEPCION PROVINCIA CONCEPCION DEPARTAMENTO JUNIN","disa":"JUNIN","red":"VALLE DEL MANTARO","microrred":"CONCEPCION","categoria":"ESTABLECIMIENTO DE SALUD CON INTERNAMIENTO","condicion":"ACTIVO","actualizado":"2023/08/01 19:00:00.000","fuente":"MINSA","urlRenipr":"http://app20.susalud.gob.pe:8080/registro-renipress-webapp/ipress.htm?action=mostrarVer&idipress=00000671"}},{"type":"Feature","geometry":{"type":"Point","coordinates":[-75.18231708999997,-12.136123569999938]},"properties":{"objectid":1996,"nombre":"COCHARCAS","departamento":"JUNIN","provincia":"HUANCAYO","distrito":"SAPALLANGA","institucion":"GOBIERNO REGIONAL","codigoMinsa":631,"direccion":"AVENIDA AV. 15 DE SETIEMBRE S/N - COCHARCAS NÚMERO S/N DISTRITO SAPALLANGA PROVINCIA HUANCAYO DEPARTAMENTO JUNIN","disa":"JUNIN","red":"VALLE DEL MANTARO","microrred":"CHILCA","categoria":"ESTABLECIMIENTO DE SALUD SIN INTERNAMIENTO","condicion":"ACTIVO","actualizado":"2023/08/01 19:00:00.000","fuente":"MINSA","urlRenipr":"http://app20.susalud.gob.pe:8080/registro-renipress-webapp/ipress.htm?action=mostrarVer&idipress=00000631"}},{"type":"Feature","geometry":{"type":"Point","coordinates":[-75.71716571999997,-11.763193629999932]},"properties":{"objectid":2015,"nombre":"EL ROSARIO","departamento":"JUNIN","provincia":"JAUJA","distrito":"CURICACA","institucion":"GOBIERNO REGIONAL","codigoMinsa":425,"direccion":"AVENIDA AV. SAN RAMON CASTILLA S/N BARRIO SN FRANCISCO NÚMERO S/N DISTRITO CURICACA PROVINCIA JAUJA DEPARTAMENTO JUNIN","disa":"JUNIN","red":"JAUJA","microrred":"QUEBRADA DEL MANTARO","categoria":"ESTABLECIMIENTO DE SALUD SIN INTERNAMIENTO","condicion":"ACTIVO","actualizado":"2023/08/01 19:00:00.000","fuente":"MINSA","urlRenipr":"http://app20.susalud.gob.pe:8080/registro-renipress-webapp/ipress.htm?action=mostrarVer&idipress=00000425"}},{"type":"Feature","geometry":{"type":"Point","coordinates":[-75.38335946999996,-11.849657819999948]},"properties":{"objectid":2016,"nombre":"SAN LORENZO","departamento":"JUNIN","provincia":"JAUJA","distrito":"SAN LORENZO","institucion":"GOBIERNO REGIONAL","codigoMinsa":416,"direccion":"CARRETERA CARRETERA CENTRAL S/N BARRIO CENTRO NÚMERO S/N DISTRITO SAN LORENZO PROVINCIA JAUJA DEPARTAMENTO JUNIN","disa":"JUNIN","red":"JAUJA","microrred":"MARGEN IZQUIERDA","categoria":"ESTABLECIMIENTO DE SALUD SIN INTERNAMIENTO","condicion":"ACTIVO","actualizado":"2023/08/01 19:00:00.000","fuente":"MINSA","urlRenipr":"http://app20.susalud.gob.pe:8080/registro-renipress-webapp/ipress.htm?action=mostrarVer&idipress=00000416"}},{"type":"Feature","geometry":{"type":"Point","coordinates":[-76.08748940999999,-11.66810855999995]},"properties":{"objectid":2017,"nombre":"YAULI- LA OROYA","departamento":"JUNIN","provincia":"YAULI","distrito":"YAULI","institucion":"GOBIERNO REGIONAL","codigoMinsa":567,"direccion":"JIRÓN JR. GRAU Nº 325 JR. GRAU Nº 325 YAULI YAULI JUNIN","disa":"JUNIN","red":"JAUJA","microrred":"YAULI-OROYA","categoria":"ESTABLECIMIENTO DE SALUD SIN INTERNAMIENTO","condicion":"ACTIVO","actualizado":"2023/08/01 19:00:00.000","fuente":"MINSA","urlRenipr":"http://app20.susalud.gob.pe:8080/registro-renipress-webapp/ipress.htm?action=mostrarVer&idipress=00000567"}},{"type":"Feature","geometry":{"type":"Point","coordinates":[-75.86741143999996,-11.080721809999943]},"properties":{"objectid":2037,"nombre":"SHALACANCHA","departamento":"JUNIN","provincia":"JUNIN","distrito":"ULCUMAYO","institucion":"GOBIERNO REGIONAL","codigoMinsa":554,"direccion":"PLAZA PLAZA PRINCIPAL , CPM SHALACANCHA DISTRITO ULCUMAYO PROVINCIA JUNIN DEPARTAMENTO JUNIN","disa":"JUNIN","red":"JUNIN","microrred":"JUNIN","categoria":"ESTABLECIMIENTO DE SALUD SIN INTERNAMIENTO","condicion":"ACTIVO","actualizado":"2023/08/01 19:00:00.000","fuente":"MINSA","urlRenipr":"http://app20.susalud.gob.pe:8080/registro-renipress-webapp/ipress.htm?action=mostrarVer&idipress=00000554"}},{"type":"Feature","geometry":{"type":"Point","coordinates":[-75.76030666999998,-10.831778329999963]},"properties":{"objectid":2038,"nombre":"JACHAHUANCA","departamento":"JUNIN","provincia":"JUNIN","distrito":"ULCUMAYO","institucion":"GOBIERNO REGIONAL","codigoMinsa":540,"direccion":"OTROS BARRIO CENTRO JACHAHUANCA DISTRITO ULCUMAYO PROVINCIA JUNIN DEPARTAMENTO JUNIN","disa":"JUNIN","red":"JUNIN","microrred":"CARHUAMAYO","categoria":"ESTABLECIMIENTO DE SALUD SIN INTERNAMIENTO","condicion":"ACTIVO","actualizado":"2023/08/01 19:00:00.000","fuente":"MINSA","urlRenipr":"http://app20.susalud.gob.pe:8080/registro-renipress-webapp/ipress.htm?action=mostrarVer&idipress=00000540"}},{"type":"Feature","geometry":{"type":"Point","coordinates":[-75.53260999999998,-10.747414999999933]},"properties":{"objectid":2039,"nombre":"LLAUPI","departamento":"JUNIN","provincia":"JUNIN","distrito":"ULCUMAYO","institucion":"GOBIERNO REGIONAL","codigoMinsa":538,"direccion":"PLAZA PLAZA .CENTRO POBLADO LLAUPI DISTRITO ULCUMAYO PROVINCIA JUNIN DEPARTAMENTO JUNIN","disa":"JUNIN","red":"JUNIN","microrred":"CARHUAMAYO","categoria":"ESTABLECIMIENTO DE SALUD SIN INTERNAMIENTO","condicion":"ACTIVO","actualizado":"2023/08/01 19:00:00.000","fuente":"MINSA","urlRenipr":"http://app20.susalud.gob.pe:8080/registro-renipress-webapp/ipress.htm?action=mostrarVer&idipress=00000538"}},{"type":"Feature","geometry":{"type":"Point","coordinates":[-75.24216328999995,-12.086829469999941]},"properties":{"objectid":2108,"nombre":"CENTRO DE SALUD SANTA FE","departamento":"JUNIN","provincia":"CHUPACA","distrito":"HUAMANCACA CHICO","institucion":"INPE","codigoMinsa":18454,"direccion":"AVENIDA AV. 28 DE JULIO S/N NÚMERO S/N DISTRITO HUAMANCACA CHICO PROVINCIA CHUPACA DEPARTAMENTO JUNIN","disa":"JUNIN","red":"NO PERTENECE A NINGUNA RED","microrred":"NO PERTENECE A NINGUNA MICRORED","categoria":"ESTABLECIMIENTO DE SALUD SIN INTERNAMIENTO","condicion":"ACTIVO","actualizado":"2023/08/01 19:00:00.000","fuente":"MINSA","urlRenipr":"http://app20.susalud.gob.pe:8080/registro-renipress-webapp/ipress.htm?action=mostrarVer&idipress=00018454"}},{"type":"Feature","geometry":{"type":"Point","coordinates":[-75.21899166999998,-12.06330166999993]},"properties":{"objectid":2190,"nombre":"CLINICA CAYETANO HEREDIA","departamento":"JUNIN","provincia":"HUANCAYO","distrito":"EL TAMBO","institucion":"PRIVADO","codigoMinsa":8024,"direccion":"AVENIDA AV.HUANCAVELICA NRO.745 JUNIN-HUANCAYO-EL TAMBO DISTRITO EL TAMBO PROVINCIA HUANCAYO DEPARTAMENTO JUNIN","disa":"JUNIN","red":"NO PERTENECE A NINGUNA RED","microrred":"NO PERTENECE A NINGUNA MICRORED","categoria":"ESTABLECIMIENTO DE SALUD CON INTERNAMIENTO","condicion":"ACTIVO","actualizado":"2023/08/01 19:00:00.000","fuente":"MINSA","urlRenipr":"http://app20.susalud.gob.pe:8080/registro-renipress-webapp/ipress.htm?action=mostrarVer&idipress=00008024"}},{"type":"Feature","geometry":{"type":"Point","coordinates":[-75.21030295999998,-12.069627159999982]},"properties":{"objectid":2455,"nombre":"OPTICA ROMA","departamento":"JUNIN","provincia":"HUANCAYO","distrito":"HUANCAYO","institucion":"PRIVADO","codigoMinsa":13142,"direccion":"JIRÓN JR.LIMA 354 INT 105 DISTRITO HUANCAYO PROVINCIA HUANCAYO DEPARTAMENTO JUNIN","disa":"JUNIN","red":"NO PERTENECE A NINGUNA RED","microrred":"NO PERTENECE A NINGUNA MICRORED","categoria":"SERVICIO MÉDICO DE APOYO","condicion":"ACTIVO","actualizado":"2023/08/01 19:00:00.000","fuente":"MINSA","urlRenipr":"http://app20.susalud.gob.pe:8080/registro-renipress-webapp/ipress.htm?action=mostrarVer&idipress=00013142"}},{"type":"Feature","geometry":{"type":"Point","coordinates":[-75.21645731999996,-12.055801419999966]},"properties":{"objectid":2604,"nombre":"CLINICA OFTALMOLOGICA DEL CENTRO DEL PERU","departamento":"JUNIN","provincia":"HUANCAYO","distrito":"EL TAMBO","institucion":"PRIVADO","codigoMinsa":10250,"direccion":"JIRÓN JR ROSEMBERG Nª 427 DISTRITO EL TAMBO PROVINCIA HUANCAYO DEPARTAMENTO JUNIN","disa":"JUNIN","red":"NO PERTENECE A NINGUNA RED","microrred":"NO PERTENECE A NINGUNA MICRORED","categoria":"ESTABLECIMIENTO DE SALUD CON INTERNAMIENTO","condicion":"ACTIVO","actualizado":"2023/08/01 19:00:00.000","fuente":"MINSA","urlRenipr":"http://app20.susalud.gob.pe:8080/registro-renipress-webapp/ipress.htm?action=mostrarVer&idipress=00010250"}},{"type":"Feature","geometry":{"type":"Point","coordinates":[-75.83422958999995,-11.277616019999925]},"properties":{"objectid":2619,"nombre":"PURHUARACRA","departamento":"JUNIN","provincia":"TARMA","distrito":"SAN PEDRO DE CAJAS","institucion":"GOBIERNO REGIONAL","codigoMinsa":10344,"direccion":"CALLE CALLE PRINCIPAL COSTADO DE ESTADIO DISTRITO SAN PEDRO DE CAJAS PROVINCIA TARMA DEPARTAMENTO JUNIN","disa":"JUNIN","red":"TARMA","microrred":"ACOBAMBA","categoria":"ESTABLECIMIENTO DE SALUD SIN INTERNAMIENTO","condicion":"ACTIVO","actualizado":"2023/08/01 19:00:00.000","fuente":"MINSA","urlRenipr":"http://app20.susalud.gob.pe:8080/registro-renipress-webapp/ipress.htm?action=mostrarVer&idipress=00010344"}},{"type":"Feature","geometry":{"type":"Point","coordinates":[-75.69123186999997,-11.252506709999977]},"properties":{"objectid":2620,"nombre":"SAN JUAN DE LA LIBERTAD","departamento":"JUNIN","provincia":"TARMA","distrito":"HUASAHUASI","institucion":"GOBIERNO REGIONAL","codigoMinsa":546,"direccion":"OTROS BARRIO LIBERTAD S/N CARRETERRA CENTRAL/ CENTRO POBLADO MENOR DE SAN JUAN DE LA LIBERTAD NÚMERO S/N DISTRITO HUASAHUASI PROVINCIA TARMA DEPARTAMENTO JUNIN","disa":"JUNIN","red":"TARMA","microrred":"HUASAHUASI","categoria":"ESTABLECIMIENTO DE SALUD SIN INTERNAMIENTO","condicion":"ACTIVO","actualizado":"2023/08/01 19:00:00.000","fuente":"MINSA","urlRenipr":"http://app20.susalud.gob.pe:8080/registro-renipress-webapp/ipress.htm?action=mostrarVer&idipress=00000546"}},{"type":"Feature","geometry":{"type":"Point","coordinates":[-75.69354772999998,-11.323390599999982]},"properties":{"objectid":2622,"nombre":"PICOY","departamento":"JUNIN","provincia":"TARMA","distrito":"ACOBAMBA","institucion":"GOBIERNO REGIONAL","codigoMinsa":522,"direccion":"CALLE CALLE LIMA S/N NÚMERO S/N DISTRITO ACOBAMBA PROVINCIA TARMA DEPARTAMENTO JUNIN","disa":"JUNIN","red":"TARMA","microrred":"ACOBAMBA","categoria":"ESTABLECIMIENTO DE SALUD SIN INTERNAMIENTO","condicion":"ACTIVO","actualizado":"2023/08/01 19:00:00.000","fuente":"MINSA","urlRenipr":"http://app20.susalud.gob.pe:8080/registro-renipress-webapp/ipress.htm?action=mostrarVer&idipress=00000522"}},{"type":"Feature","geometry":{"type":"Point","coordinates":[-75.78314321999994,-11.417500619999942]},"properties":{"objectid":2624,"nombre":"COCHAS","departamento":"JUNIN","provincia":"TARMA","distrito":"TARMA","institucion":"GOBIERNO REGIONAL","codigoMinsa":585,"direccion":"CALLE CALLE CERRO DE PASCO S/N COCHAS ALTO NÚMERO S/N DISTRITO TARMA PROVINCIA TARMA DEPARTAMENTO JUNIN","disa":"JUNIN","red":"TARMA","microrred":"TARMA","categoria":"ESTABLECIMIENTO DE SALUD SIN INTERNAMIENTO","condicion":"ACTIVO","actualizado":"2023/08/01 19:00:00.000","fuente":"MINSA","urlRenipr":"http://app20.susalud.gob.pe:8080/registro-renipress-webapp/ipress.htm?action=mostrarVer&idipress=00000585"}},{"type":"Feature","geometry":{"type":"Point","coordinates":[-75.21246201999998,-12.074141169999962]},"properties":{"objectid":2640,"nombre":"SONRIE ODONTOLOGIA INTEGRAL","departamento":"JUNIN","provincia":"HUANCAYO","distrito":"HUANCAYO","institucion":"PRIVADO","codigoMinsa":15731,"direccion":"AVENIDA AVENIDA HUANCAVELICA Nº 876 DISTRITO HUANCAYO PROVINCIA HUANCAYO DEPARTAMENTO JUNIN","disa":"JUNIN","red":"NO PERTENECE A NINGUNA RED","microrred":"NO PERTENECE A NINGUNA MICRORED","categoria":"ESTABLECIMIENTO DE SALUD SIN INTERNAMIENTO","condicion":"ACTIVO","actualizado":"2023/08/01 19:00:00.000","fuente":"MINSA","urlRenipr":"http://app20.susalud.gob.pe:8080/registro-renipress-webapp/ipress.htm?action=mostrarVer&idipress=00015731"}},{"type":"Feature","geometry":{"type":"Point","coordinates":[-75.24038832999997,-11.041456669999945]},"properties":{"objectid":2889,"nombre":"VILLA DORADA","departamento":"JUNIN","provincia":"CHANCHAMAYO","distrito":"CHANCHAMAYO","institucion":"GOBIERNO REGIONAL","codigoMinsa":310,"direccion":"AVENIDA AV, 21 COLONOS DISTRITO CHANCHAMAYO PROVINCIA CHANCHAMAYO DEPARTAMENTO JUNIN","disa":"JUNIN","red":"CHANCHAMAYO","microrred":"PERENE","categoria":"ESTABLECIMIENTO DE SALUD SIN INTERNAMIENTO","condicion":"ACTIVO","actualizado":"2023/08/01 19:00:00.000","fuente":"MINSA","urlRenipr":"http://app20.susalud.gob.pe:8080/registro-renipress-webapp/ipress.htm?action=mostrarVer&idipress=00000310"}},{"type":"Feature","geometry":{"type":"Point","coordinates":[-75.22714999999994,-10.946734999999933]},"properties":{"objectid":2890,"nombre":"VILLA PERENE","departamento":"JUNIN","provincia":"CHANCHAMAYO","distrito":"PERENE","institucion":"GOBIERNO REGIONAL","codigoMinsa":318,"direccion":"JIRÓN JR UCAYALI MZ K SEGUNDA MESETA DISTRITO PERENE PROVINCIA CHANCHAMAYO DEPARTAMENTO JUNIN","disa":"JUNIN","red":"CHANCHAMAYO","microrred":"PERENE","categoria":"ESTABLECIMIENTO DE SALUD CON INTERNAMIENTO","condicion":"ACTIVO","actualizado":"2023/08/01 19:00:00.000","fuente":"MINSA","urlRenipr":"http://app20.susalud.gob.pe:8080/registro-renipress-webapp/ipress.htm?action=mostrarVer&idipress=00000318"}},{"type":"Feature","geometry":{"type":"Point","coordinates":[-74.93425523999997,-11.039335639999933]},"properties":{"objectid":2891,"nombre":"ANDRES AVELINO CACERES","departamento":"JUNIN","provincia":"CHANCHAMAYO","distrito":"PICHANAQUI","institucion":"GOBIERNO REGIONAL","codigoMinsa":353,"direccion":"OTROS CENTRO POBLADO MENOR ANDRES AVELINO CACERES DISTRITO PICHANAQUI PROVINCIA CHANCHAMAYO DEPARTAMENTO JUNIN","disa":"JUNIN","red":"PICHANAKI","microrred":"CUYANI","categoria":"ESTABLECIMIENTO DE SALUD SIN INTERNAMIENTO","condicion":"ACTIVO","actualizado":"2023/08/01 19:00:00.000","fuente":"MINSA","urlRenipr":"http://app20.susalud.gob.pe:8080/registro-renipress-webapp/ipress.htm?action=mostrarVer&idipress=00000353"}},{"type":"Feature","geometry":{"type":"Point","coordinates":[-75.18371666999997,-10.863413329999958]},"properties":{"objectid":2892,"nombre":"ALTO YAPAZ","departamento":"JUNIN","provincia":"CHANCHAMAYO","distrito":"SAN LUIS DE SHUARO","institucion":"GOBIERNO REGIONAL","codigoMinsa":336,"direccion":"PLAZA PLAZA DEL ANEXO ALTO YAPAZ DISTRITO SAN LUIS DE SHUARO PROVINCIA CHANCHAMAYO DEPARTAMENTO JUNIN","disa":"JUNIN","red":"CHANCHAMAYO","microrred":"PERENE","categoria":"ESTABLECIMIENTO DE SALUD SIN INTERNAMIENTO","condicion":"ACTIVO","actualizado":"2023/08/01 19:00:00.000","fuente":"MINSA","urlRenipr":"http://app20.susalud.gob.pe:8080/registro-renipress-webapp/ipress.htm?action=mostrarVer&idipress=00000336"}},{"type":"Feature","geometry":{"type":"Point","coordinates":[-74.95902166999997,-10.881003329999942]},"properties":{"objectid":2893,"nombre":"CHURINGAVENI","departamento":"JUNIN","provincia":"CHANCHAMAYO","distrito":"PERENE","institucion":"GOBIERNO REGIONAL","codigoMinsa":328,"direccion":"PLAZA PLAZA DE LA COMUNIDAD NATIVA CHURINGAVENI DISTRITO PERENE PROVINCIA CHANCHAMAYO DEPARTAMENTO JUNIN","disa":"JUNIN","red":"CHANCHAMAYO","microrred":"PERENE","categoria":"ESTABLECIMIENTO DE SALUD SIN INTERNAMIENTO","condicion":"ACTIVO","actualizado":"2023/08/01 19:00:00.000","fuente":"MINSA","urlRenipr":"http://app20.susalud.gob.pe:8080/registro-renipress-webapp/ipress.htm?action=mostrarVer&idipress=00000328"}},{"type":"Feature","geometry":{"type":"Point","coordinates":[-74.99909999999994,-10.80893666999998]},"properties":{"objectid":2894,"nombre":"LOS ANGELES DE UBIRIKI","departamento":"JUNIN","provincia":"CHANCHAMAYO","distrito":"PERENE","institucion":"GOBIERNO REGIONAL","codigoMinsa":324,"direccion":"CALLE CALLE LOS FUNDADORES S/N DEL ANEXO LOS ANGELES DE UBIRIKI NÚMERO S/N DISTRITO PERENE PROVINCIA CHANCHAMAYO DEPARTAMENTO JUNIN","disa":"JUNIN","red":"CHANCHAMAYO","microrred":"PERENE","categoria":"ESTABLECIMIENTO DE SALUD SIN INTERNAMIENTO","condicion":"ACTIVO","actualizado":"2023/08/01 19:00:00.000","fuente":"MINSA","urlRenipr":"http://app20.susalud.gob.pe:8080/registro-renipress-webapp/ipress.htm?action=mostrarVer&idipress=00000324"}},{"type":"Feature","geometry":{"type":"Point","coordinates":[-75.21581709999998,-12.057947899999931]},"properties":{"objectid":2932,"nombre":"MEDICOS SALUD","departamento":"JUNIN","provincia":"HUANCAYO","distrito":"EL TAMBO","institucion":"PRIVADO","codigoMinsa":21600,"direccion":"JIRÓN JR. 2 DE MAYO 557 EL TAMBO DISTRITO EL TAMBO PROVINCIA HUANCAYO DEPARTAMENTO JUNIN","disa":"JUNIN","red":"","microrred":"","categoria":"ESTABLECIMIENTO DE SALUD SIN INTERNAMIENTO","condicion":"ACTIVO","actualizado":"2023/08/01 19:00:00.000","fuente":"MINSA","urlRenipr":"http://app20.susalud.gob.pe:8080/registro-renipress-webapp/ipress.htm?action=mostrarVer&idipress=00021600"}},{"type":"Feature","geometry":{"type":"Point","coordinates":[-75.33135803999994,-11.057995539999979]},"properties":{"objectid":3177,"nombre":"CENTRO MEDICO ODONTOLÓGICO JC","departamento":"JUNIN","provincia":"CHANCHAMAYO","distrito":"CHANCHAMAYO","institucion":"PRIVADO","codigoMinsa":24483,"direccion":"PASAJE SAN JUAN NÚMERO 144 DISTRITO CHANCHAMAYO PROVINCIA CHANCHAMAYO DEPARTAMENTO JUNIN","disa":"JUNIN","red":"NO PERTENECE A NINGUNA RED","microrred":"NO PERTENECE A NINGUNA MICRORED","categoria":"ESTABLECIMIENTO DE SALUD SIN INTERNAMIENTO","condicion":"ACTIVO","actualizado":"2023/08/01 19:00:00.000","fuente":"MINSA","urlRenipr":"http://app20.susalud.gob.pe:8080/registro-renipress-webapp/ipress.htm?action=mostrarVer&idipress=00024483"}},{"type":"Feature","geometry":{"type":"Point","coordinates":[-75.22174074999998,-12.073140389999935]},"properties":{"objectid":3307,"nombre":"HOSPITAL REGIONAL DOCENTE CLINICO QUIRURGICO DANIEL ALCIDES CARRION","departamento":"JUNIN","provincia":"HUANCAYO","distrito":"HUANCAYO","institucion":"GOBIERNO REGIONAL","codigoMinsa":753,"direccion":"AVENIDA AV. DANIEL A.CARRION Nº 1552-1556 DISTRITO HUANCAYO PROVINCIA HUANCAYO DEPARTAMENTO JUNIN","disa":"JUNIN","red":"NO PERTENECE A NINGUNA RED","microrred":"NO PERTENECE A NINGUNA MICRORED","categoria":"ESTABLECIMIENTO DE SALUD CON INTERNAMIENTO","condicion":"ACTIVO","actualizado":"2023/08/01 19:00:00.000","fuente":"MINSA","urlRenipr":"http://app20.susalud.gob.pe:8080/registro-renipress-webapp/ipress.htm?action=mostrarVer&idipress=00000753"}},{"type":"Feature","geometry":{"type":"Point","coordinates":[-75.20535227999994,-12.08265739999996]},"properties":{"objectid":3423,"nombre":"CENTRO MEDICO NUEVO HORIZONTE","departamento":"JUNIN","provincia":"HUANCAYO","distrito":"CHILCA","institucion":"PRIVADO","codigoMinsa":26821,"direccion":"AVENIDA ARTERIAL (FUNCIONA EN EL 1ER Y 2DO PISO) NÚMERO 212 DISTRITO CHILCA PROVINCIA HUANCAYO DEPARTAMENTO JUNIN","disa":"JUNIN","red":"NO PERTENECE A NINGUNA RED","microrred":"NO PERTENECE A NINGUNA MICRORED","categoria":"ESTABLECIMIENTO DE SALUD SIN INTERNAMIENTO","condicion":"ACTIVO","actualizado":"2023/08/01 19:00:00.000","fuente":"MINSA","urlRenipr":"http://app20.susalud.gob.pe:8080/registro-renipress-webapp/ipress.htm?action=mostrarVer&idipress=00026821"}},{"type":"Feature","geometry":{"type":"Point","coordinates":[-74.37989611999996,-11.57364862999998]},"properties":{"objectid":3513,"nombre":"JERUSALEN DE MIÑARO DE NOMESTSIGUENGA","departamento":"JUNIN","provincia":"SATIPO","distrito":"MAZAMARI - PANGOA","institucion":"GOBIERNO REGIONAL","codigoMinsa":455,"direccion":"OTROS COMUNIDAD DE JERUSALEN DE MIÑARO DISTRITO PANGOA PROVINCIA SATIPO DEPARTAMENTO JUNIN","disa":"JUNIN","red":"SAN MARTIN DE PANGOA","microrred":"CUBANTIA","categoria":"ESTABLECIMIENTO DE SALUD SIN INTERNAMIENTO","condicion":"ACTIVO","actualizado":"2023/08/01 19:00:00.000","fuente":"MINSA","urlRenipr":"http://app20.susalud.gob.pe:8080/registro-renipress-webapp/ipress.htm?action=mostrarVer&idipress=00000455"}},{"type":"Feature","geometry":{"type":"Point","coordinates":[-74.92559035999994,-11.50435718999995]},"properties":{"objectid":3518,"nombre":"TOLDOPAMPA","departamento":"JUNIN","provincia":"SATIPO","distrito":"PAMPA HERMOSA","institucion":"GOBIERNO REGIONAL","codigoMinsa":6876,"direccion":"CARRETERA CARRETERA ANTIGUA HUANCAYO - TOLDOPAMPA DISTRITO PAMPA HERMOSA PROVINCIA SATIPO DEPARTAMENTO JUNIN","disa":"JUNIN","red":"SATIPO","microrred":"RIO NEGRO-SATIPO","categoria":"ESTABLECIMIENTO DE SALUD SIN INTERNAMIENTO","condicion":"ACTIVO","actualizado":"2023/08/01 19:00:00.000","fuente":"MINSA","urlRenipr":"http://app20.susalud.gob.pe:8080/registro-renipress-webapp/ipress.htm?action=mostrarVer&idipress=00006876"}},{"type":"Feature","geometry":{"type":"Point","coordinates":[-74.82176761999995,-11.507861409999975]},"properties":{"objectid":3519,"nombre":"APALLA CALABAZA","departamento":"JUNIN","provincia":"SATIPO","distrito":"PAMPA HERMOSA","institucion":"GOBIERNO REGIONAL","codigoMinsa":494,"direccion":"CARRETERA CARRETERA ANTIGUA SATIPO HUANCAYO CALABAZA DISTRITO PAMPA HERMOSA PROVINCIA SATIPO DEPARTAMENTO JUNIN","disa":"JUNIN","red":"SATIPO","microrred":"RIO NEGRO-SATIPO","categoria":"ESTABLECIMIENTO DE SALUD SIN INTERNAMIENTO","condicion":"ACTIVO","actualizado":"2023/08/01 19:00:00.000","fuente":"MINSA","urlRenipr":"http://app20.susalud.gob.pe:8080/registro-renipress-webapp/ipress.htm?action=mostrarVer&idipress=00000494"}},{"type":"Feature","geometry":{"type":"Point","coordinates":[-74.55484552999997,-11.170181929999956]},"properties":{"objectid":3520,"nombre":"SANTO DOMINGO DE MARANKIARI","departamento":"JUNIN","provincia":"SATIPO","distrito":"SATIPO","institucion":"GOBIERNO REGIONAL","codigoMinsa":479,"direccion":"CARRETERA CARRETERA PRINCIPAL S/N STO DOMINGO DE MARANKIARI NÚMERO S/N DISTRITO SATIPO PROVINCIA SATIPO DEPARTAMENTO JUNIN","disa":"JUNIN","red":"SATIPO","microrred":"RIO NEGRO-SATIPO","categoria":"ESTABLECIMIENTO DE SALUD SIN INTERNAMIENTO","condicion":"ACTIVO","actualizado":"2023/08/01 19:00:00.000","fuente":"MINSA","urlRenipr":"http://app20.susalud.gob.pe:8080/registro-renipress-webapp/ipress.htm?action=mostrarVer&idipress=00000479"}},{"type":"Feature","geometry":{"type":"Point","coordinates":[-74.57765691999998,-11.33662107999993]},"properties":{"objectid":3521,"nombre":"PUEBLO LIBRE DE PAURIALI","departamento":"JUNIN","provincia":"SATIPO","distrito":"MAZAMARI - PANGOA","institucion":"GOBIERNO REGIONAL","codigoMinsa":436,"direccion":"OTROS COMUNIDAD DE PAURELI DISTRITO MAZAMARI PROVINCIA SATIPO DEPARTAMENTO JUNIN","disa":"JUNIN","red":"SATIPO","microrred":"MAZAMARI","categoria":"ESTABLECIMIENTO DE SALUD SIN INTERNAMIENTO","condicion":"ACTIVO","actualizado":"2023/08/01 19:00:00.000","fuente":"MINSA","urlRenipr":"http://app20.susalud.gob.pe:8080/registro-renipress-webapp/ipress.htm?action=mostrarVer&idipress=00000436"}},{"type":"Feature","geometry":{"type":"Point","coordinates":[-74.57199300999997,-11.256783189999965]},"properties":{"objectid":3522,"nombre":"SANIBENI","departamento":"JUNIN","provincia":"SATIPO","distrito":"SATIPO","institucion":"GOBIERNO REGIONAL","codigoMinsa":483,"direccion":"OTROS CENTRO POBLADO SANIBENI DISTRITO SATIPO PROVINCIA SATIPO DEPARTAMENTO JUNIN","disa":"JUNIN","red":"SATIPO","microrred":"RIO NEGRO-SATIPO","categoria":"ESTABLECIMIENTO DE SALUD SIN INTERNAMIENTO","condicion":"ACTIVO","actualizado":"2023/08/01 19:00:00.000","fuente":"MINSA","urlRenipr":"http://app20.susalud.gob.pe:8080/registro-renipress-webapp/ipress.htm?action=mostrarVer&idipress=00000483"}},{"type":"Feature","geometry":{"type":"Point","coordinates":[-74.68829713999997,-11.329232439999942]},"properties":{"objectid":3523,"nombre":"SAN ANDRES","departamento":"JUNIN","provincia":"SATIPO","distrito":"COVIRIALI","institucion":"GOBIERNO REGIONAL","codigoMinsa":488,"direccion":"OTROS COMUNIDAD SAN ANDRES DISTRITO COVIRIALI PROVINCIA SATIPO DEPARTAMENTO JUNIN","disa":"JUNIN","red":"SATIPO","microrred":"RIO NEGRO-SATIPO","categoria":"ESTABLECIMIENTO DE SALUD SIN INTERNAMIENTO","condicion":"ACTIVO","actualizado":"2023/08/01 19:00:00.000","fuente":"MINSA","urlRenipr":"http://app20.susalud.gob.pe:8080/registro-renipress-webapp/ipress.htm?action=mostrarVer&idipress=00000488"}},{"type":"Feature","geometry":{"type":"Point","coordinates":[-74.49186634999995,-11.553566749999959]},"properties":{"objectid":3528,"nombre":"SAN JUAN DE PUEBLO LIBRE","departamento":"JUNIN","provincia":"SATIPO","distrito":"MAZAMARI - PANGOA","institucion":"GOBIERNO REGIONAL","codigoMinsa":21802,"direccion":"AVENIDA AV. ATAHUALPA, JR. BABILON S/N, MZ. \"E\" NÚMERO S/N DISTRITO PANGOA PROVINCIA SATIPO DEPARTAMENTO JUNIN","disa":"JUNIN","red":"SAN MARTIN DE PANGOA","microrred":"CUBANTIA","categoria":"ESTABLECIMIENTO DE SALUD SIN INTERNAMIENTO","condicion":"ACTIVO","actualizado":"2023/08/01 19:00:00.000","fuente":"MINSA","urlRenipr":"http://app20.susalud.gob.pe:8080/registro-renipress-webapp/ipress.htm?action=mostrarVer&idipress=00021802"}},{"type":"Feature","geometry":{"type":"Point","coordinates":[-74.21697788999995,-11.796718909999981]},"properties":{"objectid":3529,"nombre":"MATERENI","departamento":"JUNIN","provincia":"SATIPO","distrito":"MAZAMARI - PANGOA","institucion":"GOBIERNO REGIONAL","codigoMinsa":451,"direccion":"AVENIDA AV. AVIACION S/N - CC.NN. MATARENI N?ERO S/N DISTRITO PANGOA PROVINCIA SATIPO DEPARTAMENTO JUNIN","disa":"JUNIN","red":"SAN MARTIN DE PANGOA","microrred":"CUBANTIA","categoria":"ESTABLECIMIENTO DE SALUD SIN INTERNAMIENTO","condicion":"ACTIVO","actualizado":"2023/08/01 19:00:00.000","fuente":"MINSA","urlRenipr":"http://app20.susalud.gob.pe:8080/registro-renipress-webapp/ipress.htm?action=mostrarVer&idipress=00000451"}},{"type":"Feature","geometry":{"type":"Point","coordinates":[-75.21531579999998,-12.060255299999938]},"properties":{"objectid":3690,"nombre":"CHENET CLINICA ESPECIALIZADA","departamento":"JUNIN","provincia":"HUANCAYO","distrito":"EL TAMBO","institucion":"PRIVADO","codigoMinsa":27694,"direccion":"CALLE REAL 612 1 INTERSECCIÓN DE LA CALLE REAL CON EL JR PARRA DEL RIEGO EL TAMBO HUANCAYO JUNIN","disa":"JUNIN","red":"NO PERTENECE A NINGUNA RED","microrred":"NO PERTENECE A NINGUNA MICRORED","categoria":"ESTABLECIMIENTO DE SALUD CON INTERNAMIENTO","condicion":"ACTIVO","actualizado":"2023/08/01 19:00:00.000","fuente":"MINSA","urlRenipr":"http://app20.susalud.gob.pe:8080/registro-renipress-webapp/ipress.htm?action=mostrarVer&idipress=00027694"}},{"type":"Feature","geometry":{"type":"Point","coordinates":[-75.43458238999995,-12.127379989999952]},"properties":{"objectid":3739,"nombre":"SAN JUAN DE JARPA","departamento":"JUNIN","provincia":"CHUPACA","distrito":"SAN JUAN DE JARPA","institucion":"GOBIERNO REGIONAL","codigoMinsa":659,"direccion":"JIRÓN JR. CUZCO S/N BARRIO UNION NÚMERO S/N DISTRITO SAN JUAN DE JARPA PROVINCIA CHUPACA DEPARTAMENTO JUNIN","disa":"JUNIN","red":"RED DE SALUD CHUPACA","microrred":"JARPA","categoria":"ESTABLECIMIENTO DE SALUD SIN INTERNAMIENTO","condicion":"ACTIVO","actualizado":"2023/08/01 19:00:00.000","fuente":"MINSA","urlRenipr":"http://app20.susalud.gob.pe:8080/registro-renipress-webapp/ipress.htm?action=mostrarVer&idipress=00000659"}},{"type":"Feature","geometry":{"type":"Point","coordinates":[-75.56173335999995,-12.057300939999948]},"properties":{"objectid":3740,"nombre":"SANTA ROSA DE HUARMITA","departamento":"JUNIN","provincia":"CONCEPCION","distrito":"SAN JOSE DE QUERO","institucion":"GOBIERNO REGIONAL","codigoMinsa":644,"direccion":"CALLE CALLE LOS HEROES S/N SAN JOSE DE QUERO CONCEPCION JUNIN","disa":"JUNIN","red":"RED DE SALUD CHUPACA","microrred":"CHAQUICOCHA","categoria":"ESTABLECIMIENTO DE SALUD SIN INTERNAMIENTO","condicion":"ACTIVO","actualizado":"2023/08/01 19:00:00.000","fuente":"MINSA","urlRenipr":"http://app20.susalud.gob.pe:8080/registro-renipress-webapp/ipress.htm?action=mostrarVer&idipress=00000644"}},{"type":"Feature","geometry":{"type":"Point","coordinates":[-75.51178175999996,-12.035646389999954]},"properties":{"objectid":3741,"nombre":"CHAQUICOCHA","departamento":"JUNIN","provincia":"CONCEPCION","distrito":"SAN JOSE DE QUERO","institucion":"GOBIERNO REGIONAL","codigoMinsa":642,"direccion":"JIRÓN JR. SAN MARTIN S/N NÚMERO S/N DISTRITO SAN JOSE DE QUERO PROVINCIA CONCEPCION DEPARTAMENTO JUNIN","disa":"JUNIN","red":"RED DE SALUD CHUPACA","microrred":"CHAQUICOCHA","categoria":"ESTABLECIMIENTO DE SALUD SIN INTERNAMIENTO","condicion":"ACTIVO","actualizado":"2023/08/01 19:00:00.000","fuente":"MINSA","urlRenipr":"http://app20.susalud.gob.pe:8080/registro-renipress-webapp/ipress.htm?action=mostrarVer&idipress=00000642"}},{"type":"Feature","geometry":{"type":"Point","coordinates":[-75.68156739999995,-11.407932199999948]},"properties":{"objectid":3773,"nombre":"CENTRO MEDICO MEDIC SOLORZANO","departamento":"JUNIN","provincia":"TARMA","distrito":"TARMA","institucion":"PRIVADO","codigoMinsa":28658,"direccion":"JIRÓN LOS GUINDOS NÚMERO 105 PISO 3 DISTRITO TARMA PROVINCIA TARMA DEPARTAMENTO JUNIN","disa":"JUNIN","red":"NO PERTENECE A NINGUNA RED","microrred":"NO PERTENECE A NINGUNA MICRORED","categoria":"ESTABLECIMIENTO DE SALUD SIN INTERNAMIENTO","condicion":"ACTIVO","actualizado":"2023/08/01 19:00:00.000","fuente":"MINSA","urlRenipr":"http://app20.susalud.gob.pe:8080/registro-renipress-webapp/ipress.htm?action=mostrarVer&idipress=00028658"}},{"type":"Feature","geometry":{"type":"Point","coordinates":[-75.20541316999999,-12.082559139999944]},"properties":{"objectid":3783,"nombre":"CENTRO MÉDICO SAN ANTONIO","departamento":"JUNIN","provincia":"HUANCAYO","distrito":"CHILCA","institucion":"PRIVADO","codigoMinsa":23412,"direccion":"AVENIDA Arterial 224 A 50 metros de la Dirección Regional de Transportes y Comunicaciones de Junín. CHILCA HUANCAYO JUNIN","disa":"","red":"","microrred":"","categoria":"ESTABLECIMIENTO DE SALUD SIN INTERNAMIENTO","condicion":"RUC INACTIVO EN SUNAT","actualizado":"2023/08/01 19:00:00.000","fuente":"MINSA","urlRenipr":"http://app20.susalud.gob.pe:8080/registro-renipress-webapp/ipress.htm?action=mostrarVer&idipress=00023412"}},{"type":"Feature","geometry":{"type":"Point","coordinates":[-75.23605928999996,-12.027488959999971]},"properties":{"objectid":3810,"nombre":"SAN VICENTE","departamento":"JUNIN","provincia":"HUANCAYO","distrito":"HUANCAYO","institucion":"PRIVADO","codigoMinsa":25969,"direccion":"AVENIDA MARISCAL CASTILLA NÚMERO 4476 DISTRITO HUANCAYO PROVINCIA HUANCAYO DEPARTAMENTO JUNIN","disa":"","red":"","microrred":"","categoria":"ESTABLECIMIENTO DE SALUD SIN INTERNAMIENTO","condicion":"RUC INACTIVO EN SUNAT","actualizado":"2023/08/01 19:00:00.000","fuente":"MINSA","urlRenipr":"http://app20.susalud.gob.pe:8080/registro-renipress-webapp/ipress.htm?action=mostrarVer&idipress=00025969"}},{"type":"Feature","geometry":{"type":"Point","coordinates":[-75.48562941999995,-11.748937119999937]},"properties":{"objectid":4097,"nombre":"PANCAN","departamento":"JUNIN","provincia":"JAUJA","distrito":"PANCAN","institucion":"GOBIERNO REGIONAL","codigoMinsa":417,"direccion":"JIRÓN JR. LAS CANTUTAS S/N NÚMERO S/N DISTRITO PANCAN PROVINCIA JAUJA DEPARTAMENTO JUNIN","disa":"JUNIN","red":"JAUJA","microrred":"VALLE DE YACUS","categoria":"ESTABLECIMIENTO DE SALUD SIN INTERNAMIENTO","condicion":"ACTIVO","actualizado":"2023/08/01 19:00:00.000","fuente":"MINSA","urlRenipr":"http://app20.susalud.gob.pe:8080/registro-renipress-webapp/ipress.htm?action=mostrarVer&idipress=00000417"}},{"type":"Feature","geometry":{"type":"Point","coordinates":[-75.24752625999997,-11.992136609999932]},"properties":{"objectid":4063,"nombre":"SAN AGUSTIN DE CAJAS","departamento":"JUNIN","provincia":"HUANCAYO","distrito":"SAN AGUSTIN","institucion":"GOBIERNO REGIONAL","codigoMinsa":722,"direccion":"JIRÓN JR. LEONCIO PRADO S/N CUADRA 7 S/N JR. LEONCIO PRADO S/N CUADRA 7 SAN AGUSTIN HUANCAYO JUNIN","disa":"JUNIN","red":"VALLE DEL MANTARO","microrred":"EL TAMBO","categoria":"ESTABLECIMIENTO DE SALUD SIN INTERNAMIENTO","condicion":"ACTIVO","actualizado":"2023/08/01 19:00:00.000","fuente":"MINSA","urlRenipr":"http://app20.susalud.gob.pe:8080/registro-renipress-webapp/ipress.htm?action=mostrarVer&idipress=00000722"}},{"type":"Feature","geometry":{"type":"Point","coordinates":[-75.29656867999995,-11.878869539999926]},"properties":{"objectid":4064,"nombre":"SANTA ROSA DE OCOPA","departamento":"JUNIN","provincia":"CONCEPCION","distrito":"SANTA ROSA DE OCOPA","institucion":"GOBIERNO REGIONAL","codigoMinsa":691,"direccion":"AVENIDA AV. FRANCISC IRAZOLA S/N S/N AV. FRANCISC IRAZOLA S/N SANTA ROSA DE OCOPA CONCEPCION JUNIN","disa":"JUNIN","red":"VALLE DEL MANTARO","microrred":"CONCEPCION","categoria":"ESTABLECIMIENTO DE SALUD SIN INTERNAMIENTO","condicion":"ACTIVO","actualizado":"2023/08/01 19:00:00.000","fuente":"MINSA","urlRenipr":"http://app20.susalud.gob.pe:8080/registro-renipress-webapp/ipress.htm?action=mostrarVer&idipress=00000691"}},{"type":"Feature","geometry":{"type":"Point","coordinates":[-75.25826981999995,-11.958761799999934]},"properties":{"objectid":4065,"nombre":"SAN PEDRO DE SAÑO","departamento":"JUNIN","provincia":"HUANCAYO","distrito":"SAÑO","institucion":"GOBIERNO REGIONAL","codigoMinsa":725,"direccion":"OTROS ACTUALIZAR DISTRITO SAÑO PROVINCIA HUANCAYO DEPARTAMENTO JUNIN","disa":"JUNIN","red":"VALLE DEL MANTARO","microrred":"EL TAMBO","categoria":"ESTABLECIMIENTO DE SALUD SIN INTERNAMIENTO","condicion":"ACTIVO","actualizado":"2023/08/01 19:00:00.000","fuente":"MINSA","urlRenipr":"http://app20.susalud.gob.pe:8080/registro-renipress-webapp/ipress.htm?action=mostrarVer&idipress=00000725"}},{"type":"Feature","geometry":{"type":"Point","coordinates":[-75.13118387999998,-11.748691699999938]},"properties":{"objectid":4066,"nombre":"POMAMANTA","departamento":"JUNIN","provincia":"CONCEPCION","distrito":"COMAS","institucion":"GOBIERNO REGIONAL","codigoMinsa":681,"direccion":"OTROS ACTUALIZAR DISTRITO COMAS PROVINCIA CONCEPCION DEPARTAMENTO JUNIN","disa":"JUNIN","red":"VALLE DEL MANTARO","microrred":"COMAS","categoria":"ESTABLECIMIENTO DE SALUD SIN INTERNAMIENTO","condicion":"ACTIVO","actualizado":"2023/08/01 19:00:00.000","fuente":"MINSA","urlRenipr":"http://app20.susalud.gob.pe:8080/registro-renipress-webapp/ipress.htm?action=mostrarVer&idipress=00000681"}},{"type":"Feature","geometry":{"type":"Point","coordinates":[-75.22078953999994,-12.171583409999926]},"properties":{"objectid":4067,"nombre":"HUACRAPUQUIO","departamento":"JUNIN","provincia":"HUANCAYO","distrito":"HUACRAPUQUIO","institucion":"GOBIERNO REGIONAL","codigoMinsa":619,"direccion":"AVENIDA AV. PROGRESO S/N BARRIO CENTRO UNIÓN NÚMERO S/N DISTRITO HUACRAPUQUIO PROVINCIA HUANCAYO DEPARTAMENTO JUNIN","disa":"JUNIN","red":"VALLE DEL MANTARO","microrred":"CHILCA","categoria":"ESTABLECIMIENTO DE SALUD SIN INTERNAMIENTO","condicion":"ACTIVO","actualizado":"2023/08/01 19:00:00.000","fuente":"MINSA","urlRenipr":"http://app20.susalud.gob.pe:8080/registro-renipress-webapp/ipress.htm?action=mostrarVer&idipress=00000619"}},{"type":"Feature","geometry":{"type":"Point","coordinates":[-75.13964451999993,-12.27396940999995]},"properties":{"objectid":4068,"nombre":"PIHUAS","departamento":"JUNIN","provincia":"HUANCAYO","distrito":"CULLHUAS","institucion":"GOBIERNO REGIONAL","codigoMinsa":616,"direccion":"CARRETERA CARRETERA CENTRAL KM 28 HYO - HVCA DISTRITO CULLHUAS PROVINCIA HUANCAYO DEPARTAMENTO JUNIN","disa":"JUNIN","red":"VALLE DEL MANTARO","microrred":"CHILCA","categoria":"ESTABLECIMIENTO DE SALUD SIN INTERNAMIENTO","condicion":"ACTIVO","actualizado":"2023/08/01 19:00:00.000","fuente":"MINSA","urlRenipr":"http://app20.susalud.gob.pe:8080/registro-renipress-webapp/ipress.htm?action=mostrarVer&idipress=00000616"}},{"type":"Feature","geometry":{"type":"Point","coordinates":[-75.16683163999994,-12.220346379999967]},"properties":{"objectid":4069,"nombre":"CULLHUAS","departamento":"JUNIN","provincia":"HUANCAYO","distrito":"CULLHUAS","institucion":"GOBIERNO REGIONAL","codigoMinsa":615,"direccion":"OTROS ACTUALIZAR DISTRITO CULLHUAS PROVINCIA HUANCAYO DEPARTAMENTO JUNIN","disa":"JUNIN","red":"VALLE DEL MANTARO","microrred":"CHILCA","categoria":"ESTABLECIMIENTO DE SALUD SIN INTERNAMIENTO","condicion":"ACTIVO","actualizado":"2023/08/01 19:00:00.000","fuente":"MINSA","urlRenipr":"http://app20.susalud.gob.pe:8080/registro-renipress-webapp/ipress.htm?action=mostrarVer&idipress=00000615"}},{"type":"Feature","geometry":{"type":"Point","coordinates":[-75.20515149999994,-12.077035229999979]},"properties":{"objectid":4070,"nombre":"CENTRO DE SALUD MENTAL COMUNITARIO CHILCA","departamento":"JUNIN","provincia":"HUANCAYO","distrito":"CHILCA","institucion":"GOBIERNO REGIONAL","codigoMinsa":28947,"direccion":"CALLE REAL 100 1 ENTRE FERROCARRIL Y REAL CHILCA HUANCAYO JUNIN","disa":"JUNIN","red":"VALLE DEL MANTARO","microrred":"NO PERTENECE A NINGUNA MICRORED","categoria":"ESTABLECIMIENTO DE SALUD SIN INTERNAMIENTO","condicion":"ACTIVO","actualizado":"2023/08/01 19:00:00.000","fuente":"MINSA","urlRenipr":"http://app20.susalud.gob.pe:8080/registro-renipress-webapp/ipress.htm?action=mostrarVer&idipress=00028947"}},{"type":"Feature","geometry":{"type":"Point","coordinates":[-75.59014729999996,-11.797679949999974]},"properties":{"objectid":4096,"nombre":"MATACHICO","departamento":"JUNIN","provincia":"JAUJA","distrito":"LLOCLLAPAMPA","institucion":"GOBIERNO REGIONAL","codigoMinsa":428,"direccion":"PLAZA PLAZA PRINCIPAL Nº 751 DISTRITO LLOCLLAPAMPA PROVINCIA JAUJA DEPARTAMENTO JUNIN","disa":"JUNIN","red":"JAUJA","microrred":"QUEBRADA DEL MANTARO","categoria":"ESTABLECIMIENTO DE SALUD SIN INTERNAMIENTO","condicion":"ACTIVO","actualizado":"2023/08/01 19:00:00.000","fuente":"MINSA","urlRenipr":"http://app20.susalud.gob.pe:8080/registro-renipress-webapp/ipress.htm?action=mostrarVer&idipress=00000428"}},{"type":"Feature","geometry":{"type":"Point","coordinates":[-75.35867400999996,-11.85450788999998]},"properties":{"objectid":4098,"nombre":"APATA","departamento":"JUNIN","provincia":"JAUJA","distrito":"APATA","institucion":"GOBIERNO REGIONAL","codigoMinsa":409,"direccion":"JIRÓN JR. LIBERTAD S/N BARRIO PARIAHUANCA NÚMERO S/N DISTRITO APATA PROVINCIA JAUJA DEPARTAMENTO JUNIN","disa":"JUNIN","red":"JAUJA","microrred":"MARGEN IZQUIERDA","categoria":"ESTABLECIMIENTO DE SALUD SIN INTERNAMIENTO","condicion":"ACTIVO","actualizado":"2023/08/01 19:00:00.000","fuente":"MINSA","urlRenipr":"http://app20.susalud.gob.pe:8080/registro-renipress-webapp/ipress.htm?action=mostrarVer&idipress=00000409"}},{"type":"Feature","geometry":{"type":"Point","coordinates":[-75.94348940999998,-11.551572629999953]},"properties":{"objectid":4099,"nombre":"SANTA ROSA DE SACCO","departamento":"JUNIN","provincia":"YAULI","distrito":"SANTA ROSA DE SACCO","institucion":"GOBIERNO REGIONAL","codigoMinsa":566,"direccion":"CALLE CALLE 1 DE JUNIO Nº 120 DISTRITO SANTA ROSA DE SACCO PROVINCIA YAULI DEPARTAMENTO JUNIN","disa":"JUNIN","red":"JAUJA","microrred":"YAULI-OROYA","categoria":"ESTABLECIMIENTO DE SALUD SIN INTERNAMIENTO","condicion":"ACTIVO","actualizado":"2023/08/01 19:00:00.000","fuente":"MINSA","urlRenipr":"http://app20.susalud.gob.pe:8080/registro-renipress-webapp/ipress.htm?action=mostrarVer&idipress=00000566"}},{"type":"Feature","geometry":{"type":"Point","coordinates":[-75.19439009999996,-12.087053499999968]},"properties":{"objectid":4145,"nombre":"CENTRO MÉDICO LUCIANA","departamento":"JUNIN","provincia":"HUANCAYO","distrito":"CHILCA","institucion":"PRIVADO","codigoMinsa":30200,"direccion":"JIRÓN 14 DE JULIO NÚMERO 483 PISO 1 DISTRITO CHILCA PROVINCIA HUANCAYO DEPARTAMENTO JUNIN","disa":"JUNIN","red":"","microrred":"","categoria":"ESTABLECIMIENTO DE SALUD SIN INTERNAMIENTO","condicion":"ACTIVO","actualizado":"2023/08/01 19:00:00.000","fuente":"MINSA","urlRenipr":"http://app20.susalud.gob.pe:8080/registro-renipress-webapp/ipress.htm?action=mostrarVer&idipress=00030200"}},{"type":"Feature","geometry":{"type":"Point","coordinates":[-75.20503749999995,-12.083916169999952]},"properties":{"objectid":4170,"nombre":"CENTRO MEDICO SANTA MARIA","departamento":"JUNIN","provincia":"HUANCAYO","distrito":"CHILCA","institucion":"PRIVADO","codigoMinsa":29921,"direccion":"AVENIDA arterial NÚMERO 135 PISO 1 DEPARTAMENTO 1 DISTRITO CHILCA PROVINCIA HUANCAYO DEPARTAMENTO JUNIN","disa":"JUNIN","red":"","microrred":"","categoria":"ESTABLECIMIENTO DE SALUD SIN INTERNAMIENTO","condicion":"ACTIVO","actualizado":"2023/08/01 19:00:00.000","fuente":"MINSA","urlRenipr":"http://app20.susalud.gob.pe:8080/registro-renipress-webapp/ipress.htm?action=mostrarVer&idipress=00029921"}},{"type":"Feature","geometry":{"type":"Point","coordinates":[-75.21793299999996,-12.057532999999978]},"properties":{"objectid":4184,"nombre":"HOSPITAL REGIONAL DOCENTE DE ENFERMEDADES NEOPLASICAS","departamento":"JUNIN","provincia":"HUANCAYO","distrito":"EL TAMBO","institucion":"GOBIERNO REGIONAL","codigoMinsa":704,"direccion":"JIRÓN JIRON AREQUIPA Nº 1030 JIRON AREQUIPA Nº 1030 EL TAMBO HUANCAYO JUNIN","disa":"","red":"","microrred":"","categoria":"ESTABLECIMIENTO DE SALUD CON INTERNAMIENTO","condicion":"RETIRO VOLUNTARIO","actualizado":"2023/08/01 19:00:00.000","fuente":"MINSA","urlRenipr":"http://app20.susalud.gob.pe:8080/registro-renipress-webapp/ipress.htm?action=mostrarVer&idipress=00000704"}},{"type":"Feature","geometry":{"type":"Point","coordinates":[-75.20812109999997,-12.072282599999937]},"properties":{"objectid":4566,"nombre":"LABORATORIO DE ANALISIS CLINICO CAMARENA PADILLA","departamento":"JUNIN","provincia":"HUANCAYO","distrito":"HUANCAYO","institucion":"PRIVADO","codigoMinsa":21760,"direccion":"CALLE CALLE REAL 959 OFICINA 208 DISTRITO HUANCAYO PROVINCIA HUANCAYO DEPARTAMENTO JUNIN","disa":"","red":"","microrred":"","categoria":"SERVICIO MÉDICO DE APOYO","condicion":"RETIRO VOLUNTARIO","actualizado":"2023/08/01 19:00:00.000","fuente":"MINSA","urlRenipr":"http://app20.susalud.gob.pe:8080/registro-renipress-webapp/ipress.htm?action=mostrarVer&idipress=00021760"}},{"type":"Feature","geometry":{"type":"Point","coordinates":[-75.20936111999998,-12.069954609999968]},"properties":{"objectid":4604,"nombre":"CLINICA DENTAL IMAGEN","departamento":"JUNIN","provincia":"HUANCAYO","distrito":"HUANCAYO","institucion":"PRIVADO","codigoMinsa":25376,"direccion":"CALLE REAL NÚMERO 688 PISO 3 DISTRITO HUANCAYO PROVINCIA HUANCAYO DEPARTAMENTO JUNIN","disa":"JUNIN","red":"NO PERTENECE A NINGUNA RED","microrred":"NO PERTENECE A NINGUNA MICRORED","categoria":"ESTABLECIMIENTO DE SALUD SIN INTERNAMIENTO","condicion":"ACTIVO","actualizado":"2023/08/01 19:00:00.000","fuente":"MINSA","urlRenipr":"http://app20.susalud.gob.pe:8080/registro-renipress-webapp/ipress.htm?action=mostrarVer&idipress=00025376"}},{"type":"Feature","geometry":{"type":"Point","coordinates":[-75.57553125999993,-11.368880049999973]},"properties":{"objectid":4736,"nombre":"CASACOTO - SAN ANTONIO","departamento":"JUNIN","provincia":"TARMA","distrito":"TAPO","institucion":"GOBIERNO REGIONAL","codigoMinsa":580,"direccion":"CARRETERA CARRETERA PRINCIPAL A PAUCARMARCA A 100 MTS DE LA PLAZA PRINCIPAL DE CASACOTO DISTRITO TAPO PROVINCIA TARMA DEPARTAMENTO JUNIN","disa":"JUNIN","red":"TARMA","microrred":"PALCA","categoria":"ESTABLECIMIENTO DE SALUD SIN INTERNAMIENTO","condicion":"ACTIVO","actualizado":"2023/08/01 19:00:00.000","fuente":"MINSA","urlRenipr":"http://app20.susalud.gob.pe:8080/registro-renipress-webapp/ipress.htm?action=mostrarVer&idipress=00000580"}},{"type":"Feature","geometry":{"type":"Point","coordinates":[-75.56843265999998,-11.308324239999934]},"properties":{"objectid":4737,"nombre":"PATAY","departamento":"JUNIN","provincia":"TARMA","distrito":"PALCA","institucion":"GOBIERNO REGIONAL","codigoMinsa":576,"direccion":"OTROS BARRIO ABAJO S/N NÚMERO S/N DISTRITO PALCA PROVINCIA TARMA DEPARTAMENTO JUNIN","disa":"JUNIN","red":"TARMA","microrred":"PALCA","categoria":"ESTABLECIMIENTO DE SALUD SIN INTERNAMIENTO","condicion":"ACTIVO","actualizado":"2023/08/01 19:00:00.000","fuente":"MINSA","urlRenipr":"http://app20.susalud.gob.pe:8080/registro-renipress-webapp/ipress.htm?action=mostrarVer&idipress=00000576"}},{"type":"Feature","geometry":{"type":"Point","coordinates":[-75.66404205999999,-11.44940846999998]},"properties":{"objectid":4738,"nombre":"MISARURASHA","departamento":"JUNIN","provincia":"TARMA","distrito":"TARMA","institucion":"GOBIERNO REGIONAL","codigoMinsa":590,"direccion":"CARRETERA CARRETERA CENTRAL - MISARURASHA DISTRITO TARMA PROVINCIA TARMA DEPARTAMENTO JUNIN","disa":"JUNIN","red":"TARMA","microrred":"TARMA","categoria":"ESTABLECIMIENTO DE SALUD SIN INTERNAMIENTO","condicion":"ACTIVO","actualizado":"2023/08/01 19:00:00.000","fuente":"MINSA","urlRenipr":"http://app20.susalud.gob.pe:8080/registro-renipress-webapp/ipress.htm?action=mostrarVer&idipress=00000590"}},{"type":"Feature","geometry":{"type":"Point","coordinates":[-75.20459521999999,-12.072653989999935]},"properties":{"objectid":4903,"nombre":"CONSULTORIO ODONTOLOGICO PERFECCION","departamento":"JUNIN","provincia":"HUANCAYO","distrito":"HUANCAYO","institucion":"PRIVADO","codigoMinsa":15688,"direccion":"AVENIDA AVENIDA FERROCARRIL N° 1479 DISTRITO HUANCAYO PROVINCIA HUANCAYO DEPARTAMENTO JUNIN","disa":"JUNIN","red":"NO PERTENECE A NINGUNA RED","microrred":"NO PERTENECE A NINGUNA MICRORED","categoria":"ESTABLECIMIENTO DE SALUD SIN INTERNAMIENTO","condicion":"ACTIVO","actualizado":"2023/08/01 19:00:00.000","fuente":"MINSA","urlRenipr":"http://app20.susalud.gob.pe:8080/registro-renipress-webapp/ipress.htm?action=mostrarVer&idipress=00015688"}},{"type":"Feature","geometry":{"type":"Point","coordinates":[-76.09696469999994,-11.692721099999972]},"properties":{"objectid":4950,"nombre":"CENTRO MEDICO TUNEL - CARAHUACRA","departamento":"JUNIN","provincia":"YAULI","distrito":"YAULI","institucion":"PRIVADO","codigoMinsa":10364,"direccion":"CARRETERA CAMPAMENTO TUNEL CARAHUACRA-CARRETERA CENTRAL S/N NÚMERO S/N DISTRITO YAULI PROVINCIA YAULI DEPARTAMENTO JUNIN","disa":"JUNIN","red":"NO PERTENECE A NINGUNA RED","microrred":"NO PERTENECE A NINGUNA MICRORED","categoria":"ESTABLECIMIENTO DE SALUD SIN INTERNAMIENTO","condicion":"ACTIVO","actualizado":"2023/08/01 19:00:00.000","fuente":"MINSA","urlRenipr":"http://app20.susalud.gob.pe:8080/registro-renipress-webapp/ipress.htm?action=mostrarVer&idipress=00010364"}},{"type":"Feature","geometry":{"type":"Point","coordinates":[-75.35973209999997,-11.121253499999966]},"properties":{"objectid":4986,"nombre":"CENTRO DE SALUD MENTAL COMUNITARIO SAN RAMÓN","departamento":"JUNIN","provincia":"CHANCHAMAYO","distrito":"SAN RAMON","institucion":"GOBIERNO REGIONAL","codigoMinsa":28870,"direccion":"CALLE LOS CIPRESES NÚMERO S/N DISTRITO SAN RAMON PROVINCIA CHANCHAMAYO DEPARTAMENTO JUNIN","disa":"JUNIN","red":"CHANCHAMAYO","microrred":"NO PERTENECE A NINGUNA MICRORED","categoria":"ESTABLECIMIENTO DE SALUD SIN INTERNAMIENTO","condicion":"ACTIVO","actualizado":"2023/08/01 19:00:00.000","fuente":"MINSA","urlRenipr":"http://app20.susalud.gob.pe:8080/registro-renipress-webapp/ipress.htm?action=mostrarVer&idipress=00028870"}},{"type":"Feature","geometry":{"type":"Point","coordinates":[-75.12575666999999,-10.819261669999946]},"properties":{"objectid":4987,"nombre":"CENTRO POBLADO MENOR LA FLORIDA","departamento":"JUNIN","provincia":"CHANCHAMAYO","distrito":"PERENE","institucion":"GOBIERNO REGIONAL","codigoMinsa":325,"direccion":"AVENIDA AV. 28 DE JULIO DEL CENTRO POBLADO MENOR LA FLORIDA DISTRITO PERENE PROVINCIA CHANCHAMAYO DEPARTAMENTO JUNIN","disa":"JUNIN","red":"CHANCHAMAYO","microrred":"PERENE","categoria":"ESTABLECIMIENTO DE SALUD SIN INTERNAMIENTO","condicion":"ACTIVO","actualizado":"2023/08/01 19:00:00.000","fuente":"MINSA","urlRenipr":"http://app20.susalud.gob.pe:8080/registro-renipress-webapp/ipress.htm?action=mostrarVer&idipress=00000325"}},{"type":"Feature","geometry":{"type":"Point","coordinates":[-75.33103442999999,-11.055850869999972]},"properties":{"objectid":5281,"nombre":"CONSULTORIO MEDICO","departamento":"JUNIN","provincia":"CHANCHAMAYO","distrito":"CHANCHAMAYO","institucion":"PRIVADO","codigoMinsa":17426,"direccion":"JIRÓN JIRON JULIO PIROLA 227 DISTRITO CHANCHAMAYO PROVINCIA CHANCHAMAYO DEPARTAMENTO JUNIN","disa":"JUNIN","red":"NO PERTENECE A NINGUNA RED","microrred":"NO PERTENECE A NINGUNA MICRORED","categoria":"ESTABLECIMIENTO DE SALUD SIN INTERNAMIENTO","condicion":"ACTIVO","actualizado":"2023/08/01 19:00:00.000","fuente":"MINSA","urlRenipr":"http://app20.susalud.gob.pe:8080/registro-renipress-webapp/ipress.htm?action=mostrarVer&idipress=00017426"}},{"type":"Feature","geometry":{"type":"Point","coordinates":[-75.21355916999994,-12.072097939999935]},"properties":{"objectid":5366,"nombre":"Dentplus","departamento":"JUNIN","provincia":"HUANCAYO","distrito":"HUANCAYO","institucion":"PRIVADO","codigoMinsa":27003,"direccion":"CALLE REAL NÚMERO 692 PISO 3 DEPARTAMENTO 301 DISTRITO HUANCAYO PROVINCIA HUANCAYO DEPARTAMENTO JUNIN","disa":"JUNIN","red":"NO PERTENECE A NINGUNA RED","microrred":"NO PERTENECE A NINGUNA MICRORED","categoria":"ESTABLECIMIENTO DE SALUD SIN INTERNAMIENTO","condicion":"ACTIVO","actualizado":"2023/08/01 19:00:00.000","fuente":"MINSA","urlRenipr":"http://app20.susalud.gob.pe:8080/registro-renipress-webapp/ipress.htm?action=mostrarVer&idipress=00027003"}},{"type":"Feature","geometry":{"type":"Point","coordinates":[-74.46052333999995,-11.500449129999936]},"properties":{"objectid":5682,"nombre":"ALTO KIATARI","departamento":"JUNIN","provincia":"SATIPO","distrito":"MAZAMARI - PANGOA","institucion":"GOBIERNO REGIONAL","codigoMinsa":450,"direccion":"AVENIDA AV.NARANJAL MZ D, LOTE 11 DISTRITO PANGOA PROVINCIA SATIPO DEPARTAMENTO JUNIN","disa":"JUNIN","red":"SAN MARTIN DE PANGOA","microrred":"SAN RAMON DE PANGOA","categoria":"ESTABLECIMIENTO DE SALUD SIN INTERNAMIENTO","condicion":"ACTIVO","actualizado":"2023/08/01 19:00:00.000","fuente":"MINSA","urlRenipr":"http://app20.susalud.gob.pe:8080/registro-renipress-webapp/ipress.htm?action=mostrarVer&idipress=00000450"}},{"type":"Feature","geometry":{"type":"Point","coordinates":[-75.21792829999998,-12.064952199999937]},"properties":{"objectid":5687,"nombre":"ORAL HEALTH","departamento":"JUNIN","provincia":"HUANCAYO","distrito":"EL TAMBO","institucion":"PRIVADO","codigoMinsa":26458,"direccion":"AVENIDA Huancavelica NÚMERO 2217 PISO 1 DISTRITO EL TAMBO PROVINCIA HUANCAYO DEPARTAMENTO JUNIN","disa":"JUNIN","red":"NO PERTENECE A NINGUNA RED","microrred":"NO PERTENECE A NINGUNA MICRORED","categoria":"ESTABLECIMIENTO DE SALUD SIN INTERNAMIENTO","condicion":"ACTIVO","actualizado":"2023/08/01 19:00:00.000","fuente":"MINSA","urlRenipr":"http://app20.susalud.gob.pe:8080/registro-renipress-webapp/ipress.htm?action=mostrarVer&idipress=00026458"}},{"type":"Feature","geometry":{"type":"Point","coordinates":[-74.55808352999998,-11.389590989999931]},"properties":{"objectid":5688,"nombre":"BELEN","departamento":"JUNIN","provincia":"SATIPO","distrito":"LLAYLLA","institucion":"GOBIERNO REGIONAL","codigoMinsa":433,"direccion":"CALLE CALLE BOLIVAR NZ M BELEN DISTRITO LLAYLLA PROVINCIA SATIPO DEPARTAMENTO JUNIN","disa":"JUNIN","red":"SATIPO","microrred":"MAZAMARI","categoria":"ESTABLECIMIENTO DE SALUD SIN INTERNAMIENTO","condicion":"ACTIVO","actualizado":"2023/08/01 19:00:00.000","fuente":"MINSA","urlRenipr":"http://app20.susalud.gob.pe:8080/registro-renipress-webapp/ipress.htm?action=mostrarVer&idipress=00000433"}},{"type":"Feature","geometry":{"type":"Point","coordinates":[-74.36937023999997,-11.189533909999966]},"properties":{"objectid":5690,"nombre":"GLORIABAMBA","departamento":"JUNIN","provincia":"SATIPO","distrito":"MAZAMARI - PANGOA","institucion":"GOBIERNO REGIONAL","codigoMinsa":16908,"direccion":"OTROS COMUNIDAD NATIVA DE GLORIABAMBA DISTRITO MAZAMARI PROVINCIA SATIPO DEPARTAMENTO JUNIN","disa":"JUNIN","red":"SATIPO","microrred":"MAZAMARI","categoria":"ESTABLECIMIENTO DE SALUD SIN INTERNAMIENTO","condicion":"ACTIVO","actualizado":"2023/08/01 19:00:00.000","fuente":"MINSA","urlRenipr":"http://app20.susalud.gob.pe:8080/registro-renipress-webapp/ipress.htm?action=mostrarVer&idipress=00016908"}},{"type":"Feature","geometry":{"type":"Point","coordinates":[-74.14433971999995,-11.41207905999994]},"properties":{"objectid":5691,"nombre":"POTSOTENI","departamento":"JUNIN","provincia":"SATIPO","distrito":"MAZAMARI - PANGOA","institucion":"GOBIERNO REGIONAL","codigoMinsa":6878,"direccion":"OTROS CC.NN. POTSOTENI DISTRITO PANGOA PROVINCIA SATIPO DEPARTAMENTO JUNIN","disa":"JUNIN","red":"SATIPO","microrred":"PUERTO OCOPA","categoria":"ESTABLECIMIENTO DE SALUD SIN INTERNAMIENTO","condicion":"ACTIVO","actualizado":"2023/08/01 19:00:00.000","fuente":"MINSA","urlRenipr":"http://app20.susalud.gob.pe:8080/registro-renipress-webapp/ipress.htm?action=mostrarVer&idipress=00006878"}},{"type":"Feature","geometry":{"type":"Point","coordinates":[-76.08065645999994,-11.743689939999967]},"properties":{"objectid":5763,"nombre":"POSTA MEDICA UNIDAD SAN CRISTOBAL","departamento":"JUNIN","provincia":"YAULI","distrito":"YAULI","institucion":"PRIVADO","codigoMinsa":25664,"direccion":"OTROS HUARIPAMPA DISTRITO YAULI PROVINCIA YAULI DEPARTAMENTO JUNIN","disa":"JUNIN","red":"NO PERTENECE A NINGUNA RED","microrred":"NO PERTENECE A NINGUNA MICRORED","categoria":"ESTABLECIMIENTO DE SALUD SIN INTERNAMIENTO","condicion":"ACTIVO","actualizado":"2023/08/01 19:00:00.000","fuente":"MINSA","urlRenipr":"http://app20.susalud.gob.pe:8080/registro-renipress-webapp/ipress.htm?action=mostrarVer&idipress=00025664"}},{"type":"Feature","geometry":{"type":"Point","coordinates":[-75.20839185999995,-12.085899809999944]},"properties":{"objectid":5775,"nombre":"MEDICENTRO ARCANGEL - HUANCAYO 3","departamento":"JUNIN","provincia":"HUANCAYO","distrito":"CHILCA","institucion":"PRIVADO","codigoMinsa":9984,"direccion":"AVENIDA AV. HUANCAVELICA Nº 596 DISTRITO CHILCA PROVINCIA HUANCAYO DEPARTAMENTO JUNIN","disa":"","red":"","microrred":"","categoria":"ESTABLECIMIENTO DE SALUD SIN INTERNAMIENTO","condicion":"RETIRO VOLUNTARIO","actualizado":"2023/08/01 19:00:00.000","fuente":"MINSA","urlRenipr":"http://app20.susalud.gob.pe:8080/registro-renipress-webapp/ipress.htm?action=mostrarVer&idipress=00009984"}},{"type":"Feature","geometry":{"type":"Point","coordinates":[-75.21021444999997,-12.068936019999967]},"properties":{"objectid":5872,"nombre":"ODONTOSALUD ODONTOLOGIA ESPECIALIZADA","departamento":"JUNIN","provincia":"HUANCAYO","distrito":"HUANCAYO","institucion":"PRIVADO","codigoMinsa":21601,"direccion":"CALLE CALLE RELA 517 OF 303 DISTRITO HUANCAYO PROVINCIA HUANCAYO DEPARTAMENTO JUNIN","disa":"","red":"","microrred":"","categoria":"ESTABLECIMIENTO DE SALUD SIN INTERNAMIENTO","condicion":"RETIRO VOLUNTARIO","actualizado":"2023/08/01 19:00:00.000","fuente":"MINSA","urlRenipr":"http://app20.susalud.gob.pe:8080/registro-renipress-webapp/ipress.htm?action=mostrarVer&idipress=00021601"}},{"type":"Feature","geometry":{"type":"Point","coordinates":[-75.47095429999996,-12.108227519999957]},"properties":{"objectid":5888,"nombre":"SHICUY","departamento":"JUNIN","provincia":"CHUPACA","distrito":"SAN JUAN DE JARPA","institucion":"GOBIERNO REGIONAL","codigoMinsa":12470,"direccion":"JIRÓN APAHUAY S/N BARRIO MARISCAL CACERES SAN JUAN DE JARPA CHUPACA JUNIN","disa":"JUNIN","red":"RED DE SALUD CHUPACA","microrred":"JARPA","categoria":"ESTABLECIMIENTO DE SALUD SIN INTERNAMIENTO","condicion":"ACTIVO","actualizado":"2023/08/01 19:00:00.000","fuente":"MINSA","urlRenipr":"http://app20.susalud.gob.pe:8080/registro-renipress-webapp/ipress.htm?action=mostrarVer&idipress=00012470"}},{"type":"Feature","geometry":{"type":"Point","coordinates":[-75.29715818999995,-12.113272259999974]},"properties":{"objectid":5889,"nombre":"TINYARI GRANDE","departamento":"JUNIN","provincia":"CHUPACA","distrito":"SAN JUAN DE ISCOS","institucion":"GOBIERNO REGIONAL","codigoMinsa":658,"direccion":"JIRÓN BOLIVAR S/N, BARRIO LA FLORIDA – ANEXO DE TINYARI GRANDE SAN JUAN DE YSCOS CHUPACA JUNIN","disa":"JUNIN","red":"RED DE SALUD CHUPACA","microrred":"CHUPACA","categoria":"ESTABLECIMIENTO DE SALUD SIN INTERNAMIENTO","condicion":"ACTIVO","actualizado":"2023/08/01 19:00:00.000","fuente":"MINSA","urlRenipr":"http://app20.susalud.gob.pe:8080/registro-renipress-webapp/ipress.htm?action=mostrarVer&idipress=00000658"}},{"type":"Feature","geometry":{"type":"Point","coordinates":[-75.51486753999995,-12.023841139999945]},"properties":{"objectid":5890,"nombre":"USIBAMBA","departamento":"JUNIN","provincia":"CONCEPCION","distrito":"SAN JOSE DE QUERO","institucion":"GOBIERNO REGIONAL","codigoMinsa":645,"direccion":"OTROS ACTUALIZAR DISTRITO SAN JOSE DE QUERO PROVINCIA CONCEPCION DEPARTAMENTO JUNIN","disa":"JUNIN","red":"RED DE SALUD CHUPACA","microrred":"CHAQUICOCHA","categoria":"ESTABLECIMIENTO DE SALUD SIN INTERNAMIENTO","condicion":"ACTIVO","actualizado":"2023/08/01 19:00:00.000","fuente":"MINSA","urlRenipr":"http://app20.susalud.gob.pe:8080/registro-renipress-webapp/ipress.htm?action=mostrarVer&idipress=00000645"}},{"type":"Feature","geometry":{"type":"Point","coordinates":[-75.20701776999994,-12.082781269999941]},"properties":{"objectid":5925,"nombre":"BREVETMEDIC SAN MARTÍN BC","departamento":"JUNIN","provincia":"HUANCAYO","distrito":"CHILCA","institucion":"PRIVADO","codigoMinsa":30198,"direccion":"AVENIDA ARTERIAL 456 A MEDIA CUADRA DEL MINISTERIO DE TRASPORTE ANTES DE ARTERIAL Y GENERAL CORDOVA CHILCA HUANCAYO JUNIN","disa":"JUNIN","red":"","microrred":"NO PERTENECE A NINGUNA MICRORED","categoria":"ESTABLECIMIENTO DE SALUD SIN INTERNAMIENTO","condicion":"ACTIVO","actualizado":"2023/08/01 19:00:00.000","fuente":"MINSA","urlRenipr":"http://app20.susalud.gob.pe:8080/registro-renipress-webapp/ipress.htm?action=mostrarVer&idipress=00030198"}},{"type":"Feature","geometry":{"type":"Point","coordinates":[-75.20345549999996,-12.061971999999969]},"properties":{"objectid":6128,"nombre":"CENTRO MEDICO MARCIA","departamento":"JUNIN","provincia":"HUANCAYO","distrito":"CHILCA","institucion":"PRIVADO","codigoMinsa":28676,"direccion":"JIRÓN AREQUIPA 766 ESPALDA DEL MINISTERIO DE TRANSPORTES Y COMUNICACIONES. CHILCA HUANCAYO JUNIN","disa":"JUNIN","red":"NO PERTENECE A NINGUNA RED","microrred":"NO PERTENECE A NINGUNA MICRORED","categoria":"ESTABLECIMIENTO DE SALUD SIN INTERNAMIENTO","condicion":"ACTIVO","actualizado":"2023/08/01 19:00:00.000","fuente":"MINSA","urlRenipr":"http://app20.susalud.gob.pe:8080/registro-renipress-webapp/ipress.htm?action=mostrarVer&idipress=00028676"}},{"type":"Feature","geometry":{"type":"Point","coordinates":[-75.47543499999995,-11.765173329999982]},"properties":{"objectid":6221,"nombre":"HUERTAS","departamento":"JUNIN","provincia":"JAUJA","distrito":"HUERTAS","institucion":"GOBIERNO REGIONAL","codigoMinsa":368,"direccion":"AVENIDA AV. MAQUINHUAYOS S/N - BARRIO NÚMERO S/N DISTRITO HUERTAS PROVINCIA JAUJA DEPARTAMENTO JUNIN","disa":"JUNIN","red":"JAUJA","microrred":"HATUN XAUXA","categoria":"ESTABLECIMIENTO DE SALUD SIN INTERNAMIENTO","condicion":"ACTIVO","actualizado":"2023/08/01 19:00:00.000","fuente":"MINSA","urlRenipr":"http://app20.susalud.gob.pe:8080/registro-renipress-webapp/ipress.htm?action=mostrarVer&idipress=00000368"}},{"type":"Feature","geometry":{"type":"Point","coordinates":[-75.20152509999997,-12.065737399999932]},"properties":{"objectid":6157,"nombre":"CLINICA SANTO DOMINGO","departamento":"JUNIN","provincia":"HUANCAYO","distrito":"HUANCAYO","institucion":"PRIVADO","codigoMinsa":8516,"direccion":"AVENIDA AV. FRANCISCO SOLANO NRO. 274 DISTRITO HUANCAYO PROVINCIA HUANCAYO DEPARTAMENTO JUNIN","disa":"JUNIN","red":"","microrred":"NO PERTENECE A NINGUNA MICRORED","categoria":"ESTABLECIMIENTO DE SALUD CON INTERNAMIENTO","condicion":"ACTIVO","actualizado":"2023/08/01 19:00:00.000","fuente":"MINSA","urlRenipr":"http://app20.susalud.gob.pe:8080/registro-renipress-webapp/ipress.htm?action=mostrarVer&idipress=00008516"}},{"type":"Feature","geometry":{"type":"Point","coordinates":[-75.18068399999999,-12.11657669999994]},"properties":{"objectid":6200,"nombre":"CENTRO DE AISLAMIENTO TEMPORAL - LA COLOMBINA","departamento":"JUNIN","provincia":"HUANCAYO","distrito":"SAPALLANGA","institucion":"GOBIERNO REGIONAL","codigoMinsa":28746,"direccion":"CALLE REAL 122 URBANIZACION LA PUNTA KILOMETRO 12 DISTRITO SAPALLANGA PROVINCIA HUANCAYO DEPARTAMENTO JUNIN","disa":"JUNIN","red":"VALLE DEL MANTARO","microrred":"CHILCA","categoria":"SERVICIO MÉDICO DE APOYO","condicion":"ACTIVO","actualizado":"2023/08/01 19:00:00.000","fuente":"MINSA","urlRenipr":"http://app20.susalud.gob.pe:8080/registro-renipress-webapp/ipress.htm?action=mostrarVer&idipress=00028746"}},{"type":"Feature","geometry":{"type":"Point","coordinates":[-74.88699220999996,-12.036366559999976]},"properties":{"objectid":6202,"nombre":"SAN BALVIN","departamento":"JUNIN","provincia":"HUANCAYO","distrito":"PARIAHUANCA","institucion":"GOBIERNO REGIONAL","codigoMinsa":739,"direccion":"OTROS ACTUALIZAR DISTRITO PARIAHUANCA PROVINCIA HUANCAYO DEPARTAMENTO JUNIN","disa":"JUNIN","red":"VALLE DEL MANTARO","microrred":"LA LIBERTAD","categoria":"ESTABLECIMIENTO DE SALUD SIN INTERNAMIENTO","condicion":"ACTIVO","actualizado":"2023/08/01 19:00:00.000","fuente":"MINSA","urlRenipr":"http://app20.susalud.gob.pe:8080/registro-renipress-webapp/ipress.htm?action=mostrarVer&idipress=00000739"}},{"type":"Feature","geometry":{"type":"Point","coordinates":[-75.16411920999997,-12.316099819999977]},"properties":{"objectid":6203,"nombre":"SANTA CRUZ DE LARIA","departamento":"JUNIN","provincia":"HUANCAYO","distrito":"COLCA","institucion":"GOBIERNO REGIONAL","codigoMinsa":702,"direccion":"CALLE CALLE REAL S/N S/N CALLE REAL S/N COLCA HUANCAYO JUNIN","disa":"JUNIN","red":"VALLE DEL MANTARO","microrred":"CHILCA","categoria":"ESTABLECIMIENTO DE SALUD SIN INTERNAMIENTO","condicion":"ACTIVO","actualizado":"2023/08/01 19:00:00.000","fuente":"MINSA","urlRenipr":"http://app20.susalud.gob.pe:8080/registro-renipress-webapp/ipress.htm?action=mostrarVer&idipress=00000702"}},{"type":"Feature","geometry":{"type":"Point","coordinates":[-75.26290636999994,-11.907365049999953]},"properties":{"objectid":6204,"nombre":"CASACANCHA","departamento":"JUNIN","provincia":"HUANCAYO","distrito":"INGENIO","institucion":"GOBIERNO REGIONAL","codigoMinsa":664,"direccion":"OTROS ESTADIO PRINCIPAL 2DO BARRIO DISTRITO INGENIO PROVINCIA HUANCAYO DEPARTAMENTO JUNIN","disa":"JUNIN","red":"VALLE DEL MANTARO","microrred":"CONCEPCION","categoria":"ESTABLECIMIENTO DE SALUD SIN INTERNAMIENTO","condicion":"ACTIVO","actualizado":"2023/08/01 19:00:00.000","fuente":"MINSA","urlRenipr":"http://app20.susalud.gob.pe:8080/registro-renipress-webapp/ipress.htm?action=mostrarVer&idipress=00000664"}},{"type":"Feature","geometry":{"type":"Point","coordinates":[-75.43533412999994,-11.833343399999933]},"properties":{"objectid":6222,"nombre":"MUQUI","departamento":"JUNIN","provincia":"JAUJA","distrito":"MUQUI","institucion":"GOBIERNO REGIONAL","codigoMinsa":402,"direccion":"CALLE CALLE SANTA ROSA S/N NÚMERO S/N DISTRITO MUQUI PROVINCIA JAUJA DEPARTAMENTO JUNIN","disa":"JUNIN","red":"JAUJA","microrred":"MARGEN DERECHA","categoria":"ESTABLECIMIENTO DE SALUD SIN INTERNAMIENTO","condicion":"ACTIVO","actualizado":"2023/08/01 19:00:00.000","fuente":"MINSA","urlRenipr":"http://app20.susalud.gob.pe:8080/registro-renipress-webapp/ipress.htm?action=mostrarVer&idipress=00000402"}},{"type":"Feature","geometry":{"type":"Point","coordinates":[-75.95862674999995,-11.58001620999994]},"properties":{"objectid":6223,"nombre":"HUAYNACANCHA","departamento":"JUNIN","provincia":"YAULI","distrito":"LA OROYA","institucion":"GOBIERNO REGIONAL","codigoMinsa":560,"direccion":"AVENIDA AV. 16 DE JUNIO S/N NÚMERO S/N DISTRITO LA OROYA PROVINCIA YAULI DEPARTAMENTO JUNIN","disa":"JUNIN","red":"JAUJA","microrred":"YAULI-OROYA","categoria":"ESTABLECIMIENTO DE SALUD SIN INTERNAMIENTO","condicion":"ACTIVO","actualizado":"2023/08/01 19:00:00.000","fuente":"MINSA","urlRenipr":"http://app20.susalud.gob.pe:8080/registro-renipress-webapp/ipress.htm?action=mostrarVer&idipress=00000560"}},{"type":"Feature","geometry":{"type":"Point","coordinates":[-75.20888099999996,-12.069289999999967]},"properties":{"objectid":6226,"nombre":"CENTRAL MEDIC S.A.C.","departamento":"JUNIN","provincia":"HUANCAYO","distrito":"HUANCAYO","institucion":"PRIVADO","codigoMinsa":30613,"direccion":"JIRÓN Ancash N° 536, Piso 1 y 2, Interior 01 HUANCAYO HUANCAYO JUNIN","disa":"JUNIN","red":"","microrred":"NO PERTENECE A NINGUNA MICRORED","categoria":"ESTABLECIMIENTO DE SALUD SIN INTERNAMIENTO","condicion":"ACTIVO","actualizado":"2023/08/01 19:00:00.000","fuente":"MINSA","urlRenipr":"http://app20.susalud.gob.pe:8080/registro-renipress-webapp/ipress.htm?action=mostrarVer&idipress=00030613"}},{"type":"Feature","geometry":{"type":"Point","coordinates":[-75.91527499999995,-10.945031669999935]},"properties":{"objectid":6239,"nombre":"QUILCATACTA","departamento":"JUNIN","provincia":"JUNIN","distrito":"ULCUMAYO","institucion":"GOBIERNO REGIONAL","codigoMinsa":602,"direccion":"CALLE CALLE 3 DE MAYO S/N CP QUILCATACTA NÚMERO S/N DISTRITO ULCUMAYO PROVINCIA JUNIN DEPARTAMENTO JUNIN","disa":"JUNIN","red":"JUNIN","microrred":"ULCUMAYO","categoria":"ESTABLECIMIENTO DE SALUD SIN INTERNAMIENTO","condicion":"ACTIVO","actualizado":"2023/08/01 19:00:00.000","fuente":"MINSA","urlRenipr":"http://app20.susalud.gob.pe:8080/registro-renipress-webapp/ipress.htm?action=mostrarVer&idipress=00000602"}},{"type":"Feature","geometry":{"type":"Point","coordinates":[-76.06391666999997,-10.925309999999968]},"properties":{"objectid":6240,"nombre":"CARHUAMAYO","departamento":"JUNIN","provincia":"JUNIN","distrito":"CARHUAMAYO","institucion":"GOBIERNO REGIONAL","codigoMinsa":537,"direccion":"JIRÓN JR. TOMAS CAMPOS ARZAPALO Nº 281 DISTRITO CARHUAMAYO PROVINCIA JUNIN DEPARTAMENTO JUNIN","disa":"JUNIN","red":"JUNIN","microrred":"CARHUAMAYO","categoria":"ESTABLECIMIENTO DE SALUD SIN INTERNAMIENTO","condicion":"ACTIVO","actualizado":"2023/08/01 19:00:00.000","fuente":"MINSA","urlRenipr":"http://app20.susalud.gob.pe:8080/registro-renipress-webapp/ipress.htm?action=mostrarVer&idipress=00000537"}},{"type":"Feature","geometry":{"type":"Point","coordinates":[-75.21027077999997,-12.069653389999928]},"properties":{"objectid":6458,"nombre":"OPTICA ROMA","departamento":"JUNIN","provincia":"HUANCAYO","distrito":"HUANCAYO","institucion":"PRIVADO","codigoMinsa":13324,"direccion":"JIRÓN JR. LIMA 354 OF. 110 DISTRITO HUANCAYO PROVINCIA HUANCAYO DEPARTAMENTO JUNIN","disa":"JUNIN","red":"NO PERTENECE A NINGUNA RED","microrred":"NO PERTENECE A NINGUNA MICRORED","categoria":"SERVICIO MÉDICO DE APOYO","condicion":"ACTIVO","actualizado":"2023/08/01 19:00:00.000","fuente":"MINSA","urlRenipr":"http://app20.susalud.gob.pe:8080/registro-renipress-webapp/ipress.htm?action=mostrarVer&idipress=00013324"}},{"type":"Feature","geometry":{"type":"Point","coordinates":[-75.21007149999997,-12.068221899999969]},"properties":{"objectid":6467,"nombre":"ALERTA MEDICA HUANCAYO","departamento":"JUNIN","provincia":"HUANCAYO","distrito":"HUANCAYO","institucion":"PRIVADO","codigoMinsa":30852,"direccion":"PASAJE LAS GARDENIAS NÚMERO 190 PISO 1 DISTRITO HUANCAYO PROVINCIA HUANCAYO DEPARTAMENTO JUNIN","disa":"JUNIN","red":"","microrred":"","categoria":"ESTABLECIMIENTO DE SALUD SIN INTERNAMIENTO","condicion":"ACTIVO","actualizado":"2023/08/01 19:00:00.000","fuente":"MINSA","urlRenipr":"http://app20.susalud.gob.pe:8080/registro-renipress-webapp/ipress.htm?action=mostrarVer&idipress=00030852"}},{"type":"Feature","geometry":{"type":"Point","coordinates":[-75.68538329999996,-11.417640099999971]},"properties":{"objectid":6703,"nombre":"LABORATORIOS PEREZ ALDAVE EIRL","departamento":"JUNIN","provincia":"TARMA","distrito":"TARMA","institucion":"PRIVADO","codigoMinsa":30171,"direccion":"JIRÓN AMAZONAS NÚMERO 195 PISO 1 INTERIOR 2 DISTRITO TARMA PROVINCIA TARMA DEPARTAMENTO JUNIN","disa":"JUNIN","red":"","microrred":"","categoria":"SERVICIO MÉDICO DE APOYO","condicion":"ACTIVO","actualizado":"2023/08/01 19:00:00.000","fuente":"MINSA","urlRenipr":"http://app20.susalud.gob.pe:8080/registro-renipress-webapp/ipress.htm?action=mostrarVer&idipress=00030171"}},{"type":"Feature","geometry":{"type":"Point","coordinates":[-75.21278387999996,-12.068900619999965]},"properties":{"objectid":6724,"nombre":"VIDA.COM","departamento":"JUNIN","provincia":"HUANCAYO","distrito":"HUANCAYO","institucion":"PRIVADO","codigoMinsa":26881,"direccion":"JIRÓN PUNO NÚMERO 750 PISO 2 INTERIOR 5 DISTRITO HUANCAYO PROVINCIA HUANCAYO DEPARTAMENTO JUNIN","disa":"JUNIN","red":"NO PERTENECE A NINGUNA RED","microrred":"NO PERTENECE A NINGUNA MICRORED","categoria":"ESTABLECIMIENTO DE SALUD SIN INTERNAMIENTO","condicion":"ACTIVO","actualizado":"2023/08/01 19:00:00.000","fuente":"MINSA","urlRenipr":"http://app20.susalud.gob.pe:8080/registro-renipress-webapp/ipress.htm?action=mostrarVer&idipress=00026881"}},{"type":"Feature","geometry":{"type":"Point","coordinates":[-75.75211114999996,-11.440826969999932]},"properties":{"objectid":6790,"nombre":"SANYACANCHA","departamento":"JUNIN","provincia":"TARMA","distrito":"TARMA","institucion":"GOBIERNO REGIONAL","codigoMinsa":593,"direccion":"PLAZA PLAZA PRINCIPAL DE DURASNIOC DISTRITO TARMA PROVINCIA TARMA DEPARTAMENTO JUNIN","disa":"JUNIN","red":"TARMA","microrred":"TARMA","categoria":"ESTABLECIMIENTO DE SALUD SIN INTERNAMIENTO","condicion":"ACTIVO","actualizado":"2023/08/01 19:00:00.000","fuente":"MINSA","urlRenipr":"http://app20.susalud.gob.pe:8080/registro-renipress-webapp/ipress.htm?action=mostrarVer&idipress=00000593"}},{"type":"Feature","geometry":{"type":"Point","coordinates":[-75.58718156999998,-11.347901329999956]},"properties":{"objectid":6791,"nombre":"LLACSACACA","departamento":"JUNIN","provincia":"TARMA","distrito":"PALCA","institucion":"GOBIERNO REGIONAL","codigoMinsa":572,"direccion":"PLAZA PLAZA PRINCIPAL LLACSACACA DISTRITO PALCA PROVINCIA TARMA DEPARTAMENTO JUNIN","disa":"JUNIN","red":"TARMA","microrred":"PALCA","categoria":"ESTABLECIMIENTO DE SALUD SIN INTERNAMIENTO","condicion":"ACTIVO","actualizado":"2023/08/01 19:00:00.000","fuente":"MINSA","urlRenipr":"http://app20.susalud.gob.pe:8080/registro-renipress-webapp/ipress.htm?action=mostrarVer&idipress=00000572"}},{"type":"Feature","geometry":{"type":"Point","coordinates":[-75.62470077999996,-11.349515319999966]},"properties":{"objectid":6792,"nombre":"HUARACAYO","departamento":"JUNIN","provincia":"TARMA","distrito":"ACOBAMBA","institucion":"GOBIERNO REGIONAL","codigoMinsa":523,"direccion":"OTROS SECTOR 5 CACHUNAYOC S/N NÚMERO S/N DISTRITO ACOBAMBA PROVINCIA TARMA DEPARTAMENTO JUNIN","disa":"JUNIN","red":"TARMA","microrred":"ACOBAMBA","categoria":"ESTABLECIMIENTO DE SALUD SIN INTERNAMIENTO","condicion":"ACTIVO","actualizado":"2023/08/01 19:00:00.000","fuente":"MINSA","urlRenipr":"http://app20.susalud.gob.pe:8080/registro-renipress-webapp/ipress.htm?action=mostrarVer&idipress=00000523"}},{"type":"Feature","geometry":{"type":"Point","coordinates":[-75.69191589999997,-11.447465119999947]},"properties":{"objectid":6793,"nombre":"CARHUACATAC","departamento":"JUNIN","provincia":"TARMA","distrito":"TARMA","institucion":"GOBIERNO REGIONAL","codigoMinsa":591,"direccion":"CALLE CALLE ANDRES A. CACERES S/N NÚMERO S/N DISTRITO TARMA PROVINCIA TARMA DEPARTAMENTO JUNIN","disa":"JUNIN","red":"TARMA","microrred":"TARMA","categoria":"ESTABLECIMIENTO DE SALUD SIN INTERNAMIENTO","condicion":"ACTIVO","actualizado":"2023/08/01 19:00:00.000","fuente":"MINSA","urlRenipr":"http://app20.susalud.gob.pe:8080/registro-renipress-webapp/ipress.htm?action=mostrarVer&idipress=00000591"}},{"type":"Feature","geometry":{"type":"Point","coordinates":[-75.64652931999996,-11.21812327999993]},"properties":{"objectid":6794,"nombre":"HUACUAS","departamento":"JUNIN","provincia":"TARMA","distrito":"HUASAHUASI","institucion":"GOBIERNO REGIONAL","codigoMinsa":545,"direccion":"CARRETERA OGAPASHA, CARRETERA CENTRAL A COCTOSH OGAPASHA, CARRETERA CENTRAL A COCTOSH HUASAHUASI TARMA JUNIN","disa":"JUNIN","red":"TARMA","microrred":"HUASAHUASI","categoria":"ESTABLECIMIENTO DE SALUD SIN INTERNAMIENTO","condicion":"ACTIVO","actualizado":"2023/08/01 19:00:00.000","fuente":"MINSA","urlRenipr":"http://app20.susalud.gob.pe:8080/registro-renipress-webapp/ipress.htm?action=mostrarVer&idipress=00000545"}},{"type":"Feature","geometry":{"type":"Point","coordinates":[-75.23030509999995,-12.058821899999941]},"properties":{"objectid":6948,"nombre":"CLÍNICA MEDICA SALAZAR","departamento":"JUNIN","provincia":"HUANCAYO","distrito":"HUANCAYO","institucion":"PRIVADO","codigoMinsa":24425,"direccion":"JIRÓN FRANCISCO SOLANO NÚMERO 142 DISTRITO HUANCAYO PROVINCIA HUANCAYO DEPARTAMENTO JUNIN","disa":"JUNIN","red":"NO PERTENECE A NINGUNA RED","microrred":"NO PERTENECE A NINGUNA MICRORED","categoria":"ESTABLECIMIENTO DE SALUD CON INTERNAMIENTO","condicion":"ACTIVO","actualizado":"2023/08/01 19:00:00.000","fuente":"MINSA","urlRenipr":"http://app20.susalud.gob.pe:8080/registro-renipress-webapp/ipress.htm?action=mostrarVer&idipress=00024425"}},{"type":"Feature","geometry":{"type":"Point","coordinates":[-75.28245166999994,-10.953556669999955]},"properties":{"objectid":7050,"nombre":"VILLA PROGRESO","departamento":"JUNIN","provincia":"CHANCHAMAYO","distrito":"CHANCHAMAYO","institucion":"GOBIERNO REGIONAL","codigoMinsa":311,"direccion":"OTROS CENTRO POBLADO VILLA PROGRESO DISTRITO CHANCHAMAYO PROVINCIA CHANCHAMAYO DEPARTAMENTO JUNIN","disa":"JUNIN","red":"CHANCHAMAYO","microrred":"SAN LUIS DE SHUARO","categoria":"ESTABLECIMIENTO DE SALUD SIN INTERNAMIENTO","condicion":"ACTIVO","actualizado":"2023/08/01 19:00:00.000","fuente":"MINSA","urlRenipr":"http://app20.susalud.gob.pe:8080/registro-renipress-webapp/ipress.htm?action=mostrarVer&idipress=00000311"}},{"type":"Feature","geometry":{"type":"Point","coordinates":[-74.98782179999995,-11.020127729999956]},"properties":{"objectid":7051,"nombre":"CONDADO PICHIKIARI","departamento":"JUNIN","provincia":"CHANCHAMAYO","distrito":"PICHANAQUI","institucion":"GOBIERNO REGIONAL","codigoMinsa":347,"direccion":"PLAZA PLAZA PRINCIPAL DEL CENTRO POBLADO DE CONDADO PICHIKIARI DISTRITO PICHANAQUI PROVINCIA CHANCHAMAYO DEPARTAMENTO JUNIN","disa":"JUNIN","red":"PICHANAKI","microrred":"CUYANI","categoria":"ESTABLECIMIENTO DE SALUD SIN INTERNAMIENTO","condicion":"ACTIVO","actualizado":"2023/08/01 19:00:00.000","fuente":"MINSA","urlRenipr":"http://app20.susalud.gob.pe:8080/registro-renipress-webapp/ipress.htm?action=mostrarVer&idipress=00000347"}},{"type":"Feature","geometry":{"type":"Point","coordinates":[-75.90164879999998,-11.519261599999936]},"properties":{"objectid":7232,"nombre":"CENTRO DE ASISTENCIA MÉDICA Y MEDICINA OCUPACIONAL CLÍNICA GONZÁLES SEDE LA OROYA","departamento":"JUNIN","provincia":"YAULI","distrito":"SANTA ROSA DE SACCO","institucion":"PRIVADO","codigoMinsa":15855,"direccion":"AVENIDA AV. ARÉVALO 1031 - URB. TACARPANA - SANTA ROSA DE SACCO DISTRITO SANTA ROSA DE SACCO PROVINCIA YAULI DEPARTAMENTO JUNIN","disa":"JUNIN","red":"NO PERTENECE A NINGUNA RED","microrred":"NO PERTENECE A NINGUNA MICRORED","categoria":"ESTABLECIMIENTO DE SALUD CON INTERNAMIENTO","condicion":"ACTIVO","actualizado":"2023/08/01 19:00:00.000","fuente":"MINSA","urlRenipr":"http://app20.susalud.gob.pe:8080/registro-renipress-webapp/ipress.htm?action=mostrarVer&idipress=00015855"}},{"type":"Feature","geometry":{"type":"Point","coordinates":[-76.13923599999998,-11.611309999999946]},"properties":{"objectid":7275,"nombre":"ESTABLECIMIENTO DE SALUD TUCTU","departamento":"JUNIN","provincia":"YAULI","distrito":"MOROCOCHA","institucion":"PRIVADO","codigoMinsa":25650,"direccion":"CARRETERA CARRETERA CENTRAL KM 160 DISTRITO MOROCOCHA PROVINCIA YAULI DEPARTAMENTO JUNIN","disa":"JUNIN","red":"NO PERTENECE A NINGUNA RED","microrred":"NO PERTENECE A NINGUNA MICRORED","categoria":"ESTABLECIMIENTO DE SALUD SIN INTERNAMIENTO","condicion":"ACTIVO","actualizado":"2023/08/01 19:00:00.000","fuente":"MINSA","urlRenipr":"http://app20.susalud.gob.pe:8080/registro-renipress-webapp/ipress.htm?action=mostrarVer&idipress=00025650"}},{"type":"Feature","geometry":{"type":"Point","coordinates":[-75.21450499999997,-12.06234429999995]},"properties":{"objectid":7280,"nombre":"NATCLAR HUANCAYO","departamento":"JUNIN","provincia":"HUANCAYO","distrito":"EL TAMBO","institucion":"PRIVADO","codigoMinsa":21826,"direccion":"JIRÓN JR. 2 DE MAYO # 512 / EL TAMBO DISTRITO EL TAMBO PROVINCIA HUANCAYO DEPARTAMENTO JUNIN","disa":"JUNIN","red":"NO PERTENECE A NINGUNA RED","microrred":"NO PERTENECE A NINGUNA MICRORED","categoria":"ESTABLECIMIENTO DE SALUD SIN INTERNAMIENTO","condicion":"ACTIVO","actualizado":"2023/08/01 19:00:00.000","fuente":"MINSA","urlRenipr":"http://app20.susalud.gob.pe:8080/registro-renipress-webapp/ipress.htm?action=mostrarVer&idipress=00021826"}},{"type":"Feature","geometry":{"type":"Point","coordinates":[-75.21055240999993,-12.068908479999948]},"properties":{"objectid":7307,"nombre":"DENTAL JORGE HERRAN RATH","departamento":"JUNIN","provincia":"HUANCAYO","distrito":"HUANCAYO","institucion":"PRIVADO","codigoMinsa":26868,"direccion":"JIRÓN Paseo La Breña NÚMERO 125 PISO 3 DEPARTAMENTO 211 DISTRITO HUANCAYO PROVINCIA HUANCAYO DEPARTAMENTO JUNIN","disa":"","red":"","microrred":"","categoria":"ESTABLECIMIENTO DE SALUD SIN INTERNAMIENTO","condicion":"RETIRO VOLUNTARIO","actualizado":"2023/08/01 19:00:00.000","fuente":"MINSA","urlRenipr":"http://app20.susalud.gob.pe:8080/registro-renipress-webapp/ipress.htm?action=mostrarVer&idipress=00026868"}},{"type":"Feature","geometry":{"type":"Point","coordinates":[-75.21355079999995,-12.069257599999958]},"properties":{"objectid":7314,"nombre":"MEDICENTRO MARIA AUXILIADORA","departamento":"JUNIN","provincia":"HUANCAYO","distrito":"HUANCAYO","institucion":"PRIVADO","codigoMinsa":23869,"direccion":"JIRÓN PUNO NÚMERO 840 PISO 2 DISTRITO HUANCAYO PROVINCIA HUANCAYO DEPARTAMENTO JUNIN","disa":"JUNIN","red":"NO PERTENECE A NINGUNA RED","microrred":"NO PERTENECE A NINGUNA MICRORED","categoria":"ESTABLECIMIENTO DE SALUD SIN INTERNAMIENTO","condicion":"ACTIVO","actualizado":"2023/08/01 19:00:00.000","fuente":"MINSA","urlRenipr":"http://app20.susalud.gob.pe:8080/registro-renipress-webapp/ipress.htm?action=mostrarVer&idipress=00023869"}},{"type":"Feature","geometry":{"type":"Point","coordinates":[-75.21432346999995,-12.06312749999995]},"properties":{"objectid":7345,"nombre":"FERTILIDAD PERÚ CLÍNICA ESPECIALIZADA DE REPRODUCCIÓN HUMANA","departamento":"JUNIN","provincia":"HUANCAYO","distrito":"EL TAMBO","institucion":"PRIVADO","codigoMinsa":21074,"direccion":"AVENIDA AV. 13 DE NOVIEMBRE N° 534 DISTRITO EL TAMBO PROVINCIA HUANCAYO DEPARTAMENTO JUNIN","disa":"JUNIN","red":"NO PERTENECE A NINGUNA RED","microrred":"NO PERTENECE A NINGUNA MICRORED","categoria":"ESTABLECIMIENTO DE SALUD SIN INTERNAMIENTO","condicion":"ACTIVO","actualizado":"2023/08/01 19:00:00.000","fuente":"MINSA","urlRenipr":"http://app20.susalud.gob.pe:8080/registro-renipress-webapp/ipress.htm?action=mostrarVer&idipress=00021074"}},{"type":"Feature","geometry":{"type":"Point","coordinates":[-74.47921896999998,-11.375247309999963]},"properties":{"objectid":7687,"nombre":"SAN JOSE DE MIRAFLORES","departamento":"JUNIN","provincia":"SATIPO","distrito":"MAZAMARI - PANGOA","institucion":"GOBIERNO REGIONAL","codigoMinsa":440,"direccion":"OTROS CENTRO POBLADO SAN JOSE DE MIRAFLORES DISTRITO PANGOA PROVINCIA SATIPO DEPARTAMENTO JUNIN","disa":"JUNIN","red":"SAN MARTIN DE PANGOA","microrred":"SAN RAMON DE PANGOA","categoria":"ESTABLECIMIENTO DE SALUD SIN INTERNAMIENTO","condicion":"ACTIVO","actualizado":"2023/08/01 19:00:00.000","fuente":"MINSA","urlRenipr":"http://app20.susalud.gob.pe:8080/registro-renipress-webapp/ipress.htm?action=mostrarVer&idipress=00000440"}},{"type":"Feature","geometry":{"type":"Point","coordinates":[-74.67954257999997,-11.352648439999939]},"properties":{"objectid":7689,"nombre":"PALMAPAMPA","departamento":"JUNIN","provincia":"SATIPO","distrito":"COVIRIALI","institucion":"GOBIERNO REGIONAL","codigoMinsa":7186,"direccion":"OTROS ANEXO PALMAPAMPA - COVIRIALI DISTRITO COVIRIALI PROVINCIA SATIPO DEPARTAMENTO JUNIN","disa":"JUNIN","red":"SATIPO","microrred":"RIO NEGRO-SATIPO","categoria":"ESTABLECIMIENTO DE SALUD SIN INTERNAMIENTO","condicion":"ACTIVO","actualizado":"2023/08/01 19:00:00.000","fuente":"MINSA","urlRenipr":"http://app20.susalud.gob.pe:8080/registro-renipress-webapp/ipress.htm?action=mostrarVer&idipress=00007186"}},{"type":"Feature","geometry":{"type":"Point","coordinates":[-74.75605998999998,-11.318394329999933]},"properties":{"objectid":7690,"nombre":"PAMPA MANDARINA","departamento":"JUNIN","provincia":"SATIPO","distrito":"PAMPA HERMOSA","institucion":"GOBIERNO REGIONAL","codigoMinsa":7185,"direccion":"CARRETERA CARRETERA A PAMPA MANDARINA DISTRITO PAMPA HERMOSA PROVINCIA SATIPO DEPARTAMENTO JUNIN","disa":"JUNIN","red":"SATIPO","microrred":"RIO NEGRO-SATIPO","categoria":"ESTABLECIMIENTO DE SALUD SIN INTERNAMIENTO","condicion":"ACTIVO","actualizado":"2023/08/01 19:00:00.000","fuente":"MINSA","urlRenipr":"http://app20.susalud.gob.pe:8080/registro-renipress-webapp/ipress.htm?action=mostrarVer&idipress=00007185"}},{"type":"Feature","geometry":{"type":"Point","coordinates":[-74.00275222999994,-12.244249209999964]},"properties":{"objectid":7691,"nombre":"BOCA MANTARO","departamento":"JUNIN","provincia":"SATIPO","distrito":"VIZCATAN DEL ENE","institucion":"GOBIERNO REGIONAL","codigoMinsa":507,"direccion":"OTROS COMUNIDAD DE BOCA MANTARO NÚMERO SN DISTRITO VIZCATAN DEL ENE PROVINCIA SATIPO DEPARTAMENTO JUNIN","disa":"JUNIN","red":"SATIPO","microrred":"VALLE ESMERALDA","categoria":"ESTABLECIMIENTO DE SALUD SIN INTERNAMIENTO","condicion":"ACTIVO","actualizado":"2023/08/01 19:00:00.000","fuente":"MINSA","urlRenipr":"http://app20.susalud.gob.pe:8080/registro-renipress-webapp/ipress.htm?action=mostrarVer&idipress=00000507"}},{"type":"Feature","geometry":{"type":"Point","coordinates":[-74.80871579999996,-11.170108109999944]},"properties":{"objectid":7692,"nombre":"HUAHUARI","departamento":"JUNIN","provincia":"SATIPO","distrito":"RIO NEGRO","institucion":"GOBIERNO REGIONAL","codigoMinsa":477,"direccion":"OTROS COMUNIDAD HUAHUARI NÚMERO S/N DISTRITO RIO NEGRO PROVINCIA SATIPO DEPARTAMENTO JUNIN","disa":"JUNIN","red":"SATIPO","microrred":"RIO NEGRO-SATIPO","categoria":"ESTABLECIMIENTO DE SALUD SIN INTERNAMIENTO","condicion":"ACTIVO","actualizado":"2023/08/01 19:00:00.000","fuente":"MINSA","urlRenipr":"http://app20.susalud.gob.pe:8080/registro-renipress-webapp/ipress.htm?action=mostrarVer&idipress=00000477"}},{"type":"Feature","geometry":{"type":"Point","coordinates":[-73.71334252999998,-10.862474609999936]},"properties":{"objectid":7693,"nombre":"BOCA CHEMBO","departamento":"JUNIN","provincia":"SATIPO","distrito":"RIO TAMBO","institucion":"GOBIERNO REGIONAL","codigoMinsa":463,"direccion":"OTROS COMUNIDAD NATIVA BOCA CHEMBO DISTRITO RIO TAMBO PROVINCIA SATIPO DEPARTAMENTO JUNIN","disa":"JUNIN","red":"SATIPO","microrred":"POYENI","categoria":"ESTABLECIMIENTO DE SALUD SIN INTERNAMIENTO","condicion":"ACTIVO","actualizado":"2023/08/01 19:00:00.000","fuente":"MINSA","urlRenipr":"http://app20.susalud.gob.pe:8080/registro-renipress-webapp/ipress.htm?action=mostrarVer&idipress=00000463"}},{"type":"Feature","geometry":{"type":"Point","coordinates":[-73.66857104999997,-11.257954619999964]},"properties":{"objectid":7694,"nombre":"POYENI","departamento":"JUNIN","provincia":"SATIPO","distrito":"RIO TAMBO","institucion":"GOBIERNO REGIONAL","codigoMinsa":462,"direccion":"OTROS COMUNIDAD NATIVA POYENI DISTRITO RIO TAMBO PROVINCIA SATIPO DEPARTAMENTO JUNIN","disa":"JUNIN","red":"SATIPO","microrred":"POYENI","categoria":"ESTABLECIMIENTO DE SALUD SIN INTERNAMIENTO","condicion":"ACTIVO","actualizado":"2023/08/01 19:00:00.000","fuente":"MINSA","urlRenipr":"http://app20.susalud.gob.pe:8080/registro-renipress-webapp/ipress.htm?action=mostrarVer&idipress=00000462"}},{"type":"Feature","geometry":{"type":"Point","coordinates":[-74.63943309999996,-11.255547799999931]},"properties":{"objectid":7695,"nombre":"COMUNIDAD NATIVA SHANQUI","departamento":"JUNIN","provincia":"SATIPO","distrito":"SATIPO","institucion":"GOBIERNO REGIONAL","codigoMinsa":29375,"direccion":"CAMINO RURAL COMUNIDAD NATIVA SHANQUI DISTRITO SATIPO PROVINCIA SATIPO DEPARTAMENTO JUNIN","disa":"JUNIN","red":"SATIPO","microrred":"RIO NEGRO-SATIPO","categoria":"ESTABLECIMIENTO DE SALUD SIN INTERNAMIENTO","condicion":"ACTIVO","actualizado":"2023/08/01 19:00:00.000","fuente":"MINSA","urlRenipr":"http://app20.susalud.gob.pe:8080/registro-renipress-webapp/ipress.htm?action=mostrarVer&idipress=00029375"}},{"type":"Feature","geometry":{"type":"Point","coordinates":[-75.93727629999995,-11.787384189999955]},"properties":{"objectid":7788,"nombre":"POSTA MÉDICA UNIDAD MEDICA ANDAYCHAGUA","departamento":"JUNIN","provincia":"YAULI","distrito":"HUAY-HUAY","institucion":"PRIVADO","codigoMinsa":25666,"direccion":"OTROS UNIDAD MINERA VOLCAN ANDAYCHAGUA DISTRITO HUAY HUAY PROVINCIA YAULI DEPARTAMENTO JUNIN","disa":"JUNIN","red":"NO PERTENECE A NINGUNA RED","microrred":"NO PERTENECE A NINGUNA MICRORED","categoria":"ESTABLECIMIENTO DE SALUD SIN INTERNAMIENTO","condicion":"ACTIVO","actualizado":"2023/08/01 19:00:00.000","fuente":"MINSA","urlRenipr":"http://app20.susalud.gob.pe:8080/registro-renipress-webapp/ipress.htm?action=mostrarVer&idipress=00025666"}},{"type":"Feature","geometry":{"type":"Point","coordinates":[-75.22094328999998,-12.073485449999964]},"properties":{"objectid":7795,"nombre":"CLINICA SANTA CRUZ","departamento":"JUNIN","provincia":"HUANCAYO","distrito":"HUANCAYO","institucion":"PRIVADO","codigoMinsa":18777,"direccion":"AVENIDA AV. DANIEL ALCIDES CARRION Nº 1545 DISTRITO HUANCAYO PROVINCIA HUANCAYO DEPARTAMENTO JUNIN","disa":"JUNIN","red":"NO PERTENECE A NINGUNA RED","microrred":"NO PERTENECE A NINGUNA MICRORED","categoria":"ESTABLECIMIENTO DE SALUD SIN INTERNAMIENTO","condicion":"ACTIVO","actualizado":"2023/08/01 19:00:00.000","fuente":"MINSA","urlRenipr":"http://app20.susalud.gob.pe:8080/registro-renipress-webapp/ipress.htm?action=mostrarVer&idipress=00018777"}},{"type":"Feature","geometry":{"type":"Point","coordinates":[-75.49707179999996,-11.776859099999967]},"properties":{"objectid":7837,"nombre":"Centro de Ecodiagnóstico \"San Pablo\"","departamento":"JUNIN","provincia":"JAUJA","distrito":"JAUJA","institucion":"PRIVADO","codigoMinsa":25328,"direccion":"JIRÓN San Martín NÚMERO 1120 PISO 1 DISTRITO JAUJA PROVINCIA JAUJA DEPARTAMENTO JUNIN","disa":"JUNIN","red":"NO PERTENECE A NINGUNA RED","microrred":"NO PERTENECE A NINGUNA MICRORED","categoria":"SERVICIO MÉDICO DE APOYO","condicion":"ACTIVO","actualizado":"2023/08/01 19:00:00.000","fuente":"MINSA","urlRenipr":"http://app20.susalud.gob.pe:8080/registro-renipress-webapp/ipress.htm?action=mostrarVer&idipress=00025328"}},{"type":"Feature","geometry":{"type":"Point","coordinates":[-75.21029759999993,-12.068635699999959]},"properties":{"objectid":7931,"nombre":"CONSULTORIO - CENTRO REUMATOLOGICO MAYORCA","departamento":"JUNIN","provincia":"HUANCAYO","distrito":"HUANCAYO","institucion":"PRIVADO","codigoMinsa":27004,"direccion":"AVENIDA FRANCISCO SOLANO N?ERO 290 PISO 1 URBANIZACI? SAN CARLOS DISTRITO HUANCAYO PROVINCIA HUANCAYO DEPARTAMENTO JUNIN","disa":"JUNIN","red":"NO PERTENECE A NINGUNA RED","microrred":"NO PERTENECE A NINGUNA MICRORED","categoria":"ESTABLECIMIENTO DE SALUD SIN INTERNAMIENTO","condicion":"ACTIVO","actualizado":"2023/08/01 19:00:00.000","fuente":"MINSA","urlRenipr":"http://app20.susalud.gob.pe:8080/registro-renipress-webapp/ipress.htm?action=mostrarVer&idipress=00027004"}},{"type":"Feature","geometry":{"type":"Point","coordinates":[-75.34340601999997,-12.02220583999997]},"properties":{"objectid":7932,"nombre":"HUACHAC","departamento":"JUNIN","provincia":"CHUPACA","distrito":"HUACHAC","institucion":"GOBIERNO REGIONAL","codigoMinsa":651,"direccion":"JIRÓN JR. FELIPE VILCHEZ S/N NÚMERO S/N DISTRITO HUACHAC PROVINCIA CHUPACA DEPARTAMENTO JUNIN","disa":"JUNIN","red":"RED DE SALUD CHUPACA","microrred":"HUACHAC","categoria":"ESTABLECIMIENTO DE SALUD SIN INTERNAMIENTO","condicion":"ACTIVO","actualizado":"2023/08/01 19:00:00.000","fuente":"MINSA","urlRenipr":"http://app20.susalud.gob.pe:8080/registro-renipress-webapp/ipress.htm?action=mostrarVer&idipress=00000651"}},{"type":"Feature","geometry":{"type":"Point","coordinates":[-75.24627961999994,-12.104744639999979]},"properties":{"objectid":7933,"nombre":"TRES DE DICIEMBRE","departamento":"JUNIN","provincia":"CHUPACA","distrito":"TRES DE DICIEMBRE","institucion":"GOBIERNO REGIONAL","codigoMinsa":660,"direccion":"AVENIDA AV. PROGRESO S/N BARRIO SAN ISIDRO S/N AV. PROGRESO S/N BARRIO SAN ISIDRO TRES DE DICIEMBRE CHUPACA JUNIN","disa":"JUNIN","red":"RED DE SALUD CHUPACA","microrred":"CHUPACA","categoria":"ESTABLECIMIENTO DE SALUD SIN INTERNAMIENTO","condicion":"ACTIVO","actualizado":"2023/08/01 19:00:00.000","fuente":"MINSA","urlRenipr":"http://app20.susalud.gob.pe:8080/registro-renipress-webapp/ipress.htm?action=mostrarVer&idipress=00000660"}},{"type":"Feature","geometry":{"type":"Point","coordinates":[-74.63893499999995,-11.252482799999939]},"properties":{"objectid":8085,"nombre":"POLICLINICO ESTABRIDIS","departamento":"JUNIN","provincia":"SATIPO","distrito":"SATIPO","institucion":"PRIVADO","codigoMinsa":14400,"direccion":"JIRÓN JIRÓN COLONOS FUNDADORES Nº 368 INT 2 DISTRITO SATIPO PROVINCIA SATIPO DEPARTAMENTO JUNIN","disa":"JUNIN","red":"NO PERTENECE A NINGUNA RED","microrred":"NO PERTENECE A NINGUNA MICRORED","categoria":"ESTABLECIMIENTO DE SALUD SIN INTERNAMIENTO","condicion":"ACTIVO","actualizado":"2023/08/01 19:00:00.000","fuente":"MINSA","urlRenipr":"http://app20.susalud.gob.pe:8080/registro-renipress-webapp/ipress.htm?action=mostrarVer&idipress=00014400"}},{"type":"Feature","geometry":{"type":"Point","coordinates":[-74.90625652999995,-11.057817329999978]},"properties":{"objectid":8195,"nombre":"BARINETTI REAL","departamento":"JUNIN","provincia":"CHANCHAMAYO","distrito":"PICHANAQUI","institucion":"GOBIERNO REGIONAL","codigoMinsa":6712,"direccion":"AVENIDA AV. PERU S/N S/N AV. PERU S/N PICHANAQUI CHANCHAMAYO JUNIN","disa":"JUNIN","red":"PICHANAKI","microrred":"CUYANI","categoria":"ESTABLECIMIENTO DE SALUD SIN INTERNAMIENTO","condicion":"ACTIVO","actualizado":"2023/08/01 19:00:00.000","fuente":"MINSA","urlRenipr":"http://app20.susalud.gob.pe:8080/registro-renipress-webapp/ipress.htm?action=mostrarVer&idipress=00006712"}},{"type":"Feature","geometry":{"type":"Point","coordinates":[-74.99714608999994,-11.02048745999997]},"properties":{"objectid":8196,"nombre":"MIRICHARO","departamento":"JUNIN","provincia":"CHANCHAMAYO","distrito":"PERENE","institucion":"GOBIERNO REGIONAL","codigoMinsa":337,"direccion":"CARRETERA CARRETERA PRICNCIPAL S/N MIRISHARO S/N CARRETERA PRICNCIPAL S/N MIRISHARO PERENE CHANCHAMAYO JUNIN","disa":"JUNIN","red":"PICHANAKI","microrred":"CIUDAD SATELITE","categoria":"ESTABLECIMIENTO DE SALUD SIN INTERNAMIENTO","condicion":"ACTIVO","actualizado":"2023/08/01 19:00:00.000","fuente":"MINSA","urlRenipr":"http://app20.susalud.gob.pe:8080/registro-renipress-webapp/ipress.htm?action=mostrarVer&idipress=00000337"}},{"type":"Feature","geometry":{"type":"Point","coordinates":[-74.63711539999997,-11.252677999999946]},"properties":{"objectid":8216,"nombre":"CENTRO MEDICO PASAPORTE VERDE","departamento":"JUNIN","provincia":"SATIPO","distrito":"SATIPO","institucion":"PRIVADO","codigoMinsa":29306,"direccion":"CALLE CALLE A 324 SANTA LEONOR ENTRE CALLE 10 Y CALLE 11 SATIPO SATIPO JUNIN","disa":"JUNIN","red":"","microrred":"NO PERTENECE A NINGUNA MICRORED","categoria":"ESTABLECIMIENTO DE SALUD SIN INTERNAMIENTO","condicion":"ACTIVO","actualizado":"2023/08/01 19:00:00.000","fuente":"MINSA","urlRenipr":"http://app20.susalud.gob.pe:8080/registro-renipress-webapp/ipress.htm?action=mostrarVer&idipress=00029306"}},{"type":"Feature","geometry":{"type":"Point","coordinates":[-75.21014659999997,-12.076143029999969]},"properties":{"objectid":8229,"nombre":"CENTRO INTEGRAL ODONTOLOGICO CLASE A","departamento":"JUNIN","provincia":"HUANCAYO","distrito":"HUANCAYO","institucion":"PRIVADO","codigoMinsa":29305,"direccion":"JIRÓN JUNIN 1139 1 ENTRE EL JR. TARAPACA Y JR. ANGARAES HUANCAYO HUANCAYO JUNIN","disa":"JUNIN","red":"","microrred":"NO PERTENECE A NINGUNA MICRORED","categoria":"ESTABLECIMIENTO DE SALUD SIN INTERNAMIENTO","condicion":"ACTIVO","actualizado":"2023/08/01 19:00:00.000","fuente":"MINSA","urlRenipr":"http://app20.susalud.gob.pe:8080/registro-renipress-webapp/ipress.htm?action=mostrarVer&idipress=00029305"}},{"type":"Feature","geometry":{"type":"Point","coordinates":[-75.28153973999997,-12.017058599999928]},"properties":{"objectid":8289,"nombre":"SICAYA","departamento":"JUNIN","provincia":"HUANCAYO","distrito":"SICAYA","institucion":"GOBIERNO REGIONAL","codigoMinsa":726,"direccion":"OTROS ACTUALIZAR DISTRITO SICAYA PROVINCIA HUANCAYO DEPARTAMENTO JUNIN","disa":"JUNIN","red":"VALLE DEL MANTARO","microrred":"EL TAMBO","categoria":"ESTABLECIMIENTO DE SALUD SIN INTERNAMIENTO","condicion":"ACTIVO","actualizado":"2023/08/01 19:00:00.000","fuente":"MINSA","urlRenipr":"http://app20.susalud.gob.pe:8080/registro-renipress-webapp/ipress.htm?action=mostrarVer&idipress=00000726"}},{"type":"Feature","geometry":{"type":"Point","coordinates":[-75.36643379999998,-11.885625489999939]},"properties":{"objectid":8290,"nombre":"MARAVILCA","departamento":"JUNIN","provincia":"CONCEPCION","distrito":"MATAHUASI","institucion":"GOBIERNO REGIONAL","codigoMinsa":688,"direccion":"CALLE CALLE LOS INCAS S/N NÚMERO S/N DISTRITO MATAHUASI PROVINCIA CONCEPCION DEPARTAMENTO JUNIN","disa":"JUNIN","red":"VALLE DEL MANTARO","microrred":"CONCEPCION","categoria":"ESTABLECIMIENTO DE SALUD SIN INTERNAMIENTO","condicion":"ACTIVO","actualizado":"2023/08/01 19:00:00.000","fuente":"MINSA","urlRenipr":"http://app20.susalud.gob.pe:8080/registro-renipress-webapp/ipress.htm?action=mostrarVer&idipress=00000688"}},{"type":"Feature","geometry":{"type":"Point","coordinates":[-75.12401817999995,-12.174651769999969]},"properties":{"objectid":8292,"nombre":"RAQUINA","departamento":"JUNIN","provincia":"HUANCAYO","distrito":"PUCARA","institucion":"GOBIERNO REGIONAL","codigoMinsa":626,"direccion":"OTROS RAQUINA DISTRITO PUCARA PROVINCIA HUANCAYO DEPARTAMENTO JUNIN","disa":"JUNIN","red":"VALLE DEL MANTARO","microrred":"CHILCA","categoria":"ESTABLECIMIENTO DE SALUD SIN INTERNAMIENTO","condicion":"ACTIVO","actualizado":"2023/08/01 19:00:00.000","fuente":"MINSA","urlRenipr":"http://app20.susalud.gob.pe:8080/registro-renipress-webapp/ipress.htm?action=mostrarVer&idipress=00000626"}},{"type":"Feature","geometry":{"type":"Point","coordinates":[-75.31960211999996,-11.89467966999996]},"properties":{"objectid":8293,"nombre":"NUEVE DE JULIO","departamento":"JUNIN","provincia":"CONCEPCION","distrito":"NUEVE DE JULIO","institucion":"GOBIERNO REGIONAL","codigoMinsa":690,"direccion":"AVENIDA AV. MANUEL PRADO S/N NÚMERO S/N DISTRITO NUEVE DE JULIO PROVINCIA CONCEPCION DEPARTAMENTO JUNIN","disa":"JUNIN","red":"VALLE DEL MANTARO","microrred":"CONCEPCION","categoria":"ESTABLECIMIENTO DE SALUD SIN INTERNAMIENTO","condicion":"ACTIVO","actualizado":"2023/08/01 19:00:00.000","fuente":"MINSA","urlRenipr":"http://app20.susalud.gob.pe:8080/registro-renipress-webapp/ipress.htm?action=mostrarVer&idipress=00000690"}},{"type":"Feature","geometry":{"type":"Point","coordinates":[-75.19559008999994,-12.092696779999926]},"properties":{"objectid":8294,"nombre":"AZAPAMPA","departamento":"JUNIN","provincia":"HUANCAYO","distrito":"CHILCA","institucion":"GOBIERNO REGIONAL","codigoMinsa":609,"direccion":"OTROS ACTUALIZAR ACTUALIZAR CHILCA HUANCAYO JUNIN","disa":"JUNIN","red":"VALLE DEL MANTARO","microrred":"CHILCA","categoria":"ESTABLECIMIENTO DE SALUD SIN INTERNAMIENTO","condicion":"ACTIVO","actualizado":"2023/08/01 19:00:00.000","fuente":"MINSA","urlRenipr":"http://app20.susalud.gob.pe:8080/registro-renipress-webapp/ipress.htm?action=mostrarVer&idipress=00000609"}},{"type":"Feature","geometry":{"type":"Point","coordinates":[-75.19730676999995,-12.11880741999994]},"properties":{"objectid":8295,"nombre":"HUAYLLASPANCA","departamento":"JUNIN","provincia":"HUANCAYO","distrito":"SAPALLANGA","institucion":"GOBIERNO REGIONAL","codigoMinsa":634,"direccion":"OTROS ACTUALIZAR DISTRITO SAPALLANGA PROVINCIA HUANCAYO DEPARTAMENTO JUNIN","disa":"JUNIN","red":"VALLE DEL MANTARO","microrred":"CHILCA","categoria":"ESTABLECIMIENTO DE SALUD SIN INTERNAMIENTO","condicion":"ACTIVO","actualizado":"2023/08/01 19:00:00.000","fuente":"MINSA","urlRenipr":"http://app20.susalud.gob.pe:8080/registro-renipress-webapp/ipress.htm?action=mostrarVer&idipress=00000634"}},{"type":"Feature","geometry":{"type":"Point","coordinates":[-75.21879759999996,-12.125281399999949]},"properties":{"objectid":8296,"nombre":"HUMANMARCA","departamento":"JUNIN","provincia":"HUANCAYO","distrito":"HUAYUCACHI","institucion":"GOBIERNO REGIONAL","codigoMinsa":623,"direccion":"CALLE CALLE CESAR VALLEJO S/N NÚMERO S/N DISTRITO HUAYUCACHI PROVINCIA HUANCAYO DEPARTAMENTO JUNIN","disa":"JUNIN","red":"VALLE DEL MANTARO","microrred":"CHILCA","categoria":"ESTABLECIMIENTO DE SALUD SIN INTERNAMIENTO","condicion":"ACTIVO","actualizado":"2023/08/01 19:00:00.000","fuente":"MINSA","urlRenipr":"http://app20.susalud.gob.pe:8080/registro-renipress-webapp/ipress.htm?action=mostrarVer&idipress=00000623"}},{"type":"Feature","geometry":{"type":"Point","coordinates":[-75.22898639999994,-12.040575409999974]},"properties":{"objectid":8297,"nombre":"1RO DE MAYO","departamento":"JUNIN","provincia":"HUANCAYO","distrito":"EL TAMBO","institucion":"GOBIERNO REGIONAL","codigoMinsa":18190,"direccion":"CALLE CALLE AREQUIPA Y DOLOMITA S/N NÚMERO S/N DISTRITO EL TAMBO PROVINCIA HUANCAYO DEPARTAMENTO JUNIN","disa":"JUNIN","red":"VALLE DEL MANTARO","microrred":"EL TAMBO","categoria":"ESTABLECIMIENTO DE SALUD SIN INTERNAMIENTO","condicion":"ACTIVO","actualizado":"2023/08/01 19:00:00.000","fuente":"MINSA","urlRenipr":"http://app20.susalud.gob.pe:8080/registro-renipress-webapp/ipress.htm?action=mostrarVer&idipress=00018190"}},{"type":"Feature","geometry":{"type":"Point","coordinates":[-75.47370208999996,-11.72307743999994]},"properties":{"objectid":8321,"nombre":"YAULI - JAUJA","departamento":"JUNIN","provincia":"JAUJA","distrito":"YAULI","institucion":"GOBIERNO REGIONAL","codigoMinsa":423,"direccion":"AVENIDA AV. DANIEL ALCIDES CARRION S/N - BARRIO SUJUCHUPAN NÚMERO S/N DISTRITO YAULI PROVINCIA JAUJA DEPARTAMENTO JUNIN","disa":"JUNIN","red":"JAUJA","microrred":"VALLE DE YACUS","categoria":"ESTABLECIMIENTO DE SALUD SIN INTERNAMIENTO","condicion":"ACTIVO","actualizado":"2023/08/01 19:00:00.000","fuente":"MINSA","urlRenipr":"http://app20.susalud.gob.pe:8080/registro-renipress-webapp/ipress.htm?action=mostrarVer&idipress=00000423"}},{"type":"Feature","geometry":{"type":"Point","coordinates":[-75.48706009999995,-11.725758029999952]},"properties":{"objectid":8322,"nombre":"SAN PEDRO DE CHUNAN","departamento":"JUNIN","provincia":"JAUJA","distrito":"SAN PEDRO DE CHUNAN","institucion":"GOBIERNO REGIONAL","codigoMinsa":422,"direccion":"JIRÓN JR. SAN MARTIN S/N NÚMERO S/N DISTRITO SAN PEDRO DE CHUNAN PROVINCIA JAUJA DEPARTAMENTO JUNIN","disa":"JUNIN","red":"JAUJA","microrred":"VALLE DE YACUS","categoria":"ESTABLECIMIENTO DE SALUD SIN INTERNAMIENTO","condicion":"ACTIVO","actualizado":"2023/08/01 19:00:00.000","fuente":"MINSA","urlRenipr":"http://app20.susalud.gob.pe:8080/registro-renipress-webapp/ipress.htm?action=mostrarVer&idipress=00000422"}},{"type":"Feature","geometry":{"type":"Point","coordinates":[-75.64811109999994,-11.703422779999926]},"properties":{"objectid":8323,"nombre":"ARMONIA","departamento":"JUNIN","provincia":"JAUJA","distrito":"POMACANCHA","institucion":"GOBIERNO REGIONAL","codigoMinsa":389,"direccion":"PLAZA PLAZA PRINCIPAL ARMONIA DISTRITO POMACANCHA PROVINCIA JAUJA DEPARTAMENTO JUNIN","disa":"JUNIN","red":"JAUJA","microrred":"VALLE DE YANAMARCA","categoria":"ESTABLECIMIENTO DE SALUD SIN INTERNAMIENTO","condicion":"ACTIVO","actualizado":"2023/08/01 19:00:00.000","fuente":"MINSA","urlRenipr":"http://app20.susalud.gob.pe:8080/registro-renipress-webapp/ipress.htm?action=mostrarVer&idipress=00000389"}},{"type":"Feature","geometry":{"type":"Point","coordinates":[-75.56299760999997,-11.740394789999982]},"properties":{"objectid":8324,"nombre":"MARCO","departamento":"JUNIN","provincia":"JAUJA","distrito":"MARCO","institucion":"GOBIERNO REGIONAL","codigoMinsa":385,"direccion":"JIRÓN JR. RAMON CASTILLA S/N NÚMERO S/N DISTRITO MARCO PROVINCIA JAUJA DEPARTAMENTO JUNIN","disa":"JUNIN","red":"JAUJA","microrred":"VALLE DE YANAMARCA","categoria":"ESTABLECIMIENTO DE SALUD SIN INTERNAMIENTO","condicion":"ACTIVO","actualizado":"2023/08/01 19:00:00.000","fuente":"MINSA","urlRenipr":"http://app20.susalud.gob.pe:8080/registro-renipress-webapp/ipress.htm?action=mostrarVer&idipress=00000385"}},{"type":"Feature","geometry":{"type":"Point","coordinates":[-75.56657574999997,-11.688546439999982]},"properties":{"objectid":8325,"nombre":"YANAMARCA","departamento":"JUNIN","provincia":"JAUJA","distrito":"ACOLLA","institucion":"GOBIERNO REGIONAL","codigoMinsa":382,"direccion":"PLAZA PLAZA PRINCIPAL YANAMARCA DISTRITO ACOLLA PROVINCIA JAUJA DEPARTAMENTO JUNIN","disa":"JUNIN","red":"JAUJA","microrred":"VALLE DE YANAMARCA","categoria":"ESTABLECIMIENTO DE SALUD SIN INTERNAMIENTO","condicion":"ACTIVO","actualizado":"2023/08/01 19:00:00.000","fuente":"MINSA","urlRenipr":"http://app20.susalud.gob.pe:8080/registro-renipress-webapp/ipress.htm?action=mostrarVer&idipress=00000382"}},{"type":"Feature","geometry":{"type":"Point","coordinates":[-75.54313270999995,-11.734975659999975]},"properties":{"objectid":8326,"nombre":"ACOLLA","departamento":"JUNIN","provincia":"JAUJA","distrito":"ACOLLA","institucion":"GOBIERNO REGIONAL","codigoMinsa":379,"direccion":"AVENIDA AV.HUASCAR S/N CUADRA 13 - PRIMER CUARTEL NÚMERO S/N DISTRITO ACOLLA PROVINCIA JAUJA DEPARTAMENTO JUNIN","disa":"JUNIN","red":"JAUJA","microrred":"VALLE DE YANAMARCA","categoria":"ESTABLECIMIENTO DE SALUD SIN INTERNAMIENTO","condicion":"ACTIVO","actualizado":"2023/08/01 19:00:00.000","fuente":"MINSA","urlRenipr":"http://app20.susalud.gob.pe:8080/registro-renipress-webapp/ipress.htm?action=mostrarVer&idipress=00000379"}},{"type":"Feature","geometry":{"type":"Point","coordinates":[-76.14909560999996,-11.09163241999994]},"properties":{"objectid":8350,"nombre":"ONDORES","departamento":"JUNIN","provincia":"JUNIN","distrito":"ONDORES","institucion":"GOBIERNO REGIONAL","codigoMinsa":551,"direccion":"JIRÓN JR. JUNIN S/N CERCA AL CENTRO DE ACOPIO NÚMERO S/N DISTRITO ONDORES PROVINCIA JUNIN DEPARTAMENTO JUNIN","disa":"JUNIN","red":"JUNIN","microrred":"JUNIN","categoria":"ESTABLECIMIENTO DE SALUD SIN INTERNAMIENTO","condicion":"ACTIVO","actualizado":"2023/08/01 19:00:00.000","fuente":"MINSA","urlRenipr":"http://app20.susalud.gob.pe:8080/registro-renipress-webapp/ipress.htm?action=mostrarVer&idipress=00000551"}},{"type":"Feature","geometry":{"type":"Point","coordinates":[-76.21227999999996,-10.958154999999977]},"properties":{"objectid":8351,"nombre":"PARI","departamento":"JUNIN","provincia":"JUNIN","distrito":"ONDORES","institucion":"GOBIERNO REGIONAL","codigoMinsa":552,"direccion":"PLAZA PLAZA PRINCIPAL PARI S/N NÚMERO S/N DISTRITO ONDORES PROVINCIA JUNIN DEPARTAMENTO JUNIN","disa":"JUNIN","red":"JUNIN","microrred":"JUNIN","categoria":"ESTABLECIMIENTO DE SALUD SIN INTERNAMIENTO","condicion":"ACTIVO","actualizado":"2023/08/01 19:00:00.000","fuente":"MINSA","urlRenipr":"http://app20.susalud.gob.pe:8080/registro-renipress-webapp/ipress.htm?action=mostrarVer&idipress=00000552"}},{"type":"Feature","geometry":{"type":"Point","coordinates":[-76.01805832999997,-11.00120499999997]},"properties":{"objectid":8352,"nombre":"HUAYRE","departamento":"JUNIN","provincia":"JUNIN","distrito":"JUNIN","institucion":"GOBIERNO REGIONAL","codigoMinsa":536,"direccion":"JIRÓN JR. JUNIN S/N CPM HUAYRE NÚMERO S/N DISTRITO JUNIN PROVINCIA JUNIN DEPARTAMENTO JUNIN","disa":"JUNIN","red":"JUNIN","microrred":"CARHUAMAYO","categoria":"ESTABLECIMIENTO DE SALUD SIN INTERNAMIENTO","condicion":"ACTIVO","actualizado":"2023/08/01 19:00:00.000","fuente":"MINSA","urlRenipr":"http://app20.susalud.gob.pe:8080/registro-renipress-webapp/ipress.htm?action=mostrarVer&idipress=00000536"}},{"type":"Feature","geometry":{"type":"Point","coordinates":[-75.34902936999998,-11.12766524999995]},"properties":{"objectid":8406,"nombre":"SANIDAD BASRA","departamento":"JUNIN","provincia":"CHANCHAMAYO","distrito":"SAN RAMON","institucion":"SANIDAD DE LA FUERZA AEREA DEL PERU","codigoMinsa":13600,"direccion":"CARRETERA CARRETERA MARGINALS/N SAN RAMON NÚMERO S/N DISTRITO SAN RAMON PROVINCIA CHANCHAMAYO DEPARTAMENTO JUNIN","disa":"JUNIN","red":"NO PERTENECE A NINGUNA RED","microrred":"NO PERTENECE A NINGUNA MICRORED","categoria":"ESTABLECIMIENTO DE SALUD SIN INTERNAMIENTO","condicion":"ACTIVO","actualizado":"2023/08/01 19:00:00.000","fuente":"MINSA","urlRenipr":"http://app20.susalud.gob.pe:8080/registro-renipress-webapp/ipress.htm?action=mostrarVer&idipress=00013600"}},{"type":"Feature","geometry":{"type":"Point","coordinates":[-75.33667310999994,-11.068310699999927]},"properties":{"objectid":8593,"nombre":"CONSULTORIO OBSTETRICO HAPPY BABY","departamento":"JUNIN","provincia":"CHANCHAMAYO","distrito":"CHANCHAMAYO","institucion":"PRIVADO","codigoMinsa":22058,"direccion":"AVENIDA AV. PERU 709 DISTRITO CHANCHAMAYO PROVINCIA CHANCHAMAYO DEPARTAMENTO JUNIN","disa":"JUNIN","red":"NO PERTENECE A NINGUNA RED","microrred":"NO PERTENECE A NINGUNA MICRORED","categoria":"ESTABLECIMIENTO DE SALUD SIN INTERNAMIENTO","condicion":"ACTIVO","actualizado":"2023/08/01 19:00:00.000","fuente":"MINSA","urlRenipr":"http://app20.susalud.gob.pe:8080/registro-renipress-webapp/ipress.htm?action=mostrarVer&idipress=00022058"}},{"type":"Feature","geometry":{"type":"Point","coordinates":[-75.21583393999998,-12.05952480999997]},"properties":{"objectid":8777,"nombre":"CLINICA DENTAL IMAGEN","departamento":"JUNIN","provincia":"HUANCAYO","distrito":"EL TAMBO","institucion":"PRIVADO","codigoMinsa":8144,"direccion":"CALLE CALLE REAL 716 2DO PISO DISTRITO EL TAMBO PROVINCIA HUANCAYO DEPARTAMENTO JUNIN","disa":"JUNIN","red":"NO PERTENECE A NINGUNA RED","microrred":"NO PERTENECE A NINGUNA MICRORED","categoria":"ESTABLECIMIENTO DE SALUD SIN INTERNAMIENTO","condicion":"ACTIVO","actualizado":"2023/08/01 19:00:00.000","fuente":"MINSA","urlRenipr":"http://app20.susalud.gob.pe:8080/registro-renipress-webapp/ipress.htm?action=mostrarVer&idipress=00008144"}},{"type":"Feature","geometry":{"type":"Point","coordinates":[-75.21480399999996,-12.068635699999959]},"properties":{"objectid":8778,"nombre":"POLICLINICO DE LA FRATERNIDAD","departamento":"JUNIN","provincia":"HUANCAYO","distrito":"HUANCAYO","institucion":"PRIVADO","codigoMinsa":26975,"direccion":"AVENIDA PASEO LA BREÑA N?ERO 639 DISTRITO HUANCAYO PROVINCIA HUANCAYO DEPARTAMENTO JUNIN","disa":"JUNIN","red":"NO PERTENECE A NINGUNA RED","microrred":"NO PERTENECE A NINGUNA MICRORED","categoria":"ESTABLECIMIENTO DE SALUD SIN INTERNAMIENTO","condicion":"ACTIVO","actualizado":"2023/08/01 19:00:00.000","fuente":"MINSA","urlRenipr":"http://app20.susalud.gob.pe:8080/registro-renipress-webapp/ipress.htm?action=mostrarVer&idipress=00026975"}},{"type":"Feature","geometry":{"type":"Point","coordinates":[-75.22129771999994,-12.05066568999996]},"properties":{"objectid":8900,"nombre":"POLICLINICO MUNICIPAL EL TAMBO","departamento":"JUNIN","provincia":"HUANCAYO","distrito":"EL TAMBO","institucion":"PRIVADO","codigoMinsa":14514,"direccion":"AV MARISCAL CASTILLA Nª 1916","disa":"JUNIN","red":"NO PERTENECE A NINGUNA RED","microrred":"NO PERTENECE A NINGUNA MICRORED","categoria":"ESTABLECIMIENTO DE SALUD SIN INTERNAMIENTO","condicion":"ACTIVO","actualizado":"2023/08/01 19:00:00.000","fuente":"MINSA","urlRenipr":"http://app20.susalud.gob.pe:8080/registro-renipress-webapp/ipress.htm?action=mostrarVer&idipress=00014514"}},{"type":"Feature","geometry":{"type":"Point","coordinates":[-75.21029759999993,-12.068635699999959]},"properties":{"objectid":9091,"nombre":"SALUD Y MUJER","departamento":"JUNIN","provincia":"HUANCAYO","distrito":"HUANCAYO","institucion":"PRIVADO","codigoMinsa":10860,"direccion":"AVENIDA AVENIDA HUANCAVELICA Nº 311 DISTRITO HUANCAYO PROVINCIA HUANCAYO DEPARTAMENTO JUNIN","disa":"JUNIN","red":"NO PERTENECE A NINGUNA RED","microrred":"NO PERTENECE A NINGUNA MICRORED","categoria":"ESTABLECIMIENTO DE SALUD SIN INTERNAMIENTO","condicion":"ACTIVO","actualizado":"2023/08/01 19:00:00.000","fuente":"MINSA","urlRenipr":"http://app20.susalud.gob.pe:8080/registro-renipress-webapp/ipress.htm?action=mostrarVer&idipress=00010860"}},{"type":"Feature","geometry":{"type":"Point","coordinates":[-75.16376999999994,-10.890691669999967]},"properties":{"objectid":9171,"nombre":"ZONA PATRIA","departamento":"JUNIN","provincia":"CHANCHAMAYO","distrito":"PERENE","institucion":"GOBIERNO REGIONAL","codigoMinsa":335,"direccion":"CARRETERA CARRETERA DE PENETRACION AL ANEXO ZONA PATRIA DISTRITO PERENE PROVINCIA CHANCHAMAYO DEPARTAMENTO JUNIN","disa":"JUNIN","red":"CHANCHAMAYO","microrred":"PERENE","categoria":"ESTABLECIMIENTO DE SALUD SIN INTERNAMIENTO","condicion":"ACTIVO","actualizado":"2023/08/01 19:00:00.000","fuente":"MINSA","urlRenipr":"http://app20.susalud.gob.pe:8080/registro-renipress-webapp/ipress.htm?action=mostrarVer&idipress=00000335"}},{"type":"Feature","geometry":{"type":"Point","coordinates":[-75.21240999999998,-12.068617999999958]},"properties":{"objectid":9198,"nombre":"DOCTOR CARLITOS","departamento":"JUNIN","provincia":"HUANCAYO","distrito":"HUANCAYO","institucion":"PRIVADO","codigoMinsa":28862,"direccion":"JIRÓN PUNO NÚMERO 689 PISO 3 DEPARTAMENTO 301 DISTRITO HUANCAYO PROVINCIA HUANCAYO DEPARTAMENTO JUNIN","disa":"JUNIN","red":"NO PERTENECE A NINGUNA RED","microrred":"NO PERTENECE A NINGUNA MICRORED","categoria":"ESTABLECIMIENTO DE SALUD SIN INTERNAMIENTO","condicion":"ACTIVO","actualizado":"2023/08/01 19:00:00.000","fuente":"MINSA","urlRenipr":"http://app20.susalud.gob.pe:8080/registro-renipress-webapp/ipress.htm?action=mostrarVer&idipress=00028862"}},{"type":"Feature","geometry":{"type":"Point","coordinates":[-75.23081069999995,-12.061341599999935]},"properties":{"objectid":9210,"nombre":"CENTRO MEDICO ESPECIALIZADO \"CLINICA SUAREZ\"","departamento":"JUNIN","provincia":"HUANCAYO","distrito":"EL TAMBO","institucion":"PRIVADO","codigoMinsa":21471,"direccion":"AVENIDA AV. JOSE CARLOS MARIATEGUI DISTRITO EL TAMBO PROVINCIA HUANCAYO DEPARTAMENTO JUNIN","disa":"","red":"","microrred":"","categoria":"ESTABLECIMIENTO DE SALUD CON INTERNAMIENTO","condicion":"RUC INACTIVO EN SUNAT","actualizado":"2023/08/01 19:00:00.000","fuente":"MINSA","urlRenipr":"http://app20.susalud.gob.pe:8080/registro-renipress-webapp/ipress.htm?action=mostrarVer&idipress=00021471"}},{"type":"Feature","geometry":{"type":"Point","coordinates":[-75.21029759999993,-12.068635699999959]},"properties":{"objectid":9654,"nombre":"LABORATORIOS KONEMAN","departamento":"JUNIN","provincia":"HUANCAYO","distrito":"HUANCAYO","institucion":"PRIVADO","codigoMinsa":25334,"direccion":"AVENIDA DANIEL A. CARRION NÚMERO 1495 DISTRITO HUANCAYO PROVINCIA HUANCAYO DEPARTAMENTO JUNIN","disa":"","red":"","microrred":"","categoria":"SERVICIO MÉDICO DE APOYO","condicion":"RETIRO VOLUNTARIO","actualizado":"2023/08/01 19:00:00.000","fuente":"MINSA","urlRenipr":"http://app20.susalud.gob.pe:8080/registro-renipress-webapp/ipress.htm?action=mostrarVer&idipress=00025334"}},{"type":"Feature","geometry":{"type":"Point","coordinates":[-75.21029759999993,-12.068635699999959]},"properties":{"objectid":9783,"nombre":"Consultorio Odontológico SANTA FE","departamento":"JUNIN","provincia":"HUANCAYO","distrito":"HUANCAYO","institucion":"PRIVADO","codigoMinsa":30201,"direccion":"JIRÓN Abancay NÚMERO 430 PISO 1 DISTRITO HUANCAYO PROVINCIA HUANCAYO DEPARTAMENTO JUNIN","disa":"JUNIN","red":"","microrred":"","categoria":"ESTABLECIMIENTO DE SALUD SIN INTERNAMIENTO","condicion":"ACTIVO","actualizado":"2023/08/01 19:00:00.000","fuente":"MINSA","urlRenipr":"http://app20.susalud.gob.pe:8080/registro-renipress-webapp/ipress.htm?action=mostrarVer&idipress=00030201"}},{"type":"Feature","geometry":{"type":"Point","coordinates":[-74.48824445999998,-11.482066649999979]},"properties":{"objectid":9849,"nombre":"VILLA MARIA","departamento":"JUNIN","provincia":"SATIPO","distrito":"MAZAMARI - PANGOA","institucion":"GOBIERNO REGIONAL","codigoMinsa":447,"direccion":"OTROS CENTRO POBLADO VILLA MARIA S/N NÚMERO S/N DISTRITO PANGOA PROVINCIA SATIPO DEPARTAMENTO JUNIN","disa":"JUNIN","red":"SAN MARTIN DE PANGOA","microrred":"SAN RAMON DE PANGOA","categoria":"ESTABLECIMIENTO DE SALUD SIN INTERNAMIENTO","condicion":"ACTIVO","actualizado":"2023/08/01 19:00:00.000","fuente":"MINSA","urlRenipr":"http://app20.susalud.gob.pe:8080/registro-renipress-webapp/ipress.htm?action=mostrarVer&idipress=00000447"}},{"type":"Feature","geometry":{"type":"Point","coordinates":[-73.82061406999998,-11.260380249999969]},"properties":{"objectid":9854,"nombre":"OVIRI","departamento":"JUNIN","provincia":"SATIPO","distrito":"RIO TAMBO","institucion":"GOBIERNO REGIONAL","codigoMinsa":472,"direccion":"OTROS COMUNIDAD NATIVA OVIRI DISTRITO RIO TAMBO PROVINCIA SATIPO DEPARTAMENTO JUNIN","disa":"JUNIN","red":"SATIPO","microrred":"PUERTO OCOPA","categoria":"ESTABLECIMIENTO DE SALUD SIN INTERNAMIENTO","condicion":"ACTIVO","actualizado":"2023/08/01 19:00:00.000","fuente":"MINSA","urlRenipr":"http://app20.susalud.gob.pe:8080/registro-renipress-webapp/ipress.htm?action=mostrarVer&idipress=00000472"}},{"type":"Feature","geometry":{"type":"Point","coordinates":[-74.54495198999996,-11.291941589999965]},"properties":{"objectid":9855,"nombre":"CAPIRUSHARI","departamento":"JUNIN","provincia":"SATIPO","distrito":"MAZAMARI - PANGOA","institucion":"GOBIERNO REGIONAL","codigoMinsa":435,"direccion":"AVENIDA AV. CAPIRUSHARI S/N - CENTRO POBLADO NÚMERO S/N DISTRITO MAZAMARI PROVINCIA SATIPO DEPARTAMENTO JUNIN","disa":"JUNIN","red":"SATIPO","microrred":"MAZAMARI","categoria":"ESTABLECIMIENTO DE SALUD SIN INTERNAMIENTO","condicion":"ACTIVO","actualizado":"2023/08/01 19:00:00.000","fuente":"MINSA","urlRenipr":"http://app20.susalud.gob.pe:8080/registro-renipress-webapp/ipress.htm?action=mostrarVer&idipress=00000435"}},{"type":"Feature","geometry":{"type":"Point","coordinates":[-74.38699461999994,-11.35355323999994]},"properties":{"objectid":9856,"nombre":"VILLA PROGRESO DE EDEN","departamento":"JUNIN","provincia":"SATIPO","distrito":"MAZAMARI - PANGOA","institucion":"GOBIERNO REGIONAL","codigoMinsa":16912,"direccion":"OTROS CENTRO POBLADO VILLA PROGRESO DE EDEN DISTRITO MAZAMARI PROVINCIA SATIPO DEPARTAMENTO JUNIN","disa":"JUNIN","red":"SATIPO","microrred":"MAZAMARI","categoria":"ESTABLECIMIENTO DE SALUD SIN INTERNAMIENTO","condicion":"ACTIVO","actualizado":"2023/08/01 19:00:00.000","fuente":"MINSA","urlRenipr":"http://app20.susalud.gob.pe:8080/registro-renipress-webapp/ipress.htm?action=mostrarVer&idipress=00016912"}},{"type":"Feature","geometry":{"type":"Point","coordinates":[-74.75206597999994,-11.404070149999939]},"properties":{"objectid":9858,"nombre":"MARIPOSA","departamento":"JUNIN","provincia":"SATIPO","distrito":"PAMPA HERMOSA","institucion":"GOBIERNO REGIONAL","codigoMinsa":493,"direccion":"OTROS CERCADO MARIPOSA DISTRITO PAMPA HERMOSA PROVINCIA SATIPO DEPARTAMENTO JUNIN","disa":"JUNIN","red":"SATIPO","microrred":"RIO NEGRO-SATIPO","categoria":"ESTABLECIMIENTO DE SALUD SIN INTERNAMIENTO","condicion":"ACTIVO","actualizado":"2023/08/01 19:00:00.000","fuente":"MINSA","urlRenipr":"http://app20.susalud.gob.pe:8080/registro-renipress-webapp/ipress.htm?action=mostrarVer&idipress=00000493"}},{"type":"Feature","geometry":{"type":"Point","coordinates":[-73.90830403999996,-11.87348223999993]},"properties":{"objectid":9859,"nombre":"CUTIVIRENI","departamento":"JUNIN","provincia":"SATIPO","distrito":"RIO TAMBO","institucion":"GOBIERNO REGIONAL","codigoMinsa":471,"direccion":"OTROS CC.NN. CUTIVIRENI DISTRITO RIO TAMBO PROVINCIA SATIPO DEPARTAMENTO JUNIN","disa":"JUNIN","red":"SATIPO","microrred":"VALLE ESMERALDA","categoria":"ESTABLECIMIENTO DE SALUD SIN INTERNAMIENTO","condicion":"ACTIVO","actualizado":"2023/08/01 19:00:00.000","fuente":"MINSA","urlRenipr":"http://app20.susalud.gob.pe:8080/registro-renipress-webapp/ipress.htm?action=mostrarVer&idipress=00000471"}},{"type":"Feature","geometry":{"type":"Point","coordinates":[-73.75060283999994,-11.051983909999933]},"properties":{"objectid":9860,"nombre":"BETANIA","departamento":"JUNIN","provincia":"SATIPO","distrito":"RIO TAMBO","institucion":"GOBIERNO REGIONAL","codigoMinsa":460,"direccion":"OTROS COMUNIDAD NATIVA BETANIA DISTRITO RIO TAMBO PROVINCIA SATIPO DEPARTAMENTO JUNIN","disa":"JUNIN","red":"SATIPO","microrred":"POYENI","categoria":"ESTABLECIMIENTO DE SALUD SIN INTERNAMIENTO","condicion":"ACTIVO","actualizado":"2023/08/01 19:00:00.000","fuente":"MINSA","urlRenipr":"http://app20.susalud.gob.pe:8080/registro-renipress-webapp/ipress.htm?action=mostrarVer&idipress=00000460"}},{"type":"Feature","geometry":{"type":"Point","coordinates":[-74.36877635999997,-11.649518169999965]},"properties":{"objectid":9861,"nombre":"MAZARONQUIARI","departamento":"JUNIN","provincia":"SATIPO","distrito":"MAZAMARI - PANGOA","institucion":"GOBIERNO REGIONAL","codigoMinsa":449,"direccion":"OTROS COMUNIDAD NATIVA MAZORONQUIARI DISTRITO PANGOA PROVINCIA SATIPO DEPARTAMENTO JUNIN","disa":"JUNIN","red":"SAN MARTIN DE PANGOA","microrred":"CUBANTIA","categoria":"ESTABLECIMIENTO DE SALUD SIN INTERNAMIENTO","condicion":"ACTIVO","actualizado":"2023/08/01 19:00:00.000","fuente":"MINSA","urlRenipr":"http://app20.susalud.gob.pe:8080/registro-renipress-webapp/ipress.htm?action=mostrarVer&idipress=00000449"}},{"type":"Feature","geometry":{"type":"Point","coordinates":[-74.40823049999995,-11.578399539999964]},"properties":{"objectid":9862,"nombre":"CUBANTIA","departamento":"JUNIN","provincia":"SATIPO","distrito":"MAZAMARI - PANGOA","institucion":"GOBIERNO REGIONAL","codigoMinsa":446,"direccion":"OTROS CC.NN CUBANTIA S/N S/N CC.NN CUBANTIA S/N PANGOA SATIPO JUNIN","disa":"JUNIN","red":"SAN MARTIN DE PANGOA","microrred":"CUBANTIA","categoria":"ESTABLECIMIENTO DE SALUD SIN INTERNAMIENTO","condicion":"ACTIVO","actualizado":"2023/08/01 19:00:00.000","fuente":"MINSA","urlRenipr":"http://app20.susalud.gob.pe:8080/registro-renipress-webapp/ipress.htm?action=mostrarVer&idipress=00000446"}},{"type":"Feature","geometry":{"type":"Point","coordinates":[-75.21621659999994,-12.063475499999981]},"properties":{"objectid":10006,"nombre":"CURAT SALUD OCUPACIONAL","departamento":"JUNIN","provincia":"HUANCAYO","distrito":"EL TAMBO","institucion":"PRIVADO","codigoMinsa":30199,"direccion":"JIRÓN 2 DE MAYO NÚMERO 742 DISTRITO EL TAMBO PROVINCIA HUANCAYO DEPARTAMENTO JUNIN","disa":"JUNIN","red":"","microrred":"NO PERTENECE A NINGUNA MICRORED","categoria":"ESTABLECIMIENTO DE SALUD SIN INTERNAMIENTO","condicion":"ACTIVO","actualizado":"2023/08/01 19:00:00.000","fuente":"MINSA","urlRenipr":"http://app20.susalud.gob.pe:8080/registro-renipress-webapp/ipress.htm?action=mostrarVer&idipress=00030199"}},{"type":"Feature","geometry":{"type":"Point","coordinates":[-74.87113213999999,-10.926478969999948]},"properties":{"objectid":10028,"nombre":"CAP I PICHANAQUI","departamento":"JUNIN","provincia":"CHANCHAMAYO","distrito":"PICHANAQUI","institucion":"ESSALUD","codigoMinsa":12189,"direccion":"OTROS PICHANAQUI DISTRITO PICHANAQUI PROVINCIA CHANCHAMAYO DEPARTAMENTO JUNIN","disa":"JUNIN","red":"NO PERTENECE A NINGUNA RED","microrred":"NO PERTENECE A NINGUNA MICRORED","categoria":"ESTABLECIMIENTO DE SALUD SIN INTERNAMIENTO","condicion":"ACTIVO","actualizado":"2023/08/01 19:00:00.000","fuente":"MINSA","urlRenipr":"http://app20.susalud.gob.pe:8080/registro-renipress-webapp/ipress.htm?action=mostrarVer&idipress=00012189"}},{"type":"Feature","geometry":{"type":"Point","coordinates":[-75.32026669999993,-12.085651389999953]},"properties":{"objectid":10067,"nombre":"CENTRO DE SALUD MENTAL COMUNITARIO AHUAC","departamento":"JUNIN","provincia":"CHUPACA","distrito":"AHUAC","institucion":"GOBIERNO REGIONAL","codigoMinsa":30802,"direccion":"JIRÓN PROGRESO NÚMERO S/N PISO 2 DISTRITO AHUAC PROVINCIA CHUPACA DEPARTAMENTO JUNIN","disa":"JUNIN","red":"RED DE SALUD CHUPACA","microrred":"CHUPACA","categoria":"ESTABLECIMIENTO DE SALUD SIN INTERNAMIENTO","condicion":"ACTIVO","actualizado":"2023/08/01 19:00:00.000","fuente":"MINSA","urlRenipr":"http://app20.susalud.gob.pe:8080/registro-renipress-webapp/ipress.htm?action=mostrarVer&idipress=00030802"}},{"type":"Feature","geometry":{"type":"Point","coordinates":[-75.20358595999994,-12.34971982999997]},"properties":{"objectid":10068,"nombre":"CARHUACALLANGA","departamento":"JUNIN","provincia":"HUANCAYO","distrito":"CARHUACALLANGA","institucion":"GOBIERNO REGIONAL","codigoMinsa":693,"direccion":"CALLE SAN MARTIN S/N BARRIO SAN SEBASTIAN CARHUACALLANGA HUANCAYO JUNIN","disa":"JUNIN","red":"RED DE SALUD CHUPACA","microrred":"VALLE DEL CANIPACO","categoria":"ESTABLECIMIENTO DE SALUD SIN INTERNAMIENTO","condicion":"ACTIVO","actualizado":"2023/08/01 19:00:00.000","fuente":"MINSA","urlRenipr":"http://app20.susalud.gob.pe:8080/registro-renipress-webapp/ipress.htm?action=mostrarVer&idipress=00000693"}},{"type":"Feature","geometry":{"type":"Point","coordinates":[-75.21029746999994,-12.069603559999962]},"properties":{"objectid":10203,"nombre":"VISION DE FUTURO","departamento":"JUNIN","provincia":"HUANCAYO","distrito":"HUANCAYO","institucion":"PRIVADO","codigoMinsa":25487,"direccion":"JIRÓN LIMA NÚMERO 354 PISO 5 INTERIOR 506 DISTRITO HUANCAYO PROVINCIA HUANCAYO DEPARTAMENTO JUNIN","disa":"JUNIN","red":"NO PERTENECE A NINGUNA RED","microrred":"NO PERTENECE A NINGUNA MICRORED","categoria":"SERVICIO MÉDICO DE APOYO","condicion":"ACTIVO","actualizado":"2023/08/01 19:00:00.000","fuente":"MINSA","urlRenipr":"http://app20.susalud.gob.pe:8080/registro-renipress-webapp/ipress.htm?action=mostrarVer&idipress=00025487"}},{"type":"Feature","geometry":{"type":"Point","coordinates":[-75.21041561999994,-12.06967437999998]},"properties":{"objectid":10215,"nombre":"MI PRIMER DIENTE","departamento":"JUNIN","provincia":"HUANCAYO","distrito":"HUANCAYO","institucion":"PRIVADO","codigoMinsa":19445,"direccion":"JIRÓN LIMA NÚMERO 354 PISO 5 INTERIOR 501 DISTRITO HUANCAYO PROVINCIA HUANCAYO DEPARTAMENTO JUNIN","disa":"JUNIN","red":"NO PERTENECE A NINGUNA RED","microrred":"NO PERTENECE A NINGUNA MICRORED","categoria":"ESTABLECIMIENTO DE SALUD SIN INTERNAMIENTO","condicion":"ACTIVO","actualizado":"2023/08/01 19:00:00.000","fuente":"MINSA","urlRenipr":"http://app20.susalud.gob.pe:8080/registro-renipress-webapp/ipress.htm?action=mostrarVer&idipress=00019445"}},{"type":"Feature","geometry":{"type":"Point","coordinates":[-75.21931639999997,-12.06267749999995]},"properties":{"objectid":10264,"nombre":"CLÍNICA ESPECIALIZADA MIRANDA","departamento":"JUNIN","provincia":"HUANCAYO","distrito":"EL TAMBO","institucion":"PRIVADO","codigoMinsa":28966,"direccion":"JIRÓN PARRA DEL RIEGO NÚMERO 701 PISO 1 DISTRITO EL TAMBO PROVINCIA HUANCAYO DEPARTAMENTO JUNIN","disa":"JUNIN","red":"NO PERTENECE A NINGUNA RED","microrred":"NO PERTENECE A NINGUNA MICRORED","categoria":"ESTABLECIMIENTO DE SALUD CON INTERNAMIENTO","condicion":"ACTIVO","actualizado":"2023/08/01 19:00:00.000","fuente":"MINSA","urlRenipr":"http://app20.susalud.gob.pe:8080/registro-renipress-webapp/ipress.htm?action=mostrarVer&idipress=00028966"}},{"type":"Feature","geometry":{"type":"Point","coordinates":[-74.97441970999995,-10.983592079999937]},"properties":{"objectid":10323,"nombre":"SAN ANTONIO ALTO PICHANAKI","departamento":"JUNIN","provincia":"CHANCHAMAYO","distrito":"PERENE","institucion":"GOBIERNO REGIONAL","codigoMinsa":339,"direccion":"OTROS COMUNIDAD DE ALTO PICHANAKI DISTRITO PERENE PROVINCIA CHANCHAMAYO DEPARTAMENTO JUNIN","disa":"JUNIN","red":"PICHANAKI","microrred":"CIUDAD SATELITE","categoria":"ESTABLECIMIENTO DE SALUD SIN INTERNAMIENTO","condicion":"ACTIVO","actualizado":"2023/08/01 19:00:00.000","fuente":"MINSA","urlRenipr":"http://app20.susalud.gob.pe:8080/registro-renipress-webapp/ipress.htm?action=mostrarVer&idipress=00000339"}},{"type":"Feature","geometry":{"type":"Point","coordinates":[-74.84310178999993,-11.038341299999956]},"properties":{"objectid":10324,"nombre":"PAMPA CAMONA","departamento":"JUNIN","provincia":"CHANCHAMAYO","distrito":"PICHANAQUI","institucion":"GOBIERNO REGIONAL","codigoMinsa":345,"direccion":"OTROS MZ J - PAMPA CAMONA DISTRITO PICHANAQUI PROVINCIA CHANCHAMAYO DEPARTAMENTO JUNIN","disa":"JUNIN","red":"PICHANAKI","microrred":"LAS PALMAS","categoria":"ESTABLECIMIENTO DE SALUD SIN INTERNAMIENTO","condicion":"ACTIVO","actualizado":"2023/08/01 19:00:00.000","fuente":"MINSA","urlRenipr":"http://app20.susalud.gob.pe:8080/registro-renipress-webapp/ipress.htm?action=mostrarVer&idipress=00000345"}},{"type":"Feature","geometry":{"type":"Point","coordinates":[-74.46331822999997,-11.522756349999952]},"properties":{"objectid":10335,"nombre":"FORTALEZA","departamento":"JUNIN","provincia":"SATIPO","distrito":"MAZAMARI - PANGOA","institucion":"GOBIERNO REGIONAL","codigoMinsa":452,"direccion":"AVENIDA AV. PAMPA S/N CARRETERA PRINCIPAL NÚMERO S/N DISTRITO PANGOA PROVINCIA SATIPO DEPARTAMENTO JUNIN","disa":"JUNIN","red":"SAN MARTIN DE PANGOA","microrred":"CUBANTIA","categoria":"ESTABLECIMIENTO DE SALUD SIN INTERNAMIENTO","condicion":"ACTIVO","actualizado":"2023/08/01 19:00:00.000","fuente":"MINSA","urlRenipr":"http://app20.susalud.gob.pe:8080/registro-renipress-webapp/ipress.htm?action=mostrarVer&idipress=00000452"}},{"type":"Feature","geometry":{"type":"Point","coordinates":[-74.77334603999998,-11.822829429999956]},"properties":{"objectid":10401,"nombre":"PUMABAMBA","departamento":"JUNIN","provincia":"HUANCAYO","distrito":"SANTO DOMINGO DE ACOBAMBA","institucion":"GOBIERNO REGIONAL","codigoMinsa":669,"direccion":"OTROS ACTUALIZAR DISTRITO SANTO DOMINGO DE ACOBAMBA PROVINCIA HUANCAYO DEPARTAMENTO JUNIN","disa":"JUNIN","red":"VALLE DEL MANTARO","microrred":"COMAS","categoria":"ESTABLECIMIENTO DE SALUD SIN INTERNAMIENTO","condicion":"ACTIVO","actualizado":"2023/08/01 19:00:00.000","fuente":"MINSA","urlRenipr":"http://app20.susalud.gob.pe:8080/registro-renipress-webapp/ipress.htm?action=mostrarVer&idipress=00000669"}},{"type":"Feature","geometry":{"type":"Point","coordinates":[-75.18153353999998,-12.013498159999926]},"properties":{"objectid":10402,"nombre":"PUESTO DE SALUD VILCACOTO","departamento":"JUNIN","provincia":"HUANCAYO","distrito":"HUANCAYO","institucion":"GOBIERNO REGIONAL","codigoMinsa":730,"direccion":"OTROS ACTUALIZAR DISTRITO HUANCAYO PROVINCIA HUANCAYO DEPARTAMENTO JUNIN","disa":"JUNIN","red":"VALLE DEL MANTARO","microrred":"LA LIBERTAD","categoria":"ESTABLECIMIENTO DE SALUD SIN INTERNAMIENTO","condicion":"ACTIVO","actualizado":"2023/08/01 19:00:00.000","fuente":"MINSA","urlRenipr":"http://app20.susalud.gob.pe:8080/registro-renipress-webapp/ipress.htm?action=mostrarVer&idipress=00000730"}},{"type":"Feature","geometry":{"type":"Point","coordinates":[-75.22153971999995,-12.038015819999941]},"properties":{"objectid":10403,"nombre":"BATANYACU","departamento":"JUNIN","provincia":"HUANCAYO","distrito":"EL TAMBO","institucion":"GOBIERNO REGIONAL","codigoMinsa":713,"direccion":"OTROS ACTUALIZAR DISTRITO EL TAMBO PROVINCIA HUANCAYO DEPARTAMENTO JUNIN","disa":"JUNIN","red":"VALLE DEL MANTARO","microrred":"EL TAMBO","categoria":"ESTABLECIMIENTO DE SALUD SIN INTERNAMIENTO","condicion":"ACTIVO","actualizado":"2023/08/01 19:00:00.000","fuente":"MINSA","urlRenipr":"http://app20.susalud.gob.pe:8080/registro-renipress-webapp/ipress.htm?action=mostrarVer&idipress=00000713"}},{"type":"Feature","geometry":{"type":"Point","coordinates":[-75.29112260999995,-11.836042439999972]},"properties":{"objectid":10405,"nombre":"HEROINAS TOLEDO","departamento":"JUNIN","provincia":"CONCEPCION","distrito":"HEROINAS TOLEDO","institucion":"GOBIERNO REGIONAL","codigoMinsa":685,"direccion":"CALLE CALLE BOLIVAR S/N NÚMERO S/N DISTRITO HEROINAS TOLEDO PROVINCIA CONCEPCION DEPARTAMENTO JUNIN","disa":"JUNIN","red":"VALLE DEL MANTARO","microrred":"CONCEPCION","categoria":"ESTABLECIMIENTO DE SALUD SIN INTERNAMIENTO","condicion":"ACTIVO","actualizado":"2023/08/01 19:00:00.000","fuente":"MINSA","urlRenipr":"http://app20.susalud.gob.pe:8080/registro-renipress-webapp/ipress.htm?action=mostrarVer&idipress=00000685"}},{"type":"Feature","geometry":{"type":"Point","coordinates":[-74.88819928999999,-11.558661319999942]},"properties":{"objectid":10406,"nombre":"HUANUCO","departamento":"JUNIN","provincia":"CONCEPCION","distrito":"ANDAMARCA","institucion":"GOBIERNO REGIONAL","codigoMinsa":19793,"direccion":"PLAZA PLAZA PRINCIPAL DISTRITO ANDAMARCA PROVINCIA CONCEPCION DEPARTAMENTO JUNIN","disa":"JUNIN","red":"VALLE DEL MANTARO","microrred":"COMAS","categoria":"ESTABLECIMIENTO DE SALUD SIN INTERNAMIENTO","condicion":"ACTIVO","actualizado":"2023/08/01 19:00:00.000","fuente":"MINSA","urlRenipr":"http://app20.susalud.gob.pe:8080/registro-renipress-webapp/ipress.htm?action=mostrarVer&idipress=00019793"}},{"type":"Feature","geometry":{"type":"Point","coordinates":[-74.89680069999997,-11.980417799999941]},"properties":{"objectid":10408,"nombre":"PARIAHUANCA","departamento":"JUNIN","provincia":"HUANCAYO","distrito":"PARIAHUANCA","institucion":"GOBIERNO REGIONAL","codigoMinsa":736,"direccion":"OTROS ACTUALIZAR ACTUALIZAR PARIAHUANCA HUANCAYO JUNIN","disa":"JUNIN","red":"VALLE DEL MANTARO","microrred":"LA LIBERTAD","categoria":"ESTABLECIMIENTO DE SALUD SIN INTERNAMIENTO","condicion":"ACTIVO","actualizado":"2023/08/01 19:00:00.000","fuente":"MINSA","urlRenipr":"http://app20.susalud.gob.pe:8080/registro-renipress-webapp/ipress.htm?action=mostrarVer&idipress=00000736"}},{"type":"Feature","geometry":{"type":"Point","coordinates":[-75.18428274999997,-12.025030779999952]},"properties":{"objectid":10409,"nombre":"PUESTO DE SALUD UÑAS","departamento":"JUNIN","provincia":"HUANCAYO","distrito":"HUANCAYO","institucion":"GOBIERNO REGIONAL","codigoMinsa":729,"direccion":"JIRÓN JR. 30 DE MAYO S/N - PLAZA PRINCIPAL NÚMERO S/N DISTRITO HUANCAYO PROVINCIA HUANCAYO DEPARTAMENTO JUNIN","disa":"JUNIN","red":"VALLE DEL MANTARO","microrred":"LA LIBERTAD","categoria":"ESTABLECIMIENTO DE SALUD SIN INTERNAMIENTO","condicion":"ACTIVO","actualizado":"2023/08/01 19:00:00.000","fuente":"MINSA","urlRenipr":"http://app20.susalud.gob.pe:8080/registro-renipress-webapp/ipress.htm?action=mostrarVer&idipress=00000729"}},{"type":"Feature","geometry":{"type":"Point","coordinates":[-75.20435798999995,-12.064283779999926]},"properties":{"objectid":10410,"nombre":"LA LIBERTAD","departamento":"JUNIN","provincia":"HUANCAYO","distrito":"HUANCAYO","institucion":"GOBIERNO REGIONAL","codigoMinsa":727,"direccion":"JIRÓN JR. HUANCAS Nº 695 DISTRITO HUANCAYO PROVINCIA HUANCAYO DEPARTAMENTO JUNIN","disa":"JUNIN","red":"VALLE DEL MANTARO","microrred":"LA LIBERTAD","categoria":"ESTABLECIMIENTO DE SALUD CON INTERNAMIENTO","condicion":"ACTIVO","actualizado":"2023/08/01 19:00:00.000","fuente":"MINSA","urlRenipr":"http://app20.susalud.gob.pe:8080/registro-renipress-webapp/ipress.htm?action=mostrarVer&idipress=00000727"}},{"type":"Feature","geometry":{"type":"Point","coordinates":[-75.04646850999995,-11.628760689999979]},"properties":{"objectid":10411,"nombre":"TALHUIS","departamento":"JUNIN","provincia":"CONCEPCION","distrito":"COMAS","institucion":"GOBIERNO REGIONAL","codigoMinsa":682,"direccion":"OTROS ACTUALIZAR DISTRITO COMAS PROVINCIA CONCEPCION DEPARTAMENTO JUNIN","disa":"JUNIN","red":"VALLE DEL MANTARO","microrred":"COMAS","categoria":"ESTABLECIMIENTO DE SALUD SIN INTERNAMIENTO","condicion":"ACTIVO","actualizado":"2023/08/01 19:00:00.000","fuente":"MINSA","urlRenipr":"http://app20.susalud.gob.pe:8080/registro-renipress-webapp/ipress.htm?action=mostrarVer&idipress=00000682"}},{"type":"Feature","geometry":{"type":"Point","coordinates":[-75.17841720999996,-12.119831399999953]},"properties":{"objectid":10412,"nombre":"LA PUNTA","departamento":"JUNIN","provincia":"HUANCAYO","distrito":"SAPALLANGA","institucion":"GOBIERNO REGIONAL","codigoMinsa":630,"direccion":"CALLE CALLE REAL S/N - BARRIO CENTRO NÚMERO S/N DISTRITO SAPALLANGA PROVINCIA HUANCAYO DEPARTAMENTO JUNIN","disa":"JUNIN","red":"VALLE DEL MANTARO","microrred":"CHILCA","categoria":"ESTABLECIMIENTO DE SALUD SIN INTERNAMIENTO","condicion":"ACTIVO","actualizado":"2023/08/01 19:00:00.000","fuente":"MINSA","urlRenipr":"http://app20.susalud.gob.pe:8080/registro-renipress-webapp/ipress.htm?action=mostrarVer&idipress=00000630"}},{"type":"Feature","geometry":{"type":"Point","coordinates":[-74.87331545999996,-10.923812839999925]},"properties":{"objectid":10433,"nombre":"LABORATORIO CLÍNICO PEDRITO","departamento":"JUNIN","provincia":"CHANCHAMAYO","distrito":"PICHANAQUI","institucion":"PRIVADO","codigoMinsa":28948,"direccion":"JIRÓN JOSE ANTONIO DE SUCRE 206 COSTAO DE RADIO SABORMIX PICHANAQUI CHANCHAMAYO JUNIN","disa":"JUNIN","red":"","microrred":"NO PERTENECE A NINGUNA MICRORED","categoria":"SERVICIO MÉDICO DE APOYO","condicion":"ACTIVO","actualizado":"2023/08/01 19:00:00.000","fuente":"MINSA","urlRenipr":"http://app20.susalud.gob.pe:8080/registro-renipress-webapp/ipress.htm?action=mostrarVer&idipress=00028948"}},{"type":"Feature","geometry":{"type":"Point","coordinates":[-75.96890699999994,-11.60208799999998]},"properties":{"objectid":10434,"nombre":"CENTRO DE SALUD MENTAL COMUNITARIO LA OROYA","departamento":"JUNIN","provincia":"YAULI","distrito":"LA OROYA","institucion":"GOBIERNO REGIONAL","codigoMinsa":30165,"direccion":"CARRETERA CENTRAL DISTRITO LA OROYA PROVINCIA YAULI DEPARTAMENTO JUNIN","disa":"JUNIN","red":"JAUJA","microrred":"YAULI-OROYA","categoria":"ESTABLECIMIENTO DE SALUD SIN INTERNAMIENTO","condicion":"ACTIVO","actualizado":"2023/08/01 19:00:00.000","fuente":"MINSA","urlRenipr":"http://app20.susalud.gob.pe:8080/registro-renipress-webapp/ipress.htm?action=mostrarVer&idipress=00030165"}},{"type":"Feature","geometry":{"type":"Point","coordinates":[-75.36688274999995,-11.833424209999976]},"properties":{"objectid":10435,"nombre":"PAUCAR APATA","departamento":"JUNIN","provincia":"JAUJA","distrito":"APATA","institucion":"GOBIERNO REGIONAL","codigoMinsa":413,"direccion":"PLAZA BARRIO CENTRO - PLAZA PRINCIPAL DISTRITO APATA PROVINCIA JAUJA DEPARTAMENTO JUNIN","disa":"JUNIN","red":"JAUJA","microrred":"MARGEN IZQUIERDA","categoria":"ESTABLECIMIENTO DE SALUD SIN INTERNAMIENTO","condicion":"ACTIVO","actualizado":"2023/08/01 19:00:00.000","fuente":"MINSA","urlRenipr":"http://app20.susalud.gob.pe:8080/registro-renipress-webapp/ipress.htm?action=mostrarVer&idipress=00000413"}},{"type":"Feature","geometry":{"type":"Point","coordinates":[-75.59283578999998,-11.649222169999973]},"properties":{"objectid":10436,"nombre":"TINGO PACCHA","departamento":"JUNIN","provincia":"JAUJA","distrito":"ACOLLA","institucion":"GOBIERNO REGIONAL","codigoMinsa":384,"direccion":"CARRETERA CARRETERA CENTRAL S/N NÚMERO S/N DISTRITO ACOLLA PROVINCIA JAUJA DEPARTAMENTO JUNIN","disa":"JUNIN","red":"JAUJA","microrred":"VALLE DE YANAMARCA","categoria":"ESTABLECIMIENTO DE SALUD SIN INTERNAMIENTO","condicion":"ACTIVO","actualizado":"2023/08/01 19:00:00.000","fuente":"MINSA","urlRenipr":"http://app20.susalud.gob.pe:8080/registro-renipress-webapp/ipress.htm?action=mostrarVer&idipress=00000384"}},{"type":"Feature","geometry":{"type":"Point","coordinates":[-75.56781051999997,-11.615093189999982]},"properties":{"objectid":10437,"nombre":"SACAS","departamento":"JUNIN","provincia":"JAUJA","distrito":"ACOLLA","institucion":"GOBIERNO REGIONAL","codigoMinsa":381,"direccion":"PLAZA PLAZA PRINCIPAL SACAS DISTRITO ACOLLA PROVINCIA JAUJA DEPARTAMENTO JUNIN","disa":"JUNIN","red":"JAUJA","microrred":"VALLE DE YANAMARCA","categoria":"ESTABLECIMIENTO DE SALUD SIN INTERNAMIENTO","condicion":"ACTIVO","actualizado":"2023/08/01 19:00:00.000","fuente":"MINSA","urlRenipr":"http://app20.susalud.gob.pe:8080/registro-renipress-webapp/ipress.htm?action=mostrarVer&idipress=00000381"}},{"type":"Feature","geometry":{"type":"Point","coordinates":[-75.21736169999997,-12.05730989999995]},"properties":{"objectid":10496,"nombre":"CENTRO MEDICO DE LA UNCP","departamento":"JUNIN","provincia":"HUANCAYO","distrito":"EL TAMBO","institucion":"OTRO","codigoMinsa":25188,"direccion":"AVENIDA MARISCAL CASTILLA NÚMERO 4089 PISO 1 DISTRITO EL TAMBO PROVINCIA HUANCAYO DEPARTAMENTO JUNIN","disa":"JUNIN","red":"NO PERTENECE A NINGUNA RED","microrred":"NO PERTENECE A NINGUNA MICRORED","categoria":"ESTABLECIMIENTO DE SALUD SIN INTERNAMIENTO","condicion":"ACTIVO","actualizado":"2023/08/01 19:00:00.000","fuente":"MINSA","urlRenipr":"http://app20.susalud.gob.pe:8080/registro-renipress-webapp/ipress.htm?action=mostrarVer&idipress=00025188"}},{"type":"Feature","geometry":{"type":"Point","coordinates":[-75.20899659999998,-12.070846819999929]},"properties":{"objectid":10585,"nombre":"CONSULTORIO OFTALMOLÓGICO TRAVERSO","departamento":"JUNIN","provincia":"HUANCAYO","distrito":"HUANCAYO","institucion":"PRIVADO","codigoMinsa":18617,"direccion":"CALLE CALLE REAL Nº 775 - OFICINA 205 DISTRITO HUANCAYO PROVINCIA HUANCAYO DEPARTAMENTO JUNIN","disa":"JUNIN","red":"NO PERTENECE A NINGUNA RED","microrred":"NO PERTENECE A NINGUNA MICRORED","categoria":"ESTABLECIMIENTO DE SALUD SIN INTERNAMIENTO","condicion":"ACTIVO","actualizado":"2023/08/01 19:00:00.000","fuente":"MINSA","urlRenipr":"http://app20.susalud.gob.pe:8080/registro-renipress-webapp/ipress.htm?action=mostrarVer&idipress=00018617"}},{"type":"Feature","geometry":{"type":"Point","coordinates":[-75.22272449999997,-12.07433679999997]},"properties":{"objectid":10723,"nombre":"LABORATORIO MEDILAB","departamento":"JUNIN","provincia":"HUANCAYO","distrito":"HUANCAYO","institucion":"PRIVADO","codigoMinsa":25718,"direccion":"AVENIDA DANIEL ALCIDES CARRION NÚMERO 1551 PISO 1 DISTRITO HUANCAYO PROVINCIA HUANCAYO DEPARTAMENTO JUNIN","disa":"JUNIN","red":"NO PERTENECE A NINGUNA RED","microrred":"NO PERTENECE A NINGUNA MICRORED","categoria":"SERVICIO MÉDICO DE APOYO","condicion":"ACTIVO","actualizado":"2023/08/01 19:00:00.000","fuente":"MINSA","urlRenipr":"http://app20.susalud.gob.pe:8080/registro-renipress-webapp/ipress.htm?action=mostrarVer&idipress=00025718"}},{"type":"Feature","geometry":{"type":"Point","coordinates":[-75.71568130999998,-11.31034969999996]},"properties":{"objectid":11055,"nombre":"CALCA","departamento":"JUNIN","provincia":"TARMA","distrito":"PALCAMAYO","institucion":"GOBIERNO REGIONAL","codigoMinsa":533,"direccion":"PLAZA BARRIO PAICOR - PLAZA PRINCIPAL CALCA DISTRITO PALCAMAYO PROVINCIA TARMA DEPARTAMENTO JUNIN","disa":"JUNIN","red":"TARMA","microrred":"ACOBAMBA","categoria":"ESTABLECIMIENTO DE SALUD SIN INTERNAMIENTO","condicion":"ACTIVO","actualizado":"2023/08/01 19:00:00.000","fuente":"MINSA","urlRenipr":"http://app20.susalud.gob.pe:8080/registro-renipress-webapp/ipress.htm?action=mostrarVer&idipress=00000533"}},{"type":"Feature","geometry":{"type":"Point","coordinates":[-75.63638496999994,-11.276863729999945]},"properties":{"objectid":11057,"nombre":"PUNRAY","departamento":"JUNIN","provincia":"TARMA","distrito":"HUASAHUASI","institucion":"GOBIERNO REGIONAL","codigoMinsa":544,"direccion":"PLAZA PLAZA PRINCIPAL - BARRIO CENTRO DISTRITO HUASAHUASI PROVINCIA TARMA DEPARTAMENTO JUNIN","disa":"JUNIN","red":"TARMA","microrred":"HUASAHUASI","categoria":"ESTABLECIMIENTO DE SALUD SIN INTERNAMIENTO","condicion":"ACTIVO","actualizado":"2023/08/01 19:00:00.000","fuente":"MINSA","urlRenipr":"http://app20.susalud.gob.pe:8080/registro-renipress-webapp/ipress.htm?action=mostrarVer&idipress=00000544"}},{"type":"Feature","geometry":{"type":"Point","coordinates":[-75.68640768999995,-11.366026999999974]},"properties":{"objectid":11058,"nombre":"TUPIN","departamento":"JUNIN","provincia":"TARMA","distrito":"ACOBAMBA","institucion":"GOBIERNO REGIONAL","codigoMinsa":524,"direccion":"JIRÓN JR. GENERAL BEDOYA S/N NÚMERO S/N DISTRITO ACOBAMBA PROVINCIA TARMA DEPARTAMENTO JUNIN","disa":"JUNIN","red":"TARMA","microrred":"ACOBAMBA","categoria":"ESTABLECIMIENTO DE SALUD SIN INTERNAMIENTO","condicion":"ACTIVO","actualizado":"2023/08/01 19:00:00.000","fuente":"MINSA","urlRenipr":"http://app20.susalud.gob.pe:8080/registro-renipress-webapp/ipress.htm?action=mostrarVer&idipress=00000524"}},{"type":"Feature","geometry":{"type":"Point","coordinates":[-75.21895844999995,-12.049881119999952]},"properties":{"objectid":11076,"nombre":"PREVENTUS","departamento":"JUNIN","provincia":"HUANCAYO","distrito":"EL TAMBO","institucion":"PRIVADO","codigoMinsa":17501,"direccion":"JIRÓN JIRON JORGE CHAVEZ #240 DISTRITO EL TAMBO PROVINCIA HUANCAYO DEPARTAMENTO JUNIN","disa":"JUNIN","red":"NO PERTENECE A NINGUNA RED","microrred":"NO PERTENECE A NINGUNA MICRORED","categoria":"ESTABLECIMIENTO DE SALUD SIN INTERNAMIENTO","condicion":"ACTIVO","actualizado":"2023/08/01 19:00:00.000","fuente":"MINSA","urlRenipr":"http://app20.susalud.gob.pe:8080/registro-renipress-webapp/ipress.htm?action=mostrarVer&idipress=00017501"}},{"type":"Feature","geometry":{"type":"Point","coordinates":[-75.21029759999993,-12.068635699999959]},"properties":{"objectid":11130,"nombre":"BELEN","departamento":"JUNIN","provincia":"HUANCAYO","distrito":"HUANCAYO","institucion":"PRIVADO","codigoMinsa":26308,"direccion":"JIRÓN PUNO N?ERO 870 PISO 1 INTERIOR 102 DISTRITO HUANCAYO PROVINCIA HUANCAYO DEPARTAMENTO JUNIN","disa":"JUNIN","red":"NO PERTENECE A NINGUNA RED","microrred":"NO PERTENECE A NINGUNA MICRORED","categoria":"SERVICIO MÉDICO DE APOYO","condicion":"ACTIVO","actualizado":"2023/08/01 19:00:00.000","fuente":"MINSA","urlRenipr":"http://app20.susalud.gob.pe:8080/registro-renipress-webapp/ipress.htm?action=mostrarVer&idipress=00026308"}},{"type":"Feature","geometry":{"type":"Point","coordinates":[-75.29805832999995,-10.944126669999946]},"properties":{"objectid":11306,"nombre":"PUEBLO PARDO","departamento":"JUNIN","provincia":"CHANCHAMAYO","distrito":"CHANCHAMAYO","institucion":"GOBIERNO REGIONAL","codigoMinsa":312,"direccion":"JIRÓN JR. PROGRESO S/N PUEBLO PARDO NÚMERO S/N DISTRITO CHANCHAMAYO PROVINCIA CHANCHAMAYO DEPARTAMENTO JUNIN","disa":"JUNIN","red":"CHANCHAMAYO","microrred":"SAN LUIS DE SHUARO","categoria":"ESTABLECIMIENTO DE SALUD SIN INTERNAMIENTO","condicion":"ACTIVO","actualizado":"2023/08/01 19:00:00.000","fuente":"MINSA","urlRenipr":"http://app20.susalud.gob.pe:8080/registro-renipress-webapp/ipress.htm?action=mostrarVer&idipress=00000312"}},{"type":"Feature","geometry":{"type":"Point","coordinates":[-74.34456388999996,-11.291484669999932]},"properties":{"objectid":11468,"nombre":"CENTRO SAURENI","departamento":"JUNIN","provincia":"SATIPO","distrito":"MAZAMARI - PANGOA","institucion":"MUNICIPALIDAD DISTRITAL","codigoMinsa":13819,"direccion":"OTROS CENTRO POBLADO CENTRO SAURENI CENTRO POBLADO CENTRO SAURENI MAZAMARI SATIPO JUNIN","disa":"JUNIN","red":"NO PERTENECE A NINGUNA RED","microrred":"NO PERTENECE A NINGUNA MICRORED","categoria":"ESTABLECIMIENTO DE SALUD SIN INTERNAMIENTO","condicion":"ACTIVO","actualizado":"2023/08/01 19:00:00.000","fuente":"MINSA","urlRenipr":"http://app20.susalud.gob.pe:8080/registro-renipress-webapp/ipress.htm?action=mostrarVer&idipress=00013819"}},{"type":"Feature","geometry":{"type":"Point","coordinates":[-75.21547715999998,-12.070747049999966]},"properties":{"objectid":11702,"nombre":"CLINICA DE OJOS VISION LUZ E.I.R.L.","departamento":"JUNIN","provincia":"HUANCAYO","distrito":"HUANCAYO","institucion":"PRIVADO","codigoMinsa":30955,"direccion":"JIRÓN TACNA 234 2 202 EDIFICIO GALENA INTERIOR 202 Y 203 HUANCAYO HUANCAYO JUNIN","disa":"JUNIN","red":"","microrred":"NO PERTENECE A NINGUNA MICRORED","categoria":"ESTABLECIMIENTO DE SALUD SIN INTERNAMIENTO","condicion":"ACTIVO","actualizado":"2023/08/01 19:00:00.000","fuente":"MINSA","urlRenipr":"http://app20.susalud.gob.pe:8080/registro-renipress-webapp/ipress.htm?action=mostrarVer&idipress=00030955"}},{"type":"Feature","geometry":{"type":"Point","coordinates":[-75.20580632999997,-12.083424879999939]},"properties":{"objectid":11901,"nombre":"CENTRO MEDICO SOLINMMA","departamento":"JUNIN","provincia":"HUANCAYO","distrito":"CHILCA","institucion":"PRIVADO","codigoMinsa":26977,"direccion":"JIRÓN MARISCAL CASTILLA N?ERO 589 PISO 1 DISTRITO CHILCA PROVINCIA HUANCAYO DEPARTAMENTO JUNIN","disa":"JUNIN","red":"NO PERTENECE A NINGUNA RED","microrred":"NO PERTENECE A NINGUNA MICRORED","categoria":"ESTABLECIMIENTO DE SALUD SIN INTERNAMIENTO","condicion":"ACTIVO","actualizado":"2023/08/01 19:00:00.000","fuente":"MINSA","urlRenipr":"http://app20.susalud.gob.pe:8080/registro-renipress-webapp/ipress.htm?action=mostrarVer&idipress=00026977"}},{"type":"Feature","geometry":{"type":"Point","coordinates":[-74.63852589999993,-11.245590499999935]},"properties":{"objectid":11989,"nombre":"CENTRO DE AISLAMIENTO TEMPORAL - SATIPO","departamento":"JUNIN","provincia":"SATIPO","distrito":"SATIPO","institucion":"GOBIERNO REGIONAL","codigoMinsa":28744,"direccion":"AVENIDA PERU S/N 3 BARRIO SAN FRANCISCO AVENIDA PERU SIN NUMERO AL COSTADO DE LA ESCUELA SATIPO SATIPO JUNIN","disa":"JUNIN","red":"SATIPO","microrred":"NO PERTENECE A NINGUNA MICRORED","categoria":"SERVICIO MÉDICO DE APOYO","condicion":"ACTIVO","actualizado":"2023/08/01 19:00:00.000","fuente":"MINSA","urlRenipr":"http://app20.susalud.gob.pe:8080/registro-renipress-webapp/ipress.htm?action=mostrarVer&idipress=00028744"}},{"type":"Feature","geometry":{"type":"Point","coordinates":[-74.73249327999997,-11.07890440999995]},"properties":{"objectid":11993,"nombre":"SAN JUAN DE CHENI","departamento":"JUNIN","provincia":"SATIPO","distrito":"RIO NEGRO","institucion":"GOBIERNO REGIONAL","codigoMinsa":505,"direccion":"OTROS COMUNIDAD NATIVA SAN JUAN DE CHENI NÚMERO S/N DISTRITO RIO NEGRO PROVINCIA SATIPO DEPARTAMENTO JUNIN","disa":"JUNIN","red":"SATIPO","microrred":"RIO NEGRO-SATIPO","categoria":"ESTABLECIMIENTO DE SALUD SIN INTERNAMIENTO","condicion":"ACTIVO","actualizado":"2023/08/01 19:00:00.000","fuente":"MINSA","urlRenipr":"http://app20.susalud.gob.pe:8080/registro-renipress-webapp/ipress.htm?action=mostrarVer&idipress=00000505"}},{"type":"Feature","geometry":{"type":"Point","coordinates":[-74.65857273999995,-11.209023929999944]},"properties":{"objectid":11994,"nombre":"RIO NEGRO","departamento":"JUNIN","provincia":"SATIPO","distrito":"RIO NEGRO","institucion":"GOBIERNO REGIONAL","codigoMinsa":495,"direccion":"JIRÓN JR. COLONOS FUNDADORES S7N DISTRITO RIO NEGRO PROVINCIA SATIPO DEPARTAMENTO JUNIN","disa":"JUNIN","red":"SATIPO","microrred":"RIO NEGRO-SATIPO","categoria":"ESTABLECIMIENTO DE SALUD SIN INTERNAMIENTO","condicion":"ACTIVO","actualizado":"2023/08/01 19:00:00.000","fuente":"MINSA","urlRenipr":"http://app20.susalud.gob.pe:8080/registro-renipress-webapp/ipress.htm?action=mostrarVer&idipress=00000495"}},{"type":"Feature","geometry":{"type":"Point","coordinates":[-74.43273628999998,-11.232912729999953]},"properties":{"objectid":11995,"nombre":"COMUNIDAD NATIVA DE PANGA","departamento":"JUNIN","provincia":"SATIPO","distrito":"MAZAMARI - PANGOA","institucion":"GOBIERNO REGIONAL","codigoMinsa":437,"direccion":"OTROS COMUNIDAD NATIVA DE PANGA DISTRITO MAZAMARI PROVINCIA SATIPO DEPARTAMENTO JUNIN","disa":"JUNIN","red":"SATIPO","microrred":"MAZAMARI","categoria":"ESTABLECIMIENTO DE SALUD SIN INTERNAMIENTO","condicion":"ACTIVO","actualizado":"2023/08/01 19:00:00.000","fuente":"MINSA","urlRenipr":"http://app20.susalud.gob.pe:8080/registro-renipress-webapp/ipress.htm?action=mostrarVer&idipress=00000437"}},{"type":"Feature","geometry":{"type":"Point","coordinates":[-75.21029759999993,-12.068635699999959]},"properties":{"objectid":12017,"nombre":"CENTRO RADIOLOGICO MAXILOFACIAL MAYHUASCA","departamento":"JUNIN","provincia":"HUANCAYO","distrito":"HUANCAYO","institucion":"PRIVADO","codigoMinsa":25177,"direccion":"JIRÓN PUNO NÚMERO 870 PISO 3 DISTRITO HUANCAYO PROVINCIA HUANCAYO DEPARTAMENTO JUNIN","disa":"JUNIN","red":"NO PERTENECE A NINGUNA RED","microrred":"NO PERTENECE A NINGUNA MICRORED","categoria":"SERVICIO MÉDICO DE APOYO","condicion":"ACTIVO","actualizado":"2023/08/01 19:00:00.000","fuente":"MINSA","urlRenipr":"http://app20.susalud.gob.pe:8080/registro-renipress-webapp/ipress.htm?action=mostrarVer&idipress=00025177"}},{"type":"Feature","geometry":{"type":"Point","coordinates":[-75.20765989999995,-12.073095299999977]},"properties":{"objectid":12074,"nombre":"VEO SALUD","departamento":"JUNIN","provincia":"HUANCAYO","distrito":"HUANCAYO","institucion":"PRIVADO","codigoMinsa":27858,"direccion":"CALLE REAL NÚMERO 1057 PISO 2 DISTRITO HUANCAYO PROVINCIA HUANCAYO DEPARTAMENTO JUNIN","disa":"JUNIN","red":"NO PERTENECE A NINGUNA RED","microrred":"NO PERTENECE A NINGUNA MICRORED","categoria":"ESTABLECIMIENTO DE SALUD SIN INTERNAMIENTO","condicion":"ACTIVO","actualizado":"2023/08/01 19:00:00.000","fuente":"MINSA","urlRenipr":"http://app20.susalud.gob.pe:8080/registro-renipress-webapp/ipress.htm?action=mostrarVer&idipress=00027858"}},{"type":"Feature","geometry":{"type":"Point","coordinates":[-75.33749999999998,-11.058366669999941]},"properties":{"objectid":12141,"nombre":"HOSPITAL SELVA CENTRAL Y ENFERMEDADES TROPICALES LA MERCED","departamento":"JUNIN","provincia":"CHANCHAMAYO","distrito":"CHANCHAMAYO","institucion":"ESSALUD","codigoMinsa":8656,"direccion":"JIRÓN JR. LOS CAUCHOS Nº 223-271 Y JR. LOS ROBLES Nº 527 DISTRITO CHANCHAMAYO PROVINCIA CHANCHAMAYO DEPARTAMENTO JUNIN","disa":"JUNIN","red":"NO PERTENECE A NINGUNA RED","microrred":"NO PERTENECE A NINGUNA MICRORED","categoria":"ESTABLECIMIENTO DE SALUD CON INTERNAMIENTO","condicion":"ACTIVO","actualizado":"2023/08/01 19:00:00.000","fuente":"MINSA","urlRenipr":"http://app20.susalud.gob.pe:8080/registro-renipress-webapp/ipress.htm?action=mostrarVer&idipress=00008656"}},{"type":"Feature","geometry":{"type":"Point","coordinates":[-75.19907799999999,-12.086435599999959]},"properties":{"objectid":12146,"nombre":"CAP II CHILCA","departamento":"JUNIN","provincia":"HUANCAYO","distrito":"CHILCA","institucion":"ESSALUD","codigoMinsa":12188,"direccion":"CALLE CALLE REAL Nº 1187 DISTRITO CHILCA PROVINCIA HUANCAYO DEPARTAMENTO JUNIN","disa":"JUNIN","red":"JUNIN","microrred":"","categoria":"ESTABLECIMIENTO DE SALUD SIN INTERNAMIENTO","condicion":"ACTIVO","actualizado":"2023/08/01 19:00:00.000","fuente":"MINSA","urlRenipr":"http://app20.susalud.gob.pe:8080/registro-renipress-webapp/ipress.htm?action=mostrarVer&idipress=00012188"}},{"type":"Feature","geometry":{"type":"Point","coordinates":[-76.04789399999999,-11.62845909999993]},"properties":{"objectid":12149,"nombre":"POSTA MEDICA MARH TUNEL","departamento":"JUNIN","provincia":"YAULI","distrito":"YAULI","institucion":"ESSALUD","codigoMinsa":8673,"direccion":"OTROS CAMPAMENTO MINERO MARH TUNEL DISTRITO YAULI PROVINCIA YAULI DEPARTAMENTO JUNIN","disa":"JUNIN","red":"JUNIN","microrred":"","categoria":"ESTABLECIMIENTO DE SALUD SIN INTERNAMIENTO","condicion":"ACTIVO","actualizado":"2023/08/01 19:00:00.000","fuente":"MINSA","urlRenipr":"http://app20.susalud.gob.pe:8080/registro-renipress-webapp/ipress.htm?action=mostrarVer&idipress=00008673"}},{"type":"Feature","geometry":{"type":"Point","coordinates":[-75.20477760999995,-12.061952399999939]},"properties":{"objectid":12153,"nombre":"CAP III MANTARO","departamento":"JUNIN","provincia":"HUANCAYO","distrito":"HUANCAYO","institucion":"ESSALUD","codigoMinsa":12190,"direccion":"JIRÓN JIRON SAN JOSE - SAN CARLOS DISTRITO HUANCAYO PROVINCIA HUANCAYO DEPARTAMENTO JUNIN","disa":"JUNIN","red":"NO PERTENECE A NINGUNA RED","microrred":"NO PERTENECE A NINGUNA MICRORED","categoria":"ESTABLECIMIENTO DE SALUD SIN INTERNAMIENTO","condicion":"ACTIVO","actualizado":"2023/08/01 19:00:00.000","fuente":"MINSA","urlRenipr":"http://app20.susalud.gob.pe:8080/registro-renipress-webapp/ipress.htm?action=mostrarVer&idipress=00012190"}},{"type":"Feature","geometry":{"type":"Point","coordinates":[-75.22871666999998,-12.052439999999933]},"properties":{"objectid":12168,"nombre":"HOSPITAL NACIONAL RAMIRO PRIALE PRIALE","departamento":"JUNIN","provincia":"HUANCAYO","distrito":"EL TAMBO","institucion":"ESSALUD","codigoMinsa":8652,"direccion":"AVENIDA AVENIDA INDEPENDENCIA Nº 296 DISTRITO EL TAMBO PROVINCIA HUANCAYO DEPARTAMENTO JUNIN","disa":"JUNIN","red":"NO PERTENECE A NINGUNA RED","microrred":"NO PERTENECE A NINGUNA MICRORED","categoria":"ESTABLECIMIENTO DE SALUD CON INTERNAMIENTO","condicion":"ACTIVO","actualizado":"2023/08/01 19:00:00.000","fuente":"MINSA","urlRenipr":"http://app20.susalud.gob.pe:8080/registro-renipress-webapp/ipress.htm?action=mostrarVer&idipress=00008652"}},{"type":"Feature","geometry":{"type":"Point","coordinates":[-75.28905656999996,-12.117275939999956]},"properties":{"objectid":12196,"nombre":"TINYARI CHICO","departamento":"JUNIN","provincia":"CHUPACA","distrito":"SAN JUAN DE ISCOS","institucion":"GOBIERNO REGIONAL","codigoMinsa":657,"direccion":"CALLE CALLE MANANTIAL S/N NÚMERO S/N DISTRITO SAN JUAN DE YSCOS PROVINCIA CHUPACA DEPARTAMENTO JUNIN","disa":"JUNIN","red":"RED DE SALUD CHUPACA","microrred":"CHUPACA","categoria":"ESTABLECIMIENTO DE SALUD SIN INTERNAMIENTO","condicion":"ACTIVO","actualizado":"2023/08/01 19:00:00.000","fuente":"MINSA","urlRenipr":"http://app20.susalud.gob.pe:8080/registro-renipress-webapp/ipress.htm?action=mostrarVer&idipress=00000657"}},{"type":"Feature","geometry":{"type":"Point","coordinates":[-75.34372757999995,-12.014859349999938]},"properties":{"objectid":12197,"nombre":"MANZANARES","departamento":"JUNIN","provincia":"CONCEPCION","distrito":"MANZANARES","institucion":"GOBIERNO REGIONAL","codigoMinsa":640,"direccion":"JIRÓN JR. ATAHUALPA CUADRA 2 S/N NÚMERO S/N DISTRITO MANZANARES PROVINCIA CONCEPCION DEPARTAMENTO JUNIN","disa":"JUNIN","red":"RED DE SALUD CHUPACA","microrred":"HUACHAC","categoria":"ESTABLECIMIENTO DE SALUD SIN INTERNAMIENTO","condicion":"ACTIVO","actualizado":"2023/08/01 19:00:00.000","fuente":"MINSA","urlRenipr":"http://app20.susalud.gob.pe:8080/registro-renipress-webapp/ipress.htm?action=mostrarVer&idipress=00000640"}},{"type":"Feature","geometry":{"type":"Point","coordinates":[-75.28830101999995,-12.063988279999933]},"properties":{"objectid":12198,"nombre":"PEDRO SANCHEZ MEZA","departamento":"JUNIN","provincia":"CHUPACA","distrito":"CHUPACA","institucion":"GOBIERNO REGIONAL","codigoMinsa":646,"direccion":"JIRÓN JR. RUFINO ECHENIQUE Nº 560 -690 JR. RUFINO ECHENIQUE Nº 560 -690 CHUPACA CHUPACA JUNIN","disa":"JUNIN","red":"RED DE SALUD CHUPACA","microrred":"CHUPACA","categoria":"ESTABLECIMIENTO DE SALUD CON INTERNAMIENTO","condicion":"ACTIVO","actualizado":"2023/08/01 19:00:00.000","fuente":"MINSA","urlRenipr":"http://app20.susalud.gob.pe:8080/registro-renipress-webapp/ipress.htm?action=mostrarVer&idipress=00000646"}},{"type":"Feature","geometry":{"type":"Point","coordinates":[-75.27129465999997,-12.132389739999951]},"properties":{"objectid":12199,"nombre":"CHONGOS BAJO","departamento":"JUNIN","provincia":"CHUPACA","distrito":"CHONGOS BAJO","institucion":"GOBIERNO REGIONAL","codigoMinsa":649,"direccion":"JIRÓN JR, PALACIOS S/N S/N JR, PALACIOS S/N CHONGOS BAJO CHUPACA JUNIN","disa":"JUNIN","red":"RED DE SALUD CHUPACA","microrred":"CHUPACA","categoria":"ESTABLECIMIENTO DE SALUD SIN INTERNAMIENTO","condicion":"ACTIVO","actualizado":"2023/08/01 19:00:00.000","fuente":"MINSA","urlRenipr":"http://app20.susalud.gob.pe:8080/registro-renipress-webapp/ipress.htm?action=mostrarVer&idipress=00000649"}},{"type":"Feature","geometry":{"type":"Point","coordinates":[-75.22641099999998,-12.368874539999979]},"properties":{"objectid":12200,"nombre":"LOS ANGELES","departamento":"JUNIN","provincia":"HUANCAYO","distrito":"CHACAPAMPA","institucion":"GOBIERNO REGIONAL","codigoMinsa":696,"direccion":"OTROS BARRIO CENTRO S/N NÚMERO S/N DISTRITO CHACAPAMPA PROVINCIA HUANCAYO DEPARTAMENTO JUNIN","disa":"JUNIN","red":"RED DE SALUD CHUPACA","microrred":"VALLE DEL CANIPACO","categoria":"ESTABLECIMIENTO DE SALUD SIN INTERNAMIENTO","condicion":"ACTIVO","actualizado":"2023/08/01 19:00:00.000","fuente":"MINSA","urlRenipr":"http://app20.susalud.gob.pe:8080/registro-renipress-webapp/ipress.htm?action=mostrarVer&idipress=00000696"}},{"type":"Feature","geometry":{"type":"Point","coordinates":[-75.20166415999995,-12.082728939999981]},"properties":{"objectid":12210,"nombre":"CONSULTORIO ODONTOLOGICO SAN DIEGO","departamento":"JUNIN","provincia":"HUANCAYO","distrito":"CHILCA","institucion":"PRIVADO","codigoMinsa":14702,"direccion":"CALLE CALLE REAL Nº 814 - 2DO PISO DISTRITO CHILCA PROVINCIA HUANCAYO DEPARTAMENTO JUNIN","disa":"JUNIN","red":"NO PERTENECE A NINGUNA RED","microrred":"NO PERTENECE A NINGUNA MICRORED","categoria":"ESTABLECIMIENTO DE SALUD SIN INTERNAMIENTO","condicion":"ACTIVO","actualizado":"2023/08/01 19:00:00.000","fuente":"MINSA","urlRenipr":"http://app20.susalud.gob.pe:8080/registro-renipress-webapp/ipress.htm?action=mostrarVer&idipress=00014702"}},{"type":"Feature","geometry":{"type":"Point","coordinates":[-75.21865699999995,-12.062217399999952]},"properties":{"objectid":12265,"nombre":"LUMIDENT AMERICANO","departamento":"JUNIN","provincia":"HUANCAYO","distrito":"EL TAMBO","institucion":"PRIVADO","codigoMinsa":26792,"direccion":"CALLE NEMESIO RAEZ NÚMERO 466 PISO 1 DISTRITO EL TAMBO PROVINCIA HUANCAYO DEPARTAMENTO JUNIN","disa":"JUNIN","red":"NO PERTENECE A NINGUNA RED","microrred":"NO PERTENECE A NINGUNA MICRORED","categoria":"ESTABLECIMIENTO DE SALUD SIN INTERNAMIENTO","condicion":"ACTIVO","actualizado":"2023/08/01 19:00:00.000","fuente":"MINSA","urlRenipr":"http://app20.susalud.gob.pe:8080/registro-renipress-webapp/ipress.htm?action=mostrarVer&idipress=00026792"}},{"type":"Feature","geometry":{"type":"Point","coordinates":[-75.21716519999995,-12.05739879999993]},"properties":{"objectid":12448,"nombre":"BOTICAS SOCORRO - TÓPICO","departamento":"JUNIN","provincia":"HUANCAYO","distrito":"EL TAMBO","institucion":"PRIVADO","codigoMinsa":30196,"direccion":"CALLE calle real 970 NÚMERO 970 DISTRITO EL TAMBO PROVINCIA HUANCAYO DEPARTAMENTO JUNIN","disa":"JUNIN","red":"","microrred":"","categoria":"ESTABLECIMIENTO DE SALUD SIN INTERNAMIENTO","condicion":"ACTIVO","actualizado":"2023/08/01 19:00:00.000","fuente":"MINSA","urlRenipr":"http://app20.susalud.gob.pe:8080/registro-renipress-webapp/ipress.htm?action=mostrarVer&idipress=00030196"}},{"type":"Feature","geometry":{"type":"Point","coordinates":[-74.85814199999999,-11.140461999999957]},"properties":{"objectid":12450,"nombre":"NUEVA ESPERANZA","departamento":"JUNIN","provincia":"CHANCHAMAYO","distrito":"PICHANAQUI","institucion":"GOBIERNO REGIONAL","codigoMinsa":31681,"direccion":"CALLE 05 MANZANA J LOTE 01 DISTRITO PICHANAQUI PROVINCIA CHANCHAMAYO DEPARTAMENTO JUNIN","disa":"JUNIN","red":"PICHANAKI","microrred":"LAS PALMAS","categoria":"ESTABLECIMIENTO DE SALUD SIN INTERNAMIENTO","condicion":"ACTIVO","actualizado":"2023/08/01 19:00:00.000","fuente":"MINSA","urlRenipr":"http://app20.susalud.gob.pe:8080/registro-renipress-webapp/ipress.htm?action=mostrarVer&idipress=00031681"}},{"type":"Feature","geometry":{"type":"Point","coordinates":[-74.87455449999999,-10.92658149999994]},"properties":{"objectid":12451,"nombre":"CENTRO DE SALUD MENTAL COMUNITARIO PICHANAKI","departamento":"JUNIN","provincia":"CHANCHAMAYO","distrito":"PERENE","institucion":"GOBIERNO REGIONAL","codigoMinsa":27080,"direccion":"OTROS ASENTAMIENTO HUMANO SANTA ROSA X ÚNICO COLINDANTE A LA CALLE DANIEL ALCIDES CARRION PERENE CHANCHAMAYO JUNIN","disa":"JUNIN","red":"PICHANAKI","microrred":"NO PERTENECE A NINGUNA MICRORED","categoria":"ESTABLECIMIENTO DE SALUD SIN INTERNAMIENTO","condicion":"ACTIVO","actualizado":"2023/08/01 19:00:00.000","fuente":"MINSA","urlRenipr":"http://app20.susalud.gob.pe:8080/registro-renipress-webapp/ipress.htm?action=mostrarVer&idipress=00027080"}},{"type":"Feature","geometry":{"type":"Point","coordinates":[-74.86674028999994,-12.04565636999996]},"properties":{"objectid":12531,"nombre":"PUESTO DE SALUD ANTARPA","departamento":"JUNIN","provincia":"HUANCAYO","distrito":"PARIAHUANCA","institucion":"GOBIERNO REGIONAL","codigoMinsa":740,"direccion":"OTROS ACTUALIZAR DISTRITO PARIAHUANCA PROVINCIA HUANCAYO DEPARTAMENTO JUNIN","disa":"JUNIN","red":"VALLE DEL MANTARO","microrred":"LA LIBERTAD","categoria":"ESTABLECIMIENTO DE SALUD SIN INTERNAMIENTO","condicion":"ACTIVO","actualizado":"2023/08/01 19:00:00.000","fuente":"MINSA","urlRenipr":"http://app20.susalud.gob.pe:8080/registro-renipress-webapp/ipress.htm?action=mostrarVer&idipress=00000740"}},{"type":"Feature","geometry":{"type":"Point","coordinates":[-75.22763224999994,-12.028605949999928]},"properties":{"objectid":12533,"nombre":"SAÑOS CHICO","departamento":"JUNIN","provincia":"HUANCAYO","distrito":"EL TAMBO","institucion":"GOBIERNO REGIONAL","codigoMinsa":711,"direccion":"OTROS ACTUALIZAR DISTRITO EL TAMBO PROVINCIA HUANCAYO DEPARTAMENTO JUNIN","disa":"JUNIN","red":"VALLE DEL MANTARO","microrred":"EL TAMBO","categoria":"ESTABLECIMIENTO DE SALUD SIN INTERNAMIENTO","condicion":"ACTIVO","actualizado":"2023/08/01 19:00:00.000","fuente":"MINSA","urlRenipr":"http://app20.susalud.gob.pe:8080/registro-renipress-webapp/ipress.htm?action=mostrarVer&idipress=00000711"}},{"type":"Feature","geometry":{"type":"Point","coordinates":[-75.22756498999996,-12.018521489999955]},"properties":{"objectid":12534,"nombre":"SAÑOS GRANDE","departamento":"JUNIN","provincia":"HUANCAYO","distrito":"EL TAMBO","institucion":"GOBIERNO REGIONAL","codigoMinsa":706,"direccion":"OTROS ACTUALIZAR DISTRITO EL TAMBO PROVINCIA HUANCAYO DEPARTAMENTO JUNIN","disa":"JUNIN","red":"VALLE DEL MANTARO","microrred":"EL TAMBO","categoria":"ESTABLECIMIENTO DE SALUD SIN INTERNAMIENTO","condicion":"ACTIVO","actualizado":"2023/08/01 19:00:00.000","fuente":"MINSA","urlRenipr":"http://app20.susalud.gob.pe:8080/registro-renipress-webapp/ipress.htm?action=mostrarVer&idipress=00000706"}},{"type":"Feature","geometry":{"type":"Point","coordinates":[-75.10871568999994,-11.626389519999975]},"properties":{"objectid":12535,"nombre":"ANDAS","departamento":"JUNIN","provincia":"CONCEPCION","distrito":"COCHAS","institucion":"GOBIERNO REGIONAL","codigoMinsa":19792,"direccion":"COSTADO DE LA PLAZA DE ARMAS","disa":"JUNIN","red":"VALLE DEL MANTARO","microrred":"COMAS","categoria":"ESTABLECIMIENTO DE SALUD SIN INTERNAMIENTO","condicion":"ACTIVO","actualizado":"2023/08/01 19:00:00.000","fuente":"MINSA","urlRenipr":"http://app20.susalud.gob.pe:8080/registro-renipress-webapp/ipress.htm?action=mostrarVer&idipress=00019792"}},{"type":"Feature","geometry":{"type":"Point","coordinates":[-74.71080175999998,-11.862698979999948]},"properties":{"objectid":12536,"nombre":"SANTA ROSA DE ASTILLERIA","departamento":"JUNIN","provincia":"HUANCAYO","distrito":"SANTO DOMINGO DE ACOBAMBA","institucion":"GOBIERNO REGIONAL","codigoMinsa":670,"direccion":"OTROS ACTUALIZAR DISTRITO SANTO DOMINGO DE ACOBAMBA PROVINCIA HUANCAYO DEPARTAMENTO JUNIN","disa":"JUNIN","red":"VALLE DEL MANTARO","microrred":"COMAS","categoria":"ESTABLECIMIENTO DE SALUD SIN INTERNAMIENTO","condicion":"ACTIVO","actualizado":"2023/08/01 19:00:00.000","fuente":"MINSA","urlRenipr":"http://app20.susalud.gob.pe:8080/registro-renipress-webapp/ipress.htm?action=mostrarVer&idipress=00000670"}},{"type":"Feature","geometry":{"type":"Point","coordinates":[-74.94411028999997,-11.812645649999979]},"properties":{"objectid":12537,"nombre":"LA NUEVA LIBERTAD DE PUNTO","departamento":"JUNIN","provincia":"HUANCAYO","distrito":"SANTO DOMINGO DE ACOBAMBA","institucion":"GOBIERNO REGIONAL","codigoMinsa":12468,"direccion":"OTROS ANEXO DE PUNTO - BARRIO CENTRO DISTRITO SANTO DOMINGO DE ACOBAMBA PROVINCIA HUANCAYO DEPARTAMENTO JUNIN","disa":"JUNIN","red":"VALLE DEL MANTARO","microrred":"COMAS","categoria":"ESTABLECIMIENTO DE SALUD SIN INTERNAMIENTO","condicion":"ACTIVO","actualizado":"2023/08/01 19:00:00.000","fuente":"MINSA","urlRenipr":"http://app20.susalud.gob.pe:8080/registro-renipress-webapp/ipress.htm?action=mostrarVer&idipress=00012468"}},{"type":"Feature","geometry":{"type":"Point","coordinates":[-75.21229167999996,-12.205286649999948]},"properties":{"objectid":12538,"nombre":"CHUAMBA.","departamento":"JUNIN","provincia":"HUANCAYO","distrito":"CULLHUAS","institucion":"GOBIERNO REGIONAL","codigoMinsa":12469,"direccion":"CARRETERA CARRETERA CENTRAL KM.20 HYO-HCVA. DISTRITO CULLHUAS PROVINCIA HUANCAYO DEPARTAMENTO JUNIN","disa":"JUNIN","red":"VALLE DEL MANTARO","microrred":"CHILCA","categoria":"ESTABLECIMIENTO DE SALUD SIN INTERNAMIENTO","condicion":"ACTIVO","actualizado":"2023/08/01 19:00:00.000","fuente":"MINSA","urlRenipr":"http://app20.susalud.gob.pe:8080/registro-renipress-webapp/ipress.htm?action=mostrarVer&idipress=00012469"}},{"type":"Feature","geometry":{"type":"Point","coordinates":[-75.24891995999997,-11.92055757999998]},"properties":{"objectid":12539,"nombre":"COLPAR","departamento":"JUNIN","provincia":"HUANCAYO","distrito":"QUILCAS","institucion":"GOBIERNO REGIONAL","codigoMinsa":721,"direccion":"OTROS ACTUALIZAR DISTRITO QUILCAS PROVINCIA HUANCAYO DEPARTAMENTO JUNIN","disa":"JUNIN","red":"VALLE DEL MANTARO","microrred":"EL TAMBO","categoria":"ESTABLECIMIENTO DE SALUD SIN INTERNAMIENTO","condicion":"ACTIVO","actualizado":"2023/08/01 19:00:00.000","fuente":"MINSA","urlRenipr":"http://app20.susalud.gob.pe:8080/registro-renipress-webapp/ipress.htm?action=mostrarVer&idipress=00000721"}},{"type":"Feature","geometry":{"type":"Point","coordinates":[-75.31549037999997,-11.874896719999981]},"properties":{"objectid":12541,"nombre":"HUANCHAR","departamento":"JUNIN","provincia":"CONCEPCION","distrito":"SANTA ROSA DE OCOPA","institucion":"GOBIERNO REGIONAL","codigoMinsa":692,"direccion":"AVENIDA AV. JUAN LANDAZURI S/N NÚMERO S/N DISTRITO SANTA ROSA DE OCOPA PROVINCIA CONCEPCION DEPARTAMENTO JUNIN","disa":"JUNIN","red":"VALLE DEL MANTARO","microrred":"CONCEPCION","categoria":"ESTABLECIMIENTO DE SALUD SIN INTERNAMIENTO","condicion":"ACTIVO","actualizado":"2023/08/01 19:00:00.000","fuente":"MINSA","urlRenipr":"http://app20.susalud.gob.pe:8080/registro-renipress-webapp/ipress.htm?action=mostrarVer&idipress=00000692"}},{"type":"Feature","geometry":{"type":"Point","coordinates":[-75.38040853999996,-11.873445729999958]},"properties":{"objectid":12542,"nombre":"YANAMUCLO","departamento":"JUNIN","provincia":"CONCEPCION","distrito":"MATAHUASI","institucion":"GOBIERNO REGIONAL","codigoMinsa":689,"direccion":"PLAZA PLAZA PRINCIPAL DE YANAMUCLO DISTRITO MATAHUASI PROVINCIA CONCEPCION DEPARTAMENTO JUNIN","disa":"JUNIN","red":"VALLE DEL MANTARO","microrred":"CONCEPCION","categoria":"ESTABLECIMIENTO DE SALUD SIN INTERNAMIENTO","condicion":"ACTIVO","actualizado":"2023/08/01 19:00:00.000","fuente":"MINSA","urlRenipr":"http://app20.susalud.gob.pe:8080/registro-renipress-webapp/ipress.htm?action=mostrarVer&idipress=00000689"}},{"type":"Feature","geometry":{"type":"Point","coordinates":[-75.16032690999998,-12.128570989999957]},"properties":{"objectid":12543,"nombre":"MIRAFLORES","departamento":"JUNIN","provincia":"HUANCAYO","distrito":"SAPALLANGA","institucion":"GOBIERNO REGIONAL","codigoMinsa":633,"direccion":"AV. RAMIRO PRIALE S/N MIRAFLORES","disa":"JUNIN","red":"VALLE DEL MANTARO","microrred":"CHILCA","categoria":"ESTABLECIMIENTO DE SALUD SIN INTERNAMIENTO","condicion":"ACTIVO","actualizado":"2023/08/01 19:00:00.000","fuente":"MINSA","urlRenipr":"http://app20.susalud.gob.pe:8080/registro-renipress-webapp/ipress.htm?action=mostrarVer&idipress=00000633"}},{"type":"Feature","geometry":{"type":"Point","coordinates":[-75.41400332999996,-11.944776169999955]},"properties":{"objectid":12544,"nombre":"QUICHA GRANDE","departamento":"JUNIN","provincia":"CONCEPCION","distrito":"ACO","institucion":"GOBIERNO REGIONAL","codigoMinsa":747,"direccion":"PLAZA PLAZA PRINCIPAL DISTRITO ACO PROVINCIA CONCEPCION DEPARTAMENTO JUNIN","disa":"JUNIN","red":"VALLE DEL MANTARO","microrred":"CONCEPCION","categoria":"ESTABLECIMIENTO DE SALUD SIN INTERNAMIENTO","condicion":"ACTIVO","actualizado":"2023/08/01 19:00:00.000","fuente":"MINSA","urlRenipr":"http://app20.susalud.gob.pe:8080/registro-renipress-webapp/ipress.htm?action=mostrarVer&idipress=00000747"}},{"type":"Feature","geometry":{"type":"Point","coordinates":[-75.69222209999998,-11.423822499999972]},"properties":{"objectid":12550,"nombre":"POLICLINICO SANTA ANA","departamento":"JUNIN","provincia":"TARMA","distrito":"TARMA","institucion":"PRIVADO","codigoMinsa":30959,"direccion":"AVENIDA PACHECO NÚMERO 247 DISTRITO TARMA PROVINCIA TARMA DEPARTAMENTO JUNIN","disa":"JUNIN","red":"","microrred":"","categoria":"ESTABLECIMIENTO DE SALUD SIN INTERNAMIENTO","condicion":"ACTIVO","actualizado":"2023/08/01 19:00:00.000","fuente":"MINSA","urlRenipr":"http://app20.susalud.gob.pe:8080/registro-renipress-webapp/ipress.htm?action=mostrarVer&idipress=00030959"}},{"type":"Feature","geometry":{"type":"Point","coordinates":[-75.55393993999996,-11.639699629999939]},"properties":{"objectid":12564,"nombre":"YANACANCHA","departamento":"JUNIN","provincia":"JAUJA","distrito":"PACA","institucion":"GOBIERNO REGIONAL","codigoMinsa":386,"direccion":"PLAZA PLAZA PRINCIPAL YANACANCHA DISTRITO PACA PROVINCIA JAUJA DEPARTAMENTO JUNIN","disa":"JUNIN","red":"JAUJA","microrred":"VALLE DE YANAMARCA","categoria":"ESTABLECIMIENTO DE SALUD SIN INTERNAMIENTO","condicion":"ACTIVO","actualizado":"2023/08/01 19:00:00.000","fuente":"MINSA","urlRenipr":"http://app20.susalud.gob.pe:8080/registro-renipress-webapp/ipress.htm?action=mostrarVer&idipress=00000386"}},{"type":"Feature","geometry":{"type":"Point","coordinates":[-75.49372609999995,-11.77906577999994]},"properties":{"objectid":12565,"nombre":"CENTRO DE AISLAMIENTO TEMPORAL - JAUJA","departamento":"JUNIN","provincia":"JAUJA","distrito":"JAUJA","institucion":"GOBIERNO REGIONAL","codigoMinsa":28717,"direccion":"AVENIDA FRANCISCO CARLE 329 2 UNA CUADRA GRIFO LOS ANGELES JAUJA JAUJA JUNIN","disa":"JUNIN","red":"JAUJA","microrred":"NO PERTENECE A NINGUNA MICRORED","categoria":"SERVICIO MÉDICO DE APOYO","condicion":"ACTIVO","actualizado":"2023/08/01 19:00:00.000","fuente":"MINSA","urlRenipr":"http://app20.susalud.gob.pe:8080/registro-renipress-webapp/ipress.htm?action=mostrarVer&idipress=00028717"}},{"type":"Feature","geometry":{"type":"Point","coordinates":[-75.43679588999998,-11.761455079999962]},"properties":{"objectid":12566,"nombre":"JULCAN","departamento":"JUNIN","provincia":"JAUJA","distrito":"JULCAN","institucion":"GOBIERNO REGIONAL","codigoMinsa":393,"direccion":"JIRÓN JR. JUNIN S/N BARRIO HUAIRANGA NÚMERO S/N DISTRITO JULCAN PROVINCIA JAUJA DEPARTAMENTO JUNIN","disa":"JUNIN","red":"JAUJA","microrred":"VALLE AZUL","categoria":"ESTABLECIMIENTO DE SALUD SIN INTERNAMIENTO","condicion":"ACTIVO","actualizado":"2023/08/01 19:00:00.000","fuente":"MINSA","urlRenipr":"http://app20.susalud.gob.pe:8080/registro-renipress-webapp/ipress.htm?action=mostrarVer&idipress=00000393"}},{"type":"Feature","geometry":{"type":"Point","coordinates":[-75.90207806999996,-11.720602569999926]},"properties":{"objectid":12567,"nombre":"HUAYHUAY","departamento":"JUNIN","provincia":"YAULI","distrito":"HUAY-HUAY","institucion":"GOBIERNO REGIONAL","codigoMinsa":430,"direccion":"CALLE CALLE HUANCAYO S/N NÚMERO S/N DISTRITO HUAY HUAY PROVINCIA YAULI DEPARTAMENTO JUNIN","disa":"JUNIN","red":"JAUJA","microrred":"YAULI-OROYA","categoria":"ESTABLECIMIENTO DE SALUD SIN INTERNAMIENTO","condicion":"ACTIVO","actualizado":"2023/08/01 19:00:00.000","fuente":"MINSA","urlRenipr":"http://app20.susalud.gob.pe:8080/registro-renipress-webapp/ipress.htm?action=mostrarVer&idipress=00000430"}},{"type":"Feature","geometry":{"type":"Point","coordinates":[-75.47141167999996,-11.808856069999933]},"properties":{"objectid":12568,"nombre":"HUARIPAMPA","departamento":"JUNIN","provincia":"JAUJA","distrito":"HUARIPAMPA","institucion":"GOBIERNO REGIONAL","codigoMinsa":400,"direccion":"JIRÓN JR. AMARGURA S/N 4TA CUADRA CARRETERA CENTRAL NÚMERO S/N DISTRITO HUARIPAMPA PROVINCIA JAUJA DEPARTAMENTO JUNIN","disa":"JUNIN","red":"JAUJA","microrred":"MARGEN DERECHA","categoria":"ESTABLECIMIENTO DE SALUD SIN INTERNAMIENTO","condicion":"ACTIVO","actualizado":"2023/08/01 19:00:00.000","fuente":"MINSA","urlRenipr":"http://app20.susalud.gob.pe:8080/registro-renipress-webapp/ipress.htm?action=mostrarVer&idipress=00000400"}},{"type":"Feature","geometry":{"type":"Point","coordinates":[-75.38103617999997,-11.785957809999957]},"properties":{"objectid":12569,"nombre":"MASMA CHICCHE","departamento":"JUNIN","provincia":"JAUJA","distrito":"MASMA CHICCHE","institucion":"GOBIERNO REGIONAL","codigoMinsa":395,"direccion":"OTROS BARRIO LA LIBERTAD DISTRITO MASMA CHICCHE PROVINCIA JAUJA DEPARTAMENTO JUNIN","disa":"JUNIN","red":"JAUJA","microrred":"VALLE AZUL","categoria":"ESTABLECIMIENTO DE SALUD SIN INTERNAMIENTO","condicion":"ACTIVO","actualizado":"2023/08/01 19:00:00.000","fuente":"MINSA","urlRenipr":"http://app20.susalud.gob.pe:8080/registro-renipress-webapp/ipress.htm?action=mostrarVer&idipress=00000395"}},{"type":"Feature","geometry":{"type":"Point","coordinates":[-75.90646914999996,-11.52207532999995]},"properties":{"objectid":12570,"nombre":"LA OROYA","departamento":"JUNIN","provincia":"YAULI","distrito":"LA OROYA","institucion":"GOBIERNO REGIONAL","codigoMinsa":559,"direccion":"AVENIDA AV. HORACIO ZEVALLOS Nº 431 AV. HORACIO ZEVALLOS Nº 431 LA OROYA YAULI JUNIN","disa":"JUNIN","red":"JAUJA","microrred":"YAULI-OROYA","categoria":"ESTABLECIMIENTO DE SALUD CON INTERNAMIENTO","condicion":"ACTIVO","actualizado":"2023/08/01 19:00:00.000","fuente":"MINSA","urlRenipr":"http://app20.susalud.gob.pe:8080/registro-renipress-webapp/ipress.htm?action=mostrarVer&idipress=00000559"}},{"type":"Feature","geometry":{"type":"Point","coordinates":[-75.33658659999998,-11.062945179999929]},"properties":{"objectid":12617,"nombre":"CENTRO MEDICO MEDILAF","departamento":"JUNIN","provincia":"CHANCHAMAYO","distrito":"CHANCHAMAYO","institucion":"PRIVADO","codigoMinsa":30958,"direccion":"AVENIDA LAS CUCARDAS NÚMERO S/N PISO 2 MANZANA C LOTE 04 URBANIZACIÓN SANTO TOMAS DISTRITO CHANCHAMAYO PROVINCIA CHANCHAMAYO DEPARTAMENTO JUNIN","disa":"JUNIN","red":"","microrred":"","categoria":"ESTABLECIMIENTO DE SALUD SIN INTERNAMIENTO","condicion":"ACTIVO","actualizado":"2023/08/01 19:00:00.000","fuente":"MINSA","urlRenipr":"http://app20.susalud.gob.pe:8080/registro-renipress-webapp/ipress.htm?action=mostrarVer&idipress=00030958"}},{"type":"Feature","geometry":{"type":"Point","coordinates":[-75.63075720999996,-11.014266009999972]},"properties":{"objectid":13165,"nombre":"SAN JOSE DE CAYASH","departamento":"JUNIN","provincia":"TARMA","distrito":"SAN PEDRO DE CAJAS","institucion":"GOBIERNO REGIONAL","codigoMinsa":535,"direccion":"CARRETERA CARRETERA FINAL A SAN JOSE DE CAYASH, AL COSTADO DEL ESTADIO COMUNAL DISTRITO SAN PEDRO DE CAJAS PROVINCIA TARMA DEPARTAMENTO JUNIN","disa":"JUNIN","red":"TARMA","microrred":"ACOBAMBA","categoria":"ESTABLECIMIENTO DE SALUD SIN INTERNAMIENTO","condicion":"ACTIVO","actualizado":"2023/08/01 19:00:00.000","fuente":"MINSA","urlRenipr":"http://app20.susalud.gob.pe:8080/registro-renipress-webapp/ipress.htm?action=mostrarVer&idipress=00000535"}},{"type":"Feature","geometry":{"type":"Point","coordinates":[-75.55218503999998,-11.49122054999998]},"properties":{"objectid":13166,"nombre":"CONGAS ANTACUCHO","departamento":"JUNIN","provincia":"TARMA","distrito":"HUARICOLCA","institucion":"GOBIERNO REGIONAL","codigoMinsa":568,"direccion":"CALLE CALLE 28 DE JULIO S/N , PLAZA PRINCIPAL NÚMERO S/N DISTRITO HUARICOLCA PROVINCIA TARMA DEPARTAMENTO JUNIN","disa":"JUNIN","red":"TARMA","microrred":"PALCA","categoria":"ESTABLECIMIENTO DE SALUD SIN INTERNAMIENTO","condicion":"ACTIVO","actualizado":"2023/08/01 19:00:00.000","fuente":"MINSA","urlRenipr":"http://app20.susalud.gob.pe:8080/registro-renipress-webapp/ipress.htm?action=mostrarVer&idipress=00000568"}},{"type":"Feature","geometry":{"type":"Point","coordinates":[-75.62309145999996,-11.403422359999979]},"properties":{"objectid":13167,"nombre":"COLLPA","departamento":"JUNIN","provincia":"TARMA","distrito":"ACOBAMBA","institucion":"GOBIERNO REGIONAL","codigoMinsa":526,"direccion":"OTROS BARRIO MANUEL A, ODRIA S/N NÚMERO S/N DISTRITO ACOBAMBA PROVINCIA TARMA DEPARTAMENTO JUNIN","disa":"JUNIN","red":"TARMA","microrred":"ACOBAMBA","categoria":"ESTABLECIMIENTO DE SALUD SIN INTERNAMIENTO","condicion":"ACTIVO","actualizado":"2023/08/01 19:00:00.000","fuente":"MINSA","urlRenipr":"http://app20.susalud.gob.pe:8080/registro-renipress-webapp/ipress.htm?action=mostrarVer&idipress=00000526"}},{"type":"Feature","geometry":{"type":"Point","coordinates":[-75.73217063999994,-11.417387109999936]},"properties":{"objectid":13169,"nombre":"MULLUCRO","departamento":"JUNIN","provincia":"TARMA","distrito":"TARMA","institucion":"GOBIERNO REGIONAL","codigoMinsa":588,"direccion":"CARRETERA CARRETERA CENTRAL KM 5 - CHUCHUPAMPA DISTRITO TARMA PROVINCIA TARMA DEPARTAMENTO JUNIN","disa":"JUNIN","red":"TARMA","microrred":"TARMA","categoria":"ESTABLECIMIENTO DE SALUD SIN INTERNAMIENTO","condicion":"ACTIVO","actualizado":"2023/08/01 19:00:00.000","fuente":"MINSA","urlRenipr":"http://app20.susalud.gob.pe:8080/registro-renipress-webapp/ipress.htm?action=mostrarVer&idipress=00000588"}},{"type":"Feature","geometry":{"type":"Point","coordinates":[-75.04256999999996,-10.91375832999995]},"properties":{"objectid":13425,"nombre":"ALTO PUMPURIANI","departamento":"JUNIN","provincia":"CHANCHAMAYO","distrito":"PERENE","institucion":"GOBIERNO REGIONAL","codigoMinsa":327,"direccion":"CARRETERA CARRETERA DE PENETRACION DEL ANEXO ALTO PUMPURIANI DISTRITO PERENE PROVINCIA CHANCHAMAYO DEPARTAMENTO JUNIN","disa":"JUNIN","red":"CHANCHAMAYO","microrred":"PERENE","categoria":"ESTABLECIMIENTO DE SALUD SIN INTERNAMIENTO","condicion":"ACTIVO","actualizado":"2023/08/01 19:00:00.000","fuente":"MINSA","urlRenipr":"http://app20.susalud.gob.pe:8080/registro-renipress-webapp/ipress.htm?action=mostrarVer&idipress=00000327"}},{"type":"Feature","geometry":{"type":"Point","coordinates":[-75.35405519999995,-11.119012099999964]},"properties":{"objectid":13532,"nombre":"Centro Vernal","departamento":"JUNIN","provincia":"CHANCHAMAYO","distrito":"CHANCHAMAYO","institucion":"PRIVADO","codigoMinsa":25668,"direccion":"JIRÓN JUNIN 162 -B Piso 2 CHANCHAMAYO CHANCHAMAYO JUNIN","disa":"JUNIN","red":"NO PERTENECE A NINGUNA RED","microrred":"NO PERTENECE A NINGUNA MICRORED","categoria":"ESTABLECIMIENTO DE SALUD SIN INTERNAMIENTO","condicion":"ACTIVO","actualizado":"2023/08/01 19:00:00.000","fuente":"MINSA","urlRenipr":"http://app20.susalud.gob.pe:8080/registro-renipress-webapp/ipress.htm?action=mostrarVer&idipress=00025668"}},{"type":"Feature","geometry":{"type":"Point","coordinates":[-75.21550419999994,-12.069182199999943]},"properties":{"objectid":13542,"nombre":"CONSULTORIO MEDICO NAVARRO","departamento":"JUNIN","provincia":"HUANCAYO","distrito":"HUANCAYO","institucion":"PRIVADO","codigoMinsa":17145,"direccion":"JIRÓN JR LIBERTAD Nº 299 DISTRITO HUANCAYO PROVINCIA HUANCAYO DEPARTAMENTO JUNIN","disa":"JUNIN","red":"NO PERTENECE A NINGUNA RED","microrred":"NO PERTENECE A NINGUNA MICRORED","categoria":"ESTABLECIMIENTO DE SALUD SIN INTERNAMIENTO","condicion":"ACTIVO","actualizado":"2023/08/01 19:00:00.000","fuente":"MINSA","urlRenipr":"http://app20.susalud.gob.pe:8080/registro-renipress-webapp/ipress.htm?action=mostrarVer&idipress=00017145"}},{"type":"Feature","geometry":{"type":"Point","coordinates":[-75.21368759999996,-12.069389099999967]},"properties":{"objectid":13747,"nombre":"IMAX","departamento":"JUNIN","provincia":"HUANCAYO","distrito":"HUANCAYO","institucion":"PRIVADO","codigoMinsa":14248,"direccion":"JIRÓN JR. PUNO Nº 866 DISTRITO HUANCAYO PROVINCIA HUANCAYO DEPARTAMENTO JUNIN","disa":"JUNIN","red":"NO PERTENECE A NINGUNA RED","microrred":"NO PERTENECE A NINGUNA MICRORED","categoria":"SERVICIO MÉDICO DE APOYO","condicion":"ACTIVO","actualizado":"2023/08/01 19:00:00.000","fuente":"MINSA","urlRenipr":"http://app20.susalud.gob.pe:8080/registro-renipress-webapp/ipress.htm?action=mostrarVer&idipress=00014248"}},{"type":"Feature","geometry":{"type":"Point","coordinates":[-75.21029759999993,-12.068635699999959]},"properties":{"objectid":13762,"nombre":"LABORATORIO CLINICO SAN JOSÉ","departamento":"JUNIN","provincia":"HUANCAYO","distrito":"HUANCAYO","institucion":"PRIVADO","codigoMinsa":30849,"direccion":"JIRÓN ABANCAY NÚMERO 515 PISO 6 DEPARTAMENTO 601 URBANIZACIÓN SAN CARLOS DISTRITO HUANCAYO PROVINCIA HUANCAYO DEPARTAMENTO JUNIN","disa":"JUNIN","red":"","microrred":"","categoria":"SERVICIO MÉDICO DE APOYO","condicion":"ACTIVO","actualizado":"2023/08/01 19:00:00.000","fuente":"MINSA","urlRenipr":"http://app20.susalud.gob.pe:8080/registro-renipress-webapp/ipress.htm?action=mostrarVer&idipress=00030849"}},{"type":"Feature","geometry":{"type":"Point","coordinates":[-74.30077940999996,-11.380889219999972]},"properties":{"objectid":14055,"nombre":"LOS MANANTIALES","departamento":"JUNIN","provincia":"SATIPO","distrito":"MAZAMARI - PANGOA","institucion":"GOBIERNO REGIONAL","codigoMinsa":21803,"direccion":"AVENIDA AV. CAFETALEROS S/N NÚMERO S/N DISTRITO PANGOA PROVINCIA SATIPO DEPARTAMENTO JUNIN","disa":"JUNIN","red":"SAN MARTIN DE PANGOA","microrred":"SAN ANTONIO DE SONOMORO","categoria":"ESTABLECIMIENTO DE SALUD SIN INTERNAMIENTO","condicion":"ACTIVO","actualizado":"2023/08/01 19:00:00.000","fuente":"MINSA","urlRenipr":"http://app20.susalud.gob.pe:8080/registro-renipress-webapp/ipress.htm?action=mostrarVer&idipress=00021803"}},{"type":"Feature","geometry":{"type":"Point","coordinates":[-74.59778801999994,-11.40287337999996]},"properties":{"objectid":14059,"nombre":"HERMOSA PAMPA","departamento":"JUNIN","provincia":"SATIPO","distrito":"LLAYLLA","institucion":"GOBIERNO REGIONAL","codigoMinsa":491,"direccion":"JIRÓN JR. EL CONVENIO S/N CP.HERMOSA PAMPA NÚMERO S/N DISTRITO LLAYLLA PROVINCIA SATIPO DEPARTAMENTO JUNIN","disa":"JUNIN","red":"SATIPO","microrred":"MAZAMARI","categoria":"ESTABLECIMIENTO DE SALUD SIN INTERNAMIENTO","condicion":"ACTIVO","actualizado":"2023/08/01 19:00:00.000","fuente":"MINSA","urlRenipr":"http://app20.susalud.gob.pe:8080/registro-renipress-webapp/ipress.htm?action=mostrarVer&idipress=00000491"}},{"type":"Feature","geometry":{"type":"Point","coordinates":[-73.75454792999994,-10.742560879999928]},"properties":{"objectid":14060,"nombre":"SHIMA","departamento":"JUNIN","provincia":"SATIPO","distrito":"RIO TAMBO","institucion":"GOBIERNO REGIONAL","codigoMinsa":467,"direccion":"OTROS CENTRO POBLADO VILLA JUNIN DISTRITO RIO TAMBO PROVINCIA SATIPO DEPARTAMENTO JUNIN","disa":"JUNIN","red":"SATIPO","microrred":"POYENI","categoria":"ESTABLECIMIENTO DE SALUD SIN INTERNAMIENTO","condicion":"ACTIVO","actualizado":"2023/08/01 19:00:00.000","fuente":"MINSA","urlRenipr":"http://app20.susalud.gob.pe:8080/registro-renipress-webapp/ipress.htm?action=mostrarVer&idipress=00000467"}},{"type":"Feature","geometry":{"type":"Point","coordinates":[-74.67223233999994,-11.134955359999935]},"properties":{"objectid":14062,"nombre":"VILLA CAPIRI","departamento":"JUNIN","provincia":"SATIPO","distrito":"RIO NEGRO","institucion":"GOBIERNO REGIONAL","codigoMinsa":496,"direccion":"OTROS CENTRO POBLADO DE VILLA CAPIRI DISTRITO RIO NEGRO PROVINCIA SATIPO DEPARTAMENTO JUNIN","disa":"JUNIN","red":"SATIPO","microrred":"RIO NEGRO-SATIPO","categoria":"ESTABLECIMIENTO DE SALUD SIN INTERNAMIENTO","condicion":"ACTIVO","actualizado":"2023/08/01 19:00:00.000","fuente":"MINSA","urlRenipr":"http://app20.susalud.gob.pe:8080/registro-renipress-webapp/ipress.htm?action=mostrarVer&idipress=00000496"}},{"type":"Feature","geometry":{"type":"Point","coordinates":[-74.69620280999999,-11.305837169999961]},"properties":{"objectid":14063,"nombre":"SAN PEDRO","departamento":"JUNIN","provincia":"SATIPO","distrito":"COVIRIALI","institucion":"GOBIERNO REGIONAL","codigoMinsa":486,"direccion":"OTROS COMUNIDAD SAN PEDRO DISTRITO COVIRIALI PROVINCIA SATIPO DEPARTAMENTO JUNIN","disa":"JUNIN","red":"SATIPO","microrred":"RIO NEGRO-SATIPO","categoria":"ESTABLECIMIENTO DE SALUD SIN INTERNAMIENTO","condicion":"ACTIVO","actualizado":"2023/08/01 19:00:00.000","fuente":"MINSA","urlRenipr":"http://app20.susalud.gob.pe:8080/registro-renipress-webapp/ipress.htm?action=mostrarVer&idipress=00000486"}},{"type":"Feature","geometry":{"type":"Point","coordinates":[-74.26644210999996,-11.082820819999938]},"properties":{"objectid":14064,"nombre":"SAN VICENTE DE CANAAN","departamento":"JUNIN","provincia":"SATIPO","distrito":"RIO TAMBO","institucion":"GOBIERNO REGIONAL","codigoMinsa":473,"direccion":"OTROS CENTRO POBLADO CANAEDEN DISTRITO RIO TAMBO PROVINCIA SATIPO DEPARTAMENTO JUNIN","disa":"JUNIN","red":"SATIPO","microrred":"PUERTO OCOPA","categoria":"ESTABLECIMIENTO DE SALUD SIN INTERNAMIENTO","condicion":"ACTIVO","actualizado":"2023/08/01 19:00:00.000","fuente":"MINSA","urlRenipr":"http://app20.susalud.gob.pe:8080/registro-renipress-webapp/ipress.htm?action=mostrarVer&idipress=00000473"}},{"type":"Feature","geometry":{"type":"Point","coordinates":[-73.74168463999996,-10.849832339999978]},"properties":{"objectid":14065,"nombre":"IMPANEKIARI","departamento":"JUNIN","provincia":"SATIPO","distrito":"RIO TAMBO","institucion":"GOBIERNO REGIONAL","codigoMinsa":464,"direccion":"OTROS COMUNIDAD NAIVA IMPANEKIARI DISTRITO RIO TAMBO PROVINCIA SATIPO DEPARTAMENTO JUNIN","disa":"JUNIN","red":"SATIPO","microrred":"POYENI","categoria":"ESTABLECIMIENTO DE SALUD SIN INTERNAMIENTO","condicion":"ACTIVO","actualizado":"2023/08/01 19:00:00.000","fuente":"MINSA","urlRenipr":"http://app20.susalud.gob.pe:8080/registro-renipress-webapp/ipress.htm?action=mostrarVer&idipress=00000464"}},{"type":"Feature","geometry":{"type":"Point","coordinates":[-74.42832323999994,-11.558153749999974]},"properties":{"objectid":14068,"nombre":"CAMPIRUSHARI","departamento":"JUNIN","provincia":"SATIPO","distrito":"MAZAMARI - PANGOA","institucion":"GOBIERNO REGIONAL","codigoMinsa":454,"direccion":"AVENIDA AV.PANGOA S/N CARRETERA PRINCIPAL NÚMERO S/N DISTRITO PANGOA PROVINCIA SATIPO DEPARTAMENTO JUNIN","disa":"JUNIN","red":"SAN MARTIN DE PANGOA","microrred":"CUBANTIA","categoria":"ESTABLECIMIENTO DE SALUD SIN INTERNAMIENTO","condicion":"ACTIVO","actualizado":"2023/08/01 19:00:00.000","fuente":"MINSA","urlRenipr":"http://app20.susalud.gob.pe:8080/registro-renipress-webapp/ipress.htm?action=mostrarVer&idipress=00000454"}},{"type":"Feature","geometry":{"type":"Point","coordinates":[-74.49044269999996,-11.426292599999954]},"properties":{"objectid":14069,"nombre":"PUERTO ANAPATI","departamento":"JUNIN","provincia":"SATIPO","distrito":"MAZAMARI - PANGOA","institucion":"GOBIERNO REGIONAL","codigoMinsa":27801,"direccion":"CARRETERA MARGINAL NÚMERO S/N DISTRITO PANGOA PROVINCIA SATIPO DEPARTAMENTO JUNIN","disa":"JUNIN","red":"SAN MARTIN DE PANGOA","microrred":"CUBANTIA","categoria":"ESTABLECIMIENTO DE SALUD SIN INTERNAMIENTO","condicion":"ACTIVO","actualizado":"2023/08/01 19:00:00.000","fuente":"MINSA","urlRenipr":"http://app20.susalud.gob.pe:8080/registro-renipress-webapp/ipress.htm?action=mostrarVer&idipress=00027801"}},{"type":"Feature","geometry":{"type":"Point","coordinates":[-74.49077225999997,-11.427803669999946]},"properties":{"objectid":14070,"nombre":"SAN MARTIN DE PANGOA","departamento":"JUNIN","provincia":"SATIPO","distrito":"MAZAMARI - PANGOA","institucion":"GOBIERNO REGIONAL","codigoMinsa":442,"direccion":"AVENIDA AV. PANGOA S/N ESQUINA CON AV. ESPAÑA S/N AV. PANGOA S/N ESQUINA CON AV. ESPAÑA PANGOA SATIPO JUNIN","disa":"JUNIN","red":"SAN MARTIN DE PANGOA","microrred":"NO PERTENECE A NINGUNA MICRORED","categoria":"ESTABLECIMIENTO DE SALUD CON INTERNAMIENTO","condicion":"ACTIVO","actualizado":"2023/08/01 19:00:00.000","fuente":"MINSA","urlRenipr":"http://app20.susalud.gob.pe:8080/registro-renipress-webapp/ipress.htm?action=mostrarVer&idipress=00000442"}},{"type":"Feature","geometry":{"type":"Point","coordinates":[-75.26183489999994,-12.153520249999929]},"properties":{"objectid":14301,"nombre":"PUMPUNYA","departamento":"JUNIN","provincia":"CHUPACA","distrito":"CHONGOS BAJO","institucion":"GOBIERNO REGIONAL","codigoMinsa":650,"direccion":"CALLE CALLE SAN CARLOS S/N NÚMERO S/N DISTRITO CHONGOS BAJO PROVINCIA CHUPACA DEPARTAMENTO JUNIN","disa":"JUNIN","red":"RED DE SALUD CHUPACA","microrred":"CHUPACA","categoria":"ESTABLECIMIENTO DE SALUD SIN INTERNAMIENTO","condicion":"ACTIVO","actualizado":"2023/08/01 19:00:00.000","fuente":"MINSA","urlRenipr":"http://app20.susalud.gob.pe:8080/registro-renipress-webapp/ipress.htm?action=mostrarVer&idipress=00000650"}},{"type":"Feature","geometry":{"type":"Point","coordinates":[-75.29366434999997,-12.098852849999957]},"properties":{"objectid":14302,"nombre":"SAN JUAN DE ISCOS","departamento":"JUNIN","provincia":"CHUPACA","distrito":"SAN JUAN DE ISCOS","institucion":"GOBIERNO REGIONAL","codigoMinsa":656,"direccion":"PLAZA PLAZA PRINCIPAL-BARRIO CHAUPIMARCA DISTRITO SAN JUAN DE YSCOS PROVINCIA CHUPACA DEPARTAMENTO JUNIN","disa":"JUNIN","red":"RED DE SALUD CHUPACA","microrred":"CHUPACA","categoria":"ESTABLECIMIENTO DE SALUD SIN INTERNAMIENTO","condicion":"ACTIVO","actualizado":"2023/08/01 19:00:00.000","fuente":"MINSA","urlRenipr":"http://app20.susalud.gob.pe:8080/registro-renipress-webapp/ipress.htm?action=mostrarVer&idipress=00000656"}},{"type":"Feature","geometry":{"type":"Point","coordinates":[-75.25808777999998,-11.97500888999997]},"properties":{"objectid":14591,"nombre":"HUALHUAS","departamento":"JUNIN","provincia":"HUANCAYO","distrito":"HUALHUAS","institucion":"GOBIERNO REGIONAL","codigoMinsa":718,"direccion":"OTROS ACTUALIZAR DISTRITO HUALHUAS PROVINCIA HUANCAYO DEPARTAMENTO JUNIN","disa":"JUNIN","red":"VALLE DEL MANTARO","microrred":"EL TAMBO","categoria":"ESTABLECIMIENTO DE SALUD SIN INTERNAMIENTO","condicion":"ACTIVO","actualizado":"2023/08/01 19:00:00.000","fuente":"MINSA","urlRenipr":"http://app20.susalud.gob.pe:8080/registro-renipress-webapp/ipress.htm?action=mostrarVer&idipress=00000718"}},{"type":"Feature","geometry":{"type":"Point","coordinates":[-75.18789803999994,-12.015053209999962]},"properties":{"objectid":14592,"nombre":"CULLPA","departamento":"JUNIN","provincia":"HUANCAYO","distrito":"EL TAMBO","institucion":"GOBIERNO REGIONAL","codigoMinsa":733,"direccion":"OTROS ACTUALIZAR DISTRITO EL TAMBO PROVINCIA HUANCAYO DEPARTAMENTO JUNIN","disa":"JUNIN","red":"VALLE DEL MANTARO","microrred":"EL TAMBO","categoria":"ESTABLECIMIENTO DE SALUD SIN INTERNAMIENTO","condicion":"ACTIVO","actualizado":"2023/08/01 19:00:00.000","fuente":"MINSA","urlRenipr":"http://app20.susalud.gob.pe:8080/registro-renipress-webapp/ipress.htm?action=mostrarVer&idipress=00000733"}},{"type":"Feature","geometry":{"type":"Point","coordinates":[-75.21108616999999,-12.067444889999933]},"properties":{"objectid":14480,"nombre":"SORA","departamento":"JUNIN","provincia":"HUANCAYO","distrito":"HUANCAYO","institucion":"PRIVADO","codigoMinsa":28673,"direccion":"CALLE REAL N?ERO 349 PISO 3 INTERIOR 1 DISTRITO HUANCAYO PROVINCIA HUANCAYO DEPARTAMENTO JUNIN","disa":"JUNIN","red":"NO PERTENECE A NINGUNA RED","microrred":"NO PERTENECE A NINGUNA MICRORED","categoria":"ESTABLECIMIENTO DE SALUD SIN INTERNAMIENTO","condicion":"ACTIVO","actualizado":"2023/08/01 19:00:00.000","fuente":"MINSA","urlRenipr":"http://app20.susalud.gob.pe:8080/registro-renipress-webapp/ipress.htm?action=mostrarVer&idipress=00028673"}},{"type":"Feature","geometry":{"type":"Point","coordinates":[-75.22014141999995,-11.999198529999944]},"properties":{"objectid":14589,"nombre":"HUALAHOYO","departamento":"JUNIN","provincia":"HUANCAYO","distrito":"EL TAMBO","institucion":"GOBIERNO REGIONAL","codigoMinsa":716,"direccion":"OTROS ACTUALIZAR ACTUALIZAR EL TAMBO HUANCAYO JUNIN","disa":"JUNIN","red":"VALLE DEL MANTARO","microrred":"EL TAMBO","categoria":"ESTABLECIMIENTO DE SALUD SIN INTERNAMIENTO","condicion":"ACTIVO","actualizado":"2023/08/01 19:00:00.000","fuente":"MINSA","urlRenipr":"http://app20.susalud.gob.pe:8080/registro-renipress-webapp/ipress.htm?action=mostrarVer&idipress=00000716"}},{"type":"Feature","geometry":{"type":"Point","coordinates":[-74.64187300999998,-11.25880363999994]},"properties":{"objectid":14509,"nombre":"MEDIC CENTER PERU SAC","departamento":"JUNIN","provincia":"SATIPO","distrito":"SATIPO","institucion":"PRIVADO","codigoMinsa":28946,"direccion":"JIRÓN FRANCISCO IRAZOLA NÚMERO 948 DISTRITO SATIPO PROVINCIA SATIPO DEPARTAMENTO JUNIN","disa":"JUNIN","red":"NO PERTENECE A NINGUNA RED","microrred":"NO PERTENECE A NINGUNA MICRORED","categoria":"ESTABLECIMIENTO DE SALUD SIN INTERNAMIENTO","condicion":"ACTIVO","actualizado":"2023/08/01 19:00:00.000","fuente":"MINSA","urlRenipr":"http://app20.susalud.gob.pe:8080/registro-renipress-webapp/ipress.htm?action=mostrarVer&idipress=00028946"}},{"type":"Feature","geometry":{"type":"Point","coordinates":[-75.20509129999994,-12.083216149999942]},"properties":{"objectid":14514,"nombre":"CLÍNICA CERTMEDIC","departamento":"JUNIN","provincia":"HUANCAYO","distrito":"CHILCA","institucion":"PRIVADO","codigoMinsa":27859,"direccion":"AVENIDA ARTERIAL NÚMERO 194 PISO 1 DISTRITO CHILCA PROVINCIA HUANCAYO DEPARTAMENTO JUNIN","disa":"JUNIN","red":"NO PERTENECE A NINGUNA RED","microrred":"NO PERTENECE A NINGUNA MICRORED","categoria":"ESTABLECIMIENTO DE SALUD SIN INTERNAMIENTO","condicion":"ACTIVO","actualizado":"2023/08/01 19:00:00.000","fuente":"MINSA","urlRenipr":"http://app20.susalud.gob.pe:8080/registro-renipress-webapp/ipress.htm?action=mostrarVer&idipress=00027859"}},{"type":"Feature","geometry":{"type":"Point","coordinates":[-75.09136092999995,-11.613327819999938]},"properties":{"objectid":14590,"nombre":"MARISCAL CASTILLA","departamento":"JUNIN","provincia":"CONCEPCION","distrito":"MARISCAL CASTILLA","institucion":"GOBIERNO REGIONAL","codigoMinsa":686,"direccion":"OTROS ACTUALIZAR DISTRITO MARISCAL CASTILLA PROVINCIA CONCEPCION DEPARTAMENTO JUNIN","disa":"JUNIN","red":"VALLE DEL MANTARO","microrred":"COMAS","categoria":"ESTABLECIMIENTO DE SALUD SIN INTERNAMIENTO","condicion":"ACTIVO","actualizado":"2023/08/01 19:00:00.000","fuente":"MINSA","urlRenipr":"http://app20.susalud.gob.pe:8080/registro-renipress-webapp/ipress.htm?action=mostrarVer&idipress=00000686"}},{"type":"Feature","geometry":{"type":"Point","coordinates":[-75.21410849999995,-12.069439099999954]},"properties":{"objectid":14543,"nombre":"CENTRO RADIOLOGICO ESPECIALIZADO \"JESUS ES TU MEDICO\"","departamento":"JUNIN","provincia":"HUANCAYO","distrito":"HUANCAYO","institucion":"PRIVADO","codigoMinsa":12249,"direccion":"JIRÓN JR. JUNIN Nº 286 DISTRITO HUANCAYO PROVINCIA HUANCAYO DEPARTAMENTO JUNIN","disa":"JUNIN","red":"NO PERTENECE A NINGUNA RED","microrred":"NO PERTENECE A NINGUNA MICRORED","categoria":"SERVICIO MÉDICO DE APOYO","condicion":"ACTIVO","actualizado":"2023/08/01 19:00:00.000","fuente":"MINSA","urlRenipr":"http://app20.susalud.gob.pe:8080/registro-renipress-webapp/ipress.htm?action=mostrarVer&idipress=00012249"}},{"type":"Feature","geometry":{"type":"Point","coordinates":[-74.77082208999997,-12.03092608999998]},"properties":{"objectid":14593,"nombre":"PUESTO DE SALUD PANTY","departamento":"JUNIN","provincia":"HUANCAYO","distrito":"PARIAHUANCA","institucion":"GOBIERNO REGIONAL","codigoMinsa":738,"direccion":"OTROS ACTUALIZAR DISTRITO PARIAHUANCA PROVINCIA HUANCAYO DEPARTAMENTO JUNIN","disa":"JUNIN","red":"VALLE DEL MANTARO","microrred":"LA LIBERTAD","categoria":"ESTABLECIMIENTO DE SALUD SIN INTERNAMIENTO","condicion":"ACTIVO","actualizado":"2023/08/01 19:00:00.000","fuente":"MINSA","urlRenipr":"http://app20.susalud.gob.pe:8080/registro-renipress-webapp/ipress.htm?action=mostrarVer&idipress=00000738"}},{"type":"Feature","geometry":{"type":"Point","coordinates":[-75.22684945999998,-12.06353127999995]},"properties":{"objectid":14594,"nombre":"RAMIRO PRIALE","departamento":"JUNIN","provincia":"HUANCAYO","distrito":"EL TAMBO","institucion":"GOBIERNO REGIONAL","codigoMinsa":715,"direccion":"OTROS ACTUALIZAR DISTRITO EL TAMBO PROVINCIA HUANCAYO DEPARTAMENTO JUNIN","disa":"JUNIN","red":"VALLE DEL MANTARO","microrred":"EL TAMBO","categoria":"ESTABLECIMIENTO DE SALUD SIN INTERNAMIENTO","condicion":"ACTIVO","actualizado":"2023/08/01 19:00:00.000","fuente":"MINSA","urlRenipr":"http://app20.susalud.gob.pe:8080/registro-renipress-webapp/ipress.htm?action=mostrarVer&idipress=00000715"}},{"type":"Feature","geometry":{"type":"Point","coordinates":[-75.23055981999994,-12.158429779999949]},"properties":{"objectid":14595,"nombre":"VIQUES","departamento":"JUNIN","provincia":"HUANCAYO","distrito":"VIQUES","institucion":"GOBIERNO REGIONAL","codigoMinsa":635,"direccion":"AVENIDA AV. HUASCAR S/N NÚMERO S/N DISTRITO VIQUES PROVINCIA HUANCAYO DEPARTAMENTO JUNIN","disa":"JUNIN","red":"VALLE DEL MANTARO","microrred":"CHILCA","categoria":"ESTABLECIMIENTO DE SALUD SIN INTERNAMIENTO","condicion":"ACTIVO","actualizado":"2023/08/01 19:00:00.000","fuente":"MINSA","urlRenipr":"http://app20.susalud.gob.pe:8080/registro-renipress-webapp/ipress.htm?action=mostrarVer&idipress=00000635"}},{"type":"Feature","geometry":{"type":"Point","coordinates":[-75.35041407999995,-11.922650429999976]},"properties":{"objectid":14597,"nombre":"MATAHULO","departamento":"JUNIN","provincia":"CONCEPCION","distrito":"MITO","institucion":"GOBIERNO REGIONAL","codigoMinsa":750,"direccion":"PLAZA PLAZA PRINCIPAL S/N NÚMERO S/N DISTRITO MITO PROVINCIA CONCEPCION DEPARTAMENTO JUNIN","disa":"JUNIN","red":"VALLE DEL MANTARO","microrred":"CONCEPCION","categoria":"ESTABLECIMIENTO DE SALUD SIN INTERNAMIENTO","condicion":"ACTIVO","actualizado":"2023/08/01 19:00:00.000","fuente":"MINSA","urlRenipr":"http://app20.susalud.gob.pe:8080/registro-renipress-webapp/ipress.htm?action=mostrarVer&idipress=00000750"}},{"type":"Feature","geometry":{"type":"Point","coordinates":[-75.19593521999997,-12.00907757999994]},"properties":{"objectid":14598,"nombre":"COCHAS CHICO","departamento":"JUNIN","provincia":"HUANCAYO","distrito":"EL TAMBO","institucion":"GOBIERNO REGIONAL","codigoMinsa":735,"direccion":"OTROS ESTADIO MUNICIPAL Nº 110 DISTRITO EL TAMBO PROVINCIA HUANCAYO DEPARTAMENTO JUNIN","disa":"JUNIN","red":"VALLE DEL MANTARO","microrred":"EL TAMBO","categoria":"ESTABLECIMIENTO DE SALUD SIN INTERNAMIENTO","condicion":"ACTIVO","actualizado":"2023/08/01 19:00:00.000","fuente":"MINSA","urlRenipr":"http://app20.susalud.gob.pe:8080/registro-renipress-webapp/ipress.htm?action=mostrarVer&idipress=00000735"}},{"type":"Feature","geometry":{"type":"Point","coordinates":[-75.35639999999995,-11.032719999999927]},"properties":{"objectid":14622,"nombre":"SALUD VIAL CHANCHAMAYO","departamento":"JUNIN","provincia":"CHANCHAMAYO","distrito":"CHANCHAMAYO","institucion":"PRIVADO","codigoMinsa":30614,"direccion":"JIRÓN TARMA NÚMERO 582 PISO 1 DISTRITO CHANCHAMAYO PROVINCIA CHANCHAMAYO DEPARTAMENTO JUNIN","disa":"JUNIN","red":"","microrred":"","categoria":"ESTABLECIMIENTO DE SALUD SIN INTERNAMIENTO","condicion":"ACTIVO","actualizado":"2023/08/01 19:00:00.000","fuente":"MINSA","urlRenipr":"http://app20.susalud.gob.pe:8080/registro-renipress-webapp/ipress.htm?action=mostrarVer&idipress=00030614"}},{"type":"Feature","geometry":{"type":"Point","coordinates":[-75.56921461999997,-11.724121489999959]},"properties":{"objectid":14623,"nombre":"TUNANMARCA","departamento":"JUNIN","provincia":"JAUJA","distrito":"TUNAN MARCA","institucion":"GOBIERNO REGIONAL","codigoMinsa":391,"direccion":"JIRÓN JR. LOS CIPRECES S/N NÚMERO S/N DISTRITO TUNAN MARCA PROVINCIA JAUJA DEPARTAMENTO JUNIN","disa":"JUNIN","red":"JAUJA","microrred":"VALLE DE YANAMARCA","categoria":"ESTABLECIMIENTO DE SALUD SIN INTERNAMIENTO","condicion":"ACTIVO","actualizado":"2023/08/01 19:00:00.000","fuente":"MINSA","urlRenipr":"http://app20.susalud.gob.pe:8080/registro-renipress-webapp/ipress.htm?action=mostrarVer&idipress=00000391"}},{"type":"Feature","geometry":{"type":"Point","coordinates":[-75.62481094999998,-11.73911389999995]},"properties":{"objectid":14624,"nombre":"POMACANCHA","departamento":"JUNIN","provincia":"JAUJA","distrito":"POMACANCHA","institucion":"GOBIERNO REGIONAL","codigoMinsa":388,"direccion":"JIRÓN JR. TARMA S/N NÚMERO S/N DISTRITO POMACANCHA PROVINCIA JAUJA DEPARTAMENTO JUNIN","disa":"JUNIN","red":"JAUJA","microrred":"VALLE DE YANAMARCA","categoria":"ESTABLECIMIENTO DE SALUD SIN INTERNAMIENTO","condicion":"ACTIVO","actualizado":"2023/08/01 19:00:00.000","fuente":"MINSA","urlRenipr":"http://app20.susalud.gob.pe:8080/registro-renipress-webapp/ipress.htm?action=mostrarVer&idipress=00000388"}},{"type":"Feature","geometry":{"type":"Point","coordinates":[-75.58305848999998,-11.642545379999945]},"properties":{"objectid":14625,"nombre":"EL TINGO","departamento":"JUNIN","provincia":"JAUJA","distrito":"ACOLLA","institucion":"GOBIERNO REGIONAL","codigoMinsa":380,"direccion":"PLAZA PLAZA PRINCIPAL EL TINGO DISTRITO ACOLLA PROVINCIA JAUJA DEPARTAMENTO JUNIN","disa":"JUNIN","red":"JAUJA","microrred":"VALLE DE YANAMARCA","categoria":"ESTABLECIMIENTO DE SALUD SIN INTERNAMIENTO","condicion":"ACTIVO","actualizado":"2023/08/01 19:00:00.000","fuente":"MINSA","urlRenipr":"http://app20.susalud.gob.pe:8080/registro-renipress-webapp/ipress.htm?action=mostrarVer&idipress=00000380"}},{"type":"Feature","geometry":{"type":"Point","coordinates":[-75.73755262999998,-11.062112239999976]},"properties":{"objectid":14652,"nombre":"YANEC","departamento":"JUNIN","provincia":"TARMA","distrito":"SAN PEDRO DE CAJAS","institucion":"GOBIERNO REGIONAL","codigoMinsa":557,"direccion":"CARRETERA CARRETERA CENTRAL KM 15 - YANEC DISTRITO SAN PEDRO DE CAJAS PROVINCIA TARMA DEPARTAMENTO JUNIN","disa":"JUNIN","red":"JUNIN","microrred":"JUNIN","categoria":"ESTABLECIMIENTO DE SALUD SIN INTERNAMIENTO","condicion":"ACTIVO","actualizado":"2023/08/01 19:00:00.000","fuente":"MINSA","urlRenipr":"http://app20.susalud.gob.pe:8080/registro-renipress-webapp/ipress.htm?action=mostrarVer&idipress=00000557"}},{"type":"Feature","geometry":{"type":"Point","coordinates":[-75.76247499999994,-10.99530999999996]},"properties":{"objectid":14653,"nombre":"PISCURRURAY","departamento":"JUNIN","provincia":"JUNIN","distrito":"ULCUMAYO","institucion":"GOBIERNO REGIONAL","codigoMinsa":607,"direccion":"PLAZA PLAZA DE ARMAS - CPM PISCURRURAY DISTRITO ULCUMAYO PROVINCIA JUNIN DEPARTAMENTO JUNIN","disa":"JUNIN","red":"JUNIN","microrred":"ULCUMAYO","categoria":"ESTABLECIMIENTO DE SALUD SIN INTERNAMIENTO","condicion":"ACTIVO","actualizado":"2023/08/01 19:00:00.000","fuente":"MINSA","urlRenipr":"http://app20.susalud.gob.pe:8080/registro-renipress-webapp/ipress.htm?action=mostrarVer&idipress=00000607"}},{"type":"Feature","geometry":{"type":"Point","coordinates":[-75.20545757999997,-12.082547769999962]},"properties":{"objectid":14694,"nombre":"CENTRO MEDICO RIVERA","departamento":"JUNIN","provincia":"HUANCAYO","distrito":"CHILCA","institucion":"PRIVADO","codigoMinsa":30960,"direccion":"AVENIDA ARTERIAL N°226 - 1ER Y 2DO PISO ENTRE LA AV. ARTERIAL Y PSJ. RAYMUNDI CHILCA HUANCAYO JUNIN","disa":"JUNIN","red":"","microrred":"NO PERTENECE A NINGUNA MICRORED","categoria":"ESTABLECIMIENTO DE SALUD SIN INTERNAMIENTO","condicion":"ACTIVO","actualizado":"2023/08/01 19:00:00.000","fuente":"MINSA","urlRenipr":"http://app20.susalud.gob.pe:8080/registro-renipress-webapp/ipress.htm?action=mostrarVer&idipress=00030960"}},{"type":"Feature","geometry":{"type":"Point","coordinates":[-75.48900614999997,-11.783480359999942]},"properties":{"objectid":14730,"nombre":"ENFERMERIA DEL FUERTE CÁCERES","departamento":"JUNIN","provincia":"JAUJA","distrito":"JAUJA","institucion":"SANIDAD DEL EJERCITO DEL PERU","codigoMinsa":9406,"direccion":"AVENIDA AV. PASEO LA BREÑA S/N JAUJA NÚMERO S/N DISTRITO JAUJA PROVINCIA JAUJA DEPARTAMENTO JUNIN","disa":"JUNIN","red":"NO PERTENECE A NINGUNA RED","microrred":"NO PERTENECE A NINGUNA MICRORED","categoria":"ESTABLECIMIENTO DE SALUD SIN INTERNAMIENTO","condicion":"ACTIVO","actualizado":"2023/08/01 19:00:00.000","fuente":"MINSA","urlRenipr":"http://app20.susalud.gob.pe:8080/registro-renipress-webapp/ipress.htm?action=mostrarVer&idipress=00009406"}},{"type":"Feature","geometry":{"type":"Point","coordinates":[-75.22100569999998,-12.073609399999953]},"properties":{"objectid":14817,"nombre":"MEDICENTRO CAYETANO","departamento":"JUNIN","provincia":"HUANCAYO","distrito":"HUANCAYO","institucion":"PRIVADO","codigoMinsa":30619,"direccion":"AVENIDA Daniel Alcides Carrion NÚMERO 1591 DISTRITO HUANCAYO PROVINCIA HUANCAYO DEPARTAMENTO JUNIN","disa":"JUNIN","red":"","microrred":"","categoria":"ESTABLECIMIENTO DE SALUD SIN INTERNAMIENTO","condicion":"ACTIVO","actualizado":"2023/08/01 19:00:00.000","fuente":"MINSA","urlRenipr":"http://app20.susalud.gob.pe:8080/registro-renipress-webapp/ipress.htm?action=mostrarVer&idipress=00030619"}},{"type":"Feature","geometry":{"type":"Point","coordinates":[-75.20550119999996,-12.065152199999943]},"properties":{"objectid":15065,"nombre":"CENTRO ODONTOLOGICO JESUSS DENTAL","departamento":"JUNIN","provincia":"HUANCAYO","distrito":"HUANCAYO","institucion":"PRIVADO","codigoMinsa":15135,"direccion":"JIRÓN JR. GUIDO 698-A DISTRITO HUANCAYO PROVINCIA HUANCAYO DEPARTAMENTO JUNIN","disa":"JUNIN","red":"","microrred":"NO PERTENECE A NINGUNA MICRORED","categoria":"ESTABLECIMIENTO DE SALUD SIN INTERNAMIENTO","condicion":"ACTIVO","actualizado":"2023/08/01 19:00:00.000","fuente":"MINSA","urlRenipr":"http://app20.susalud.gob.pe:8080/registro-renipress-webapp/ipress.htm?action=mostrarVer&idipress=00015135"}},{"type":"Feature","geometry":{"type":"Point","coordinates":[-75.79174559999996,-11.375661139999977]},"properties":{"objectid":15220,"nombre":"CONDORCOCHA","departamento":"JUNIN","provincia":"TARMA","distrito":"LA UNION","institucion":"GOBIERNO REGIONAL","codigoMinsa":599,"direccion":"AVENIDA AV. LIMA S/N S/N AV. LIMA S/N LA UNION TARMA JUNIN","disa":"JUNIN","red":"TARMA","microrred":"TARMA","categoria":"ESTABLECIMIENTO DE SALUD SIN INTERNAMIENTO","condicion":"ACTIVO","actualizado":"2023/08/01 19:00:00.000","fuente":"MINSA","urlRenipr":"http://app20.susalud.gob.pe:8080/registro-renipress-webapp/ipress.htm?action=mostrarVer&idipress=00000599"}},{"type":"Feature","geometry":{"type":"Point","coordinates":[-75.60285686999998,-11.356301309999935]},"properties":{"objectid":15221,"nombre":"HUAYLAHUICHAN","departamento":"JUNIN","provincia":"TARMA","distrito":"ACOBAMBA","institucion":"GOBIERNO REGIONAL","codigoMinsa":525,"direccion":"OTROS SAN JOSE DE HUAYLAHUICHAN S/N N?ERO S/N DISTRITO ACOBAMBA PROVINCIA TARMA DEPARTAMENTO JUNIN","disa":"JUNIN","red":"TARMA","microrred":"ACOBAMBA","categoria":"ESTABLECIMIENTO DE SALUD SIN INTERNAMIENTO","condicion":"ACTIVO","actualizado":"2023/08/01 19:00:00.000","fuente":"MINSA","urlRenipr":"http://app20.susalud.gob.pe:8080/registro-renipress-webapp/ipress.htm?action=mostrarVer&idipress=00000525"}},{"type":"Feature","geometry":{"type":"Point","coordinates":[-75.67838854999997,-11.458392879999963]},"properties":{"objectid":15222,"nombre":"VICORA CONGAS","departamento":"JUNIN","provincia":"TARMA","distrito":"TARMA","institucion":"GOBIERNO REGIONAL","codigoMinsa":589,"direccion":"CARRETERA CARRETERA CENTRAL S/N VICORAS NÚMERO S/N DISTRITO TARMA PROVINCIA TARMA DEPARTAMENTO JUNIN","disa":"JUNIN","red":"TARMA","microrred":"TARMA","categoria":"ESTABLECIMIENTO DE SALUD SIN INTERNAMIENTO","condicion":"ACTIVO","actualizado":"2023/08/01 19:00:00.000","fuente":"MINSA","urlRenipr":"http://app20.susalud.gob.pe:8080/registro-renipress-webapp/ipress.htm?action=mostrarVer&idipress=00000589"}},{"type":"Feature","geometry":{"type":"Point","coordinates":[-75.53876447999994,-11.43594325999993]},"properties":{"objectid":15223,"nombre":"PACCHAC","departamento":"JUNIN","provincia":"TARMA","distrito":"TAPO","institucion":"GOBIERNO REGIONAL","codigoMinsa":582,"direccion":"OTROS BARRIO CENTRAL S/N NÚMERO S/N DISTRITO TAPO PROVINCIA TARMA DEPARTAMENTO JUNIN","disa":"JUNIN","red":"TARMA","microrred":"PALCA","categoria":"ESTABLECIMIENTO DE SALUD SIN INTERNAMIENTO","condicion":"ACTIVO","actualizado":"2023/08/01 19:00:00.000","fuente":"MINSA","urlRenipr":"http://app20.susalud.gob.pe:8080/registro-renipress-webapp/ipress.htm?action=mostrarVer&idipress=00000582"}},{"type":"Feature","geometry":{"type":"Point","coordinates":[-75.53234092999998,-11.433729219999975]},"properties":{"objectid":15224,"nombre":"HUARIPAMPA","departamento":"JUNIN","provincia":"TARMA","distrito":"PALCA","institucion":"GOBIERNO REGIONAL","codigoMinsa":575,"direccion":"CARRETERA CARRETERA CENTRAL S/N - HUARIPAMPA NÚMERO S/N DISTRITO PALCA PROVINCIA TARMA DEPARTAMENTO JUNIN","disa":"JUNIN","red":"TARMA","microrred":"PALCA","categoria":"ESTABLECIMIENTO DE SALUD SIN INTERNAMIENTO","condicion":"ACTIVO","actualizado":"2023/08/01 19:00:00.000","fuente":"MINSA","urlRenipr":"http://app20.susalud.gob.pe:8080/registro-renipress-webapp/ipress.htm?action=mostrarVer&idipress=00000575"}},{"type":"Feature","geometry":{"type":"Point","coordinates":[-75.59769582999996,-11.352211409999938]},"properties":{"objectid":15225,"nombre":"CHIPOCAYO","departamento":"JUNIN","provincia":"TARMA","distrito":"PALCA","institucion":"GOBIERNO REGIONAL","codigoMinsa":573,"direccion":"CARRETERA CARRETERA CENTRAL S/N, CHIPOCAYO S/N CARRETERA CENTRAL S/N, CHIPOCAYO PALCA TARMA JUNIN","disa":"JUNIN","red":"TARMA","microrred":"PALCA","categoria":"ESTABLECIMIENTO DE SALUD SIN INTERNAMIENTO","condicion":"ACTIVO","actualizado":"2023/08/01 19:00:00.000","fuente":"MINSA","urlRenipr":"http://app20.susalud.gob.pe:8080/registro-renipress-webapp/ipress.htm?action=mostrarVer&idipress=00000573"}},{"type":"Feature","geometry":{"type":"Point","coordinates":[-75.66283571999998,-11.27516787999997]},"properties":{"objectid":15226,"nombre":"CHIRAS","departamento":"JUNIN","provincia":"TARMA","distrito":"HUASAHUASI","institucion":"GOBIERNO REGIONAL","codigoMinsa":547,"direccion":"OTROS BARRIO ABAJO S/N CENTRO NÚMERO S/N DISTRITO HUASAHUASI PROVINCIA TARMA DEPARTAMENTO JUNIN","disa":"JUNIN","red":"TARMA","microrred":"HUASAHUASI","categoria":"ESTABLECIMIENTO DE SALUD SIN INTERNAMIENTO","condicion":"ACTIVO","actualizado":"2023/08/01 19:00:00.000","fuente":"MINSA","urlRenipr":"http://app20.susalud.gob.pe:8080/registro-renipress-webapp/ipress.htm?action=mostrarVer&idipress=00000547"}},{"type":"Feature","geometry":{"type":"Point","coordinates":[-75.15193332999996,-10.769598329999951]},"properties":{"objectid":15487,"nombre":"ALTO YURINAKI","departamento":"JUNIN","provincia":"CHANCHAMAYO","distrito":"PERENE","institucion":"GOBIERNO REGIONAL","codigoMinsa":321,"direccion":"PLAZA PLAZA DEL ANEXO ALTO YURINAKI DISTRITO PERENE PROVINCIA CHANCHAMAYO DEPARTAMENTO JUNIN","disa":"JUNIN","red":"CHANCHAMAYO","microrred":"PERENE","categoria":"ESTABLECIMIENTO DE SALUD SIN INTERNAMIENTO","condicion":"ACTIVO","actualizado":"2023/08/01 19:00:00.000","fuente":"MINSA","urlRenipr":"http://app20.susalud.gob.pe:8080/registro-renipress-webapp/ipress.htm?action=mostrarVer&idipress=00000321"}},{"type":"Feature","geometry":{"type":"Point","coordinates":[-75.28834499999994,-10.888269999999977]},"properties":{"objectid":15488,"nombre":"SAN LUIS DE SHUARO","departamento":"JUNIN","provincia":"CHANCHAMAYO","distrito":"SAN LUIS DE SHUARO","institucion":"GOBIERNO REGIONAL","codigoMinsa":314,"direccion":"JIRÓN JR. PROGRESO S/N SAN LUIS DE SHUARO NÚMERO S/N DISTRITO SAN LUIS DE SHUARO PROVINCIA CHANCHAMAYO DEPARTAMENTO JUNIN","disa":"JUNIN","red":"CHANCHAMAYO","microrred":"SAN LUIS DE SHUARO","categoria":"ESTABLECIMIENTO DE SALUD SIN INTERNAMIENTO","condicion":"ACTIVO","actualizado":"2023/08/01 19:00:00.000","fuente":"MINSA","urlRenipr":"http://app20.susalud.gob.pe:8080/registro-renipress-webapp/ipress.htm?action=mostrarVer&idipress=00000314"}},{"type":"Feature","geometry":{"type":"Point","coordinates":[-75.05878832999997,-10.775406669999938]},"properties":{"objectid":15489,"nombre":"JOSE GALVEZ","departamento":"JUNIN","provincia":"CHANCHAMAYO","distrito":"PERENE","institucion":"GOBIERNO REGIONAL","codigoMinsa":14384,"direccion":"OTROS JOSE GALVEZ S/N NÚMERO S/N DISTRITO PERENE PROVINCIA CHANCHAMAYO DEPARTAMENTO JUNIN","disa":"JUNIN","red":"CHANCHAMAYO","microrred":"PERENE","categoria":"ESTABLECIMIENTO DE SALUD SIN INTERNAMIENTO","condicion":"ACTIVO","actualizado":"2023/08/01 19:00:00.000","fuente":"MINSA","urlRenipr":"http://app20.susalud.gob.pe:8080/registro-renipress-webapp/ipress.htm?action=mostrarVer&idipress=00014384"}},{"type":"Feature","geometry":{"type":"Point","coordinates":[-75.33875291999993,-11.256664389999969]},"properties":{"objectid":15490,"nombre":"VISCATAN","departamento":"JUNIN","provincia":"CHANCHAMAYO","distrito":"VITOC","institucion":"GOBIERNO REGIONAL","codigoMinsa":359,"direccion":"PLAZA PLAZA PRINCIPAL DEL ANEXO VISCATAN DISTRITO VITOC PROVINCIA CHANCHAMAYO DEPARTAMENTO JUNIN","disa":"JUNIN","red":"CHANCHAMAYO","microrred":"SAN RAMON","categoria":"ESTABLECIMIENTO DE SALUD SIN INTERNAMIENTO","condicion":"ACTIVO","actualizado":"2023/08/01 19:00:00.000","fuente":"MINSA","urlRenipr":"http://app20.susalud.gob.pe:8080/registro-renipress-webapp/ipress.htm?action=mostrarVer&idipress=00000359"}},{"type":"Feature","geometry":{"type":"Point","coordinates":[-75.21280265999997,-12.068905859999973]},"properties":{"objectid":15539,"nombre":"CONSULTORIO OBSTETRICO FEMENINO","departamento":"JUNIN","provincia":"HUANCAYO","distrito":"HUANCAYO","institucion":"PRIVADO","codigoMinsa":25378,"direccion":"JIRÓN PUNO NÚMERO 750 PISO 2 DEPARTAMENTO 6 DISTRITO HUANCAYO PROVINCIA HUANCAYO DEPARTAMENTO JUNIN","disa":"JUNIN","red":"NO PERTENECE A NINGUNA RED","microrred":"NO PERTENECE A NINGUNA MICRORED","categoria":"ESTABLECIMIENTO DE SALUD SIN INTERNAMIENTO","condicion":"ACTIVO","actualizado":"2023/08/01 19:00:00.000","fuente":"MINSA","urlRenipr":"http://app20.susalud.gob.pe:8080/registro-renipress-webapp/ipress.htm?action=mostrarVer&idipress=00025378"}},{"type":"Feature","geometry":{"type":"Point","coordinates":[-75.20440209999998,-12.071269109999946]},"properties":{"objectid":15549,"nombre":"WARMI","departamento":"JUNIN","provincia":"HUANCAYO","distrito":"HUANCAYO","institucion":"PRIVADO","codigoMinsa":21964,"direccion":"AVENIDA AV. FERROCARRIL N° 1353 2DO PISO OF. 202 DISTRITO HUANCAYO PROVINCIA HUANCAYO DEPARTAMENTO JUNIN","disa":"JUNIN","red":"NO PERTENECE A NINGUNA RED","microrred":"NO PERTENECE A NINGUNA MICRORED","categoria":"ESTABLECIMIENTO DE SALUD SIN INTERNAMIENTO","condicion":"ACTIVO","actualizado":"2023/08/01 19:00:00.000","fuente":"MINSA","urlRenipr":"http://app20.susalud.gob.pe:8080/registro-renipress-webapp/ipress.htm?action=mostrarVer&idipress=00021964"}},{"type":"Feature","geometry":{"type":"Point","coordinates":[-75.35247600999998,-11.123070119999966]},"properties":{"objectid":15658,"nombre":"CENTRO MEDICO CLINICA ELERA","departamento":"JUNIN","provincia":"CHANCHAMAYO","distrito":"SAN RAMON","institucion":"PRIVADO","codigoMinsa":13144,"direccion":"CALLE CALLE TARMA Nº 194 CALLE TARMA Nº 194 SAN RAMON CHANCHAMAYO JUNIN","disa":"JUNIN","red":"NO PERTENECE A NINGUNA RED","microrred":"NO PERTENECE A NINGUNA MICRORED","categoria":"ESTABLECIMIENTO DE SALUD SIN INTERNAMIENTO","condicion":"ACTIVO","actualizado":"2023/08/01 19:00:00.000","fuente":"MINSA","urlRenipr":"http://app20.susalud.gob.pe:8080/registro-renipress-webapp/ipress.htm?action=mostrarVer&idipress=00013144"}},{"type":"Feature","geometry":{"type":"Point","coordinates":[-75.21029759999993,-12.068635699999959]},"properties":{"objectid":15687,"nombre":"CENTRO GERIATRICO LOS TULIPANES","departamento":"JUNIN","provincia":"HUANCAYO","distrito":"EL TAMBO","institucion":"PRIVADO","codigoMinsa":25866,"direccion":"JIRÓN TRUJILLO NÚMERO 830 DISTRITO EL TAMBO PROVINCIA HUANCAYO DEPARTAMENTO JUNIN","disa":"","red":"","microrred":"","categoria":"SERVICIO MÉDICO DE APOYO","condicion":"RUC INACTIVO EN SUNAT","actualizado":"2023/08/01 19:00:00.000","fuente":"MINSA","urlRenipr":"http://app20.susalud.gob.pe:8080/registro-renipress-webapp/ipress.htm?action=mostrarVer&idipress=00025866"}},{"type":"Feature","geometry":{"type":"Point","coordinates":[-76.33859235999995,-11.407972689999951]},"properties":{"objectid":15832,"nombre":"MARCAPOMACOCHA","departamento":"JUNIN","provincia":"YAULI","distrito":"MARCAPOMACOCHA","institucion":"GOBIERNO REGIONAL","codigoMinsa":561,"direccion":"CARRETERA VIA CARRETERA YANTAC DISTRITO MARCAPOMACOCHA PROVINCIA YAULI DEPARTAMENTO JUNIN","disa":"JUNIN","red":"JAUJA","microrred":"YAULI-OROYA","categoria":"ESTABLECIMIENTO DE SALUD SIN INTERNAMIENTO","condicion":"ACTIVO","actualizado":"2023/08/01 19:00:00.000","fuente":"MINSA","urlRenipr":"http://app20.susalud.gob.pe:8080/registro-renipress-webapp/ipress.htm?action=mostrarVer&idipress=00000561"}},{"type":"Feature","geometry":{"type":"Point","coordinates":[-75.21029759999993,-12.068635699999959]},"properties":{"objectid":16049,"nombre":"BIORAL","departamento":"JUNIN","provincia":"HUANCAYO","distrito":"HUANCAYO","institucion":"PRIVADO","codigoMinsa":29304,"direccion":"PASAJE CESAR VALLEJO N?ERO 185 PISO 1 URBANIZACI? CESAR VALLEJO DISTRITO HUANCAYO PROVINCIA HUANCAYO DEPARTAMENTO JUNIN","disa":"JUNIN","red":"","microrred":"","categoria":"ESTABLECIMIENTO DE SALUD SIN INTERNAMIENTO","condicion":"ACTIVO","actualizado":"2023/08/01 19:00:00.000","fuente":"MINSA","urlRenipr":"http://app20.susalud.gob.pe:8080/registro-renipress-webapp/ipress.htm?action=mostrarVer&idipress=00029304"}},{"type":"Feature","geometry":{"type":"Point","coordinates":[-75.93171828999994,-11.546109949999959]},"properties":{"objectid":16054,"nombre":"CENTRO PENITENCIARIO LA OROYA","departamento":"JUNIN","provincia":"YAULI","distrito":"SANTA ROSA DE SACCO","institucion":"INPE","codigoMinsa":28855,"direccion":"AVENIDA GRAU N?ERO 1101 DISTRITO SANTA ROSA DE SACCO PROVINCIA YAULI DEPARTAMENTO JUNIN","disa":"JUNIN","red":"NO PERTENECE A NINGUNA RED","microrred":"NO PERTENECE A NINGUNA MICRORED","categoria":"ESTABLECIMIENTO DE SALUD SIN INTERNAMIENTO","condicion":"ACTIVO","actualizado":"2023/08/01 19:00:00.000","fuente":"MINSA","urlRenipr":"http://app20.susalud.gob.pe:8080/registro-renipress-webapp/ipress.htm?action=mostrarVer&idipress=00028855"}},{"type":"Feature","geometry":{"type":"Point","coordinates":[-74.61539651999993,-11.068503509999971]},"properties":{"objectid":16110,"nombre":"ALTO VILLA VICTORIA","departamento":"JUNIN","provincia":"SATIPO","distrito":"RIO NEGRO","institucion":"GOBIERNO REGIONAL","codigoMinsa":13863,"direccion":"OTROS ALTO VILLA VICTORIA DISTRITO RIO NEGRO PROVINCIA SATIPO DEPARTAMENTO JUNIN","disa":"JUNIN","red":"SATIPO","microrred":"RIO NEGRO-SATIPO","categoria":"ESTABLECIMIENTO DE SALUD SIN INTERNAMIENTO","condicion":"ACTIVO","actualizado":"2023/08/01 19:00:00.000","fuente":"MINSA","urlRenipr":"http://app20.susalud.gob.pe:8080/registro-renipress-webapp/ipress.htm?action=mostrarVer&idipress=00013863"}},{"type":"Feature","geometry":{"type":"Point","coordinates":[-74.65794760999995,-11.305341959999964]},"properties":{"objectid":16111,"nombre":"SANTA MARIA","departamento":"JUNIN","provincia":"SATIPO","distrito":"COVIRIALI","institucion":"GOBIERNO REGIONAL","codigoMinsa":487,"direccion":"OTROS COMUNIDAD SANTA MARIA DE COVIRIALI NÚMERO S/N DISTRITO COVIRIALI PROVINCIA SATIPO DEPARTAMENTO JUNIN","disa":"JUNIN","red":"SATIPO","microrred":"RIO NEGRO-SATIPO","categoria":"ESTABLECIMIENTO DE SALUD SIN INTERNAMIENTO","condicion":"ACTIVO","actualizado":"2023/08/01 19:00:00.000","fuente":"MINSA","urlRenipr":"http://app20.susalud.gob.pe:8080/registro-renipress-webapp/ipress.htm?action=mostrarVer&idipress=00000487"}},{"type":"Feature","geometry":{"type":"Point","coordinates":[-75.49314345999994,-11.784277969999948]},"properties":{"objectid":16270,"nombre":"POLICLINICO JAUJA","departamento":"JUNIN","provincia":"JAUJA","distrito":"JAUJA","institucion":"ESSALUD","codigoMinsa":8667,"direccion":"AVENIDA AVENIDA MARISCAL CASTILLA Nº 225 DISTRITO JAUJA PROVINCIA JAUJA DEPARTAMENTO JUNIN","disa":"","red":"","microrred":"","categoria":"ESTABLECIMIENTO DE SALUD SIN INTERNAMIENTO","condicion":"ACTIVO","actualizado":"2023/08/01 19:00:00.000","fuente":"MINSA","urlRenipr":"http://app20.susalud.gob.pe:8080/registro-renipress-webapp/ipress.htm?action=mostrarVer&idipress=00008667"}},{"type":"Feature","geometry":{"type":"Point","coordinates":[-75.22088839999998,-12.058666499999958]},"properties":{"objectid":16271,"nombre":"POLICLINICO METROPOLITANO HUANCAYO","departamento":"JUNIN","provincia":"HUANCAYO","distrito":"EL TAMBO","institucion":"ESSALUD","codigoMinsa":8660,"direccion":"AVENIDA AVENIDA INDEPENDENCIA Nº 200 DISTRITO EL TAMBO PROVINCIA HUANCAYO DEPARTAMENTO JUNIN","disa":"JUNIN","red":"NO PERTENECE A NINGUNA RED","microrred":"NO PERTENECE A NINGUNA MICRORED","categoria":"ESTABLECIMIENTO DE SALUD SIN INTERNAMIENTO","condicion":"ACTIVO","actualizado":"2023/08/01 19:00:00.000","fuente":"MINSA","urlRenipr":"http://app20.susalud.gob.pe:8080/registro-renipress-webapp/ipress.htm?action=mostrarVer&idipress=00008660"}},{"type":"Feature","geometry":{"type":"Point","coordinates":[-75.53714899999994,-12.054392749999977]},"properties":{"objectid":16307,"nombre":"SAN ROQUE DE HUARMITA","departamento":"JUNIN","provincia":"CONCEPCION","distrito":"SAN JOSE DE QUERO","institucion":"GOBIERNO REGIONAL","codigoMinsa":643,"direccion":"OTROS ANEXO SAN ROQUE DISTRITO SAN JOSE DE QUERO PROVINCIA CONCEPCION DEPARTAMENTO JUNIN","disa":"JUNIN","red":"RED DE SALUD CHUPACA","microrred":"CHAQUICOCHA","categoria":"ESTABLECIMIENTO DE SALUD SIN INTERNAMIENTO","condicion":"ACTIVO","actualizado":"2023/08/01 19:00:00.000","fuente":"MINSA","urlRenipr":"http://app20.susalud.gob.pe:8080/registro-renipress-webapp/ipress.htm?action=mostrarVer&idipress=00000643"}},{"type":"Feature","geometry":{"type":"Point","coordinates":[-75.48685773999995,-12.10120698999998]},"properties":{"objectid":16308,"nombre":"SULCAN","departamento":"JUNIN","provincia":"CONCEPCION","distrito":"SAN JOSE DE QUERO","institucion":"GOBIERNO REGIONAL","codigoMinsa":6738,"direccion":"CARRETERA CARRETERA CENTRAL S/N - ANEXO SULCAN NÚMERO S/N DISTRITO SAN JOSE DE QUERO PROVINCIA CONCEPCION DEPARTAMENTO JUNIN","disa":"JUNIN","red":"RED DE SALUD CHUPACA","microrred":"CHAQUICOCHA","categoria":"ESTABLECIMIENTO DE SALUD SIN INTERNAMIENTO","condicion":"ACTIVO","actualizado":"2023/08/01 19:00:00.000","fuente":"MINSA","urlRenipr":"http://app20.susalud.gob.pe:8080/registro-renipress-webapp/ipress.htm?action=mostrarVer&idipress=00006738"}},{"type":"Feature","geometry":{"type":"Point","coordinates":[-75.22412121999997,-12.050529869999934]},"properties":{"objectid":16416,"nombre":"MEDIC.PE S.A.C.","departamento":"JUNIN","provincia":"HUANCAYO","distrito":"EL TAMBO","institucion":"PRIVADO","codigoMinsa":29073,"direccion":"AVENIDA PRIMAVERA NÚMERO 375 PISO 1 DISTRITO EL TAMBO PROVINCIA HUANCAYO DEPARTAMENTO JUNIN","disa":"JUNIN","red":"","microrred":"","categoria":"ESTABLECIMIENTO DE SALUD SIN INTERNAMIENTO","condicion":"ACTIVO","actualizado":"2023/08/01 19:00:00.000","fuente":"MINSA","urlRenipr":"http://app20.susalud.gob.pe:8080/registro-renipress-webapp/ipress.htm?action=mostrarVer&idipress=00029073"}},{"type":"Feature","geometry":{"type":"Point","coordinates":[-74.43860447999998,-11.44696474999995]},"properties":{"objectid":16558,"nombre":"SAN ANTONIO DE SONOMORO","departamento":"JUNIN","provincia":"SATIPO","distrito":"MAZAMARI - PANGOA","institucion":"GOBIERNO REGIONAL","codigoMinsa":445,"direccion":"OTROS CC.NN SAN ANTONIO DE SONOMORO DISTRITO PANGOA PROVINCIA SATIPO DEPARTAMENTO JUNIN","disa":"JUNIN","red":"SAN MARTIN DE PANGOA","microrred":"SAN ANTONIO DE SONOMORO","categoria":"ESTABLECIMIENTO DE SALUD SIN INTERNAMIENTO","condicion":"ACTIVO","actualizado":"2023/08/01 19:00:00.000","fuente":"MINSA","urlRenipr":"http://app20.susalud.gob.pe:8080/registro-renipress-webapp/ipress.htm?action=mostrarVer&idipress=00000445"}},{"type":"Feature","geometry":{"type":"Point","coordinates":[-75.21395667999997,-12.056085329999974]},"properties":{"objectid":16563,"nombre":"STHETICA DENTAL ODONTOMARKC","departamento":"JUNIN","provincia":"HUANCAYO","distrito":"EL TAMBO","institucion":"PRIVADO","codigoMinsa":29072,"direccion":"JIRÓN Santiago Norero 186 1 Frente al parque de los sombreros EL TAMBO HUANCAYO JUNIN","disa":"JUNIN","red":"NO PERTENECE A NINGUNA RED","microrred":"NO PERTENECE A NINGUNA MICRORED","categoria":"ESTABLECIMIENTO DE SALUD SIN INTERNAMIENTO","condicion":"ACTIVO","actualizado":"2023/08/01 19:00:00.000","fuente":"MINSA","urlRenipr":"http://app20.susalud.gob.pe:8080/registro-renipress-webapp/ipress.htm?action=mostrarVer&idipress=00029072"}},{"type":"Feature","geometry":{"type":"Point","coordinates":[-75.20993459999994,-12.068670299999951]},"properties":{"objectid":16619,"nombre":"CENTRO DE AISLAMIENTO TEMPORAL - KIYA","departamento":"JUNIN","provincia":"HUANCAYO","distrito":"HUANCAYO","institucion":"GOBIERNO REGIONAL","codigoMinsa":28749,"direccion":"AVENIDA GIRALDEZ NÚMERO 107 DISTRITO HUANCAYO PROVINCIA HUANCAYO DEPARTAMENTO JUNIN","disa":"JUNIN","red":"VALLE DEL MANTARO","microrred":"LA LIBERTAD","categoria":"SERVICIO MÉDICO DE APOYO","condicion":"ACTIVO","actualizado":"2023/08/01 19:00:00.000","fuente":"MINSA","urlRenipr":"http://app20.susalud.gob.pe:8080/registro-renipress-webapp/ipress.htm?action=mostrarVer&idipress=00028749"}},{"type":"Feature","geometry":{"type":"Point","coordinates":[-75.21807817999996,-12.057624739999937]},"properties":{"objectid":16620,"nombre":"MATERNO INFANTIL EL TAMBO","departamento":"JUNIN","provincia":"HUANCAYO","distrito":"EL TAMBO","institucion":"GOBIERNO REGIONAL","codigoMinsa":24232,"direccion":"JIRÓN AREQUIPA NÚMERO 1030 DISTRITO EL TAMBO PROVINCIA HUANCAYO DEPARTAMENTO JUNIN","disa":"","red":"","microrred":"","categoria":"ESTABLECIMIENTO DE SALUD CON INTERNAMIENTO","condicion":"RETIRO VOLUNTARIO","actualizado":"2023/08/01 19:00:00.000","fuente":"MINSA","urlRenipr":"http://app20.susalud.gob.pe:8080/registro-renipress-webapp/ipress.htm?action=mostrarVer&idipress=00024232"}},{"type":"Feature","geometry":{"type":"Point","coordinates":[-75.24521771999997,-12.155607549999957]},"properties":{"objectid":16622,"nombre":"CHUPURO","departamento":"JUNIN","provincia":"HUANCAYO","distrito":"CHUPURO","institucion":"GOBIERNO REGIONAL","codigoMinsa":612,"direccion":"PLAZA PLAZA PRINCIPAL S/N NÚMERO S/N DISTRITO CHUPURO PROVINCIA HUANCAYO DEPARTAMENTO JUNIN","disa":"JUNIN","red":"VALLE DEL MANTARO","microrred":"CHILCA","categoria":"ESTABLECIMIENTO DE SALUD SIN INTERNAMIENTO","condicion":"ACTIVO","actualizado":"2023/08/01 19:00:00.000","fuente":"MINSA","urlRenipr":"http://app20.susalud.gob.pe:8080/registro-renipress-webapp/ipress.htm?action=mostrarVer&idipress=00000612"}},{"type":"Feature","geometry":{"type":"Point","coordinates":[-75.25078410999998,-12.013185029999931]},"properties":{"objectid":16623,"nombre":"COILLOR","departamento":"JUNIN","provincia":"HUANCAYO","distrito":"SAN AGUSTIN","institucion":"GOBIERNO REGIONAL","codigoMinsa":723,"direccion":"OTROS ACTUALIZAR DISTRITO SAN AGUSTIN PROVINCIA HUANCAYO DEPARTAMENTO JUNIN","disa":"JUNIN","red":"VALLE DEL MANTARO","microrred":"EL TAMBO","categoria":"ESTABLECIMIENTO DE SALUD SIN INTERNAMIENTO","condicion":"ACTIVO","actualizado":"2023/08/01 19:00:00.000","fuente":"MINSA","urlRenipr":"http://app20.susalud.gob.pe:8080/registro-renipress-webapp/ipress.htm?action=mostrarVer&idipress=00000723"}},{"type":"Feature","geometry":{"type":"Point","coordinates":[-75.21516965999996,-12.046902969999962]},"properties":{"objectid":16624,"nombre":"JUAN PARRA DEL RIEGO","departamento":"JUNIN","provincia":"HUANCAYO","distrito":"EL TAMBO","institucion":"GOBIERNO REGIONAL","codigoMinsa":714,"direccion":"JIRÓN JR. OSWALDO BARRETO Nº 1567 JR. OSWALDO BARRETO Nº 1567 EL TAMBO HUANCAYO JUNIN","disa":"JUNIN","red":"VALLE DEL MANTARO","microrred":"EL TAMBO","categoria":"ESTABLECIMIENTO DE SALUD SIN INTERNAMIENTO","condicion":"ACTIVO","actualizado":"2023/08/01 19:00:00.000","fuente":"MINSA","urlRenipr":"http://app20.susalud.gob.pe:8080/registro-renipress-webapp/ipress.htm?action=mostrarVer&idipress=00000714"}},{"type":"Feature","geometry":{"type":"Point","coordinates":[-75.06540593999995,-11.759562939999967]},"properties":{"objectid":16625,"nombre":"RACRACALLA","departamento":"JUNIN","provincia":"CONCEPCION","distrito":"COMAS","institucion":"GOBIERNO REGIONAL","codigoMinsa":680,"direccion":"OTROS ACTUALIZAR DISTRITO COMAS PROVINCIA CONCEPCION DEPARTAMENTO JUNIN","disa":"JUNIN","red":"VALLE DEL MANTARO","microrred":"COMAS","categoria":"ESTABLECIMIENTO DE SALUD SIN INTERNAMIENTO","condicion":"ACTIVO","actualizado":"2023/08/01 19:00:00.000","fuente":"MINSA","urlRenipr":"http://app20.susalud.gob.pe:8080/registro-renipress-webapp/ipress.htm?action=mostrarVer&idipress=00000680"}},{"type":"Feature","geometry":{"type":"Point","coordinates":[-75.30982888999995,-11.963451199999952]},"properties":{"objectid":16626,"nombre":"ORCOTUNA","departamento":"JUNIN","provincia":"CONCEPCION","distrito":"ORCOTUNA","institucion":"GOBIERNO REGIONAL","codigoMinsa":751,"direccion":"CARRETERA CARRETERA CENTRAL MARGEN DERECHA DISTRITO ORCOTUNA PROVINCIA CONCEPCION DEPARTAMENTO JUNIN","disa":"JUNIN","red":"VALLE DEL MANTARO","microrred":"CONCEPCION","categoria":"ESTABLECIMIENTO DE SALUD SIN INTERNAMIENTO","condicion":"ACTIVO","actualizado":"2023/08/01 19:00:00.000","fuente":"MINSA","urlRenipr":"http://app20.susalud.gob.pe:8080/registro-renipress-webapp/ipress.htm?action=mostrarVer&idipress=00000751"}},{"type":"Feature","geometry":{"type":"Point","coordinates":[-75.56024895999997,-11.634887869999943]},"properties":{"objectid":16655,"nombre":"CHUQUISHUARI","departamento":"JUNIN","provincia":"JAUJA","distrito":"ACOLLA","institucion":"GOBIERNO REGIONAL","codigoMinsa":6874,"direccion":"PLAZA PLAZA PRINCIPAL DE CHUQUISHUARI DISTRITO ACOLLA PROVINCIA JAUJA DEPARTAMENTO JUNIN","disa":"JUNIN","red":"JAUJA","microrred":"VALLE DE YANAMARCA","categoria":"ESTABLECIMIENTO DE SALUD SIN INTERNAMIENTO","condicion":"ACTIVO","actualizado":"2023/08/01 19:00:00.000","fuente":"MINSA","urlRenipr":"http://app20.susalud.gob.pe:8080/registro-renipress-webapp/ipress.htm?action=mostrarVer&idipress=00006874"}},{"type":"Feature","geometry":{"type":"Point","coordinates":[-75.41417332999998,-11.916261669999926]},"properties":{"objectid":16656,"nombre":"ARAMACHAY","departamento":"JUNIN","provincia":"JAUJA","distrito":"SINCOS","institucion":"GOBIERNO REGIONAL","codigoMinsa":406,"direccion":"AVENIDA AV. HUANCAYO Nº 298 DISTRITO SINCOS PROVINCIA JAUJA DEPARTAMENTO JUNIN","disa":"JUNIN","red":"JAUJA","microrred":"MARGEN DERECHA","categoria":"ESTABLECIMIENTO DE SALUD SIN INTERNAMIENTO","condicion":"ACTIVO","actualizado":"2023/08/01 19:00:00.000","fuente":"MINSA","urlRenipr":"http://app20.susalud.gob.pe:8080/registro-renipress-webapp/ipress.htm?action=mostrarVer&idipress=00000406"}},{"type":"Feature","geometry":{"type":"Point","coordinates":[-75.37801988999996,-11.710361109999951]},"properties":{"objectid":16657,"nombre":"QUERO","departamento":"JUNIN","provincia":"JAUJA","distrito":"MOLINOS","institucion":"GOBIERNO REGIONAL","codigoMinsa":398,"direccion":"OTROS VALLE 9 DE SETIEMBRE - BARRIO SEGUNDO DISTRITO MOLINOS PROVINCIA JAUJA DEPARTAMENTO JUNIN","disa":"JUNIN","red":"JAUJA","microrred":"VALLE AZUL","categoria":"ESTABLECIMIENTO DE SALUD SIN INTERNAMIENTO","condicion":"ACTIVO","actualizado":"2023/08/01 19:00:00.000","fuente":"MINSA","urlRenipr":"http://app20.susalud.gob.pe:8080/registro-renipress-webapp/ipress.htm?action=mostrarVer&idipress=00000398"}},{"type":"Feature","geometry":{"type":"Point","coordinates":[-75.44569364999995,-11.737126829999966]},"properties":{"objectid":16658,"nombre":"MOLINOS","departamento":"JUNIN","provincia":"JAUJA","distrito":"MOLINOS","institucion":"GOBIERNO REGIONAL","codigoMinsa":397,"direccion":"CALLE BOLIVAR NÚMERO 603 DISTRITO MOLINOS PROVINCIA JAUJA DEPARTAMENTO JUNIN","disa":"JUNIN","red":"JAUJA","microrred":"VALLE AZUL","categoria":"ESTABLECIMIENTO DE SALUD SIN INTERNAMIENTO","condicion":"ACTIVO","actualizado":"2023/08/01 19:00:00.000","fuente":"MINSA","urlRenipr":"http://app20.susalud.gob.pe:8080/registro-renipress-webapp/ipress.htm?action=mostrarVer&idipress=00000397"}},{"type":"Feature","geometry":{"type":"Point","coordinates":[-76.28622999999999,-11.204549999999927]},"properties":{"objectid":16686,"nombre":"SANTA BARBARA DE CARHUACAYAN","departamento":"JUNIN","provincia":"YAULI","distrito":"SANTA BARBARA DE CARHUACAYAN","institucion":"GOBIERNO REGIONAL","codigoMinsa":565,"direccion":"CALLE CALLE LIMA S/N A UNA CUADRA DE LA PLAZA NÚMERO S/N DISTRITO SANTA BARBARA DE CARHUACAYAN PROVINCIA YAULI DEPARTAMENTO JUNIN","disa":"JUNIN","red":"JUNIN","microrred":"JUNIN","categoria":"ESTABLECIMIENTO DE SALUD SIN INTERNAMIENTO","condicion":"ACTIVO","actualizado":"2023/08/01 19:00:00.000","fuente":"MINSA","urlRenipr":"http://app20.susalud.gob.pe:8080/registro-renipress-webapp/ipress.htm?action=mostrarVer&idipress=00000565"}},{"type":"Feature","geometry":{"type":"Point","coordinates":[-76.05153902999996,-10.918516359999956]},"properties":{"objectid":16687,"nombre":"CENTRO DE SALUD MENTAL COMUNITARIO CARHUAMAYO","departamento":"JUNIN","provincia":"JUNIN","distrito":"CARHUAMAYO","institucion":"GOBIERNO REGIONAL","codigoMinsa":30166,"direccion":"AVENIDA RAMON CASTILLA S/N 1 Z2 01 CENTRO DE ACOPIO EN EL BARRIO SANTA MARIA CARHUAMAYO JUNIN JUNIN","disa":"JUNIN","red":"JUNIN","microrred":"CARHUAMAYO","categoria":"ESTABLECIMIENTO DE SALUD SIN INTERNAMIENTO","condicion":"ACTIVO","actualizado":"2023/08/01 19:00:00.000","fuente":"MINSA","urlRenipr":"http://app20.susalud.gob.pe:8080/registro-renipress-webapp/ipress.htm?action=mostrarVer&idipress=00030166"}},{"type":"Feature","geometry":{"type":"Point","coordinates":[-75.82940332999993,-10.995331669999928]},"properties":{"objectid":16688,"nombre":"QUIPACANCHA","departamento":"JUNIN","provincia":"JUNIN","distrito":"ULCUMAYO","institucion":"GOBIERNO REGIONAL","codigoMinsa":606,"direccion":"PLAZA PLAZA CENTRO POBLADO MENOR QUIPACANCHA DISTRITO ULCUMAYO PROVINCIA JUNIN DEPARTAMENTO JUNIN","disa":"JUNIN","red":"JUNIN","microrred":"ULCUMAYO","categoria":"ESTABLECIMIENTO DE SALUD SIN INTERNAMIENTO","condicion":"ACTIVO","actualizado":"2023/08/01 19:00:00.000","fuente":"MINSA","urlRenipr":"http://app20.susalud.gob.pe:8080/registro-renipress-webapp/ipress.htm?action=mostrarVer&idipress=00000606"}},{"type":"Feature","geometry":{"type":"Point","coordinates":[-75.76310166999997,-10.984223329999963]},"properties":{"objectid":16689,"nombre":"TAMBOS","departamento":"JUNIN","provincia":"JUNIN","distrito":"ULCUMAYO","institucion":"GOBIERNO REGIONAL","codigoMinsa":604,"direccion":"OTROS BARRIO CHAUPIMARCA S/ - CP TAMBOS DISTRITO ULCUMAYO PROVINCIA JUNIN DEPARTAMENTO JUNIN","disa":"JUNIN","red":"JUNIN","microrred":"ULCUMAYO","categoria":"ESTABLECIMIENTO DE SALUD SIN INTERNAMIENTO","condicion":"ACTIVO","actualizado":"2023/08/01 19:00:00.000","fuente":"MINSA","urlRenipr":"http://app20.susalud.gob.pe:8080/registro-renipress-webapp/ipress.htm?action=mostrarVer&idipress=00000604"}},{"type":"Feature","geometry":{"type":"Point","coordinates":[-75.20711324999996,-12.082758719999958]},"properties":{"objectid":16751,"nombre":"CENTRO MEDICO SAN CARLOS E.I.R.L.","departamento":"JUNIN","provincia":"HUANCAYO","distrito":"CHILCA","institucion":"PRIVADO","codigoMinsa":31467,"direccion":"AVENIDA ARTERIAL 463 1 A 100 METROS DEL MINISTERIO DE TRANSPORTES Y COMUNICACIONES DE JUNIN CHILCA HUANCAYO JUNIN","disa":"JUNIN","red":"","microrred":"NO PERTENECE A NINGUNA MICRORED","categoria":"ESTABLECIMIENTO DE SALUD SIN INTERNAMIENTO","condicion":"ACTIVO","actualizado":"2023/08/01 19:00:00.000","fuente":"MINSA","urlRenipr":"http://app20.susalud.gob.pe:8080/registro-renipress-webapp/ipress.htm?action=mostrarVer&idipress=00031467"}},{"type":"Feature","geometry":{"type":"Point","coordinates":[-75.20491369999996,-12.084662899999955]},"properties":{"objectid":16755,"nombre":"ENFERMERIA DEL BATALLON DE SERVICIOS N° 31","departamento":"JUNIN","provincia":"HUANCAYO","distrito":"CHILCA","institucion":"SANIDAD DEL EJERCITO DEL PERU","codigoMinsa":9405,"direccion":"JIRÓN JR. 2 DE MAYO S/N / CHILCA NÚMERO S/N DISTRITO CHILCA PROVINCIA HUANCAYO DEPARTAMENTO JUNIN","disa":"JUNIN","red":"NO PERTENECE A NINGUNA RED","microrred":"NO PERTENECE A NINGUNA MICRORED","categoria":"ESTABLECIMIENTO DE SALUD SIN INTERNAMIENTO","condicion":"ACTIVO","actualizado":"2023/08/01 19:00:00.000","fuente":"MINSA","urlRenipr":"http://app20.susalud.gob.pe:8080/registro-renipress-webapp/ipress.htm?action=mostrarVer&idipress=00009405"}},{"type":"Feature","geometry":{"type":"Point","coordinates":[-74.62531126999994,-11.219929629999967]},"properties":{"objectid":16757,"nombre":"ENFERMERIA DEL BATALLON DE INGENIERIA DE CONSTRUCCION \"LA BREÑA\" N°2","departamento":"JUNIN","provincia":"SATIPO","distrito":"SATIPO","institucion":"SANIDAD DEL EJERCITO DEL PERU","codigoMinsa":26699,"direccion":"CARRETERA CARRETERA MARGINAL N?ERO S/N KILOMETRO 4 URBANIZACI? SATIPO DISTRITO SATIPO PROVINCIA SATIPO DEPARTAMENTO JUNIN","disa":"JUNIN","red":"NO PERTENECE A NINGUNA RED","microrred":"NO PERTENECE A NINGUNA MICRORED","categoria":"ESTABLECIMIENTO DE SALUD SIN INTERNAMIENTO","condicion":"ACTIVO","actualizado":"2023/08/01 19:00:00.000","fuente":"MINSA","urlRenipr":"http://app20.susalud.gob.pe:8080/registro-renipress-webapp/ipress.htm?action=mostrarVer&idipress=00026699"}},{"type":"Feature","geometry":{"type":"Point","coordinates":[-75.21025773999997,-12.06881427999997]},"properties":{"objectid":17021,"nombre":"MC ODONTOMEDIC","departamento":"JUNIN","provincia":"HUANCAYO","distrito":"EL TAMBO","institucion":"PRIVADO","codigoMinsa":13047,"direccion":"CALLE CALLE REAL 517 OFICINA 301- 304 HUANCAYO DISTRITO EL TAMBO PROVINCIA HUANCAYO DEPARTAMENTO JUNIN","disa":"JUNIN","red":"","microrred":"NO PERTENECE A NINGUNA MICRORED","categoria":"ESTABLECIMIENTO DE SALUD SIN INTERNAMIENTO","condicion":"ACTIVO","actualizado":"2023/08/01 19:00:00.000","fuente":"MINSA","urlRenipr":"http://app20.susalud.gob.pe:8080/registro-renipress-webapp/ipress.htm?action=mostrarVer&idipress=00013047"}},{"type":"Feature","geometry":{"type":"Point","coordinates":[-75.21028686999995,-12.069621919999975]},"properties":{"objectid":17091,"nombre":"OPTICA ROMA","departamento":"JUNIN","provincia":"HUANCAYO","distrito":"HUANCAYO","institucion":"PRIVADO","codigoMinsa":13143,"direccion":"CALLE CALLE REAL 261 INT 1N01 DISTRITO HUANCAYO PROVINCIA HUANCAYO DEPARTAMENTO JUNIN","disa":"JUNIN","red":"NO PERTENECE A NINGUNA RED","microrred":"NO PERTENECE A NINGUNA MICRORED","categoria":"SERVICIO MÉDICO DE APOYO","condicion":"ACTIVO","actualizado":"2023/08/01 19:00:00.000","fuente":"MINSA","urlRenipr":"http://app20.susalud.gob.pe:8080/registro-renipress-webapp/ipress.htm?action=mostrarVer&idipress=00013143"}},{"type":"Feature","geometry":{"type":"Point","coordinates":[-75.20997707999999,-12.06929404999994]},"properties":{"objectid":17128,"nombre":"C.E.R.O.","departamento":"JUNIN","provincia":"HUANCAYO","distrito":"HUANCAYO","institucion":"PRIVADO","codigoMinsa":14331,"direccion":"CALLE CALLE REAL Nº 586 - INT. 501 DISTRITO HUANCAYO PROVINCIA HUANCAYO DEPARTAMENTO JUNIN","disa":"JUNIN","red":"NO PERTENECE A NINGUNA RED","microrred":"NO PERTENECE A NINGUNA MICRORED","categoria":"SERVICIO MÉDICO DE APOYO","condicion":"ACTIVO","actualizado":"2023/08/01 19:00:00.000","fuente":"MINSA","urlRenipr":"http://app20.susalud.gob.pe:8080/registro-renipress-webapp/ipress.htm?action=mostrarVer&idipress=00014331"}},{"type":"Feature","geometry":{"type":"Point","coordinates":[-75.68944399999998,-11.420004999999946]},"properties":{"objectid":17132,"nombre":"CLÍNICA BALDEÓN","departamento":"JUNIN","provincia":"TARMA","distrito":"TARMA","institucion":"PRIVADO","codigoMinsa":30175,"direccion":"JIRÓN HUARAZ NÚMERO 440 DISTRITO TARMA PROVINCIA TARMA DEPARTAMENTO JUNIN","disa":"JUNIN","red":"","microrred":"","categoria":"ESTABLECIMIENTO DE SALUD CON INTERNAMIENTO","condicion":"ACTIVO","actualizado":"2023/08/01 19:00:00.000","fuente":"MINSA","urlRenipr":"http://app20.susalud.gob.pe:8080/registro-renipress-webapp/ipress.htm?action=mostrarVer&idipress=00030175"}},{"type":"Feature","geometry":{"type":"Point","coordinates":[-75.77419751999997,-11.437263919999964]},"properties":{"objectid":17255,"nombre":"MUYLO","departamento":"JUNIN","provincia":"TARMA","distrito":"TARMA","institucion":"GOBIERNO REGIONAL","codigoMinsa":586,"direccion":"PASAJE PASAJE CIUDAD DE DIOS S/N S/N PASAJE CIUDAD DE DIOS S/N TARMA TARMA JUNIN","disa":"JUNIN","red":"TARMA","microrred":"TARMA","categoria":"ESTABLECIMIENTO DE SALUD SIN INTERNAMIENTO","condicion":"ACTIVO","actualizado":"2023/08/01 19:00:00.000","fuente":"MINSA","urlRenipr":"http://app20.susalud.gob.pe:8080/registro-renipress-webapp/ipress.htm?action=mostrarVer&idipress=00000586"}},{"type":"Feature","geometry":{"type":"Point","coordinates":[-75.52460315999997,-11.280257209999945]},"properties":{"objectid":17256,"nombre":"ÑAHUIN","departamento":"JUNIN","provincia":"TARMA","distrito":"PALCA","institucion":"GOBIERNO REGIONAL","codigoMinsa":570,"direccion":"PLAZA PLAZA PRINCIPAL S/N NÚMERO S/N DISTRITO PALCA PROVINCIA TARMA DEPARTAMENTO JUNIN","disa":"JUNIN","red":"TARMA","microrred":"PALCA","categoria":"ESTABLECIMIENTO DE SALUD SIN INTERNAMIENTO","condicion":"ACTIVO","actualizado":"2023/08/01 19:00:00.000","fuente":"MINSA","urlRenipr":"http://app20.susalud.gob.pe:8080/registro-renipress-webapp/ipress.htm?action=mostrarVer&idipress=00000570"}},{"type":"Feature","geometry":{"type":"Point","coordinates":[-75.81323861999994,-11.244978899999978]},"properties":{"objectid":17257,"nombre":"YANAPUQUIO","departamento":"JUNIN","provincia":"TARMA","distrito":"PALCAMAYO","institucion":"GOBIERNO REGIONAL","codigoMinsa":528,"direccion":"PLAZA A UNA CUADRA DE LA PLAZA PRINCIPAL- LOCALIDAD YANAPUQUIO DISTRITO PALCAMAYO PROVINCIA TARMA DEPARTAMENTO JUNIN","disa":"JUNIN","red":"TARMA","microrred":"ACOBAMBA","categoria":"ESTABLECIMIENTO DE SALUD SIN INTERNAMIENTO","condicion":"ACTIVO","actualizado":"2023/08/01 19:00:00.000","fuente":"MINSA","urlRenipr":"http://app20.susalud.gob.pe:8080/registro-renipress-webapp/ipress.htm?action=mostrarVer&idipress=00000528"}},{"type":"Feature","geometry":{"type":"Point","coordinates":[-74.91951499999993,-10.869379999999978]},"properties":{"objectid":17527,"nombre":"HUACAMAYO","departamento":"JUNIN","provincia":"CHANCHAMAYO","distrito":"PERENE","institucion":"GOBIERNO REGIONAL","codigoMinsa":329,"direccion":"PLAZA PLAZA DEL ANEXO HUACAMAYO DISTRITO PERENE PROVINCIA CHANCHAMAYO DEPARTAMENTO JUNIN","disa":"JUNIN","red":"CHANCHAMAYO","microrred":"PERENE","categoria":"ESTABLECIMIENTO DE SALUD SIN INTERNAMIENTO","condicion":"ACTIVO","actualizado":"2023/08/01 19:00:00.000","fuente":"MINSA","urlRenipr":"http://app20.susalud.gob.pe:8080/registro-renipress-webapp/ipress.htm?action=mostrarVer&idipress=00000329"}},{"type":"Feature","geometry":{"type":"Point","coordinates":[-74.98903499999994,-10.831884999999943]},"properties":{"objectid":17528,"nombre":"INCHATINGARI","departamento":"JUNIN","provincia":"CHANCHAMAYO","distrito":"PERENE","institucion":"GOBIERNO REGIONAL","codigoMinsa":323,"direccion":"PLAZA PLAZA DEL ANEXO INCHATINGARI DISTRITO PERENE PROVINCIA CHANCHAMAYO DEPARTAMENTO JUNIN","disa":"JUNIN","red":"CHANCHAMAYO","microrred":"PERENE","categoria":"ESTABLECIMIENTO DE SALUD SIN INTERNAMIENTO","condicion":"ACTIVO","actualizado":"2023/08/01 19:00:00.000","fuente":"MINSA","urlRenipr":"http://app20.susalud.gob.pe:8080/registro-renipress-webapp/ipress.htm?action=mostrarVer&idipress=00000323"}},{"type":"Feature","geometry":{"type":"Point","coordinates":[-75.21456659999996,-12.062500099999966]},"properties":{"objectid":17678,"nombre":"DENTOAMERICA","departamento":"JUNIN","provincia":"HUANCAYO","distrito":"HUANCAYO","institucion":"PRIVADO","codigoMinsa":18977,"direccion":"CALLE CALLE REAL N°349 DISTRITO HUANCAYO PROVINCIA HUANCAYO DEPARTAMENTO JUNIN","disa":"JUNIN","red":"NO PERTENECE A NINGUNA RED","microrred":"NO PERTENECE A NINGUNA MICRORED","categoria":"ESTABLECIMIENTO DE SALUD SIN INTERNAMIENTO","condicion":"ACTIVO","actualizado":"2023/08/01 19:00:00.000","fuente":"MINSA","urlRenipr":"http://app20.susalud.gob.pe:8080/registro-renipress-webapp/ipress.htm?action=mostrarVer&idipress=00018977"}},{"type":"Feature","geometry":{"type":"Point","coordinates":[-75.33758999999998,-11.073883329999944]},"properties":{"objectid":17713,"nombre":"HOSPITAL REGIONAL DOCENTE DE MEDICINA TROPICAL DR. JULIO CESAR DEMARINI CARO","departamento":"JUNIN","provincia":"CHANCHAMAYO","distrito":"CHANCHAMAYO","institucion":"GOBIERNO REGIONAL","codigoMinsa":308,"direccion":"AVENIDA AV. DANIEL A. CARRION S/N AAVV PAMPA DEL CARMEN NÚMERO S/N DISTRITO CHANCHAMAYO PROVINCIA CHANCHAMAYO DEPARTAMENTO JUNIN","disa":"JUNIN","red":"NO PERTENECE A NINGUNA RED","microrred":"NO PERTENECE A NINGUNA MICRORED","categoria":"ESTABLECIMIENTO DE SALUD CON INTERNAMIENTO","condicion":"ACTIVO","actualizado":"2023/08/01 19:00:00.000","fuente":"MINSA","urlRenipr":"http://app20.susalud.gob.pe:8080/registro-renipress-webapp/ipress.htm?action=mostrarVer&idipress=00000308"}},{"type":"Feature","geometry":{"type":"Point","coordinates":[-75.69261967999995,-11.425083879999931]},"properties":{"objectid":17744,"nombre":"DE APOYO FELIX MAYORCA SOTO","departamento":"JUNIN","provincia":"TARMA","distrito":"TARMA","institucion":"GOBIERNO REGIONAL","codigoMinsa":520,"direccion":"AVENIDA AV.PACHECO Nº 362 DISTRITO TARMA PROVINCIA TARMA DEPARTAMENTO JUNIN","disa":"JUNIN","red":"TARMA","microrred":"NO PERTENECE A NINGUNA MICRORED","categoria":"ESTABLECIMIENTO DE SALUD CON INTERNAMIENTO","condicion":"ACTIVO","actualizado":"2023/08/01 19:00:00.000","fuente":"MINSA","urlRenipr":"http://app20.susalud.gob.pe:8080/registro-renipress-webapp/ipress.htm?action=mostrarVer&idipress=00000520"}},{"type":"Feature","geometry":{"type":"Point","coordinates":[-75.21029759999993,-12.068635699999959]},"properties":{"objectid":17769,"nombre":"CALEB","departamento":"JUNIN","provincia":"HUANCAYO","distrito":"CHILCA","institucion":"PRIVADO","codigoMinsa":25293,"direccion":"AVENIDA ARTERIAL NÚMERO 448 DISTRITO CHILCA PROVINCIA HUANCAYO DEPARTAMENTO JUNIN","disa":"JUNIN","red":"NO PERTENECE A NINGUNA RED","microrred":"NO PERTENECE A NINGUNA MICRORED","categoria":"ESTABLECIMIENTO DE SALUD SIN INTERNAMIENTO","condicion":"ACTIVO","actualizado":"2023/08/01 19:00:00.000","fuente":"MINSA","urlRenipr":"http://app20.susalud.gob.pe:8080/registro-renipress-webapp/ipress.htm?action=mostrarVer&idipress=00025293"}},{"type":"Feature","geometry":{"type":"Point","coordinates":[-75.20575611999999,-12.082704329999956]},"properties":{"objectid":17875,"nombre":"CENTRO MEDICO SAN MAGNO E.I.R.L","departamento":"JUNIN","provincia":"HUANCAYO","distrito":"CHILCA","institucion":"PRIVADO","codigoMinsa":28715,"direccion":"PASAJE RAYMONDI NÚMERO 132 PISO 1 DISTRITO CHILCA PROVINCIA HUANCAYO DEPARTAMENTO JUNIN","disa":"JUNIN","red":"NO PERTENECE A NINGUNA RED","microrred":"NO PERTENECE A NINGUNA MICRORED","categoria":"ESTABLECIMIENTO DE SALUD SIN INTERNAMIENTO","condicion":"ACTIVO","actualizado":"2023/08/01 19:00:00.000","fuente":"MINSA","urlRenipr":"http://app20.susalud.gob.pe:8080/registro-renipress-webapp/ipress.htm?action=mostrarVer&idipress=00028715"}},{"type":"Feature","geometry":{"type":"Point","coordinates":[-75.28806556999996,-12.061160259999951]},"properties":{"objectid":18126,"nombre":"MARFIL","departamento":"JUNIN","provincia":"CHUPACA","distrito":"CHUPACA","institucion":"PRIVADO","codigoMinsa":28737,"direccion":"JIRÓN MIGUEL GRAU NÚMERO 292 PISO 2 DISTRITO CHUPACA PROVINCIA CHUPACA DEPARTAMENTO JUNIN","disa":"JUNIN","red":"NO PERTENECE A NINGUNA RED","microrred":"NO PERTENECE A NINGUNA MICRORED","categoria":"ESTABLECIMIENTO DE SALUD SIN INTERNAMIENTO","condicion":"ACTIVO","actualizado":"2023/08/01 19:00:00.000","fuente":"MINSA","urlRenipr":"http://app20.susalud.gob.pe:8080/registro-renipress-webapp/ipress.htm?action=mostrarVer&idipress=00028737"}},{"type":"Feature","geometry":{"type":"Point","coordinates":[-74.07993580999994,-12.129590679999978]},"properties":{"objectid":18159,"nombre":"VALLE ESMERALDA","departamento":"JUNIN","provincia":"SATIPO","distrito":"RIO TAMBO","institucion":"GOBIERNO REGIONAL","codigoMinsa":517,"direccion":"OTROS CENTRO POBLADO VALLE ESMERALDA CENTRO POBLADO VALLE ESMERALDA RIO TAMBO SATIPO JUNIN","disa":"JUNIN","red":"SATIPO","microrred":"VALLE ESMERALDA","categoria":"ESTABLECIMIENTO DE SALUD SIN INTERNAMIENTO","condicion":"ACTIVO","actualizado":"2023/08/01 19:00:00.000","fuente":"MINSA","urlRenipr":"http://app20.susalud.gob.pe:8080/registro-renipress-webapp/ipress.htm?action=mostrarVer&idipress=00000517"}},{"type":"Feature","geometry":{"type":"Point","coordinates":[-74.52227069999998,-11.207315109999968]},"properties":{"objectid":18160,"nombre":"HUANTASHIRI","departamento":"JUNIN","provincia":"SATIPO","distrito":"SATIPO","institucion":"GOBIERNO REGIONAL","codigoMinsa":482,"direccion":"OTROS COMUNIDAD NATIVA HUANTASHIRI NÚMERO S/N DISTRITO SATIPO PROVINCIA SATIPO DEPARTAMENTO JUNIN","disa":"JUNIN","red":"SATIPO","microrred":"RIO NEGRO-SATIPO","categoria":"ESTABLECIMIENTO DE SALUD SIN INTERNAMIENTO","condicion":"ACTIVO","actualizado":"2023/08/01 19:00:00.000","fuente":"MINSA","urlRenipr":"http://app20.susalud.gob.pe:8080/registro-renipress-webapp/ipress.htm?action=mostrarVer&idipress=00000482"}},{"type":"Feature","geometry":{"type":"Point","coordinates":[-73.72799699999996,-10.90906691999993]},"properties":{"objectid":18161,"nombre":"SANTA ROSITA DE SHIRINTIARI","departamento":"JUNIN","provincia":"SATIPO","distrito":"RIO TAMBO","institucion":"GOBIERNO REGIONAL","codigoMinsa":466,"direccion":"OTROS COMUNIDAD NATIVA DE SANTA ROSITA DE SHIRINTIARI DISTRITO RIO TAMBO PROVINCIA SATIPO DEPARTAMENTO JUNIN","disa":"JUNIN","red":"SATIPO","microrred":"POYENI","categoria":"ESTABLECIMIENTO DE SALUD SIN INTERNAMIENTO","condicion":"ACTIVO","actualizado":"2023/08/01 19:00:00.000","fuente":"MINSA","urlRenipr":"http://app20.susalud.gob.pe:8080/registro-renipress-webapp/ipress.htm?action=mostrarVer&idipress=00000466"}},{"type":"Feature","geometry":{"type":"Point","coordinates":[-74.01263745999995,-12.045775959999958]},"properties":{"objectid":18162,"nombre":"FE Y ALEGRIA LA PRIMAVERA","departamento":"JUNIN","provincia":"SATIPO","distrito":"RIO TAMBO","institucion":"GOBIERNO REGIONAL","codigoMinsa":514,"direccion":"OTROS ANEXO FE Y ALEGRIA LA PRIMAVERA DISTRITO RIO TAMBO PROVINCIA SATIPO DEPARTAMENTO JUNIN","disa":"JUNIN","red":"SATIPO","microrred":"VALLE ESMERALDA","categoria":"ESTABLECIMIENTO DE SALUD SIN INTERNAMIENTO","condicion":"ACTIVO","actualizado":"2023/08/01 19:00:00.000","fuente":"MINSA","urlRenipr":"http://app20.susalud.gob.pe:8080/registro-renipress-webapp/ipress.htm?action=mostrarVer&idipress=00000514"}},{"type":"Feature","geometry":{"type":"Point","coordinates":[-73.91731665999998,-11.211690419999968]},"properties":{"objectid":18163,"nombre":"SAN MIGUEL DE OTICA","departamento":"JUNIN","provincia":"SATIPO","distrito":"RIO TAMBO","institucion":"GOBIERNO REGIONAL","codigoMinsa":470,"direccion":"OTROS CC.NN. SAN MIGUEL DE OTICA DISTRITO RIO TAMBO PROVINCIA SATIPO DEPARTAMENTO JUNIN","disa":"JUNIN","red":"SATIPO","microrred":"PUERTO OCOPA","categoria":"ESTABLECIMIENTO DE SALUD SIN INTERNAMIENTO","condicion":"ACTIVO","actualizado":"2023/08/01 19:00:00.000","fuente":"MINSA","urlRenipr":"http://app20.susalud.gob.pe:8080/registro-renipress-webapp/ipress.htm?action=mostrarVer&idipress=00000470"}},{"type":"Feature","geometry":{"type":"Point","coordinates":[-74.01011099999994,-11.404381999999941]},"properties":{"objectid":18168,"nombre":"PUERTO PORVENIR","departamento":"JUNIN","provincia":"SATIPO","distrito":"MAZAMARI - PANGOA","institucion":"GOBIERNO REGIONAL","codigoMinsa":24571,"direccion":"OTROS CENTRO POBLADO PUERTO PORVENIR NÚMERO SN PISO 1 DISTRITO PANGOA PROVINCIA SATIPO DEPARTAMENTO JUNIN","disa":"JUNIN","red":"SAN MARTIN DE PANGOA","microrred":"CUBANTIA","categoria":"ESTABLECIMIENTO DE SALUD SIN INTERNAMIENTO","condicion":"ACTIVO","actualizado":"2023/08/01 19:00:00.000","fuente":"MINSA","urlRenipr":"http://app20.susalud.gob.pe:8080/registro-renipress-webapp/ipress.htm?action=mostrarVer&idipress=00024571"}},{"type":"Feature","geometry":{"type":"Point","coordinates":[-75.20566065999998,-12.065044519999958]},"properties":{"objectid":18360,"nombre":"CENTRO ODONTOLOGICO TORRES","departamento":"JUNIN","provincia":"HUANCAYO","distrito":"HUANCAYO","institucion":"PRIVADO","codigoMinsa":27023,"direccion":"JIRÓN Guido N?ERO 698 DISTRITO HUANCAYO PROVINCIA HUANCAYO DEPARTAMENTO JUNIN","disa":"JUNIN","red":"NO PERTENECE A NINGUNA RED","microrred":"NO PERTENECE A NINGUNA MICRORED","categoria":"ESTABLECIMIENTO DE SALUD SIN INTERNAMIENTO","condicion":"ACTIVO","actualizado":"2023/08/01 19:00:00.000","fuente":"MINSA","urlRenipr":"http://app20.susalud.gob.pe:8080/registro-renipress-webapp/ipress.htm?action=mostrarVer&idipress=00027023"}},{"type":"Feature","geometry":{"type":"Point","coordinates":[-75.25866008999998,-12.307628629999954]},"properties":{"objectid":18383,"nombre":"YANA YANA","departamento":"JUNIN","provincia":"HUANCAYO","distrito":"CHICCHE","institucion":"GOBIERNO REGIONAL","codigoMinsa":699,"direccion":"AVENIDA PROGRESO S/N - ANEXO DE YANA YANA, CHICCHE HUANCAYO JUNIN","disa":"JUNIN","red":"RED DE SALUD CHUPACA","microrred":"VALLE DEL CANIPACO","categoria":"ESTABLECIMIENTO DE SALUD SIN INTERNAMIENTO","condicion":"ACTIVO","actualizado":"2023/08/01 19:00:00.000","fuente":"MINSA","urlRenipr":"http://app20.susalud.gob.pe:8080/registro-renipress-webapp/ipress.htm?action=mostrarVer&idipress=00000699"}},{"type":"Feature","geometry":{"type":"Point","coordinates":[-75.31511323999996,-12.075837299999932]},"properties":{"objectid":18384,"nombre":"AHUAC","departamento":"JUNIN","provincia":"CHUPACA","distrito":"AHUAC","institucion":"GOBIERNO REGIONAL","codigoMinsa":647,"direccion":"AVENIDA AV. TUPAC AMARU S/N - 3ER CUARTEL NÚMERO S/N DISTRITO AHUAC PROVINCIA CHUPACA DEPARTAMENTO JUNIN","disa":"JUNIN","red":"RED DE SALUD CHUPACA","microrred":"CHUPACA","categoria":"ESTABLECIMIENTO DE SALUD SIN INTERNAMIENTO","condicion":"ACTIVO","actualizado":"2023/08/01 19:00:00.000","fuente":"MINSA","urlRenipr":"http://app20.susalud.gob.pe:8080/registro-renipress-webapp/ipress.htm?action=mostrarVer&idipress=00000647"}},{"type":"Feature","geometry":{"type":"Point","coordinates":[-75.20925958999999,-12.07011239999997]},"properties":{"objectid":18504,"nombre":"OPTICA MY LENS","departamento":"JUNIN","provincia":"HUANCAYO","distrito":"HUANCAYO","institucion":"PRIVADO","codigoMinsa":13139,"direccion":"CALLE CALLE REAL 692 INT 201 DISTRITO HUANCAYO PROVINCIA HUANCAYO DEPARTAMENTO JUNIN","disa":"JUNIN","red":"NO PERTENECE A NINGUNA RED","microrred":"NO PERTENECE A NINGUNA MICRORED","categoria":"SERVICIO MÉDICO DE APOYO","condicion":"ACTIVO","actualizado":"2023/08/01 19:00:00.000","fuente":"MINSA","urlRenipr":"http://app20.susalud.gob.pe:8080/registro-renipress-webapp/ipress.htm?action=mostrarVer&idipress=00013139"}},{"type":"Feature","geometry":{"type":"Point","coordinates":[-75.68711912999999,-11.418911869999931]},"properties":{"objectid":18616,"nombre":"INNOVATION CONSULTORIO ODONTOLÓGICOS","departamento":"JUNIN","provincia":"TARMA","distrito":"TARMA","institucion":"PRIVADO","codigoMinsa":30174,"direccion":"JIRÓN Callao 164 TARMA TARMA JUNIN","disa":"JUNIN","red":"","microrred":"NO PERTENECE A NINGUNA MICRORED","categoria":"ESTABLECIMIENTO DE SALUD SIN INTERNAMIENTO","condicion":"ACTIVO","actualizado":"2023/08/01 19:00:00.000","fuente":"MINSA","urlRenipr":"http://app20.susalud.gob.pe:8080/registro-renipress-webapp/ipress.htm?action=mostrarVer&idipress=00030174"}},{"type":"Feature","geometry":{"type":"Point","coordinates":[-74.73579738999996,-10.90348425999997]},"properties":{"objectid":18629,"nombre":"BELEN DE ANAPIARI","departamento":"JUNIN","provincia":"CHANCHAMAYO","distrito":"PICHANAQUI","institucion":"GOBIERNO REGIONAL","codigoMinsa":349,"direccion":"PLAZA PLAZA PRINCIPAL DE BELEN ANAMPIARI NÚMERO S/N DISTRITO PICHANAQUI PROVINCIA CHANCHAMAYO DEPARTAMENTO JUNIN","disa":"JUNIN","red":"PICHANAKI","microrred":"HUACHIRIKI","categoria":"ESTABLECIMIENTO DE SALUD SIN INTERNAMIENTO","condicion":"ACTIVO","actualizado":"2023/08/01 19:00:00.000","fuente":"MINSA","urlRenipr":"http://app20.susalud.gob.pe:8080/registro-renipress-webapp/ipress.htm?action=mostrarVer&idipress=00000349"}},{"type":"Feature","geometry":{"type":"Point","coordinates":[-74.81196373999995,-10.868104079999966]},"properties":{"objectid":18630,"nombre":"SAN JUAN CENTRO AUTIKI","departamento":"JUNIN","provincia":"CHANCHAMAYO","distrito":"PICHANAQUI","institucion":"GOBIERNO REGIONAL","codigoMinsa":348,"direccion":"OTROS CP. SAN JUAN CENTRO AUTIQUI S/N p 1 LOTE Nº 1 MZ P - CP. SAN JUAN CENTRO AUTIQUI PICHANAQUI CHANCHAMAYO JUNIN","disa":"JUNIN","red":"PICHANAKI","microrred":"HUACHIRIKI","categoria":"ESTABLECIMIENTO DE SALUD SIN INTERNAMIENTO","condicion":"ACTIVO","actualizado":"2023/08/01 19:00:00.000","fuente":"MINSA","urlRenipr":"http://app20.susalud.gob.pe:8080/registro-renipress-webapp/ipress.htm?action=mostrarVer&idipress=00000348"}},{"type":"Feature","geometry":{"type":"Point","coordinates":[-74.31370714999997,-11.593611369999962]},"properties":{"objectid":18653,"nombre":"SAN JUAN DE SANGARENI","departamento":"JUNIN","provincia":"SATIPO","distrito":"MAZAMARI - PANGOA","institucion":"GOBIERNO REGIONAL","codigoMinsa":21805,"direccion":"AVENIDA AV. CARRETERA TRONCAL S/N LOTES 15,16,17,18,19 Y 20 NÚMERO S/N DISTRITO PANGOA PROVINCIA SATIPO DEPARTAMENTO JUNIN","disa":"JUNIN","red":"SAN MARTIN DE PANGOA","microrred":"CUBANTIA","categoria":"ESTABLECIMIENTO DE SALUD SIN INTERNAMIENTO","condicion":"ACTIVO","actualizado":"2023/08/01 19:00:00.000","fuente":"MINSA","urlRenipr":"http://app20.susalud.gob.pe:8080/registro-renipress-webapp/ipress.htm?action=mostrarVer&idipress=00021805"}},{"type":"Feature","geometry":{"type":"Point","coordinates":[-75.09504206999998,-11.67676647999997]},"properties":{"objectid":18743,"nombre":"PILCOLLAMA","departamento":"JUNIN","provincia":"CONCEPCION","distrito":"COCHAS","institucion":"GOBIERNO REGIONAL","codigoMinsa":677,"direccion":"OTROS ACTUALIZAR DISTRITO COCHAS PROVINCIA CONCEPCION DEPARTAMENTO JUNIN","disa":"JUNIN","red":"VALLE DEL MANTARO","microrred":"COMAS","categoria":"ESTABLECIMIENTO DE SALUD SIN INTERNAMIENTO","condicion":"ACTIVO","actualizado":"2023/08/01 19:00:00.000","fuente":"MINSA","urlRenipr":"http://app20.susalud.gob.pe:8080/registro-renipress-webapp/ipress.htm?action=mostrarVer&idipress=00000677"}},{"type":"Feature","geometry":{"type":"Point","coordinates":[-74.95291478999997,-11.913957299999936]},"properties":{"objectid":18744,"nombre":"PUESTO DE SALUD LLACSAPIRCA","departamento":"JUNIN","provincia":"HUANCAYO","distrito":"PARIAHUANCA","institucion":"GOBIERNO REGIONAL","codigoMinsa":742,"direccion":"OTROS ACTUALIZAR DISTRITO PARIAHUANCA PROVINCIA HUANCAYO DEPARTAMENTO JUNIN","disa":"JUNIN","red":"VALLE DEL MANTARO","microrred":"LA LIBERTAD","categoria":"ESTABLECIMIENTO DE SALUD SIN INTERNAMIENTO","condicion":"ACTIVO","actualizado":"2023/08/01 19:00:00.000","fuente":"MINSA","urlRenipr":"http://app20.susalud.gob.pe:8080/registro-renipress-webapp/ipress.htm?action=mostrarVer&idipress=00000742"}},{"type":"Feature","geometry":{"type":"Point","coordinates":[-75.23279851999996,-12.056407339999964]},"properties":{"objectid":18745,"nombre":"CENTRO DE SALUD MENTAL COMUNITARIO VALLE DEL MANTARO","departamento":"JUNIN","provincia":"HUANCAYO","distrito":"EL TAMBO","institucion":"GOBIERNO REGIONAL","codigoMinsa":27736,"direccion":"AVENIDA CULTURAL 631 PARQUE PRINCIPAL DE JUSTICIA, PAZ Y VIDA. EL TAMBO HUANCAYO JUNIN","disa":"JUNIN","red":"VALLE DEL MANTARO","microrred":"NO PERTENECE A NINGUNA MICRORED","categoria":"ESTABLECIMIENTO DE SALUD SIN INTERNAMIENTO","condicion":"ACTIVO","actualizado":"2023/08/01 19:00:00.000","fuente":"MINSA","urlRenipr":"http://app20.susalud.gob.pe:8080/registro-renipress-webapp/ipress.htm?action=mostrarVer&idipress=00027736"}},{"type":"Feature","geometry":{"type":"Point","coordinates":[-74.77851099999998,-11.802029999999945]},"properties":{"objectid":18746,"nombre":"ROSASPAMPA","departamento":"JUNIN","provincia":"HUANCAYO","distrito":"SANTO DOMINGO DE ACOBAMBA","institucion":"GOBIERNO REGIONAL","codigoMinsa":24780,"direccion":"PLAZA PLAZA PISO 1 DISTRITO SANTO DOMINGO DE ACOBAMBA PROVINCIA HUANCAYO DEPARTAMENTO JUNIN","disa":"JUNIN","red":"VALLE DEL MANTARO","microrred":"COMAS","categoria":"ESTABLECIMIENTO DE SALUD SIN INTERNAMIENTO","condicion":"ACTIVO","actualizado":"2023/08/01 19:00:00.000","fuente":"MINSA","urlRenipr":"http://app20.susalud.gob.pe:8080/registro-renipress-webapp/ipress.htm?action=mostrarVer&idipress=00024780"}},{"type":"Feature","geometry":{"type":"Point","coordinates":[-74.80663774999994,-12.041998319999948]},"properties":{"objectid":18747,"nombre":"NUEVO OCCORO","departamento":"JUNIN","provincia":"HUANCAYO","distrito":"PARIAHUANCA","institucion":"GOBIERNO REGIONAL","codigoMinsa":15577,"direccion":"PLAZA PLAZA PRINCIPAL S/N OCCORO NÚMERO S/N DISTRITO PARIAHUANCA PROVINCIA HUANCAYO DEPARTAMENTO JUNIN","disa":"JUNIN","red":"VALLE DEL MANTARO","microrred":"LA LIBERTAD","categoria":"ESTABLECIMIENTO DE SALUD SIN INTERNAMIENTO","condicion":"ACTIVO","actualizado":"2023/08/01 19:00:00.000","fuente":"MINSA","urlRenipr":"http://app20.susalud.gob.pe:8080/registro-renipress-webapp/ipress.htm?action=mostrarVer&idipress=00015577"}},{"type":"Feature","geometry":{"type":"Point","coordinates":[-75.21751499999993,-12.045250709999948]},"properties":{"objectid":18748,"nombre":"UMUTO","departamento":"JUNIN","provincia":"HUANCAYO","distrito":"EL TAMBO","institucion":"GOBIERNO REGIONAL","codigoMinsa":709,"direccion":"OTROS ACTUALIZAR DISTRITO EL TAMBO PROVINCIA HUANCAYO DEPARTAMENTO JUNIN","disa":"JUNIN","red":"VALLE DEL MANTARO","microrred":"EL TAMBO","categoria":"ESTABLECIMIENTO DE SALUD SIN INTERNAMIENTO","condicion":"ACTIVO","actualizado":"2023/08/01 19:00:00.000","fuente":"MINSA","urlRenipr":"http://app20.susalud.gob.pe:8080/registro-renipress-webapp/ipress.htm?action=mostrarVer&idipress=00000709"}},{"type":"Feature","geometry":{"type":"Point","coordinates":[-75.16578163999998,-12.121310079999944]},"properties":{"objectid":18749,"nombre":"MILUCHACA","departamento":"JUNIN","provincia":"HUANCAYO","distrito":"SAPALLANGA","institucion":"GOBIERNO REGIONAL","codigoMinsa":632,"direccion":"AVENIDA AV. 2 DE MAYO S/N - MILUCHACA NÚMERO S/N DISTRITO SAPALLANGA PROVINCIA HUANCAYO DEPARTAMENTO JUNIN","disa":"JUNIN","red":"VALLE DEL MANTARO","microrred":"CHILCA","categoria":"ESTABLECIMIENTO DE SALUD SIN INTERNAMIENTO","condicion":"ACTIVO","actualizado":"2023/08/01 19:00:00.000","fuente":"MINSA","urlRenipr":"http://app20.susalud.gob.pe:8080/registro-renipress-webapp/ipress.htm?action=mostrarVer&idipress=00000632"}},{"type":"Feature","geometry":{"type":"Point","coordinates":[-75.18730203999996,-12.265843569999959]},"properties":{"objectid":18750,"nombre":"RETAMA BAJA","departamento":"JUNIN","provincia":"HUANCAYO","distrito":"CULLHUAS","institucion":"GOBIERNO REGIONAL","codigoMinsa":617,"direccion":"OTROS VIA FERROCARRIL HYO-HVCA KM 25 S/N NÚMERO S/N DISTRITO CULLHUAS PROVINCIA HUANCAYO DEPARTAMENTO JUNIN","disa":"JUNIN","red":"VALLE DEL MANTARO","microrred":"CHILCA","categoria":"ESTABLECIMIENTO DE SALUD SIN INTERNAMIENTO","condicion":"ACTIVO","actualizado":"2023/08/01 19:00:00.000","fuente":"MINSA","urlRenipr":"http://app20.susalud.gob.pe:8080/registro-renipress-webapp/ipress.htm?action=mostrarVer&idipress=00000617"}},{"type":"Feature","geometry":{"type":"Point","coordinates":[-75.21965228999994,-12.227508229999955]},"properties":{"objectid":18751,"nombre":"SOCOS","departamento":"JUNIN","provincia":"HUANCAYO","distrito":"CHUPURO","institucion":"GOBIERNO REGIONAL","codigoMinsa":614,"direccion":"CALLE CALLE REAL S/N - BARRIO SAMBLAS NÚMERO S/N DISTRITO CHUPURO PROVINCIA HUANCAYO DEPARTAMENTO JUNIN","disa":"JUNIN","red":"VALLE DEL MANTARO","microrred":"CHILCA","categoria":"ESTABLECIMIENTO DE SALUD SIN INTERNAMIENTO","condicion":"ACTIVO","actualizado":"2023/08/01 19:00:00.000","fuente":"MINSA","urlRenipr":"http://app20.susalud.gob.pe:8080/registro-renipress-webapp/ipress.htm?action=mostrarVer&idipress=00000614"}},{"type":"Feature","geometry":{"type":"Point","coordinates":[-75.25427492999995,-12.056079539999928]},"properties":{"objectid":18752,"nombre":"PILCOMAYO","departamento":"JUNIN","provincia":"HUANCAYO","distrito":"PILCOMAYO","institucion":"GOBIERNO REGIONAL","codigoMinsa":719,"direccion":"OTROS ACTUALIZAR DISTRITO PILCOMAYO PROVINCIA HUANCAYO DEPARTAMENTO JUNIN","disa":"JUNIN","red":"VALLE DEL MANTARO","microrred":"EL TAMBO","categoria":"ESTABLECIMIENTO DE SALUD SIN INTERNAMIENTO","condicion":"ACTIVO","actualizado":"2023/08/01 19:00:00.000","fuente":"MINSA","urlRenipr":"http://app20.susalud.gob.pe:8080/registro-renipress-webapp/ipress.htm?action=mostrarVer&idipress=00000719"}},{"type":"Feature","geometry":{"type":"Point","coordinates":[-75.51544666999996,-11.708306669999956]},"properties":{"objectid":18768,"nombre":"PACA","departamento":"JUNIN","provincia":"JAUJA","distrito":"PACA","institucion":"GOBIERNO REGIONAL","codigoMinsa":369,"direccion":"JIRÓN JIRON GRAU S/N - ALAMEDA NÚMERO S/N DISTRITO PACA PROVINCIA JAUJA DEPARTAMENTO JUNIN","disa":"JUNIN","red":"JAUJA","microrred":"HATUN XAUXA","categoria":"ESTABLECIMIENTO DE SALUD SIN INTERNAMIENTO","condicion":"ACTIVO","actualizado":"2023/08/01 19:00:00.000","fuente":"MINSA","urlRenipr":"http://app20.susalud.gob.pe:8080/registro-renipress-webapp/ipress.htm?action=mostrarVer&idipress=00000369"}},{"type":"Feature","geometry":{"type":"Point","coordinates":[-75.78882112999997,-11.05115023999997]},"properties":{"objectid":18789,"nombre":"CHUPAN","departamento":"JUNIN","provincia":"TARMA","distrito":"SAN PEDRO DE CAJAS","institucion":"GOBIERNO REGIONAL","codigoMinsa":556,"direccion":"OTROS IV BARRIO CENTRO POBLADO MENOR CHUPAN DISTRITO SAN PEDRO DE CAJAS PROVINCIA TARMA DEPARTAMENTO JUNIN","disa":"JUNIN","red":"JUNIN","microrred":"JUNIN","categoria":"ESTABLECIMIENTO DE SALUD SIN INTERNAMIENTO","condicion":"ACTIVO","actualizado":"2023/08/01 19:00:00.000","fuente":"MINSA","urlRenipr":"http://app20.susalud.gob.pe:8080/registro-renipress-webapp/ipress.htm?action=mostrarVer&idipress=00000556"}},{"type":"Feature","geometry":{"type":"Point","coordinates":[-75.20773072999998,-12.079878639999947]},"properties":{"objectid":18804,"nombre":"POLICLINICO PLUS MANTARO","departamento":"JUNIN","provincia":"HUANCAYO","distrito":"CHILCA","institucion":"PRIVADO","codigoMinsa":13958,"direccion":"AVENIDA AV. GENERAL CORDOVA 122 DISTRITO CHILCA PROVINCIA HUANCAYO DEPARTAMENTO JUNIN","disa":"JUNIN","red":"NO PERTENECE A NINGUNA RED","microrred":"NO PERTENECE A NINGUNA MICRORED","categoria":"ESTABLECIMIENTO DE SALUD SIN INTERNAMIENTO","condicion":"ACTIVO","actualizado":"2023/08/01 19:00:00.000","fuente":"MINSA","urlRenipr":"http://app20.susalud.gob.pe:8080/registro-renipress-webapp/ipress.htm?action=mostrarVer&idipress=00013958"}},{"type":"Feature","geometry":{"type":"Point","coordinates":[-75.22132939999995,-12.050673299999971]},"properties":{"objectid":18836,"nombre":"LABORATORIO CLINICO MUNICIPAL EL TAMBO","departamento":"JUNIN","provincia":"HUANCAYO","distrito":"EL TAMBO","institucion":"PRIVADO","codigoMinsa":25196,"direccion":"AVENIDA MARISCAL CASTILLA NÚMERO 1916 DISTRITO EL TAMBO PROVINCIA HUANCAYO DEPARTAMENTO JUNIN","disa":"JUNIN","red":"NO PERTENECE A NINGUNA RED","microrred":"NO PERTENECE A NINGUNA MICRORED","categoria":"SERVICIO MÉDICO DE APOYO","condicion":"ACTIVO","actualizado":"2023/08/01 19:00:00.000","fuente":"MINSA","urlRenipr":"http://app20.susalud.gob.pe:8080/registro-renipress-webapp/ipress.htm?action=mostrarVer&idipress=00025196"}},{"type":"Feature","geometry":{"type":"Point","coordinates":[-73.95807600999996,-11.858257889999948]},"properties":{"objectid":18872,"nombre":"ENFERMERIA DEL BCT 79","departamento":"JUNIN","provincia":"SATIPO","distrito":"MAZAMARI - PANGOA","institucion":"SANIDAD DEL EJERCITO DEL PERU","codigoMinsa":24436,"direccion":"CAMINO RURAL A MICAELA BASTIDASI NÚMERO 0 DISTRITO PANGOA PROVINCIA SATIPO DEPARTAMENTO JUNIN","disa":"JUNIN","red":"NO PERTENECE A NINGUNA RED","microrred":"NO PERTENECE A NINGUNA MICRORED","categoria":"ESTABLECIMIENTO DE SALUD SIN INTERNAMIENTO","condicion":"ACTIVO","actualizado":"2023/08/01 19:00:00.000","fuente":"MINSA","urlRenipr":"http://app20.susalud.gob.pe:8080/registro-renipress-webapp/ipress.htm?action=mostrarVer&idipress=00024436"}},{"type":"Feature","geometry":{"type":"Point","coordinates":[-75.21011520999997,-12.069558969999946]},"properties":{"objectid":18974,"nombre":"OPTICA VISION TECHNIC","departamento":"JUNIN","provincia":"HUANCAYO","distrito":"HUANCAYO","institucion":"PRIVADO","codigoMinsa":13321,"direccion":"JIRÓN JR. LIMA 354 - INT 104 DISTRITO HUANCAYO PROVINCIA HUANCAYO DEPARTAMENTO JUNIN","disa":"JUNIN","red":"NO PERTENECE A NINGUNA RED","microrred":"NO PERTENECE A NINGUNA MICRORED","categoria":"SERVICIO MÉDICO DE APOYO","condicion":"ACTIVO","actualizado":"2023/08/01 19:00:00.000","fuente":"MINSA","urlRenipr":"http://app20.susalud.gob.pe:8080/registro-renipress-webapp/ipress.htm?action=mostrarVer&idipress=00013321"}},{"type":"Feature","geometry":{"type":"Point","coordinates":[-75.20664128999994,-12.066013299999952]},"properties":{"objectid":19028,"nombre":"CENTRO PSICOLOGICO - PSICOPEDAGÓGICO VIRGEN DE GUADALUPE","departamento":"JUNIN","provincia":"HUANCAYO","distrito":"HUANCAYO","institucion":"PRIVADO","codigoMinsa":18876,"direccion":"AVENIDA AVENIDA FERROCARRIL N° 748 DISTRITO HUANCAYO PROVINCIA HUANCAYO DEPARTAMENTO JUNIN","disa":"JUNIN","red":"NO PERTENECE A NINGUNA RED","microrred":"NO PERTENECE A NINGUNA MICRORED","categoria":"ESTABLECIMIENTO DE SALUD SIN INTERNAMIENTO","condicion":"ACTIVO","actualizado":"2023/08/01 19:00:00.000","fuente":"MINSA","urlRenipr":"http://app20.susalud.gob.pe:8080/registro-renipress-webapp/ipress.htm?action=mostrarVer&idipress=00018876"}},{"type":"Feature","geometry":{"type":"Point","coordinates":[-75.20397979999996,-12.061364499999968]},"properties":{"objectid":19101,"nombre":"POLICLINICO CLINICA CAM","departamento":"JUNIN","provincia":"HUANCAYO","distrito":"HUANCAYO","institucion":"PRIVADO","codigoMinsa":9349,"direccion":"JIRÓN JR FRANCISCO SOLANO Nª 368 DISTRITO HUANCAYO PROVINCIA HUANCAYO DEPARTAMENTO JUNIN","disa":"JUNIN","red":"NO PERTENECE A NINGUNA RED","microrred":"NO PERTENECE A NINGUNA MICRORED","categoria":"ESTABLECIMIENTO DE SALUD CON INTERNAMIENTO","condicion":"ACTIVO","actualizado":"2023/08/01 19:00:00.000","fuente":"MINSA","urlRenipr":"http://app20.susalud.gob.pe:8080/registro-renipress-webapp/ipress.htm?action=mostrarVer&idipress=00009349"}},{"type":"Feature","geometry":{"type":"Point","coordinates":[-75.21022785999997,-12.069595689999971]},"properties":{"objectid":19220,"nombre":"OPTICA ROMA","departamento":"JUNIN","provincia":"HUANCAYO","distrito":"HUANCAYO","institucion":"PRIVADO","codigoMinsa":25477,"direccion":"JIRÓN LIMA NÚMERO 358 INTERIOR 101 DISTRITO HUANCAYO PROVINCIA HUANCAYO DEPARTAMENTO JUNIN","disa":"JUNIN","red":"NO PERTENECE A NINGUNA RED","microrred":"NO PERTENECE A NINGUNA MICRORED","categoria":"SERVICIO MÉDICO DE APOYO","condicion":"ACTIVO","actualizado":"2023/08/01 19:00:00.000","fuente":"MINSA","urlRenipr":"http://app20.susalud.gob.pe:8080/registro-renipress-webapp/ipress.htm?action=mostrarVer&idipress=00025477"}},{"type":"Feature","geometry":{"type":"Point","coordinates":[-75.21490929999999,-12.070259499999963]},"properties":{"objectid":19258,"nombre":"CITOBIOLAB","departamento":"JUNIN","provincia":"HUANCAYO","distrito":"HUANCAYO","institucion":"PRIVADO","codigoMinsa":26853,"direccion":"AVENIDA DANIEL ALCIDES CARRION N?ERO 1011 DISTRITO HUANCAYO PROVINCIA HUANCAYO DEPARTAMENTO JUNIN","disa":"JUNIN","red":"NO PERTENECE A NINGUNA RED","microrred":"NO PERTENECE A NINGUNA MICRORED","categoria":"SERVICIO MÉDICO DE APOYO","condicion":"ACTIVO","actualizado":"2023/08/01 19:00:00.000","fuente":"MINSA","urlRenipr":"http://app20.susalud.gob.pe:8080/registro-renipress-webapp/ipress.htm?action=mostrarVer&idipress=00026853"}},{"type":"Feature","geometry":{"type":"Point","coordinates":[-74.63824651999994,-11.255818559999966]},"properties":{"objectid":19279,"nombre":"CONSULTORIO MEDICO NOVOA","departamento":"JUNIN","provincia":"SATIPO","distrito":"SATIPO","institucion":"PRIVADO","codigoMinsa":30176,"direccion":"JIRÓN FRANCISCO IRAZOLA NÚMERO 461 PISO 1 DISTRITO SATIPO PROVINCIA SATIPO DEPARTAMENTO JUNIN","disa":"JUNIN","red":"","microrred":"","categoria":"ESTABLECIMIENTO DE SALUD SIN INTERNAMIENTO","condicion":"ACTIVO","actualizado":"2023/08/01 19:00:00.000","fuente":"MINSA","urlRenipr":"http://app20.susalud.gob.pe:8080/registro-renipress-webapp/ipress.htm?action=mostrarVer&idipress=00030176"}},{"type":"Feature","geometry":{"type":"Point","coordinates":[-75.21300054999995,-12.069504609999967]},"properties":{"objectid":19307,"nombre":"CENTRO DE REHABILITACION Y TERAPIA FISICA","departamento":"JUNIN","provincia":"HUANCAYO","distrito":"HUANCAYO","institucion":"PRIVADO","codigoMinsa":8158,"direccion":"JIRÓN LIBERTAD 342 JIRON LIBERTAD Nº 342 HUANCAYO HUANCAYO JUNIN","disa":"JUNIN","red":"NO PERTENECE A NINGUNA RED","microrred":"NO PERTENECE A NINGUNA MICRORED","categoria":"SERVICIO MÉDICO DE APOYO","condicion":"ACTIVO","actualizado":"2023/08/01 19:00:00.000","fuente":"MINSA","urlRenipr":"http://app20.susalud.gob.pe:8080/registro-renipress-webapp/ipress.htm?action=mostrarVer&idipress=00008158"}},{"type":"Feature","geometry":{"type":"Point","coordinates":[-75.21548485999995,-12.070553049999944]},"properties":{"objectid":19325,"nombre":"ESDVIDA","departamento":"JUNIN","provincia":"HUANCAYO","distrito":"HUANCAYO","institucion":"PRIVADO","codigoMinsa":28945,"direccion":"AVENIDA DANIEL ALCIDES CARRIÓN NÚMERO 1089 PISO 1 DISTRITO HUANCAYO PROVINCIA HUANCAYO DEPARTAMENTO JUNIN","disa":"JUNIN","red":"","microrred":"","categoria":"ESTABLECIMIENTO DE SALUD SIN INTERNAMIENTO","condicion":"ACTIVO","actualizado":"2023/08/01 19:00:00.000","fuente":"MINSA","urlRenipr":"http://app20.susalud.gob.pe:8080/registro-renipress-webapp/ipress.htm?action=mostrarVer&idipress=00028945"}},{"type":"Feature","geometry":{"type":"Point","coordinates":[-75.66359817999995,-11.354091169999947]},"properties":{"objectid":19395,"nombre":"ACOBAMBA","departamento":"JUNIN","provincia":"TARMA","distrito":"ACOBAMBA","institucion":"GOBIERNO REGIONAL","codigoMinsa":521,"direccion":"AVENIDA AV, MANUEL A. ODRIA S/N S/N AV, MANUEL A. ODRIA S/N ACOBAMBA TARMA JUNIN","disa":"JUNIN","red":"TARMA","microrred":"ACOBAMBA","categoria":"ESTABLECIMIENTO DE SALUD CON INTERNAMIENTO","condicion":"ACTIVO","actualizado":"2023/08/01 19:00:00.000","fuente":"MINSA","urlRenipr":"http://app20.susalud.gob.pe:8080/registro-renipress-webapp/ipress.htm?action=mostrarVer&idipress=00000521"}},{"type":"Feature","geometry":{"type":"Point","coordinates":[-75.54419451999996,-11.372638589999951]},"properties":{"objectid":19396,"nombre":"YAROCA","departamento":"JUNIN","provincia":"TARMA","distrito":"PALCA","institucion":"GOBIERNO REGIONAL","codigoMinsa":574,"direccion":"CARRETERA CARRETERA PRINCIPAL DISTRITO PALCA PROVINCIA TARMA DEPARTAMENTO JUNIN","disa":"JUNIN","red":"TARMA","microrred":"PALCA","categoria":"ESTABLECIMIENTO DE SALUD SIN INTERNAMIENTO","condicion":"ACTIVO","actualizado":"2023/08/01 19:00:00.000","fuente":"MINSA","urlRenipr":"http://app20.susalud.gob.pe:8080/registro-renipress-webapp/ipress.htm?action=mostrarVer&idipress=00000574"}},{"type":"Feature","geometry":{"type":"Point","coordinates":[-75.21902989999995,-12.06287279999998]},"properties":{"objectid":19462,"nombre":"HARD DENT CLINICA ODONTOLOGICA","departamento":"JUNIN","provincia":"HUANCAYO","distrito":"EL TAMBO","institucion":"PRIVADO","codigoMinsa":10590,"direccion":"AVENIDA AV. HUANCAVELICA NRO. 770 DISTRITO EL TAMBO PROVINCIA HUANCAYO DEPARTAMENTO JUNIN","disa":"JUNIN","red":"NO PERTENECE A NINGUNA RED","microrred":"NO PERTENECE A NINGUNA MICRORED","categoria":"ESTABLECIMIENTO DE SALUD SIN INTERNAMIENTO","condicion":"ACTIVO","actualizado":"2023/08/01 19:00:00.000","fuente":"MINSA","urlRenipr":"http://app20.susalud.gob.pe:8080/registro-renipress-webapp/ipress.htm?action=mostrarVer&idipress=00010590"}},{"type":"Feature","geometry":{"type":"Point","coordinates":[-75.21493245999994,-12.056674889999954]},"properties":{"objectid":19581,"nombre":"CASA DE REPOSO EDAD DE ORO","departamento":"JUNIN","provincia":"HUANCAYO","distrito":"EL TAMBO","institucion":"PRIVADO","codigoMinsa":25613,"direccion":"PASAJE SANTIAGO NORERO NÚMERO 347 DISTRITO EL TAMBO PROVINCIA HUANCAYO DEPARTAMENTO JUNIN","disa":"JUNIN","red":"NO PERTENECE A NINGUNA RED","microrred":"NO PERTENECE A NINGUNA MICRORED","categoria":"SERVICIO MÉDICO DE APOYO","condicion":"ACTIVO","actualizado":"2023/08/01 19:00:00.000","fuente":"MINSA","urlRenipr":"http://app20.susalud.gob.pe:8080/registro-renipress-webapp/ipress.htm?action=mostrarVer&idipress=00025613"}},{"type":"Feature","geometry":{"type":"Point","coordinates":[-75.14075166999999,-10.881531669999958]},"properties":{"objectid":19671,"nombre":"MARISCAL CACERES","departamento":"JUNIN","provincia":"CHANCHAMAYO","distrito":"PERENE","institucion":"GOBIERNO REGIONAL","codigoMinsa":14385,"direccion":"OTROS MARISCAL CACERES S/N NÚMERO S/N DISTRITO PERENE PROVINCIA CHANCHAMAYO DEPARTAMENTO JUNIN","disa":"JUNIN","red":"CHANCHAMAYO","microrred":"PERENE","categoria":"ESTABLECIMIENTO DE SALUD SIN INTERNAMIENTO","condicion":"ACTIVO","actualizado":"2023/08/01 19:00:00.000","fuente":"MINSA","urlRenipr":"http://app20.susalud.gob.pe:8080/registro-renipress-webapp/ipress.htm?action=mostrarVer&idipress=00014385"}},{"type":"Feature","geometry":{"type":"Point","coordinates":[-75.28653839999998,-11.37998086999994]},"properties":{"objectid":19672,"nombre":"CHACAYBAMBA","departamento":"JUNIN","provincia":"JAUJA","distrito":"MONOBAMBA","institucion":"GOBIERNO REGIONAL","codigoMinsa":363,"direccion":"PLAZA PLAZA PRINCIPAL DEL ANEXO CHACAYBAMBA DISTRITO MONOBAMBA PROVINCIA JAUJA DEPARTAMENTO JUNIN","disa":"JUNIN","red":"CHANCHAMAYO","microrred":"SAN RAMON","categoria":"ESTABLECIMIENTO DE SALUD SIN INTERNAMIENTO","condicion":"ACTIVO","actualizado":"2023/08/01 19:00:00.000","fuente":"MINSA","urlRenipr":"http://app20.susalud.gob.pe:8080/registro-renipress-webapp/ipress.htm?action=mostrarVer&idipress=00000363"}},{"type":"Feature","geometry":{"type":"Point","coordinates":[-75.04391332999995,-10.93249832999993]},"properties":{"objectid":19673,"nombre":"ALTO SAN JUAN","departamento":"JUNIN","provincia":"CHANCHAMAYO","distrito":"PERENE","institucion":"GOBIERNO REGIONAL","codigoMinsa":332,"direccion":"PLAZA PLAZA DEL ANEXO ALTO SAN JUAN DISTRITO PERENE PROVINCIA CHANCHAMAYO DEPARTAMENTO JUNIN","disa":"JUNIN","red":"CHANCHAMAYO","microrred":"PERENE","categoria":"ESTABLECIMIENTO DE SALUD SIN INTERNAMIENTO","condicion":"ACTIVO","actualizado":"2023/08/01 19:00:00.000","fuente":"MINSA","urlRenipr":"http://app20.susalud.gob.pe:8080/registro-renipress-webapp/ipress.htm?action=mostrarVer&idipress=00000332"}},{"type":"Feature","geometry":{"type":"Point","coordinates":[-75.20039332999994,-10.939926669999977]},"properties":{"objectid":19674,"nombre":"BAJO MARANKIARI","departamento":"JUNIN","provincia":"CHANCHAMAYO","distrito":"PERENE","institucion":"GOBIERNO REGIONAL","codigoMinsa":319,"direccion":"CALLE CALLE LIMA S/N ANEXO MARANKIARI NÚMERO S/N DISTRITO PERENE PROVINCIA CHANCHAMAYO DEPARTAMENTO JUNIN","disa":"JUNIN","red":"CHANCHAMAYO","microrred":"PERENE","categoria":"ESTABLECIMIENTO DE SALUD SIN INTERNAMIENTO","condicion":"ACTIVO","actualizado":"2023/08/01 19:00:00.000","fuente":"MINSA","urlRenipr":"http://app20.susalud.gob.pe:8080/registro-renipress-webapp/ipress.htm?action=mostrarVer&idipress=00000319"}},{"type":"Feature","geometry":{"type":"Point","coordinates":[-75.21007149999997,-12.068221899999969]},"properties":{"objectid":19891,"nombre":"LABORATORIO CLINICO LIAM LAB","departamento":"JUNIN","provincia":"HUANCAYO","distrito":"HUANCAYO","institucion":"PRIVADO","codigoMinsa":30197,"direccion":"JIRÓN Junin NÚMERO 228 PISO 1 URBANIZACIÓN Cercado DISTRITO HUANCAYO PROVINCIA HUANCAYO DEPARTAMENTO JUNIN","disa":"JUNIN","red":"","microrred":"","categoria":"SERVICIO MÉDICO DE APOYO","condicion":"ACTIVO","actualizado":"2023/08/01 19:00:00.000","fuente":"MINSA","urlRenipr":"http://app20.susalud.gob.pe:8080/registro-renipress-webapp/ipress.htm?action=mostrarVer&idipress=00030197"}},{"type":"Feature","geometry":{"type":"Point","coordinates":[-74.49272233999994,-11.406082469999944]},"properties":{"objectid":20284,"nombre":"CHAVINI","departamento":"JUNIN","provincia":"SATIPO","distrito":"MAZAMARI - PANGOA","institucion":"GOBIERNO REGIONAL","codigoMinsa":444,"direccion":"AVENIDA AV.COLONOS FUNDADORES S/N C.P.CHAVINI NÚMERO S/N DISTRITO PANGOA PROVINCIA SATIPO DEPARTAMENTO JUNIN","disa":"JUNIN","red":"SAN MARTIN DE PANGOA","microrred":"SAN RAMON DE PANGOA","categoria":"ESTABLECIMIENTO DE SALUD SIN INTERNAMIENTO","condicion":"ACTIVO","actualizado":"2023/08/01 19:00:00.000","fuente":"MINSA","urlRenipr":"http://app20.susalud.gob.pe:8080/registro-renipress-webapp/ipress.htm?action=mostrarVer&idipress=00000444"}},{"type":"Feature","geometry":{"type":"Point","coordinates":[-74.00241464999993,-11.996125689999928]},"properties":{"objectid":20295,"nombre":"QUEMPIRI","departamento":"JUNIN","provincia":"SATIPO","distrito":"RIO TAMBO","institucion":"GOBIERNO REGIONAL","codigoMinsa":513,"direccion":"OTROS CC.NN. QUEMPIRI DISTRITO RIO TAMBO PROVINCIA SATIPO DEPARTAMENTO JUNIN","disa":"JUNIN","red":"SATIPO","microrred":"VALLE ESMERALDA","categoria":"ESTABLECIMIENTO DE SALUD SIN INTERNAMIENTO","condicion":"ACTIVO","actualizado":"2023/08/01 19:00:00.000","fuente":"MINSA","urlRenipr":"http://app20.susalud.gob.pe:8080/registro-renipress-webapp/ipress.htm?action=mostrarVer&idipress=00000513"}},{"type":"Feature","geometry":{"type":"Point","coordinates":[-74.59454731999995,-11.046722319999958]},"properties":{"objectid":20296,"nombre":"ALTO PITOCUNA","departamento":"JUNIN","provincia":"SATIPO","distrito":"RIO NEGRO","institucion":"GOBIERNO REGIONAL","codigoMinsa":501,"direccion":"OTROS COMUNIDAD DE ALTO PITOCUNA DISTRITO RIO NEGRO PROVINCIA SATIPO DEPARTAMENTO JUNIN","disa":"JUNIN","red":"SATIPO","microrred":"RIO NEGRO-SATIPO","categoria":"ESTABLECIMIENTO DE SALUD SIN INTERNAMIENTO","condicion":"ACTIVO","actualizado":"2023/08/01 19:00:00.000","fuente":"MINSA","urlRenipr":"http://app20.susalud.gob.pe:8080/registro-renipress-webapp/ipress.htm?action=mostrarVer&idipress=00000501"}},{"type":"Feature","geometry":{"type":"Point","coordinates":[-74.34460731999997,-11.291493259999982]},"properties":{"objectid":20297,"nombre":"CENTRO SAURENI","departamento":"JUNIN","provincia":"SATIPO","distrito":"MAZAMARI - PANGOA","institucion":"GOBIERNO REGIONAL","codigoMinsa":21814,"direccion":"PLAZA PLAZA PRINCIPAL DE CENTRO SAURENI S/N NÚMERO S/N DISTRITO PANGOA PROVINCIA SATIPO DEPARTAMENTO JUNIN","disa":"JUNIN","red":"SAN MARTIN DE PANGOA","microrred":"SAN ANTONIO DE SONOMORO","categoria":"ESTABLECIMIENTO DE SALUD SIN INTERNAMIENTO","condicion":"ACTIVO","actualizado":"2023/08/01 19:00:00.000","fuente":"MINSA","urlRenipr":"http://app20.susalud.gob.pe:8080/registro-renipress-webapp/ipress.htm?action=mostrarVer&idipress=00021814"}},{"type":"Feature","geometry":{"type":"Point","coordinates":[-74.37909335999996,-11.372522139999944]},"properties":{"objectid":20298,"nombre":"LOS ÁNGELES DE EDEN","departamento":"JUNIN","provincia":"SATIPO","distrito":"MAZAMARI - PANGOA","institucion":"GOBIERNO REGIONAL","codigoMinsa":21800,"direccion":"CALLE ESQUINA CALLE JULIAN NOYA Y LIBERTAD S/N,MANZANA \"L\" NÚMERO S/N DISTRITO PANGOA PROVINCIA SATIPO DEPARTAMENTO JUNIN","disa":"JUNIN","red":"SAN MARTIN DE PANGOA","microrred":"SAN ANTONIO DE SONOMORO","categoria":"ESTABLECIMIENTO DE SALUD SIN INTERNAMIENTO","condicion":"ACTIVO","actualizado":"2023/08/01 19:00:00.000","fuente":"MINSA","urlRenipr":"http://app20.susalud.gob.pe:8080/registro-renipress-webapp/ipress.htm?action=mostrarVer&idipress=00021800"}},{"type":"Feature","geometry":{"type":"Point","coordinates":[-75.20994354999993,-12.06629603999994]},"properties":{"objectid":20322,"nombre":"IDOJ","departamento":"JUNIN","provincia":"HUANCAYO","distrito":"HUANCAYO","institucion":"PRIVADO","codigoMinsa":25428,"direccion":"JIRÓN CUZCO NÚMERO 280 PISO 2 INTERIOR 210 DISTRITO HUANCAYO PROVINCIA HUANCAYO DEPARTAMENTO JUNIN","disa":"JUNIN","red":"NO PERTENECE A NINGUNA RED","microrred":"NO PERTENECE A NINGUNA MICRORED","categoria":"SERVICIO MÉDICO DE APOYO","condicion":"ACTIVO","actualizado":"2023/08/01 19:00:00.000","fuente":"MINSA","urlRenipr":"http://app20.susalud.gob.pe:8080/registro-renipress-webapp/ipress.htm?action=mostrarVer&idipress=00025428"}},{"type":"Feature","geometry":{"type":"Point","coordinates":[-75.21029759999993,-12.068635699999959]},"properties":{"objectid":20309,"nombre":"CONSULTORIO MEDICO MARY TRUJILLO","departamento":"JUNIN","provincia":"HUANCAYO","distrito":"HUANCAYO","institucion":"PRIVADO","codigoMinsa":28672,"direccion":"JIRÓN PUNO N?ERO 870 PISO 1 INTERIOR 101 DISTRITO HUANCAYO PROVINCIA HUANCAYO DEPARTAMENTO JUNIN","disa":"JUNIN","red":"NO PERTENECE A NINGUNA RED","microrred":"NO PERTENECE A NINGUNA MICRORED","categoria":"ESTABLECIMIENTO DE SALUD SIN INTERNAMIENTO","condicion":"ACTIVO","actualizado":"2023/08/01 19:00:00.000","fuente":"MINSA","urlRenipr":"http://app20.susalud.gob.pe:8080/registro-renipress-webapp/ipress.htm?action=mostrarVer&idipress=00028672"}},{"type":"Feature","geometry":{"type":"Point","coordinates":[-75.21111298999995,-12.069097329999977]},"properties":{"objectid":20316,"nombre":"DENTAL TAPIA","departamento":"JUNIN","provincia":"HUANCAYO","distrito":"HUANCAYO","institucion":"PRIVADO","codigoMinsa":26880,"direccion":"JIRÓN MOQUEGUA NÚMERO 410 PISO 2 DISTRITO HUANCAYO PROVINCIA HUANCAYO DEPARTAMENTO JUNIN","disa":"JUNIN","red":"NO PERTENECE A NINGUNA RED","microrred":"NO PERTENECE A NINGUNA MICRORED","categoria":"ESTABLECIMIENTO DE SALUD SIN INTERNAMIENTO","condicion":"ACTIVO","actualizado":"2023/08/01 19:00:00.000","fuente":"MINSA","urlRenipr":"http://app20.susalud.gob.pe:8080/registro-renipress-webapp/ipress.htm?action=mostrarVer&idipress=00026880"}},{"type":"Feature","geometry":{"type":"Point","coordinates":[-75.20346289999998,-12.06192909999993]},"properties":{"objectid":20376,"nombre":"POLICLINICO CONTINENTAL","departamento":"JUNIN","provincia":"HUANCAYO","distrito":"EL TAMBO","institucion":"PRIVADO","codigoMinsa":24427,"direccion":"JIRÓN DOS DE MAYO 1ER PISO Y SOTANO NÚMERO 570 PISO 1 DISTRITO EL TAMBO PROVINCIA HUANCAYO DEPARTAMENTO JUNIN","disa":"JUNIN","red":"NO PERTENECE A NINGUNA RED","microrred":"NO PERTENECE A NINGUNA MICRORED","categoria":"ESTABLECIMIENTO DE SALUD SIN INTERNAMIENTO","condicion":"ACTIVO","actualizado":"2023/08/01 19:00:00.000","fuente":"MINSA","urlRenipr":"http://app20.susalud.gob.pe:8080/registro-renipress-webapp/ipress.htm?action=mostrarVer&idipress=00024427"}},{"type":"Feature","geometry":{"type":"Point","coordinates":[-75.28903989999998,-12.062089299999968]},"properties":{"objectid":20465,"nombre":"CAP II CHUPACA","departamento":"JUNIN","provincia":"CHUPACA","distrito":"CHUPACA","institucion":"ESSALUD","codigoMinsa":12191,"direccion":"OTROS PETRONA APOALAYA 379 DISTRITO CHUPACA PROVINCIA CHUPACA DEPARTAMENTO JUNIN","disa":"JUNIN","red":"NO PERTENECE A NINGUNA RED","microrred":"","categoria":"ESTABLECIMIENTO DE SALUD SIN INTERNAMIENTO","condicion":"ACTIVO","actualizado":"2023/08/01 19:00:00.000","fuente":"MINSA","urlRenipr":"http://app20.susalud.gob.pe:8080/registro-renipress-webapp/ipress.htm?action=mostrarVer&idipress=00012191"}},{"type":"Feature","geometry":{"type":"Point","coordinates":[-75.39295486999998,-12.038060429999973]},"properties":{"objectid":20517,"nombre":"ANGASMAYO","departamento":"JUNIN","provincia":"CONCEPCION","distrito":"CHAMBARA","institucion":"GOBIERNO REGIONAL","codigoMinsa":639,"direccion":"JIRÓN JR. 20 DE AGOSTO S/N NÚMERO S/N DISTRITO CHAMBARA PROVINCIA CONCEPCION DEPARTAMENTO JUNIN","disa":"JUNIN","red":"RED DE SALUD CHUPACA","microrred":"HUACHAC","categoria":"ESTABLECIMIENTO DE SALUD SIN INTERNAMIENTO","condicion":"ACTIVO","actualizado":"2023/08/01 19:00:00.000","fuente":"MINSA","urlRenipr":"http://app20.susalud.gob.pe:8080/registro-renipress-webapp/ipress.htm?action=mostrarVer&idipress=00000639"}},{"type":"Feature","geometry":{"type":"Point","coordinates":[-75.20667589999994,-12.060590499999932]},"properties":{"objectid":20622,"nombre":"SOLIDARIDAD DEL CENTRO","departamento":"JUNIN","provincia":"HUANCAYO","distrito":"HUANCAYO","institucion":"PRIVADO","codigoMinsa":29307,"direccion":"AVENIDA REPÚBLICA DE URUGUAY NÚMERO 423 DISTRITO HUANCAYO PROVINCIA HUANCAYO DEPARTAMENTO JUNIN","disa":"JUNIN","red":"","microrred":"","categoria":"ESTABLECIMIENTO DE SALUD CON INTERNAMIENTO","condicion":"ACTIVO","actualizado":"2023/08/01 19:00:00.000","fuente":"MINSA","urlRenipr":"http://app20.susalud.gob.pe:8080/registro-renipress-webapp/ipress.htm?action=mostrarVer&idipress=00029307"}},{"type":"Feature","geometry":{"type":"Point","coordinates":[-75.22231749999997,-12.135003899999958]},"properties":{"objectid":20695,"nombre":"POLICLINICO MARTINEZ P&B S.A.C.","departamento":"JUNIN","provincia":"HUANCAYO","distrito":"HUAYUCACHI","institucion":"PRIVADO","codigoMinsa":28863,"direccion":"JIRÓN SAN CRISTOBAL NÚMERO 15 PISO 1 DEPARTAMENTO 10 INTERIOR 0 MANZANA Q LOTE 5 KILOMETRO 0 DISTRITO HUAYUCACHI PROVINCIA HUANCAYO DEPARTAMENTO JUNIN","disa":"JUNIN","red":"NO PERTENECE A NINGUNA RED","microrred":"NO PERTENECE A NINGUNA MICRORED","categoria":"ESTABLECIMIENTO DE SALUD SIN INTERNAMIENTO","condicion":"ACTIVO","actualizado":"2023/08/01 19:00:00.000","fuente":"MINSA","urlRenipr":"http://app20.susalud.gob.pe:8080/registro-renipress-webapp/ipress.htm?action=mostrarVer&idipress=00028863"}},{"type":"Feature","geometry":{"type":"Point","coordinates":[-74.87864255999995,-10.916894149999962]},"properties":{"objectid":20759,"nombre":"CIUDAD SATELITE","departamento":"JUNIN","provincia":"CHANCHAMAYO","distrito":"PERENE","institucion":"GOBIERNO REGIONAL","codigoMinsa":6716,"direccion":"OTROS ASOCIACION HERMANAS PAUCAR S/N CENTRO POBLADO CIUDAD SATELITE S/N ASOCIACION HERMANAS PAUCAR S/N CENTRO POBLADO CIUDAD SATELITE PERENE CHANCHAMAYO JUNIN","disa":"JUNIN","red":"PICHANAKI","microrred":"CIUDAD SATELITE","categoria":"ESTABLECIMIENTO DE SALUD SIN INTERNAMIENTO","condicion":"ACTIVO","actualizado":"2023/08/01 19:00:00.000","fuente":"MINSA","urlRenipr":"http://app20.susalud.gob.pe:8080/registro-renipress-webapp/ipress.htm?action=mostrarVer&idipress=00006716"}},{"type":"Feature","geometry":{"type":"Point","coordinates":[-74.91045646999999,-10.93598703999993]},"properties":{"objectid":20760,"nombre":"SAN CRISTOBAL","departamento":"JUNIN","provincia":"CHANCHAMAYO","distrito":"PERENE","institucion":"GOBIERNO REGIONAL","codigoMinsa":338,"direccion":"PLAZA PLAZA DE ARMAS S/N SAN CRISTOBAL NÚMERO S/N DISTRITO PERENE PROVINCIA CHANCHAMAYO DEPARTAMENTO JUNIN","disa":"JUNIN","red":"PICHANAKI","microrred":"CIUDAD SATELITE","categoria":"ESTABLECIMIENTO DE SALUD SIN INTERNAMIENTO","condicion":"ACTIVO","actualizado":"2023/08/01 19:00:00.000","fuente":"MINSA","urlRenipr":"http://app20.susalud.gob.pe:8080/registro-renipress-webapp/ipress.htm?action=mostrarVer&idipress=00000338"}},{"type":"Feature","geometry":{"type":"Point","coordinates":[-74.76167397999996,-10.933181199999979]},"properties":{"objectid":20761,"nombre":"HUANTININI","departamento":"JUNIN","provincia":"CHANCHAMAYO","distrito":"PICHANAQUI","institucion":"GOBIERNO REGIONAL","codigoMinsa":346,"direccion":"CARRETERA CARRETERA DE PENETRACION DEL ANEXO DE HUANTININI DISTRITO PICHANAQUI PROVINCIA CHANCHAMAYO DEPARTAMENTO JUNIN","disa":"JUNIN","red":"PICHANAKI","microrred":"HUACHIRIKI","categoria":"ESTABLECIMIENTO DE SALUD SIN INTERNAMIENTO","condicion":"ACTIVO","actualizado":"2023/08/01 19:00:00.000","fuente":"MINSA","urlRenipr":"http://app20.susalud.gob.pe:8080/registro-renipress-webapp/ipress.htm?action=mostrarVer&idipress=00000346"}},{"type":"Feature","geometry":{"type":"Point","coordinates":[-74.88174666999998,-11.093019999999967]},"properties":{"objectid":20762,"nombre":"VALLE HERMOSO","departamento":"JUNIN","provincia":"CHANCHAMAYO","distrito":"PICHANAQUI","institucion":"GOBIERNO REGIONAL","codigoMinsa":350,"direccion":"PLAZA PRINCIPAL DEL CENTRO POBLADO DE VALLE HERMOSO S/N PLAZA PRINCIPAL DEL CENTRO POBLADO DE VALLE HERMOSO PICHANAQUI CHANCHAMAYO JUNIN","disa":"JUNIN","red":"PICHANAKI","microrred":"CUYANI","categoria":"ESTABLECIMIENTO DE SALUD SIN INTERNAMIENTO","condicion":"ACTIVO","actualizado":"2023/08/01 19:00:00.000","fuente":"MINSA","urlRenipr":"http://app20.susalud.gob.pe:8080/registro-renipress-webapp/ipress.htm?action=mostrarVer&idipress=00000350"}},{"type":"Feature","geometry":{"type":"Point","coordinates":[-74.66089669999997,-11.208296019999977]},"properties":{"objectid":20764,"nombre":"CLINICA CERTMEDIC","departamento":"JUNIN","provincia":"SATIPO","distrito":"RIO NEGRO","institucion":"PRIVADO","codigoMinsa":30618,"direccion":"AVENIDA 29 DE SEPTIEMBRE PISO 1 MANZANA 26 LOTE A DISTRITO RIO NEGRO PROVINCIA SATIPO DEPARTAMENTO JUNIN","disa":"JUNIN","red":"","microrred":"","categoria":"ESTABLECIMIENTO DE SALUD SIN INTERNAMIENTO","condicion":"ACTIVO","actualizado":"2023/08/01 19:00:00.000","fuente":"MINSA","urlRenipr":"http://app20.susalud.gob.pe:8080/registro-renipress-webapp/ipress.htm?action=mostrarVer&idipress=00030618"}},{"type":"Feature","geometry":{"type":"Point","coordinates":[-74.79927316999994,-11.691695369999934]},"properties":{"objectid":20837,"nombre":"PUCACOCHA","departamento":"JUNIN","provincia":"CONCEPCION","distrito":"ANDAMARCA","institucion":"GOBIERNO REGIONAL","codigoMinsa":673,"direccion":"OTROS ACTUALIZAR DISTRITO ANDAMARCA PROVINCIA CONCEPCION DEPARTAMENTO JUNIN","disa":"JUNIN","red":"VALLE DEL MANTARO","microrred":"COMAS","categoria":"ESTABLECIMIENTO DE SALUD SIN INTERNAMIENTO","condicion":"ACTIVO","actualizado":"2023/08/01 19:00:00.000","fuente":"MINSA","urlRenipr":"http://app20.susalud.gob.pe:8080/registro-renipress-webapp/ipress.htm?action=mostrarVer&idipress=00000673"}},{"type":"Feature","geometry":{"type":"Point","coordinates":[-75.23372273999996,-12.060841839999966]},"properties":{"objectid":20838,"nombre":"JUSTICIA PAZ Y VIDA","departamento":"JUNIN","provincia":"HUANCAYO","distrito":"EL TAMBO","institucion":"GOBIERNO REGIONAL","codigoMinsa":705,"direccion":"JIRÓN JR. LOS TUNALES Nº 150-AAHH JUSTICIA PAZ Y VIDA JR. LOS TUNALES Nº 150-AAHH JUSTICIA PAZ Y VIDA EL TAMBO HUANCAYO JUNIN","disa":"JUNIN","red":"VALLE DEL MANTARO","microrred":"EL TAMBO","categoria":"ESTABLECIMIENTO DE SALUD CON INTERNAMIENTO","condicion":"ACTIVO","actualizado":"2023/08/01 19:00:00.000","fuente":"MINSA","urlRenipr":"http://app20.susalud.gob.pe:8080/registro-renipress-webapp/ipress.htm?action=mostrarVer&idipress=00000705"}},{"type":"Feature","geometry":{"type":"Point","coordinates":[-75.12734135999995,-12.254514889999939]},"properties":{"objectid":20839,"nombre":"DOS DE MAYO","departamento":"JUNIN","provincia":"HUANCAYO","distrito":"PUCARA","institucion":"GOBIERNO REGIONAL","codigoMinsa":628,"direccion":"OTROS ACTUALIZAR DISTRITO PUCARA PROVINCIA HUANCAYO DEPARTAMENTO JUNIN","disa":"JUNIN","red":"VALLE DEL MANTARO","microrred":"CHILCA","categoria":"ESTABLECIMIENTO DE SALUD SIN INTERNAMIENTO","condicion":"ACTIVO","actualizado":"2023/08/01 19:00:00.000","fuente":"MINSA","urlRenipr":"http://app20.susalud.gob.pe:8080/registro-renipress-webapp/ipress.htm?action=mostrarVer&idipress=00000628"}},{"type":"Feature","geometry":{"type":"Point","coordinates":[-75.35008022999995,-11.97205331999993]},"properties":{"objectid":20840,"nombre":"VICSO","departamento":"JUNIN","provincia":"CONCEPCION","distrito":"ORCOTUNA","institucion":"GOBIERNO REGIONAL","codigoMinsa":752,"direccion":"CARRETERA CARRETERA CENTRAL - HACIA ACO DISTRITO ORCOTUNA PROVINCIA CONCEPCION DEPARTAMENTO JUNIN","disa":"JUNIN","red":"VALLE DEL MANTARO","microrred":"CONCEPCION","categoria":"ESTABLECIMIENTO DE SALUD SIN INTERNAMIENTO","condicion":"ACTIVO","actualizado":"2023/08/01 19:00:00.000","fuente":"MINSA","urlRenipr":"http://app20.susalud.gob.pe:8080/registro-renipress-webapp/ipress.htm?action=mostrarVer&idipress=00000752"}},{"type":"Feature","geometry":{"type":"Point","coordinates":[-75.15826994999998,-12.139476959999968]},"properties":{"objectid":20841,"nombre":"SAPALLANGA","departamento":"JUNIN","provincia":"HUANCAYO","distrito":"SAPALLANGA","institucion":"GOBIERNO REGIONAL","codigoMinsa":629,"direccion":"JIRÓN JR. BOLOGNESI S/N S/N JR. BOLOGNESI S/N SAPALLANGA HUANCAYO JUNIN","disa":"JUNIN","red":"VALLE DEL MANTARO","microrred":"CHILCA","categoria":"ESTABLECIMIENTO DE SALUD SIN INTERNAMIENTO","condicion":"ACTIVO","actualizado":"2023/08/01 19:00:00.000","fuente":"MINSA","urlRenipr":"http://app20.susalud.gob.pe:8080/registro-renipress-webapp/ipress.htm?action=mostrarVer&idipress=00000629"}},{"type":"Feature","geometry":{"type":"Point","coordinates":[-75.09970536999998,-12.194164419999936]},"properties":{"objectid":20842,"nombre":"JATUN SUCLLA","departamento":"JUNIN","provincia":"HUANCAYO","distrito":"PUCARA","institucion":"GOBIERNO REGIONAL","codigoMinsa":627,"direccion":"JATUN SUCLLA","disa":"JUNIN","red":"VALLE DEL MANTARO","microrred":"CHILCA","categoria":"ESTABLECIMIENTO DE SALUD SIN INTERNAMIENTO","condicion":"ACTIVO","actualizado":"2023/08/01 19:00:00.000","fuente":"MINSA","urlRenipr":"http://app20.susalud.gob.pe:8080/registro-renipress-webapp/ipress.htm?action=mostrarVer&idipress=00000627"}},{"type":"Feature","geometry":{"type":"Point","coordinates":[-75.24009021999996,-12.027426719999937]},"properties":{"objectid":20843,"nombre":"LA VICTORIA","departamento":"JUNIN","provincia":"HUANCAYO","distrito":"EL TAMBO","institucion":"GOBIERNO REGIONAL","codigoMinsa":717,"direccion":"OTROS ACTUALIZAR DISTRITO EL TAMBO PROVINCIA HUANCAYO DEPARTAMENTO JUNIN","disa":"JUNIN","red":"VALLE DEL MANTARO","microrred":"EL TAMBO","categoria":"ESTABLECIMIENTO DE SALUD SIN INTERNAMIENTO","condicion":"ACTIVO","actualizado":"2023/08/01 19:00:00.000","fuente":"MINSA","urlRenipr":"http://app20.susalud.gob.pe:8080/registro-renipress-webapp/ipress.htm?action=mostrarVer&idipress=00000717"}},{"type":"Feature","geometry":{"type":"Point","coordinates":[-75.20413018999994,-12.047588129999951]},"properties":{"objectid":20844,"nombre":"INCHO","departamento":"JUNIN","provincia":"HUANCAYO","distrito":"EL TAMBO","institucion":"GOBIERNO REGIONAL","codigoMinsa":710,"direccion":"OTROS ACTUALIZAR DISTRITO EL TAMBO PROVINCIA HUANCAYO DEPARTAMENTO JUNIN","disa":"JUNIN","red":"VALLE DEL MANTARO","microrred":"EL TAMBO","categoria":"ESTABLECIMIENTO DE SALUD SIN INTERNAMIENTO","condicion":"ACTIVO","actualizado":"2023/08/01 19:00:00.000","fuente":"MINSA","urlRenipr":"http://app20.susalud.gob.pe:8080/registro-renipress-webapp/ipress.htm?action=mostrarVer&idipress=00000710"}},{"type":"Feature","geometry":{"type":"Point","coordinates":[-75.34683746999997,-11.892896749999977]},"properties":{"objectid":20845,"nombre":"MATAHUASI","departamento":"JUNIN","provincia":"CONCEPCION","distrito":"MATAHUASI","institucion":"GOBIERNO REGIONAL","codigoMinsa":687,"direccion":"CALLE CALLE SAN SEBASTIAN S/N S/N CALLE SAN SEBASTIAN S/N MATAHUASI CONCEPCION JUNIN","disa":"JUNIN","red":"VALLE DEL MANTARO","microrred":"CONCEPCION","categoria":"ESTABLECIMIENTO DE SALUD SIN INTERNAMIENTO","condicion":"ACTIVO","actualizado":"2023/08/01 19:00:00.000","fuente":"MINSA","urlRenipr":"http://app20.susalud.gob.pe:8080/registro-renipress-webapp/ipress.htm?action=mostrarVer&idipress=00000687"}},{"type":"Feature","geometry":{"type":"Point","coordinates":[-75.50142477999998,-11.774227289999942]},"properties":{"objectid":20861,"nombre":"POSTA MEDICA POLICIAL JAUJA","departamento":"JUNIN","provincia":"JAUJA","distrito":"JAUJA","institucion":"SANIDAD DE LA POLICIA NACIONAL DEL PERU","codigoMinsa":11874,"direccion":"JIRÓN JR. JOSÉ GÁLVEZ 335 JR. JOSÉ GÁLVEZ 335 JAUJA JAUJA JUNIN","disa":"JUNIN","red":"NO PERTENECE A NINGUNA RED","microrred":"NO PERTENECE A NINGUNA MICRORED","categoria":"ESTABLECIMIENTO DE SALUD SIN INTERNAMIENTO","condicion":"ACTIVO","actualizado":"2023/08/01 19:00:00.000","fuente":"MINSA","urlRenipr":"http://app20.susalud.gob.pe:8080/registro-renipress-webapp/ipress.htm?action=mostrarVer&idipress=00011874"}},{"type":"Feature","geometry":{"type":"Point","coordinates":[-75.24669565999994,-12.04635221999996]},"properties":{"objectid":20862,"nombre":"POSTA MEDICA EESTP-PNP-HUANCAYO","departamento":"JUNIN","provincia":"HUANCAYO","distrito":"PILCOMAYO","institucion":"SANIDAD DE LA POLICIA NACIONAL DEL PERU","codigoMinsa":25776,"direccion":"JIRÓN NECOCHEA NÚMERO 50 DISTRITO PILCOMAYO PROVINCIA HUANCAYO DEPARTAMENTO JUNIN","disa":"JUNIN","red":"NO PERTENECE A NINGUNA RED","microrred":"NO PERTENECE A NINGUNA MICRORED","categoria":"ESTABLECIMIENTO DE SALUD SIN INTERNAMIENTO","condicion":"ACTIVO","actualizado":"2023/08/01 19:00:00.000","fuente":"MINSA","urlRenipr":"http://app20.susalud.gob.pe:8080/registro-renipress-webapp/ipress.htm?action=mostrarVer&idipress=00025776"}},{"type":"Feature","geometry":{"type":"Point","coordinates":[-74.53248194999998,-11.33334297999994]},"properties":{"objectid":20866,"nombre":"POSTA MEDICA POLICIAL LOS SINCHIS","departamento":"JUNIN","provincia":"SATIPO","distrito":"MAZAMARI - PANGOA","institucion":"SANIDAD DE LA POLICIA NACIONAL DEL PERU","codigoMinsa":12454,"direccion":"OTROS BASE PNP. “LOS SINCHIS”- MAZAMARI BASE PNP. “LOS SINCHIS”- MAZAMARI MAZAMARI SATIPO JUNIN","disa":"JUNIN","red":"NO PERTENECE A NINGUNA RED","microrred":"NO PERTENECE A NINGUNA MICRORED","categoria":"ESTABLECIMIENTO DE SALUD SIN INTERNAMIENTO","condicion":"ACTIVO","actualizado":"2023/08/01 19:00:00.000","fuente":"MINSA","urlRenipr":"http://app20.susalud.gob.pe:8080/registro-renipress-webapp/ipress.htm?action=mostrarVer&idipress=00012454"}},{"type":"Feature","geometry":{"type":"Point","coordinates":[-75.75581142999994,-11.729444099999967]},"properties":{"objectid":20874,"nombre":"CHACAPALPA","departamento":"JUNIN","provincia":"YAULI","distrito":"CHACAPALPA","institucion":"GOBIERNO REGIONAL","codigoMinsa":429,"direccion":"CALLE CALLE TARMA S/N NÚMERO S/N DISTRITO CHACAPALPA PROVINCIA YAULI DEPARTAMENTO JUNIN","disa":"JUNIN","red":"JAUJA","microrred":"YAULI-OROYA","categoria":"ESTABLECIMIENTO DE SALUD SIN INTERNAMIENTO","condicion":"ACTIVO","actualizado":"2023/08/01 19:00:00.000","fuente":"MINSA","urlRenipr":"http://app20.susalud.gob.pe:8080/registro-renipress-webapp/ipress.htm?action=mostrarVer&idipress=00000429"}},{"type":"Feature","geometry":{"type":"Point","coordinates":[-75.54103332999995,-11.81937832999995]},"properties":{"objectid":20875,"nombre":"CANCHAPUNCO","departamento":"JUNIN","provincia":"JAUJA","distrito":"PACCHA","institucion":"GOBIERNO REGIONAL","codigoMinsa":370,"direccion":"CALLE CALLE SAN MARTIN S/N I CUARTEL NÚMERO S/N DISTRITO PACCHA PROVINCIA JAUJA DEPARTAMENTO JUNIN","disa":"JUNIN","red":"JAUJA","microrred":"HATUN XAUXA","categoria":"ESTABLECIMIENTO DE SALUD SIN INTERNAMIENTO","condicion":"ACTIVO","actualizado":"2023/08/01 19:00:00.000","fuente":"MINSA","urlRenipr":"http://app20.susalud.gob.pe:8080/registro-renipress-webapp/ipress.htm?action=mostrarVer&idipress=00000370"}},{"type":"Feature","geometry":{"type":"Point","coordinates":[-75.49686759999997,-11.777227449999941]},"properties":{"objectid":20876,"nombre":"HOSPITAL DOMINGO OLAVEGOYA","departamento":"JUNIN","provincia":"JAUJA","distrito":"JAUJA","institucion":"GOBIERNO REGIONAL","codigoMinsa":365,"direccion":"JIRÓN JR. SAN MARTIN Nº1153 URBANIZACION OLAVEGOYA DISTRITO JAUJA PROVINCIA JAUJA DEPARTAMENTO JUNIN","disa":"JUNIN","red":"JAUJA","microrred":"NO PERTENECE A NINGUNA MICRORED","categoria":"ESTABLECIMIENTO DE SALUD CON INTERNAMIENTO","condicion":"ACTIVO","actualizado":"2023/08/01 19:00:00.000","fuente":"MINSA","urlRenipr":"http://app20.susalud.gob.pe:8080/registro-renipress-webapp/ipress.htm?action=mostrarVer&idipress=00000365"}},{"type":"Feature","geometry":{"type":"Point","coordinates":[-75.56169166999996,-11.546809999999937]},"properties":{"objectid":20877,"nombre":"APAYCANCHA","departamento":"JUNIN","provincia":"JAUJA","distrito":"RICRAN","institucion":"GOBIERNO REGIONAL","codigoMinsa":421,"direccion":"PLAZA PLAZA PRINCIPAL DE APAYCANCHA S/N NÚMERO S/N DISTRITO RICRAN PROVINCIA JAUJA DEPARTAMENTO JUNIN","disa":"JUNIN","red":"JAUJA","microrred":"VALLE DE YACUS","categoria":"ESTABLECIMIENTO DE SALUD SIN INTERNAMIENTO","condicion":"ACTIVO","actualizado":"2023/08/01 19:00:00.000","fuente":"MINSA","urlRenipr":"http://app20.susalud.gob.pe:8080/registro-renipress-webapp/ipress.htm?action=mostrarVer&idipress=00000421"}},{"type":"Feature","geometry":{"type":"Point","coordinates":[-75.54595478999994,-11.798975389999953]},"properties":{"objectid":20878,"nombre":"PARCO","departamento":"JUNIN","provincia":"JAUJA","distrito":"PARCO","institucion":"GOBIERNO REGIONAL","codigoMinsa":374,"direccion":"AVENIDA AV. MANTARO S/N CARRETERA CENTRAL NÚMERO S/N DISTRITO PARCO PROVINCIA JAUJA DEPARTAMENTO JUNIN","disa":"JUNIN","red":"JAUJA","microrred":"QUEBRADA DEL MANTARO","categoria":"ESTABLECIMIENTO DE SALUD SIN INTERNAMIENTO","condicion":"ACTIVO","actualizado":"2023/08/01 19:00:00.000","fuente":"MINSA","urlRenipr":"http://app20.susalud.gob.pe:8080/registro-renipress-webapp/ipress.htm?action=mostrarVer&idipress=00000374"}},{"type":"Feature","geometry":{"type":"Point","coordinates":[-75.43714666999995,-11.804924999999969]},"properties":{"objectid":20879,"nombre":"ATAURA","departamento":"JUNIN","provincia":"JAUJA","distrito":"ATAURA","institucion":"GOBIERNO REGIONAL","codigoMinsa":367,"direccion":"PASAJE JOSEFINA CASTRO NÚMERO S/N DISTRITO ATAURA PROVINCIA JAUJA DEPARTAMENTO JUNIN","disa":"JUNIN","red":"JAUJA","microrred":"HATUN XAUXA","categoria":"ESTABLECIMIENTO DE SALUD SIN INTERNAMIENTO","condicion":"ACTIVO","actualizado":"2023/08/01 19:00:00.000","fuente":"MINSA","urlRenipr":"http://app20.susalud.gob.pe:8080/registro-renipress-webapp/ipress.htm?action=mostrarVer&idipress=00000367"}},{"type":"Feature","geometry":{"type":"Point","coordinates":[-76.05259999999998,-11.151853329999938]},"properties":{"objectid":20902,"nombre":"SASICUCHO","departamento":"JUNIN","provincia":"JUNIN","distrito":"JUNIN","institucion":"GOBIERNO REGIONAL","codigoMinsa":550,"direccion":"CARRETERA CARRETERA JUNIN A ONDORES KM 7 DISTRITO JUNIN PROVINCIA JUNIN DEPARTAMENTO JUNIN","disa":"JUNIN","red":"JUNIN","microrred":"JUNIN","categoria":"ESTABLECIMIENTO DE SALUD SIN INTERNAMIENTO","condicion":"ACTIVO","actualizado":"2023/08/01 19:00:00.000","fuente":"MINSA","urlRenipr":"http://app20.susalud.gob.pe:8080/registro-renipress-webapp/ipress.htm?action=mostrarVer&idipress=00000550"}},{"type":"Feature","geometry":{"type":"Point","coordinates":[-75.20496119999996,-12.065669299999968]},"properties":{"objectid":20925,"nombre":"Medilaser Perú","departamento":"JUNIN","provincia":"HUANCAYO","distrito":"HUANCAYO","institucion":"PRIVADO","codigoMinsa":30957,"direccion":"AVENIDA GIRALDEZ NÚMERO 528 PISO 1 DISTRITO HUANCAYO PROVINCIA HUANCAYO DEPARTAMENTO JUNIN","disa":"JUNIN","red":"","microrred":"","categoria":"SERVICIO MÉDICO DE APOYO","condicion":"ACTIVO","actualizado":"2023/08/01 19:00:00.000","fuente":"MINSA","urlRenipr":"http://app20.susalud.gob.pe:8080/registro-renipress-webapp/ipress.htm?action=mostrarVer&idipress=00030957"}},{"type":"Feature","geometry":{"type":"Point","coordinates":[-75.20524552999996,-12.082897479999929]},"properties":{"objectid":21034,"nombre":"MTCMEDIC SAN IGNACIO DE LOYOLA CONSULTORIOS MEDICOS SRL","departamento":"JUNIN","provincia":"HUANCAYO","distrito":"CHILCA","institucion":"PRIVADO","codigoMinsa":14309,"direccion":"AVENIDA AVENIDA ARTERIAL Nº202 DISTRITO CHILCA PROVINCIA HUANCAYO DEPARTAMENTO JUNIN","disa":"","red":"","microrred":"","categoria":"ESTABLECIMIENTO DE SALUD SIN INTERNAMIENTO","condicion":"RUC INACTIVO EN SUNAT","actualizado":"2023/08/01 19:00:00.000","fuente":"MINSA","urlRenipr":"http://app20.susalud.gob.pe:8080/registro-renipress-webapp/ipress.htm?action=mostrarVer&idipress=00014309"}},{"type":"Feature","geometry":{"type":"Point","coordinates":[-75.21223469999995,-12.066580599999952]},"properties":{"objectid":21036,"nombre":"MEDICAL ESTUDIO","departamento":"JUNIN","provincia":"HUANCAYO","distrito":"HUANCAYO","institucion":"PRIVADO","codigoMinsa":17326,"direccion":"CALLE CALLE REAL 517 INT 206 DISTRITO HUANCAYO PROVINCIA HUANCAYO DEPARTAMENTO JUNIN","disa":"JUNIN","red":"NO PERTENECE A NINGUNA RED","microrred":"NO PERTENECE A NINGUNA MICRORED","categoria":"ESTABLECIMIENTO DE SALUD SIN INTERNAMIENTO","condicion":"ACTIVO","actualizado":"2023/08/01 19:00:00.000","fuente":"MINSA","urlRenipr":"http://app20.susalud.gob.pe:8080/registro-renipress-webapp/ipress.htm?action=mostrarVer&idipress=00017326"}},{"type":"Feature","geometry":{"type":"Point","coordinates":[-75.21090901999997,-12.070086169999968]},"properties":{"objectid":21127,"nombre":"OPTICA ROMA","departamento":"JUNIN","provincia":"HUANCAYO","distrito":"HUANCAYO","institucion":"PRIVADO","codigoMinsa":25424,"direccion":"JIRÓN LIMA NÚMERO 433 PISO 1 INTERIOR 12 DISTRITO HUANCAYO PROVINCIA HUANCAYO DEPARTAMENTO JUNIN","disa":"JUNIN","red":"NO PERTENECE A NINGUNA RED","microrred":"NO PERTENECE A NINGUNA MICRORED","categoria":"SERVICIO MÉDICO DE APOYO","condicion":"ACTIVO","actualizado":"2023/08/01 19:00:00.000","fuente":"MINSA","urlRenipr":"http://app20.susalud.gob.pe:8080/registro-renipress-webapp/ipress.htm?action=mostrarVer&idipress=00025424"}},{"type":"Feature","geometry":{"type":"Point","coordinates":[-75.22812269999997,-12.06319099999996]},"properties":{"objectid":21230,"nombre":"CENTRO MEDICO CRUZ VERDE","departamento":"JUNIN","provincia":"HUANCAYO","distrito":"EL TAMBO","institucion":"PRIVADO","codigoMinsa":30956,"direccion":"AVENIDA LAS COLINAS NÚMERO 599 URBANIZACIÓN PIO PATA DISTRITO EL TAMBO PROVINCIA HUANCAYO DEPARTAMENTO JUNIN","disa":"JUNIN","red":"","microrred":"","categoria":"ESTABLECIMIENTO DE SALUD SIN INTERNAMIENTO","condicion":"ACTIVO","actualizado":"2023/08/01 19:00:00.000","fuente":"MINSA","urlRenipr":"http://app20.susalud.gob.pe:8080/registro-renipress-webapp/ipress.htm?action=mostrarVer&idipress=00030956"}},{"type":"Feature","geometry":{"type":"Point","coordinates":[-75.75323760999999,-11.318101289999959]},"properties":{"objectid":21461,"nombre":"OCHONGA","departamento":"JUNIN","provincia":"TARMA","distrito":"PALCAMAYO","institucion":"GOBIERNO REGIONAL","codigoMinsa":529,"direccion":"OTROS BARRIO NAHUINCOCHA - OCHONGA DISTRITO PALCAMAYO PROVINCIA TARMA DEPARTAMENTO JUNIN","disa":"JUNIN","red":"TARMA","microrred":"ACOBAMBA","categoria":"ESTABLECIMIENTO DE SALUD SIN INTERNAMIENTO","condicion":"ACTIVO","actualizado":"2023/08/01 19:00:00.000","fuente":"MINSA","urlRenipr":"http://app20.susalud.gob.pe:8080/registro-renipress-webapp/ipress.htm?action=mostrarVer&idipress=00000529"}},{"type":"Feature","geometry":{"type":"Point","coordinates":[-75.75170286999997,-11.380326299999979]},"properties":{"objectid":21462,"nombre":"LA UNION LETICIA","departamento":"JUNIN","provincia":"TARMA","distrito":"LA UNION","institucion":"GOBIERNO REGIONAL","codigoMinsa":597,"direccion":"JIRÓN JIRON UNION S/N NÚMERO S/N DISTRITO LA UNION PROVINCIA TARMA DEPARTAMENTO JUNIN","disa":"JUNIN","red":"TARMA","microrred":"TARMA","categoria":"ESTABLECIMIENTO DE SALUD SIN INTERNAMIENTO","condicion":"ACTIVO","actualizado":"2023/08/01 19:00:00.000","fuente":"MINSA","urlRenipr":"http://app20.susalud.gob.pe:8080/registro-renipress-webapp/ipress.htm?action=mostrarVer&idipress=00000597"}},{"type":"Feature","geometry":{"type":"Point","coordinates":[-75.56372361999996,-11.382266719999961]},"properties":{"objectid":21463,"nombre":"TAPO","departamento":"JUNIN","provincia":"TARMA","distrito":"TAPO","institucion":"GOBIERNO REGIONAL","codigoMinsa":577,"direccion":"CALLE CALLE RODRIGUO ZARATE S/N NÚMERO S/N DISTRITO TAPO PROVINCIA TARMA DEPARTAMENTO JUNIN","disa":"JUNIN","red":"TARMA","microrred":"PALCA","categoria":"ESTABLECIMIENTO DE SALUD SIN INTERNAMIENTO","condicion":"ACTIVO","actualizado":"2023/08/01 19:00:00.000","fuente":"MINSA","urlRenipr":"http://app20.susalud.gob.pe:8080/registro-renipress-webapp/ipress.htm?action=mostrarVer&idipress=00000577"}},{"type":"Feature","geometry":{"type":"Point","coordinates":[-75.64738584999998,-11.266022909999947]},"properties":{"objectid":21464,"nombre":"HUASAHUASI","departamento":"JUNIN","provincia":"TARMA","distrito":"HUASAHUASI","institucion":"GOBIERNO REGIONAL","codigoMinsa":542,"direccion":"CALLE CALLE SAN JUAN S/N S/N CALLE SAN JUAN S/N HUASAHUASI TARMA JUNIN","disa":"JUNIN","red":"TARMA","microrred":"HUASAHUASI","categoria":"ESTABLECIMIENTO DE SALUD CON INTERNAMIENTO","condicion":"ACTIVO","actualizado":"2023/08/01 19:00:00.000","fuente":"MINSA","urlRenipr":"http://app20.susalud.gob.pe:8080/registro-renipress-webapp/ipress.htm?action=mostrarVer&idipress=00000542"}},{"type":"Feature","geometry":{"type":"Point","coordinates":[-75.60106309999998,-11.138205949999929]},"properties":{"objectid":21465,"nombre":"CASCA","departamento":"JUNIN","provincia":"TARMA","distrito":"HUASAHUASI","institucion":"GOBIERNO REGIONAL","codigoMinsa":543,"direccion":"PARQUE PARQUE DE SANTA ROSA DE CASCA S/N SECTOR 1 NÚMERO S/N DISTRITO HUASAHUASI PROVINCIA TARMA DEPARTAMENTO JUNIN","disa":"JUNIN","red":"TARMA","microrred":"HUASAHUASI","categoria":"ESTABLECIMIENTO DE SALUD SIN INTERNAMIENTO","condicion":"ACTIVO","actualizado":"2023/08/01 19:00:00.000","fuente":"MINSA","urlRenipr":"http://app20.susalud.gob.pe:8080/registro-renipress-webapp/ipress.htm?action=mostrarVer&idipress=00000543"}},{"type":"Feature","geometry":{"type":"Point","coordinates":[-75.86061715999995,-11.247419709999974]},"properties":{"objectid":21466,"nombre":"SAN PEDRO DE CAJAS","departamento":"JUNIN","provincia":"TARMA","distrito":"SAN PEDRO DE CAJAS","institucion":"GOBIERNO REGIONAL","codigoMinsa":534,"direccion":"CALLE CALLE ESTEBAN QUINTANA S/N BARRIO II S/N CALLE ESTEBAN QUINTANA S/N BARRIO II SAN PEDRO DE CAJAS TARMA JUNIN","disa":"JUNIN","red":"TARMA","microrred":"ACOBAMBA","categoria":"ESTABLECIMIENTO DE SALUD SIN INTERNAMIENTO","condicion":"ACTIVO","actualizado":"2023/08/01 19:00:00.000","fuente":"MINSA","urlRenipr":"http://app20.susalud.gob.pe:8080/registro-renipress-webapp/ipress.htm?action=mostrarVer&idipress=00000534"}},{"type":"Feature","geometry":{"type":"Point","coordinates":[-75.21007149999997,-12.068221899999969]},"properties":{"objectid":21468,"nombre":"CLINICA BILBAO","departamento":"JUNIN","provincia":"HUANCAYO","distrito":"HUANCAYO","institucion":"PRIVADO","codigoMinsa":25971,"direccion":"AVENIDA DANIEL ALCIDES CARRION NÚMERO 1025 DISTRITO HUANCAYO PROVINCIA HUANCAYO DEPARTAMENTO JUNIN","disa":"JUNIN","red":"NO PERTENECE A NINGUNA RED","microrred":"NO PERTENECE A NINGUNA MICRORED","categoria":"ESTABLECIMIENTO DE SALUD CON INTERNAMIENTO","condicion":"ACTIVO","actualizado":"2023/08/01 19:00:00.000","fuente":"MINSA","urlRenipr":"http://app20.susalud.gob.pe:8080/registro-renipress-webapp/ipress.htm?action=mostrarVer&idipress=00025971"}},{"type":"Feature","geometry":{"type":"Point","coordinates":[-75.21385949999996,-12.069488599999943]},"properties":{"objectid":21515,"nombre":"CENTRO DE RADIOLOGIA ESPECIALIZADA PABEL","departamento":"JUNIN","provincia":"HUANCAYO","distrito":"EL TAMBO","institucion":"PRIVADO","codigoMinsa":15158,"direccion":"JIRÓN JR. PUNO 894 DISTRITO EL TAMBO PROVINCIA HUANCAYO DEPARTAMENTO JUNIN","disa":"JUNIN","red":"NO PERTENECE A NINGUNA RED","microrred":"NO PERTENECE A NINGUNA MICRORED","categoria":"SERVICIO MÉDICO DE APOYO","condicion":"ACTIVO","actualizado":"2023/08/01 19:00:00.000","fuente":"MINSA","urlRenipr":"http://app20.susalud.gob.pe:8080/registro-renipress-webapp/ipress.htm?action=mostrarVer&idipress=00015158"}},{"type":"Feature","geometry":{"type":"Point","coordinates":[-75.21007149999997,-12.068221899999969]},"properties":{"objectid":21644,"nombre":"POLICLINICA MEDICOS SIN FRONTERAS PERUANOS COMO TU","departamento":"JUNIN","provincia":"HUANCAYO","distrito":"HUANCAYO","institucion":"PRIVADO","codigoMinsa":19688,"direccion":"PROLONGACIÓN PIURA 109 ~ 1°, 2° y 3° PISO DISTRITO HUANCAYO PROVINCIA HUANCAYO DEPARTAMENTO JUNIN","disa":"JUNIN","red":"","microrred":"NO PERTENECE A NINGUNA MICRORED","categoria":"ESTABLECIMIENTO DE SALUD SIN INTERNAMIENTO","condicion":"ACTIVO","actualizado":"2023/08/01 19:00:00.000","fuente":"MINSA","urlRenipr":"http://app20.susalud.gob.pe:8080/registro-renipress-webapp/ipress.htm?action=mostrarVer&idipress=00019688"}},{"type":"Feature","geometry":{"type":"Point","coordinates":[-75.20755672999996,-12.062871229999928]},"properties":{"objectid":21669,"nombre":"REIATSU","departamento":"JUNIN","provincia":"HUANCAYO","distrito":"HUANCAYO","institucion":"PRIVADO","codigoMinsa":14080,"direccion":"JIRÓN JR. A BANCAY N° 156 SAN CARLOS - HUANCAYO DISTRITO HUANCAYO PROVINCIA HUANCAYO DEPARTAMENTO JUNIN","disa":"JUNIN","red":"NO PERTENECE A NINGUNA RED","microrred":"NO PERTENECE A NINGUNA MICRORED","categoria":"SERVICIO MÉDICO DE APOYO","condicion":"ACTIVO","actualizado":"2023/08/01 19:00:00.000","fuente":"MINSA","urlRenipr":"http://app20.susalud.gob.pe:8080/registro-renipress-webapp/ipress.htm?action=mostrarVer&idipress=00014080"}},{"type":"Feature","geometry":{"type":"Point","coordinates":[-75.32955049999998,-11.056219699999929]},"properties":{"objectid":21694,"nombre":"CENTRO DE AISLAMIENTO TEMPORAL - CHANCHAMAYO","departamento":"JUNIN","provincia":"CHANCHAMAYO","distrito":"CHANCHAMAYO","institucion":"GOBIERNO REGIONAL","codigoMinsa":28482,"direccion":"JIRÓN AREQUIPA 323 HOTEL PRINCE CHANCHAMAYO CHANCHAMAYO JUNIN","disa":"JUNIN","red":"CHANCHAMAYO","microrred":"NO PERTENECE A NINGUNA MICRORED","categoria":"SERVICIO MÉDICO DE APOYO","condicion":"ACTIVO","actualizado":"2023/08/01 19:00:00.000","fuente":"MINSA","urlRenipr":"http://app20.susalud.gob.pe:8080/registro-renipress-webapp/ipress.htm?action=mostrarVer&idipress=00028482"}},{"type":"Feature","geometry":{"type":"Point","coordinates":[-75.21029759999993,-12.068635699999959]},"properties":{"objectid":21751,"nombre":"CONSULTORIOS MEDICOS SAN FERNANDO","departamento":"JUNIN","provincia":"HUANCAYO","distrito":"HUANCAYO","institucion":"PRIVADO","codigoMinsa":8169,"direccion":"AVENIDA AV. DANIEL ALCIDES CARRION 1541 - HUANCAYO DISTRITO HUANCAYO PROVINCIA HUANCAYO DEPARTAMENTO JUNIN","disa":"JUNIN","red":"","microrred":"","categoria":"ESTABLECIMIENTO DE SALUD SIN INTERNAMIENTO","condicion":"ACTIVO","actualizado":"2023/08/01 19:00:00.000","fuente":"MINSA","urlRenipr":"http://app20.susalud.gob.pe:8080/registro-renipress-webapp/ipress.htm?action=mostrarVer&idipress=00008169"}},{"type":"Feature","geometry":{"type":"Point","coordinates":[-75.21156749999994,-12.073723399999949]},"properties":{"objectid":21845,"nombre":"CLINICA MEDICO QUIRURGICO HUANCAYO E.I.R.L.","departamento":"JUNIN","provincia":"HUANCAYO","distrito":"EL TAMBO","institucion":"PRIVADO","codigoMinsa":25383,"direccion":"AVENIDA HUANCAVELICA NÚMERO 1285 PISO 1 DISTRITO EL TAMBO PROVINCIA HUANCAYO DEPARTAMENTO JUNIN","disa":"JUNIN","red":"NO PERTENECE A NINGUNA RED","microrred":"NO PERTENECE A NINGUNA MICRORED","categoria":"ESTABLECIMIENTO DE SALUD CON INTERNAMIENTO","condicion":"ACTIVO","actualizado":"2023/08/01 19:00:00.000","fuente":"MINSA","urlRenipr":"http://app20.susalud.gob.pe:8080/registro-renipress-webapp/ipress.htm?action=mostrarVer&idipress=00025383"}},{"type":"Feature","geometry":{"type":"Point","coordinates":[-75.20878349999998,-12.070989299999951]},"properties":{"objectid":21864,"nombre":"CONSULTORIO DENTAL \"WASHINGTON\"","departamento":"JUNIN","provincia":"HUANCAYO","distrito":"CHILCA","institucion":"PRIVADO","codigoMinsa":28950,"direccion":"CALLE CALLE REAL NÚMERO 1191 DISTRITO CHILCA PROVINCIA HUANCAYO DEPARTAMENTO JUNIN","disa":"JUNIN","red":"NO PERTENECE A NINGUNA RED","microrred":"NO PERTENECE A NINGUNA MICRORED","categoria":"ESTABLECIMIENTO DE SALUD SIN INTERNAMIENTO","condicion":"ACTIVO","actualizado":"2023/08/01 19:00:00.000","fuente":"MINSA","urlRenipr":"http://app20.susalud.gob.pe:8080/registro-renipress-webapp/ipress.htm?action=mostrarVer&idipress=00028950"}},{"type":"Feature","geometry":{"type":"Point","coordinates":[-75.21719609999997,-12.057294699999943]},"properties":{"objectid":21879,"nombre":"GHEMO LAB SERVICIOS MEDICOS","departamento":"JUNIN","provincia":"HUANCAYO","distrito":"EL TAMBO","institucion":"PRIVADO","codigoMinsa":7951,"direccion":"CALLE CALLE REAL Nº 988 DISTRITO EL TAMBO PROVINCIA HUANCAYO DEPARTAMENTO JUNIN","disa":"JUNIN","red":"NO PERTENECE A NINGUNA RED","microrred":"NO PERTENECE A NINGUNA MICRORED","categoria":"SERVICIO MÉDICO DE APOYO","condicion":"ACTIVO","actualizado":"2023/08/01 19:00:00.000","fuente":"MINSA","urlRenipr":"http://app20.susalud.gob.pe:8080/registro-renipress-webapp/ipress.htm?action=mostrarVer&idipress=00007951"}},{"type":"Feature","geometry":{"type":"Point","coordinates":[-75.20371495999996,-12.058685989999958]},"properties":{"objectid":22316,"nombre":"CLINICA DENTAL ACOSTA","departamento":"JUNIN","provincia":"HUANCAYO","distrito":"HUANCAYO","institucion":"PRIVADO","codigoMinsa":28851,"direccion":"AVENIDA LEANDRA TORRES 237 A CUADRA Y MEDIA DEL PARQUE TUPAC HUANCAYO HUANCAYO JUNIN","disa":"JUNIN","red":"NO PERTENECE A NINGUNA RED","microrred":"NO PERTENECE A NINGUNA MICRORED","categoria":"ESTABLECIMIENTO DE SALUD SIN INTERNAMIENTO","condicion":"ACTIVO","actualizado":"2023/08/01 19:00:00.000","fuente":"MINSA","urlRenipr":"http://app20.susalud.gob.pe:8080/registro-renipress-webapp/ipress.htm?action=mostrarVer&idipress=00028851"}},{"type":"Feature","geometry":{"type":"Point","coordinates":[-74.08109047999994,-12.161103709999963]},"properties":{"objectid":22352,"nombre":"TUNONTUARI RIO ENE","departamento":"JUNIN","provincia":"SATIPO","distrito":"VIZCATAN DEL ENE","institucion":"GOBIERNO REGIONAL","codigoMinsa":512,"direccion":"OTROS COMUNIDAD DE TUNONTUARI NÚMERO SN DISTRITO VIZCATAN DEL ENE PROVINCIA SATIPO DEPARTAMENTO JUNIN","disa":"JUNIN","red":"SATIPO","microrred":"VALLE ESMERALDA","categoria":"ESTABLECIMIENTO DE SALUD SIN INTERNAMIENTO","condicion":"ACTIVO","actualizado":"2023/08/01 19:00:00.000","fuente":"MINSA","urlRenipr":"http://app20.susalud.gob.pe:8080/registro-renipress-webapp/ipress.htm?action=mostrarVer&idipress=00000512"}},{"type":"Feature","geometry":{"type":"Point","coordinates":[-74.62767411999994,-11.29068019999994]},"properties":{"objectid":22353,"nombre":"COVIRIALI","departamento":"JUNIN","provincia":"SATIPO","distrito":"COVIRIALI","institucion":"GOBIERNO REGIONAL","codigoMinsa":485,"direccion":"PLAZA PLAZA PRINCIPAL S/N - CENTRO POBLADO COVIRIALI NÚMERO S/N DISTRITO COVIRIALI PROVINCIA SATIPO DEPARTAMENTO JUNIN","disa":"JUNIN","red":"SATIPO","microrred":"RIO NEGRO-SATIPO","categoria":"ESTABLECIMIENTO DE SALUD SIN INTERNAMIENTO","condicion":"ACTIVO","actualizado":"2023/08/01 19:00:00.000","fuente":"MINSA","urlRenipr":"http://app20.susalud.gob.pe:8080/registro-renipress-webapp/ipress.htm?action=mostrarVer&idipress=00000485"}},{"type":"Feature","geometry":{"type":"Point","coordinates":[-74.52932580999999,-11.058270469999968]},"properties":{"objectid":22355,"nombre":"MIGUEL GRAU","departamento":"JUNIN","provincia":"SATIPO","distrito":"RIO NEGRO","institucion":"GOBIERNO REGIONAL","codigoMinsa":13862,"direccion":"OTROS CENTRO POBLADO MIGUEL GRAU DISTRITO RIO NEGRO PROVINCIA SATIPO DEPARTAMENTO JUNIN","disa":"JUNIN","red":"SATIPO","microrred":"RIO NEGRO-SATIPO","categoria":"ESTABLECIMIENTO DE SALUD SIN INTERNAMIENTO","condicion":"ACTIVO","actualizado":"2023/08/01 19:00:00.000","fuente":"MINSA","urlRenipr":"http://app20.susalud.gob.pe:8080/registro-renipress-webapp/ipress.htm?action=mostrarVer&idipress=00013862"}},{"type":"Feature","geometry":{"type":"Point","coordinates":[-74.52505355999995,-11.002379259999941]},"properties":{"objectid":22356,"nombre":"CHONTAKIARI","departamento":"JUNIN","provincia":"SATIPO","distrito":"RIO TAMBO","institucion":"GOBIERNO REGIONAL","codigoMinsa":6877,"direccion":"OTROS COMUNIDAD NATIVA CHANTAKIARI NÚMERO S/N DISTRITO RIO TAMBO PROVINCIA SATIPO DEPARTAMENTO JUNIN","disa":"JUNIN","red":"SATIPO","microrred":"RIO NEGRO-SATIPO","categoria":"ESTABLECIMIENTO DE SALUD SIN INTERNAMIENTO","condicion":"ACTIVO","actualizado":"2023/08/01 19:00:00.000","fuente":"MINSA","urlRenipr":"http://app20.susalud.gob.pe:8080/registro-renipress-webapp/ipress.htm?action=mostrarVer&idipress=00006877"}},{"type":"Feature","geometry":{"type":"Point","coordinates":[-74.74711628999995,-11.04499635999997]},"properties":{"objectid":22357,"nombre":"PUENTE IPOKI","departamento":"JUNIN","provincia":"SATIPO","distrito":"RIO NEGRO","institucion":"GOBIERNO REGIONAL","codigoMinsa":499,"direccion":"OTROS COMUNIDAD NATIVA BOCA CHENI DISTRITO RIO NEGRO PROVINCIA SATIPO DEPARTAMENTO JUNIN","disa":"JUNIN","red":"SATIPO","microrred":"RIO NEGRO-SATIPO","categoria":"ESTABLECIMIENTO DE SALUD SIN INTERNAMIENTO","condicion":"ACTIVO","actualizado":"2023/08/01 19:00:00.000","fuente":"MINSA","urlRenipr":"http://app20.susalud.gob.pe:8080/registro-renipress-webapp/ipress.htm?action=mostrarVer&idipress=00000499"}},{"type":"Feature","geometry":{"type":"Point","coordinates":[-74.58572718999994,-11.119724559999952]},"properties":{"objectid":22358,"nombre":"ALTO PAURELI","departamento":"JUNIN","provincia":"SATIPO","distrito":"SATIPO","institucion":"GOBIERNO REGIONAL","codigoMinsa":484,"direccion":"OTROS CENTRO POBLADO DE ALTO PAURELI NÚMERO S/N DISTRITO SATIPO PROVINCIA SATIPO DEPARTAMENTO JUNIN","disa":"JUNIN","red":"SATIPO","microrred":"RIO NEGRO-SATIPO","categoria":"ESTABLECIMIENTO DE SALUD SIN INTERNAMIENTO","condicion":"ACTIVO","actualizado":"2023/08/01 19:00:00.000","fuente":"MINSA","urlRenipr":"http://app20.susalud.gob.pe:8080/registro-renipress-webapp/ipress.htm?action=mostrarVer&idipress=00000484"}},{"type":"Feature","geometry":{"type":"Point","coordinates":[-74.75911015999998,-11.21200873999993]},"properties":{"objectid":22359,"nombre":"RIO VENADO","departamento":"JUNIN","provincia":"SATIPO","distrito":"SATIPO","institucion":"GOBIERNO REGIONAL","codigoMinsa":478,"direccion":"OTROS COMUNIDAD RIO VENADO DISTRITO SATIPO PROVINCIA SATIPO DEPARTAMENTO JUNIN","disa":"JUNIN","red":"SATIPO","microrred":"RIO NEGRO-SATIPO","categoria":"ESTABLECIMIENTO DE SALUD SIN INTERNAMIENTO","condicion":"ACTIVO","actualizado":"2023/08/01 19:00:00.000","fuente":"MINSA","urlRenipr":"http://app20.susalud.gob.pe:8080/registro-renipress-webapp/ipress.htm?action=mostrarVer&idipress=00000478"}},{"type":"Feature","geometry":{"type":"Point","coordinates":[-76.46097059999994,-11.223414999999932]},"properties":{"objectid":22426,"nombre":"POSTA MEDICA UNIDAD DE ALPAMARCA","departamento":"JUNIN","provincia":"YAULI","distrito":"SANTA BARBARA DE CARHUACAYAN","institucion":"PRIVADO","codigoMinsa":25665,"direccion":"OTROS UNIDAD MINERA ALPAMARCA VOLCAN DISTRITO SANTA BARBARA DE CARHUACAYAN PROVINCIA YAULI DEPARTAMENTO JUNIN","disa":"JUNIN","red":"NO PERTENECE A NINGUNA RED","microrred":"NO PERTENECE A NINGUNA MICRORED","categoria":"ESTABLECIMIENTO DE SALUD SIN INTERNAMIENTO","condicion":"ACTIVO","actualizado":"2023/08/01 19:00:00.000","fuente":"MINSA","urlRenipr":"http://app20.susalud.gob.pe:8080/registro-renipress-webapp/ipress.htm?action=mostrarVer&idipress=00025665"}},{"type":"Feature","geometry":{"type":"Point","coordinates":[-75.21289959999996,-12.027216499999952]},"properties":{"objectid":22472,"nombre":"SELE DENT","departamento":"JUNIN","provincia":"HUANCAYO","distrito":"EL TAMBO","institucion":"PRIVADO","codigoMinsa":26907,"direccion":"JIRÓN ANTONIO LOBATO NÚMERO 351 PISO 2 DISTRITO EL TAMBO PROVINCIA HUANCAYO DEPARTAMENTO JUNIN","disa":"JUNIN","red":"NO PERTENECE A NINGUNA RED","microrred":"NO PERTENECE A NINGUNA MICRORED","categoria":"ESTABLECIMIENTO DE SALUD SIN INTERNAMIENTO","condicion":"ACTIVO","actualizado":"2023/08/01 19:00:00.000","fuente":"MINSA","urlRenipr":"http://app20.susalud.gob.pe:8080/registro-renipress-webapp/ipress.htm?action=mostrarVer&idipress=00026907"}},{"type":"Feature","geometry":{"type":"Point","coordinates":[-75.92992982999994,-11.543752139999981]},"properties":{"objectid":22488,"nombre":"HOSPITAL II ALBERTO HURTADO ABADIA - LA OROYA","departamento":"JUNIN","provincia":"YAULI","distrito":"SANTA ROSA DE SACCO","institucion":"ESSALUD","codigoMinsa":8653,"direccion":"AVENIDA AVENIDA MIGUEL GRAU Nº 1250 DISTRITO SANTA ROSA DE SACCO PROVINCIA YAULI DEPARTAMENTO JUNIN","disa":"JUNIN","red":"JUNIN","microrred":"","categoria":"ESTABLECIMIENTO DE SALUD CON INTERNAMIENTO","condicion":"ACTIVO","actualizado":"2023/08/01 19:00:00.000","fuente":"MINSA","urlRenipr":"http://app20.susalud.gob.pe:8080/registro-renipress-webapp/ipress.htm?action=mostrarVer&idipress=00008653"}},{"type":"Feature","geometry":{"type":"Point","coordinates":[-74.65836054999994,-11.207560439999952]},"properties":{"objectid":22499,"nombre":"HOSPITAL I RIO NEGRO - SATIPO","departamento":"JUNIN","provincia":"SATIPO","distrito":"RIO NEGRO","institucion":"ESSALUD","codigoMinsa":8658,"direccion":"JIRÓN JIRON HEROES DEL CENEPA S/N 2DA. CIUADRA - RIO NEGRO NÚMERO S/N DISTRITO RIO NEGRO PROVINCIA SATIPO DEPARTAMENTO JUNIN","disa":"JUNIN","red":"JUNIN","microrred":"","categoria":"ESTABLECIMIENTO DE SALUD CON INTERNAMIENTO","condicion":"ACTIVO","actualizado":"2023/08/01 19:00:00.000","fuente":"MINSA","urlRenipr":"http://app20.susalud.gob.pe:8080/registro-renipress-webapp/ipress.htm?action=mostrarVer&idipress=00008658"}},{"type":"Feature","geometry":{"type":"Point","coordinates":[-75.31824116999996,-11.922499199999947]},"properties":{"objectid":22514,"nombre":"CENTRO MEDICO CONCEPCIÓN","departamento":"JUNIN","provincia":"CONCEPCION","distrito":"CONCEPCION","institucion":"ESSALUD","codigoMinsa":8668,"direccion":"JIRÓN JIRON JUNÍN Nº 1101 DISTRITO CONCEPCION PROVINCIA CONCEPCION DEPARTAMENTO JUNIN","disa":"JUNIN","red":"NO PERTENECE A NINGUNA RED","microrred":"NO PERTENECE A NINGUNA MICRORED","categoria":"ESTABLECIMIENTO DE SALUD SIN INTERNAMIENTO","condicion":"ACTIVO","actualizado":"2023/08/01 19:00:00.000","fuente":"MINSA","urlRenipr":"http://app20.susalud.gob.pe:8080/registro-renipress-webapp/ipress.htm?action=mostrarVer&idipress=00008668"}},{"type":"Feature","geometry":{"type":"Point","coordinates":[-75.29295865999995,-12.307415339999977]},"properties":{"objectid":22549,"nombre":"CHONGOS ALTO","departamento":"JUNIN","provincia":"HUANCAYO","distrito":"CHONGOS ALTO","institucion":"GOBIERNO REGIONAL","codigoMinsa":700,"direccion":"AVENIDA AV. HUANCAYO S/N CARRETERA CENTRAL S/N AV. HUANCAYO S/N CARRETERA CENTRAL CHONGOS ALTO HUANCAYO JUNIN","disa":"JUNIN","red":"RED DE SALUD CHUPACA","microrred":"VALLE DEL CANIPACO","categoria":"ESTABLECIMIENTO DE SALUD SIN INTERNAMIENTO","condicion":"ACTIVO","actualizado":"2023/08/01 19:00:00.000","fuente":"MINSA","urlRenipr":"http://app20.susalud.gob.pe:8080/registro-renipress-webapp/ipress.htm?action=mostrarVer&idipress=00000700"}},{"type":"Feature","geometry":{"type":"Point","coordinates":[-75.53677994999998,-12.085564879999936]},"properties":{"objectid":22550,"nombre":"SAN JOSE DE QUERO","departamento":"JUNIN","provincia":"CONCEPCION","distrito":"SAN JOSE DE QUERO","institucion":"GOBIERNO REGIONAL","codigoMinsa":641,"direccion":"JIRÓN JR. HIPOLITO HUNANUE S/N S/N JR. HIPOLITO HUNANUE S/N SAN JOSE DE QUERO CONCEPCION JUNIN","disa":"JUNIN","red":"RED DE SALUD CHUPACA","microrred":"CHAQUICOCHA","categoria":"ESTABLECIMIENTO DE SALUD SIN INTERNAMIENTO","condicion":"ACTIVO","actualizado":"2023/08/01 19:00:00.000","fuente":"MINSA","urlRenipr":"http://app20.susalud.gob.pe:8080/registro-renipress-webapp/ipress.htm?action=mostrarVer&idipress=00000641"}},{"type":"Feature","geometry":{"type":"Point","coordinates":[-75.20701929999996,-12.082730799999979]},"properties":{"objectid":22582,"nombre":"BREVETMEDIC SAN MARTIN","departamento":"JUNIN","provincia":"HUANCAYO","distrito":"CHILCA","institucion":"PRIVADO","codigoMinsa":7961,"direccion":"AVENIDA AVENIDA ARTERIAL Nº 454 DISTRITO CHILCA PROVINCIA HUANCAYO DEPARTAMENTO JUNIN","disa":"","red":"","microrred":"","categoria":"ESTABLECIMIENTO DE SALUD SIN INTERNAMIENTO","condicion":"RETIRO VOLUNTARIO","actualizado":"2023/08/01 19:00:00.000","fuente":"MINSA","urlRenipr":"http://app20.susalud.gob.pe:8080/registro-renipress-webapp/ipress.htm?action=mostrarVer&idipress=00007961"}},{"type":"Feature","geometry":{"type":"Point","coordinates":[-75.20666543999994,-12.08277266999994]},"properties":{"objectid":22583,"nombre":"BREVETMEDIC BECAN","departamento":"JUNIN","provincia":"HUANCAYO","distrito":"CHILCA","institucion":"PRIVADO","codigoMinsa":21427,"direccion":"AVENIDA AV.ARTERIAL 469 DISTRITO CHILCA PROVINCIA HUANCAYO DEPARTAMENTO JUNIN","disa":"","red":"","microrred":"","categoria":"ESTABLECIMIENTO DE SALUD SIN INTERNAMIENTO","condicion":"RETIRO VOLUNTARIO","actualizado":"2023/08/01 19:00:00.000","fuente":"MINSA","urlRenipr":"http://app20.susalud.gob.pe:8080/registro-renipress-webapp/ipress.htm?action=mostrarVer&idipress=00021427"}},{"type":"Feature","geometry":{"type":"Point","coordinates":[-75.33492698999999,-11.577583739999966]},"properties":{"objectid":22892,"nombre":"CURIMARCA","departamento":"JUNIN","provincia":"JAUJA","distrito":"MOLINOS","institucion":"GOBIERNO REGIONAL","codigoMinsa":399,"direccion":"PLAZA PLAZA CENTRAL CURIMARCA DISTRITO MOLINOS PROVINCIA JAUJA DEPARTAMENTO JUNIN","disa":"JUNIN","red":"JAUJA","microrred":"VALLE AZUL","categoria":"ESTABLECIMIENTO DE SALUD SIN INTERNAMIENTO","condicion":"ACTIVO","actualizado":"2023/08/01 19:00:00.000","fuente":"MINSA","urlRenipr":"http://app20.susalud.gob.pe:8080/registro-renipress-webapp/ipress.htm?action=mostrarVer&idipress=00000399"}},{"type":"Feature","geometry":{"type":"Point","coordinates":[-75.20764806999995,-12.073039519999952]},"properties":{"objectid":22757,"nombre":"CONSULTORIO ODONTOLOGICO NUEVA SONRISA","departamento":"JUNIN","provincia":"HUANCAYO","distrito":"HUANCAYO","institucion":"PRIVADO","codigoMinsa":27019,"direccion":"CALLE REAL N?ERO 1049 PISO 2 DEPARTAMENTO 201 DISTRITO HUANCAYO PROVINCIA HUANCAYO DEPARTAMENTO JUNIN","disa":"JUNIN","red":"NO PERTENECE A NINGUNA RED","microrred":"NO PERTENECE A NINGUNA MICRORED","categoria":"ESTABLECIMIENTO DE SALUD SIN INTERNAMIENTO","condicion":"ACTIVO","actualizado":"2023/08/01 19:00:00.000","fuente":"MINSA","urlRenipr":"http://app20.susalud.gob.pe:8080/registro-renipress-webapp/ipress.htm?action=mostrarVer&idipress=00027019"}},{"type":"Feature","geometry":{"type":"Point","coordinates":[-74.75391228999996,-11.040736839999965]},"properties":{"objectid":22806,"nombre":"LAS PALMAS","departamento":"JUNIN","provincia":"CHANCHAMAYO","distrito":"PICHANAQUI","institucion":"GOBIERNO REGIONAL","codigoMinsa":344,"direccion":"AVENIDA AV. 28 DE JULIO S/N NÚMERO S/N DISTRITO PICHANAQUI PROVINCIA CHANCHAMAYO DEPARTAMENTO JUNIN","disa":"JUNIN","red":"PICHANAKI","microrred":"LAS PALMAS","categoria":"ESTABLECIMIENTO DE SALUD SIN INTERNAMIENTO","condicion":"ACTIVO","actualizado":"2023/08/01 19:00:00.000","fuente":"MINSA","urlRenipr":"http://app20.susalud.gob.pe:8080/registro-renipress-webapp/ipress.htm?action=mostrarVer&idipress=00000344"}},{"type":"Feature","geometry":{"type":"Point","coordinates":[-75.03434125999996,-11.699692389999939]},"properties":{"objectid":22865,"nombre":"CANCHAPALCA","departamento":"JUNIN","provincia":"CONCEPCION","distrito":"COMAS","institucion":"GOBIERNO REGIONAL","codigoMinsa":679,"direccion":"OTROS ACTUALIZAR DISTRITO COMAS PROVINCIA CONCEPCION DEPARTAMENTO JUNIN","disa":"JUNIN","red":"VALLE DEL MANTARO","microrred":"COMAS","categoria":"ESTABLECIMIENTO DE SALUD SIN INTERNAMIENTO","condicion":"ACTIVO","actualizado":"2023/08/01 19:00:00.000","fuente":"MINSA","urlRenipr":"http://app20.susalud.gob.pe:8080/registro-renipress-webapp/ipress.htm?action=mostrarVer&idipress=00000679"}},{"type":"Feature","geometry":{"type":"Point","coordinates":[-75.09947684999997,-11.662888589999966]},"properties":{"objectid":22866,"nombre":"COCHAS","departamento":"JUNIN","provincia":"CONCEPCION","distrito":"COCHAS","institucion":"GOBIERNO REGIONAL","codigoMinsa":676,"direccion":"OTROS ACTUALIZAR DISTRITO COCHAS PROVINCIA CONCEPCION DEPARTAMENTO JUNIN","disa":"JUNIN","red":"VALLE DEL MANTARO","microrred":"COMAS","categoria":"ESTABLECIMIENTO DE SALUD SIN INTERNAMIENTO","condicion":"ACTIVO","actualizado":"2023/08/01 19:00:00.000","fuente":"MINSA","urlRenipr":"http://app20.susalud.gob.pe:8080/registro-renipress-webapp/ipress.htm?action=mostrarVer&idipress=00000676"}},{"type":"Feature","geometry":{"type":"Point","coordinates":[-75.20756588999996,-12.064893139999981]},"properties":{"objectid":22877,"nombre":"POLICLINICO POLICIAL HUANCAYO ENRIQUE TORRES GONZALES","departamento":"JUNIN","provincia":"HUANCAYO","distrito":"HUANCAYO","institucion":"SANIDAD DE LA POLICIA NACIONAL DEL PERU","codigoMinsa":10710,"direccion":"JIRÓN JR CUZCO Nº 120 DISTRITO HUANCAYO PROVINCIA HUANCAYO DEPARTAMENTO JUNIN","disa":"JUNIN","red":"NO PERTENECE A NINGUNA RED","microrred":"NO PERTENECE A NINGUNA MICRORED","categoria":"ESTABLECIMIENTO DE SALUD SIN INTERNAMIENTO","condicion":"ACTIVO","actualizado":"2023/08/01 19:00:00.000","fuente":"MINSA","urlRenipr":"http://app20.susalud.gob.pe:8080/registro-renipress-webapp/ipress.htm?action=mostrarVer&idipress=00010710"}},{"type":"Feature","geometry":{"type":"Point","coordinates":[-75.50810999999999,-11.852014999999938]},"properties":{"objectid":22893,"nombre":"PACCHA MIRAFLORES","departamento":"JUNIN","provincia":"JAUJA","distrito":"PACCHA","institucion":"GOBIERNO REGIONAL","codigoMinsa":371,"direccion":"CALLE CALLE SANCHEZ CERRO S/N BARRIO SEGUNDO NÚMERO S/N DISTRITO PACCHA PROVINCIA JAUJA DEPARTAMENTO JUNIN","disa":"JUNIN","red":"JAUJA","microrred":"HATUN XAUXA","categoria":"ESTABLECIMIENTO DE SALUD SIN INTERNAMIENTO","condicion":"ACTIVO","actualizado":"2023/08/01 19:00:00.000","fuente":"MINSA","urlRenipr":"http://app20.susalud.gob.pe:8080/registro-renipress-webapp/ipress.htm?action=mostrarVer&idipress=00000371"}},{"type":"Feature","geometry":{"type":"Point","coordinates":[-75.42607537999999,-11.786967079999954]},"properties":{"objectid":22887,"nombre":"MASMA","departamento":"JUNIN","provincia":"JAUJA","distrito":"MASMA","institucion":"GOBIERNO REGIONAL","codigoMinsa":394,"direccion":"CALLE CALLE LA VICTORIA S/N - CUARTEL PRIMERO NÚMERO S/N DISTRITO MASMA PROVINCIA JAUJA DEPARTAMENTO JUNIN","disa":"JUNIN","red":"JAUJA","microrred":"VALLE AZUL","categoria":"ESTABLECIMIENTO DE SALUD SIN INTERNAMIENTO","condicion":"ACTIVO","actualizado":"2023/08/01 19:00:00.000","fuente":"MINSA","urlRenipr":"http://app20.susalud.gob.pe:8080/registro-renipress-webapp/ipress.htm?action=mostrarVer&idipress=00000394"}},{"type":"Feature","geometry":{"type":"Point","coordinates":[-75.49974832999999,-11.780744999999968]},"properties":{"objectid":22888,"nombre":"YAUYOS","departamento":"JUNIN","provincia":"JAUJA","distrito":"YAUYOS","institucion":"GOBIERNO REGIONAL","codigoMinsa":377,"direccion":"JIRÓN 20 DE ENERO NÚMERO 108 DISTRITO YAUYOS PROVINCIA JAUJA DEPARTAMENTO JUNIN","disa":"JUNIN","red":"JAUJA","microrred":"HATUN XAUXA","categoria":"ESTABLECIMIENTO DE SALUD SIN INTERNAMIENTO","condicion":"ACTIVO","actualizado":"2023/08/01 19:00:00.000","fuente":"MINSA","urlRenipr":"http://app20.susalud.gob.pe:8080/registro-renipress-webapp/ipress.htm?action=mostrarVer&idipress=00000377"}},{"type":"Feature","geometry":{"type":"Point","coordinates":[-75.42471137999996,-11.806733569999949]},"properties":{"objectid":22889,"nombre":"HUAMALI","departamento":"JUNIN","provincia":"JAUJA","distrito":"HUAMALI","institucion":"GOBIERNO REGIONAL","codigoMinsa":415,"direccion":"JIRÓN JR. JUNIN S/N NÚMERO S/N DISTRITO HUAMALI PROVINCIA JAUJA DEPARTAMENTO JUNIN","disa":"JUNIN","red":"JAUJA","microrred":"MARGEN IZQUIERDA","categoria":"ESTABLECIMIENTO DE SALUD SIN INTERNAMIENTO","condicion":"ACTIVO","actualizado":"2023/08/01 19:00:00.000","fuente":"MINSA","urlRenipr":"http://app20.susalud.gob.pe:8080/registro-renipress-webapp/ipress.htm?action=mostrarVer&idipress=00000415"}},{"type":"Feature","geometry":{"type":"Point","coordinates":[-75.93782264999999,-11.78909576999996]},"properties":{"objectid":22890,"nombre":"SUITUCANCHA","departamento":"JUNIN","provincia":"YAULI","distrito":"SUITUCANCHA","institucion":"GOBIERNO REGIONAL","codigoMinsa":431,"direccion":"CALLE CALLE LOS ANDES S/N NÚMERO S/N DISTRITO SUITUCANCHA PROVINCIA YAULI DEPARTAMENTO JUNIN","disa":"JUNIN","red":"JAUJA","microrred":"YAULI-OROYA","categoria":"ESTABLECIMIENTO DE SALUD SIN INTERNAMIENTO","condicion":"ACTIVO","actualizado":"2023/08/01 19:00:00.000","fuente":"MINSA","urlRenipr":"http://app20.susalud.gob.pe:8080/registro-renipress-webapp/ipress.htm?action=mostrarVer&idipress=00000431"}},{"type":"Feature","geometry":{"type":"Point","coordinates":[-75.38937348999997,-11.82793904999994]},"properties":{"objectid":22891,"nombre":"EL MANTARO","departamento":"JUNIN","provincia":"JAUJA","distrito":"EL MANTARO","institucion":"GOBIERNO REGIONAL","codigoMinsa":414,"direccion":"AVENIDA AV. 28 DE JULIO S/N BARRIO CHUAPIMARCA NÚMERO S/N DISTRITO EL MANTARO PROVINCIA JAUJA DEPARTAMENTO JUNIN","disa":"JUNIN","red":"JAUJA","microrred":"MARGEN IZQUIERDA","categoria":"ESTABLECIMIENTO DE SALUD SIN INTERNAMIENTO","condicion":"ACTIVO","actualizado":"2023/08/01 19:00:00.000","fuente":"MINSA","urlRenipr":"http://app20.susalud.gob.pe:8080/registro-renipress-webapp/ipress.htm?action=mostrarVer&idipress=00000414"}},{"type":"Feature","geometry":{"type":"Point","coordinates":[-75.20496119999996,-12.065669299999968]},"properties":{"objectid":22939,"nombre":"Medilaser Perú","departamento":"JUNIN","provincia":"HUANCAYO","distrito":"HUANCAYO","institucion":"PRIVADO","codigoMinsa":30168,"direccion":"AVENIDA GIRALDEZ NÚMERO 528 URBANIZACIÓN CERCADO HUANCAYO DISTRITO HUANCAYO PROVINCIA HUANCAYO DEPARTAMENTO JUNIN","disa":"","red":"","microrred":"","categoria":"ESTABLECIMIENTO DE SALUD SIN INTERNAMIENTO","condicion":"RETIRO VOLUNTARIO","actualizado":"2023/08/01 19:00:00.000","fuente":"MINSA","urlRenipr":"http://app20.susalud.gob.pe:8080/registro-renipress-webapp/ipress.htm?action=mostrarVer&idipress=00030168"}},{"type":"Feature","geometry":{"type":"Point","coordinates":[-75.32109869999994,-11.051471299999946]},"properties":{"objectid":22993,"nombre":"CENTRO MEDICO DEL BATALLON DE INGENIERIA DE CONSTRUCCION \"OLLANTAYTAMBO\" Nº 3","departamento":"JUNIN","provincia":"CHANCHAMAYO","distrito":"CHANCHAMAYO","institucion":"SANIDAD DEL EJERCITO DEL PERU","codigoMinsa":18845,"direccion":"CALLE CALLE PEDRO RUIZ GALLO S/N URB. SAN CARLOS NÚMERO S/N DISTRITO CHANCHAMAYO PROVINCIA CHANCHAMAYO DEPARTAMENTO JUNIN","disa":"JUNIN","red":"NO PERTENECE A NINGUNA RED","microrred":"NO PERTENECE A NINGUNA MICRORED","categoria":"ESTABLECIMIENTO DE SALUD SIN INTERNAMIENTO","condicion":"ACTIVO","actualizado":"2023/08/01 19:00:00.000","fuente":"MINSA","urlRenipr":"http://app20.susalud.gob.pe:8080/registro-renipress-webapp/ipress.htm?action=mostrarVer&idipress=00018845"}},{"type":"Feature","geometry":{"type":"Point","coordinates":[-75.28582079999995,-12.056152199999929]},"properties":{"objectid":23128,"nombre":"CONSULTORIO MEDICO EMANUEL","departamento":"JUNIN","provincia":"CHUPACA","distrito":"CHUPACA","institucion":"PRIVADO","codigoMinsa":28675,"direccion":"JIRÓN BRUNO TERREROS N?ERO 630 DISTRITO CHUPACA PROVINCIA CHUPACA DEPARTAMENTO JUNIN","disa":"","red":"","microrred":"","categoria":"ESTABLECIMIENTO DE SALUD SIN INTERNAMIENTO","condicion":"RUC INACTIVO EN SUNAT","actualizado":"2023/08/01 19:00:00.000","fuente":"MINSA","urlRenipr":"http://app20.susalud.gob.pe:8080/registro-renipress-webapp/ipress.htm?action=mostrarVer&idipress=00028675"}},{"type":"Feature","geometry":{"type":"Point","coordinates":[-75.20750260999995,-12.070799609999938]},"properties":{"objectid":23167,"nombre":"CENTRO ÓPTICO LA LUZ","departamento":"JUNIN","provincia":"HUANCAYO","distrito":"HUANCAYO","institucion":"PRIVADO","codigoMinsa":25289,"direccion":"JIRÓN ANCASH NÚMERO 827 DISTRITO HUANCAYO PROVINCIA HUANCAYO DEPARTAMENTO JUNIN","disa":"JUNIN","red":"NO PERTENECE A NINGUNA RED","microrred":"NO PERTENECE A NINGUNA MICRORED","categoria":"SERVICIO MÉDICO DE APOYO","condicion":"ACTIVO","actualizado":"2023/08/01 19:00:00.000","fuente":"MINSA","urlRenipr":"http://app20.susalud.gob.pe:8080/registro-renipress-webapp/ipress.htm?action=mostrarVer&idipress=00025289"}},{"type":"Feature","geometry":{"type":"Point","coordinates":[-75.20404256999996,-12.086644109999952]},"properties":{"objectid":23191,"nombre":"CENTRO MEDICO ESPECIALIZADO DEL RIÑON","departamento":"JUNIN","provincia":"HUANCAYO","distrito":"CHILCA","institucion":"PRIVADO","codigoMinsa":25778,"direccion":"PASAJE SANTA MARIA NÚMERO 125 DISTRITO CHILCA PROVINCIA HUANCAYO DEPARTAMENTO JUNIN","disa":"JUNIN","red":"","microrred":"NO PERTENECE A NINGUNA MICRORED","categoria":"SERVICIO MÉDICO DE APOYO","condicion":"ACTIVO","actualizado":"2023/08/01 19:00:00.000","fuente":"MINSA","urlRenipr":"http://app20.susalud.gob.pe:8080/registro-renipress-webapp/ipress.htm?action=mostrarVer&idipress=00025778"}},{"type":"Feature","geometry":{"type":"Point","coordinates":[-75.21032965999996,-12.069666509999934]},"properties":{"objectid":23332,"nombre":"ECONO ROMA","departamento":"JUNIN","provincia":"HUANCAYO","distrito":"HUANCAYO","institucion":"PRIVADO","codigoMinsa":25486,"direccion":"JIRÓN LIMA NÚMERO 370 PISO 1 DISTRITO HUANCAYO PROVINCIA HUANCAYO DEPARTAMENTO JUNIN","disa":"JUNIN","red":"NO PERTENECE A NINGUNA RED","microrred":"NO PERTENECE A NINGUNA MICRORED","categoria":"SERVICIO MÉDICO DE APOYO","condicion":"ACTIVO","actualizado":"2023/08/01 19:00:00.000","fuente":"MINSA","urlRenipr":"http://app20.susalud.gob.pe:8080/registro-renipress-webapp/ipress.htm?action=mostrarVer&idipress=00025486"}},{"type":"Feature","geometry":{"type":"Point","coordinates":[-75.19246772999998,-12.04010822999993]},"properties":{"objectid":23428,"nombre":"POLICLINICO DOCENTE UNIVERSITARIO","departamento":"JUNIN","provincia":"HUANCAYO","distrito":"HUANCAYO","institucion":"PRIVADO","codigoMinsa":17995,"direccion":"AVENIDA AV. CALMELL DEL SOLAR S/N - URB. CHORRILLOS NÚMERO S/N DISTRITO HUANCAYO PROVINCIA HUANCAYO DEPARTAMENTO JUNIN","disa":"JUNIN","red":"NO PERTENECE A NINGUNA RED","microrred":"NO PERTENECE A NINGUNA MICRORED","categoria":"ESTABLECIMIENTO DE SALUD SIN INTERNAMIENTO","condicion":"ACTIVO","actualizado":"2023/08/01 19:00:00.000","fuente":"MINSA","urlRenipr":"http://app20.susalud.gob.pe:8080/registro-renipress-webapp/ipress.htm?action=mostrarVer&idipress=00017995"}},{"type":"Feature","geometry":{"type":"Point","coordinates":[-75.33952829999998,-11.06998699999997]},"properties":{"objectid":23472,"nombre":"CONSULTORIO MEDICO PEDIATRICO","departamento":"JUNIN","provincia":"CHANCHAMAYO","distrito":"CHANCHAMAYO","institucion":"PRIVADO","codigoMinsa":27076,"direccion":"CALLE LA PAZ NÚMERO S/N PISO 1 MANZANA C LOTE 4 URBANIZACIÓN LAS LOMAS DISTRITO CHANCHAMAYO PROVINCIA CHANCHAMAYO DEPARTAMENTO JUNIN","disa":"JUNIN","red":"NO PERTENECE A NINGUNA RED","microrred":"NO PERTENECE A NINGUNA MICRORED","categoria":"ESTABLECIMIENTO DE SALUD SIN INTERNAMIENTO","condicion":"ACTIVO","actualizado":"2023/08/01 19:00:00.000","fuente":"MINSA","urlRenipr":"http://app20.susalud.gob.pe:8080/registro-renipress-webapp/ipress.htm?action=mostrarVer&idipress=00027076"}},{"type":"Feature","geometry":{"type":"Point","coordinates":[-75.71666736999998,-11.370604729999968]},"properties":{"objectid":23483,"nombre":"UCHURACRA","departamento":"JUNIN","provincia":"TARMA","distrito":"LA UNION","institucion":"GOBIERNO REGIONAL","codigoMinsa":600,"direccion":"OTROS POBLADO UCHURRACRA DISTRITO LA UNION PROVINCIA TARMA DEPARTAMENTO JUNIN","disa":"JUNIN","red":"TARMA","microrred":"TARMA","categoria":"ESTABLECIMIENTO DE SALUD SIN INTERNAMIENTO","condicion":"ACTIVO","actualizado":"2023/08/01 19:00:00.000","fuente":"MINSA","urlRenipr":"http://app20.susalud.gob.pe:8080/registro-renipress-webapp/ipress.htm?action=mostrarVer&idipress=00000600"}},{"type":"Feature","geometry":{"type":"Point","coordinates":[-75.21581709999998,-12.057947899999931]},"properties":{"objectid":23549,"nombre":"CONSULTORIO ODONTOLÓGICO STETIC DENT","departamento":"JUNIN","provincia":"HUANCAYO","distrito":"EL TAMBO","institucion":"PRIVADO","codigoMinsa":28858,"direccion":"JIRÓN Nemesio Ráez 180 1 Esquina Av. 13 de Noviembre y Jr. Nemesio Ráez EL TAMBO HUANCAYO JUNIN","disa":"JUNIN","red":"NO PERTENECE A NINGUNA RED","microrred":"NO PERTENECE A NINGUNA MICRORED","categoria":"ESTABLECIMIENTO DE SALUD SIN INTERNAMIENTO","condicion":"ACTIVO","actualizado":"2023/08/01 19:00:00.000","fuente":"MINSA","urlRenipr":"http://app20.susalud.gob.pe:8080/registro-renipress-webapp/ipress.htm?action=mostrarVer&idipress=00028858"}},{"type":"Feature","geometry":{"type":"Point","coordinates":[-75.12549166999997,-10.958383329999947]},"properties":{"objectid":23751,"nombre":"SANTA ROSA TOTERANI","departamento":"JUNIN","provincia":"CHANCHAMAYO","distrito":"PERENE","institucion":"GOBIERNO REGIONAL","codigoMinsa":7319,"direccion":"CARRETERA CARRETERA DE PENETRACION AL ANEXO SANTA ROSA DE TOTERANI DISTRITO PERENE PROVINCIA CHANCHAMAYO DEPARTAMENTO JUNIN","disa":"JUNIN","red":"CHANCHAMAYO","microrred":"PERENE","categoria":"ESTABLECIMIENTO DE SALUD SIN INTERNAMIENTO","condicion":"ACTIVO","actualizado":"2023/08/01 19:00:00.000","fuente":"MINSA","urlRenipr":"http://app20.susalud.gob.pe:8080/registro-renipress-webapp/ipress.htm?action=mostrarVer&idipress=00007319"}},{"type":"Feature","geometry":{"type":"Point","coordinates":[-75.38524453999997,-11.135468099999969]},"properties":{"objectid":23752,"nombre":"PEDREGAL","departamento":"JUNIN","provincia":"CHANCHAMAYO","distrito":"SAN RAMON","institucion":"GOBIERNO REGIONAL","codigoMinsa":357,"direccion":"CARRETERA CARRETERA MARGINAL S/N CONSTADO CONTROL POLICIAL EL PEDREGAL NÚMERO S/N DISTRITO SAN RAMON PROVINCIA CHANCHAMAYO DEPARTAMENTO JUNIN","disa":"JUNIN","red":"CHANCHAMAYO","microrred":"SAN RAMON","categoria":"ESTABLECIMIENTO DE SALUD SIN INTERNAMIENTO","condicion":"ACTIVO","actualizado":"2023/08/01 19:00:00.000","fuente":"MINSA","urlRenipr":"http://app20.susalud.gob.pe:8080/registro-renipress-webapp/ipress.htm?action=mostrarVer&idipress=00000357"}},{"type":"Feature","geometry":{"type":"Point","coordinates":[-74.95636666999997,-10.78247166999995]},"properties":{"objectid":23755,"nombre":"SANTA ROSA DE CAMONASHARI","departamento":"JUNIN","provincia":"CHANCHAMAYO","distrito":"PERENE","institucion":"GOBIERNO REGIONAL","codigoMinsa":334,"direccion":"OTROS ANEXO SANTA ROSA DE CAMONASHARI DISTRITO PERENE PROVINCIA CHANCHAMAYO DEPARTAMENTO JUNIN","disa":"JUNIN","red":"CHANCHAMAYO","microrred":"PERENE","categoria":"ESTABLECIMIENTO DE SALUD SIN INTERNAMIENTO","condicion":"ACTIVO","actualizado":"2023/08/01 19:00:00.000","fuente":"MINSA","urlRenipr":"http://app20.susalud.gob.pe:8080/registro-renipress-webapp/ipress.htm?action=mostrarVer&idipress=00000334"}},{"type":"Feature","geometry":{"type":"Point","coordinates":[-75.33439617999994,-11.210148089999961]},"properties":{"objectid":23756,"nombre":"VITOC","departamento":"JUNIN","provincia":"CHANCHAMAYO","distrito":"VITOC","institucion":"GOBIERNO REGIONAL","codigoMinsa":358,"direccion":"CALLE CALLE CENTENARIO S/N PLAZA PRINCIPAL NÚMERO S/N DISTRITO VITOC PROVINCIA CHANCHAMAYO DEPARTAMENTO JUNIN","disa":"JUNIN","red":"CHANCHAMAYO","microrred":"SAN RAMON","categoria":"ESTABLECIMIENTO DE SALUD SIN INTERNAMIENTO","condicion":"ACTIVO","actualizado":"2023/08/01 19:00:00.000","fuente":"MINSA","urlRenipr":"http://app20.susalud.gob.pe:8080/registro-renipress-webapp/ipress.htm?action=mostrarVer&idipress=00000358"}},{"type":"Feature","geometry":{"type":"Point","coordinates":[-75.21638459999997,-12.070591599999943]},"properties":{"objectid":23807,"nombre":"CLINICA ORTEGA","departamento":"JUNIN","provincia":"HUANCAYO","distrito":"HUANCAYO","institucion":"PRIVADO","codigoMinsa":8858,"direccion":"AVENIDA AV. DANIEL A. CARRION Nº 1124 DISTRITO HUANCAYO PROVINCIA HUANCAYO DEPARTAMENTO JUNIN","disa":"JUNIN","red":"NO PERTENECE A NINGUNA RED","microrred":"NO PERTENECE A NINGUNA MICRORED","categoria":"ESTABLECIMIENTO DE SALUD CON INTERNAMIENTO","condicion":"ACTIVO","actualizado":"2023/08/01 19:00:00.000","fuente":"MINSA","urlRenipr":"http://app20.susalud.gob.pe:8080/registro-renipress-webapp/ipress.htm?action=mostrarVer&idipress=00008858"}},{"type":"Feature","geometry":{"type":"Point","coordinates":[-75.21651252999999,-12.060395649999975]},"properties":{"objectid":23916,"nombre":"H&S OCCUPATIONAL S.A.C.","departamento":"JUNIN","provincia":"HUANCAYO","distrito":"EL TAMBO","institucion":"PRIVADO","codigoMinsa":8181,"direccion":"JIRÓN JIRON AREQUIPA Nº 655 DISTRITO EL TAMBO PROVINCIA HUANCAYO DEPARTAMENTO JUNIN","disa":"JUNIN","red":"NO PERTENECE A NINGUNA RED","microrred":"NO PERTENECE A NINGUNA MICRORED","categoria":"ESTABLECIMIENTO DE SALUD SIN INTERNAMIENTO","condicion":"ACTIVO","actualizado":"2023/08/01 19:00:00.000","fuente":"MINSA","urlRenipr":"http://app20.susalud.gob.pe:8080/registro-renipress-webapp/ipress.htm?action=mostrarVer&idipress=00008181"}},{"type":"Feature","geometry":{"type":"Point","coordinates":[-75.21581709999998,-12.057947899999931]},"properties":{"objectid":24043,"nombre":"CLINICA DENTAL PREMIUM E.I.R.L.","departamento":"JUNIN","provincia":"HUANCAYO","distrito":"EL TAMBO","institucion":"PRIVADO","codigoMinsa":7960,"direccion":"JIRÓN JIRON ALEJANDRO DEUSTUA Nº 755 DISTRITO EL TAMBO PROVINCIA HUANCAYO DEPARTAMENTO JUNIN","disa":"JUNIN","red":"NO PERTENECE A NINGUNA RED","microrred":"NO PERTENECE A NINGUNA MICRORED","categoria":"ESTABLECIMIENTO DE SALUD SIN INTERNAMIENTO","condicion":"ACTIVO","actualizado":"2023/08/01 19:00:00.000","fuente":"MINSA","urlRenipr":"http://app20.susalud.gob.pe:8080/registro-renipress-webapp/ipress.htm?action=mostrarVer&idipress=00007960"}},{"type":"Feature","geometry":{"type":"Point","coordinates":[-75.20451692999995,-12.059974259999933]},"properties":{"objectid":24152,"nombre":"CONSULTORIO ODONTOLOGICO SONRIE CONMIGO","departamento":"JUNIN","provincia":"HUANCAYO","distrito":"HUANCAYO","institucion":"PRIVADO","codigoMinsa":29303,"direccion":"AVENIDA URUGUAY NÚMERO 601 DISTRITO HUANCAYO PROVINCIA HUANCAYO DEPARTAMENTO JUNIN","disa":"JUNIN","red":"","microrred":"","categoria":"ESTABLECIMIENTO DE SALUD SIN INTERNAMIENTO","condicion":"ACTIVO","actualizado":"2023/08/01 19:00:00.000","fuente":"MINSA","urlRenipr":"http://app20.susalud.gob.pe:8080/registro-renipress-webapp/ipress.htm?action=mostrarVer&idipress=00029303"}},{"type":"Feature","geometry":{"type":"Point","coordinates":[-74.43750459999995,-11.451734199999976]},"properties":{"objectid":24360,"nombre":"NAYLAM DE SONOMORO","departamento":"JUNIN","provincia":"SATIPO","distrito":"MAZAMARI - PANGOA","institucion":"GOBIERNO REGIONAL","codigoMinsa":448,"direccion":"OTROS CENTRO POBLADO MAYLAM DE SONOMORO S/N NÚMERO S/N DISTRITO PANGOA PROVINCIA SATIPO DEPARTAMENTO JUNIN","disa":"JUNIN","red":"SAN MARTIN DE PANGOA","microrred":"SAN ANTONIO DE SONOMORO","categoria":"ESTABLECIMIENTO DE SALUD SIN INTERNAMIENTO","condicion":"ACTIVO","actualizado":"2023/08/01 19:00:00.000","fuente":"MINSA","urlRenipr":"http://app20.susalud.gob.pe:8080/registro-renipress-webapp/ipress.htm?action=mostrarVer&idipress=00000448"}},{"type":"Feature","geometry":{"type":"Point","coordinates":[-74.55695595999998,-11.377373979999959]},"properties":{"objectid":24364,"nombre":"TEORIA","departamento":"JUNIN","provincia":"SATIPO","distrito":"MAZAMARI - PANGOA","institucion":"GOBIERNO REGIONAL","codigoMinsa":16909,"direccion":"OTROS COMUNIDAD NATIVA DE TEORIA DISTRITO MAZAMARI PROVINCIA SATIPO DEPARTAMENTO JUNIN","disa":"JUNIN","red":"SATIPO","microrred":"MAZAMARI","categoria":"ESTABLECIMIENTO DE SALUD SIN INTERNAMIENTO","condicion":"ACTIVO","actualizado":"2023/08/01 19:00:00.000","fuente":"MINSA","urlRenipr":"http://app20.susalud.gob.pe:8080/registro-renipress-webapp/ipress.htm?action=mostrarVer&idipress=00016909"}},{"type":"Feature","geometry":{"type":"Point","coordinates":[-74.08683769999993,-12.130469479999931]},"properties":{"objectid":24365,"nombre":"YAVIRO","departamento":"JUNIN","provincia":"SATIPO","distrito":"RIO TAMBO","institucion":"GOBIERNO REGIONAL","codigoMinsa":515,"direccion":"OTROS COMUNIDAD NATIVA YAVIRO DISTRITO RIO TAMBO PROVINCIA SATIPO DEPARTAMENTO JUNIN","disa":"JUNIN","red":"SATIPO","microrred":"VALLE ESMERALDA","categoria":"ESTABLECIMIENTO DE SALUD SIN INTERNAMIENTO","condicion":"ACTIVO","actualizado":"2023/08/01 19:00:00.000","fuente":"MINSA","urlRenipr":"http://app20.susalud.gob.pe:8080/registro-renipress-webapp/ipress.htm?action=mostrarVer&idipress=00000515"}},{"type":"Feature","geometry":{"type":"Point","coordinates":[-74.58957122999993,-11.380570939999927]},"properties":{"objectid":24366,"nombre":"LLAYLLA","departamento":"JUNIN","provincia":"SATIPO","distrito":"LLAYLLA","institucion":"GOBIERNO REGIONAL","codigoMinsa":490,"direccion":"CALLE CALLE JUNIN MZ C, LOTE 10 DISTRITO LLAYLLA PROVINCIA SATIPO DEPARTAMENTO JUNIN","disa":"JUNIN","red":"SATIPO","microrred":"MAZAMARI","categoria":"ESTABLECIMIENTO DE SALUD SIN INTERNAMIENTO","condicion":"ACTIVO","actualizado":"2023/08/01 19:00:00.000","fuente":"MINSA","urlRenipr":"http://app20.susalud.gob.pe:8080/registro-renipress-webapp/ipress.htm?action=mostrarVer&idipress=00000490"}},{"type":"Feature","geometry":{"type":"Point","coordinates":[-74.21814930999994,-11.84546212999993]},"properties":{"objectid":24373,"nombre":"ALTO CHICHIRENI","departamento":"JUNIN","provincia":"SATIPO","distrito":"MAZAMARI - PANGOA","institucion":"GOBIERNO REGIONAL","codigoMinsa":21804,"direccion":"CARRETERA CARRETERA PRINCIPAL S/N C.N. ALTO CHICHIRENI NÚMERO S/N DISTRITO PANGOA PROVINCIA SATIPO DEPARTAMENTO JUNIN","disa":"JUNIN","red":"SAN MARTIN DE PANGOA","microrred":"CUBANTIA","categoria":"ESTABLECIMIENTO DE SALUD SIN INTERNAMIENTO","condicion":"ACTIVO","actualizado":"2023/08/01 19:00:00.000","fuente":"MINSA","urlRenipr":"http://app20.susalud.gob.pe:8080/registro-renipress-webapp/ipress.htm?action=mostrarVer&idipress=00021804"}},{"type":"Feature","geometry":{"type":"Point","coordinates":[-75.22307039999998,-12.062615019999953]},"properties":{"objectid":24409,"nombre":"QARA DERMATOLOGIA CLINICA ESTETICA LASER","departamento":"JUNIN","provincia":"HUANCAYO","distrito":"EL TAMBO","institucion":"PRIVADO","codigoMinsa":29877,"direccion":"JIRÓN SEBASTIAN LORENTE NÚMERO 1371 PISO 1 DISTRITO EL TAMBO PROVINCIA HUANCAYO DEPARTAMENTO JUNIN","disa":"JUNIN","red":"","microrred":"","categoria":"ESTABLECIMIENTO DE SALUD SIN INTERNAMIENTO","condicion":"ACTIVO","actualizado":"2023/08/01 19:00:00.000","fuente":"MINSA","urlRenipr":"http://app20.susalud.gob.pe:8080/registro-renipress-webapp/ipress.htm?action=mostrarVer&idipress=00029877"}},{"type":"Feature","geometry":{"type":"Point","coordinates":[-75.28091603999997,-12.332444789999954]},"properties":{"objectid":24579,"nombre":"HUASICANCHA","departamento":"JUNIN","provincia":"HUANCAYO","distrito":"HUASICANCHA","institucion":"GOBIERNO REGIONAL","codigoMinsa":703,"direccion":"JIRÓN JR. LOS SAUCES S/N - HUASICANCHA NÚMERO S/N DISTRITO HUASICANCHA PROVINCIA HUANCAYO DEPARTAMENTO JUNIN","disa":"JUNIN","red":"RED DE SALUD CHUPACA","microrred":"VALLE DEL CANIPACO","categoria":"ESTABLECIMIENTO DE SALUD SIN INTERNAMIENTO","condicion":"ACTIVO","actualizado":"2023/08/01 19:00:00.000","fuente":"MINSA","urlRenipr":"http://app20.susalud.gob.pe:8080/registro-renipress-webapp/ipress.htm?action=mostrarVer&idipress=00000703"}},{"type":"Feature","geometry":{"type":"Point","coordinates":[-75.36478301999995,-12.042012149999948]},"properties":{"objectid":24580,"nombre":"ANTAPAMPA","departamento":"JUNIN","provincia":"CHUPACA","distrito":"HUACHAC","institucion":"GOBIERNO REGIONAL","codigoMinsa":654,"direccion":"JIRÓN JR. LOS INKAS S/N NÚMERO S/N DISTRITO HUACHAC PROVINCIA CHUPACA DEPARTAMENTO JUNIN","disa":"JUNIN","red":"RED DE SALUD CHUPACA","microrred":"HUACHAC","categoria":"ESTABLECIMIENTO DE SALUD SIN INTERNAMIENTO","condicion":"ACTIVO","actualizado":"2023/08/01 19:00:00.000","fuente":"MINSA","urlRenipr":"http://app20.susalud.gob.pe:8080/registro-renipress-webapp/ipress.htm?action=mostrarVer&idipress=00000654"}},{"type":"Feature","geometry":{"type":"Point","coordinates":[-74.89884546999997,-10.818566859999976]},"properties":{"objectid":24853,"nombre":"SAN FRANCISCO CENTRO KUVIRIANI","departamento":"JUNIN","provincia":"CHANCHAMAYO","distrito":"PICHANAQUI","institucion":"GOBIERNO REGIONAL","codigoMinsa":6711,"direccion":"OTROS CENTRO POBLADO KIVIRIANI NÚMERO S/N DISTRITO PICHANAQUI PROVINCIA CHANCHAMAYO DEPARTAMENTO JUNIN","disa":"JUNIN","red":"PICHANAKI","microrred":"HUACHIRIKI","categoria":"ESTABLECIMIENTO DE SALUD SIN INTERNAMIENTO","condicion":"ACTIVO","actualizado":"2023/08/01 19:00:00.000","fuente":"MINSA","urlRenipr":"http://app20.susalud.gob.pe:8080/registro-renipress-webapp/ipress.htm?action=mostrarVer&idipress=00006711"}},{"type":"Feature","geometry":{"type":"Point","coordinates":[-75.21387829999998,-12.097427299999936]},"properties":{"objectid":24937,"nombre":"CENTRO DE SALUD MENTAL COMUNITARIO - CONCEPCIÓN","departamento":"JUNIN","provincia":"CONCEPCION","distrito":"CONCEPCION","institucion":"GOBIERNO REGIONAL","codigoMinsa":30167,"direccion":"CALLE ESPERANZA 330 2 I. E \"30287- FELICITAS ARRIOLA PAZ\" CONCEPCION CONCEPCION JUNIN","disa":"JUNIN","red":"VALLE DEL MANTARO","microrred":"CONCEPCION","categoria":"ESTABLECIMIENTO DE SALUD SIN INTERNAMIENTO","condicion":"ACTIVO","actualizado":"2023/08/01 19:00:00.000","fuente":"MINSA","urlRenipr":"http://app20.susalud.gob.pe:8080/registro-renipress-webapp/ipress.htm?action=mostrarVer&idipress=00030167"}},{"type":"Feature","geometry":{"type":"Point","coordinates":[-75.19967524999998,-12.002367429999936]},"properties":{"objectid":24938,"nombre":"COCHAS GRANDE","departamento":"JUNIN","provincia":"HUANCAYO","distrito":"EL TAMBO","institucion":"GOBIERNO REGIONAL","codigoMinsa":734,"direccion":"OTROS ACTUALIZAR DISTRITO EL TAMBO PROVINCIA HUANCAYO DEPARTAMENTO JUNIN","disa":"JUNIN","red":"VALLE DEL MANTARO","microrred":"EL TAMBO","categoria":"ESTABLECIMIENTO DE SALUD SIN INTERNAMIENTO","condicion":"ACTIVO","actualizado":"2023/08/01 19:00:00.000","fuente":"MINSA","urlRenipr":"http://app20.susalud.gob.pe:8080/registro-renipress-webapp/ipress.htm?action=mostrarVer&idipress=00000734"}},{"type":"Feature","geometry":{"type":"Point","coordinates":[-75.10232544999997,-11.987387379999973]},"properties":{"objectid":24939,"nombre":"PUESTO DE SALUD ACOPALCA","departamento":"JUNIN","provincia":"HUANCAYO","distrito":"HUANCAYO","institucion":"GOBIERNO REGIONAL","codigoMinsa":15905,"direccion":"PASAJE PASAJE LOS CIPRECES S/N BARRIO CENTRO ACOPALCA NÚMERO S/N DISTRITO HUANCAYO PROVINCIA HUANCAYO DEPARTAMENTO JUNIN","disa":"JUNIN","red":"VALLE DEL MANTARO","microrred":"LA LIBERTAD","categoria":"ESTABLECIMIENTO DE SALUD SIN INTERNAMIENTO","condicion":"ACTIVO","actualizado":"2023/08/01 19:00:00.000","fuente":"MINSA","urlRenipr":"http://app20.susalud.gob.pe:8080/registro-renipress-webapp/ipress.htm?action=mostrarVer&idipress=00015905"}},{"type":"Feature","geometry":{"type":"Point","coordinates":[-75.33809969999999,-11.935976809999943]},"properties":{"objectid":24940,"nombre":"MITO","departamento":"JUNIN","provincia":"CONCEPCION","distrito":"MITO","institucion":"GOBIERNO REGIONAL","codigoMinsa":748,"direccion":"JIRÓN JR. SUCRE Nº 498 DISTRITO MITO PROVINCIA CONCEPCION DEPARTAMENTO JUNIN","disa":"JUNIN","red":"VALLE DEL MANTARO","microrred":"CONCEPCION","categoria":"ESTABLECIMIENTO DE SALUD SIN INTERNAMIENTO","condicion":"ACTIVO","actualizado":"2023/08/01 19:00:00.000","fuente":"MINSA","urlRenipr":"http://app20.susalud.gob.pe:8080/registro-renipress-webapp/ipress.htm?action=mostrarVer&idipress=00000748"}},{"type":"Feature","geometry":{"type":"Point","coordinates":[-74.63097490999996,-11.961850519999928]},"properties":{"objectid":24941,"nombre":"HUANCAMAYO","departamento":"JUNIN","provincia":"HUANCAYO","distrito":"SANTO DOMINGO DE ACOBAMBA","institucion":"GOBIERNO REGIONAL","codigoMinsa":7082,"direccion":"OTROS ACTUALIZAR DISTRITO SANTO DOMINGO DE ACOBAMBA PROVINCIA HUANCAYO DEPARTAMENTO JUNIN","disa":"JUNIN","red":"VALLE DEL MANTARO","microrred":"COMAS","categoria":"ESTABLECIMIENTO DE SALUD SIN INTERNAMIENTO","condicion":"ACTIVO","actualizado":"2023/08/01 19:00:00.000","fuente":"MINSA","urlRenipr":"http://app20.susalud.gob.pe:8080/registro-renipress-webapp/ipress.htm?action=mostrarVer&idipress=00007082"}},{"type":"Feature","geometry":{"type":"Point","coordinates":[-75.36893121999998,-11.95699505999994]},"properties":{"objectid":24942,"nombre":"ACO","departamento":"JUNIN","provincia":"CONCEPCION","distrito":"ACO","institucion":"GOBIERNO REGIONAL","codigoMinsa":745,"direccion":"PLAZA COSTADO PLAZA PRINCIPAL DISTRITO ACO PROVINCIA CONCEPCION DEPARTAMENTO JUNIN","disa":"JUNIN","red":"VALLE DEL MANTARO","microrred":"CONCEPCION","categoria":"ESTABLECIMIENTO DE SALUD SIN INTERNAMIENTO","condicion":"ACTIVO","actualizado":"2023/08/01 19:00:00.000","fuente":"MINSA","urlRenipr":"http://app20.susalud.gob.pe:8080/registro-renipress-webapp/ipress.htm?action=mostrarVer&idipress=00000745"}},{"type":"Feature","geometry":{"type":"Point","coordinates":[-74.72146483999995,-11.985694429999967]},"properties":{"objectid":24943,"nombre":"PUESTO DE SALUD CEDRUYO","departamento":"JUNIN","provincia":"HUANCAYO","distrito":"PARIAHUANCA","institucion":"GOBIERNO REGIONAL","codigoMinsa":741,"direccion":"OTROS ACTUALIZAR DISTRITO PARIAHUANCA PROVINCIA HUANCAYO DEPARTAMENTO JUNIN","disa":"JUNIN","red":"VALLE DEL MANTARO","microrred":"LA LIBERTAD","categoria":"ESTABLECIMIENTO DE SALUD SIN INTERNAMIENTO","condicion":"ACTIVO","actualizado":"2023/08/01 19:00:00.000","fuente":"MINSA","urlRenipr":"http://app20.susalud.gob.pe:8080/registro-renipress-webapp/ipress.htm?action=mostrarVer&idipress=00000741"}},{"type":"Feature","geometry":{"type":"Point","coordinates":[-75.08273285999996,-11.72268338999993]},"properties":{"objectid":24944,"nombre":"COMAS","departamento":"JUNIN","provincia":"CONCEPCION","distrito":"COMAS","institucion":"GOBIERNO REGIONAL","codigoMinsa":678,"direccion":"OTROS ACTUALIZAR DISTRITO COMAS PROVINCIA CONCEPCION DEPARTAMENTO JUNIN","disa":"JUNIN","red":"VALLE DEL MANTARO","microrred":"COMAS","categoria":"ESTABLECIMIENTO DE SALUD SIN INTERNAMIENTO","condicion":"ACTIVO","actualizado":"2023/08/01 19:00:00.000","fuente":"MINSA","urlRenipr":"http://app20.susalud.gob.pe:8080/registro-renipress-webapp/ipress.htm?action=mostrarVer&idipress=00000678"}},{"type":"Feature","geometry":{"type":"Point","coordinates":[-74.78497705999996,-11.81453068999997]},"properties":{"objectid":24945,"nombre":"PAURAN ATICOCHA","departamento":"JUNIN","provincia":"HUANCAYO","distrito":"SANTO DOMINGO DE ACOBAMBA","institucion":"GOBIERNO REGIONAL","codigoMinsa":668,"direccion":"OTROS ACTUALIZAR DISTRITO SANTO DOMINGO DE ACOBAMBA PROVINCIA HUANCAYO DEPARTAMENTO JUNIN","disa":"JUNIN","red":"VALLE DEL MANTARO","microrred":"COMAS","categoria":"ESTABLECIMIENTO DE SALUD SIN INTERNAMIENTO","condicion":"ACTIVO","actualizado":"2023/08/01 19:00:00.000","fuente":"MINSA","urlRenipr":"http://app20.susalud.gob.pe:8080/registro-renipress-webapp/ipress.htm?action=mostrarVer&idipress=00000668"}},{"type":"Feature","geometry":{"type":"Point","coordinates":[-75.20519414999995,-12.106881449999946]},"properties":{"objectid":24946,"nombre":"HUARI","departamento":"JUNIN","provincia":"HUANCAYO","distrito":"HUANCAN","institucion":"GOBIERNO REGIONAL","codigoMinsa":621,"direccion":"AVENIDA AV. GENERALCORDOVA S/N NÚMERO S/N DISTRITO HUANCAN PROVINCIA HUANCAYO DEPARTAMENTO JUNIN","disa":"JUNIN","red":"VALLE DEL MANTARO","microrred":"CHILCA","categoria":"ESTABLECIMIENTO DE SALUD SIN INTERNAMIENTO","condicion":"ACTIVO","actualizado":"2023/08/01 19:00:00.000","fuente":"MINSA","urlRenipr":"http://app20.susalud.gob.pe:8080/registro-renipress-webapp/ipress.htm?action=mostrarVer&idipress=00000621"}},{"type":"Feature","geometry":{"type":"Point","coordinates":[-75.20253649999995,-12.05560730999997]},"properties":{"objectid":24950,"nombre":"CENTRO ODONTOLÓGICO PARBO","departamento":"JUNIN","provincia":"HUANCAYO","distrito":"HUANCAYO","institucion":"PRIVADO","codigoMinsa":30611,"direccion":"AVENIDA CALMELL DEL SOLAR NÚMERO 411 PISO 2 DISTRITO HUANCAYO PROVINCIA HUANCAYO DEPARTAMENTO JUNIN","disa":"JUNIN","red":"","microrred":"","categoria":"ESTABLECIMIENTO DE SALUD SIN INTERNAMIENTO","condicion":"ACTIVO","actualizado":"2023/08/01 19:00:00.000","fuente":"MINSA","urlRenipr":"http://app20.susalud.gob.pe:8080/registro-renipress-webapp/ipress.htm?action=mostrarVer&idipress=00030611"}},{"type":"Feature","geometry":{"type":"Point","coordinates":[-75.20595629999997,-12.082562289999942]},"properties":{"objectid":24976,"nombre":"CENTRO MEDICO VIRGEN DE LOURDES","departamento":"JUNIN","provincia":"HUANCAYO","distrito":"CHILCA","institucion":"PRIVADO","codigoMinsa":31468,"direccion":"AVENIDA ARTERIAL NÚMERO 377 PISO 1 DISTRITO CHILCA PROVINCIA HUANCAYO DEPARTAMENTO JUNIN","disa":"JUNIN","red":"","microrred":"","categoria":"ESTABLECIMIENTO DE SALUD SIN INTERNAMIENTO","condicion":"ACTIVO","actualizado":"2023/08/01 19:00:00.000","fuente":"MINSA","urlRenipr":"http://app20.susalud.gob.pe:8080/registro-renipress-webapp/ipress.htm?action=mostrarVer&idipress=00031468"}},{"type":"Feature","geometry":{"type":"Point","coordinates":[-75.51210499999996,-11.795424999999966]},"properties":{"objectid":24966,"nombre":"HUANCAS","departamento":"JUNIN","provincia":"JAUJA","distrito":"YAUYOS","institucion":"GOBIERNO REGIONAL","codigoMinsa":378,"direccion":"AVENIDA AV. LOS INCAS S/N - BARRIO VELLAVISTA HUANCAS NÚMERO S/N DISTRITO YAUYOS PROVINCIA JAUJA DEPARTAMENTO JUNIN","disa":"JUNIN","red":"JAUJA","microrred":"HATUN XAUXA","categoria":"ESTABLECIMIENTO DE SALUD SIN INTERNAMIENTO","condicion":"ACTIVO","actualizado":"2023/08/01 19:00:00.000","fuente":"MINSA","urlRenipr":"http://app20.susalud.gob.pe:8080/registro-renipress-webapp/ipress.htm?action=mostrarVer&idipress=00000378"}},{"type":"Feature","geometry":{"type":"Point","coordinates":[-75.54282763999998,-11.734902189999957]},"properties":{"objectid":24967,"nombre":"PACHASCUCHO","departamento":"JUNIN","provincia":"JAUJA","distrito":"ACOLLA","institucion":"GOBIERNO REGIONAL","codigoMinsa":383,"direccion":"CALLE CALLE JUNIN S/N NÚMERO S/N DISTRITO ACOLLA PROVINCIA JAUJA DEPARTAMENTO JUNIN","disa":"JUNIN","red":"JAUJA","microrred":"VALLE DE YANAMARCA","categoria":"ESTABLECIMIENTO DE SALUD SIN INTERNAMIENTO","condicion":"ACTIVO","actualizado":"2023/08/01 19:00:00.000","fuente":"MINSA","urlRenipr":"http://app20.susalud.gob.pe:8080/registro-renipress-webapp/ipress.htm?action=mostrarVer&idipress=00000383"}},{"type":"Feature","geometry":{"type":"Point","coordinates":[-75.39420666999996,-11.887021669999967]},"properties":{"objectid":24968,"nombre":"SINCOS","departamento":"JUNIN","provincia":"JAUJA","distrito":"SINCOS","institucion":"GOBIERNO REGIONAL","codigoMinsa":404,"direccion":"JIRÓN JR. LOS ANDES S/N NÚMERO S/N DISTRITO SINCOS PROVINCIA JAUJA DEPARTAMENTO JUNIN","disa":"JUNIN","red":"JAUJA","microrred":"MARGEN DERECHA","categoria":"ESTABLECIMIENTO DE SALUD SIN INTERNAMIENTO","condicion":"ACTIVO","actualizado":"2023/08/01 19:00:00.000","fuente":"MINSA","urlRenipr":"http://app20.susalud.gob.pe:8080/registro-renipress-webapp/ipress.htm?action=mostrarVer&idipress=00000404"}},{"type":"Feature","geometry":{"type":"Point","coordinates":[-75.61966995999995,-11.816481129999943]},"properties":{"objectid":24969,"nombre":"LLOCLLAPAMPA","departamento":"JUNIN","provincia":"JAUJA","distrito":"LLOCLLAPAMPA","institucion":"GOBIERNO REGIONAL","codigoMinsa":427,"direccion":"CARRETERA CARRETERA CENTRAL ANTIGUA KM 55 S/N NÚMERO S/N DISTRITO LLOCLLAPAMPA PROVINCIA JAUJA DEPARTAMENTO JUNIN","disa":"JUNIN","red":"JAUJA","microrred":"QUEBRADA DEL MANTARO","categoria":"ESTABLECIMIENTO DE SALUD SIN INTERNAMIENTO","condicion":"ACTIVO","actualizado":"2023/08/01 19:00:00.000","fuente":"MINSA","urlRenipr":"http://app20.susalud.gob.pe:8080/registro-renipress-webapp/ipress.htm?action=mostrarVer&idipress=00000427"}},{"type":"Feature","geometry":{"type":"Point","coordinates":[-75.50801447999999,-11.819383699999946]},"properties":{"objectid":24970,"nombre":"ULLUSCA","departamento":"JUNIN","provincia":"JAUJA","distrito":"PARCO","institucion":"GOBIERNO REGIONAL","codigoMinsa":375,"direccion":"CARRETERA CARRETERA CENTRAL KM 47 S/N NÚMERO S/N DISTRITO PARCO PROVINCIA JAUJA DEPARTAMENTO JUNIN","disa":"JUNIN","red":"JAUJA","microrred":"QUEBRADA DEL MANTARO","categoria":"ESTABLECIMIENTO DE SALUD SIN INTERNAMIENTO","condicion":"ACTIVO","actualizado":"2023/08/01 19:00:00.000","fuente":"MINSA","urlRenipr":"http://app20.susalud.gob.pe:8080/registro-renipress-webapp/ipress.htm?action=mostrarVer&idipress=00000375"}},{"type":"Feature","geometry":{"type":"Point","coordinates":[-75.71678776999994,-11.802325819999965]},"properties":{"objectid":24971,"nombre":"CANCHAYLLO","departamento":"JUNIN","provincia":"JAUJA","distrito":"CANCHAYLLO","institucion":"GOBIERNO REGIONAL","codigoMinsa":424,"direccion":"JIRÓN JR. BOLOGNESI S/N NÚMERO S/N DISTRITO CANCHAYLLO PROVINCIA JAUJA DEPARTAMENTO JUNIN","disa":"JUNIN","red":"JAUJA","microrred":"QUEBRADA DEL MANTARO","categoria":"ESTABLECIMIENTO DE SALUD SIN INTERNAMIENTO","condicion":"ACTIVO","actualizado":"2023/08/01 19:00:00.000","fuente":"MINSA","urlRenipr":"http://app20.susalud.gob.pe:8080/registro-renipress-webapp/ipress.htm?action=mostrarVer&idipress=00000424"}},{"type":"Feature","geometry":{"type":"Point","coordinates":[-75.32513675999996,-11.798716259999935]},"properties":{"objectid":24972,"nombre":"SAN JOSE DE APATA","departamento":"JUNIN","provincia":"JAUJA","distrito":"APATA","institucion":"GOBIERNO REGIONAL","codigoMinsa":411,"direccion":"PLAZA PRIMER BARRIO -PLAZA PRINCIPAL DISTRITO APATA PROVINCIA JAUJA DEPARTAMENTO JUNIN","disa":"JUNIN","red":"JAUJA","microrred":"MARGEN IZQUIERDA","categoria":"ESTABLECIMIENTO DE SALUD SIN INTERNAMIENTO","condicion":"ACTIVO","actualizado":"2023/08/01 19:00:00.000","fuente":"MINSA","urlRenipr":"http://app20.susalud.gob.pe:8080/registro-renipress-webapp/ipress.htm?action=mostrarVer&idipress=00000411"}},{"type":"Feature","geometry":{"type":"Point","coordinates":[-75.32437635999997,-11.83116683999998]},"properties":{"objectid":24973,"nombre":"NUEVA ESPERANZA","departamento":"JUNIN","provincia":"JAUJA","distrito":"APATA","institucion":"GOBIERNO REGIONAL","codigoMinsa":410,"direccion":"AVENIDA AV.LOS LIBERTADORES Nº 441 DISTRITO APATA PROVINCIA JAUJA DEPARTAMENTO JUNIN","disa":"JUNIN","red":"JAUJA","microrred":"MARGEN IZQUIERDA","categoria":"ESTABLECIMIENTO DE SALUD SIN INTERNAMIENTO","condicion":"ACTIVO","actualizado":"2023/08/01 19:00:00.000","fuente":"MINSA","urlRenipr":"http://app20.susalud.gob.pe:8080/registro-renipress-webapp/ipress.htm?action=mostrarVer&idipress=00000410"}},{"type":"Feature","geometry":{"type":"Point","coordinates":[-75.86978832999995,-10.979434999999967]},"properties":{"objectid":24997,"nombre":"YAPACMARCA","departamento":"JUNIN","provincia":"JUNIN","distrito":"ULCUMAYO","institucion":"GOBIERNO REGIONAL","codigoMinsa":603,"direccion":"AVENIDA AVENIDA 6 DE AGOSTO S/N YAPACMARCA NÚMERO S/N DISTRITO ULCUMAYO PROVINCIA JUNIN DEPARTAMENTO JUNIN","disa":"JUNIN","red":"JUNIN","microrred":"ULCUMAYO","categoria":"ESTABLECIMIENTO DE SALUD SIN INTERNAMIENTO","condicion":"ACTIVO","actualizado":"2023/08/01 19:00:00.000","fuente":"MINSA","urlRenipr":"http://app20.susalud.gob.pe:8080/registro-renipress-webapp/ipress.htm?action=mostrarVer&idipress=00000603"}},{"type":"Feature","geometry":{"type":"Point","coordinates":[-75.88265166999997,-10.967523329999949]},"properties":{"objectid":24998,"nombre":"ULCUMAYO","departamento":"JUNIN","provincia":"JUNIN","distrito":"ULCUMAYO","institucion":"GOBIERNO REGIONAL","codigoMinsa":601,"direccion":"OTROS BARRIO SANTA ROSA MZ 23 LT 4 BARRIO SANTA ROSA MZ 23 LT 4 ULCUMAYO JUNIN JUNIN","disa":"JUNIN","red":"JUNIN","microrred":"ULCUMAYO","categoria":"ESTABLECIMIENTO DE SALUD SIN INTERNAMIENTO","condicion":"ACTIVO","actualizado":"2023/08/01 19:00:00.000","fuente":"MINSA","urlRenipr":"http://app20.susalud.gob.pe:8080/registro-renipress-webapp/ipress.htm?action=mostrarVer&idipress=00000601"}},{"type":"Feature","geometry":{"type":"Point","coordinates":[-75.21907619999996,-12.063079399999936]},"properties":{"objectid":25006,"nombre":"LABORATORIO CLINICO SANTA ROSA","departamento":"JUNIN","provincia":"HUANCAYO","distrito":"EL TAMBO","institucion":"PRIVADO","codigoMinsa":12543,"direccion":"AVENIDA HUANCAVELICA179 EL TAMBO","disa":"JUNIN","red":"NO PERTENECE A NINGUNA RED","microrred":"NO PERTENECE A NINGUNA MICRORED","categoria":"SERVICIO MÉDICO DE APOYO","condicion":"ACTIVO","actualizado":"2023/08/01 19:00:00.000","fuente":"MINSA","urlRenipr":"http://app20.susalud.gob.pe:8080/registro-renipress-webapp/ipress.htm?action=mostrarVer&idipress=00012543"}},{"type":"Feature","geometry":{"type":"Point","coordinates":[-75.21320707999996,-12.06812599999995]},"properties":{"objectid":25380,"nombre":"CONSULTORIO MEDICO ESPECIALIZADO PERUANA DEL CENTRO","departamento":"JUNIN","provincia":"HUANCAYO","distrito":"HUANCAYO","institucion":"PRIVADO","codigoMinsa":30170,"direccion":"JIRÓN CUZCO NÚMERO 636 DISTRITO HUANCAYO PROVINCIA HUANCAYO DEPARTAMENTO JUNIN","disa":"JUNIN","red":"","microrred":"","categoria":"ESTABLECIMIENTO DE SALUD SIN INTERNAMIENTO","condicion":"ACTIVO","actualizado":"2023/08/01 19:00:00.000","fuente":"MINSA","urlRenipr":"http://app20.susalud.gob.pe:8080/registro-renipress-webapp/ipress.htm?action=mostrarVer&idipress=00030170"}},{"type":"Feature","geometry":{"type":"Point","coordinates":[-75.55051559999998,-11.48790581999998]},"properties":{"objectid":25562,"nombre":"MACO","departamento":"JUNIN","provincia":"TARMA","distrito":"TAPO","institucion":"GOBIERNO REGIONAL","codigoMinsa":579,"direccion":"PLAZA PLAZA PRINCIPAL DE MACO DISTRITO TAPO PROVINCIA TARMA DEPARTAMENTO JUNIN","disa":"JUNIN","red":"TARMA","microrred":"PALCA","categoria":"ESTABLECIMIENTO DE SALUD SIN INTERNAMIENTO","condicion":"ACTIVO","actualizado":"2023/08/01 19:00:00.000","fuente":"MINSA","urlRenipr":"http://app20.susalud.gob.pe:8080/registro-renipress-webapp/ipress.htm?action=mostrarVer&idipress=00000579"}},{"type":"Feature","geometry":{"type":"Point","coordinates":[-75.57828702999996,-11.431809489999978]},"properties":{"objectid":25563,"nombre":"QUETA","departamento":"JUNIN","provincia":"TARMA","distrito":"TAPO","institucion":"GOBIERNO REGIONAL","codigoMinsa":581,"direccion":"CARRETERA CARRETERA PRINCIPAL DE QUETA DISTRITO TAPO PROVINCIA TARMA DEPARTAMENTO JUNIN","disa":"JUNIN","red":"TARMA","microrred":"PALCA","categoria":"ESTABLECIMIENTO DE SALUD SIN INTERNAMIENTO","condicion":"ACTIVO","actualizado":"2023/08/01 19:00:00.000","fuente":"MINSA","urlRenipr":"http://app20.susalud.gob.pe:8080/registro-renipress-webapp/ipress.htm?action=mostrarVer&idipress=00000581"}},{"type":"Feature","geometry":{"type":"Point","coordinates":[-75.20490407999995,-12.083108899999957]},"properties":{"objectid":25695,"nombre":"LAS AMERICAS","departamento":"JUNIN","provincia":"HUANCAYO","distrito":"CHILCA","institucion":"PRIVADO","codigoMinsa":17890,"direccion":"JIRÓN JR. MARISCAL CASTILLA Nº 440 JR. MARISCAL CASTILLA Nº 440 CHILCA HUANCAYO JUNIN","disa":"JUNIN","red":"NO PERTENECE A NINGUNA RED","microrred":"NO PERTENECE A NINGUNA MICRORED","categoria":"ESTABLECIMIENTO DE SALUD SIN INTERNAMIENTO","condicion":"ACTIVO","actualizado":"2023/08/01 19:00:00.000","fuente":"MINSA","urlRenipr":"http://app20.susalud.gob.pe:8080/registro-renipress-webapp/ipress.htm?action=mostrarVer&idipress=00017890"}},{"type":"Feature","geometry":{"type":"Point","coordinates":[-75.21142533999995,-12.068554389999974]},"properties":{"objectid":25728,"nombre":"SBELLA","departamento":"JUNIN","provincia":"HUANCAYO","distrito":"HUANCAYO","institucion":"PRIVADO","codigoMinsa":17990,"direccion":"JIRÓN JR. AREQUIPA NRO. 430 INT. 101 DISTRITO HUANCAYO PROVINCIA HUANCAYO DEPARTAMENTO JUNIN","disa":"JUNIN","red":"NO PERTENECE A NINGUNA RED","microrred":"NO PERTENECE A NINGUNA MICRORED","categoria":"ESTABLECIMIENTO DE SALUD SIN INTERNAMIENTO","condicion":"ACTIVO","actualizado":"2023/08/01 19:00:00.000","fuente":"MINSA","urlRenipr":"http://app20.susalud.gob.pe:8080/registro-renipress-webapp/ipress.htm?action=mostrarVer&idipress=00017990"}},{"type":"Feature","geometry":{"type":"Point","coordinates":[-75.21361280999997,-12.070650099999966]},"properties":{"objectid":25738,"nombre":"MED&SALUD","departamento":"JUNIN","provincia":"HUANCAYO","distrito":"HUANCAYO","institucion":"PRIVADO","codigoMinsa":28736,"direccion":"PASEO LA BREÑA NÚMERO 515 PISO 2 DISTRITO HUANCAYO PROVINCIA HUANCAYO DEPARTAMENTO JUNIN","disa":"JUNIN","red":"NO PERTENECE A NINGUNA RED","microrred":"NO PERTENECE A NINGUNA MICRORED","categoria":"ESTABLECIMIENTO DE SALUD SIN INTERNAMIENTO","condicion":"ACTIVO","actualizado":"2023/08/01 19:00:00.000","fuente":"MINSA","urlRenipr":"http://app20.susalud.gob.pe:8080/registro-renipress-webapp/ipress.htm?action=mostrarVer&idipress=00028736"}},{"type":"Feature","geometry":{"type":"Point","coordinates":[-74.94643999999994,-10.880149999999958]},"properties":{"objectid":25847,"nombre":"SAN FERNANDO DE KIVINAKI","departamento":"JUNIN","provincia":"CHANCHAMAYO","distrito":"PERENE","institucion":"GOBIERNO REGIONAL","codigoMinsa":330,"direccion":"CALLE CALLE R.CASTILLA S/N DEL ANEXO SAN FERNANDO DE KIVINAKI NÚMERO S/N DISTRITO PERENE PROVINCIA CHANCHAMAYO DEPARTAMENTO JUNIN","disa":"JUNIN","red":"CHANCHAMAYO","microrred":"PERENE","categoria":"ESTABLECIMIENTO DE SALUD SIN INTERNAMIENTO","condicion":"ACTIVO","actualizado":"2023/08/01 19:00:00.000","fuente":"MINSA","urlRenipr":"http://app20.susalud.gob.pe:8080/registro-renipress-webapp/ipress.htm?action=mostrarVer&idipress=00000330"}},{"type":"Feature","geometry":{"type":"Point","coordinates":[-75.10626166999998,-10.906453329999977]},"properties":{"objectid":25848,"nombre":"LIBERTAD TOTERANI","departamento":"JUNIN","provincia":"CHANCHAMAYO","distrito":"PERENE","institucion":"GOBIERNO REGIONAL","codigoMinsa":322,"direccion":"PLAZA PLAZA DEL ANEXO LA LIBERTAD TOTERANI DISTRITO PERENE PROVINCIA CHANCHAMAYO DEPARTAMENTO JUNIN","disa":"JUNIN","red":"CHANCHAMAYO","microrred":"PERENE","categoria":"ESTABLECIMIENTO DE SALUD SIN INTERNAMIENTO","condicion":"ACTIVO","actualizado":"2023/08/01 19:00:00.000","fuente":"MINSA","urlRenipr":"http://app20.susalud.gob.pe:8080/registro-renipress-webapp/ipress.htm?action=mostrarVer&idipress=00000322"}},{"type":"Feature","geometry":{"type":"Point","coordinates":[-75.08275999999995,-10.868278329999953]},"properties":{"objectid":25850,"nombre":"PUERTO YURINAKI","departamento":"JUNIN","provincia":"CHANCHAMAYO","distrito":"PERENE","institucion":"GOBIERNO REGIONAL","codigoMinsa":320,"direccion":"CALLE CALLE LOS INCAS S/N LA COSTADO DE LA MUNICIPALIDAD NÚMERO S/N DISTRITO PERENE PROVINCIA CHANCHAMAYO DEPARTAMENTO JUNIN","disa":"JUNIN","red":"CHANCHAMAYO","microrred":"PERENE","categoria":"ESTABLECIMIENTO DE SALUD SIN INTERNAMIENTO","condicion":"ACTIVO","actualizado":"2023/08/01 19:00:00.000","fuente":"MINSA","urlRenipr":"http://app20.susalud.gob.pe:8080/registro-renipress-webapp/ipress.htm?action=mostrarVer&idipress=00000320"}},{"type":"Feature","geometry":{"type":"Point","coordinates":[-75.21566999999999,-10.815668329999937]},"properties":{"objectid":25851,"nombre":"SANCHIRIO PALOMAR","departamento":"JUNIN","provincia":"CHANCHAMAYO","distrito":"SAN LUIS DE SHUARO","institucion":"GOBIERNO REGIONAL","codigoMinsa":315,"direccion":"OTROS CENTRO POBLADO SANCHIRIO PALOMAR DISTRITO SAN LUIS DE SHUARO PROVINCIA CHANCHAMAYO DEPARTAMENTO JUNIN","disa":"JUNIN","red":"CHANCHAMAYO","microrred":"SAN LUIS DE SHUARO","categoria":"ESTABLECIMIENTO DE SALUD SIN INTERNAMIENTO","condicion":"ACTIVO","actualizado":"2023/08/01 19:00:00.000","fuente":"MINSA","urlRenipr":"http://app20.susalud.gob.pe:8080/registro-renipress-webapp/ipress.htm?action=mostrarVer&idipress=00000315"}},{"type":"Feature","geometry":{"type":"Point","coordinates":[-75.22556689999993,-12.051133899999968]},"properties":{"objectid":25971,"nombre":"EXCELENTEMENTE","departamento":"JUNIN","provincia":"HUANCAYO","distrito":"EL TAMBO","institucion":"PRIVADO","codigoMinsa":28864,"direccion":"JIRÓN EDGARDO REBAGLIATI NÚMERO 166 DISTRITO EL TAMBO PROVINCIA HUANCAYO DEPARTAMENTO JUNIN","disa":"JUNIN","red":"NO PERTENECE A NINGUNA RED","microrred":"NO PERTENECE A NINGUNA MICRORED","categoria":"ESTABLECIMIENTO DE SALUD SIN INTERNAMIENTO","condicion":"ACTIVO","actualizado":"2023/08/01 19:00:00.000","fuente":"MINSA","urlRenipr":"http://app20.susalud.gob.pe:8080/registro-renipress-webapp/ipress.htm?action=mostrarVer&idipress=00028864"}},{"type":"Feature","geometry":{"type":"Point","coordinates":[-75.21317292999998,-12.07121664999994]},"properties":{"objectid":26030,"nombre":"CONSULTORIO MEDICO","departamento":"JUNIN","provincia":"HUANCAYO","distrito":"HUANCAYO","institucion":"PRIVADO","codigoMinsa":26457,"direccion":"JIRÓN LIMA NÚMERO 710 PISO 1 DISTRITO HUANCAYO PROVINCIA HUANCAYO DEPARTAMENTO JUNIN","disa":"JUNIN","red":"NO PERTENECE A NINGUNA RED","microrred":"NO PERTENECE A NINGUNA MICRORED","categoria":"ESTABLECIMIENTO DE SALUD SIN INTERNAMIENTO","condicion":"ACTIVO","actualizado":"2023/08/01 19:00:00.000","fuente":"MINSA","urlRenipr":"http://app20.susalud.gob.pe:8080/registro-renipress-webapp/ipress.htm?action=mostrarVer&idipress=00026457"}},{"type":"Feature","geometry":{"type":"Point","coordinates":[-74.50528138999994,-11.530204099999935]},"properties":{"objectid":26077,"nombre":"SANTA ROSA ALTO KIATARI","departamento":"JUNIN","provincia":"SATIPO","distrito":"MAZAMARI - PANGOA","institucion":"GOBIERNO REGIONAL","codigoMinsa":456,"direccion":"OTROS CENTRO POBLADO SANTA ROSA ALTO KIATARI S/N NÚMERO S/N DISTRITO PANGOA PROVINCIA SATIPO DEPARTAMENTO JUNIN","disa":"JUNIN","red":"SAN MARTIN DE PANGOA","microrred":"SAN RAMON DE PANGOA","categoria":"ESTABLECIMIENTO DE SALUD SIN INTERNAMIENTO","condicion":"ACTIVO","actualizado":"2023/08/01 19:00:00.000","fuente":"MINSA","urlRenipr":"http://app20.susalud.gob.pe:8080/registro-renipress-webapp/ipress.htm?action=mostrarVer&idipress=00000456"}},{"type":"Feature","geometry":{"type":"Point","coordinates":[-75.96432109999995,-11.597070899999949]},"properties":{"objectid":26089,"nombre":"NATCLAR LA OROYA","departamento":"JUNIN","provincia":"YAULI","distrito":"LA OROYA","institucion":"PRIVADO","codigoMinsa":10532,"direccion":"OTROS MZ 37, LOTE 04 ZONA B - URBANIZACION CURIPATA MZ 37, LOTE 04 ZONA B - URBANIZACION CURIPATA LA OROYA YAULI JUNIN","disa":"JUNIN","red":"","microrred":"NO PERTENECE A NINGUNA MICRORED","categoria":"ESTABLECIMIENTO DE SALUD SIN INTERNAMIENTO","condicion":"ACTIVO","actualizado":"2023/08/01 19:00:00.000","fuente":"MINSA","urlRenipr":"http://app20.susalud.gob.pe:8080/registro-renipress-webapp/ipress.htm?action=mostrarVer&idipress=00010532"}},{"type":"Feature","geometry":{"type":"Point","coordinates":[-75.21029759999993,-12.068635699999959]},"properties":{"objectid":26115,"nombre":"CENTRO ODONTOLOGICO PREMIUM","departamento":"JUNIN","provincia":"HUANCAYO","distrito":"HUANCAYO","institucion":"PRIVADO","codigoMinsa":28857,"direccion":"AVENIDA FERROCARRIL N?ERO 486 PISO 3 DISTRITO HUANCAYO PROVINCIA HUANCAYO DEPARTAMENTO JUNIN","disa":"JUNIN","red":"NO PERTENECE A NINGUNA RED","microrred":"NO PERTENECE A NINGUNA MICRORED","categoria":"ESTABLECIMIENTO DE SALUD SIN INTERNAMIENTO","condicion":"ACTIVO","actualizado":"2023/08/01 19:00:00.000","fuente":"MINSA","urlRenipr":"http://app20.susalud.gob.pe:8080/registro-renipress-webapp/ipress.htm?action=mostrarVer&idipress=00028857"}},{"type":"Feature","geometry":{"type":"Point","coordinates":[-76.08265624999996,-11.594528899999943]},"properties":{"objectid":26192,"nombre":"SAN FRANCISCO DE ASIS DE PUCARA","departamento":"JUNIN","provincia":"YAULI","distrito":"MOROCOCHA","institucion":"GOBIERNO REGIONAL","codigoMinsa":21450,"direccion":"AVENIDA AV. NICOLAS DE AYLON S/N N?ERO S/N DISTRITO MOROCOCHA PROVINCIA YAULI DEPARTAMENTO JUNIN","disa":"JUNIN","red":"JAUJA","microrred":"YAULI-OROYA","categoria":"ESTABLECIMIENTO DE SALUD SIN INTERNAMIENTO","condicion":"ACTIVO","actualizado":"2023/08/01 19:00:00.000","fuente":"MINSA","urlRenipr":"http://app20.susalud.gob.pe:8080/registro-renipress-webapp/ipress.htm?action=mostrarVer&idipress=00021450"}},{"type":"Feature","geometry":{"type":"Point","coordinates":[-75.22214114999997,-12.06689253999997]},"properties":{"objectid":26405,"nombre":"CLINICA REBAGLIATI","departamento":"JUNIN","provincia":"HUANCAYO","distrito":"EL TAMBO","institucion":"PRIVADO","codigoMinsa":25970,"direccion":"CALLE PIRITA NÚMERO 191 URBANIZACIÓN MILLOTINGO DISTRITO EL TAMBO PROVINCIA HUANCAYO DEPARTAMENTO JUNIN","disa":"JUNIN","red":"NO PERTENECE A NINGUNA RED","microrred":"NO PERTENECE A NINGUNA MICRORED","categoria":"ESTABLECIMIENTO DE SALUD CON INTERNAMIENTO","condicion":"ACTIVO","actualizado":"2023/08/01 19:00:00.000","fuente":"MINSA","urlRenipr":"http://app20.susalud.gob.pe:8080/registro-renipress-webapp/ipress.htm?action=mostrarVer&idipress=00025970"}},{"type":"Feature","geometry":{"type":"Point","coordinates":[-75.21919180999998,-12.07273792999996]},"properties":{"objectid":26489,"nombre":"CENTRO DE TERAPIA FISICA Y REHABILITACION FISIOREM","departamento":"JUNIN","provincia":"HUANCAYO","distrito":"HUANCAYO","institucion":"PRIVADO","codigoMinsa":26268,"direccion":"JIRÓN DANIEL ALCIDEZ CARRION N?ERO 207 PISO 1 DISTRITO HUANCAYO PROVINCIA HUANCAYO DEPARTAMENTO JUNIN","disa":"JUNIN","red":"NO PERTENECE A NINGUNA RED","microrred":"NO PERTENECE A NINGUNA MICRORED","categoria":"SERVICIO MÉDICO DE APOYO","condicion":"ACTIVO","actualizado":"2023/08/01 19:00:00.000","fuente":"MINSA","urlRenipr":"http://app20.susalud.gob.pe:8080/registro-renipress-webapp/ipress.htm?action=mostrarVer&idipress=00026268"}},{"type":"Feature","geometry":{"type":"Point","coordinates":[-73.99990394999998,-12.201068369999973]},"properties":{"objectid":26493,"nombre":"PUERTO ROCA","departamento":"JUNIN","provincia":"SATIPO","distrito":"RIO TAMBO","institucion":"GOBIERNO REGIONAL","codigoMinsa":516,"direccion":"OTROS COMUNIDAD DE PUERTO ROCA DISTRITO RIO TAMBO PROVINCIA SATIPO DEPARTAMENTO JUNIN","disa":"JUNIN","red":"SATIPO","microrred":"VALLE ESMERALDA","categoria":"ESTABLECIMIENTO DE SALUD SIN INTERNAMIENTO","condicion":"ACTIVO","actualizado":"2023/08/01 19:00:00.000","fuente":"MINSA","urlRenipr":"http://app20.susalud.gob.pe:8080/registro-renipress-webapp/ipress.htm?action=mostrarVer&idipress=00000516"}},{"type":"Feature","geometry":{"type":"Point","coordinates":[-74.70111903999998,-11.094328369999971]},"properties":{"objectid":26494,"nombre":"UNION CAPIRI","departamento":"JUNIN","provincia":"SATIPO","distrito":"RIO NEGRO","institucion":"GOBIERNO REGIONAL","codigoMinsa":506,"direccion":"OTROS CENTRO POBLADO UNION CAPIRI DISTRITO RIO NEGRO PROVINCIA SATIPO DEPARTAMENTO JUNIN","disa":"JUNIN","red":"SATIPO","microrred":"RIO NEGRO-SATIPO","categoria":"ESTABLECIMIENTO DE SALUD SIN INTERNAMIENTO","condicion":"ACTIVO","actualizado":"2023/08/01 19:00:00.000","fuente":"MINSA","urlRenipr":"http://app20.susalud.gob.pe:8080/registro-renipress-webapp/ipress.htm?action=mostrarVer&idipress=00000506"}},{"type":"Feature","geometry":{"type":"Point","coordinates":[-74.75625882999998,-11.137948179999967]},"properties":{"objectid":26495,"nombre":"SHABASHIPANGO","departamento":"JUNIN","provincia":"SATIPO","distrito":"RIO NEGRO","institucion":"GOBIERNO REGIONAL","codigoMinsa":504,"direccion":"OTROS COMUNIDAD NATIVA DE SHABASHIPANGO NÚMERO S/N DISTRITO RIO NEGRO PROVINCIA SATIPO DEPARTAMENTO JUNIN","disa":"JUNIN","red":"SATIPO","microrred":"RIO NEGRO-SATIPO","categoria":"ESTABLECIMIENTO DE SALUD SIN INTERNAMIENTO","condicion":"ACTIVO","actualizado":"2023/08/01 19:00:00.000","fuente":"MINSA","urlRenipr":"http://app20.susalud.gob.pe:8080/registro-renipress-webapp/ipress.htm?action=mostrarVer&idipress=00000504"}},{"type":"Feature","geometry":{"type":"Point","coordinates":[-74.79336112999994,-11.572998029999951]},"properties":{"objectid":26496,"nombre":"HUANCAMACHAY","departamento":"JUNIN","provincia":"SATIPO","distrito":"PAMPA HERMOSA","institucion":"GOBIERNO REGIONAL","codigoMinsa":17678,"direccion":"OTROS COMUNIDAD DE HUANCAMACHAY DISTRITO PAMPA HERMOSA PROVINCIA SATIPO DEPARTAMENTO JUNIN","disa":"JUNIN","red":"SATIPO","microrred":"RIO NEGRO-SATIPO","categoria":"ESTABLECIMIENTO DE SALUD SIN INTERNAMIENTO","condicion":"ACTIVO","actualizado":"2023/08/01 19:00:00.000","fuente":"MINSA","urlRenipr":"http://app20.susalud.gob.pe:8080/registro-renipress-webapp/ipress.htm?action=mostrarVer&idipress=00017678"}},{"type":"Feature","geometry":{"type":"Point","coordinates":[-74.80945697999994,-11.212111939999943]},"properties":{"objectid":26497,"nombre":"CANAAN DEL NORTE","departamento":"JUNIN","provincia":"SATIPO","distrito":"SATIPO","institucion":"GOBIERNO REGIONAL","codigoMinsa":13864,"direccion":"OTROS COMUNIDAD DE CANAAN DEL NORTE DISTRITO SATIPO PROVINCIA SATIPO DEPARTAMENTO JUNIN","disa":"JUNIN","red":"SATIPO","microrred":"RIO NEGRO-SATIPO","categoria":"ESTABLECIMIENTO DE SALUD SIN INTERNAMIENTO","condicion":"ACTIVO","actualizado":"2023/08/01 19:00:00.000","fuente":"MINSA","urlRenipr":"http://app20.susalud.gob.pe:8080/registro-renipress-webapp/ipress.htm?action=mostrarVer&idipress=00013864"}},{"type":"Feature","geometry":{"type":"Point","coordinates":[-74.03341426999998,-12.038274599999966]},"properties":{"objectid":26498,"nombre":"SELVA DE ORO","departamento":"JUNIN","provincia":"SATIPO","distrito":"RIO TAMBO","institucion":"GOBIERNO REGIONAL","codigoMinsa":15914,"direccion":"OTROS CENTRO POBLADO DE SELVA DE ORO DISTRITO RIO TAMBO PROVINCIA SATIPO DEPARTAMENTO JUNIN","disa":"JUNIN","red":"SATIPO","microrred":"VALLE ESMERALDA","categoria":"ESTABLECIMIENTO DE SALUD SIN INTERNAMIENTO","condicion":"ACTIVO","actualizado":"2023/08/01 19:00:00.000","fuente":"MINSA","urlRenipr":"http://app20.susalud.gob.pe:8080/registro-renipress-webapp/ipress.htm?action=mostrarVer&idipress=00015914"}},{"type":"Feature","geometry":{"type":"Point","coordinates":[-75.49825099999998,-11.778318999999954]},"properties":{"objectid":26499,"nombre":"POLICLÍNICO DEL PUEBLO VIRGEN DEL ROSARIO","departamento":"JUNIN","provincia":"JAUJA","distrito":"JAUJA","institucion":"PRIVADO","codigoMinsa":30853,"direccion":"JIRÓN JUNÍN 1125, PISO 1 Y 2 JAUJA JAUJA JUNIN","disa":"JUNIN","red":"","microrred":"NO PERTENECE A NINGUNA MICRORED","categoria":"ESTABLECIMIENTO DE SALUD SIN INTERNAMIENTO","condicion":"ACTIVO","actualizado":"2023/08/01 19:00:00.000","fuente":"MINSA","urlRenipr":"http://app20.susalud.gob.pe:8080/registro-renipress-webapp/ipress.htm?action=mostrarVer&idipress=00030853"}},{"type":"Feature","geometry":{"type":"Point","coordinates":[-75.49699429999998,-11.77688379999995]},"properties":{"objectid":26504,"nombre":"LABORATORIO DE ANALISIS CLINICOS \"DS MEDILAB\"","departamento":"JUNIN","provincia":"JAUJA","distrito":"JAUJA","institucion":"PRIVADO","codigoMinsa":25335,"direccion":"JIRÓN SAN MARTIN NÚMERO 1124 DISTRITO JAUJA PROVINCIA JAUJA DEPARTAMENTO JUNIN","disa":"JUNIN","red":"NO PERTENECE A NINGUNA RED","microrred":"NO PERTENECE A NINGUNA MICRORED","categoria":"SERVICIO MÉDICO DE APOYO","condicion":"ACTIVO","actualizado":"2023/08/01 19:00:00.000","fuente":"MINSA","urlRenipr":"http://app20.susalud.gob.pe:8080/registro-renipress-webapp/ipress.htm?action=mostrarVer&idipress=00025335"}},{"type":"Feature","geometry":{"type":"Point","coordinates":[-75.20437883999995,-12.070871049999937]},"properties":{"objectid":26596,"nombre":"MEDICENTRO ARCANGEL - HUANCAYO 2","departamento":"JUNIN","provincia":"HUANCAYO","distrito":"HUANCAYO","institucion":"PRIVADO","codigoMinsa":9447,"direccion":"PROLONGACIÓN PROLONGACION PACHITEA Nº 107 DISTRITO HUANCAYO PROVINCIA HUANCAYO DEPARTAMENTO JUNIN","disa":"","red":"","microrred":"","categoria":"ESTABLECIMIENTO DE SALUD SIN INTERNAMIENTO","condicion":"RETIRO VOLUNTARIO","actualizado":"2023/08/01 19:00:00.000","fuente":"MINSA","urlRenipr":"http://app20.susalud.gob.pe:8080/registro-renipress-webapp/ipress.htm?action=mostrarVer&idipress=00009447"}},{"type":"Feature","geometry":{"type":"Point","coordinates":[-75.38724748999994,-12.201903849999951]},"properties":{"objectid":26707,"nombre":"YANACANCHA","departamento":"JUNIN","provincia":"CHUPACA","distrito":"YANACANCHA","institucion":"GOBIERNO REGIONAL","codigoMinsa":661,"direccion":"CALLE CALLE LIBERTAD KM 75 DISTRITO YANACANCHA PROVINCIA CHUPACA DEPARTAMENTO JUNIN","disa":"JUNIN","red":"RED DE SALUD CHUPACA","microrred":"JARPA","categoria":"ESTABLECIMIENTO DE SALUD SIN INTERNAMIENTO","condicion":"ACTIVO","actualizado":"2023/08/01 19:00:00.000","fuente":"MINSA","urlRenipr":"http://app20.susalud.gob.pe:8080/registro-renipress-webapp/ipress.htm?action=mostrarVer&idipress=00000661"}},{"type":"Feature","geometry":{"type":"Point","coordinates":[-75.22390499999995,-12.319454289999953]},"properties":{"objectid":26708,"nombre":"COLCA","departamento":"JUNIN","provincia":"HUANCAYO","distrito":"COLCA","institucion":"GOBIERNO REGIONAL","codigoMinsa":701,"direccion":"CARRETERA CARRETERA CENTRAL S/N COLCA S/N CARRETERA CENTRAL S/N COLCA COLCA HUANCAYO JUNIN","disa":"JUNIN","red":"RED DE SALUD CHUPACA","microrred":"VALLE DEL CANIPACO","categoria":"ESTABLECIMIENTO DE SALUD SIN INTERNAMIENTO","condicion":"ACTIVO","actualizado":"2023/08/01 19:00:00.000","fuente":"MINSA","urlRenipr":"http://app20.susalud.gob.pe:8080/registro-renipress-webapp/ipress.htm?action=mostrarVer&idipress=00000701"}},{"type":"Feature","geometry":{"type":"Point","coordinates":[-75.32427700999995,-12.280050549999942]},"properties":{"objectid":26709,"nombre":"VISTA ALEGRE","departamento":"JUNIN","provincia":"HUANCAYO","distrito":"CHICCHE","institucion":"GOBIERNO REGIONAL","codigoMinsa":698,"direccion":"CALLE MANCO CAPAC S/N CHICCHE HUANCAYO JUNIN","disa":"JUNIN","red":"RED DE SALUD CHUPACA","microrred":"VALLE DEL CANIPACO","categoria":"ESTABLECIMIENTO DE SALUD SIN INTERNAMIENTO","condicion":"ACTIVO","actualizado":"2023/08/01 19:00:00.000","fuente":"MINSA","urlRenipr":"http://app20.susalud.gob.pe:8080/registro-renipress-webapp/ipress.htm?action=mostrarVer&idipress=00000698"}},{"type":"Feature","geometry":{"type":"Point","coordinates":[-75.20576499999999,-12.082543999999928]},"properties":{"objectid":26750,"nombre":"MEDIC SOLORZANO","departamento":"JUNIN","provincia":"HUANCAYO","distrito":"CHILCA","institucion":"PRIVADO","codigoMinsa":15085,"direccion":"AVENIDA AVENIDA ARTERIAL N° 377 DISTRITO CHILCA PROVINCIA HUANCAYO DEPARTAMENTO JUNIN","disa":"","red":"","microrred":"","categoria":"ESTABLECIMIENTO DE SALUD SIN INTERNAMIENTO","condicion":"RETIRO VOLUNTARIO","actualizado":"2023/08/01 19:00:00.000","fuente":"MINSA","urlRenipr":"http://app20.susalud.gob.pe:8080/registro-renipress-webapp/ipress.htm?action=mostrarVer&idipress=00015085"}},{"type":"Feature","geometry":{"type":"Point","coordinates":[-75.22322584999995,-12.073202179999953]},"properties":{"objectid":26790,"nombre":"CENTRO MÉDICO ESPECIALIZADO \"LLANOVARCED\"","departamento":"JUNIN","provincia":"HUANCAYO","distrito":"HUANCAYO","institucion":"PRIVADO","codigoMinsa":26456,"direccion":"PASAJE LOS CLAVELES NÚMERO 151 DISTRITO HUANCAYO PROVINCIA HUANCAYO DEPARTAMENTO JUNIN","disa":"JUNIN","red":"NO PERTENECE A NINGUNA RED","microrred":"NO PERTENECE A NINGUNA MICRORED","categoria":"ESTABLECIMIENTO DE SALUD SIN INTERNAMIENTO","condicion":"ACTIVO","actualizado":"2023/08/01 19:00:00.000","fuente":"MINSA","urlRenipr":"http://app20.susalud.gob.pe:8080/registro-renipress-webapp/ipress.htm?action=mostrarVer&idipress=00026456"}},{"type":"Feature","geometry":{"type":"Point","coordinates":[-75.20560963999998,-12.07427096999993]},"properties":{"objectid":26911,"nombre":"CONSULTORIO ODONTOLOGICO NUEVA SONRISA","departamento":"JUNIN","provincia":"HUANCAYO","distrito":"HUANCAYO","institucion":"PRIVADO","codigoMinsa":30617,"direccion":"JIRÓN ANCASH NÚMERO 1280 PISO 2 DEPARTAMENTO 201 DISTRITO HUANCAYO PROVINCIA HUANCAYO DEPARTAMENTO JUNIN","disa":"JUNIN","red":"","microrred":"","categoria":"ESTABLECIMIENTO DE SALUD SIN INTERNAMIENTO","condicion":"ACTIVO","actualizado":"2023/08/01 19:00:00.000","fuente":"MINSA","urlRenipr":"http://app20.susalud.gob.pe:8080/registro-renipress-webapp/ipress.htm?action=mostrarVer&idipress=00030617"}},{"type":"Feature","geometry":{"type":"Point","coordinates":[-75.21029759999993,-12.068635699999959]},"properties":{"objectid":26921,"nombre":"CENTRO MEDICO SANTO TOMAS AQUINO","departamento":"JUNIN","provincia":"HUANCAYO","distrito":"CHILCA","institucion":"PRIVADO","codigoMinsa":28867,"direccion":"AVENIDA Arterial 387 1 Frente al Ministerio de Transportes y Comunicaciones CHILCA HUANCAYO JUNIN","disa":"JUNIN","red":"NO PERTENECE A NINGUNA RED","microrred":"NO PERTENECE A NINGUNA MICRORED","categoria":"ESTABLECIMIENTO DE SALUD SIN INTERNAMIENTO","condicion":"ACTIVO","actualizado":"2023/08/01 19:00:00.000","fuente":"MINSA","urlRenipr":"http://app20.susalud.gob.pe:8080/registro-renipress-webapp/ipress.htm?action=mostrarVer&idipress=00028867"}},{"type":"Feature","geometry":{"type":"Point","coordinates":[-74.53715572999994,-11.444480509999948]},"properties":{"objectid":26978,"nombre":"UNION CHAVINI","departamento":"JUNIN","provincia":"SATIPO","distrito":"MAZAMARI - PANGOA","institucion":"GOBIERNO REGIONAL","codigoMinsa":453,"direccion":"PLAZA PLAZA PRINCIPAL S/N UNION CHAVINI NÚMERO S/N DISTRITO PANGOA PROVINCIA SATIPO DEPARTAMENTO JUNIN","disa":"JUNIN","red":"SAN MARTIN DE PANGOA","microrred":"SAN RAMON DE PANGOA","categoria":"ESTABLECIMIENTO DE SALUD SIN INTERNAMIENTO","condicion":"ACTIVO","actualizado":"2023/08/01 19:00:00.000","fuente":"MINSA","urlRenipr":"http://app20.susalud.gob.pe:8080/registro-renipress-webapp/ipress.htm?action=mostrarVer&idipress=00000453"}},{"type":"Feature","geometry":{"type":"Point","coordinates":[-74.70715212999994,-11.940028949999942]},"properties":{"objectid":27047,"nombre":"YUNCACHAQUICOCHA","departamento":"JUNIN","provincia":"HUANCAYO","distrito":"SANTO DOMINGO DE ACOBAMBA","institucion":"GOBIERNO REGIONAL","codigoMinsa":744,"direccion":"OTROS ACTUALIZAR DISTRITO SANTO DOMINGO DE ACOBAMBA PROVINCIA HUANCAYO DEPARTAMENTO JUNIN","disa":"JUNIN","red":"VALLE DEL MANTARO","microrred":"COMAS","categoria":"ESTABLECIMIENTO DE SALUD SIN INTERNAMIENTO","condicion":"ACTIVO","actualizado":"2023/08/01 19:00:00.000","fuente":"MINSA","urlRenipr":"http://app20.susalud.gob.pe:8080/registro-renipress-webapp/ipress.htm?action=mostrarVer&idipress=00000744"}},{"type":"Feature","geometry":{"type":"Point","coordinates":[-75.20950674999995,-11.995115289999944]},"properties":{"objectid":27048,"nombre":"PACCHA","departamento":"JUNIN","provincia":"HUANCAYO","distrito":"EL TAMBO","institucion":"GOBIERNO REGIONAL","codigoMinsa":708,"direccion":"OTROS ACTUALIZAR DISTRITO EL TAMBO PROVINCIA HUANCAYO DEPARTAMENTO JUNIN","disa":"JUNIN","red":"VALLE DEL MANTARO","microrred":"EL TAMBO","categoria":"ESTABLECIMIENTO DE SALUD SIN INTERNAMIENTO","condicion":"ACTIVO","actualizado":"2023/08/01 19:00:00.000","fuente":"MINSA","urlRenipr":"http://app20.susalud.gob.pe:8080/registro-renipress-webapp/ipress.htm?action=mostrarVer&idipress=00000708"}},{"type":"Feature","geometry":{"type":"Point","coordinates":[-75.01234496999996,-11.619033979999926]},"properties":{"objectid":27049,"nombre":"RUNATULLO","departamento":"JUNIN","provincia":"CONCEPCION","distrito":"COMAS","institucion":"GOBIERNO REGIONAL","codigoMinsa":684,"direccion":"OTROS ACTUALIZAR DISTRITO COMAS PROVINCIA CONCEPCION DEPARTAMENTO JUNIN","disa":"JUNIN","red":"VALLE DEL MANTARO","microrred":"COMAS","categoria":"ESTABLECIMIENTO DE SALUD SIN INTERNAMIENTO","condicion":"ACTIVO","actualizado":"2023/08/01 19:00:00.000","fuente":"MINSA","urlRenipr":"http://app20.susalud.gob.pe:8080/registro-renipress-webapp/ipress.htm?action=mostrarVer&idipress=00000684"}},{"type":"Feature","geometry":{"type":"Point","coordinates":[-75.28533793999998,-11.889991369999962]},"properties":{"objectid":27050,"nombre":"QUICHUAY","departamento":"JUNIN","provincia":"HUANCAYO","distrito":"QUICHUAY","institucion":"GOBIERNO REGIONAL","codigoMinsa":665,"direccion":"CALLE CALLE MARISCAL CACERES S/N NÚMERO S/N DISTRITO QUICHUAY PROVINCIA HUANCAYO DEPARTAMENTO JUNIN","disa":"JUNIN","red":"VALLE DEL MANTARO","microrred":"CONCEPCION","categoria":"ESTABLECIMIENTO DE SALUD SIN INTERNAMIENTO","condicion":"ACTIVO","actualizado":"2023/08/01 19:00:00.000","fuente":"MINSA","urlRenipr":"http://app20.susalud.gob.pe:8080/registro-renipress-webapp/ipress.htm?action=mostrarVer&idipress=00000665"}},{"type":"Feature","geometry":{"type":"Point","coordinates":[-75.21422321999995,-12.106263799999965]},"properties":{"objectid":27051,"nombre":"HUANCAN","departamento":"JUNIN","provincia":"HUANCAYO","distrito":"HUANCAN","institucion":"GOBIERNO REGIONAL","codigoMinsa":620,"direccion":"AVENIDA AV. 31 DE OCTUBRE Nº 1310 - BARRIO UNION AV. 31 DE OCTUBRE Nº 1310 - BARRIO UNION HUANCAN HUANCAYO JUNIN","disa":"JUNIN","red":"VALLE DEL MANTARO","microrred":"CHILCA","categoria":"ESTABLECIMIENTO DE SALUD SIN INTERNAMIENTO","condicion":"ACTIVO","actualizado":"2023/08/01 19:00:00.000","fuente":"MINSA","urlRenipr":"http://app20.susalud.gob.pe:8080/registro-renipress-webapp/ipress.htm?action=mostrarVer&idipress=00000620"}},{"type":"Feature","geometry":{"type":"Point","coordinates":[-75.19044420999995,-12.07536442999998]},"properties":{"objectid":27052,"nombre":"LA ESPERANZA","departamento":"JUNIN","provincia":"HUANCAYO","distrito":"CHILCA","institucion":"GOBIERNO REGIONAL","codigoMinsa":611,"direccion":"OTROS ACTUALIZAR DISTRITO CHILCA PROVINCIA HUANCAYO DEPARTAMENTO JUNIN","disa":"JUNIN","red":"VALLE DEL MANTARO","microrred":"CHILCA","categoria":"ESTABLECIMIENTO DE SALUD SIN INTERNAMIENTO","condicion":"ACTIVO","actualizado":"2023/08/01 19:00:00.000","fuente":"MINSA","urlRenipr":"http://app20.susalud.gob.pe:8080/registro-renipress-webapp/ipress.htm?action=mostrarVer&idipress=00000611"}},{"type":"Feature","geometry":{"type":"Point","coordinates":[-75.36009707999995,-11.910538489999965]},"properties":{"objectid":27053,"nombre":"SAN LUIS YAICO","departamento":"JUNIN","provincia":"CONCEPCION","distrito":"MITO","institucion":"GOBIERNO REGIONAL","codigoMinsa":749,"direccion":"AVENIDA AV. ROBERTO CHUQUILLANQUI S/N NÚMERO S/N DISTRITO MITO PROVINCIA CONCEPCION DEPARTAMENTO JUNIN","disa":"JUNIN","red":"VALLE DEL MANTARO","microrred":"CONCEPCION","categoria":"ESTABLECIMIENTO DE SALUD SIN INTERNAMIENTO","condicion":"ACTIVO","actualizado":"2023/08/01 19:00:00.000","fuente":"MINSA","urlRenipr":"http://app20.susalud.gob.pe:8080/registro-renipress-webapp/ipress.htm?action=mostrarVer&idipress=00000749"}},{"type":"Feature","geometry":{"type":"Point","coordinates":[-75.20914515999993,-12.030743149999978]},"properties":{"objectid":27054,"nombre":"AZA","departamento":"JUNIN","provincia":"HUANCAYO","distrito":"EL TAMBO","institucion":"GOBIERNO REGIONAL","codigoMinsa":712,"direccion":"OTROS ACTUALIZAR ACTUALIZAR EL TAMBO HUANCAYO JUNIN","disa":"JUNIN","red":"VALLE DEL MANTARO","microrred":"EL TAMBO","categoria":"ESTABLECIMIENTO DE SALUD SIN INTERNAMIENTO","condicion":"ACTIVO","actualizado":"2023/08/01 19:00:00.000","fuente":"MINSA","urlRenipr":"http://app20.susalud.gob.pe:8080/registro-renipress-webapp/ipress.htm?action=mostrarVer&idipress=00000712"}},{"type":"Feature","geometry":{"type":"Point","coordinates":[-74.64055588999997,-11.25355092999996]},"properties":{"objectid":27066,"nombre":"POSTA MEDICA POLICIAL SATIPO","departamento":"JUNIN","provincia":"SATIPO","distrito":"SATIPO","institucion":"SANIDAD DE LA POLICIA NACIONAL DEL PERU","codigoMinsa":11485,"direccion":"JIRÓN JUNIN 682 MZ. 44 LT. E3-4 SATIPO SATIPO JUNIN","disa":"JUNIN","red":"NO PERTENECE A NINGUNA RED","microrred":"NO PERTENECE A NINGUNA MICRORED","categoria":"ESTABLECIMIENTO DE SALUD SIN INTERNAMIENTO","condicion":"ACTIVO","actualizado":"2023/08/01 19:00:00.000","fuente":"MINSA","urlRenipr":"http://app20.susalud.gob.pe:8080/registro-renipress-webapp/ipress.htm?action=mostrarVer&idipress=00011485"}},{"type":"Feature","geometry":{"type":"Point","coordinates":[-75.52399166999999,-11.544568329999947]},"properties":{"objectid":27079,"nombre":"RICRAN","departamento":"JUNIN","provincia":"JAUJA","distrito":"RICRAN","institucion":"GOBIERNO REGIONAL","codigoMinsa":419,"direccion":"CALLE CALLE ATAHUALPA S/N -BARRIO SAN MARTIN NÚMERO S/N DISTRITO RICRAN PROVINCIA JAUJA DEPARTAMENTO JUNIN","disa":"JUNIN","red":"JAUJA","microrred":"VALLE DE YACUS","categoria":"ESTABLECIMIENTO DE SALUD SIN INTERNAMIENTO","condicion":"ACTIVO","actualizado":"2023/08/01 19:00:00.000","fuente":"MINSA","urlRenipr":"http://app20.susalud.gob.pe:8080/registro-renipress-webapp/ipress.htm?action=mostrarVer&idipress=00000419"}},{"type":"Feature","geometry":{"type":"Point","coordinates":[-75.55003499999998,-11.964799999999968]},"properties":{"objectid":27080,"nombre":"CHALHUAS","departamento":"JUNIN","provincia":"JAUJA","distrito":"SINCOS","institucion":"GOBIERNO REGIONAL","codigoMinsa":408,"direccion":"PLAZA PLAZA PRINCIPAL DE CHALHUAS DISTRITO SINCOS PROVINCIA JAUJA DEPARTAMENTO JUNIN","disa":"JUNIN","red":"JAUJA","microrred":"MARGEN DERECHA","categoria":"ESTABLECIMIENTO DE SALUD SIN INTERNAMIENTO","condicion":"ACTIVO","actualizado":"2023/08/01 19:00:00.000","fuente":"MINSA","urlRenipr":"http://app20.susalud.gob.pe:8080/registro-renipress-webapp/ipress.htm?action=mostrarVer&idipress=00000408"}},{"type":"Feature","geometry":{"type":"Point","coordinates":[-75.64438789999997,-11.662755329999982]},"properties":{"objectid":27081,"nombre":"CASABLANCA","departamento":"JUNIN","provincia":"JAUJA","distrito":"POMACANCHA","institucion":"GOBIERNO REGIONAL","codigoMinsa":390,"direccion":"PLAZA PLAZA PRINCIPAL DISTRITO POMACANCHA PROVINCIA JAUJA DEPARTAMENTO JUNIN","disa":"JUNIN","red":"JAUJA","microrred":"VALLE DE YANAMARCA","categoria":"ESTABLECIMIENTO DE SALUD SIN INTERNAMIENTO","condicion":"ACTIVO","actualizado":"2023/08/01 19:00:00.000","fuente":"MINSA","urlRenipr":"http://app20.susalud.gob.pe:8080/registro-renipress-webapp/ipress.htm?action=mostrarVer&idipress=00000390"}},{"type":"Feature","geometry":{"type":"Point","coordinates":[-75.95992256999995,-11.47414938999998]},"properties":{"objectid":27082,"nombre":"PACCHA - LA OROYA","departamento":"JUNIN","provincia":"YAULI","distrito":"PACCHA","institucion":"GOBIERNO REGIONAL","codigoMinsa":564,"direccion":"JIRÓN JR.PROGRESO S/N NÚMERO S/N DISTRITO PACCHA PROVINCIA YAULI DEPARTAMENTO JUNIN","disa":"JUNIN","red":"JAUJA","microrred":"YAULI-OROYA","categoria":"ESTABLECIMIENTO DE SALUD SIN INTERNAMIENTO","condicion":"ACTIVO","actualizado":"2023/08/01 19:00:00.000","fuente":"MINSA","urlRenipr":"http://app20.susalud.gob.pe:8080/registro-renipress-webapp/ipress.htm?action=mostrarVer&idipress=00000564"}},{"type":"Feature","geometry":{"type":"Point","coordinates":[-75.99831120999994,-11.158405989999949]},"properties":{"objectid":27098,"nombre":"DE APOYO JUNIN","departamento":"JUNIN","provincia":"JUNIN","distrito":"JUNIN","institucion":"GOBIERNO REGIONAL","codigoMinsa":519,"direccion":"JIRÓN JR.SAENZ PEÑA Nº 650 JR.SAENZ PEÑA Nº 650 JUNIN JUNIN JUNIN","disa":"JUNIN","red":"JUNIN","microrred":"NO PERTENECE A NINGUNA MICRORED","categoria":"ESTABLECIMIENTO DE SALUD CON INTERNAMIENTO","condicion":"ACTIVO","actualizado":"2023/08/01 19:00:00.000","fuente":"MINSA","urlRenipr":"http://app20.susalud.gob.pe:8080/registro-renipress-webapp/ipress.htm?action=mostrarVer&idipress=00000519"}},{"type":"Feature","geometry":{"type":"Point","coordinates":[-75.21809609999997,-12.05006899999995]},"properties":{"objectid":27099,"nombre":"CONSULTORIO ODONTOLOGICO MUNDO DENTAL SOLUCIONES","departamento":"JUNIN","provincia":"CHANCHAMAYO","distrito":"CHANCHAMAYO","institucion":"PRIVADO","codigoMinsa":8026,"direccion":"JR. AYACUCHO Nº 182","disa":"JUNIN","red":"NO PERTENECE A NINGUNA RED","microrred":"NO PERTENECE A NINGUNA MICRORED","categoria":"ESTABLECIMIENTO DE SALUD SIN INTERNAMIENTO","condicion":"ACTIVO","actualizado":"2023/08/01 19:00:00.000","fuente":"MINSA","urlRenipr":"http://app20.susalud.gob.pe:8080/registro-renipress-webapp/ipress.htm?action=mostrarVer&idipress=00008026"}},{"type":"Feature","geometry":{"type":"Point","coordinates":[-75.20449462999994,-12.082702409999968]},"properties":{"objectid":27132,"nombre":"CLINICA MEDICA ALTA","departamento":"JUNIN","provincia":"HUANCAYO","distrito":"CHILCA","institucion":"PRIVADO","codigoMinsa":30851,"direccion":"JIRÓN MARISCAL CASTILLA NÚMERO 395 PISO 1 DISTRITO CHILCA PROVINCIA HUANCAYO DEPARTAMENTO JUNIN","disa":"JUNIN","red":"","microrred":"","categoria":"ESTABLECIMIENTO DE SALUD SIN INTERNAMIENTO","condicion":"ACTIVO","actualizado":"2023/08/01 19:00:00.000","fuente":"MINSA","urlRenipr":"http://app20.susalud.gob.pe:8080/registro-renipress-webapp/ipress.htm?action=mostrarVer&idipress=00030851"}},{"type":"Feature","geometry":{"type":"Point","coordinates":[-75.32499898999998,-11.904882689999965]},"properties":{"objectid":27140,"nombre":"INSTITUTO REGIONAL DE ENFERMEDADES NEOPLÁSICAS DEL CENTRO - IREN CENTRO","departamento":"JUNIN","provincia":"CONCEPCION","distrito":"CONCEPCION","institucion":"GOBIERNO REGIONAL","codigoMinsa":27857,"direccion":"AVENIDA PROGRESO 1235 , 1237, y 1239 CONCEPCION CONCEPCION JUNIN","disa":"JUNIN","red":"NO PERTENECE A NINGUNA RED","microrred":"NO PERTENECE A NINGUNA MICRORED","categoria":"ESTABLECIMIENTO DE SALUD CON INTERNAMIENTO","condicion":"ACTIVO","actualizado":"2023/08/01 19:00:00.000","fuente":"MINSA","urlRenipr":"http://app20.susalud.gob.pe:8080/registro-renipress-webapp/ipress.htm?action=mostrarVer&idipress=00027857"}},{"type":"Feature","geometry":{"type":"Point","coordinates":[-75.21816013999995,-12.057534929999974]},"properties":{"objectid":27141,"nombre":"SAMU JUNIN","departamento":"JUNIN","provincia":"HUANCAYO","distrito":"EL TAMBO","institucion":"GOBIERNO REGIONAL","codigoMinsa":26970,"direccion":"JIRÓN AREQUIPA 1030 EL TAMBO HUANCAYO JUNIN","disa":"JUNIN","red":"NO PERTENECE A NINGUNA RED","microrred":"NO PERTENECE A NINGUNA MICRORED","categoria":"SERVICIO MÉDICO DE APOYO","condicion":"ACTIVO","actualizado":"2023/08/01 19:00:00.000","fuente":"MINSA","urlRenipr":"http://app20.susalud.gob.pe:8080/registro-renipress-webapp/ipress.htm?action=mostrarVer&idipress=00026970"}},{"type":"Feature","geometry":{"type":"Point","coordinates":[-75.21470419999997,-12.070549299999982]},"properties":{"objectid":27520,"nombre":"POLICLINICO DEL CENTRO","departamento":"JUNIN","provincia":"HUANCAYO","distrito":"HUANCAYO","institucion":"PRIVADO","codigoMinsa":25780,"direccion":"AVENIDA HUANCAVELICA NÚMERO 357 DISTRITO HUANCAYO PROVINCIA HUANCAYO DEPARTAMENTO JUNIN","disa":"JUNIN","red":"NO PERTENECE A NINGUNA RED","microrred":"NO PERTENECE A NINGUNA MICRORED","categoria":"ESTABLECIMIENTO DE SALUD SIN INTERNAMIENTO","condicion":"ACTIVO","actualizado":"2023/08/01 19:00:00.000","fuente":"MINSA","urlRenipr":"http://app20.susalud.gob.pe:8080/registro-renipress-webapp/ipress.htm?action=mostrarVer&idipress=00025780"}},{"type":"Feature","geometry":{"type":"Point","coordinates":[-75.21029759999993,-12.068635699999959]},"properties":{"objectid":27543,"nombre":"ONCOLAB","departamento":"JUNIN","provincia":"HUANCAYO","distrito":"HUANCAYO","institucion":"PRIVADO","codigoMinsa":25193,"direccion":"AVENIDA DANIEL ALCIDES CARRION NÚMERO 1025 PISO 3 INTERIOR 306 DISTRITO HUANCAYO PROVINCIA HUANCAYO DEPARTAMENTO JUNIN","disa":"JUNIN","red":"NO PERTENECE A NINGUNA RED","microrred":"NO PERTENECE A NINGUNA MICRORED","categoria":"SERVICIO MÉDICO DE APOYO","condicion":"ACTIVO","actualizado":"2023/08/01 19:00:00.000","fuente":"MINSA","urlRenipr":"http://app20.susalud.gob.pe:8080/registro-renipress-webapp/ipress.htm?action=mostrarVer&idipress=00025193"}},{"type":"Feature","geometry":{"type":"Point","coordinates":[-75.78039249999995,-11.37576249999995]},"properties":{"objectid":27620,"nombre":"LUCE MEDIC S.A.","departamento":"JUNIN","provincia":"TARMA","distrito":"LA UNION","institucion":"PRIVADO","codigoMinsa":20829,"direccion":"OTROS CPM CONDORCOCHA S/N NÚMERO S/N DISTRITO LA UNION PROVINCIA TARMA DEPARTAMENTO JUNIN","disa":"JUNIN","red":"NO PERTENECE A NINGUNA RED","microrred":"NO PERTENECE A NINGUNA MICRORED","categoria":"ESTABLECIMIENTO DE SALUD SIN INTERNAMIENTO","condicion":"ACTIVO","actualizado":"2023/08/01 19:00:00.000","fuente":"MINSA","urlRenipr":"http://app20.susalud.gob.pe:8080/registro-renipress-webapp/ipress.htm?action=mostrarVer&idipress=00020829"}},{"type":"Feature","geometry":{"type":"Point","coordinates":[-75.58140213999997,-11.533993739999971]},"properties":{"objectid":27641,"nombre":"APAYCANCHILLA","departamento":"JUNIN","provincia":"TARMA","distrito":"HUARICOLCA","institucion":"GOBIERNO REGIONAL","codigoMinsa":596,"direccion":"CALLE CALLE 24 DE AGOSTO S/N NÚMERO S/N DISTRITO HUARICOLCA PROVINCIA TARMA DEPARTAMENTO JUNIN","disa":"JUNIN","red":"TARMA","microrred":"TARMA","categoria":"ESTABLECIMIENTO DE SALUD SIN INTERNAMIENTO","condicion":"ACTIVO","actualizado":"2023/08/01 19:00:00.000","fuente":"MINSA","urlRenipr":"http://app20.susalud.gob.pe:8080/registro-renipress-webapp/ipress.htm?action=mostrarVer&idipress=00000596"}},{"type":"Feature","geometry":{"type":"Point","coordinates":[-75.55316954999995,-11.262443229999974]},"properties":{"objectid":27642,"nombre":"CARPAPATA","departamento":"JUNIN","provincia":"TARMA","distrito":"PALCA","institucion":"GOBIERNO REGIONAL","codigoMinsa":571,"direccion":"CARRETERA CARRETERA CENTRAL CARPAPATA DISTRITO PALCA PROVINCIA TARMA DEPARTAMENTO JUNIN","disa":"JUNIN","red":"TARMA","microrred":"PALCA","categoria":"ESTABLECIMIENTO DE SALUD SIN INTERNAMIENTO","condicion":"ACTIVO","actualizado":"2023/08/01 19:00:00.000","fuente":"MINSA","urlRenipr":"http://app20.susalud.gob.pe:8080/registro-renipress-webapp/ipress.htm?action=mostrarVer&idipress=00000571"}},{"type":"Feature","geometry":{"type":"Point","coordinates":[-75.68748349999998,-11.240170579999926]},"properties":{"objectid":27643,"nombre":"TIAMBRA","departamento":"JUNIN","provincia":"TARMA","distrito":"HUASAHUASI","institucion":"GOBIERNO REGIONAL","codigoMinsa":548,"direccion":"OTROS BARRIO CENTRO S/N TIAMBRA NÚMERO S/N DISTRITO HUASAHUASI PROVINCIA TARMA DEPARTAMENTO JUNIN","disa":"JUNIN","red":"TARMA","microrred":"HUASAHUASI","categoria":"ESTABLECIMIENTO DE SALUD SIN INTERNAMIENTO","condicion":"ACTIVO","actualizado":"2023/08/01 19:00:00.000","fuente":"MINSA","urlRenipr":"http://app20.susalud.gob.pe:8080/registro-renipress-webapp/ipress.htm?action=mostrarVer&idipress=00000548"}},{"type":"Feature","geometry":{"type":"Point","coordinates":[-75.68894929999993,-11.419334699999979]},"properties":{"objectid":27644,"nombre":"CENTRO DE AISLAMIENTO TEMPORAL TARMA","departamento":"JUNIN","provincia":"TARMA","distrito":"TARMA","institucion":"GOBIERNO REGIONAL","codigoMinsa":29374,"direccion":"JIRÓN Lima 412 1 frente al banco de crédito TARMA TARMA JUNIN","disa":"JUNIN","red":"TARMA","microrred":"NO PERTENECE A NINGUNA MICRORED","categoria":"SERVICIO MÉDICO DE APOYO","condicion":"ACTIVO","actualizado":"2023/08/01 19:00:00.000","fuente":"MINSA","urlRenipr":"http://app20.susalud.gob.pe:8080/registro-renipress-webapp/ipress.htm?action=mostrarVer&idipress=00029374"}},{"type":"Feature","geometry":{"type":"Point","coordinates":[-75.13028499999996,-10.821133329999952]},"properties":{"objectid":27884,"nombre":"RAYMONDI","departamento":"JUNIN","provincia":"JUNIN","distrito":"ULCUMAYO","institucion":"GOBIERNO REGIONAL","codigoMinsa":317,"direccion":"OTROS CENTRO POBLADO RAYMONDI DISTRITO ULCUMAYO PROVINCIA JUNIN DEPARTAMENTO JUNIN","disa":"JUNIN","red":"CHANCHAMAYO","microrred":"SAN LUIS DE SHUARO","categoria":"ESTABLECIMIENTO DE SALUD SIN INTERNAMIENTO","condicion":"ACTIVO","actualizado":"2023/08/01 19:00:00.000","fuente":"MINSA","urlRenipr":"http://app20.susalud.gob.pe:8080/registro-renipress-webapp/ipress.htm?action=mostrarVer&idipress=00000317"}},{"type":"Feature","geometry":{"type":"Point","coordinates":[-75.12006832999998,-10.939829999999972]},"properties":{"objectid":27886,"nombre":"CENTRO TOTERANI","departamento":"JUNIN","provincia":"CHANCHAMAYO","distrito":"PERENE","institucion":"GOBIERNO REGIONAL","codigoMinsa":333,"direccion":"CARRETERA CARRETERA DE PENETRACION DEL ANEXO CENTRO TOTERANI DISTRITO PERENE PROVINCIA CHANCHAMAYO DEPARTAMENTO JUNIN","disa":"JUNIN","red":"CHANCHAMAYO","microrred":"PERENE","categoria":"ESTABLECIMIENTO DE SALUD SIN INTERNAMIENTO","condicion":"ACTIVO","actualizado":"2023/08/01 19:00:00.000","fuente":"MINSA","urlRenipr":"http://app20.susalud.gob.pe:8080/registro-renipress-webapp/ipress.htm?action=mostrarVer&idipress=00000333"}},{"type":"Feature","geometry":{"type":"Point","coordinates":[-75.25303832999998,-11.452866909999955]},"properties":{"objectid":27887,"nombre":"UCHUBAMBA","departamento":"JUNIN","provincia":"JAUJA","distrito":"MASMA","institucion":"GOBIERNO REGIONAL","codigoMinsa":361,"direccion":"PLAZA PLAZA PRINCIPAL DEL ANEXO UCHUBAMBA DISTRITO MASMA PROVINCIA JAUJA DEPARTAMENTO JUNIN","disa":"JUNIN","red":"CHANCHAMAYO","microrred":"SAN RAMON","categoria":"ESTABLECIMIENTO DE SALUD SIN INTERNAMIENTO","condicion":"ACTIVO","actualizado":"2023/08/01 19:00:00.000","fuente":"MINSA","urlRenipr":"http://app20.susalud.gob.pe:8080/registro-renipress-webapp/ipress.htm?action=mostrarVer&idipress=00000361"}},{"type":"Feature","geometry":{"type":"Point","coordinates":[-75.39882297999998,-11.141743829999939]},"properties":{"objectid":27888,"nombre":"NARANJAL","departamento":"JUNIN","provincia":"CHANCHAMAYO","distrito":"SAN RAMON","institucion":"GOBIERNO REGIONAL","codigoMinsa":355,"direccion":"AVENIDA AV. LAM FRANCO MZ S, LOT 6 DISTRITO SAN RAMON PROVINCIA CHANCHAMAYO DEPARTAMENTO JUNIN","disa":"JUNIN","red":"CHANCHAMAYO","microrred":"SAN RAMON","categoria":"ESTABLECIMIENTO DE SALUD SIN INTERNAMIENTO","condicion":"ACTIVO","actualizado":"2023/08/01 19:00:00.000","fuente":"MINSA","urlRenipr":"http://app20.susalud.gob.pe:8080/registro-renipress-webapp/ipress.htm?action=mostrarVer&idipress=00000355"}},{"type":"Feature","geometry":{"type":"Point","coordinates":[-76.13923599999998,-11.611309999999946]},"properties":{"objectid":28117,"nombre":"ESTABLECIMIENTO DE SALUD TUNSHURUCO","departamento":"JUNIN","provincia":"YAULI","distrito":"MOROCOCHA","institucion":"PRIVADO","codigoMinsa":25651,"direccion":"CARRETERA CARRETERA CENTRAL KM 160 DISTRITO MOROCOCHA PROVINCIA YAULI DEPARTAMENTO JUNIN","disa":"JUNIN","red":"NO PERTENECE A NINGUNA RED","microrred":"NO PERTENECE A NINGUNA MICRORED","categoria":"ESTABLECIMIENTO DE SALUD SIN INTERNAMIENTO","condicion":"ACTIVO","actualizado":"2023/08/01 19:00:00.000","fuente":"MINSA","urlRenipr":"http://app20.susalud.gob.pe:8080/registro-renipress-webapp/ipress.htm?action=mostrarVer&idipress=00025651"}},{"type":"Feature","geometry":{"type":"Point","coordinates":[-75.20432285999993,-12.082608969999967]},"properties":{"objectid":28431,"nombre":"CENTRO MEDICO INTERNACIONAL BREVETE","departamento":"JUNIN","provincia":"HUANCAYO","distrito":"CHILCA","institucion":"PRIVADO","codigoMinsa":28865,"direccion":"JIRÓN MARISCAL CASTILLA NÚMERO 353 PISO 1 DISTRITO CHILCA PROVINCIA HUANCAYO DEPARTAMENTO JUNIN","disa":"JUNIN","red":"NO PERTENECE A NINGUNA RED","microrred":"NO PERTENECE A NINGUNA MICRORED","categoria":"ESTABLECIMIENTO DE SALUD SIN INTERNAMIENTO","condicion":"ACTIVO","actualizado":"2023/08/01 19:00:00.000","fuente":"MINSA","urlRenipr":"http://app20.susalud.gob.pe:8080/registro-renipress-webapp/ipress.htm?action=mostrarVer&idipress=00028865"}},{"type":"Feature","geometry":{"type":"Point","coordinates":[-74.65684119999997,-11.199934419999977]},"properties":{"objectid":28470,"nombre":"AREA DE SALUD DEL EP RIO NEGRO","departamento":"JUNIN","provincia":"SATIPO","distrito":"RIO NEGRO","institucion":"INPE","codigoMinsa":27894,"direccion":"AVENIDA LOS PINOS SAN MIGUEL DE ARCANGEL N?ERO S/N PISO 1 DISTRITO RIO NEGRO PROVINCIA SATIPO DEPARTAMENTO JUNIN","disa":"JUNIN","red":"NO PERTENECE A NINGUNA RED","microrred":"NO PERTENECE A NINGUNA MICRORED","categoria":"ESTABLECIMIENTO DE SALUD SIN INTERNAMIENTO","condicion":"ACTIVO","actualizado":"2023/08/01 19:00:00.000","fuente":"MINSA","urlRenipr":"http://app20.susalud.gob.pe:8080/registro-renipress-webapp/ipress.htm?action=mostrarVer&idipress=00027894"}},{"type":"Feature","geometry":{"type":"Point","coordinates":[-74.52104775999999,-11.49362771999995]},"properties":{"objectid":28524,"nombre":"VILCABAMBA","departamento":"JUNIN","provincia":"SATIPO","distrito":"MAZAMARI - PANGOA","institucion":"GOBIERNO REGIONAL","codigoMinsa":458,"direccion":"AVENIDA AV.PANGOA SECTOR PATEAMAYO-ANEXO VILCABAMBA DISTRITO PANGOA PROVINCIA SATIPO DEPARTAMENTO JUNIN","disa":"JUNIN","red":"SAN MARTIN DE PANGOA","microrred":"SAN RAMON DE PANGOA","categoria":"ESTABLECIMIENTO DE SALUD SIN INTERNAMIENTO","condicion":"ACTIVO","actualizado":"2023/08/01 19:00:00.000","fuente":"MINSA","urlRenipr":"http://app20.susalud.gob.pe:8080/registro-renipress-webapp/ipress.htm?action=mostrarVer&idipress=00000458"}},{"type":"Feature","geometry":{"type":"Point","coordinates":[-73.70748106999997,-11.196392579999952]},"properties":{"objectid":28530,"nombre":"CUSHIRENI","departamento":"JUNIN","provincia":"SATIPO","distrito":"RIO TAMBO","institucion":"GOBIERNO REGIONAL","codigoMinsa":459,"direccion":"OTROS COMUNIDAD NATIVA CUSHIRENI DISTRITO RIO TAMBO PROVINCIA SATIPO DEPARTAMENTO JUNIN","disa":"JUNIN","red":"SATIPO","microrred":"POYENI","categoria":"ESTABLECIMIENTO DE SALUD SIN INTERNAMIENTO","condicion":"ACTIVO","actualizado":"2023/08/01 19:00:00.000","fuente":"MINSA","urlRenipr":"http://app20.susalud.gob.pe:8080/registro-renipress-webapp/ipress.htm?action=mostrarVer&idipress=00000459"}},{"type":"Feature","geometry":{"type":"Point","coordinates":[-74.31421809999995,-11.091577669999936]},"properties":{"objectid":28531,"nombre":"VISTA ALEGRE DEL VALLE DE SANTA CRUZ","departamento":"JUNIN","provincia":"SATIPO","distrito":"RIO TAMBO","institucion":"GOBIERNO REGIONAL","codigoMinsa":7187,"direccion":"OTROS ANEXO VISTA ALEGRE DISTRITO RIO TAMBO PROVINCIA SATIPO DEPARTAMENTO JUNIN","disa":"JUNIN","red":"SATIPO","microrred":"PUERTO OCOPA","categoria":"ESTABLECIMIENTO DE SALUD SIN INTERNAMIENTO","condicion":"ACTIVO","actualizado":"2023/08/01 19:00:00.000","fuente":"MINSA","urlRenipr":"http://app20.susalud.gob.pe:8080/registro-renipress-webapp/ipress.htm?action=mostrarVer&idipress=00007187"}},{"type":"Feature","geometry":{"type":"Point","coordinates":[-74.24615572999994,-11.258983409999928]},"properties":{"objectid":28532,"nombre":"UNION PUERTO ASHANINKA","departamento":"JUNIN","provincia":"SATIPO","distrito":"MAZAMARI - PANGOA","institucion":"GOBIERNO REGIONAL","codigoMinsa":6879,"direccion":"OTROS CC.NN. UNIÓN PUERTO ASHANINKA DISTRITO PANGOA PROVINCIA SATIPO DEPARTAMENTO JUNIN","disa":"JUNIN","red":"SATIPO","microrred":"PUERTO OCOPA","categoria":"ESTABLECIMIENTO DE SALUD SIN INTERNAMIENTO","condicion":"ACTIVO","actualizado":"2023/08/01 19:00:00.000","fuente":"MINSA","urlRenipr":"http://app20.susalud.gob.pe:8080/registro-renipress-webapp/ipress.htm?action=mostrarVer&idipress=00006879"}},{"type":"Feature","geometry":{"type":"Point","coordinates":[-74.69963473999996,-11.290806319999945]},"properties":{"objectid":28533,"nombre":"PARATUSHALI","departamento":"JUNIN","provincia":"SATIPO","distrito":"SATIPO","institucion":"GOBIERNO REGIONAL","codigoMinsa":481,"direccion":"OTROS COMUNIDAD PARATUSHALI DISTRITO SATIPO PROVINCIA SATIPO DEPARTAMENTO JUNIN","disa":"JUNIN","red":"SATIPO","microrred":"RIO NEGRO-SATIPO","categoria":"ESTABLECIMIENTO DE SALUD SIN INTERNAMIENTO","condicion":"ACTIVO","actualizado":"2023/08/01 19:00:00.000","fuente":"MINSA","urlRenipr":"http://app20.susalud.gob.pe:8080/registro-renipress-webapp/ipress.htm?action=mostrarVer&idipress=00000481"}},{"type":"Feature","geometry":{"type":"Point","coordinates":[-73.95817957999998,-11.85893085999993]},"properties":{"objectid":28534,"nombre":"MICAELA BASTIDAS MORALES","departamento":"JUNIN","provincia":"SATIPO","distrito":"MAZAMARI - PANGOA","institucion":"GOBIERNO REGIONAL","codigoMinsa":468,"direccion":"OTROS ANEXO MICAELA BASTIDAS MORALES DISTRITO PANGOA PROVINCIA SATIPO DEPARTAMENTO JUNIN","disa":"JUNIN","red":"SATIPO","microrred":"VALLE ESMERALDA","categoria":"ESTABLECIMIENTO DE SALUD SIN INTERNAMIENTO","condicion":"ACTIVO","actualizado":"2023/08/01 19:00:00.000","fuente":"MINSA","urlRenipr":"http://app20.susalud.gob.pe:8080/registro-renipress-webapp/ipress.htm?action=mostrarVer&idipress=00000468"}},{"type":"Feature","geometry":{"type":"Point","coordinates":[-74.43207522999995,-11.290667639999981]},"properties":{"objectid":28535,"nombre":"TZIRIARI","departamento":"JUNIN","provincia":"SATIPO","distrito":"MAZAMARI - PANGOA","institucion":"GOBIERNO REGIONAL","codigoMinsa":438,"direccion":"OTROS COMUNIDAD NATIVA DE TZIRIARI DISTRITO PANGOA PROVINCIA SATIPO DEPARTAMENTO JUNIN","disa":"JUNIN","red":"SATIPO","microrred":"MAZAMARI","categoria":"ESTABLECIMIENTO DE SALUD SIN INTERNAMIENTO","condicion":"ACTIVO","actualizado":"2023/08/01 19:00:00.000","fuente":"MINSA","urlRenipr":"http://app20.susalud.gob.pe:8080/registro-renipress-webapp/ipress.htm?action=mostrarVer&idipress=00000438"}},{"type":"Feature","geometry":{"type":"Point","coordinates":[-74.52919205999996,-11.32432960999995]},"properties":{"objectid":28536,"nombre":"MAZAMARI","departamento":"JUNIN","provincia":"SATIPO","distrito":"MAZAMARI - PANGOA","institucion":"GOBIERNO REGIONAL","codigoMinsa":434,"direccion":"AVENIDA AV. LA CULTURA S/N NÚMERO S/N DISTRITO MAZAMARI PROVINCIA SATIPO DEPARTAMENTO JUNIN","disa":"JUNIN","red":"SATIPO","microrred":"MAZAMARI","categoria":"ESTABLECIMIENTO DE SALUD CON INTERNAMIENTO","condicion":"ACTIVO","actualizado":"2023/08/01 19:00:00.000","fuente":"MINSA","urlRenipr":"http://app20.susalud.gob.pe:8080/registro-renipress-webapp/ipress.htm?action=mostrarVer&idipress=00000434"}},{"type":"Feature","geometry":{"type":"Point","coordinates":[-75.49861650999998,-11.777664409999943]},"properties":{"objectid":28537,"nombre":"CLINICA MEJIA S.C.R.L.","departamento":"JUNIN","provincia":"JAUJA","distrito":"JAUJA","institucion":"PRIVADO","codigoMinsa":8175,"direccion":"JIRÓN JR. JUNIN Nº 1136 DISTRITO JAUJA PROVINCIA JAUJA DEPARTAMENTO JUNIN","disa":"JUNIN","red":"","microrred":"NO PERTENECE A NINGUNA MICRORED","categoria":"ESTABLECIMIENTO DE SALUD CON INTERNAMIENTO","condicion":"ACTIVO","actualizado":"2023/08/01 19:00:00.000","fuente":"MINSA","urlRenipr":"http://app20.susalud.gob.pe:8080/registro-renipress-webapp/ipress.htm?action=mostrarVer&idipress=00008175"}},{"type":"Feature","geometry":{"type":"Point","coordinates":[-74.49044269999996,-11.426292599999954]},"properties":{"objectid":28542,"nombre":"MAVENI","departamento":"JUNIN","provincia":"SATIPO","distrito":"MAZAMARI - PANGOA","institucion":"GOBIERNO REGIONAL","codigoMinsa":27800,"direccion":"AVENIDA MAZAMARI NÚMERO S/N DISTRITO PANGOA PROVINCIA SATIPO DEPARTAMENTO JUNIN","disa":"JUNIN","red":"SAN MARTIN DE PANGOA","microrred":"CUBANTIA","categoria":"ESTABLECIMIENTO DE SALUD SIN INTERNAMIENTO","condicion":"ACTIVO","actualizado":"2023/08/01 19:00:00.000","fuente":"MINSA","urlRenipr":"http://app20.susalud.gob.pe:8080/registro-renipress-webapp/ipress.htm?action=mostrarVer&idipress=00027800"}},{"type":"Feature","geometry":{"type":"Point","coordinates":[-74.28532986999994,-11.66287062999993]},"properties":{"objectid":28543,"nombre":"SANTA CRUZ DE ANAPATI","departamento":"JUNIN","provincia":"SATIPO","distrito":"MAZAMARI - PANGOA","institucion":"GOBIERNO REGIONAL","codigoMinsa":21801,"direccion":"CALLE CALLE HUANCAVELICA S/N C.P. SANTA CRUZ DE ANAPATI NÚMERO S/N DISTRITO PANGOA PROVINCIA SATIPO DEPARTAMENTO JUNIN","disa":"JUNIN","red":"SAN MARTIN DE PANGOA","microrred":"CUBANTIA","categoria":"ESTABLECIMIENTO DE SALUD SIN INTERNAMIENTO","condicion":"ACTIVO","actualizado":"2023/08/01 19:00:00.000","fuente":"MINSA","urlRenipr":"http://app20.susalud.gob.pe:8080/registro-renipress-webapp/ipress.htm?action=mostrarVer&idipress=00021801"}},{"type":"Feature","geometry":{"type":"Point","coordinates":[-75.21016740999994,-12.068936959999974]},"properties":{"objectid":28627,"nombre":"CONSULTORIO ODONTOLOGICO CIENTIFICA","departamento":"JUNIN","provincia":"HUANCAYO","distrito":"HUANCAYO","institucion":"PRIVADO","codigoMinsa":30954,"direccion":"CALLE REAL NÚMERO 517 PISO 2 DEPARTAMENTO 201 DISTRITO HUANCAYO PROVINCIA HUANCAYO DEPARTAMENTO JUNIN","disa":"JUNIN","red":"","microrred":"","categoria":"ESTABLECIMIENTO DE SALUD SIN INTERNAMIENTO","condicion":"ACTIVO","actualizado":"2023/08/01 19:00:00.000","fuente":"MINSA","urlRenipr":"http://app20.susalud.gob.pe:8080/registro-renipress-webapp/ipress.htm?action=mostrarVer&idipress=00030954"}},{"type":"Feature","geometry":{"type":"Point","coordinates":[-75.71938223999996,-11.784561959999962]},"properties":{"objectid":28733,"nombre":"POSTA MEDICA PACHACAYO","departamento":"JUNIN","provincia":"JAUJA","distrito":"CANCHAYLLO","institucion":"ESSALUD","codigoMinsa":8676,"direccion":"CARRETERA CARRETERA CENTRAL KM 43 DISTRITO CANCHAYLLO PROVINCIA JAUJA DEPARTAMENTO JUNIN","disa":"JUNIN","red":"NO PERTENECE A NINGUNA RED","microrred":"","categoria":"ESTABLECIMIENTO DE SALUD SIN INTERNAMIENTO","condicion":"ACTIVO","actualizado":"2023/08/01 19:00:00.000","fuente":"MINSA","urlRenipr":"http://app20.susalud.gob.pe:8080/registro-renipress-webapp/ipress.htm?action=mostrarVer&idipress=00008676"}},{"type":"Feature","geometry":{"type":"Point","coordinates":[-75.68748749999997,-11.397167779999961]},"properties":{"objectid":28737,"nombre":"HOSPITAL I TARMA","departamento":"JUNIN","provincia":"TARMA","distrito":"TARMA","institucion":"ESSALUD","codigoMinsa":8654,"direccion":"AVENIDA AVENIDA ODRIA S/N CD. 14 NÚMERO S/N DISTRITO TARMA PROVINCIA TARMA DEPARTAMENTO JUNIN","disa":"JUNIN","red":"NO PERTENECE A NINGUNA RED","microrred":"NO PERTENECE A NINGUNA MICRORED","categoria":"ESTABLECIMIENTO DE SALUD CON INTERNAMIENTO","condicion":"ACTIVO","actualizado":"2023/08/01 19:00:00.000","fuente":"MINSA","urlRenipr":"http://app20.susalud.gob.pe:8080/registro-renipress-webapp/ipress.htm?action=mostrarVer&idipress=00008654"}},{"type":"Feature","geometry":{"type":"Point","coordinates":[-75.21029759999993,-12.068635699999959]},"properties":{"objectid":28748,"nombre":"CENTRO MEDICO SAN FELIPE","departamento":"JUNIN","provincia":"HUANCAYO","distrito":"HUANCAYO","institucion":"OTRO","codigoMinsa":14534,"direccion":"JIRÓN JR. MANTARO N° 164 DISTRITO HUANCAYO PROVINCIA HUANCAYO DEPARTAMENTO JUNIN","disa":"JUNIN","red":"NO PERTENECE A NINGUNA RED","microrred":"NO PERTENECE A NINGUNA MICRORED","categoria":"ESTABLECIMIENTO DE SALUD SIN INTERNAMIENTO","condicion":"ACTIVO","actualizado":"2023/08/01 19:00:00.000","fuente":"MINSA","urlRenipr":"http://app20.susalud.gob.pe:8080/registro-renipress-webapp/ipress.htm?action=mostrarVer&idipress=00014534"}},{"type":"Feature","geometry":{"type":"Point","coordinates":[-75.35788471999996,-12.052777879999951]},"properties":{"objectid":28767,"nombre":"HUARISCA","departamento":"JUNIN","provincia":"CHUPACA","distrito":"AHUAC","institucion":"GOBIERNO REGIONAL","codigoMinsa":648,"direccion":"CARRETERA CARRETERA CHUPACA-YAUYOS-HUARISCA, PARAJE MOLINO CHIMPA DISTRITO AHUAC PROVINCIA CHUPACA DEPARTAMENTO JUNIN","disa":"JUNIN","red":"RED DE SALUD CHUPACA","microrred":"CHUPACA","categoria":"ESTABLECIMIENTO DE SALUD SIN INTERNAMIENTO","condicion":"ACTIVO","actualizado":"2023/08/01 19:00:00.000","fuente":"MINSA","urlRenipr":"http://app20.susalud.gob.pe:8080/registro-renipress-webapp/ipress.htm?action=mostrarVer&idipress=00000648"}},{"type":"Feature","geometry":{"type":"Point","coordinates":[-75.20215749999994,-12.07916419999998]},"properties":{"objectid":28809,"nombre":"CENTRO MEDICO PSICOSOMATICO SAN ANTONIO","departamento":"JUNIN","provincia":"HUANCAYO","distrito":"CHILCA","institucion":"PRIVADO","codigoMinsa":26851,"direccion":"AVENIDA 9 de Diciembre NÚMERO 460 DISTRITO CHILCA PROVINCIA HUANCAYO DEPARTAMENTO JUNIN","disa":"","red":"","microrred":"","categoria":"ESTABLECIMIENTO DE SALUD SIN INTERNAMIENTO","condicion":"RUC INACTIVO EN SUNAT","actualizado":"2023/08/01 19:00:00.000","fuente":"MINSA","urlRenipr":"http://app20.susalud.gob.pe:8080/registro-renipress-webapp/ipress.htm?action=mostrarVer&idipress=00026851"}},{"type":"Feature","geometry":{"type":"Point","coordinates":[-74.79548103999997,-11.063118429999975]},"properties":{"objectid":29023,"nombre":"UNION SHIMASHIRO","departamento":"JUNIN","provincia":"CHANCHAMAYO","distrito":"PICHANAQUI","institucion":"GOBIERNO REGIONAL","codigoMinsa":352,"direccion":"OTROS CENTRO POBLADO MENOR UNION SHIMASHIRO DISTRITO PICHANAQUI PROVINCIA CHANCHAMAYO DEPARTAMENTO JUNIN","disa":"JUNIN","red":"PICHANAKI","microrred":"LAS PALMAS","categoria":"ESTABLECIMIENTO DE SALUD SIN INTERNAMIENTO","condicion":"ACTIVO","actualizado":"2023/08/01 19:00:00.000","fuente":"MINSA","urlRenipr":"http://app20.susalud.gob.pe:8080/registro-renipress-webapp/ipress.htm?action=mostrarVer&idipress=00000352"}},{"type":"Feature","geometry":{"type":"Point","coordinates":[-74.72720332999995,-10.92870666999994]},"properties":{"objectid":29024,"nombre":"SAN JOSE DE ANAPIARI","departamento":"JUNIN","provincia":"CHANCHAMAYO","distrito":"PICHANAQUI","institucion":"GOBIERNO REGIONAL","codigoMinsa":14383,"direccion":"AVENIDA AVENIDA SAN NICOLAS S/N NÚMERO S/N DISTRITO PICHANAQUI PROVINCIA CHANCHAMAYO DEPARTAMENTO JUNIN","disa":"JUNIN","red":"PICHANAKI","microrred":"HUACHIRIKI","categoria":"ESTABLECIMIENTO DE SALUD SIN INTERNAMIENTO","condicion":"ACTIVO","actualizado":"2023/08/01 19:00:00.000","fuente":"MINSA","urlRenipr":"http://app20.susalud.gob.pe:8080/registro-renipress-webapp/ipress.htm?action=mostrarVer&idipress=00014383"}},{"type":"Feature","geometry":{"type":"Point","coordinates":[-74.43354147999997,-11.528665089999947]},"properties":{"objectid":29038,"nombre":"BOCA KIATARI","departamento":"JUNIN","provincia":"SATIPO","distrito":"MAZAMARI - PANGOA","institucion":"GOBIERNO REGIONAL","codigoMinsa":457,"direccion":"OTROS CENTRO POBLADO BOCA KIATARI S/N NÚMERO S/N DISTRITO PANGOA PROVINCIA SATIPO DEPARTAMENTO JUNIN","disa":"JUNIN","red":"SAN MARTIN DE PANGOA","microrred":"CUBANTIA","categoria":"ESTABLECIMIENTO DE SALUD SIN INTERNAMIENTO","condicion":"ACTIVO","actualizado":"2023/08/01 19:00:00.000","fuente":"MINSA","urlRenipr":"http://app20.susalud.gob.pe:8080/registro-renipress-webapp/ipress.htm?action=mostrarVer&idipress=00000457"}},{"type":"Feature","geometry":{"type":"Point","coordinates":[-75.14667562999995,-11.613083979999942]},"properties":{"objectid":29096,"nombre":"SAN FRANCISCO DE MACON","departamento":"JUNIN","provincia":"CONCEPCION","distrito":"COCHAS","institucion":"GOBIERNO REGIONAL","codigoMinsa":19794,"direccion":"PLAZA PLAZA DE ARMAS. DISTRITO COCHAS PROVINCIA CONCEPCION DEPARTAMENTO JUNIN","disa":"JUNIN","red":"VALLE DEL MANTARO","microrred":"COMAS","categoria":"ESTABLECIMIENTO DE SALUD SIN INTERNAMIENTO","condicion":"ACTIVO","actualizado":"2023/08/01 19:00:00.000","fuente":"MINSA","urlRenipr":"http://app20.susalud.gob.pe:8080/registro-renipress-webapp/ipress.htm?action=mostrarVer&idipress=00019794"}},{"type":"Feature","geometry":{"type":"Point","coordinates":[-75.20201750999996,-12.074161729999958]},"properties":{"objectid":29098,"nombre":"PUESTO DE SALUD SAN FRANCISCO","departamento":"JUNIN","provincia":"HUANCAYO","distrito":"HUANCAYO","institucion":"GOBIERNO REGIONAL","codigoMinsa":732,"direccion":"OTROS ACTUALIZAR DISTRITO HUANCAYO PROVINCIA HUANCAYO DEPARTAMENTO JUNIN","disa":"JUNIN","red":"VALLE DEL MANTARO","microrred":"LA LIBERTAD","categoria":"ESTABLECIMIENTO DE SALUD SIN INTERNAMIENTO","condicion":"ACTIVO","actualizado":"2023/08/01 19:00:00.000","fuente":"MINSA","urlRenipr":"http://app20.susalud.gob.pe:8080/registro-renipress-webapp/ipress.htm?action=mostrarVer&idipress=00000732"}},{"type":"Feature","geometry":{"type":"Point","coordinates":[-75.19633595999994,-12.069924039999933]},"properties":{"objectid":29099,"nombre":"OCOPILLA","departamento":"JUNIN","provincia":"HUANCAYO","distrito":"HUANCAYO","institucion":"GOBIERNO REGIONAL","codigoMinsa":728,"direccion":"JIRÓN JIRON MILLER Y PASAJE ALAMO JIRON MILLER Y PASAJE ALAMO HUANCAYO HUANCAYO JUNIN","disa":"JUNIN","red":"VALLE DEL MANTARO","microrred":"LA LIBERTAD","categoria":"ESTABLECIMIENTO DE SALUD SIN INTERNAMIENTO","condicion":"ACTIVO","actualizado":"2023/08/01 19:00:00.000","fuente":"MINSA","urlRenipr":"http://app20.susalud.gob.pe:8080/registro-renipress-webapp/ipress.htm?action=mostrarVer&idipress=00000728"}},{"type":"Feature","geometry":{"type":"Point","coordinates":[-75.30033475999994,-11.820413439999982]},"properties":{"objectid":29121,"nombre":"CHICCHE","departamento":"JUNIN","provincia":"JAUJA","distrito":"APATA","institucion":"GOBIERNO REGIONAL","codigoMinsa":412,"direccion":"OTROS SEGUNDO BARRIO CHINCHE DISTRITO APATA PROVINCIA JAUJA DEPARTAMENTO JUNIN","disa":"JUNIN","red":"JAUJA","microrred":"MARGEN IZQUIERDA","categoria":"ESTABLECIMIENTO DE SALUD SIN INTERNAMIENTO","condicion":"ACTIVO","actualizado":"2023/08/01 19:00:00.000","fuente":"MINSA","urlRenipr":"http://app20.susalud.gob.pe:8080/registro-renipress-webapp/ipress.htm?action=mostrarVer&idipress=00000412"}},{"type":"Feature","geometry":{"type":"Point","coordinates":[-75.45526798999998,-11.817125989999965]},"properties":{"objectid":29122,"nombre":"MUQUIYAUYO","departamento":"JUNIN","provincia":"JAUJA","distrito":"MUQUIYAUYO","institucion":"GOBIERNO REGIONAL","codigoMinsa":403,"direccion":"JIRÓN JR. ASEQUIA ALTA Nº 800 DISTRITO MUQUIYAUYO PROVINCIA JAUJA DEPARTAMENTO JUNIN","disa":"JUNIN","red":"JAUJA","microrred":"MARGEN DERECHA","categoria":"ESTABLECIMIENTO DE SALUD SIN INTERNAMIENTO","condicion":"ACTIVO","actualizado":"2023/08/01 19:00:00.000","fuente":"MINSA","urlRenipr":"http://app20.susalud.gob.pe:8080/registro-renipress-webapp/ipress.htm?action=mostrarVer&idipress=00000403"}},{"type":"Feature","geometry":{"type":"Point","coordinates":[-76.06266938999994,-11.587515069999938]},"properties":{"objectid":29123,"nombre":"MOROCOCHA","departamento":"JUNIN","provincia":"YAULI","distrito":"MOROCOCHA","institucion":"GOBIERNO REGIONAL","codigoMinsa":563,"direccion":"JIRÓN JIRON UNION 101 MOROCOCHA NUEVA DISTRITO MOROCOCHA PROVINCIA YAULI DEPARTAMENTO JUNIN","disa":"JUNIN","red":"JAUJA","microrred":"YAULI-OROYA","categoria":"ESTABLECIMIENTO DE SALUD SIN INTERNAMIENTO","condicion":"ACTIVO","actualizado":"2023/08/01 19:00:00.000","fuente":"MINSA","urlRenipr":"http://app20.susalud.gob.pe:8080/registro-renipress-webapp/ipress.htm?action=mostrarVer&idipress=00000563"}},{"type":"Feature","geometry":{"type":"Point","coordinates":[-75.48581666999996,-11.790321669999969]},"properties":{"objectid":29124,"nombre":"SAUSA","departamento":"JUNIN","provincia":"JAUJA","distrito":"SAUSA","institucion":"GOBIERNO REGIONAL","codigoMinsa":376,"direccion":"AVENIDA AV. HUAYNA CAPAC Nº 102 - II CUARTEL DISTRITO SAUSA PROVINCIA JAUJA DEPARTAMENTO JUNIN","disa":"JUNIN","red":"JAUJA","microrred":"HATUN XAUXA","categoria":"ESTABLECIMIENTO DE SALUD SIN INTERNAMIENTO","condicion":"ACTIVO","actualizado":"2023/08/01 19:00:00.000","fuente":"MINSA","urlRenipr":"http://app20.susalud.gob.pe:8080/registro-renipress-webapp/ipress.htm?action=mostrarVer&idipress=00000376"}},{"type":"Feature","geometry":{"type":"Point","coordinates":[-75.90061832999999,-10.989189999999951]},"properties":{"objectid":29144,"nombre":"SHOGUE","departamento":"JUNIN","provincia":"JUNIN","distrito":"ULCUMAYO","institucion":"GOBIERNO REGIONAL","codigoMinsa":605,"direccion":"JIRÓN JR. JUNIN S/N - CENTRO POBLADO - SHOGUE NÚMERO S/N DISTRITO ULCUMAYO PROVINCIA JUNIN DEPARTAMENTO JUNIN","disa":"JUNIN","red":"JUNIN","microrred":"ULCUMAYO","categoria":"ESTABLECIMIENTO DE SALUD SIN INTERNAMIENTO","condicion":"ACTIVO","actualizado":"2023/08/01 19:00:00.000","fuente":"MINSA","urlRenipr":"http://app20.susalud.gob.pe:8080/registro-renipress-webapp/ipress.htm?action=mostrarVer&idipress=00000605"}},{"type":"Feature","geometry":{"type":"Point","coordinates":[-75.83531779999998,-11.024803539999937]},"properties":{"objectid":29145,"nombre":"RAYANNIOC","departamento":"JUNIN","provincia":"JUNIN","distrito":"ULCUMAYO","institucion":"GOBIERNO REGIONAL","codigoMinsa":555,"direccion":"PLAZA PLAZA PRINCIPAL - CENTRO POBLADO MENOR S/N NÚMERO S/N DISTRITO ULCUMAYO PROVINCIA JUNIN DEPARTAMENTO JUNIN","disa":"JUNIN","red":"JUNIN","microrred":"JUNIN","categoria":"ESTABLECIMIENTO DE SALUD SIN INTERNAMIENTO","condicion":"ACTIVO","actualizado":"2023/08/01 19:00:00.000","fuente":"MINSA","urlRenipr":"http://app20.susalud.gob.pe:8080/registro-renipress-webapp/ipress.htm?action=mostrarVer&idipress=00000555"}},{"type":"Feature","geometry":{"type":"Point","coordinates":[-75.25464599999998,-12.055295999999942]},"properties":{"objectid":29193,"nombre":"LABORATORIO DE REFERENCIA REGIONAL JUNIN","departamento":"JUNIN","provincia":"HUANCAYO","distrito":"HUANCAYO","institucion":"GOBIERNO REGIONAL","codigoMinsa":10952,"direccion":"AVENIDA AV. DANIEL ALCIDES CARRION Nº 1680 DISTRITO HUANCAYO PROVINCIA HUANCAYO DEPARTAMENTO JUNIN","disa":"JUNIN","red":"NO PERTENECE A NINGUNA RED","microrred":"NO PERTENECE A NINGUNA MICRORED","categoria":"SERVICIO MÉDICO DE APOYO","condicion":"ACTIVO","actualizado":"2023/08/01 19:00:00.000","fuente":"MINSA","urlRenipr":"http://app20.susalud.gob.pe:8080/registro-renipress-webapp/ipress.htm?action=mostrarVer&idipress=00010952"}},{"type":"Feature","geometry":{"type":"Point","coordinates":[-75.20973164999998,-12.069435689999978]},"properties":{"objectid":29331,"nombre":"OPTICA ROMA","departamento":"JUNIN","provincia":"HUANCAYO","distrito":"HUANCAYO","institucion":"PRIVADO","codigoMinsa":13140,"direccion":"CALLE CALLE REAL 608 INT 101 DISTRITO HUANCAYO PROVINCIA HUANCAYO DEPARTAMENTO JUNIN","disa":"JUNIN","red":"NO PERTENECE A NINGUNA RED","microrred":"NO PERTENECE A NINGUNA MICRORED","categoria":"SERVICIO MÉDICO DE APOYO","condicion":"ACTIVO","actualizado":"2023/08/01 19:00:00.000","fuente":"MINSA","urlRenipr":"http://app20.susalud.gob.pe:8080/registro-renipress-webapp/ipress.htm?action=mostrarVer&idipress=00013140"}},{"type":"Feature","geometry":{"type":"Point","coordinates":[-75.21029759999993,-12.068635699999959]},"properties":{"objectid":29474,"nombre":"OPTICA YOSHI","departamento":"JUNIN","provincia":"HUANCAYO","distrito":"HUANCAYO","institucion":"PRIVADO","codigoMinsa":13127,"direccion":"CALLE CALLE REAL 723 OF. 201 2DO PISO HYO DISTRITO HUANCAYO PROVINCIA HUANCAYO DEPARTAMENTO JUNIN","disa":"JUNIN","red":"NO PERTENECE A NINGUNA RED","microrred":"NO PERTENECE A NINGUNA MICRORED","categoria":"SERVICIO MÉDICO DE APOYO","condicion":"ACTIVO","actualizado":"2023/08/01 19:00:00.000","fuente":"MINSA","urlRenipr":"http://app20.susalud.gob.pe:8080/registro-renipress-webapp/ipress.htm?action=mostrarVer&idipress=00013127"}},{"type":"Feature","geometry":{"type":"Point","coordinates":[-75.21520119999997,-12.070412499999975]},"properties":{"objectid":29547,"nombre":"PATOLOGIA Y LABORATORIOS PATLAB","departamento":"JUNIN","provincia":"HUANCAYO","distrito":"HUANCAYO","institucion":"PRIVADO","codigoMinsa":25353,"direccion":"AVENIDA DANIEL ALCIDES CARRION NÚMERO 1055 DISTRITO HUANCAYO PROVINCIA HUANCAYO DEPARTAMENTO JUNIN","disa":"JUNIN","red":"NO PERTENECE A NINGUNA RED","microrred":"NO PERTENECE A NINGUNA MICRORED","categoria":"SERVICIO MÉDICO DE APOYO","condicion":"ACTIVO","actualizado":"2023/08/01 19:00:00.000","fuente":"MINSA","urlRenipr":"http://app20.susalud.gob.pe:8080/registro-renipress-webapp/ipress.htm?action=mostrarVer&idipress=00025353"}},{"type":"Feature","geometry":{"type":"Point","coordinates":[-75.77033400999994,-11.297410729999967]},"properties":{"objectid":29690,"nombre":"PALCAMAYO","departamento":"JUNIN","provincia":"TARMA","distrito":"PALCAMAYO","institucion":"GOBIERNO REGIONAL","codigoMinsa":527,"direccion":"CALLE CALLE LIMA S/N - PALCAMAYO S/N CALLE LIMA S/N - PALCAMAYO PALCAMAYO TARMA JUNIN","disa":"JUNIN","red":"TARMA","microrred":"ACOBAMBA","categoria":"ESTABLECIMIENTO DE SALUD SIN INTERNAMIENTO","condicion":"ACTIVO","actualizado":"2023/08/01 19:00:00.000","fuente":"MINSA","urlRenipr":"http://app20.susalud.gob.pe:8080/registro-renipress-webapp/ipress.htm?action=mostrarVer&idipress=00000527"}},{"type":"Feature","geometry":{"type":"Point","coordinates":[-75.68622426999997,-11.468475679999926]},"properties":{"objectid":29691,"nombre":"TARMATAMBO","departamento":"JUNIN","provincia":"TARMA","distrito":"TARMA","institucion":"GOBIERNO REGIONAL","codigoMinsa":584,"direccion":"AVENIDA AV 15 DE JULIO S/N NÚMERO S/N DISTRITO TARMA PROVINCIA TARMA DEPARTAMENTO JUNIN","disa":"JUNIN","red":"TARMA","microrred":"TARMA","categoria":"ESTABLECIMIENTO DE SALUD SIN INTERNAMIENTO","condicion":"ACTIVO","actualizado":"2023/08/01 19:00:00.000","fuente":"MINSA","urlRenipr":"http://app20.susalud.gob.pe:8080/registro-renipress-webapp/ipress.htm?action=mostrarVer&idipress=00000584"}},{"type":"Feature","geometry":{"type":"Point","coordinates":[-75.73234931999997,-11.374600389999955]},"properties":{"objectid":29692,"nombre":"CUYRUHUASI","departamento":"JUNIN","provincia":"TARMA","distrito":"LA UNION","institucion":"GOBIERNO REGIONAL","codigoMinsa":598,"direccion":"PLAZA PLAZA PRINCIPAL CUYRUHUASI PLAZA PRINCIPAL CUYRUHUASI LA UNION TARMA JUNIN","disa":"JUNIN","red":"TARMA","microrred":"TARMA","categoria":"ESTABLECIMIENTO DE SALUD SIN INTERNAMIENTO","condicion":"ACTIVO","actualizado":"2023/08/01 19:00:00.000","fuente":"MINSA","urlRenipr":"http://app20.susalud.gob.pe:8080/registro-renipress-webapp/ipress.htm?action=mostrarVer&idipress=00000598"}},{"type":"Feature","geometry":{"type":"Point","coordinates":[-75.80746455999997,-11.464672049999933]},"properties":{"objectid":29693,"nombre":"PALCAPACCHA","departamento":"JUNIN","provincia":"TARMA","distrito":"TARMA","institucion":"GOBIERNO REGIONAL","codigoMinsa":592,"direccion":"OTROS PJE PALCAPACCHA - ANEXO PALCAPACCHA DISTRITO TARMA PROVINCIA TARMA DEPARTAMENTO JUNIN","disa":"JUNIN","red":"TARMA","microrred":"TARMA","categoria":"ESTABLECIMIENTO DE SALUD SIN INTERNAMIENTO","condicion":"ACTIVO","actualizado":"2023/08/01 19:00:00.000","fuente":"MINSA","urlRenipr":"http://app20.susalud.gob.pe:8080/registro-renipress-webapp/ipress.htm?action=mostrarVer&idipress=00000592"}},{"type":"Feature","geometry":{"type":"Point","coordinates":[-75.21034919999994,-12.08657089999997]},"properties":{"objectid":29803,"nombre":"MISALUD","departamento":"JUNIN","provincia":"HUANCAYO","distrito":"CHILCA","institucion":"PRIVADO","codigoMinsa":28866,"direccion":"JIRÓN JOSE PARDO NÚMERO 279 URBANIZACIÓN CHILCA DISTRITO CHILCA PROVINCIA HUANCAYO DEPARTAMENTO JUNIN","disa":"JUNIN","red":"NO PERTENECE A NINGUNA RED","microrred":"NO PERTENECE A NINGUNA MICRORED","categoria":"ESTABLECIMIENTO DE SALUD SIN INTERNAMIENTO","condicion":"ACTIVO","actualizado":"2023/08/01 19:00:00.000","fuente":"MINSA","urlRenipr":"http://app20.susalud.gob.pe:8080/registro-renipress-webapp/ipress.htm?action=mostrarVer&idipress=00028866"}},{"type":"Feature","geometry":{"type":"Point","coordinates":[-75.21552979999996,-12.060252979999973]},"properties":{"objectid":29849,"nombre":"ORALPERU CENTRO DE ALTA ESTETICA DENTAL","departamento":"JUNIN","provincia":"HUANCAYO","distrito":"EL TAMBO","institucion":"PRIVADO","codigoMinsa":28859,"direccion":"CALLE REAL NÚMERO 601 DISTRITO EL TAMBO PROVINCIA HUANCAYO DEPARTAMENTO JUNIN","disa":"JUNIN","red":"NO PERTENECE A NINGUNA RED","microrred":"NO PERTENECE A NINGUNA MICRORED","categoria":"ESTABLECIMIENTO DE SALUD SIN INTERNAMIENTO","condicion":"ACTIVO","actualizado":"2023/08/01 19:00:00.000","fuente":"MINSA","urlRenipr":"http://app20.susalud.gob.pe:8080/registro-renipress-webapp/ipress.htm?action=mostrarVer&idipress=00028859"}},{"type":"Feature","geometry":{"type":"Point","coordinates":[-75.20508861999997,-12.082883059999972]},"properties":{"objectid":29865,"nombre":"POLICLINICO BREVETE HUANCAYO","departamento":"JUNIN","provincia":"HUANCAYO","distrito":"CHILCA","institucion":"PRIVADO","codigoMinsa":21842,"direccion":"JIRÓN JR. MARISCAL CASTILLA Nº 498 DISTRITO CHILCA PROVINCIA HUANCAYO DEPARTAMENTO JUNIN","disa":"JUNIN","red":"NO PERTENECE A NINGUNA RED","microrred":"NO PERTENECE A NINGUNA MICRORED","categoria":"ESTABLECIMIENTO DE SALUD SIN INTERNAMIENTO","condicion":"ACTIVO","actualizado":"2023/08/01 19:00:00.000","fuente":"MINSA","urlRenipr":"http://app20.susalud.gob.pe:8080/registro-renipress-webapp/ipress.htm?action=mostrarVer&idipress=00021842"}},{"type":"Feature","geometry":{"type":"Point","coordinates":[-75.22845701999995,-12.049904649999974]},"properties":{"objectid":29946,"nombre":"HORIZONTE MEDIC","departamento":"JUNIN","provincia":"HUANCAYO","distrito":"EL TAMBO","institucion":"PRIVADO","codigoMinsa":30169,"direccion":"AVENIDA HUANCAVELICA NÚMERO 2225 DISTRITO EL TAMBO PROVINCIA HUANCAYO DEPARTAMENTO JUNIN","disa":"JUNIN","red":"","microrred":"NO PERTENECE A NINGUNA MICRORED","categoria":"ESTABLECIMIENTO DE SALUD SIN INTERNAMIENTO","condicion":"ACTIVO","actualizado":"2023/08/01 19:00:00.000","fuente":"MINSA","urlRenipr":"http://app20.susalud.gob.pe:8080/registro-renipress-webapp/ipress.htm?action=mostrarVer&idipress=00030169"}},{"type":"Feature","geometry":{"type":"Point","coordinates":[-75.32344090999999,-11.356564639999931]},"properties":{"objectid":29970,"nombre":"MONOBAMBA","departamento":"JUNIN","provincia":"JAUJA","distrito":"MONOBAMBA","institucion":"GOBIERNO REGIONAL","codigoMinsa":362,"direccion":"OTROS BARRIO SANTA ROSA S/N NÚMERO S/N DISTRITO MONOBAMBA PROVINCIA JAUJA DEPARTAMENTO JUNIN","disa":"JUNIN","red":"CHANCHAMAYO","microrred":"SAN RAMON","categoria":"ESTABLECIMIENTO DE SALUD SIN INTERNAMIENTO","condicion":"ACTIVO","actualizado":"2023/08/01 19:00:00.000","fuente":"MINSA","urlRenipr":"http://app20.susalud.gob.pe:8080/registro-renipress-webapp/ipress.htm?action=mostrarVer&idipress=00000362"}},{"type":"Feature","geometry":{"type":"Point","coordinates":[-75.32774166999997,-11.294146669999975]},"properties":{"objectid":29971,"nombre":"UTCUYACU","departamento":"JUNIN","provincia":"CHANCHAMAYO","distrito":"VITOC","institucion":"GOBIERNO REGIONAL","codigoMinsa":360,"direccion":"OTROS POBLADO MENOR UTCUYACU DISTRITO VITOC PROVINCIA CHANCHAMAYO DEPARTAMENTO JUNIN","disa":"JUNIN","red":"CHANCHAMAYO","microrred":"SAN RAMON","categoria":"ESTABLECIMIENTO DE SALUD SIN INTERNAMIENTO","condicion":"ACTIVO","actualizado":"2023/08/01 19:00:00.000","fuente":"MINSA","urlRenipr":"http://app20.susalud.gob.pe:8080/registro-renipress-webapp/ipress.htm?action=mostrarVer&idipress=00000360"}},{"type":"Feature","geometry":{"type":"Point","coordinates":[-74.87396802999996,-10.929111619999958]},"properties":{"objectid":30122,"nombre":"POLICLINICO ALERTA MEDICA","departamento":"JUNIN","provincia":"CHANCHAMAYO","distrito":"PICHANAQUI","institucion":"PRIVADO","codigoMinsa":8130,"direccion":"AVENIDA AVENIDA SANTA ROSA N° 511 DISTRITO PICHANAQUI PROVINCIA CHANCHAMAYO DEPARTAMENTO JUNIN","disa":"JUNIN","red":"NO PERTENECE A NINGUNA RED","microrred":"NO PERTENECE A NINGUNA MICRORED","categoria":"ESTABLECIMIENTO DE SALUD SIN INTERNAMIENTO","condicion":"ACTIVO","actualizado":"2023/08/01 19:00:00.000","fuente":"MINSA","urlRenipr":"http://app20.susalud.gob.pe:8080/registro-renipress-webapp/ipress.htm?action=mostrarVer&idipress=00008130"}},{"type":"Feature","geometry":{"type":"Point","coordinates":[-76.06438350999997,-11.587278569999967]},"properties":{"objectid":30220,"nombre":"CLINICA NATCLAR MOROCOCHA","departamento":"JUNIN","provincia":"YAULI","distrito":"MOROCOCHA","institucion":"PRIVADO","codigoMinsa":18871,"direccion":"AVENIDA AV. PRINCIPAL MZ. H2 LO 3 NUEVA CIUDAD MOROCOCHA DISTRITO MOROCOCHA PROVINCIA YAULI DEPARTAMENTO JUNIN","disa":"JUNIN","red":"NO PERTENECE A NINGUNA RED","microrred":"NO PERTENECE A NINGUNA MICRORED","categoria":"ESTABLECIMIENTO DE SALUD SIN INTERNAMIENTO","condicion":"ACTIVO","actualizado":"2023/08/01 19:00:00.000","fuente":"MINSA","urlRenipr":"http://app20.susalud.gob.pe:8080/registro-renipress-webapp/ipress.htm?action=mostrarVer&idipress=00018871"}},{"type":"Feature","geometry":{"type":"Point","coordinates":[-75.21449256999995,-12.07088091999998]},"properties":{"objectid":30288,"nombre":"CONSULTORIO MEDICINA ESTÉTICA Y LÁSER","departamento":"JUNIN","provincia":"HUANCAYO","distrito":"HUANCAYO","institucion":"PRIVADO","codigoMinsa":26883,"direccion":"AVENIDA HUANCAVELICA NÚMERO 399 PISO 1 DISTRITO HUANCAYO PROVINCIA HUANCAYO DEPARTAMENTO JUNIN","disa":"JUNIN","red":"NO PERTENECE A NINGUNA RED","microrred":"NO PERTENECE A NINGUNA MICRORED","categoria":"ESTABLECIMIENTO DE SALUD SIN INTERNAMIENTO","condicion":"ACTIVO","actualizado":"2023/08/01 19:00:00.000","fuente":"MINSA","urlRenipr":"http://app20.susalud.gob.pe:8080/registro-renipress-webapp/ipress.htm?action=mostrarVer&idipress=00026883"}},{"type":"Feature","geometry":{"type":"Point","coordinates":[-75.20491389999995,-12.082861689999959]},"properties":{"objectid":30364,"nombre":"Centro Medico Divino Niño Jesús","departamento":"JUNIN","provincia":"HUANCAYO","distrito":"CHILCA","institucion":"PRIVADO","codigoMinsa":27815,"direccion":"JIRÓN Mariscal Castilla N?ERO 1650 PISO 2 DISTRITO CHILCA PROVINCIA HUANCAYO DEPARTAMENTO JUNIN","disa":"JUNIN","red":"NO PERTENECE A NINGUNA RED","microrred":"NO PERTENECE A NINGUNA MICRORED","categoria":"ESTABLECIMIENTO DE SALUD SIN INTERNAMIENTO","condicion":"ACTIVO","actualizado":"2023/08/01 19:00:00.000","fuente":"MINSA","urlRenipr":"http://app20.susalud.gob.pe:8080/registro-renipress-webapp/ipress.htm?action=mostrarVer&idipress=00027815"}},{"type":"Feature","geometry":{"type":"Point","coordinates":[-74.63815799999998,-11.254105999999979]},"properties":{"objectid":30604,"nombre":"CENTRO DE SALUD MENTAL COMUNITARIO SATIPO","departamento":"JUNIN","provincia":"SATIPO","distrito":"SATIPO","institucion":"GOBIERNO REGIONAL","codigoMinsa":27078,"direccion":"CALLE LOS NARANJOS PISO 3 MANZANA H LOTE 5-A URBANIZACIÓN VILLALOBOS DISTRITO SATIPO PROVINCIA SATIPO DEPARTAMENTO JUNIN","disa":"JUNIN","red":"SATIPO","microrred":"NO PERTENECE A NINGUNA MICRORED","categoria":"ESTABLECIMIENTO DE SALUD SIN INTERNAMIENTO","condicion":"ACTIVO","actualizado":"2023/08/01 19:00:00.000","fuente":"MINSA","urlRenipr":"http://app20.susalud.gob.pe:8080/registro-renipress-webapp/ipress.htm?action=mostrarVer&idipress=00027078"}},{"type":"Feature","geometry":{"type":"Point","coordinates":[-74.38430859999994,-11.259777689999964]},"properties":{"objectid":30605,"nombre":"BUENOS AIRES","departamento":"JUNIN","provincia":"SATIPO","distrito":"MAZAMARI - PANGOA","institucion":"GOBIERNO REGIONAL","codigoMinsa":16911,"direccion":"OTROS CENTRO POBLADO DE BUENOS AIRES DISTRITO MAZAMARI PROVINCIA SATIPO DEPARTAMENTO JUNIN","disa":"JUNIN","red":"SATIPO","microrred":"MAZAMARI","categoria":"ESTABLECIMIENTO DE SALUD SIN INTERNAMIENTO","condicion":"ACTIVO","actualizado":"2023/08/01 19:00:00.000","fuente":"MINSA","urlRenipr":"http://app20.susalud.gob.pe:8080/registro-renipress-webapp/ipress.htm?action=mostrarVer&idipress=00016911"}},{"type":"Feature","geometry":{"type":"Point","coordinates":[-74.85390355999994,-11.15018944999997]},"properties":{"objectid":30607,"nombre":"UNION CUVIRIAKI","departamento":"JUNIN","provincia":"SATIPO","distrito":"RIO NEGRO","institucion":"GOBIERNO REGIONAL","codigoMinsa":503,"direccion":"OTROS COMUNIDAD UNION CUVIRIAKI DISTRITO RIO NEGRO PROVINCIA SATIPO DEPARTAMENTO JUNIN","disa":"JUNIN","red":"SATIPO","microrred":"RIO NEGRO-SATIPO","categoria":"ESTABLECIMIENTO DE SALUD SIN INTERNAMIENTO","condicion":"ACTIVO","actualizado":"2023/08/01 19:00:00.000","fuente":"MINSA","urlRenipr":"http://app20.susalud.gob.pe:8080/registro-renipress-webapp/ipress.htm?action=mostrarVer&idipress=00000503"}},{"type":"Feature","geometry":{"type":"Point","coordinates":[-74.01382592999994,-12.275343259999943]},"properties":{"objectid":30608,"nombre":"FLORIDA","departamento":"JUNIN","provincia":"SATIPO","distrito":"VIZCATAN DEL ENE","institucion":"GOBIERNO REGIONAL","codigoMinsa":510,"direccion":"OTROS COMUNIDAD DE LA FLORIDA NÚMERO SN DISTRITO VIZCATAN DEL ENE PROVINCIA SATIPO DEPARTAMENTO JUNIN","disa":"JUNIN","red":"SATIPO","microrred":"VALLE ESMERALDA","categoria":"ESTABLECIMIENTO DE SALUD SIN INTERNAMIENTO","condicion":"ACTIVO","actualizado":"2023/08/01 19:00:00.000","fuente":"MINSA","urlRenipr":"http://app20.susalud.gob.pe:8080/registro-renipress-webapp/ipress.htm?action=mostrarVer&idipress=00000510"}},{"type":"Feature","geometry":{"type":"Point","coordinates":[-74.62345980999999,-10.972488589999955]},"properties":{"objectid":30609,"nombre":"AOTI","departamento":"JUNIN","provincia":"SATIPO","distrito":"RIO TAMBO","institucion":"GOBIERNO REGIONAL","codigoMinsa":500,"direccion":"OTROS COMUNIDAD NATIVA AOTI S/N RIO TAMBO SATIPO JUNIN","disa":"JUNIN","red":"SATIPO","microrred":"RIO NEGRO-SATIPO","categoria":"ESTABLECIMIENTO DE SALUD SIN INTERNAMIENTO","condicion":"ACTIVO","actualizado":"2023/08/01 19:00:00.000","fuente":"MINSA","urlRenipr":"http://app20.susalud.gob.pe:8080/registro-renipress-webapp/ipress.htm?action=mostrarVer&idipress=00000500"}},{"type":"Feature","geometry":{"type":"Point","coordinates":[-74.65115696999999,-11.009912889999953]},"properties":{"objectid":30610,"nombre":"PITOCUNA","departamento":"JUNIN","provincia":"SATIPO","distrito":"RIO NEGRO","institucion":"GOBIERNO REGIONAL","codigoMinsa":498,"direccion":"OTROS COMUNIDAD NATIVA PITOCUNA DISTRITO RIO NEGRO PROVINCIA SATIPO DEPARTAMENTO JUNIN","disa":"JUNIN","red":"SATIPO","microrred":"RIO NEGRO-SATIPO","categoria":"ESTABLECIMIENTO DE SALUD SIN INTERNAMIENTO","condicion":"ACTIVO","actualizado":"2023/08/01 19:00:00.000","fuente":"MINSA","urlRenipr":"http://app20.susalud.gob.pe:8080/registro-renipress-webapp/ipress.htm?action=mostrarVer&idipress=00000498"}},{"type":"Feature","geometry":{"type":"Point","coordinates":[-74.72733729999999,-11.266908409999928]},"properties":{"objectid":30611,"nombre":"BAJO CAPIRO","departamento":"JUNIN","provincia":"SATIPO","distrito":"SATIPO","institucion":"GOBIERNO REGIONAL","codigoMinsa":480,"direccion":"OTROS CENTRO POBLADO MENOR BAJO CAPIRO DISTRITO SATIPO PROVINCIA SATIPO DEPARTAMENTO JUNIN","disa":"JUNIN","red":"SATIPO","microrred":"RIO NEGRO-SATIPO","categoria":"ESTABLECIMIENTO DE SALUD SIN INTERNAMIENTO","condicion":"ACTIVO","actualizado":"2023/08/01 19:00:00.000","fuente":"MINSA","urlRenipr":"http://app20.susalud.gob.pe:8080/registro-renipress-webapp/ipress.htm?action=mostrarVer&idipress=00000480"}},{"type":"Feature","geometry":{"type":"Point","coordinates":[-74.63859999999994,-11.249279999999942]},"properties":{"objectid":30612,"nombre":"DE APOYO MANUEL HIGA ARAKAKI","departamento":"JUNIN","provincia":"SATIPO","distrito":"SATIPO","institucion":"GOBIERNO REGIONAL","codigoMinsa":432,"direccion":"CALLE CALLE DANIEL ALCIDES CARRION Nº 398 DISTRITO SATIPO PROVINCIA SATIPO DEPARTAMENTO JUNIN","disa":"JUNIN","red":"SATIPO","microrred":"NO PERTENECE A NINGUNA MICRORED","categoria":"ESTABLECIMIENTO DE SALUD CON INTERNAMIENTO","condicion":"ACTIVO","actualizado":"2023/08/01 19:00:00.000","fuente":"MINSA","urlRenipr":"http://app20.susalud.gob.pe:8080/registro-renipress-webapp/ipress.htm?action=mostrarVer&idipress=00000432"}},{"type":"Feature","geometry":{"type":"Point","coordinates":[-75.20465019999995,-12.062509399999954]},"properties":{"objectid":30629,"nombre":"ALANIA MEDICINA ESTETICA LASER","departamento":"JUNIN","provincia":"HUANCAYO","distrito":"HUANCAYO","institucion":"PRIVADO","codigoMinsa":25377,"direccion":"AVENIDA CENTENARIO NÚMERO 500 PISO 1 DISTRITO HUANCAYO PROVINCIA HUANCAYO DEPARTAMENTO JUNIN","disa":"JUNIN","red":"NO PERTENECE A NINGUNA RED","microrred":"NO PERTENECE A NINGUNA MICRORED","categoria":"ESTABLECIMIENTO DE SALUD SIN INTERNAMIENTO","condicion":"ACTIVO","actualizado":"2023/08/01 19:00:00.000","fuente":"MINSA","urlRenipr":"http://app20.susalud.gob.pe:8080/registro-renipress-webapp/ipress.htm?action=mostrarVer&idipress=00025377"}},{"type":"Feature","geometry":{"type":"Point","coordinates":[-76.19200456999994,-11.597623079999948]},"properties":{"objectid":30681,"nombre":"POSTA MEDICA UNIDAD DE TICLIO","departamento":"JUNIN","provincia":"YAULI","distrito":"MOROCOCHA","institucion":"PRIVADO","codigoMinsa":25667,"direccion":"CARRETERA UNIDAD MINERA TICLIO VOLCAN DISTRITO MOROCOCHA PROVINCIA YAULI DEPARTAMENTO JUNIN","disa":"JUNIN","red":"NO PERTENECE A NINGUNA RED","microrred":"NO PERTENECE A NINGUNA MICRORED","categoria":"ESTABLECIMIENTO DE SALUD SIN INTERNAMIENTO","condicion":"ACTIVO","actualizado":"2023/08/01 19:00:00.000","fuente":"MINSA","urlRenipr":"http://app20.susalud.gob.pe:8080/registro-renipress-webapp/ipress.htm?action=mostrarVer&idipress=00025667"}},{"type":"Feature","geometry":{"type":"Point","coordinates":[-75.21029759999993,-12.068635699999959]},"properties":{"objectid":30740,"nombre":"RESIDENCIA GERIÁTRICA EDAD DE ORO","departamento":"JUNIN","provincia":"HUANCAYO","distrito":"EL TAMBO","institucion":"PRIVADO","codigoMinsa":25285,"direccion":"JIRÓN NEMESIO RAEZ NÚMERO 1050 PISO 1 DISTRITO EL TAMBO PROVINCIA HUANCAYO DEPARTAMENTO JUNIN","disa":"","red":"","microrred":"","categoria":"SERVICIO MÉDICO DE APOYO","condicion":"RUC INACTIVO EN SUNAT","actualizado":"2023/08/01 19:00:00.000","fuente":"MINSA","urlRenipr":"http://app20.susalud.gob.pe:8080/registro-renipress-webapp/ipress.htm?action=mostrarVer&idipress=00025285"}},{"type":"Feature","geometry":{"type":"Point","coordinates":[-75.85775279999996,-11.24938149999997]},"properties":{"objectid":30786,"nombre":"POSTA MEDICA SAN PEDRO DE CAJAS","departamento":"JUNIN","provincia":"TARMA","distrito":"SAN PEDRO DE CAJAS","institucion":"ESSALUD","codigoMinsa":8678,"direccion":"CALLE CALLE CHANCHAMAYO S/N SAN PEDRO DE CAJAS NÚMERO S/N DISTRITO SAN PEDRO DE CAJAS PROVINCIA TARMA DEPARTAMENTO JUNIN","disa":"JUNIN","red":"NO PERTENECE A NINGUNA RED","microrred":"NO PERTENECE A NINGUNA MICRORED","categoria":"ESTABLECIMIENTO DE SALUD SIN INTERNAMIENTO","condicion":"ACTIVO","actualizado":"2023/08/01 19:00:00.000","fuente":"MINSA","urlRenipr":"http://app20.susalud.gob.pe:8080/registro-renipress-webapp/ipress.htm?action=mostrarVer&idipress=00008678"}},{"type":"Feature","geometry":{"type":"Point","coordinates":[-75.24547088999998,-12.074959509999928]},"properties":{"objectid":30820,"nombre":"HUAMANCACA CHICO","departamento":"JUNIN","provincia":"CHUPACA","distrito":"HUAMANCACA CHICO","institucion":"GOBIERNO REGIONAL","codigoMinsa":655,"direccion":"AVENIDA AV. LOS HEROES S/N NÚMERO S/N DISTRITO HUAMANCACA CHICO PROVINCIA CHUPACA DEPARTAMENTO JUNIN","disa":"JUNIN","red":"RED DE SALUD CHUPACA","microrred":"CHUPACA","categoria":"ESTABLECIMIENTO DE SALUD SIN INTERNAMIENTO","condicion":"ACTIVO","actualizado":"2023/08/01 19:00:00.000","fuente":"MINSA","urlRenipr":"http://app20.susalud.gob.pe:8080/registro-renipress-webapp/ipress.htm?action=mostrarVer&idipress=00000655"}},{"type":"Feature","geometry":{"type":"Point","coordinates":[-75.34117878999996,-12.048678689999974]},"properties":{"objectid":30821,"nombre":"HUAYAO","departamento":"JUNIN","provincia":"CHUPACA","distrito":"HUACHAC","institucion":"GOBIERNO REGIONAL","codigoMinsa":652,"direccion":"PLAZA PLAZA PRINCIPAL HUAYAO S/N HUACHAC CHUPACA JUNIN","disa":"JUNIN","red":"RED DE SALUD CHUPACA","microrred":"HUACHAC","categoria":"ESTABLECIMIENTO DE SALUD SIN INTERNAMIENTO","condicion":"ACTIVO","actualizado":"2023/08/01 19:00:00.000","fuente":"MINSA","urlRenipr":"http://app20.susalud.gob.pe:8080/registro-renipress-webapp/ipress.htm?action=mostrarVer&idipress=00000652"}},{"type":"Feature","geometry":{"type":"Point","coordinates":[-75.25414665999995,-12.330410679999943]},"properties":{"objectid":30822,"nombre":"HUACAN","departamento":"JUNIN","provincia":"HUANCAYO","distrito":"CHACAPAMPA","institucion":"GOBIERNO REGIONAL","codigoMinsa":695,"direccion":"PLAZA PLAZA PRINCIPAL S/N HUACAN NÚMERO S/N DISTRITO CHACAPAMPA PROVINCIA HUANCAYO DEPARTAMENTO JUNIN","disa":"JUNIN","red":"RED DE SALUD CHUPACA","microrred":"VALLE DEL CANIPACO","categoria":"ESTABLECIMIENTO DE SALUD SIN INTERNAMIENTO","condicion":"ACTIVO","actualizado":"2023/08/01 19:00:00.000","fuente":"MINSA","urlRenipr":"http://app20.susalud.gob.pe:8080/registro-renipress-webapp/ipress.htm?action=mostrarVer&idipress=00000695"}},{"type":"Feature","geometry":{"type":"Point","coordinates":[-75.34270279999998,-12.031401409999944]},"properties":{"objectid":30823,"nombre":"MARCATUNA","departamento":"JUNIN","provincia":"CHUPACA","distrito":"HUACHAC","institucion":"GOBIERNO REGIONAL","codigoMinsa":653,"direccion":"JIRÓN LETICINA S/N, BARRIO CHAUPIMARCA – ANEXO MARCATUNA HUACHAC CHUPACA JUNIN","disa":"JUNIN","red":"RED DE SALUD CHUPACA","microrred":"HUACHAC","categoria":"ESTABLECIMIENTO DE SALUD SIN INTERNAMIENTO","condicion":"ACTIVO","actualizado":"2023/08/01 19:00:00.000","fuente":"MINSA","urlRenipr":"http://app20.susalud.gob.pe:8080/registro-renipress-webapp/ipress.htm?action=mostrarVer&idipress=00000653"}},{"type":"Feature","geometry":{"type":"Point","coordinates":[-75.20177474999997,-12.08250537999993]},"properties":{"objectid":31082,"nombre":"CELIS MEDIC","departamento":"JUNIN","provincia":"HUANCAYO","distrito":"CHILCA","institucion":"PRIVADO","codigoMinsa":27837,"direccion":"CALLE REAL NÚMERO 808 PISO 1 DISTRITO CHILCA PROVINCIA HUANCAYO DEPARTAMENTO JUNIN","disa":"JUNIN","red":"NO PERTENECE A NINGUNA RED","microrred":"NO PERTENECE A NINGUNA MICRORED","categoria":"ESTABLECIMIENTO DE SALUD SIN INTERNAMIENTO","condicion":"ACTIVO","actualizado":"2023/08/01 19:00:00.000","fuente":"MINSA","urlRenipr":"http://app20.susalud.gob.pe:8080/registro-renipress-webapp/ipress.htm?action=mostrarVer&idipress=00027837"}},{"type":"Feature","geometry":{"type":"Point","coordinates":[-75.21845726999999,-12.024773309999944]},"properties":{"objectid":31165,"nombre":"SAN MARTIN","departamento":"JUNIN","provincia":"HUANCAYO","distrito":"EL TAMBO","institucion":"GOBIERNO REGIONAL","codigoMinsa":707,"direccion":"CALLE CALLE LAS RETAMAS Nº 360 - PUEBLO JOVEN SAN MARTIN DE PORRES DISTRITO EL TAMBO PROVINCIA HUANCAYO DEPARTAMENTO JUNIN","disa":"JUNIN","red":"VALLE DEL MANTARO","microrred":"EL TAMBO","categoria":"ESTABLECIMIENTO DE SALUD SIN INTERNAMIENTO","condicion":"ACTIVO","actualizado":"2023/08/01 19:00:00.000","fuente":"MINSA","urlRenipr":"http://app20.susalud.gob.pe:8080/registro-renipress-webapp/ipress.htm?action=mostrarVer&idipress=00000707"}},{"type":"Feature","geometry":{"type":"Point","coordinates":[-75.01921305999997,-11.712697169999956]},"properties":{"objectid":31166,"nombre":"PUQUIAN","departamento":"JUNIN","provincia":"CONCEPCION","distrito":"COMAS","institucion":"GOBIERNO REGIONAL","codigoMinsa":683,"direccion":"OTROS ACTUALIZAR DISTRITO COMAS PROVINCIA CONCEPCION DEPARTAMENTO JUNIN","disa":"JUNIN","red":"VALLE DEL MANTARO","microrred":"COMAS","categoria":"ESTABLECIMIENTO DE SALUD SIN INTERNAMIENTO","condicion":"ACTIVO","actualizado":"2023/08/01 19:00:00.000","fuente":"MINSA","urlRenipr":"http://app20.susalud.gob.pe:8080/registro-renipress-webapp/ipress.htm?action=mostrarVer&idipress=00000683"}},{"type":"Feature","geometry":{"type":"Point","coordinates":[-74.72372633999998,-12.026593809999952]},"properties":{"objectid":31167,"nombre":"PUESTO DE SALUD ROCCHAC","departamento":"JUNIN","provincia":"HUANCAYO","distrito":"PARIAHUANCA","institucion":"GOBIERNO REGIONAL","codigoMinsa":743,"direccion":"OTROS ACTUALIZAR DISTRITO PARIAHUANCA PROVINCIA HUANCAYO DEPARTAMENTO JUNIN","disa":"JUNIN","red":"VALLE DEL MANTARO","microrred":"LA LIBERTAD","categoria":"ESTABLECIMIENTO DE SALUD SIN INTERNAMIENTO","condicion":"ACTIVO","actualizado":"2023/08/01 19:00:00.000","fuente":"MINSA","urlRenipr":"http://app20.susalud.gob.pe:8080/registro-renipress-webapp/ipress.htm?action=mostrarVer&idipress=00000743"}},{"type":"Feature","geometry":{"type":"Point","coordinates":[-75.26192047999996,-11.937354789999972]},"properties":{"objectid":31168,"nombre":"QUILCAS","departamento":"JUNIN","provincia":"HUANCAYO","distrito":"QUILCAS","institucion":"GOBIERNO REGIONAL","codigoMinsa":720,"direccion":"OTROS ACTUALIZAR DISTRITO QUILCAS PROVINCIA HUANCAYO DEPARTAMENTO JUNIN","disa":"JUNIN","red":"VALLE DEL MANTARO","microrred":"EL TAMBO","categoria":"ESTABLECIMIENTO DE SALUD SIN INTERNAMIENTO","condicion":"ACTIVO","actualizado":"2023/08/01 19:00:00.000","fuente":"MINSA","urlRenipr":"http://app20.susalud.gob.pe:8080/registro-renipress-webapp/ipress.htm?action=mostrarVer&idipress=00000720"}},{"type":"Feature","geometry":{"type":"Point","coordinates":[-74.80238325999994,-11.72680835999995]},"properties":{"objectid":31169,"nombre":"ANDAMARCA","departamento":"JUNIN","provincia":"CONCEPCION","distrito":"ANDAMARCA","institucion":"GOBIERNO REGIONAL","codigoMinsa":672,"direccion":"OTROS ACTUALIZAR DISTRITO ANDAMARCA PROVINCIA CONCEPCION DEPARTAMENTO JUNIN","disa":"JUNIN","red":"VALLE DEL MANTARO","microrred":"COMAS","categoria":"ESTABLECIMIENTO DE SALUD SIN INTERNAMIENTO","condicion":"ACTIVO","actualizado":"2023/08/01 19:00:00.000","fuente":"MINSA","urlRenipr":"http://app20.susalud.gob.pe:8080/registro-renipress-webapp/ipress.htm?action=mostrarVer&idipress=00000672"}},{"type":"Feature","geometry":{"type":"Point","coordinates":[-75.26652914999994,-11.890828479999982]},"properties":{"objectid":31170,"nombre":"INGENIO","departamento":"JUNIN","provincia":"HUANCAYO","distrito":"INGENIO","institucion":"GOBIERNO REGIONAL","codigoMinsa":663,"direccion":"JIRÓN JR. JUNIN S/N S/N JR. JUNIN S/N INGENIO HUANCAYO JUNIN","disa":"JUNIN","red":"VALLE DEL MANTARO","microrred":"CONCEPCION","categoria":"ESTABLECIMIENTO DE SALUD SIN INTERNAMIENTO","condicion":"ACTIVO","actualizado":"2023/08/01 19:00:00.000","fuente":"MINSA","urlRenipr":"http://app20.susalud.gob.pe:8080/registro-renipress-webapp/ipress.htm?action=mostrarVer&idipress=00000663"}},{"type":"Feature","geometry":{"type":"Point","coordinates":[-75.10680256999996,-12.22430653999993]},"properties":{"objectid":31171,"nombre":"MARCAVALLE","departamento":"JUNIN","provincia":"HUANCAYO","distrito":"PUCARA","institucion":"GOBIERNO REGIONAL","codigoMinsa":625,"direccion":"CALLE CALLE PRINCIPAL - MARCAVALLE DISTRITO PUCARA PROVINCIA HUANCAYO DEPARTAMENTO JUNIN","disa":"JUNIN","red":"VALLE DEL MANTARO","microrred":"CHILCA","categoria":"ESTABLECIMIENTO DE SALUD SIN INTERNAMIENTO","condicion":"ACTIVO","actualizado":"2023/08/01 19:00:00.000","fuente":"MINSA","urlRenipr":"http://app20.susalud.gob.pe:8080/registro-renipress-webapp/ipress.htm?action=mostrarVer&idipress=00000625"}},{"type":"Feature","geometry":{"type":"Point","coordinates":[-75.33830269999999,-11.06818759999993]},"properties":{"objectid":31173,"nombre":"SANTA LUCIA ESPECIALIDADES MEDICAS","departamento":"JUNIN","provincia":"CHANCHAMAYO","distrito":"CHANCHAMAYO","institucion":"PRIVADO","codigoMinsa":30615,"direccion":"AVENIDA DANIEL ALCIDES CARRION 226 NÚMERO 226 PISO 2 DISTRITO CHANCHAMAYO PROVINCIA CHANCHAMAYO DEPARTAMENTO JUNIN","disa":"JUNIN","red":"","microrred":"","categoria":"ESTABLECIMIENTO DE SALUD SIN INTERNAMIENTO","condicion":"ACTIVO","actualizado":"2023/08/01 19:00:00.000","fuente":"MINSA","urlRenipr":"http://app20.susalud.gob.pe:8080/registro-renipress-webapp/ipress.htm?action=mostrarVer&idipress=00030615"}},{"type":"Feature","geometry":{"type":"Point","coordinates":[-75.48541065999996,-11.754910879999954]},"properties":{"objectid":31196,"nombre":"HUASQUICHA","departamento":"JUNIN","provincia":"JAUJA","distrito":"PANCAN","institucion":"GOBIERNO REGIONAL","codigoMinsa":418,"direccion":"PLAZA PLAZA PRINCIPAL DE HUASQUICHA S/N NÚMERO S/N DISTRITO PANCAN PROVINCIA JAUJA DEPARTAMENTO JUNIN","disa":"JUNIN","red":"JAUJA","microrred":"VALLE DE YACUS","categoria":"ESTABLECIMIENTO DE SALUD SIN INTERNAMIENTO","condicion":"ACTIVO","actualizado":"2023/08/01 19:00:00.000","fuente":"MINSA","urlRenipr":"http://app20.susalud.gob.pe:8080/registro-renipress-webapp/ipress.htm?action=mostrarVer&idipress=00000418"}},{"type":"Feature","geometry":{"type":"Point","coordinates":[-75.50637499999993,-11.895393329999933]},"properties":{"objectid":31197,"nombre":"PATACANCHA","departamento":"JUNIN","provincia":"JAUJA","distrito":"PACCHA","institucion":"GOBIERNO REGIONAL","codigoMinsa":373,"direccion":"CALLE CALLE ICA S/N NÚMERO S/N DISTRITO PACCHA PROVINCIA JAUJA DEPARTAMENTO JUNIN","disa":"JUNIN","red":"JAUJA","microrred":"HATUN XAUXA","categoria":"ESTABLECIMIENTO DE SALUD SIN INTERNAMIENTO","condicion":"ACTIVO","actualizado":"2023/08/01 19:00:00.000","fuente":"MINSA","urlRenipr":"http://app20.susalud.gob.pe:8080/registro-renipress-webapp/ipress.htm?action=mostrarVer&idipress=00000373"}},{"type":"Feature","geometry":{"type":"Point","coordinates":[-75.41439575999993,-11.86460367999996]},"properties":{"objectid":31198,"nombre":"HUANCANI","departamento":"JUNIN","provincia":"JAUJA","distrito":"LEONOR ORDOÑEZ","institucion":"GOBIERNO REGIONAL","codigoMinsa":401,"direccion":"JIRÓN ESQUINA JR PUNO . SAN MARTIN S/N NÚMERO S/N DISTRITO LEONOR ORDOÑEZ PROVINCIA JAUJA DEPARTAMENTO JUNIN","disa":"JUNIN","red":"JAUJA","microrred":"MARGEN DERECHA","categoria":"ESTABLECIMIENTO DE SALUD SIN INTERNAMIENTO","condicion":"ACTIVO","actualizado":"2023/08/01 19:00:00.000","fuente":"MINSA","urlRenipr":"http://app20.susalud.gob.pe:8080/registro-renipress-webapp/ipress.htm?action=mostrarVer&idipress=00000401"}},{"type":"Feature","geometry":{"type":"Point","coordinates":[-75.45058832999996,-11.895659999999964]},"properties":{"objectid":31199,"nombre":"LLACUARIPAMPA","departamento":"JUNIN","provincia":"JAUJA","distrito":"SINCOS","institucion":"GOBIERNO REGIONAL","codigoMinsa":405,"direccion":"JIRÓN JR. ALFONZO UGARTE Nº 116 DISTRITO SINCOS PROVINCIA JAUJA DEPARTAMENTO JUNIN","disa":"JUNIN","red":"JAUJA","microrred":"MARGEN DERECHA","categoria":"ESTABLECIMIENTO DE SALUD SIN INTERNAMIENTO","condicion":"ACTIVO","actualizado":"2023/08/01 19:00:00.000","fuente":"MINSA","urlRenipr":"http://app20.susalud.gob.pe:8080/registro-renipress-webapp/ipress.htm?action=mostrarVer&idipress=00000405"}},{"type":"Feature","geometry":{"type":"Point","coordinates":[-75.20688489999998,-12.074156899999934]},"properties":{"objectid":31355,"nombre":"CENTRO ODONTOLOGICO INTEGRAL ODONTOPLUS","departamento":"JUNIN","provincia":"HUANCAYO","distrito":"HUANCAYO","institucion":"PRIVADO","codigoMinsa":30850,"direccion":"JIRÓN TARAPACA 277 1 1 1 1 1 calle real y tarapaca subiendo a la mano derecha HUANCAYO HUANCAYO JUNIN","disa":"JUNIN","red":"","microrred":"NO PERTENECE A NINGUNA MICRORED","categoria":"ESTABLECIMIENTO DE SALUD SIN INTERNAMIENTO","condicion":"ACTIVO","actualizado":"2023/08/01 19:00:00.000","fuente":"MINSA","urlRenipr":"http://app20.susalud.gob.pe:8080/registro-renipress-webapp/ipress.htm?action=mostrarVer&idipress=00030850"}},{"type":"Feature","geometry":{"type":"Point","coordinates":[-75.20138289999994,-12.065973499999927]},"properties":{"objectid":31359,"nombre":"CENTRO MEDICO \"CLINICA TOVAR\"","departamento":"JUNIN","provincia":"HUANCAYO","distrito":"HUANCAYO","institucion":"PRIVADO","codigoMinsa":20666,"direccion":"JIRÓN JIRON FRANCISCO SOLANO N 308 DISTRITO HUANCAYO PROVINCIA HUANCAYO DEPARTAMENTO JUNIN","disa":"JUNIN","red":"","microrred":"NO PERTENECE A NINGUNA MICRORED","categoria":"ESTABLECIMIENTO DE SALUD SIN INTERNAMIENTO","condicion":"ACTIVO","actualizado":"2023/08/01 19:00:00.000","fuente":"MINSA","urlRenipr":"http://app20.susalud.gob.pe:8080/registro-renipress-webapp/ipress.htm?action=mostrarVer&idipress=00020666"}},{"type":"Feature","geometry":{"type":"Point","coordinates":[-75.22366889999995,-12.054891099999963]},"properties":{"objectid":31540,"nombre":"LABORAL CARE SST","departamento":"JUNIN","provincia":"HUANCAYO","distrito":"EL TAMBO","institucion":"PRIVADO","codigoMinsa":16492,"direccion":"JIRÓN JIRON LOS MANZANOS Nº 695 DISTRITO EL TAMBO PROVINCIA HUANCAYO DEPARTAMENTO JUNIN","disa":"JUNIN","red":"NO PERTENECE A NINGUNA RED","microrred":"NO PERTENECE A NINGUNA MICRORED","categoria":"ESTABLECIMIENTO DE SALUD SIN INTERNAMIENTO","condicion":"ACTIVO","actualizado":"2023/08/01 19:00:00.000","fuente":"MINSA","urlRenipr":"http://app20.susalud.gob.pe:8080/registro-renipress-webapp/ipress.htm?action=mostrarVer&idipress=00016492"}},{"type":"Feature","geometry":{"type":"Point","coordinates":[-75.22156722999995,-12.07385365999994]},"properties":{"objectid":31594,"nombre":"POLICLINICO","departamento":"JUNIN","provincia":"HUANCAYO","distrito":"HUANCAYO","institucion":"PRIVADO","codigoMinsa":21963,"direccion":"AVENIDA DANIEL A. CARRION N° 1585","disa":"","red":"","microrred":"","categoria":"ESTABLECIMIENTO DE SALUD SIN INTERNAMIENTO","condicion":"RETIRO VOLUNTARIO","actualizado":"2023/08/01 19:00:00.000","fuente":"MINSA","urlRenipr":"http://app20.susalud.gob.pe:8080/registro-renipress-webapp/ipress.htm?action=mostrarVer&idipress=00021963"}},{"type":"Feature","geometry":{"type":"Point","coordinates":[-75.22246963999999,-12.053926909999973]},"properties":{"objectid":31647,"nombre":"LABORATORIO DE ANALISIS CLINICO CAMARENA PADILLA","departamento":"JUNIN","provincia":"HUANCAYO","distrito":"EL TAMBO","institucion":"PRIVADO","codigoMinsa":25288,"direccion":"JIRÓN LOS MANZANOS NÚMERO 778 PISO 2 INTERIOR 2 DISTRITO EL TAMBO PROVINCIA HUANCAYO DEPARTAMENTO JUNIN","disa":"JUNIN","red":"NO PERTENECE A NINGUNA RED","microrred":"NO PERTENECE A NINGUNA MICRORED","categoria":"SERVICIO MÉDICO DE APOYO","condicion":"ACTIVO","actualizado":"2023/08/01 19:00:00.000","fuente":"MINSA","urlRenipr":"http://app20.susalud.gob.pe:8080/registro-renipress-webapp/ipress.htm?action=mostrarVer&idipress=00025288"}},{"type":"Feature","geometry":{"type":"Point","coordinates":[-75.82506179999996,-11.316856739999935]},"properties":{"objectid":31781,"nombre":"INCACHACA YANAMACHAY","departamento":"JUNIN","provincia":"TARMA","distrito":"PALCAMAYO","institucion":"GOBIERNO REGIONAL","codigoMinsa":531,"direccion":"CALLE CALLE LIMA S/N AL COSTADO DE LA IGLESIA NÚMERO S/N DISTRITO PALCAMAYO PROVINCIA TARMA DEPARTAMENTO JUNIN","disa":"JUNIN","red":"TARMA","microrred":"ACOBAMBA","categoria":"ESTABLECIMIENTO DE SALUD SIN INTERNAMIENTO","condicion":"ACTIVO","actualizado":"2023/08/01 19:00:00.000","fuente":"MINSA","urlRenipr":"http://app20.susalud.gob.pe:8080/registro-renipress-webapp/ipress.htm?action=mostrarVer&idipress=00000531"}},{"type":"Feature","geometry":{"type":"Point","coordinates":[-75.21422199999995,-12.070160999999928]},"properties":{"objectid":31782,"nombre":"HOSPITAL REGIONAL DOCENTE MATERNO INFANTIL EL CARMEN","departamento":"JUNIN","provincia":"HUANCAYO","distrito":"HUANCAYO","institucion":"GOBIERNO REGIONAL","codigoMinsa":6615,"direccion":"JIRÓN JR. PUNO Nº 951 DISTRITO HUANCAYO PROVINCIA HUANCAYO DEPARTAMENTO JUNIN","disa":"JUNIN","red":"NO PERTENECE A NINGUNA RED","microrred":"NO PERTENECE A NINGUNA MICRORED","categoria":"ESTABLECIMIENTO DE SALUD CON INTERNAMIENTO","condicion":"ACTIVO","actualizado":"2023/08/01 19:00:00.000","fuente":"MINSA","urlRenipr":"http://app20.susalud.gob.pe:8080/registro-renipress-webapp/ipress.htm?action=mostrarVer&idipress=00006615"}},{"type":"Feature","geometry":{"type":"Point","coordinates":[-75.68859268999995,-11.386319389999926]},"properties":{"objectid":31783,"nombre":"POMACHACA","departamento":"JUNIN","provincia":"TARMA","distrito":"TARMA","institucion":"GOBIERNO REGIONAL","codigoMinsa":587,"direccion":"AVENIDA AV ODRIA S/N , CARRETERA CENTRAL NÚMERO S/N DISTRITO TARMA PROVINCIA TARMA DEPARTAMENTO JUNIN","disa":"JUNIN","red":"TARMA","microrred":"TARMA","categoria":"ESTABLECIMIENTO DE SALUD SIN INTERNAMIENTO","condicion":"ACTIVO","actualizado":"2023/08/01 19:00:00.000","fuente":"MINSA","urlRenipr":"http://app20.susalud.gob.pe:8080/registro-renipress-webapp/ipress.htm?action=mostrarVer&idipress=00000587"}},{"type":"Feature","geometry":{"type":"Point","coordinates":[-75.04548332999997,-10.820014999999955]},"properties":{"objectid":32051,"nombre":"JOSE OLAYA","departamento":"JUNIN","provincia":"CHANCHAMAYO","distrito":"PERENE","institucion":"GOBIERNO REGIONAL","codigoMinsa":6737,"direccion":"PLAZA PLAZA DEL ANEXO JOSE OLAYA DISTRITO PERENE PROVINCIA CHANCHAMAYO DEPARTAMENTO JUNIN","disa":"JUNIN","red":"CHANCHAMAYO","microrred":"PERENE","categoria":"ESTABLECIMIENTO DE SALUD SIN INTERNAMIENTO","condicion":"ACTIVO","actualizado":"2023/08/01 19:00:00.000","fuente":"MINSA","urlRenipr":"http://app20.susalud.gob.pe:8080/registro-renipress-webapp/ipress.htm?action=mostrarVer&idipress=00006737"}},{"type":"Feature","geometry":{"type":"Point","coordinates":[-75.09240332999997,-10.934339999999963]},"properties":{"objectid":32052,"nombre":"LOS ANGELES TOTERANI","departamento":"JUNIN","provincia":"CHANCHAMAYO","distrito":"PERENE","institucion":"GOBIERNO REGIONAL","codigoMinsa":331,"direccion":"PLAZA PLAZA DEL ANEXO LOS ANGELES TOTERANI DISTRITO PERENE PROVINCIA CHANCHAMAYO DEPARTAMENTO JUNIN","disa":"JUNIN","red":"CHANCHAMAYO","microrred":"PERENE","categoria":"ESTABLECIMIENTO DE SALUD SIN INTERNAMIENTO","condicion":"ACTIVO","actualizado":"2023/08/01 19:00:00.000","fuente":"MINSA","urlRenipr":"http://app20.susalud.gob.pe:8080/registro-renipress-webapp/ipress.htm?action=mostrarVer&idipress=00000331"}},{"type":"Feature","geometry":{"type":"Point","coordinates":[-75.23218666999998,-10.770078329999933]},"properties":{"objectid":32053,"nombre":"SANTA HERMINIA BAJA","departamento":"JUNIN","provincia":"CHANCHAMAYO","distrito":"SAN LUIS DE SHUARO","institucion":"GOBIERNO REGIONAL","codigoMinsa":316,"direccion":"PLAZA PLAZA DEL ANEXO SANTA HERMINIA BAJA DISTRITO SAN LUIS DE SHUARO PROVINCIA CHANCHAMAYO DEPARTAMENTO JUNIN","disa":"JUNIN","red":"CHANCHAMAYO","microrred":"SAN LUIS DE SHUARO","categoria":"ESTABLECIMIENTO DE SALUD SIN INTERNAMIENTO","condicion":"ACTIVO","actualizado":"2023/08/01 19:00:00.000","fuente":"MINSA","urlRenipr":"http://app20.susalud.gob.pe:8080/registro-renipress-webapp/ipress.htm?action=mostrarVer&idipress=00000316"}},{"type":"Feature","geometry":{"type":"Point","coordinates":[-75.20192373999998,-12.067059319999942]},"properties":{"objectid":32081,"nombre":"CONSULTORIO DENTAL ORAL BOZA","departamento":"JUNIN","provincia":"HUANCAYO","distrito":"HUANCAYO","institucion":"PRIVADO","codigoMinsa":27020,"direccion":"JIRÓN San Francisco de Asis NÚMERO 495 PISO 2 DISTRITO HUANCAYO PROVINCIA HUANCAYO DEPARTAMENTO JUNIN","disa":"","red":"","microrred":"","categoria":"ESTABLECIMIENTO DE SALUD SIN INTERNAMIENTO","condicion":"RUC INACTIVO EN SUNAT","actualizado":"2023/08/01 19:00:00.000","fuente":"MINSA","urlRenipr":"http://app20.susalud.gob.pe:8080/registro-renipress-webapp/ipress.htm?action=mostrarVer&idipress=00027020"}},{"type":"Feature","geometry":{"type":"Point","coordinates":[-76.40727626999995,-11.343267519999927]},"properties":{"objectid":32417,"nombre":"SAN FRANCISCO DE YANTAC","departamento":"JUNIN","provincia":"YAULI","distrito":"MARCAPOMACOCHA","institucion":"GOBIERNO REGIONAL","codigoMinsa":562,"direccion":"OTROS CENTRO POBLADO DE SAN FRANCISCO DE YANTAC DISTRITO MARCAPOMACOCHA PROVINCIA YAULI DEPARTAMENTO JUNIN","disa":"JUNIN","red":"JAUJA","microrred":"YAULI-OROYA","categoria":"ESTABLECIMIENTO DE SALUD SIN INTERNAMIENTO","condicion":"ACTIVO","actualizado":"2023/08/01 19:00:00.000","fuente":"MINSA","urlRenipr":"http://app20.susalud.gob.pe:8080/registro-renipress-webapp/ipress.htm?action=mostrarVer&idipress=00000562"}},{"type":"Feature","geometry":{"type":"Point","coordinates":[-75.49606673999995,-11.77517125999998]},"properties":{"objectid":32504,"nombre":"FAMILIA FELIZ","departamento":"JUNIN","provincia":"JAUJA","distrito":"JAUJA","institucion":"PRIVADO","codigoMinsa":28740,"direccion":"JIRÓN JIRON ARICA NÚMERO 1060 PISO 1 DEPARTAMENTO 1 INTERIOR 1 DISTRITO JAUJA PROVINCIA JAUJA DEPARTAMENTO JUNIN","disa":"JUNIN","red":"NO PERTENECE A NINGUNA RED","microrred":"NO PERTENECE A NINGUNA MICRORED","categoria":"ESTABLECIMIENTO DE SALUD SIN INTERNAMIENTO","condicion":"ACTIVO","actualizado":"2023/08/01 19:00:00.000","fuente":"MINSA","urlRenipr":"http://app20.susalud.gob.pe:8080/registro-renipress-webapp/ipress.htm?action=mostrarVer&idipress=00028740"}},{"type":"Feature","geometry":{"type":"Point","coordinates":[-74.65448869999994,-11.08777484999996]},"properties":{"objectid":32718,"nombre":"RIO CHARI ALTO","departamento":"JUNIN","provincia":"SATIPO","distrito":"RIO NEGRO","institucion":"GOBIERNO REGIONAL","codigoMinsa":497,"direccion":"OTROS CENTRO POBLADO DE RIO CHARI ALTO DISTRITO RIO NEGRO PROVINCIA SATIPO DEPARTAMENTO JUNIN","disa":"JUNIN","red":"SATIPO","microrred":"RIO NEGRO-SATIPO","categoria":"ESTABLECIMIENTO DE SALUD SIN INTERNAMIENTO","condicion":"ACTIVO","actualizado":"2023/08/01 19:00:00.000","fuente":"MINSA","urlRenipr":"http://app20.susalud.gob.pe:8080/registro-renipress-webapp/ipress.htm?action=mostrarVer&idipress=00000497"}},{"type":"Feature","geometry":{"type":"Point","coordinates":[-74.79543613999994,-11.768323459999976]},"properties":{"objectid":32719,"nombre":"SANTO DOMINGO DE ACOBAMBA","departamento":"JUNIN","provincia":"HUANCAYO","distrito":"SANTO DOMINGO DE ACOBAMBA","institucion":"GOBIERNO REGIONAL","codigoMinsa":666,"direccion":"CALLE CALLE RAUL RIBECK S/N S/N CALLE RAUL RIBECK S/N SANTO DOMINGO DE ACOBAMBA HUANCAYO JUNIN","disa":"JUNIN","red":"VALLE DEL MANTARO","microrred":"COMAS","categoria":"ESTABLECIMIENTO DE SALUD SIN INTERNAMIENTO","condicion":"ACTIVO","actualizado":"2023/08/01 19:00:00.000","fuente":"MINSA","urlRenipr":"http://app20.susalud.gob.pe:8080/registro-renipress-webapp/ipress.htm?action=mostrarVer&idipress=00000666"}},{"type":"Feature","geometry":{"type":"Point","coordinates":[-74.69035020999996,-11.191685579999955]},"properties":{"objectid":32721,"nombre":"CUSHIVIANI","departamento":"JUNIN","provincia":"SATIPO","distrito":"RIO NEGRO","institucion":"GOBIERNO REGIONAL","codigoMinsa":502,"direccion":"OTROS COMUNIDAD NATIVA DE CUSHIVIANI DISTRITO RIO NEGRO PROVINCIA SATIPO DEPARTAMENTO JUNIN","disa":"JUNIN","red":"SATIPO","microrred":"RIO NEGRO-SATIPO","categoria":"ESTABLECIMIENTO DE SALUD SIN INTERNAMIENTO","condicion":"ACTIVO","actualizado":"2023/08/01 19:00:00.000","fuente":"MINSA","urlRenipr":"http://app20.susalud.gob.pe:8080/registro-renipress-webapp/ipress.htm?action=mostrarVer&idipress=00000502"}},{"type":"Feature","geometry":{"type":"Point","coordinates":[-74.16286454999994,-11.303788789999942]},"properties":{"objectid":32722,"nombre":"CAPERUSIA","departamento":"JUNIN","provincia":"SATIPO","distrito":"RIO TAMBO","institucion":"GOBIERNO REGIONAL","codigoMinsa":475,"direccion":"OTROS COMUNIDAD NATIVA CAPERUSIA DISTRITO RIO TAMBO PROVINCIA SATIPO DEPARTAMENTO JUNIN","disa":"JUNIN","red":"SATIPO","microrred":"PUERTO OCOPA","categoria":"ESTABLECIMIENTO DE SALUD SIN INTERNAMIENTO","condicion":"ACTIVO","actualizado":"2023/08/01 19:00:00.000","fuente":"MINSA","urlRenipr":"http://app20.susalud.gob.pe:8080/registro-renipress-webapp/ipress.htm?action=mostrarVer&idipress=00000475"}},{"type":"Feature","geometry":{"type":"Point","coordinates":[-73.71834751999995,-11.098657229999958]},"properties":{"objectid":32723,"nombre":"CAPITIRI","departamento":"JUNIN","provincia":"SATIPO","distrito":"RIO TAMBO","institucion":"GOBIERNO REGIONAL","codigoMinsa":465,"direccion":"OTROS COMUNIDAD NATIVA CAPITIRI DISTRITO RIO TAMBO PROVINCIA SATIPO DEPARTAMENTO JUNIN","disa":"JUNIN","red":"SATIPO","microrred":"POYENI","categoria":"ESTABLECIMIENTO DE SALUD SIN INTERNAMIENTO","condicion":"ACTIVO","actualizado":"2023/08/01 19:00:00.000","fuente":"MINSA","urlRenipr":"http://app20.susalud.gob.pe:8080/registro-renipress-webapp/ipress.htm?action=mostrarVer&idipress=00000465"}},{"type":"Feature","geometry":{"type":"Point","coordinates":[-73.73635421999995,-11.034652379999955]},"properties":{"objectid":32724,"nombre":"SHEVOJA","departamento":"JUNIN","provincia":"SATIPO","distrito":"RIO TAMBO","institucion":"GOBIERNO REGIONAL","codigoMinsa":461,"direccion":"OTROS CC.NN. SHEVOJA DISTRITO RIO TAMBO PROVINCIA SATIPO DEPARTAMENTO JUNIN","disa":"JUNIN","red":"SATIPO","microrred":"POYENI","categoria":"ESTABLECIMIENTO DE SALUD SIN INTERNAMIENTO","condicion":"ACTIVO","actualizado":"2023/08/01 19:00:00.000","fuente":"MINSA","urlRenipr":"http://app20.susalud.gob.pe:8080/registro-renipress-webapp/ipress.htm?action=mostrarVer&idipress=00000461"}},{"type":"Feature","geometry":{"type":"Point","coordinates":[-75.27963929999999,-11.951160799999968]},"properties":{"objectid":32864,"nombre":"LABORATORIO CLÍNICO CONTINENTAL","departamento":"JUNIN","provincia":"HUANCAYO","distrito":"HUANCAYO","institucion":"PRIVADO","codigoMinsa":29302,"direccion":"JIRÓN PUNO NÚMERO 722 PISO 2 DISTRITO HUANCAYO PROVINCIA HUANCAYO DEPARTAMENTO JUNIN","disa":"JUNIN","red":"","microrred":"","categoria":"SERVICIO MÉDICO DE APOYO","condicion":"ACTIVO","actualizado":"2023/08/01 19:00:00.000","fuente":"MINSA","urlRenipr":"http://app20.susalud.gob.pe:8080/registro-renipress-webapp/ipress.htm?action=mostrarVer&idipress=00029302"}},{"type":"Feature","geometry":{"type":"Point","coordinates":[-75.98946029999996,-11.16609907999998]},"properties":{"objectid":32887,"nombre":"POSTA MEDICA JUNÍN","departamento":"JUNIN","provincia":"JUNIN","distrito":"JUNIN","institucion":"ESSALUD","codigoMinsa":8672,"direccion":"JIRÓN JIRON SIMÓN BOLIVAR Nº 820 DISTRITO JUNIN PROVINCIA JUNIN DEPARTAMENTO JUNIN","disa":"JUNIN","red":"NO PERTENECE A NINGUNA RED","microrred":"NO PERTENECE A NINGUNA MICRORED","categoria":"ESTABLECIMIENTO DE SALUD SIN INTERNAMIENTO","condicion":"ACTIVO","actualizado":"2023/08/01 19:00:00.000","fuente":"MINSA","urlRenipr":"http://app20.susalud.gob.pe:8080/registro-renipress-webapp/ipress.htm?action=mostrarVer&idipress=00008672"}},{"type":"Feature","geometry":{"type":"Point","coordinates":[-76.04132092999998,-11.733430599999963]},"properties":{"objectid":32905,"nombre":"POSTA MEDICA DE ANDAYCHAGUA","departamento":"JUNIN","provincia":"YAULI","distrito":"HUAY-HUAY","institucion":"ESSALUD","codigoMinsa":8669,"direccion":"OTROS CAMPAMENTO MINERO SAN JOSE DE ANDAYCHAGUA DISTRITO HUAY HUAY PROVINCIA YAULI DEPARTAMENTO JUNIN","disa":"JUNIN","red":"NO PERTENECE A NINGUNA RED","microrred":"NO PERTENECE A NINGUNA MICRORED","categoria":"ESTABLECIMIENTO DE SALUD SIN INTERNAMIENTO","condicion":"ACTIVO","actualizado":"2023/08/01 19:00:00.000","fuente":"MINSA","urlRenipr":"http://app20.susalud.gob.pe:8080/registro-renipress-webapp/ipress.htm?action=mostrarVer&idipress=00008669"}},{"type":"Feature","geometry":{"type":"Point","coordinates":[-76.08145899999994,-11.744369999999947]},"properties":{"objectid":32907,"nombre":"POSTA MEDICA SAN CRISTOBAL","departamento":"JUNIN","provincia":"YAULI","distrito":"YAULI","institucion":"ESSALUD","codigoMinsa":8677,"direccion":"OTROS CAMPAMENTO MINERO SAN CRISTOBAL DISTRITO YAULI PROVINCIA YAULI DEPARTAMENTO JUNIN","disa":"JUNIN","red":"NO PERTENECE A NINGUNA RED","microrred":"","categoria":"ESTABLECIMIENTO DE SALUD SIN INTERNAMIENTO","condicion":"ACTIVO","actualizado":"2023/08/01 19:00:00.000","fuente":"MINSA","urlRenipr":"http://app20.susalud.gob.pe:8080/registro-renipress-webapp/ipress.htm?action=mostrarVer&idipress=00008677"}},{"type":"Feature","geometry":{"type":"Point","coordinates":[-75.50934186999996,-12.249507929999936]},"properties":{"objectid":32930,"nombre":"SANTO DOMINGO DE CACHI","departamento":"JUNIN","provincia":"CHUPACA","distrito":"YANACANCHA","institucion":"GOBIERNO REGIONAL","codigoMinsa":662,"direccion":"PLAZA PLAZA PRINCIPAL S/N S/N PLAZA PRINCIPAL S/N YANACANCHA CHUPACA JUNIN","disa":"JUNIN","red":"RED DE SALUD CHUPACA","microrred":"JARPA","categoria":"ESTABLECIMIENTO DE SALUD SIN INTERNAMIENTO","condicion":"ACTIVO","actualizado":"2023/08/01 19:00:00.000","fuente":"MINSA","urlRenipr":"http://app20.susalud.gob.pe:8080/registro-renipress-webapp/ipress.htm?action=mostrarVer&idipress=00000662"}},{"type":"Feature","geometry":{"type":"Point","coordinates":[-75.21289959999996,-12.027216499999952]},"properties":{"objectid":32939,"nombre":"HISTOTECMEDLAB","departamento":"JUNIN","provincia":"HUANCAYO","distrito":"EL TAMBO","institucion":"PRIVADO","codigoMinsa":25266,"direccion":"JIRÓN JORGE CHÁVEZ NÚMERO 130 PISO 1 URBANIZACIÓN SAN ISIDRO DISTRITO EL TAMBO PROVINCIA HUANCAYO DEPARTAMENTO JUNIN","disa":"JUNIN","red":"NO PERTENECE A NINGUNA RED","microrred":"NO PERTENECE A NINGUNA MICRORED","categoria":"SERVICIO MÉDICO DE APOYO","condicion":"ACTIVO","actualizado":"2023/08/01 19:00:00.000","fuente":"MINSA","urlRenipr":"http://app20.susalud.gob.pe:8080/registro-renipress-webapp/ipress.htm?action=mostrarVer&idipress=00025266"}},{"type":"Feature","geometry":{"type":"Point","coordinates":[-75.20501950999994,-12.060411659999943]},"properties":{"objectid":32981,"nombre":"CENTRO ODONTOLOGICO AMERICANO - HUANCAYO","departamento":"JUNIN","provincia":"HUANCAYO","distrito":"HUANCAYO","institucion":"PRIVADO","codigoMinsa":28868,"direccion":"AVENIDA REPUBLICA DE URUGUAY NÚMERO 564 DISTRITO HUANCAYO PROVINCIA HUANCAYO DEPARTAMENTO JUNIN","disa":"JUNIN","red":"NO PERTENECE A NINGUNA RED","microrred":"NO PERTENECE A NINGUNA MICRORED","categoria":"ESTABLECIMIENTO DE SALUD SIN INTERNAMIENTO","condicion":"ACTIVO","actualizado":"2023/08/01 19:00:00.000","fuente":"MINSA","urlRenipr":"http://app20.susalud.gob.pe:8080/registro-renipress-webapp/ipress.htm?action=mostrarVer&idipress=00028868"}},{"type":"Feature","geometry":{"type":"Point","coordinates":[-75.20912239999996,-12.068508599999973]},"properties":{"objectid":33110,"nombre":"CENTRO MEDICO PERU MEDIC","departamento":"JUNIN","provincia":"HUANCAYO","distrito":"CHILCA","institucion":"PRIVADO","codigoMinsa":26976,"direccion":"PASAJE VIRU NÚMERO 156 DISTRITO CHILCA PROVINCIA HUANCAYO DEPARTAMENTO JUNIN","disa":"JUNIN","red":"NO PERTENECE A NINGUNA RED","microrred":"NO PERTENECE A NINGUNA MICRORED","categoria":"ESTABLECIMIENTO DE SALUD SIN INTERNAMIENTO","condicion":"ACTIVO","actualizado":"2023/08/01 19:00:00.000","fuente":"MINSA","urlRenipr":"http://app20.susalud.gob.pe:8080/registro-renipress-webapp/ipress.htm?action=mostrarVer&idipress=00026976"}},{"type":"Feature","geometry":{"type":"Point","coordinates":[-74.87299525999998,-10.924547589999975]},"properties":{"objectid":33129,"nombre":"CLÍNICA ODONTOLOGICA SAN JOSE INNOVA DENT","departamento":"JUNIN","provincia":"CHANCHAMAYO","distrito":"PICHANAQUI","institucion":"PRIVADO","codigoMinsa":30172,"direccion":"JIRÓN 24 DE SETIEMBRE N?ERO 931 PISO 1 DISTRITO PICHANAQUI PROVINCIA CHANCHAMAYO DEPARTAMENTO JUNIN","disa":"JUNIN","red":"","microrred":"","categoria":"ESTABLECIMIENTO DE SALUD SIN INTERNAMIENTO","condicion":"ACTIVO","actualizado":"2023/08/01 19:00:00.000","fuente":"MINSA","urlRenipr":"http://app20.susalud.gob.pe:8080/registro-renipress-webapp/ipress.htm?action=mostrarVer&idipress=00030172"}},{"type":"Feature","geometry":{"type":"Point","coordinates":[-74.85500886999995,-10.844767219999937]},"properties":{"objectid":33163,"nombre":"28 DE JULIO","departamento":"JUNIN","provincia":"CHANCHAMAYO","distrito":"PICHANAQUI","institucion":"GOBIERNO REGIONAL","codigoMinsa":7371,"direccion":"PLAZA PLAZA DEL CENTRO POBLADO 28 DE JULIO DISTRITO PICHANAQUI PROVINCIA CHANCHAMAYO DEPARTAMENTO JUNIN","disa":"JUNIN","red":"PICHANAKI","microrred":"HUACHIRIKI","categoria":"ESTABLECIMIENTO DE SALUD SIN INTERNAMIENTO","condicion":"ACTIVO","actualizado":"2023/08/01 19:00:00.000","fuente":"MINSA","urlRenipr":"http://app20.susalud.gob.pe:8080/registro-renipress-webapp/ipress.htm?action=mostrarVer&idipress=00007371"}},{"type":"Feature","geometry":{"type":"Point","coordinates":[-74.88450210999997,-11.160713199999975]},"properties":{"objectid":33164,"nombre":"COLONIA HUANCA","departamento":"JUNIN","provincia":"CHANCHAMAYO","distrito":"PICHANAQUI","institucion":"GOBIERNO REGIONAL","codigoMinsa":7361,"direccion":"AVENIDA ANEXO COLONIA HUANCA AV. PRINCIPAL NÚMERO S/N DISTRITO PICHANAQUI PROVINCIA CHANCHAMAYO DEPARTAMENTO JUNIN","disa":"JUNIN","red":"PICHANAKI","microrred":"LAS PALMAS","categoria":"ESTABLECIMIENTO DE SALUD SIN INTERNAMIENTO","condicion":"ACTIVO","actualizado":"2023/08/01 19:00:00.000","fuente":"MINSA","urlRenipr":"http://app20.susalud.gob.pe:8080/registro-renipress-webapp/ipress.htm?action=mostrarVer&idipress=00007361"}},{"type":"Feature","geometry":{"type":"Point","coordinates":[-74.88281779999994,-11.007183699999928]},"properties":{"objectid":33165,"nombre":"PRIMAVERA","departamento":"JUNIN","provincia":"CHANCHAMAYO","distrito":"PICHANAQUI","institucion":"GOBIERNO REGIONAL","codigoMinsa":342,"direccion":"AVENIDA AV. CIRCUNVALACION S/N NÚMERO S/N DISTRITO PICHANAQUI PROVINCIA CHANCHAMAYO DEPARTAMENTO JUNIN","disa":"JUNIN","red":"PICHANAKI","microrred":"LAS PALMAS","categoria":"ESTABLECIMIENTO DE SALUD SIN INTERNAMIENTO","condicion":"ACTIVO","actualizado":"2023/08/01 19:00:00.000","fuente":"MINSA","urlRenipr":"http://app20.susalud.gob.pe:8080/registro-renipress-webapp/ipress.htm?action=mostrarVer&idipress=00000342"}},{"type":"Feature","geometry":{"type":"Point","coordinates":[-74.87183836999998,-10.925713909999956]},"properties":{"objectid":33166,"nombre":"HOSPITAL DE APOYO PICHANAKI","departamento":"JUNIN","provincia":"CHANCHAMAYO","distrito":"PICHANAQUI","institucion":"GOBIERNO REGIONAL","codigoMinsa":340,"direccion":"AVENIDA AV. SAN MARTIN S/N PICHANAKI S/N AV. SAN MARTIN S/N PICHANAKI PICHANAQUI CHANCHAMAYO JUNIN","disa":"JUNIN","red":"PICHANAKI","microrred":"NO PERTENECE A NINGUNA MICRORED","categoria":"ESTABLECIMIENTO DE SALUD CON INTERNAMIENTO","condicion":"ACTIVO","actualizado":"2023/08/01 19:00:00.000","fuente":"MINSA","urlRenipr":"http://app20.susalud.gob.pe:8080/registro-renipress-webapp/ipress.htm?action=mostrarVer&idipress=00000340"}},{"type":"Feature","geometry":{"type":"Point","coordinates":[-74.48193092999998,-11.430362739999964]},"properties":{"objectid":33174,"nombre":"SAN RAMON DE PANGOA","departamento":"JUNIN","provincia":"SATIPO","distrito":"MAZAMARI - PANGOA","institucion":"GOBIERNO REGIONAL","codigoMinsa":443,"direccion":"CALLE ESQUINA FRAY CANTELA Y CALLE INDUSTRIAL S/N NÚMERO S/N DISTRITO PANGOA PROVINCIA SATIPO DEPARTAMENTO JUNIN","disa":"JUNIN","red":"SAN MARTIN DE PANGOA","microrred":"SAN RAMON DE PANGOA","categoria":"ESTABLECIMIENTO DE SALUD SIN INTERNAMIENTO","condicion":"ACTIVO","actualizado":"2023/08/01 19:00:00.000","fuente":"MINSA","urlRenipr":"http://app20.susalud.gob.pe:8080/registro-renipress-webapp/ipress.htm?action=mostrarVer&idipress=00000443"}},{"type":"Feature","geometry":{"type":"Point","coordinates":[-75.20093679999997,-12.08339086999996]},"properties":{"objectid":33195,"nombre":"CENTRO ESPECIALIZADO RAMOS","departamento":"JUNIN","provincia":"HUANCAYO","distrito":"CHILCA","institucion":"PRIVADO","codigoMinsa":30616,"direccion":"CALLE REAL NÚMERO 829 PISO 2 DEPARTAMENTO 201 DISTRITO CHILCA PROVINCIA HUANCAYO DEPARTAMENTO JUNIN","disa":"JUNIN","red":"","microrred":"","categoria":"ESTABLECIMIENTO DE SALUD SIN INTERNAMIENTO","condicion":"ACTIVO","actualizado":"2023/08/01 19:00:00.000","fuente":"MINSA","urlRenipr":"http://app20.susalud.gob.pe:8080/registro-renipress-webapp/ipress.htm?action=mostrarVer&idipress=00030616"}},{"type":"Feature","geometry":{"type":"Point","coordinates":[-75.21756899999997,-12.093012409999972]},"properties":{"objectid":33260,"nombre":"AUQUIMARCA","departamento":"JUNIN","provincia":"HUANCAYO","distrito":"CHILCA","institucion":"GOBIERNO REGIONAL","codigoMinsa":610,"direccion":"OTROS ACTUALIZAR DISTRITO CHILCA PROVINCIA HUANCAYO DEPARTAMENTO JUNIN","disa":"JUNIN","red":"VALLE DEL MANTARO","microrred":"CHILCA","categoria":"ESTABLECIMIENTO DE SALUD SIN INTERNAMIENTO","condicion":"ACTIVO","actualizado":"2023/08/01 19:00:00.000","fuente":"MINSA","urlRenipr":"http://app20.susalud.gob.pe:8080/registro-renipress-webapp/ipress.htm?action=mostrarVer&idipress=00000610"}},{"type":"Feature","geometry":{"type":"Point","coordinates":[-75.19407709999996,-12.036166849999972]},"properties":{"objectid":33261,"nombre":"PUESTO DE SALUD PALIAN","departamento":"JUNIN","provincia":"HUANCAYO","distrito":"HUANCAYO","institucion":"GOBIERNO REGIONAL","codigoMinsa":731,"direccion":"OTROS ACTUALIZAR DISTRITO HUANCAYO PROVINCIA HUANCAYO DEPARTAMENTO JUNIN","disa":"JUNIN","red":"VALLE DEL MANTARO","microrred":"LA LIBERTAD","categoria":"ESTABLECIMIENTO DE SALUD SIN INTERNAMIENTO","condicion":"ACTIVO","actualizado":"2023/08/01 19:00:00.000","fuente":"MINSA","urlRenipr":"http://app20.susalud.gob.pe:8080/registro-renipress-webapp/ipress.htm?action=mostrarVer&idipress=00000731"}},{"type":"Feature","geometry":{"type":"Point","coordinates":[-75.20297416999995,-12.09063939999993]},"properties":{"objectid":33262,"nombre":"CHILCA","departamento":"JUNIN","provincia":"HUANCAYO","distrito":"CHILCA","institucion":"GOBIERNO REGIONAL","codigoMinsa":608,"direccion":"JIRÓN JR. HUMBOLT Nº 900 DISTRITO CHILCA PROVINCIA HUANCAYO DEPARTAMENTO JUNIN","disa":"JUNIN","red":"VALLE DEL MANTARO","microrred":"CHILCA","categoria":"ESTABLECIMIENTO DE SALUD CON INTERNAMIENTO","condicion":"ACTIVO","actualizado":"2023/08/01 19:00:00.000","fuente":"MINSA","urlRenipr":"http://app20.susalud.gob.pe:8080/registro-renipress-webapp/ipress.htm?action=mostrarVer&idipress=00000608"}},{"type":"Feature","geometry":{"type":"Point","coordinates":[-75.28140937999996,-11.952036649999968]},"properties":{"objectid":33263,"nombre":"SAN JERONIMO","departamento":"JUNIN","provincia":"HUANCAYO","distrito":"SAN JERONIMO DE TUNAN","institucion":"GOBIERNO REGIONAL","codigoMinsa":724,"direccion":"JIRÓN JR.CUZCO S/N - BARRIO PUMACUSMA S/N JR.CUZCO S/N - BARRIO PUMACUSMA SAN JERONIMO DE TUNAN HUANCAYO JUNIN","disa":"JUNIN","red":"VALLE DEL MANTARO","microrred":"EL TAMBO","categoria":"ESTABLECIMIENTO DE SALUD SIN INTERNAMIENTO","condicion":"ACTIVO","actualizado":"2023/08/01 19:00:00.000","fuente":"MINSA","urlRenipr":"http://app20.susalud.gob.pe:8080/registro-renipress-webapp/ipress.htm?action=mostrarVer&idipress=00000724"}},{"type":"Feature","geometry":{"type":"Point","coordinates":[-75.24111786999998,-12.182027829999981]},"properties":{"objectid":33264,"nombre":"CARHUAPACCHA","departamento":"JUNIN","provincia":"HUANCAYO","distrito":"CHUPURO","institucion":"GOBIERNO REGIONAL","codigoMinsa":613,"direccion":"JIRÓN JR. SAN MARTIN S/N NÚMERO S/N DISTRITO CHUPURO PROVINCIA HUANCAYO DEPARTAMENTO JUNIN","disa":"JUNIN","red":"VALLE DEL MANTARO","microrred":"CHILCA","categoria":"ESTABLECIMIENTO DE SALUD SIN INTERNAMIENTO","condicion":"ACTIVO","actualizado":"2023/08/01 19:00:00.000","fuente":"MINSA","urlRenipr":"http://app20.susalud.gob.pe:8080/registro-renipress-webapp/ipress.htm?action=mostrarVer&idipress=00000613"}},{"type":"Feature","geometry":{"type":"Point","coordinates":[-75.22432522999998,-12.140052089999926]},"properties":{"objectid":33265,"nombre":"HUAYUCACHI","departamento":"JUNIN","provincia":"HUANCAYO","distrito":"HUAYUCACHI","institucion":"GOBIERNO REGIONAL","codigoMinsa":622,"direccion":"CARRETERA CARRETERA A CHUPURO S/N NÚMERO S/N DISTRITO HUAYUCACHI PROVINCIA HUANCAYO DEPARTAMENTO JUNIN","disa":"JUNIN","red":"VALLE DEL MANTARO","microrred":"CHILCA","categoria":"ESTABLECIMIENTO DE SALUD SIN INTERNAMIENTO","condicion":"ACTIVO","actualizado":"2023/08/01 19:00:00.000","fuente":"MINSA","urlRenipr":"http://app20.susalud.gob.pe:8080/registro-renipress-webapp/ipress.htm?action=mostrarVer&idipress=00000622"}},{"type":"Feature","geometry":{"type":"Point","coordinates":[-75.14352536999996,-12.17262237999995]},"properties":{"objectid":33266,"nombre":"PUCARA","departamento":"JUNIN","provincia":"HUANCAYO","distrito":"PUCARA","institucion":"GOBIERNO REGIONAL","codigoMinsa":624,"direccion":"JIRÓN JR. PEÑA MURRIETA S/N S/N JR. PEÑA MURRIETA S/N PUCARA HUANCAYO JUNIN","disa":"JUNIN","red":"VALLE DEL MANTARO","microrred":"CHILCA","categoria":"ESTABLECIMIENTO DE SALUD SIN INTERNAMIENTO","condicion":"ACTIVO","actualizado":"2023/08/01 19:00:00.000","fuente":"MINSA","urlRenipr":"http://app20.susalud.gob.pe:8080/registro-renipress-webapp/ipress.htm?action=mostrarVer&idipress=00000624"}},{"type":"Feature","geometry":{"type":"Point","coordinates":[-74.92203961999996,-11.943665059999944]},"properties":{"objectid":33267,"nombre":"PUESTO DE SALUD HUAYCHULA","departamento":"JUNIN","provincia":"HUANCAYO","distrito":"PARIAHUANCA","institucion":"GOBIERNO REGIONAL","codigoMinsa":12471,"direccion":"CALLE CALLE 28 DE JULIO S/N -ANEXO HUAYCHULA. NÚMERO S/N DISTRITO PARIAHUANCA PROVINCIA HUANCAYO DEPARTAMENTO JUNIN","disa":"JUNIN","red":"VALLE DEL MANTARO","microrred":"LA LIBERTAD","categoria":"ESTABLECIMIENTO DE SALUD SIN INTERNAMIENTO","condicion":"ACTIVO","actualizado":"2023/08/01 19:00:00.000","fuente":"MINSA","urlRenipr":"http://app20.susalud.gob.pe:8080/registro-renipress-webapp/ipress.htm?action=mostrarVer&idipress=00012471"}},{"type":"Feature","geometry":{"type":"Point","coordinates":[-74.89760369999993,-11.97909218999996]},"properties":{"objectid":33268,"nombre":"PUESTO DE SALUD LAMPA","departamento":"JUNIN","provincia":"HUANCAYO","distrito":"PARIAHUANCA","institucion":"GOBIERNO REGIONAL","codigoMinsa":737,"direccion":"OTROS ACTUALIZAR DISTRITO PARIAHUANCA PROVINCIA HUANCAYO DEPARTAMENTO JUNIN","disa":"JUNIN","red":"VALLE DEL MANTARO","microrred":"LA LIBERTAD","categoria":"ESTABLECIMIENTO DE SALUD SIN INTERNAMIENTO","condicion":"ACTIVO","actualizado":"2023/08/01 19:00:00.000","fuente":"MINSA","urlRenipr":"http://app20.susalud.gob.pe:8080/registro-renipress-webapp/ipress.htm?action=mostrarVer&idipress=00000737"}},{"type":"Feature","geometry":{"type":"Point","coordinates":[-74.70928096999995,-11.905208689999938]},"properties":{"objectid":33269,"nombre":"MATICHACRA","departamento":"JUNIN","provincia":"HUANCAYO","distrito":"SANTO DOMINGO DE ACOBAMBA","institucion":"GOBIERNO REGIONAL","codigoMinsa":667,"direccion":"OTROS ACTUALIZAR DISTRITO SANTO DOMINGO DE ACOBAMBA PROVINCIA HUANCAYO DEPARTAMENTO JUNIN","disa":"JUNIN","red":"VALLE DEL MANTARO","microrred":"COMAS","categoria":"ESTABLECIMIENTO DE SALUD SIN INTERNAMIENTO","condicion":"ACTIVO","actualizado":"2023/08/01 19:00:00.000","fuente":"MINSA","urlRenipr":"http://app20.susalud.gob.pe:8080/registro-renipress-webapp/ipress.htm?action=mostrarVer&idipress=00000667"}},{"type":"Feature","geometry":{"type":"Point","coordinates":[-75.32672599999995,-11.054302999999948]},"properties":{"objectid":33283,"nombre":"POSTA MEDICA POLICIAL LA MERCED","departamento":"JUNIN","provincia":"CHANCHAMAYO","distrito":"CHANCHAMAYO","institucion":"SANIDAD DE LA POLICIA NACIONAL DEL PERU","codigoMinsa":11913,"direccion":"JIRÓN JR TARMA CUADRA 6 FRENTE OVALO LA MERCED DISTRITO CHANCHAMAYO PROVINCIA CHANCHAMAYO DEPARTAMENTO JUNIN","disa":"JUNIN","red":"NO PERTENECE A NINGUNA RED","microrred":"NO PERTENECE A NINGUNA MICRORED","categoria":"ESTABLECIMIENTO DE SALUD SIN INTERNAMIENTO","condicion":"ACTIVO","actualizado":"2023/08/01 19:00:00.000","fuente":"MINSA","urlRenipr":"http://app20.susalud.gob.pe:8080/registro-renipress-webapp/ipress.htm?action=mostrarVer&idipress=00011913"}},{"type":"Feature","geometry":{"type":"Point","coordinates":[-75.60917278999995,-11.765585969999961]},"properties":{"objectid":33291,"nombre":"JANJAILLO","departamento":"JUNIN","provincia":"JAUJA","distrito":"JANJAILLO","institucion":"GOBIERNO REGIONAL","codigoMinsa":426,"direccion":"AVENIDA AV. 12 DE OCTUBRE S/N BARRIO BUENOS AIRES NÚMERO S/N DISTRITO JANJAILLO PROVINCIA JAUJA DEPARTAMENTO JUNIN","disa":"JUNIN","red":"JAUJA","microrred":"QUEBRADA DEL MANTARO","categoria":"ESTABLECIMIENTO DE SALUD SIN INTERNAMIENTO","condicion":"ACTIVO","actualizado":"2023/08/01 19:00:00.000","fuente":"MINSA","urlRenipr":"http://app20.susalud.gob.pe:8080/registro-renipress-webapp/ipress.htm?action=mostrarVer&idipress=00000426"}},{"type":"Feature","geometry":{"type":"Point","coordinates":[-75.53310832999995,-11.936928329999944]},"properties":{"objectid":33292,"nombre":"SALLAHUACHAC","departamento":"JUNIN","provincia":"JAUJA","distrito":"SINCOS","institucion":"GOBIERNO REGIONAL","codigoMinsa":407,"direccion":"OTROS SEGUNDO BARRIO DISTRITO SINCOS PROVINCIA JAUJA DEPARTAMENTO JUNIN","disa":"JUNIN","red":"JAUJA","microrred":"MARGEN DERECHA","categoria":"ESTABLECIMIENTO DE SALUD SIN INTERNAMIENTO","condicion":"ACTIVO","actualizado":"2023/08/01 19:00:00.000","fuente":"MINSA","urlRenipr":"http://app20.susalud.gob.pe:8080/registro-renipress-webapp/ipress.htm?action=mostrarVer&idipress=00000407"}},{"type":"Feature","geometry":{"type":"Point","coordinates":[-75.49219166999995,-11.852541669999937]},"properties":{"objectid":33293,"nombre":"MASAJCANCHA","departamento":"JUNIN","provincia":"JAUJA","distrito":"PACCHA","institucion":"GOBIERNO REGIONAL","codigoMinsa":372,"direccion":"CALLE CALLE REAL S/N NÚMERO S/N DISTRITO PACCHA PROVINCIA JAUJA DEPARTAMENTO JUNIN","disa":"JUNIN","red":"JAUJA","microrred":"HATUN XAUXA","categoria":"ESTABLECIMIENTO DE SALUD SIN INTERNAMIENTO","condicion":"ACTIVO","actualizado":"2023/08/01 19:00:00.000","fuente":"MINSA","urlRenipr":"http://app20.susalud.gob.pe:8080/registro-renipress-webapp/ipress.htm?action=mostrarVer&idipress=00000372"}},{"type":"Feature","geometry":{"type":"Point","coordinates":[-75.50179930999997,-11.77920372999995]},"properties":{"objectid":33294,"nombre":"CENTRO DE SALUD MENTAL COMUNITARIO YAUYOS","departamento":"JUNIN","provincia":"JAUJA","distrito":"YAUYOS","institucion":"GOBIERNO REGIONAL","codigoMinsa":28949,"direccion":"JIRÓN CUZCO 0 PLAZA JERGA KUMO AL COSTADO DE LA CAPILLA YAUYOS JAUJA JUNIN","disa":"JUNIN","red":"JAUJA","microrred":"NO PERTENECE A NINGUNA MICRORED","categoria":"ESTABLECIMIENTO DE SALUD SIN INTERNAMIENTO","condicion":"ACTIVO","actualizado":"2023/08/01 19:00:00.000","fuente":"MINSA","urlRenipr":"http://app20.susalud.gob.pe:8080/registro-renipress-webapp/ipress.htm?action=mostrarVer&idipress=00028949"}},{"type":"Feature","geometry":{"type":"Point","coordinates":[-75.20607472999995,-12.063902149999933]},"properties":{"objectid":33304,"nombre":"POLICLINICO LUZ VERDE S.A.C.","departamento":"JUNIN","provincia":"HUANCAYO","distrito":"HUANCAYO","institucion":"PRIVADO","codigoMinsa":30612,"direccion":"JIRÓN guido NÚMERO 565 PISO 3 DISTRITO HUANCAYO PROVINCIA HUANCAYO DEPARTAMENTO JUNIN","disa":"JUNIN","red":"","microrred":"","categoria":"ESTABLECIMIENTO DE SALUD SIN INTERNAMIENTO","condicion":"ACTIVO","actualizado":"2023/08/01 19:00:00.000","fuente":"MINSA","urlRenipr":"http://app20.susalud.gob.pe:8080/registro-renipress-webapp/ipress.htm?action=mostrarVer&idipress=00030612"}},{"type":"Feature","geometry":{"type":"Point","coordinates":[-75.76160308999994,-11.027515139999934]},"properties":{"objectid":33319,"nombre":"ACANCOCHA","departamento":"JUNIN","provincia":"TARMA","distrito":"SAN PEDRO DE CAJAS","institucion":"GOBIERNO REGIONAL","codigoMinsa":558,"direccion":"PLAZA PLAZA PRINCIPAL ACANCOCHA DISTRITO SAN PEDRO DE CAJAS PROVINCIA TARMA DEPARTAMENTO JUNIN","disa":"JUNIN","red":"JUNIN","microrred":"JUNIN","categoria":"ESTABLECIMIENTO DE SALUD SIN INTERNAMIENTO","condicion":"ACTIVO","actualizado":"2023/08/01 19:00:00.000","fuente":"MINSA","urlRenipr":"http://app20.susalud.gob.pe:8080/registro-renipress-webapp/ipress.htm?action=mostrarVer&idipress=00000558"}},{"type":"Feature","geometry":{"type":"Point","coordinates":[-76.07760666999997,-11.298358329999928]},"properties":{"objectid":33320,"nombre":"ATOCSAICO","departamento":"JUNIN","provincia":"JUNIN","distrito":"ONDORES","institucion":"GOBIERNO REGIONAL","codigoMinsa":553,"direccion":"CARRETERA CARRETERA CENTRAL JUNIN CARHUACAYAN S/N NÚMERO S/N DISTRITO ONDORES PROVINCIA JUNIN DEPARTAMENTO JUNIN","disa":"JUNIN","red":"JUNIN","microrred":"JUNIN","categoria":"ESTABLECIMIENTO DE SALUD SIN INTERNAMIENTO","condicion":"ACTIVO","actualizado":"2023/08/01 19:00:00.000","fuente":"MINSA","urlRenipr":"http://app20.susalud.gob.pe:8080/registro-renipress-webapp/ipress.htm?action=mostrarVer&idipress=00000553"}},{"type":"Feature","geometry":{"type":"Point","coordinates":[-75.76580499999994,-10.849381669999957]},"properties":{"objectid":33321,"nombre":"CARAPACHO","departamento":"JUNIN","provincia":"JUNIN","distrito":"ULCUMAYO","institucion":"GOBIERNO REGIONAL","codigoMinsa":541,"direccion":"CARRETERA BARRIO CENTRO POBLADO DE CARAPACHO -CARRETERA CARAPACHO A REGISTRO DISTRITO ULCUMAYO PROVINCIA JUNIN DEPARTAMENTO JUNIN","disa":"JUNIN","red":"JUNIN","microrred":"CARHUAMAYO","categoria":"ESTABLECIMIENTO DE SALUD SIN INTERNAMIENTO","condicion":"ACTIVO","actualizado":"2023/08/01 19:00:00.000","fuente":"MINSA","urlRenipr":"http://app20.susalud.gob.pe:8080/registro-renipress-webapp/ipress.htm?action=mostrarVer&idipress=00000541"}},{"type":"Feature","geometry":{"type":"Point","coordinates":[-75.83224666999996,-10.934619999999938]},"properties":{"objectid":33322,"nombre":"PUYAY","departamento":"JUNIN","provincia":"JUNIN","distrito":"ULCUMAYO","institucion":"GOBIERNO REGIONAL","codigoMinsa":539,"direccion":"PLAZA PLAZA PRINCIPAL S/N -CENTRO POBLADO MENOR PUYAY NÚMERO S/N DISTRITO ULCUMAYO PROVINCIA JUNIN DEPARTAMENTO JUNIN","disa":"JUNIN","red":"JUNIN","microrred":"CARHUAMAYO","categoria":"ESTABLECIMIENTO DE SALUD SIN INTERNAMIENTO","condicion":"ACTIVO","actualizado":"2023/08/01 19:00:00.000","fuente":"MINSA","urlRenipr":"http://app20.susalud.gob.pe:8080/registro-renipress-webapp/ipress.htm?action=mostrarVer&idipress=00000539"}}]}