{"type":"FeatureCollection","features":[{"type":"Feature","geometry":{"type":"Point","coordinates":[-79.60789166999996,-6.779124999999965]},"properties":{"objectid":138,"nombre":"PUCALA","departamento":"LAMBAYEQUE","provincia":"CHICLAYO","distrito":"PUCALA","institucion":"GOBIERNO REGIONAL","codigoMinsa":6997,"direccion":"AVENIDA AV.SANTA ROSA S/N - PUCALA S/N AV.SANTA ROSA S/N - PUCALA PUCALA CHICLAYO LAMBAYEQUE","disa":"LAMBAYEQUE","red":"CHICLAYO","microrred":"POSOPE ALTO","categoria":"ESTABLECIMIENTO DE SALUD SIN INTERNAMIENTO","condicion":"ACTIVO","actualizado":"2023/08/01 19:00:00.000","fuente":"MINSA","urlRenipr":"http://app20.susalud.gob.pe:8080/registro-renipress-webapp/ipress.htm?action=mostrarVer&idipress=00006997"}},{"type":"Feature","geometry":{"type":"Point","coordinates":[-79.50655054999999,-6.082780649999961]},"properties":{"objectid":140,"nombre":"COLAYA","departamento":"LAMBAYEQUE","provincia":"LAMBAYEQUE","distrito":"SALAS","institucion":"GOBIERNO REGIONAL","codigoMinsa":4417,"direccion":"OTROS CENTRO POBLADO COLAYA CENTRO POBLADO COLAYA SALAS LAMBAYEQUE LAMBAYEQUE","disa":"LAMBAYEQUE","red":"LAMBAYEQUE","microrred":"SALAS","categoria":"ESTABLECIMIENTO DE SALUD SIN INTERNAMIENTO","condicion":"ACTIVO","actualizado":"2023/08/01 19:00:00.000","fuente":"MINSA","urlRenipr":"http://app20.susalud.gob.pe:8080/registro-renipress-webapp/ipress.htm?action=mostrarVer&idipress=00004417"}},{"type":"Feature","geometry":{"type":"Point","coordinates":[-79.83222832999996,-5.901386669999965]},"properties":{"objectid":141,"nombre":"CORRAL DE ARENA","departamento":"LAMBAYEQUE","provincia":"LAMBAYEQUE","distrito":"OLMOS","institucion":"GOBIERNO REGIONAL","codigoMinsa":17605,"direccion":"OTROS CENTRO POBLADO CORRAL DE ARENA CENTRO POBLADO CORRAL DE ARENA OLMOS LAMBAYEQUE LAMBAYEQUE","disa":"LAMBAYEQUE","red":"LAMBAYEQUE","microrred":"OLMOS","categoria":"ESTABLECIMIENTO DE SALUD SIN INTERNAMIENTO","condicion":"ACTIVO","actualizado":"2023/08/01 19:00:00.000","fuente":"MINSA","urlRenipr":"http://app20.susalud.gob.pe:8080/registro-renipress-webapp/ipress.htm?action=mostrarVer&idipress=00017605"}},{"type":"Feature","geometry":{"type":"Point","coordinates":[-79.81333166999997,-6.7135033299999805]},"properties":{"objectid":142,"nombre":"CAPOTE","departamento":"LAMBAYEQUE","provincia":"CHICLAYO","distrito":"PICSI","institucion":"GOBIERNO REGIONAL","codigoMinsa":6954,"direccion":"CALLE CALLE SANTA VERONICA S/N (CPM CAPOTE) S/N CALLE SANTA VERONICA S/N (CPM CAPOTE) PICSI CHICLAYO LAMBAYEQUE","disa":"LAMBAYEQUE","red":"CHICLAYO","microrred":"PICSI","categoria":"ESTABLECIMIENTO DE SALUD SIN INTERNAMIENTO","condicion":"ACTIVO","actualizado":"2023/08/01 19:00:00.000","fuente":"MINSA","urlRenipr":"http://app20.susalud.gob.pe:8080/registro-renipress-webapp/ipress.htm?action=mostrarVer&idipress=00006954"}},{"type":"Feature","geometry":{"type":"Point","coordinates":[-79.66555321999994,-6.456825539999954]},"properties":{"objectid":143,"nombre":"PATIVILCA","departamento":"LAMBAYEQUE","provincia":"FERREÑAFE","distrito":"PITIPO","institucion":"GOBIERNO REGIONAL","codigoMinsa":4449,"direccion":"OTROS CASERIO PATIVILCA S/N NÚMERO S/N DISTRITO PITIPO PROVINCIA FERREÑAFE DEPARTAMENTO LAMBAYEQUE","disa":"LAMBAYEQUE","red":"FERREÐAFE","microrred":"PITIPO","categoria":"ESTABLECIMIENTO DE SALUD SIN INTERNAMIENTO","condicion":"ACTIVO","actualizado":"2023/08/01 19:00:00.000","fuente":"MINSA","urlRenipr":"http://app20.susalud.gob.pe:8080/registro-renipress-webapp/ipress.htm?action=mostrarVer&idipress=00004449"}},{"type":"Feature","geometry":{"type":"Point","coordinates":[-79.76560332999998,-6.372804999999971]},"properties":{"objectid":144,"nombre":"LA VIÑA (JAYANCA)","departamento":"LAMBAYEQUE","provincia":"LAMBAYEQUE","distrito":"JAYANCA","institucion":"GOBIERNO REGIONAL","codigoMinsa":4379,"direccion":"OTROS CASERIO LA VIÑA-JAYANCA CASERIO LA VIÑA-JAYANCA JAYANCA LAMBAYEQUE LAMBAYEQUE","disa":"LAMBAYEQUE","red":"LAMBAYEQUE","microrred":"JAYANCA","categoria":"ESTABLECIMIENTO DE SALUD SIN INTERNAMIENTO","condicion":"ACTIVO","actualizado":"2023/08/01 19:00:00.000","fuente":"MINSA","urlRenipr":"http://app20.susalud.gob.pe:8080/registro-renipress-webapp/ipress.htm?action=mostrarVer&idipress=00004379"}},{"type":"Feature","geometry":{"type":"Point","coordinates":[-79.77697499999994,-6.777978329999939]},"properties":{"objectid":146,"nombre":"SAN ANTONIO (POMALCA)","departamento":"LAMBAYEQUE","provincia":"CHICLAYO","distrito":"POMALCA","institucion":"GOBIERNO REGIONAL","codigoMinsa":4340,"direccion":"OTROS CENTRO POBLADO SAN ANTONIO DISTRITO POMALCA PROVINCIA CHICLAYO DEPARTAMENTO LAMBAYEQUE","disa":"LAMBAYEQUE","red":"CHICLAYO","microrred":"POMALCA","categoria":"ESTABLECIMIENTO DE SALUD SIN INTERNAMIENTO","condicion":"ACTIVO","actualizado":"2023/08/01 19:00:00.000","fuente":"MINSA","urlRenipr":"http://app20.susalud.gob.pe:8080/registro-renipress-webapp/ipress.htm?action=mostrarVer&idipress=00004340"}},{"type":"Feature","geometry":{"type":"Point","coordinates":[-79.83924249999995,-6.8012928999999644]},"properties":{"objectid":183,"nombre":"CENTRO MEDICO GANIMED EIRL","departamento":"LAMBAYEQUE","provincia":"CHICLAYO","distrito":"LA VICTORIA","institucion":"PRIVADO","codigoMinsa":17463,"direccion":"OTROS MANUEL SEOANE 836 DISTRITO LA VICTORIA PROVINCIA CHICLAYO DEPARTAMENTO LAMBAYEQUE","disa":"LAMBAYEQUE","red":"NO PERTENECE A NINGUNA RED","microrred":"NO PERTENECE A NINGUNA MICRORED","categoria":"ESTABLECIMIENTO DE SALUD SIN INTERNAMIENTO","condicion":"ACTIVO","actualizado":"2023/08/01 19:00:00.000","fuente":"MINSA","urlRenipr":"http://app20.susalud.gob.pe:8080/registro-renipress-webapp/ipress.htm?action=mostrarVer&idipress=00017463"}},{"type":"Feature","geometry":{"type":"Point","coordinates":[-79.84919539999999,-6.783686609999961]},"properties":{"objectid":221,"nombre":"CENTRO MEDICO DELGADO","departamento":"LAMBAYEQUE","provincia":"CHICLAYO","distrito":"CHICLAYO","institucion":"PRIVADO","codigoMinsa":18320,"direccion":"OTROS URBANIZACION LOS JARDINES DE SANTA ROSA MZB LOT 11 DISTRITO CHICLAYO PROVINCIA CHICLAYO DEPARTAMENTO LAMBAYEQUE","disa":"LAMBAYEQUE","red":"NO PERTENECE A NINGUNA RED","microrred":"NO PERTENECE A NINGUNA MICRORED","categoria":"ESTABLECIMIENTO DE SALUD SIN INTERNAMIENTO","condicion":"ACTIVO","actualizado":"2023/08/01 19:00:00.000","fuente":"MINSA","urlRenipr":"http://app20.susalud.gob.pe:8080/registro-renipress-webapp/ipress.htm?action=mostrarVer&idipress=00018320"}},{"type":"Feature","geometry":{"type":"Point","coordinates":[-79.84429779999994,-6.776597399999957]},"properties":{"objectid":4382,"nombre":"MEDTRAUMA EIRL","departamento":"LAMBAYEQUE","provincia":"CHICLAYO","distrito":"CHICLAYO","institucion":"PRIVADO","codigoMinsa":10003,"direccion":"OTROS PJ. MANUEL AREVALO QUEZADA Nº 173 URB.DIEGO FERRE DISTRITO CHICLAYO PROVINCIA CHICLAYO DEPARTAMENTO LAMBAYEQUE","disa":"","red":"","microrred":"","categoria":"ESTABLECIMIENTO DE SALUD SIN INTERNAMIENTO","condicion":"RUC INACTIVO EN SUNAT","actualizado":"2023/08/01 19:00:00.000","fuente":"MINSA","urlRenipr":"http://app20.susalud.gob.pe:8080/registro-renipress-webapp/ipress.htm?action=mostrarVer&idipress=00010003"}},{"type":"Feature","geometry":{"type":"Point","coordinates":[-79.63055989999998,-6.73768519999993]},"properties":{"objectid":261,"nombre":"CENTRO MÉDICO DE HERIDAS","departamento":"LAMBAYEQUE","provincia":"CHICLAYO","distrito":"PATAPO","institucion":"PRIVADO","codigoMinsa":18137,"direccion":"OTROS LOS CHALETS 10 PATAPO DISTRITO PATAPO PROVINCIA CHICLAYO DEPARTAMENTO LAMBAYEQUE","disa":"LAMBAYEQUE","red":"NO PERTENECE A NINGUNA RED","microrred":"NO PERTENECE A NINGUNA MICRORED","categoria":"ESTABLECIMIENTO DE SALUD SIN INTERNAMIENTO","condicion":"ACTIVO","actualizado":"2023/08/01 19:00:00.000","fuente":"MINSA","urlRenipr":"http://app20.susalud.gob.pe:8080/registro-renipress-webapp/ipress.htm?action=mostrarVer&idipress=00018137"}},{"type":"Feature","geometry":{"type":"Point","coordinates":[-79.85667780999995,-6.769974589999947]},"properties":{"objectid":25534,"nombre":"CENTRO MEDICO NUEVO MILLENIUM SAC","departamento":"LAMBAYEQUE","provincia":"CHICLAYO","distrito":"CHICLAYO","institucion":"PRIVADO","codigoMinsa":27509,"direccion":"AVENIDA SALAVERRY NÚMERO 1170 PISO 0 DEPARTAMENTO 0 URBANIZACIÓN BANCARIOS DISTRITO CHICLAYO PROVINCIA CHICLAYO DEPARTAMENTO LAMBAYEQUE","disa":"LAMBAYEQUE","red":"NO PERTENECE A NINGUNA RED","microrred":"NO PERTENECE A NINGUNA MICRORED","categoria":"ESTABLECIMIENTO DE SALUD SIN INTERNAMIENTO","condicion":"ACTIVO","actualizado":"2023/08/01 19:00:00.000","fuente":"MINSA","urlRenipr":"http://app20.susalud.gob.pe:8080/registro-renipress-webapp/ipress.htm?action=mostrarVer&idipress=00027509"}},{"type":"Feature","geometry":{"type":"Point","coordinates":[-79.84344319999997,-6.782696899999962]},"properties":{"objectid":493,"nombre":"KAYCAR MEDIC SAC","departamento":"LAMBAYEQUE","provincia":"CHICLAYO","distrito":"CHICLAYO","institucion":"PRIVADO","codigoMinsa":30941,"direccion":"CALLE ALAMOS NÚMERO 239 PISO 1 URBANIZACIÓN SANTA VICTORIA DISTRITO CHICLAYO PROVINCIA CHICLAYO DEPARTAMENTO LAMBAYEQUE","disa":"LAMBAYEQUE","red":"","microrred":"","categoria":"ESTABLECIMIENTO DE SALUD SIN INTERNAMIENTO","condicion":"ACTIVO","actualizado":"2023/08/01 19:00:00.000","fuente":"MINSA","urlRenipr":"http://app20.susalud.gob.pe:8080/registro-renipress-webapp/ipress.htm?action=mostrarVer&idipress=00030941"}},{"type":"Feature","geometry":{"type":"Point","coordinates":[-79.34063199999997,-6.87273375999996]},"properties":{"objectid":387,"nombre":"NUEVA ARICA","departamento":"LAMBAYEQUE","provincia":"CHICLAYO","distrito":"NUEVA ARICA","institucion":"GOBIERNO REGIONAL","codigoMinsa":4364,"direccion":"OTROS RUPERTO BACA CUADRA 2 DISTRITO NUEVA ARICA PROVINCIA CHICLAYO DEPARTAMENTO LAMBAYEQUE","disa":"LAMBAYEQUE","red":"CHICLAYO","microrred":"OYOTUN","categoria":"ESTABLECIMIENTO DE SALUD SIN INTERNAMIENTO","condicion":"ACTIVO","actualizado":"2023/08/01 19:00:00.000","fuente":"MINSA","urlRenipr":"http://app20.susalud.gob.pe:8080/registro-renipress-webapp/ipress.htm?action=mostrarVer&idipress=00004364"}},{"type":"Feature","geometry":{"type":"Point","coordinates":[-79.84233939999996,-6.773541799999975]},"properties":{"objectid":992,"nombre":"CLINICA UNION SAC.","departamento":"LAMBAYEQUE","provincia":"CHICLAYO","distrito":"CHICLAYO","institucion":"PRIVADO","codigoMinsa":26706,"direccion":"CALLE TORRES PAZ N?ERO 204 Y 230 PISO 1 DISTRITO CHICLAYO PROVINCIA CHICLAYO DEPARTAMENTO LAMBAYEQUE","disa":"LAMBAYEQUE","red":"NO PERTENECE A NINGUNA RED","microrred":"NO PERTENECE A NINGUNA MICRORED","categoria":"ESTABLECIMIENTO DE SALUD CON INTERNAMIENTO","condicion":"ACTIVO","actualizado":"2023/08/01 19:00:00.000","fuente":"MINSA","urlRenipr":"http://app20.susalud.gob.pe:8080/registro-renipress-webapp/ipress.htm?action=mostrarVer&idipress=00026706"}},{"type":"Feature","geometry":{"type":"Point","coordinates":[-79.96592948999995,-6.767806399999927]},"properties":{"objectid":994,"nombre":"SAN JOSE","departamento":"LAMBAYEQUE","provincia":"LAMBAYEQUE","distrito":"SAN JOSE","institucion":"GOBIERNO REGIONAL","codigoMinsa":4345,"direccion":"AVENIDA AV.AUGUSTO B. LEGUIA S/N. NÚMERO S/N DISTRITO SAN JOSE PROVINCIA LAMBAYEQUE DEPARTAMENTO LAMBAYEQUE","disa":"LAMBAYEQUE","red":"CHICLAYO","microrred":"SAN JOSE","categoria":"ESTABLECIMIENTO DE SALUD SIN INTERNAMIENTO","condicion":"ACTIVO","actualizado":"2023/08/01 19:00:00.000","fuente":"MINSA","urlRenipr":"http://app20.susalud.gob.pe:8080/registro-renipress-webapp/ipress.htm?action=mostrarVer&idipress=00004345"}},{"type":"Feature","geometry":{"type":"Point","coordinates":[-79.84429779999994,-6.776597399999957]},"properties":{"objectid":1905,"nombre":"CARDIOLOGIA MEDICAR S.A.C.","departamento":"LAMBAYEQUE","provincia":"CHICLAYO","distrito":"CHICLAYO","institucion":"PRIVADO","codigoMinsa":27812,"direccion":"PASAJE LAS DALIAS NÚMERO 123 DISTRITO CHICLAYO PROVINCIA CHICLAYO DEPARTAMENTO LAMBAYEQUE","disa":"LAMBAYEQUE","red":"NO PERTENECE A NINGUNA RED","microrred":"NO PERTENECE A NINGUNA MICRORED","categoria":"ESTABLECIMIENTO DE SALUD SIN INTERNAMIENTO","condicion":"ACTIVO","actualizado":"2023/08/01 19:00:00.000","fuente":"MINSA","urlRenipr":"http://app20.susalud.gob.pe:8080/registro-renipress-webapp/ipress.htm?action=mostrarVer&idipress=00027812"}},{"type":"Feature","geometry":{"type":"Point","coordinates":[-79.83936375999997,-6.773060729999941]},"properties":{"objectid":1913,"nombre":"SERVIMEDICOS S.A.C.","departamento":"LAMBAYEQUE","provincia":"CHICLAYO","distrito":"CHICLAYO","institucion":"PRIVADO","codigoMinsa":8229,"direccion":"CALLE CALLE MANUEL MARIA IZAGA Nº 621 DISTRITO CHICLAYO PROVINCIA CHICLAYO DEPARTAMENTO LAMBAYEQUE","disa":"LAMBAYEQUE","red":"NO PERTENECE A NINGUNA RED","microrred":"NO PERTENECE A NINGUNA MICRORED","categoria":"ESTABLECIMIENTO DE SALUD SIN INTERNAMIENTO","condicion":"ACTIVO","actualizado":"2023/08/01 19:00:00.000","fuente":"MINSA","urlRenipr":"http://app20.susalud.gob.pe:8080/registro-renipress-webapp/ipress.htm?action=mostrarVer&idipress=00008229"}},{"type":"Feature","geometry":{"type":"Point","coordinates":[-79.84286979999996,-6.771511699999962]},"properties":{"objectid":2044,"nombre":"CENTRO MEDICO SALUD VIDA","departamento":"LAMBAYEQUE","provincia":"CHICLAYO","distrito":"CHICLAYO","institucion":"PRIVADO","codigoMinsa":28792,"direccion":"CALLE ELIAS AGUIRRE NÚMERO 250 PISO 1 DISTRITO CHICLAYO PROVINCIA CHICLAYO DEPARTAMENTO LAMBAYEQUE","disa":"LAMBAYEQUE","red":"NO PERTENECE A NINGUNA RED","microrred":"NO PERTENECE A NINGUNA MICRORED","categoria":"ESTABLECIMIENTO DE SALUD SIN INTERNAMIENTO","condicion":"ACTIVO","actualizado":"2023/08/01 19:00:00.000","fuente":"MINSA","urlRenipr":"http://app20.susalud.gob.pe:8080/registro-renipress-webapp/ipress.htm?action=mostrarVer&idipress=00028792"}},{"type":"Feature","geometry":{"type":"Point","coordinates":[-79.83594449999998,-6.516706969999973]},"properties":{"objectid":2287,"nombre":"LA RAYA","departamento":"LAMBAYEQUE","provincia":"LAMBAYEQUE","distrito":"TUCUME","institucion":"GOBIERNO REGIONAL","codigoMinsa":4393,"direccion":"CALLE CALLE LOS BANCES S/N S/N CALLE LOS BANCES S/N TUCUME LAMBAYEQUE LAMBAYEQUE","disa":"LAMBAYEQUE","red":"LAMBAYEQUE","microrred":"TUCUME","categoria":"ESTABLECIMIENTO DE SALUD SIN INTERNAMIENTO","condicion":"ACTIVO","actualizado":"2023/08/01 19:00:00.000","fuente":"MINSA","urlRenipr":"http://app20.susalud.gob.pe:8080/registro-renipress-webapp/ipress.htm?action=mostrarVer&idipress=00004393"}},{"type":"Feature","geometry":{"type":"Point","coordinates":[-79.89565524999995,-6.53727473999993]},"properties":{"objectid":2288,"nombre":"MARAVILLAS","departamento":"LAMBAYEQUE","provincia":"LAMBAYEQUE","distrito":"MOCHUMI","institucion":"GOBIERNO REGIONAL","codigoMinsa":4381,"direccion":"OTROS CASERIO MARAVILLAS CASERIO MARAVILLAS MOCHUMI LAMBAYEQUE LAMBAYEQUE","disa":"LAMBAYEQUE","red":"LAMBAYEQUE","microrred":"MOCHUMI","categoria":"ESTABLECIMIENTO DE SALUD SIN INTERNAMIENTO","condicion":"ACTIVO","actualizado":"2023/08/01 19:00:00.000","fuente":"MINSA","urlRenipr":"http://app20.susalud.gob.pe:8080/registro-renipress-webapp/ipress.htm?action=mostrarVer&idipress=00004381"}},{"type":"Feature","geometry":{"type":"Point","coordinates":[-80.01592966999993,-6.5409844099999646]},"properties":{"objectid":2289,"nombre":"MORROPE","departamento":"LAMBAYEQUE","provincia":"LAMBAYEQUE","distrito":"MORROPE","institucion":"GOBIERNO REGIONAL","codigoMinsa":4420,"direccion":"CALLE CALLE SANTA ANA S/N NÚMERO S/N DISTRITO MORROPE PROVINCIA LAMBAYEQUE DEPARTAMENTO LAMBAYEQUE","disa":"LAMBAYEQUE","red":"LAMBAYEQUE","microrred":"MORROPE","categoria":"ESTABLECIMIENTO DE SALUD SIN INTERNAMIENTO","condicion":"ACTIVO","actualizado":"2023/08/01 19:00:00.000","fuente":"MINSA","urlRenipr":"http://app20.susalud.gob.pe:8080/registro-renipress-webapp/ipress.htm?action=mostrarVer&idipress=00004420"}},{"type":"Feature","geometry":{"type":"Point","coordinates":[-79.55772832999997,-6.888813329999948]},"properties":{"objectid":2290,"nombre":"CAYALTI","departamento":"LAMBAYEQUE","provincia":"CHICLAYO","distrito":"CAYALTI","institucion":"GOBIERNO REGIONAL","codigoMinsa":6722,"direccion":"CALLE CALLE SAN JOSE S/N - EL PALMO S/N CALLE SAN JOSE S/N - EL PALMO CAYALTI CHICLAYO LAMBAYEQUE","disa":"LAMBAYEQUE","red":"CHICLAYO","microrred":"CAYALTI-ZAÑA","categoria":"ESTABLECIMIENTO DE SALUD CON INTERNAMIENTO","condicion":"ACTIVO","actualizado":"2023/08/01 19:00:00.000","fuente":"MINSA","urlRenipr":"http://app20.susalud.gob.pe:8080/registro-renipress-webapp/ipress.htm?action=mostrarVer&idipress=00006722"}},{"type":"Feature","geometry":{"type":"Point","coordinates":[-79.96234734999996,-6.513106389999962]},"properties":{"objectid":2291,"nombre":"CRUZ DEL MEDANO","departamento":"LAMBAYEQUE","provincia":"LAMBAYEQUE","distrito":"MORROPE","institucion":"GOBIERNO REGIONAL","codigoMinsa":4429,"direccion":"CALLE CALLE SAN MARTIN S/N CPM CRUZ DEL MEDANO S/N CALLE SAN MARTIN S/N CPM CRUZ DEL MEDANO MORROPE LAMBAYEQUE LAMBAYEQUE","disa":"LAMBAYEQUE","red":"LAMBAYEQUE","microrred":"MORROPE","categoria":"ESTABLECIMIENTO DE SALUD SIN INTERNAMIENTO","condicion":"ACTIVO","actualizado":"2023/08/01 19:00:00.000","fuente":"MINSA","urlRenipr":"http://app20.susalud.gob.pe:8080/registro-renipress-webapp/ipress.htm?action=mostrarVer&idipress=00004429"}},{"type":"Feature","geometry":{"type":"Point","coordinates":[-79.97368413999999,-6.541332489999945]},"properties":{"objectid":2292,"nombre":"ARBOLSOL","departamento":"LAMBAYEQUE","provincia":"LAMBAYEQUE","distrito":"MORROPE","institucion":"GOBIERNO REGIONAL","codigoMinsa":4426,"direccion":"OTROS CASERIO ARBOLSOL-MORROPE CASERIO ARBOLSOL-MORROPE MORROPE LAMBAYEQUE LAMBAYEQUE","disa":"LAMBAYEQUE","red":"LAMBAYEQUE","microrred":"MORROPE","categoria":"ESTABLECIMIENTO DE SALUD SIN INTERNAMIENTO","condicion":"ACTIVO","actualizado":"2023/08/01 19:00:00.000","fuente":"MINSA","urlRenipr":"http://app20.susalud.gob.pe:8080/registro-renipress-webapp/ipress.htm?action=mostrarVer&idipress=00004426"}},{"type":"Feature","geometry":{"type":"Point","coordinates":[-79.81539832999994,-6.8258566699999506]},"properties":{"objectid":2293,"nombre":"SAN LUIS","departamento":"LAMBAYEQUE","provincia":"CHICLAYO","distrito":"POMALCA","institucion":"GOBIERNO REGIONAL","codigoMinsa":4339,"direccion":"OTROS CASERIO SAN LUIS DISTRITO POMALCA PROVINCIA CHICLAYO DEPARTAMENTO LAMBAYEQUE","disa":"LAMBAYEQUE","red":"CHICLAYO","microrred":"POMALCA","categoria":"ESTABLECIMIENTO DE SALUD SIN INTERNAMIENTO","condicion":"ACTIVO","actualizado":"2023/08/01 19:00:00.000","fuente":"MINSA","urlRenipr":"http://app20.susalud.gob.pe:8080/registro-renipress-webapp/ipress.htm?action=mostrarVer&idipress=00004339"}},{"type":"Feature","geometry":{"type":"Point","coordinates":[-79.84748699999994,-6.790007999999943]},"properties":{"objectid":2428,"nombre":"ONCORAD SAC","departamento":"LAMBAYEQUE","provincia":"CHICLAYO","distrito":"LA VICTORIA","institucion":"PRIVADO","codigoMinsa":21182,"direccion":"AVENIDA AV MIGUEL GRAU Nª 1468 DISTRITO LA VICTORIA PROVINCIA CHICLAYO DEPARTAMENTO LAMBAYEQUE","disa":"LAMBAYEQUE","red":"NO PERTENECE A NINGUNA RED","microrred":"NO PERTENECE A NINGUNA MICRORED","categoria":"ESTABLECIMIENTO DE SALUD SIN INTERNAMIENTO","condicion":"ACTIVO","actualizado":"2023/08/01 19:00:00.000","fuente":"MINSA","urlRenipr":"http://app20.susalud.gob.pe:8080/registro-renipress-webapp/ipress.htm?action=mostrarVer&idipress=00021182"}},{"type":"Feature","geometry":{"type":"Point","coordinates":[-79.84230613999995,-6.77248807999996]},"properties":{"objectid":2637,"nombre":"CLINICA DE OJOS GMR","departamento":"LAMBAYEQUE","provincia":"CHICLAYO","distrito":"CHICLAYO","institucion":"PRIVADO","codigoMinsa":26961,"direccion":"AVENIDA LUIS GONZALES N?ERO 652 DISTRITO CHICLAYO PROVINCIA CHICLAYO DEPARTAMENTO LAMBAYEQUE","disa":"LAMBAYEQUE","red":"NO PERTENECE A NINGUNA RED","microrred":"NO PERTENECE A NINGUNA MICRORED","categoria":"ESTABLECIMIENTO DE SALUD SIN INTERNAMIENTO","condicion":"ACTIVO","actualizado":"2023/08/01 19:00:00.000","fuente":"MINSA","urlRenipr":"http://app20.susalud.gob.pe:8080/registro-renipress-webapp/ipress.htm?action=mostrarVer&idipress=00026961"}},{"type":"Feature","geometry":{"type":"Point","coordinates":[-79.87480349999998,-6.879985199999965]},"properties":{"objectid":2681,"nombre":"CENTRO MEDICO VALLE HERMOSO EIRL","departamento":"LAMBAYEQUE","provincia":"CHICLAYO","distrito":"MONSEFU","institucion":"PRIVADO","codigoMinsa":20926,"direccion":"AVENIDA AVENIDA TUPAC AMARUC 238 DISTRITO MONSEFU PROVINCIA CHICLAYO DEPARTAMENTO LAMBAYEQUE","disa":"","red":"","microrred":"","categoria":"ESTABLECIMIENTO DE SALUD SIN INTERNAMIENTO","condicion":"RETIRO VOLUNTARIO","actualizado":"2023/08/01 19:00:00.000","fuente":"MINSA","urlRenipr":"http://app20.susalud.gob.pe:8080/registro-renipress-webapp/ipress.htm?action=mostrarVer&idipress=00020926"}},{"type":"Feature","geometry":{"type":"Point","coordinates":[-79.86098006999998,-6.760765429999935]},"properties":{"objectid":2727,"nombre":"CENTRO DEL RIÑON ALBERTO MAGNO","departamento":"LAMBAYEQUE","provincia":"CHICLAYO","distrito":"CHICLAYO","institucion":"PRIVADO","codigoMinsa":29463,"direccion":"URBANIZACIÓN MIRAFLORES MANZANA D LOTE 4 DISTRITO CHICLAYO PROVINCIA CHICLAYO DEPARTAMENTO LAMBAYEQUE","disa":"LAMBAYEQUE","red":"","microrred":"","categoria":"SERVICIO MÉDICO DE APOYO","condicion":"ACTIVO","actualizado":"2023/08/01 19:00:00.000","fuente":"MINSA","urlRenipr":"http://app20.susalud.gob.pe:8080/registro-renipress-webapp/ipress.htm?action=mostrarVer&idipress=00029463"}},{"type":"Feature","geometry":{"type":"Point","coordinates":[-79.58059666999998,-6.941483329999926]},"properties":{"objectid":2859,"nombre":"VIRGEN DE LAS MERCEDES LA OTRA BANDA","departamento":"LAMBAYEQUE","provincia":"CHICLAYO","distrito":"SAÑA","institucion":"GOBIERNO REGIONAL","codigoMinsa":4369,"direccion":"OTROS ANEXO CAYALTI ANEXO CAYALTI SAÑA CHICLAYO LAMBAYEQUE","disa":"LAMBAYEQUE","red":"CHICLAYO","microrred":"CAYALTI-ZAÑA","categoria":"ESTABLECIMIENTO DE SALUD SIN INTERNAMIENTO","condicion":"ACTIVO","actualizado":"2023/08/01 19:00:00.000","fuente":"MINSA","urlRenipr":"http://app20.susalud.gob.pe:8080/registro-renipress-webapp/ipress.htm?action=mostrarVer&idipress=00004369"}},{"type":"Feature","geometry":{"type":"Point","coordinates":[-79.83851179999994,-6.7717022999999585]},"properties":{"objectid":2866,"nombre":"OPTICA PANORAMA","departamento":"LAMBAYEQUE","provincia":"CHICLAYO","distrito":"CHICLAYO","institucion":"PRIVADO","codigoMinsa":18565,"direccion":"JIRÓN JR. ELIAS AGUIRRE Nº- 728 DISTRITO CHICLAYO PROVINCIA CHICLAYO DEPARTAMENTO LAMBAYEQUE","disa":"LAMBAYEQUE","red":"NO PERTENECE A NINGUNA RED","microrred":"NO PERTENECE A NINGUNA MICRORED","categoria":"SERVICIO MÉDICO DE APOYO","condicion":"ACTIVO","actualizado":"2023/08/01 19:00:00.000","fuente":"MINSA","urlRenipr":"http://app20.susalud.gob.pe:8080/registro-renipress-webapp/ipress.htm?action=mostrarVer&idipress=00018565"}},{"type":"Feature","geometry":{"type":"Point","coordinates":[-79.91228499999994,-6.705710999999951]},"properties":{"objectid":2942,"nombre":"CENTRO CLINICO LAMBAYEQUE","departamento":"LAMBAYEQUE","provincia":"LAMBAYEQUE","distrito":"LAMBAYEQUE","institucion":"PRIVADO","codigoMinsa":28903,"direccion":"CALLE CIRO ALEGRIA PISO 1 MANZANA A LOTE 21 URBANIZACIÓN LA REPUBLICANA DISTRITO LAMBAYEQUE PROVINCIA LAMBAYEQUE DEPARTAMENTO LAMBAYEQUE","disa":"LAMBAYEQUE","red":"NO PERTENECE A NINGUNA RED","microrred":"NO PERTENECE A NINGUNA MICRORED","categoria":"ESTABLECIMIENTO DE SALUD SIN INTERNAMIENTO","condicion":"ACTIVO","actualizado":"2023/08/01 19:00:00.000","fuente":"MINSA","urlRenipr":"http://app20.susalud.gob.pe:8080/registro-renipress-webapp/ipress.htm?action=mostrarVer&idipress=00028903"}},{"type":"Feature","geometry":{"type":"Point","coordinates":[-79.83840612999995,-6.774118979999969]},"properties":{"objectid":3547,"nombre":"HOSPITAL DE CLINICAS LAMBAYEQUE SAC","departamento":"LAMBAYEQUE","provincia":"CHICLAYO","distrito":"CHICLAYO","institucion":"PRIVADO","codigoMinsa":25061,"direccion":"CALLE FRANCISCO CABRERA N?ERO 611 DISTRITO CHICLAYO PROVINCIA CHICLAYO DEPARTAMENTO LAMBAYEQUE","disa":"LAMBAYEQUE","red":"NO PERTENECE A NINGUNA RED","microrred":"NO PERTENECE A NINGUNA MICRORED","categoria":"ESTABLECIMIENTO DE SALUD CON INTERNAMIENTO","condicion":"ACTIVO","actualizado":"2023/08/01 19:00:00.000","fuente":"MINSA","urlRenipr":"http://app20.susalud.gob.pe:8080/registro-renipress-webapp/ipress.htm?action=mostrarVer&idipress=00025061"}},{"type":"Feature","geometry":{"type":"Point","coordinates":[-79.93153903999996,-6.833329739999954]},"properties":{"objectid":3666,"nombre":"PIMENTEL","departamento":"LAMBAYEQUE","provincia":"CHICLAYO","distrito":"PIMENTEL","institucion":"GOBIERNO REGIONAL","codigoMinsa":4338,"direccion":"AVENIDA AV. JUAN VELASCO ALVARADO N° 109 AV. JUAN VELASCO ALVARADO N° 109 PIMENTEL CHICLAYO LAMBAYEQUE","disa":"LAMBAYEQUE","red":"CHICLAYO","microrred":"PIMENTEL","categoria":"ESTABLECIMIENTO DE SALUD CON INTERNAMIENTO","condicion":"ACTIVO","actualizado":"2023/08/01 19:00:00.000","fuente":"MINSA","urlRenipr":"http://app20.susalud.gob.pe:8080/registro-renipress-webapp/ipress.htm?action=mostrarVer&idipress=00004338"}},{"type":"Feature","geometry":{"type":"Point","coordinates":[-79.71755699999994,-6.15382429999994]},"properties":{"objectid":3709,"nombre":"POSTA MEDICA DE MOTUPE - ESSALUD","departamento":"LAMBAYEQUE","provincia":"LAMBAYEQUE","distrito":"MOTUPE","institucion":"ESSALUD","codigoMinsa":8839,"direccion":"CALLE CALLE SAN JULIAN N° 572 - MOTUPE DISTRITO MOTUPE PROVINCIA LAMBAYEQUE DEPARTAMENTO LAMBAYEQUE","disa":"LAMBAYEQUE","red":"NO PERTENECE A NINGUNA RED","microrred":"NO PERTENECE A NINGUNA MICRORED","categoria":"ESTABLECIMIENTO DE SALUD SIN INTERNAMIENTO","condicion":"ACTIVO","actualizado":"2023/08/01 19:00:00.000","fuente":"MINSA","urlRenipr":"http://app20.susalud.gob.pe:8080/registro-renipress-webapp/ipress.htm?action=mostrarVer&idipress=00008839"}},{"type":"Feature","geometry":{"type":"Point","coordinates":[-79.85011074999994,-6.769769949999954]},"properties":{"objectid":3758,"nombre":"NEFRO SALUD CHICLAYO SAC","departamento":"LAMBAYEQUE","provincia":"CHICLAYO","distrito":"CHICLAYO","institucion":"PRIVADO","codigoMinsa":11082,"direccion":"CALLE CALLE FRANCISCO CUNEO 601 URB PATASCA DISTRITO CHICLAYO PROVINCIA CHICLAYO DEPARTAMENTO LAMBAYEQUE","disa":"LAMBAYEQUE","red":"NO PERTENECE A NINGUNA RED","microrred":"NO PERTENECE A NINGUNA MICRORED","categoria":"SERVICIO MÉDICO DE APOYO","condicion":"ACTIVO","actualizado":"2023/08/01 19:00:00.000","fuente":"MINSA","urlRenipr":"http://app20.susalud.gob.pe:8080/registro-renipress-webapp/ipress.htm?action=mostrarVer&idipress=00011082"}},{"type":"Feature","geometry":{"type":"Point","coordinates":[-79.84060707999998,-6.776959629999965]},"properties":{"objectid":3847,"nombre":"CENTRO MEDICO ESPECIALIZADO CHICLAYO SOCIEDAD ANONIMA CERRADA","departamento":"LAMBAYEQUE","provincia":"CHICLAYO","distrito":"CHICLAYO","institucion":"PRIVADO","codigoMinsa":14860,"direccion":"CALLE CALLE JUNIN Nº 315 DISTRITO CHICLAYO PROVINCIA CHICLAYO DEPARTAMENTO LAMBAYEQUE","disa":"LAMBAYEQUE","red":"NO PERTENECE A NINGUNA RED","microrred":"NO PERTENECE A NINGUNA MICRORED","categoria":"SERVICIO MÉDICO DE APOYO","condicion":"ACTIVO","actualizado":"2023/08/01 19:00:00.000","fuente":"MINSA","urlRenipr":"http://app20.susalud.gob.pe:8080/registro-renipress-webapp/ipress.htm?action=mostrarVer&idipress=00014860"}},{"type":"Feature","geometry":{"type":"Point","coordinates":[-79.84399458999997,-6.757927069999937]},"properties":{"objectid":3849,"nombre":"CENTRO MEDICO VITASALUD SAC.","departamento":"LAMBAYEQUE","provincia":"CHICLAYO","distrito":"JOSE LEONARDO ORTIZ","institucion":"PRIVADO","codigoMinsa":27508,"direccion":"AVENIDA KENNEDY NÚMERO 509 PISO 2 URBANIZACIÓN FRANCISCO BOLOGNESI DISTRITO JOSE LEONARDO ORTIZ PROVINCIA CHICLAYO DEPARTAMENTO LAMBAYEQUE","disa":"LAMBAYEQUE","red":"NO PERTENECE A NINGUNA RED","microrred":"NO PERTENECE A NINGUNA MICRORED","categoria":"ESTABLECIMIENTO DE SALUD SIN INTERNAMIENTO","condicion":"ACTIVO","actualizado":"2023/08/01 19:00:00.000","fuente":"MINSA","urlRenipr":"http://app20.susalud.gob.pe:8080/registro-renipress-webapp/ipress.htm?action=mostrarVer&idipress=00027508"}},{"type":"Feature","geometry":{"type":"Point","coordinates":[-79.84060056999994,-6.76789913999994]},"properties":{"objectid":4122,"nombre":"CENTRO MEDICO VINALI","departamento":"LAMBAYEQUE","provincia":"CHICLAYO","distrito":"CHICLAYO","institucion":"PRIVADO","codigoMinsa":30388,"direccion":"AVENIDA PEDRO RUIZ NÚMERO 770 780 DISTRITO CHICLAYO PROVINCIA CHICLAYO DEPARTAMENTO LAMBAYEQUE","disa":"LAMBAYEQUE","red":"","microrred":"","categoria":"ESTABLECIMIENTO DE SALUD SIN INTERNAMIENTO","condicion":"ACTIVO","actualizado":"2023/08/01 19:00:00.000","fuente":"MINSA","urlRenipr":"http://app20.susalud.gob.pe:8080/registro-renipress-webapp/ipress.htm?action=mostrarVer&idipress=00030388"}},{"type":"Feature","geometry":{"type":"Point","coordinates":[-79.97555328999994,-6.72087640999996]},"properties":{"objectid":4253,"nombre":"SAN CARLOS","departamento":"LAMBAYEQUE","provincia":"LAMBAYEQUE","distrito":"SAN JOSE","institucion":"GOBIERNO REGIONAL","codigoMinsa":4346,"direccion":"OTROS CASERIO SAN CARLOS DISTRITO SAN JOSE PROVINCIA LAMBAYEQUE DEPARTAMENTO LAMBAYEQUE","disa":"LAMBAYEQUE","red":"CHICLAYO","microrred":"SAN JOSE","categoria":"ESTABLECIMIENTO DE SALUD SIN INTERNAMIENTO","condicion":"ACTIVO","actualizado":"2023/08/01 19:00:00.000","fuente":"MINSA","urlRenipr":"http://app20.susalud.gob.pe:8080/registro-renipress-webapp/ipress.htm?action=mostrarVer&idipress=00004346"}},{"type":"Feature","geometry":{"type":"Point","coordinates":[-79.60570270999995,-6.443418089999966]},"properties":{"objectid":4386,"nombre":"MOTUPILLO","departamento":"LAMBAYEQUE","provincia":"FERREÑAFE","distrito":"PITIPO","institucion":"GOBIERNO REGIONAL","codigoMinsa":4447,"direccion":"OTROS CASERIO MOTUPILLO DISTRITO PITIPO PROVINCIA FERREÑAFE DEPARTAMENTO LAMBAYEQUE","disa":"LAMBAYEQUE","red":"FERREÐAFE","microrred":"PITIPO","categoria":"ESTABLECIMIENTO DE SALUD SIN INTERNAMIENTO","condicion":"ACTIVO","actualizado":"2023/08/01 19:00:00.000","fuente":"MINSA","urlRenipr":"http://app20.susalud.gob.pe:8080/registro-renipress-webapp/ipress.htm?action=mostrarVer&idipress=00004447"}},{"type":"Feature","geometry":{"type":"Point","coordinates":[-79.86170499999997,-5.754106669999942]},"properties":{"objectid":4388,"nombre":"INSCULAS","departamento":"LAMBAYEQUE","provincia":"LAMBAYEQUE","distrito":"OLMOS","institucion":"GOBIERNO REGIONAL","codigoMinsa":4409,"direccion":"AVENIDA AV.PANAMERICANA NORTE KM. 121 CENTRO POBLADO INSCULAS AV.PANAMERICANA NORTE KM. 121 CENTRO POBLADO INSCULAS OLMOS LAMBAYEQUE LAMBAYEQUE","disa":"LAMBAYEQUE","red":"LAMBAYEQUE","microrred":"OLMOS","categoria":"ESTABLECIMIENTO DE SALUD SIN INTERNAMIENTO","condicion":"ACTIVO","actualizado":"2023/08/01 19:00:00.000","fuente":"MINSA","urlRenipr":"http://app20.susalud.gob.pe:8080/registro-renipress-webapp/ipress.htm?action=mostrarVer&idipress=00004409"}},{"type":"Feature","geometry":{"type":"Point","coordinates":[-79.36533900999996,-6.127999249999959]},"properties":{"objectid":4390,"nombre":"KONGACHA","departamento":"LAMBAYEQUE","provincia":"FERREÑAFE","distrito":"INCAHUASI","institucion":"GOBIERNO REGIONAL","codigoMinsa":4464,"direccion":"OTROS CENTRO POBLADO KONGACHA DISTRITO INCAHUASI PROVINCIA FERREÑAFE DEPARTAMENTO LAMBAYEQUE","disa":"LAMBAYEQUE","red":"FERREÐAFE","microrred":"INKAWASI","categoria":"ESTABLECIMIENTO DE SALUD SIN INTERNAMIENTO","condicion":"ACTIVO","actualizado":"2023/08/01 19:00:00.000","fuente":"MINSA","urlRenipr":"http://app20.susalud.gob.pe:8080/registro-renipress-webapp/ipress.htm?action=mostrarVer&idipress=00004464"}},{"type":"Feature","geometry":{"type":"Point","coordinates":[-79.73878663999994,-6.645466379999959]},"properties":{"objectid":4391,"nombre":"MESONES MURO","departamento":"LAMBAYEQUE","provincia":"FERREÑAFE","distrito":"MANUEL ANTONIO MESONES MURO","institucion":"GOBIERNO REGIONAL","codigoMinsa":4443,"direccion":"AVENIDA AV.VICTOR RAUL HAYA DE LA TORRE S/N S/N AV.VICTOR RAUL HAYA DE LA TORRE S/N MANUEL ANTONIO MESONES MURO FERREÑAFE LAMBAYEQUE","disa":"LAMBAYEQUE","red":"FERREÐAFE","microrred":"FERREÑAFE","categoria":"ESTABLECIMIENTO DE SALUD SIN INTERNAMIENTO","condicion":"ACTIVO","actualizado":"2023/08/01 19:00:00.000","fuente":"MINSA","urlRenipr":"http://app20.susalud.gob.pe:8080/registro-renipress-webapp/ipress.htm?action=mostrarVer&idipress=00004443"}},{"type":"Feature","geometry":{"type":"Point","coordinates":[-79.94037725999993,-6.53707234999996]},"properties":{"objectid":4392,"nombre":"HUACA DE BARRO","departamento":"LAMBAYEQUE","provincia":"LAMBAYEQUE","distrito":"MORROPE","institucion":"GOBIERNO REGIONAL","codigoMinsa":4437,"direccion":"OTROS CAS. HUACA DE BARRO DISTRITO MORROPE PROVINCIA LAMBAYEQUE DEPARTAMENTO LAMBAYEQUE","disa":"LAMBAYEQUE","red":"LAMBAYEQUE","microrred":"MORROPE","categoria":"ESTABLECIMIENTO DE SALUD SIN INTERNAMIENTO","condicion":"ACTIVO","actualizado":"2023/08/01 19:00:00.000","fuente":"MINSA","urlRenipr":"http://app20.susalud.gob.pe:8080/registro-renipress-webapp/ipress.htm?action=mostrarVer&idipress=00004437"}},{"type":"Feature","geometry":{"type":"Point","coordinates":[-79.95144755999996,-6.481557419999945]},"properties":{"objectid":4393,"nombre":"CARACUCHO","departamento":"LAMBAYEQUE","provincia":"LAMBAYEQUE","distrito":"MORROPE","institucion":"GOBIERNO REGIONAL","codigoMinsa":4436,"direccion":"AVENIDA AV. REAL Nº 134 AV. REAL Nº 134 MORROPE LAMBAYEQUE LAMBAYEQUE","disa":"LAMBAYEQUE","red":"LAMBAYEQUE","microrred":"MORROPE","categoria":"ESTABLECIMIENTO DE SALUD SIN INTERNAMIENTO","condicion":"ACTIVO","actualizado":"2023/08/01 19:00:00.000","fuente":"MINSA","urlRenipr":"http://app20.susalud.gob.pe:8080/registro-renipress-webapp/ipress.htm?action=mostrarVer&idipress=00004436"}},{"type":"Feature","geometry":{"type":"Point","coordinates":[-79.96515551999994,-6.493882609999957]},"properties":{"objectid":4394,"nombre":"FANUPE BARRIO NUEVO","departamento":"LAMBAYEQUE","provincia":"LAMBAYEQUE","distrito":"MORROPE","institucion":"GOBIERNO REGIONAL","codigoMinsa":4431,"direccion":"OTROS CASERIO FANUPE BARRIO NUEVO CASERIO FANUPE BARRIO NUEVO MORROPE LAMBAYEQUE LAMBAYEQUE","disa":"LAMBAYEQUE","red":"LAMBAYEQUE","microrred":"MORROPE","categoria":"ESTABLECIMIENTO DE SALUD SIN INTERNAMIENTO","condicion":"ACTIVO","actualizado":"2023/08/01 19:00:00.000","fuente":"MINSA","urlRenipr":"http://app20.susalud.gob.pe:8080/registro-renipress-webapp/ipress.htm?action=mostrarVer&idipress=00004431"}},{"type":"Feature","geometry":{"type":"Point","coordinates":[-79.97888865999994,-6.524767739999959]},"properties":{"objectid":4395,"nombre":"QUEMAZON","departamento":"LAMBAYEQUE","provincia":"LAMBAYEQUE","distrito":"MORROPE","institucion":"GOBIERNO REGIONAL","codigoMinsa":4430,"direccion":"OTROS CASERIO QUEMAZON CASERIO QUEMAZON MORROPE LAMBAYEQUE LAMBAYEQUE","disa":"LAMBAYEQUE","red":"LAMBAYEQUE","microrred":"MORROPE","categoria":"ESTABLECIMIENTO DE SALUD SIN INTERNAMIENTO","condicion":"ACTIVO","actualizado":"2023/08/01 19:00:00.000","fuente":"MINSA","urlRenipr":"http://app20.susalud.gob.pe:8080/registro-renipress-webapp/ipress.htm?action=mostrarVer&idipress=00004430"}},{"type":"Feature","geometry":{"type":"Point","coordinates":[-79.94329975999995,-6.5154126399999654]},"properties":{"objectid":4396,"nombre":"CHEPITO","departamento":"LAMBAYEQUE","provincia":"LAMBAYEQUE","distrito":"MORROPE","institucion":"GOBIERNO REGIONAL","codigoMinsa":4425,"direccion":"CALLE CALLE CAMINO REAL S/N-CHEPITO BAJO S/N CALLE CAMINO REAL S/N-CHEPITO BAJO MORROPE LAMBAYEQUE LAMBAYEQUE","disa":"LAMBAYEQUE","red":"LAMBAYEQUE","microrred":"MORROPE","categoria":"ESTABLECIMIENTO DE SALUD SIN INTERNAMIENTO","condicion":"ACTIVO","actualizado":"2023/08/01 19:00:00.000","fuente":"MINSA","urlRenipr":"http://app20.susalud.gob.pe:8080/registro-renipress-webapp/ipress.htm?action=mostrarVer&idipress=00004425"}},{"type":"Feature","geometry":{"type":"Point","coordinates":[-79.83813166999994,-6.429356669999947]},"properties":{"objectid":4397,"nombre":"PACORA","departamento":"LAMBAYEQUE","provincia":"LAMBAYEQUE","distrito":"PACORA","institucion":"GOBIERNO REGIONAL","codigoMinsa":4384,"direccion":"CALLE CALLE DEMOCRACIA Nº 150 PACORA CALLE DEMOCRACIA Nº 150 PACORA PACORA LAMBAYEQUE LAMBAYEQUE","disa":"LAMBAYEQUE","red":"LAMBAYEQUE","microrred":"ILLIMO","categoria":"ESTABLECIMIENTO DE SALUD SIN INTERNAMIENTO","condicion":"ACTIVO","actualizado":"2023/08/01 19:00:00.000","fuente":"MINSA","urlRenipr":"http://app20.susalud.gob.pe:8080/registro-renipress-webapp/ipress.htm?action=mostrarVer&idipress=00004384"}},{"type":"Feature","geometry":{"type":"Point","coordinates":[-79.51281999999998,-6.1477899999999295]},"properties":{"objectid":4398,"nombre":"TALLAPAMPA","departamento":"LAMBAYEQUE","provincia":"LAMBAYEQUE","distrito":"SALAS","institucion":"GOBIERNO REGIONAL","codigoMinsa":4419,"direccion":"OTROS CAS.TALLAPAMPA CAS.TALLAPAMPA SALAS LAMBAYEQUE LAMBAYEQUE","disa":"LAMBAYEQUE","red":"LAMBAYEQUE","microrred":"SALAS","categoria":"ESTABLECIMIENTO DE SALUD SIN INTERNAMIENTO","condicion":"ACTIVO","actualizado":"2023/08/01 19:00:00.000","fuente":"MINSA","urlRenipr":"http://app20.susalud.gob.pe:8080/registro-renipress-webapp/ipress.htm?action=mostrarVer&idipress=00004419"}},{"type":"Feature","geometry":{"type":"Point","coordinates":[-79.83334452999998,-6.507135779999942]},"properties":{"objectid":4400,"nombre":"TUCUME VIEJO","departamento":"LAMBAYEQUE","provincia":"LAMBAYEQUE","distrito":"TUCUME","institucion":"GOBIERNO REGIONAL","codigoMinsa":4390,"direccion":"OTROS FRANCISCO VILLARREAL S/N S/N FRANCISCO VILLARREAL S/N TUCUME LAMBAYEQUE LAMBAYEQUE","disa":"LAMBAYEQUE","red":"LAMBAYEQUE","microrred":"TUCUME","categoria":"ESTABLECIMIENTO DE SALUD SIN INTERNAMIENTO","condicion":"ACTIVO","actualizado":"2023/08/01 19:00:00.000","fuente":"MINSA","urlRenipr":"http://app20.susalud.gob.pe:8080/registro-renipress-webapp/ipress.htm?action=mostrarVer&idipress=00004390"}},{"type":"Feature","geometry":{"type":"Point","coordinates":[-79.60864166999994,-6.274986669999976]},"properties":{"objectid":4401,"nombre":"SALAS","departamento":"LAMBAYEQUE","provincia":"LAMBAYEQUE","distrito":"SALAS","institucion":"GOBIERNO REGIONAL","codigoMinsa":4386,"direccion":"CALLE CALLE CACERES Nº 100 - SALAS CALLE CACERES Nº 100 - SALAS SALAS LAMBAYEQUE LAMBAYEQUE","disa":"LAMBAYEQUE","red":"LAMBAYEQUE","microrred":"SALAS","categoria":"ESTABLECIMIENTO DE SALUD SIN INTERNAMIENTO","condicion":"ACTIVO","actualizado":"2023/08/01 19:00:00.000","fuente":"MINSA","urlRenipr":"http://app20.susalud.gob.pe:8080/registro-renipress-webapp/ipress.htm?action=mostrarVer&idipress=00004386"}},{"type":"Feature","geometry":{"type":"Point","coordinates":[-79.84600645999996,-6.747443819999944]},"properties":{"objectid":4402,"nombre":"CULPON","departamento":"LAMBAYEQUE","provincia":"CHICLAYO","distrito":"JOSE LEONARDO ORTIZ","institucion":"GOBIERNO REGIONAL","codigoMinsa":4334,"direccion":"AVENIDA AV. VICTOR ANDRES BELAUNDE S/N S/N AV. VICTOR ANDRES BELAUNDE S/N JOSE LEONARDO ORTIZ CHICLAYO LAMBAYEQUE","disa":"LAMBAYEQUE","red":"CHICLAYO","microrred":"JOSE LEONARDO ORTIZ","categoria":"ESTABLECIMIENTO DE SALUD SIN INTERNAMIENTO","condicion":"ACTIVO","actualizado":"2023/08/01 19:00:00.000","fuente":"MINSA","urlRenipr":"http://app20.susalud.gob.pe:8080/registro-renipress-webapp/ipress.htm?action=mostrarVer&idipress=00004334"}},{"type":"Feature","geometry":{"type":"Point","coordinates":[-79.38460166999994,-6.642726669999945]},"properties":{"objectid":4585,"nombre":"VICTOR ENRIQUE TIRADO BONILLA-CHONGOYAPE","departamento":"LAMBAYEQUE","provincia":"CHICLAYO","distrito":"CHONGOYAPE","institucion":"GOBIERNO REGIONAL","codigoMinsa":4325,"direccion":"CALLE CALLE:LOS ANDES Nº 1120 CALLE:LOS ANDES Nº 1120 CHONGOYAPE CHICLAYO LAMBAYEQUE","disa":"LAMBAYEQUE","red":"CHICLAYO","microrred":"CHONGOYAPE","categoria":"ESTABLECIMIENTO DE SALUD CON INTERNAMIENTO","condicion":"ACTIVO","actualizado":"2023/08/01 19:00:00.000","fuente":"MINSA","urlRenipr":"http://app20.susalud.gob.pe:8080/registro-renipress-webapp/ipress.htm?action=mostrarVer&idipress=00004325"}},{"type":"Feature","geometry":{"type":"Point","coordinates":[-79.85074579999997,-6.773112399999945]},"properties":{"objectid":4656,"nombre":"CENTRO DE ESTIMULACION PASITO A PASO SAC","departamento":"LAMBAYEQUE","provincia":"CHICLAYO","distrito":"CHICLAYO","institucion":"PRIVADO","codigoMinsa":11079,"direccion":"CALLE CAL. LOS CIPRESES Nº 119 URB. LOS PARQUES DISTRITO CHICLAYO PROVINCIA CHICLAYO DEPARTAMENTO LAMBAYEQUE","disa":"","red":"","microrred":"","categoria":"ESTABLECIMIENTO DE SALUD SIN INTERNAMIENTO","condicion":"RETIRO VOLUNTARIO","actualizado":"2023/08/01 19:00:00.000","fuente":"MINSA","urlRenipr":"http://app20.susalud.gob.pe:8080/registro-renipress-webapp/ipress.htm?action=mostrarVer&idipress=00011079"}},{"type":"Feature","geometry":{"type":"Point","coordinates":[-79.84429779999994,-6.776597399999957]},"properties":{"objectid":4709,"nombre":"KIDSALUD","departamento":"LAMBAYEQUE","provincia":"CHICLAYO","distrito":"CHICLAYO","institucion":"PRIVADO","codigoMinsa":21752,"direccion":"AVENIDA AV. TACNA 251 DISTRITO CHICLAYO PROVINCIA CHICLAYO DEPARTAMENTO LAMBAYEQUE","disa":"LAMBAYEQUE","red":"NO PERTENECE A NINGUNA RED","microrred":"NO PERTENECE A NINGUNA MICRORED","categoria":"ESTABLECIMIENTO DE SALUD SIN INTERNAMIENTO","condicion":"ACTIVO","actualizado":"2023/08/01 19:00:00.000","fuente":"MINSA","urlRenipr":"http://app20.susalud.gob.pe:8080/registro-renipress-webapp/ipress.htm?action=mostrarVer&idipress=00021752"}},{"type":"Feature","geometry":{"type":"Point","coordinates":[-79.84228429999996,-6.772160299999939]},"properties":{"objectid":4730,"nombre":"DENTAL ARONES","departamento":"LAMBAYEQUE","provincia":"CHICLAYO","distrito":"CHICLAYO","institucion":"PRIVADO","codigoMinsa":16874,"direccion":"AVENIDA AV. LUIS GONZALES 658 INT. 104 DISTRITO CHICLAYO PROVINCIA CHICLAYO DEPARTAMENTO LAMBAYEQUE","disa":"LAMBAYEQUE","red":"","microrred":"NO PERTENECE A NINGUNA MICRORED","categoria":"ESTABLECIMIENTO DE SALUD SIN INTERNAMIENTO","condicion":"ACTIVO","actualizado":"2023/08/01 19:00:00.000","fuente":"MINSA","urlRenipr":"http://app20.susalud.gob.pe:8080/registro-renipress-webapp/ipress.htm?action=mostrarVer&idipress=00016874"}},{"type":"Feature","geometry":{"type":"Point","coordinates":[-79.84458479999995,-6.787797159999968]},"properties":{"objectid":4997,"nombre":"DERMANOR","departamento":"LAMBAYEQUE","provincia":"CHICLAYO","distrito":"CHICLAYO","institucion":"PRIVADO","codigoMinsa":21774,"direccion":"AVENIDA AV. SANTA VICTORIA (SESQUICENTENARIO)/N°864/URB. SANTA VICTORIA DISTRITO CHICLAYO PROVINCIA CHICLAYO DEPARTAMENTO LAMBAYEQUE","disa":"LAMBAYEQUE","red":"NO PERTENECE A NINGUNA RED","microrred":"NO PERTENECE A NINGUNA MICRORED","categoria":"ESTABLECIMIENTO DE SALUD SIN INTERNAMIENTO","condicion":"ACTIVO","actualizado":"2023/08/01 19:00:00.000","fuente":"MINSA","urlRenipr":"http://app20.susalud.gob.pe:8080/registro-renipress-webapp/ipress.htm?action=mostrarVer&idipress=00021774"}},{"type":"Feature","geometry":{"type":"Point","coordinates":[-79.84195076999998,-6.780139799999972]},"properties":{"objectid":5168,"nombre":"CONSULTORIO MEDICO \"GINESALUD\"","departamento":"LAMBAYEQUE","provincia":"CHICLAYO","distrito":"CHICLAYO","institucion":"PRIVADO","codigoMinsa":17940,"direccion":"CALLE CALLE LA FLORIDA 225. 106-B. URB. SANTA VICTORIA DISTRITO CHICLAYO PROVINCIA CHICLAYO DEPARTAMENTO LAMBAYEQUE","disa":"LAMBAYEQUE","red":"NO PERTENECE A NINGUNA RED","microrred":"NO PERTENECE A NINGUNA MICRORED","categoria":"ESTABLECIMIENTO DE SALUD SIN INTERNAMIENTO","condicion":"ACTIVO","actualizado":"2023/08/01 19:00:00.000","fuente":"MINSA","urlRenipr":"http://app20.susalud.gob.pe:8080/registro-renipress-webapp/ipress.htm?action=mostrarVer&idipress=00017940"}},{"type":"Feature","geometry":{"type":"Point","coordinates":[-79.82720919999997,-6.75740073999998]},"properties":{"objectid":5253,"nombre":"PEDRO PABLO ATUSPARIAS","departamento":"LAMBAYEQUE","provincia":"CHICLAYO","distrito":"JOSE LEONARDO ORTIZ","institucion":"GOBIERNO REGIONAL","codigoMinsa":4332,"direccion":"OTROS PEDRO PABLO ATUSPARIA Nº 460 DISTRITO JOSE LEONARDO ORTIZ PROVINCIA CHICLAYO DEPARTAMENTO LAMBAYEQUE","disa":"LAMBAYEQUE","red":"CHICLAYO","microrred":"JOSE LEONARDO ORTIZ","categoria":"ESTABLECIMIENTO DE SALUD CON INTERNAMIENTO","condicion":"ACTIVO","actualizado":"2023/08/01 19:00:00.000","fuente":"MINSA","urlRenipr":"http://app20.susalud.gob.pe:8080/registro-renipress-webapp/ipress.htm?action=mostrarVer&idipress=00004332"}},{"type":"Feature","geometry":{"type":"Point","coordinates":[-79.92234832999998,-6.772618329999943]},"properties":{"objectid":5254,"nombre":"CIUDAD DE DIOS - JUAN TOMIS STACK","departamento":"LAMBAYEQUE","provincia":"LAMBAYEQUE","distrito":"SAN JOSE","institucion":"GOBIERNO REGIONAL","codigoMinsa":4348,"direccion":"OTROS CASERIO JUAN TOMIS STACK DISTRITO SAN JOSE PROVINCIA LAMBAYEQUE DEPARTAMENTO LAMBAYEQUE","disa":"LAMBAYEQUE","red":"CHICLAYO","microrred":"SAN JOSE","categoria":"ESTABLECIMIENTO DE SALUD SIN INTERNAMIENTO","condicion":"ACTIVO","actualizado":"2023/08/01 19:00:00.000","fuente":"MINSA","urlRenipr":"http://app20.susalud.gob.pe:8080/registro-renipress-webapp/ipress.htm?action=mostrarVer&idipress=00004348"}},{"type":"Feature","geometry":{"type":"Point","coordinates":[-79.84241830999997,-6.790732949999949]},"properties":{"objectid":5322,"nombre":"Centro Medico La Reva","departamento":"LAMBAYEQUE","provincia":"CHICLAYO","distrito":"LA VICTORIA","institucion":"PRIVADO","codigoMinsa":27205,"direccion":"AVENIDA Los Incas NÚMERO 228 DISTRITO LA VICTORIA PROVINCIA CHICLAYO DEPARTAMENTO LAMBAYEQUE","disa":"LAMBAYEQUE","red":"NO PERTENECE A NINGUNA RED","microrred":"NO PERTENECE A NINGUNA MICRORED","categoria":"ESTABLECIMIENTO DE SALUD SIN INTERNAMIENTO","condicion":"ACTIVO","actualizado":"2023/08/01 19:00:00.000","fuente":"MINSA","urlRenipr":"http://app20.susalud.gob.pe:8080/registro-renipress-webapp/ipress.htm?action=mostrarVer&idipress=00027205"}},{"type":"Feature","geometry":{"type":"Point","coordinates":[-79.79539263999999,-6.640235359999963]},"properties":{"objectid":5817,"nombre":"C.S.PUEBLO NUEVO","departamento":"LAMBAYEQUE","provincia":"FERREÑAFE","distrito":"PUEBLO NUEVO","institucion":"GOBIERNO REGIONAL","codigoMinsa":4452,"direccion":"CALLE CALLE ARENAS S/N S/N CALLE ARENAS S/N PUEBLO NUEVO FERREÑAFE LAMBAYEQUE","disa":"LAMBAYEQUE","red":"FERREÐAFE","microrred":"FERREÑAFE","categoria":"ESTABLECIMIENTO DE SALUD SIN INTERNAMIENTO","condicion":"ACTIVO","actualizado":"2023/08/01 19:00:00.000","fuente":"MINSA","urlRenipr":"http://app20.susalud.gob.pe:8080/registro-renipress-webapp/ipress.htm?action=mostrarVer&idipress=00004452"}},{"type":"Feature","geometry":{"type":"Point","coordinates":[-79.54226666999995,-6.739771669999925]},"properties":{"objectid":5818,"nombre":"PAMPA LA VICTORIA","departamento":"LAMBAYEQUE","provincia":"CHICLAYO","distrito":"PATAPO","institucion":"GOBIERNO REGIONAL","codigoMinsa":4337,"direccion":"CALLE CALLE TUPAC AMARU S/N S/N CALLE TUPAC AMARU S/N PATAPO CHICLAYO LAMBAYEQUE","disa":"LAMBAYEQUE","red":"CHICLAYO","microrred":"POSOPE ALTO","categoria":"ESTABLECIMIENTO DE SALUD SIN INTERNAMIENTO","condicion":"ACTIVO","actualizado":"2023/08/01 19:00:00.000","fuente":"MINSA","urlRenipr":"http://app20.susalud.gob.pe:8080/registro-renipress-webapp/ipress.htm?action=mostrarVer&idipress=00004337"}},{"type":"Feature","geometry":{"type":"Point","coordinates":[-79.82111427999996,-6.764857979999931]},"properties":{"objectid":5819,"nombre":"JORGE CHAVEZ","departamento":"LAMBAYEQUE","provincia":"CHICLAYO","distrito":"CHICLAYO","institucion":"GOBIERNO REGIONAL","codigoMinsa":4320,"direccion":"CALLE CALLE INDOAMERICA S/N S/N CALLE INDOAMERICA S/N CHICLAYO CHICLAYO LAMBAYEQUE","disa":"LAMBAYEQUE","red":"CHICLAYO","microrred":"CHICLAYO","categoria":"ESTABLECIMIENTO DE SALUD SIN INTERNAMIENTO","condicion":"ACTIVO","actualizado":"2023/08/01 19:00:00.000","fuente":"MINSA","urlRenipr":"http://app20.susalud.gob.pe:8080/registro-renipress-webapp/ipress.htm?action=mostrarVer&idipress=00004320"}},{"type":"Feature","geometry":{"type":"Point","coordinates":[-79.79603169999996,-6.641186999999945]},"properties":{"objectid":5859,"nombre":"ESSALUD HOSPITAL 1 \"AGUSTIN ARBULU NEYRA\" FERREÑAFE","departamento":"LAMBAYEQUE","provincia":"FERREÑAFE","distrito":"PUEBLO NUEVO","institucion":"ESSALUD","codigoMinsa":8901,"direccion":"CALLE CALLE MIGUEL PASCO N° 101 - PUEBLO NUEVO DISTRITO PUEBLO NUEVO PROVINCIA FERREÑAFE DEPARTAMENTO LAMBAYEQUE","disa":"LAMBAYEQUE","red":"NO PERTENECE A NINGUNA RED","microrred":"NO PERTENECE A NINGUNA MICRORED","categoria":"ESTABLECIMIENTO DE SALUD CON INTERNAMIENTO","condicion":"ACTIVO","actualizado":"2023/08/01 19:00:00.000","fuente":"MINSA","urlRenipr":"http://app20.susalud.gob.pe:8080/registro-renipress-webapp/ipress.htm?action=mostrarVer&idipress=00008901"}},{"type":"Feature","geometry":{"type":"Point","coordinates":[-79.83655759999994,-6.760543499999926]},"properties":{"objectid":5902,"nombre":"LABORATORIO DE ANÁLISIS CLÍNICO \"VIRGEN DE LOURDES\"","departamento":"LAMBAYEQUE","provincia":"CHICLAYO","distrito":"JOSE LEONARDO ORTIZ","institucion":"PRIVADO","codigoMinsa":28541,"direccion":"JIRÓN CONQUISTA NÚMERO 360 DISTRITO JOSE LEONARDO ORTIZ PROVINCIA CHICLAYO DEPARTAMENTO LAMBAYEQUE","disa":"LAMBAYEQUE","red":"","microrred":"","categoria":"SERVICIO MÉDICO DE APOYO","condicion":"ACTIVO","actualizado":"2023/08/01 19:00:00.000","fuente":"MINSA","urlRenipr":"http://app20.susalud.gob.pe:8080/registro-renipress-webapp/ipress.htm?action=mostrarVer&idipress=00028541"}},{"type":"Feature","geometry":{"type":"Point","coordinates":[-79.78857535999998,-6.641932399999973]},"properties":{"objectid":6021,"nombre":"CONSULTORIOS Y LABORATORIOS VITALMEDIC E.I.R.L","departamento":"LAMBAYEQUE","provincia":"FERREÑAFE","distrito":"FERREÑAFE","institucion":"PRIVADO","codigoMinsa":28390,"direccion":"CALLE BOLIVAR NÚMERO 119 PISO 1 DISTRITO FERREÑAFE PROVINCIA FERREÑAFE DEPARTAMENTO LAMBAYEQUE","disa":"LAMBAYEQUE","red":"","microrred":"","categoria":"ESTABLECIMIENTO DE SALUD SIN INTERNAMIENTO","condicion":"ACTIVO","actualizado":"2023/08/01 19:00:00.000","fuente":"MINSA","urlRenipr":"http://app20.susalud.gob.pe:8080/registro-renipress-webapp/ipress.htm?action=mostrarVer&idipress=00028390"}},{"type":"Feature","geometry":{"type":"Point","coordinates":[-79.90252332999995,-6.70239166999994]},"properties":{"objectid":6035,"nombre":"HOSPITAL BELEN - LAMBAYEQUE","departamento":"LAMBAYEQUE","provincia":"LAMBAYEQUE","distrito":"LAMBAYEQUE","institucion":"GOBIERNO REGIONAL","codigoMinsa":4370,"direccion":"AVENIDA AV. RAMON CASTILLA Nº 597 AV. RAMON CASTILLA Nº 597 LAMBAYEQUE LAMBAYEQUE LAMBAYEQUE","disa":"LAMBAYEQUE","red":"NO PERTENECE A NINGUNA RED","microrred":"NO PERTENECE A NINGUNA MICRORED","categoria":"ESTABLECIMIENTO DE SALUD CON INTERNAMIENTO","condicion":"ACTIVO","actualizado":"2023/08/01 19:00:00.000","fuente":"MINSA","urlRenipr":"http://app20.susalud.gob.pe:8080/registro-renipress-webapp/ipress.htm?action=mostrarVer&idipress=00004370"}},{"type":"Feature","geometry":{"type":"Point","coordinates":[-79.84165279999996,-6.7730580999999574]},"properties":{"objectid":6076,"nombre":"LABORATORIO IZAGA","departamento":"LAMBAYEQUE","provincia":"CHICLAYO","distrito":"CHICLAYO","institucion":"PRIVADO","codigoMinsa":8232,"direccion":"OTROS MARIA IZAGA 332 - CENTRO CHICLAYO DISTRITO CHICLAYO PROVINCIA CHICLAYO DEPARTAMENTO LAMBAYEQUE","disa":"","red":"","microrred":"","categoria":"ESTABLECIMIENTO DE SALUD SIN INTERNAMIENTO","condicion":"RUC INACTIVO EN SUNAT","actualizado":"2023/08/01 19:00:00.000","fuente":"MINSA","urlRenipr":"http://app20.susalud.gob.pe:8080/registro-renipress-webapp/ipress.htm?action=mostrarVer&idipress=00008232"}},{"type":"Feature","geometry":{"type":"Point","coordinates":[-79.84385189999995,-6.7765741999999705]},"properties":{"objectid":6165,"nombre":"CONSULTORIOS MEDICOS MI DULCE ESPERA","departamento":"LAMBAYEQUE","provincia":"CHICLAYO","distrito":"CHICLAYO","institucion":"OTRO","codigoMinsa":29985,"direccion":"AVENIDA FRANCISCO BOLOGNESI NÚMERO 120 PISO 1 DISTRITO CHICLAYO PROVINCIA CHICLAYO DEPARTAMENTO LAMBAYEQUE","disa":"LAMBAYEQUE","red":"","microrred":"NO PERTENECE A NINGUNA MICRORED","categoria":"ESTABLECIMIENTO DE SALUD SIN INTERNAMIENTO","condicion":"ACTIVO","actualizado":"2023/08/01 19:00:00.000","fuente":"MINSA","urlRenipr":"http://app20.susalud.gob.pe:8080/registro-renipress-webapp/ipress.htm?action=mostrarVer&idipress=00029985"}},{"type":"Feature","geometry":{"type":"Point","coordinates":[-79.31649339999996,-6.235687199999973]},"properties":{"objectid":6476,"nombre":"JANQUE","departamento":"LAMBAYEQUE","provincia":"FERREÑAFE","distrito":"INCAHUASI","institucion":"GOBIERNO REGIONAL","codigoMinsa":31139,"direccion":"OTROS CENTRO POBLADO JANQUE NÚMERO 0 PISO 1 DISTRITO INCAHUASI PROVINCIA FERREÑAFE DEPARTAMENTO LAMBAYEQUE","disa":"LAMBAYEQUE","red":"FERREÐAFE","microrred":"INKAWASI","categoria":"ESTABLECIMIENTO DE SALUD SIN INTERNAMIENTO","condicion":"ACTIVO","actualizado":"2023/08/01 19:00:00.000","fuente":"MINSA","urlRenipr":"http://app20.susalud.gob.pe:8080/registro-renipress-webapp/ipress.htm?action=mostrarVer&idipress=00031139"}},{"type":"Feature","geometry":{"type":"Point","coordinates":[-79.83250766999998,-6.794665479999935]},"properties":{"objectid":6478,"nombre":"LA VICTORIA SECTOR II - MARIA JESUS","departamento":"LAMBAYEQUE","provincia":"CHICLAYO","distrito":"LA VICTORIA","institucion":"GOBIERNO REGIONAL","codigoMinsa":4328,"direccion":"CALLE CALLE PAUL HARRIS N° 1198 DISTRITO LA VICTORIA PROVINCIA CHICLAYO DEPARTAMENTO LAMBAYEQUE","disa":"LAMBAYEQUE","red":"CHICLAYO","microrred":"LA VICTORIA","categoria":"ESTABLECIMIENTO DE SALUD SIN INTERNAMIENTO","condicion":"ACTIVO","actualizado":"2023/08/01 19:00:00.000","fuente":"MINSA","urlRenipr":"http://app20.susalud.gob.pe:8080/registro-renipress-webapp/ipress.htm?action=mostrarVer&idipress=00004328"}},{"type":"Feature","geometry":{"type":"Point","coordinates":[-79.79792787999997,-6.537613489999956]},"properties":{"objectid":6481,"nombre":"SIME","departamento":"LAMBAYEQUE","provincia":"FERREÑAFE","distrito":"PITIPO","institucion":"GOBIERNO REGIONAL","codigoMinsa":4450,"direccion":"OTROS CASERIO SIME DISTRITO PITIPO PROVINCIA FERREÑAFE DEPARTAMENTO LAMBAYEQUE","disa":"LAMBAYEQUE","red":"FERREÐAFE","microrred":"PITIPO","categoria":"ESTABLECIMIENTO DE SALUD SIN INTERNAMIENTO","condicion":"ACTIVO","actualizado":"2023/08/01 19:00:00.000","fuente":"MINSA","urlRenipr":"http://app20.susalud.gob.pe:8080/registro-renipress-webapp/ipress.htm?action=mostrarVer&idipress=00004450"}},{"type":"Feature","geometry":{"type":"Point","coordinates":[-79.80764962999996,-6.5226019599999745]},"properties":{"objectid":6482,"nombre":"CACHINCHE","departamento":"LAMBAYEQUE","provincia":"FERREÑAFE","distrito":"PITIPO","institucion":"GOBIERNO REGIONAL","codigoMinsa":4448,"direccion":"OTROS CASERIO DE CACHINCHE S/N NÚMERO S/N DISTRITO PITIPO PROVINCIA FERREÑAFE DEPARTAMENTO LAMBAYEQUE","disa":"LAMBAYEQUE","red":"FERREÐAFE","microrred":"PITIPO","categoria":"ESTABLECIMIENTO DE SALUD SIN INTERNAMIENTO","condicion":"ACTIVO","actualizado":"2023/08/01 19:00:00.000","fuente":"MINSA","urlRenipr":"http://app20.susalud.gob.pe:8080/registro-renipress-webapp/ipress.htm?action=mostrarVer&idipress=00004448"}},{"type":"Feature","geometry":{"type":"Point","coordinates":[-79.83283834999997,-6.49604721999998]},"properties":{"objectid":6483,"nombre":"LOS SANCHEZ","departamento":"LAMBAYEQUE","provincia":"LAMBAYEQUE","distrito":"TUCUME","institucion":"GOBIERNO REGIONAL","codigoMinsa":4394,"direccion":"OTROS CASERIO LOS SANCHEZ CASERIO LOS SANCHEZ TUCUME LAMBAYEQUE LAMBAYEQUE","disa":"LAMBAYEQUE","red":"LAMBAYEQUE","microrred":"TUCUME","categoria":"ESTABLECIMIENTO DE SALUD SIN INTERNAMIENTO","condicion":"ACTIVO","actualizado":"2023/08/01 19:00:00.000","fuente":"MINSA","urlRenipr":"http://app20.susalud.gob.pe:8080/registro-renipress-webapp/ipress.htm?action=mostrarVer&idipress=00004394"}},{"type":"Feature","geometry":{"type":"Point","coordinates":[-79.83400884999998,-6.770735069999944]},"properties":{"objectid":6531,"nombre":"CENTRO DE REHABILITACIÓN FÍSICA \"MI FAMILIA\"","departamento":"LAMBAYEQUE","provincia":"CHICLAYO","distrito":"CHICLAYO","institucion":"PRIVADO","codigoMinsa":12068,"direccion":"CALLE CALLE VICENTE DE LA VEGA # 1319 - 101 DISTRITO CHICLAYO PROVINCIA CHICLAYO DEPARTAMENTO LAMBAYEQUE","disa":"LAMBAYEQUE","red":"NO PERTENECE A NINGUNA RED","microrred":"NO PERTENECE A NINGUNA MICRORED","categoria":"ESTABLECIMIENTO DE SALUD SIN INTERNAMIENTO","condicion":"ACTIVO","actualizado":"2023/08/01 19:00:00.000","fuente":"MINSA","urlRenipr":"http://app20.susalud.gob.pe:8080/registro-renipress-webapp/ipress.htm?action=mostrarVer&idipress=00012068"}},{"type":"Feature","geometry":{"type":"Point","coordinates":[-79.84242109999997,-6.773766499999965]},"properties":{"objectid":6532,"nombre":"SERVIMED PERU","departamento":"LAMBAYEQUE","provincia":"CHICLAYO","distrito":"CHICLAYO","institucion":"PRIVADO","codigoMinsa":8235,"direccion":"AVENIDA AV. LUIS GONZALES Nº 476 DISTRITO CHICLAYO PROVINCIA CHICLAYO DEPARTAMENTO LAMBAYEQUE","disa":"LAMBAYEQUE","red":"NO PERTENECE A NINGUNA RED","microrred":"NO PERTENECE A NINGUNA MICRORED","categoria":"ESTABLECIMIENTO DE SALUD SIN INTERNAMIENTO","condicion":"ACTIVO","actualizado":"2023/08/01 19:00:00.000","fuente":"MINSA","urlRenipr":"http://app20.susalud.gob.pe:8080/registro-renipress-webapp/ipress.htm?action=mostrarVer&idipress=00008235"}},{"type":"Feature","geometry":{"type":"Point","coordinates":[-79.74830979999996,-5.984591499999965]},"properties":{"objectid":6579,"nombre":"PREVENTIVA OLMOS","departamento":"LAMBAYEQUE","provincia":"LAMBAYEQUE","distrito":"OLMOS","institucion":"PRIVADO","codigoMinsa":27792,"direccion":"CALLE MIGUEL GRAU NÚMERO 989 DISTRITO OLMOS PROVINCIA LAMBAYEQUE DEPARTAMENTO LAMBAYEQUE","disa":"LAMBAYEQUE","red":"NO PERTENECE A NINGUNA RED","microrred":"NO PERTENECE A NINGUNA MICRORED","categoria":"ESTABLECIMIENTO DE SALUD SIN INTERNAMIENTO","condicion":"ACTIVO","actualizado":"2023/08/01 19:00:00.000","fuente":"MINSA","urlRenipr":"http://app20.susalud.gob.pe:8080/registro-renipress-webapp/ipress.htm?action=mostrarVer&idipress=00027792"}},{"type":"Feature","geometry":{"type":"Point","coordinates":[-79.27012499999995,-6.7871966699999575]},"properties":{"objectid":6688,"nombre":"PAN DE AZUCAR","departamento":"LAMBAYEQUE","provincia":"CHICLAYO","distrito":"OYOTUN","institucion":"GOBIERNO REGIONAL","codigoMinsa":4368,"direccion":"OTROS CASERIO PAN DE AZUCAR - OYOTUN DISTRITO OYOTUN PROVINCIA CHICLAYO DEPARTAMENTO LAMBAYEQUE","disa":"LAMBAYEQUE","red":"CHICLAYO","microrred":"OYOTUN","categoria":"ESTABLECIMIENTO DE SALUD SIN INTERNAMIENTO","condicion":"ACTIVO","actualizado":"2023/08/01 19:00:00.000","fuente":"MINSA","urlRenipr":"http://app20.susalud.gob.pe:8080/registro-renipress-webapp/ipress.htm?action=mostrarVer&idipress=00004368"}},{"type":"Feature","geometry":{"type":"Point","coordinates":[-79.84089699999998,-6.773083399999962]},"properties":{"objectid":6694,"nombre":"DIAGNOSLAB","departamento":"LAMBAYEQUE","provincia":"CHICLAYO","distrito":"CHICLAYO","institucion":"PRIVADO","codigoMinsa":14144,"direccion":"AVENIDA AV. MANUEL MARIA IZAGA 397 DISTRITO CHICLAYO PROVINCIA CHICLAYO DEPARTAMENTO LAMBAYEQUE","disa":"LAMBAYEQUE","red":"NO PERTENECE A NINGUNA RED","microrred":"NO PERTENECE A NINGUNA MICRORED","categoria":"SERVICIO MÉDICO DE APOYO","condicion":"ACTIVO","actualizado":"2023/08/01 19:00:00.000","fuente":"MINSA","urlRenipr":"http://app20.susalud.gob.pe:8080/registro-renipress-webapp/ipress.htm?action=mostrarVer&idipress=00014144"}},{"type":"Feature","geometry":{"type":"Point","coordinates":[-79.84200499999997,-6.780081999999936]},"properties":{"objectid":7008,"nombre":"INNOVADERMA EIRL","departamento":"LAMBAYEQUE","provincia":"CHICLAYO","distrito":"CHICLAYO","institucion":"PRIVADO","codigoMinsa":28657,"direccion":"CALLE LA FLORIDA NÚMERO 225 PISO 6 DEPARTAMENTO 605 URBANIZACIÓN SANTA VICTORIA DISTRITO CHICLAYO PROVINCIA CHICLAYO DEPARTAMENTO LAMBAYEQUE","disa":"LAMBAYEQUE","red":"NO PERTENECE A NINGUNA RED","microrred":"NO PERTENECE A NINGUNA MICRORED","categoria":"ESTABLECIMIENTO DE SALUD SIN INTERNAMIENTO","condicion":"ACTIVO","actualizado":"2023/08/01 19:00:00.000","fuente":"MINSA","urlRenipr":"http://app20.susalud.gob.pe:8080/registro-renipress-webapp/ipress.htm?action=mostrarVer&idipress=00028657"}},{"type":"Feature","geometry":{"type":"Point","coordinates":[-79.84575848999998,-6.774793479999971]},"properties":{"objectid":7053,"nombre":"TACHY NEGOCIOS Y SERVICIOS S.A.C.","departamento":"LAMBAYEQUE","provincia":"CHICLAYO","distrito":"CHICLAYO","institucion":"PRIVADO","codigoMinsa":17464,"direccion":"AVENIDA AV. JOSE LEONARDO ORTIZ N° 420 - 5TO. PISO DISTRITO CHICLAYO PROVINCIA CHICLAYO DEPARTAMENTO LAMBAYEQUE","disa":"LAMBAYEQUE","red":"NO PERTENECE A NINGUNA RED","microrred":"NO PERTENECE A NINGUNA MICRORED","categoria":"SERVICIO MÉDICO DE APOYO","condicion":"ACTIVO","actualizado":"2023/08/01 19:00:00.000","fuente":"MINSA","urlRenipr":"http://app20.susalud.gob.pe:8080/registro-renipress-webapp/ipress.htm?action=mostrarVer&idipress=00017464"}},{"type":"Feature","geometry":{"type":"Point","coordinates":[-79.85499069999997,-6.770079799999962]},"properties":{"objectid":7078,"nombre":"CLINICA NOA","departamento":"LAMBAYEQUE","provincia":"CHICLAYO","distrito":"CHICLAYO","institucion":"PRIVADO","codigoMinsa":28019,"direccion":"CALLE LA FLORIDA N?ERO 348 URBANIZACI? SANTA VICTORIA DISTRITO CHICLAYO PROVINCIA CHICLAYO DEPARTAMENTO LAMBAYEQUE","disa":"","red":"","microrred":"","categoria":"ESTABLECIMIENTO DE SALUD SIN INTERNAMIENTO","condicion":"RUC INACTIVO EN SUNAT","actualizado":"2023/08/01 19:00:00.000","fuente":"MINSA","urlRenipr":"http://app20.susalud.gob.pe:8080/registro-renipress-webapp/ipress.htm?action=mostrarVer&idipress=00028019"}},{"type":"Feature","geometry":{"type":"Point","coordinates":[-79.85499069999997,-6.770079799999962]},"properties":{"objectid":7090,"nombre":"DEKA LAB","departamento":"LAMBAYEQUE","provincia":"CHICLAYO","distrito":"CHICLAYO","institucion":"PRIVADO","codigoMinsa":27160,"direccion":"CALLE TARATA N?ERO 118 PISO 1 DISTRITO CHICLAYO PROVINCIA CHICLAYO DEPARTAMENTO LAMBAYEQUE","disa":"LAMBAYEQUE","red":"NO PERTENECE A NINGUNA RED","microrred":"NO PERTENECE A NINGUNA MICRORED","categoria":"SERVICIO MÉDICO DE APOYO","condicion":"ACTIVO","actualizado":"2023/08/01 19:00:00.000","fuente":"MINSA","urlRenipr":"http://app20.susalud.gob.pe:8080/registro-renipress-webapp/ipress.htm?action=mostrarVer&idipress=00027160"}},{"type":"Feature","geometry":{"type":"Point","coordinates":[-79.83888009999998,-6.775294499999973]},"properties":{"objectid":7217,"nombre":"CLINICA IMAGEN DENTAL S.C.R.L.","departamento":"LAMBAYEQUE","provincia":"CHICLAYO","distrito":"CHICLAYO","institucion":"PRIVADO","codigoMinsa":9124,"direccion":"AVENIDA AV. JOSE BALTA 225 CERCADO CHICLAYO DISTRITO CHICLAYO PROVINCIA CHICLAYO DEPARTAMENTO LAMBAYEQUE","disa":"LAMBAYEQUE","red":"NO PERTENECE A NINGUNA RED","microrred":"NO PERTENECE A NINGUNA MICRORED","categoria":"ESTABLECIMIENTO DE SALUD SIN INTERNAMIENTO","condicion":"ACTIVO","actualizado":"2023/08/01 19:00:00.000","fuente":"MINSA","urlRenipr":"http://app20.susalud.gob.pe:8080/registro-renipress-webapp/ipress.htm?action=mostrarVer&idipress=00009124"}},{"type":"Feature","geometry":{"type":"Point","coordinates":[-79.85499069999997,-6.770079799999962]},"properties":{"objectid":7793,"nombre":"BERMANLAB","departamento":"LAMBAYEQUE","provincia":"CHICLAYO","distrito":"CHICLAYO","institucion":"PRIVADO","codigoMinsa":27491,"direccion":"CALLE LA FLORIDA NÚMERO 400 PISO 1 URBANIZACIÓN SANTA VICTORIA DISTRITO CHICLAYO PROVINCIA CHICLAYO DEPARTAMENTO LAMBAYEQUE","disa":"LAMBAYEQUE","red":"","microrred":"","categoria":"SERVICIO MÉDICO DE APOYO","condicion":"ACTIVO","actualizado":"2023/08/01 19:00:00.000","fuente":"MINSA","urlRenipr":"http://app20.susalud.gob.pe:8080/registro-renipress-webapp/ipress.htm?action=mostrarVer&idipress=00027491"}},{"type":"Feature","geometry":{"type":"Point","coordinates":[-79.62126832999996,-6.989656669999931]},"properties":{"objectid":7835,"nombre":"MOCUPE VIEJO (TRADIC.)","departamento":"LAMBAYEQUE","provincia":"CHICLAYO","distrito":"LAGUNAS","institucion":"GOBIERNO REGIONAL","codigoMinsa":4359,"direccion":"JIRÓN JR. BOLOGNESI Nº 228 JR. BOLOGNESI Nº 228 LAGUNAS CHICLAYO LAMBAYEQUE","disa":"LAMBAYEQUE","red":"CHICLAYO","microrred":"REQUE-LAGUNAS","categoria":"ESTABLECIMIENTO DE SALUD SIN INTERNAMIENTO","condicion":"ACTIVO","actualizado":"2023/08/01 19:00:00.000","fuente":"MINSA","urlRenipr":"http://app20.susalud.gob.pe:8080/registro-renipress-webapp/ipress.htm?action=mostrarVer&idipress=00004359"}},{"type":"Feature","geometry":{"type":"Point","coordinates":[-79.84211529999999,-6.798764999999946]},"properties":{"objectid":7892,"nombre":"CAP III CARLOS CASTAÑEDA IPARRAGUIRRE","departamento":"LAMBAYEQUE","provincia":"CHICLAYO","distrito":"LA VICTORIA","institucion":"ESSALUD","codigoMinsa":8833,"direccion":"OTROS INCA YUPANQUI 1020 LA VICTORIA. DISTRITO LA VICTORIA PROVINCIA CHICLAYO DEPARTAMENTO LAMBAYEQUE","disa":"LAMBAYEQUE","red":"NO PERTENECE A NINGUNA RED","microrred":"NO PERTENECE A NINGUNA MICRORED","categoria":"ESTABLECIMIENTO DE SALUD SIN INTERNAMIENTO","condicion":"ACTIVO","actualizado":"2023/08/01 19:00:00.000","fuente":"MINSA","urlRenipr":"http://app20.susalud.gob.pe:8080/registro-renipress-webapp/ipress.htm?action=mostrarVer&idipress=00008833"}},{"type":"Feature","geometry":{"type":"Point","coordinates":[-79.84149979999995,-6.775688199999934]},"properties":{"objectid":8041,"nombre":"JULIO ALEJANDRO SILVA SANTISTEBAN AYALA","departamento":"LAMBAYEQUE","provincia":"CHICLAYO","distrito":"CHICLAYO","institucion":"PRIVADO","codigoMinsa":8903,"direccion":"AVENIDA AV. BOLOGNESI N° 316 INT B DISTRITO CHICLAYO PROVINCIA CHICLAYO DEPARTAMENTO LAMBAYEQUE","disa":"LAMBAYEQUE","red":"NO PERTENECE A NINGUNA RED","microrred":"NO PERTENECE A NINGUNA MICRORED","categoria":"SERVICIO MÉDICO DE APOYO","condicion":"ACTIVO","actualizado":"2023/08/01 19:00:00.000","fuente":"MINSA","urlRenipr":"http://app20.susalud.gob.pe:8080/registro-renipress-webapp/ipress.htm?action=mostrarVer&idipress=00008903"}},{"type":"Feature","geometry":{"type":"Point","coordinates":[-79.84571166999996,-6.775029999999958]},"properties":{"objectid":8046,"nombre":"CLINICA DEL PACIFICO S.A","departamento":"LAMBAYEQUE","provincia":"CHICLAYO","distrito":"CHICLAYO","institucion":"PRIVADO","codigoMinsa":8750,"direccion":"AVENIDA AV. JOSÉ LEONARDO ORTIZ NÚMERO 420 DISTRITO CHICLAYO PROVINCIA CHICLAYO DEPARTAMENTO LAMBAYEQUE","disa":"LAMBAYEQUE","red":"","microrred":"NO PERTENECE A NINGUNA MICRORED","categoria":"ESTABLECIMIENTO DE SALUD CON INTERNAMIENTO","condicion":"ACTIVO","actualizado":"2023/08/01 19:00:00.000","fuente":"MINSA","urlRenipr":"http://app20.susalud.gob.pe:8080/registro-renipress-webapp/ipress.htm?action=mostrarVer&idipress=00008750"}},{"type":"Feature","geometry":{"type":"Point","coordinates":[-79.83227341999998,-6.768540659999928]},"properties":{"objectid":8364,"nombre":"Asmedic Salud Laboral","departamento":"LAMBAYEQUE","provincia":"CHICLAYO","distrito":"CHICLAYO","institucion":"PRIVADO","codigoMinsa":30861,"direccion":"AVENIDA Pedro Ruiz NÚMERO 1540 PISO 2 DISTRITO CHICLAYO PROVINCIA CHICLAYO DEPARTAMENTO LAMBAYEQUE","disa":"LAMBAYEQUE","red":"","microrred":"","categoria":"ESTABLECIMIENTO DE SALUD SIN INTERNAMIENTO","condicion":"ACTIVO","actualizado":"2023/08/01 19:00:00.000","fuente":"MINSA","urlRenipr":"http://app20.susalud.gob.pe:8080/registro-renipress-webapp/ipress.htm?action=mostrarVer&idipress=00030861"}},{"type":"Feature","geometry":{"type":"Point","coordinates":[-79.88670792999994,-6.778677559999949]},"properties":{"objectid":8565,"nombre":"LAS FLORES DE LA PRADERA","departamento":"LAMBAYEQUE","provincia":"CHICLAYO","distrito":"PIMENTEL","institucion":"GOBIERNO REGIONAL","codigoMinsa":7306,"direccion":"OTROS CASERIO DEL MISMO NOMBRE CASERIO DEL MISMO NOMBRE PIMENTEL CHICLAYO LAMBAYEQUE","disa":"LAMBAYEQUE","red":"CHICLAYO","microrred":"PIMENTEL","categoria":"ESTABLECIMIENTO DE SALUD SIN INTERNAMIENTO","condicion":"ACTIVO","actualizado":"2023/08/01 19:00:00.000","fuente":"MINSA","urlRenipr":"http://app20.susalud.gob.pe:8080/registro-renipress-webapp/ipress.htm?action=mostrarVer&idipress=00007306"}},{"type":"Feature","geometry":{"type":"Point","coordinates":[-79.57414399999999,-6.422566599999925]},"properties":{"objectid":8566,"nombre":"LA TRAPOSA","departamento":"LAMBAYEQUE","provincia":"FERREÑAFE","distrito":"PITIPO","institucion":"GOBIERNO REGIONAL","codigoMinsa":4445,"direccion":"CALLE CALLE LA TRAPOSA S/N NÚMERO S/N DISTRITO PITIPO PROVINCIA FERREÑAFE DEPARTAMENTO LAMBAYEQUE","disa":"LAMBAYEQUE","red":"FERREÐAFE","microrred":"PITIPO","categoria":"ESTABLECIMIENTO DE SALUD SIN INTERNAMIENTO","condicion":"ACTIVO","actualizado":"2023/08/01 19:00:00.000","fuente":"MINSA","urlRenipr":"http://app20.susalud.gob.pe:8080/registro-renipress-webapp/ipress.htm?action=mostrarVer&idipress=00004445"}},{"type":"Feature","geometry":{"type":"Point","coordinates":[-79.37765839999997,-6.11617949999993]},"properties":{"objectid":8567,"nombre":"TOTORAS","departamento":"LAMBAYEQUE","provincia":"FERREÑAFE","distrito":"INCAHUASI","institucion":"GOBIERNO REGIONAL","codigoMinsa":4461,"direccion":"OTROS CASERIO TOTORAS DISTRITO INCAHUASI PROVINCIA FERREÑAFE DEPARTAMENTO LAMBAYEQUE","disa":"LAMBAYEQUE","red":"FERREÐAFE","microrred":"INKAWASI","categoria":"ESTABLECIMIENTO DE SALUD SIN INTERNAMIENTO","condicion":"ACTIVO","actualizado":"2023/08/01 19:00:00.000","fuente":"MINSA","urlRenipr":"http://app20.susalud.gob.pe:8080/registro-renipress-webapp/ipress.htm?action=mostrarVer&idipress=00004461"}},{"type":"Feature","geometry":{"type":"Point","coordinates":[-79.99886468999995,-5.765481869999974]},"properties":{"objectid":8569,"nombre":"SANTA ROSA (OLMOS)","departamento":"LAMBAYEQUE","provincia":"LAMBAYEQUE","distrito":"OLMOS","institucion":"GOBIERNO REGIONAL","codigoMinsa":4416,"direccion":"OTROS CASERIO SANTA ROSA CASERIO SANTA ROSA OLMOS LAMBAYEQUE LAMBAYEQUE","disa":"LAMBAYEQUE","red":"LAMBAYEQUE","microrred":"OLMOS","categoria":"ESTABLECIMIENTO DE SALUD SIN INTERNAMIENTO","condicion":"ACTIVO","actualizado":"2023/08/01 19:00:00.000","fuente":"MINSA","urlRenipr":"http://app20.susalud.gob.pe:8080/registro-renipress-webapp/ipress.htm?action=mostrarVer&idipress=00004416"}},{"type":"Feature","geometry":{"type":"Point","coordinates":[-79.94607087999998,-6.579741799999965]},"properties":{"objectid":8570,"nombre":"PAREDONES MUY FINCA","departamento":"LAMBAYEQUE","provincia":"LAMBAYEQUE","distrito":"MOCHUMI","institucion":"GOBIERNO REGIONAL","codigoMinsa":4383,"direccion":"OTROS CASERIO SAN ANTONIO CASERIO SAN ANTONIO MOCHUMI LAMBAYEQUE LAMBAYEQUE","disa":"LAMBAYEQUE","red":"LAMBAYEQUE","microrred":"MOCHUMI","categoria":"ESTABLECIMIENTO DE SALUD SIN INTERNAMIENTO","condicion":"ACTIVO","actualizado":"2023/08/01 19:00:00.000","fuente":"MINSA","urlRenipr":"http://app20.susalud.gob.pe:8080/registro-renipress-webapp/ipress.htm?action=mostrarVer&idipress=00004383"}},{"type":"Feature","geometry":{"type":"Point","coordinates":[-79.67704166999994,-6.054844999999943]},"properties":{"objectid":8571,"nombre":"TONGORRAPE","departamento":"LAMBAYEQUE","provincia":"LAMBAYEQUE","distrito":"MOTUPE","institucion":"GOBIERNO REGIONAL","codigoMinsa":4404,"direccion":"OTROS CASERIO TONGORRAPE CASERIO TONGORRAPE MOTUPE LAMBAYEQUE LAMBAYEQUE","disa":"LAMBAYEQUE","red":"LAMBAYEQUE","microrred":"MOTUPE","categoria":"ESTABLECIMIENTO DE SALUD SIN INTERNAMIENTO","condicion":"ACTIVO","actualizado":"2023/08/01 19:00:00.000","fuente":"MINSA","urlRenipr":"http://app20.susalud.gob.pe:8080/registro-renipress-webapp/ipress.htm?action=mostrarVer&idipress=00004404"}},{"type":"Feature","geometry":{"type":"Point","coordinates":[-79.94288644999995,-6.469954839999957]},"properties":{"objectid":8572,"nombre":"SEQUION","departamento":"LAMBAYEQUE","provincia":"LAMBAYEQUE","distrito":"MORROPE","institucion":"GOBIERNO REGIONAL","codigoMinsa":4433,"direccion":"OTROS CASERIO SEQUIONES DISTRITO MORROPE PROVINCIA LAMBAYEQUE DEPARTAMENTO LAMBAYEQUE","disa":"LAMBAYEQUE","red":"LAMBAYEQUE","microrred":"MORROPE","categoria":"ESTABLECIMIENTO DE SALUD SIN INTERNAMIENTO","condicion":"ACTIVO","actualizado":"2023/08/01 19:00:00.000","fuente":"MINSA","urlRenipr":"http://app20.susalud.gob.pe:8080/registro-renipress-webapp/ipress.htm?action=mostrarVer&idipress=00004433"}},{"type":"Feature","geometry":{"type":"Point","coordinates":[-79.88351999999998,-6.4599583299999495]},"properties":{"objectid":8573,"nombre":"SAN PEDRO SASAPE","departamento":"LAMBAYEQUE","provincia":"LAMBAYEQUE","distrito":"ILLIMO","institucion":"GOBIERNO REGIONAL","codigoMinsa":4378,"direccion":"OTROS CAMPIÑA SAN PEDRO SASAPE CAMPIÑA SAN PEDRO SASAPE ILLIMO LAMBAYEQUE LAMBAYEQUE","disa":"LAMBAYEQUE","red":"LAMBAYEQUE","microrred":"ILLIMO","categoria":"ESTABLECIMIENTO DE SALUD SIN INTERNAMIENTO","condicion":"ACTIVO","actualizado":"2023/08/01 19:00:00.000","fuente":"MINSA","urlRenipr":"http://app20.susalud.gob.pe:8080/registro-renipress-webapp/ipress.htm?action=mostrarVer&idipress=00004378"}},{"type":"Feature","geometry":{"type":"Point","coordinates":[-79.99814286999998,-6.491550059999952]},"properties":{"objectid":8574,"nombre":"LA COLORADA","departamento":"LAMBAYEQUE","provincia":"LAMBAYEQUE","distrito":"MORROPE","institucion":"GOBIERNO REGIONAL","codigoMinsa":4421,"direccion":"CALLE CALLE REAL N° 201 DISTRITO MORROPE PROVINCIA LAMBAYEQUE DEPARTAMENTO LAMBAYEQUE","disa":"LAMBAYEQUE","red":"LAMBAYEQUE","microrred":"MORROPE","categoria":"ESTABLECIMIENTO DE SALUD SIN INTERNAMIENTO","condicion":"ACTIVO","actualizado":"2023/08/01 19:00:00.000","fuente":"MINSA","urlRenipr":"http://app20.susalud.gob.pe:8080/registro-renipress-webapp/ipress.htm?action=mostrarVer&idipress=00004421"}},{"type":"Feature","geometry":{"type":"Point","coordinates":[-79.51994015999998,-5.98692884999997]},"properties":{"objectid":8575,"nombre":"HIERBA BUENA","departamento":"LAMBAYEQUE","provincia":"FERREÑAFE","distrito":"CAÑARIS","institucion":"GOBIERNO REGIONAL","codigoMinsa":7021,"direccion":"OTROS CAS.HIERBA BUENA CAS.HIERBA BUENA CAÑARIS FERREÑAFE LAMBAYEQUE","disa":"LAMBAYEQUE","red":"LAMBAYEQUE","microrred":"KAÑARIS","categoria":"ESTABLECIMIENTO DE SALUD SIN INTERNAMIENTO","condicion":"ACTIVO","actualizado":"2023/08/01 19:00:00.000","fuente":"MINSA","urlRenipr":"http://app20.susalud.gob.pe:8080/registro-renipress-webapp/ipress.htm?action=mostrarVer&idipress=00007021"}},{"type":"Feature","geometry":{"type":"Point","coordinates":[-79.31886049999997,-6.23418769999995]},"properties":{"objectid":8576,"nombre":"LANCHIPAMPA","departamento":"LAMBAYEQUE","provincia":"FERREÑAFE","distrito":"INCAHUASI","institucion":"GOBIERNO REGIONAL","codigoMinsa":4463,"direccion":"OTROS UBICADO EN EL CASERIO DISTRITO INCAHUASI PROVINCIA FERREÑAFE DEPARTAMENTO LAMBAYEQUE","disa":"LAMBAYEQUE","red":"FERREÐAFE","microrred":"INKAWASI","categoria":"ESTABLECIMIENTO DE SALUD SIN INTERNAMIENTO","condicion":"ACTIVO","actualizado":"2023/08/01 19:00:00.000","fuente":"MINSA","urlRenipr":"http://app20.susalud.gob.pe:8080/registro-renipress-webapp/ipress.htm?action=mostrarVer&idipress=00004463"}},{"type":"Feature","geometry":{"type":"Point","coordinates":[-79.84429779999994,-6.776597399999957]},"properties":{"objectid":8751,"nombre":"FISIO+MEDIC CONDUCTOR","departamento":"LAMBAYEQUE","provincia":"CHICLAYO","distrito":"CHICLAYO","institucion":"PRIVADO","codigoMinsa":26709,"direccion":"AVENIDA ELVIRA GARCIA Y GARCIA NÚMERO 659 PISO 3 URBANIZACIÓN FELIPE SANTIAGO SALAVERRY DISTRITO CHICLAYO PROVINCIA CHICLAYO DEPARTAMENTO LAMBAYEQUE","disa":"LAMBAYEQUE","red":"NO PERTENECE A NINGUNA RED","microrred":"NO PERTENECE A NINGUNA MICRORED","categoria":"ESTABLECIMIENTO DE SALUD SIN INTERNAMIENTO","condicion":"ACTIVO","actualizado":"2023/08/01 19:00:00.000","fuente":"MINSA","urlRenipr":"http://app20.susalud.gob.pe:8080/registro-renipress-webapp/ipress.htm?action=mostrarVer&idipress=00026709"}},{"type":"Feature","geometry":{"type":"Point","coordinates":[-79.84119689999994,-6.773164799999961]},"properties":{"objectid":8807,"nombre":"REYES ORTODONCIA","departamento":"LAMBAYEQUE","provincia":"CHICLAYO","distrito":"CHICLAYO","institucion":"PRIVADO","codigoMinsa":15841,"direccion":"OTROS MANUEL MARIA IZAGA 360 DISTRITO CHICLAYO PROVINCIA CHICLAYO DEPARTAMENTO LAMBAYEQUE","disa":"","red":"","microrred":"","categoria":"ESTABLECIMIENTO DE SALUD SIN INTERNAMIENTO","condicion":"RUC INACTIVO EN SUNAT","actualizado":"2023/08/01 19:00:00.000","fuente":"MINSA","urlRenipr":"http://app20.susalud.gob.pe:8080/registro-renipress-webapp/ipress.htm?action=mostrarVer&idipress=00015841"}},{"type":"Feature","geometry":{"type":"Point","coordinates":[-79.84231299999999,-6.779779099999928]},"properties":{"objectid":9054,"nombre":"LABORATORIO LLONTOP SRL","departamento":"LAMBAYEQUE","provincia":"CHICLAYO","distrito":"CHICLAYO","institucion":"PRIVADO","codigoMinsa":28376,"direccion":"AVENIDA SANTA VICTORIA NÚMERO 315 PISO 1 URBANIZACIÓN SANTA VICTORIA DISTRITO CHICLAYO PROVINCIA CHICLAYO DEPARTAMENTO LAMBAYEQUE","disa":"LAMBAYEQUE","red":"","microrred":"","categoria":"SERVICIO MÉDICO DE APOYO","condicion":"ACTIVO","actualizado":"2023/08/01 19:00:00.000","fuente":"MINSA","urlRenipr":"http://app20.susalud.gob.pe:8080/registro-renipress-webapp/ipress.htm?action=mostrarVer&idipress=00028376"}},{"type":"Feature","geometry":{"type":"Point","coordinates":[-79.84282666999997,-6.772541669999953]},"properties":{"objectid":9403,"nombre":"HOSPITAL REGIONAL DOCENTE LAS MERCEDES","departamento":"LAMBAYEQUE","provincia":"CHICLAYO","distrito":"CHICLAYO","institucion":"GOBIERNO REGIONAL","codigoMinsa":4317,"direccion":"AVENIDA AV. LUIS GONZALES Nº 635 AV. LUIS GONZALES Nº 635 CHICLAYO CHICLAYO LAMBAYEQUE","disa":"LAMBAYEQUE","red":"CHICLAYO","microrred":"NO PERTENECE A NINGUNA MICRORED","categoria":"ESTABLECIMIENTO DE SALUD CON INTERNAMIENTO","condicion":"ACTIVO","actualizado":"2023/08/01 19:00:00.000","fuente":"MINSA","urlRenipr":"http://app20.susalud.gob.pe:8080/registro-renipress-webapp/ipress.htm?action=mostrarVer&idipress=00004317"}},{"type":"Feature","geometry":{"type":"Point","coordinates":[-79.69235499999996,-7.0363649999999325]},"properties":{"objectid":9447,"nombre":"TUPAC AMARU","departamento":"LAMBAYEQUE","provincia":"CHICLAYO","distrito":"LAGUNAS","institucion":"GOBIERNO REGIONAL","codigoMinsa":4362,"direccion":"OTROS TUPAC AMARU S/N NÚMERO S/N DISTRITO LAGUNAS PROVINCIA CHICLAYO DEPARTAMENTO LAMBAYEQUE","disa":"LAMBAYEQUE","red":"CHICLAYO","microrred":"REQUE-LAGUNAS","categoria":"ESTABLECIMIENTO DE SALUD SIN INTERNAMIENTO","condicion":"ACTIVO","actualizado":"2023/08/01 19:00:00.000","fuente":"MINSA","urlRenipr":"http://app20.susalud.gob.pe:8080/registro-renipress-webapp/ipress.htm?action=mostrarVer&idipress=00004362"}},{"type":"Feature","geometry":{"type":"Point","coordinates":[-79.84214459999998,-6.771495899999934]},"properties":{"objectid":9521,"nombre":"LABORATORIO DE ANALISIS CLINICOS Y MICROBIOLOGICOS \"ROSA MISTICA\"","departamento":"LAMBAYEQUE","provincia":"CHICLAYO","distrito":"CHICLAYO","institucion":"PRIVADO","codigoMinsa":15410,"direccion":"CALLE CALLE ELIAS AGUIRRE Nº 305 - OFIC. 201 DISTRITO CHICLAYO PROVINCIA CHICLAYO DEPARTAMENTO LAMBAYEQUE","disa":"","red":"","microrred":"","categoria":"SERVICIO MÉDICO DE APOYO","condicion":"RUC INACTIVO EN SUNAT","actualizado":"2023/08/01 19:00:00.000","fuente":"MINSA","urlRenipr":"http://app20.susalud.gob.pe:8080/registro-renipress-webapp/ipress.htm?action=mostrarVer&idipress=00015410"}},{"type":"Feature","geometry":{"type":"Point","coordinates":[-79.83966369999996,-6.782995899999946]},"properties":{"objectid":9621,"nombre":"clinica del cancer sac","departamento":"LAMBAYEQUE","provincia":"CHICLAYO","distrito":"CHICLAYO","institucion":"PRIVADO","codigoMinsa":25400,"direccion":"AVENIDA LIBERTAD NÚMERO 556 URBANIZACIÓN SANTA VICTORIA DISTRITO CHICLAYO PROVINCIA CHICLAYO DEPARTAMENTO LAMBAYEQUE","disa":"LAMBAYEQUE","red":"NO PERTENECE A NINGUNA RED","microrred":"NO PERTENECE A NINGUNA MICRORED","categoria":"ESTABLECIMIENTO DE SALUD SIN INTERNAMIENTO","condicion":"ACTIVO","actualizado":"2023/08/01 19:00:00.000","fuente":"MINSA","urlRenipr":"http://app20.susalud.gob.pe:8080/registro-renipress-webapp/ipress.htm?action=mostrarVer&idipress=00025400"}},{"type":"Feature","geometry":{"type":"Point","coordinates":[-79.83719649999995,-6.773954299999957]},"properties":{"objectid":9772,"nombre":"BENEFICA DENTAL","departamento":"LAMBAYEQUE","provincia":"CHICLAYO","distrito":"CHICLAYO","institucion":"PRIVADO","codigoMinsa":30567,"direccion":"CALLE 7 DE ENERO 400 NÚMERO 400 PISO 1 DISTRITO CHICLAYO PROVINCIA CHICLAYO DEPARTAMENTO LAMBAYEQUE","disa":"LAMBAYEQUE","red":"","microrred":"","categoria":"ESTABLECIMIENTO DE SALUD SIN INTERNAMIENTO","condicion":"ACTIVO","actualizado":"2023/08/01 19:00:00.000","fuente":"MINSA","urlRenipr":"http://app20.susalud.gob.pe:8080/registro-renipress-webapp/ipress.htm?action=mostrarVer&idipress=00030567"}},{"type":"Feature","geometry":{"type":"Point","coordinates":[-79.30430209999997,-6.851954999999975]},"properties":{"objectid":10012,"nombre":"POSTA MEDICA DE DE OYOTUN - ESSALUD","departamento":"LAMBAYEQUE","provincia":"CHICLAYO","distrito":"OYOTUN","institucion":"ESSALUD","codigoMinsa":8892,"direccion":"OTROS MANUEL GONZALEZ PRADA CUADRA 03 S/N NÚMERO S/N DISTRITO OYOTUN PROVINCIA CHICLAYO DEPARTAMENTO LAMBAYEQUE","disa":"LAMBAYEQUE","red":"NO PERTENECE A NINGUNA RED","microrred":"NO PERTENECE A NINGUNA MICRORED","categoria":"ESTABLECIMIENTO DE SALUD SIN INTERNAMIENTO","condicion":"ACTIVO","actualizado":"2023/08/01 19:00:00.000","fuente":"MINSA","urlRenipr":"http://app20.susalud.gob.pe:8080/registro-renipress-webapp/ipress.htm?action=mostrarVer&idipress=00008892"}},{"type":"Feature","geometry":{"type":"Point","coordinates":[-79.84251332999997,-6.776028329999974]},"properties":{"objectid":10024,"nombre":"HOSPITAL NAYLAMP","departamento":"LAMBAYEQUE","provincia":"CHICLAYO","distrito":"CHICLAYO","institucion":"ESSALUD","codigoMinsa":8835,"direccion":"AVENIDA AV BOLOGNESI 200 DISTRITO CHICLAYO PROVINCIA CHICLAYO DEPARTAMENTO LAMBAYEQUE","disa":"LAMBAYEQUE","red":"NO PERTENECE A NINGUNA RED","microrred":"NO PERTENECE A NINGUNA MICRORED","categoria":"ESTABLECIMIENTO DE SALUD CON INTERNAMIENTO","condicion":"ACTIVO","actualizado":"2023/08/01 19:00:00.000","fuente":"MINSA","urlRenipr":"http://app20.susalud.gob.pe:8080/registro-renipress-webapp/ipress.htm?action=mostrarVer&idipress=00008835"}},{"type":"Feature","geometry":{"type":"Point","coordinates":[-79.84343948999998,-6.782094769999958]},"properties":{"objectid":10164,"nombre":"GASTRO CLINIC JR EIRL","departamento":"LAMBAYEQUE","provincia":"CHICLAYO","distrito":"CHICLAYO","institucion":"PRIVADO","codigoMinsa":26962,"direccion":"CALLE LA FLORIDA N?ERO 225 PISO 3 DEPARTAMENTO 306 URBANIZACI? SANTA VICTORIA DISTRITO CHICLAYO PROVINCIA CHICLAYO DEPARTAMENTO LAMBAYEQUE","disa":"LAMBAYEQUE","red":"NO PERTENECE A NINGUNA RED","microrred":"NO PERTENECE A NINGUNA MICRORED","categoria":"ESTABLECIMIENTO DE SALUD SIN INTERNAMIENTO","condicion":"ACTIVO","actualizado":"2023/08/01 19:00:00.000","fuente":"MINSA","urlRenipr":"http://app20.susalud.gob.pe:8080/registro-renipress-webapp/ipress.htm?action=mostrarVer&idipress=00026962"}},{"type":"Feature","geometry":{"type":"Point","coordinates":[-79.84223679999997,-6.770588299999929]},"properties":{"objectid":10217,"nombre":"CLINICA DENTAL CASO LAY SRL","departamento":"LAMBAYEQUE","provincia":"CHICLAYO","distrito":"CHICLAYO","institucion":"PRIVADO","codigoMinsa":12152,"direccion":"AVENIDA AV. LUIS GONZÁLES 839 DISTRITO CHICLAYO PROVINCIA CHICLAYO DEPARTAMENTO LAMBAYEQUE","disa":"LAMBAYEQUE","red":"NO PERTENECE A NINGUNA RED","microrred":"NO PERTENECE A NINGUNA MICRORED","categoria":"ESTABLECIMIENTO DE SALUD SIN INTERNAMIENTO","condicion":"ACTIVO","actualizado":"2023/08/01 19:00:00.000","fuente":"MINSA","urlRenipr":"http://app20.susalud.gob.pe:8080/registro-renipress-webapp/ipress.htm?action=mostrarVer&idipress=00012152"}},{"type":"Feature","geometry":{"type":"Point","coordinates":[-79.84297939999999,-6.782434999999964]},"properties":{"objectid":10332,"nombre":"MEDIC SALUD","departamento":"LAMBAYEQUE","provincia":"CHICLAYO","distrito":"CHICLAYO","institucion":"PRIVADO","codigoMinsa":29507,"direccion":"PASAJE LA MARINA NÚMERO 110 URBANIZACIÓN SANTA VICTORIA DISTRITO CHICLAYO PROVINCIA CHICLAYO DEPARTAMENTO LAMBAYEQUE","disa":"LAMBAYEQUE","red":"","microrred":"","categoria":"ESTABLECIMIENTO DE SALUD SIN INTERNAMIENTO","condicion":"ACTIVO","actualizado":"2023/08/01 19:00:00.000","fuente":"MINSA","urlRenipr":"http://app20.susalud.gob.pe:8080/registro-renipress-webapp/ipress.htm?action=mostrarVer&idipress=00029507"}},{"type":"Feature","geometry":{"type":"Point","coordinates":[-79.84400739999995,-6.786392499999977]},"properties":{"objectid":10343,"nombre":"SIEMPRE JOVEN","departamento":"LAMBAYEQUE","provincia":"CHICLAYO","distrito":"CHICLAYO","institucion":"PRIVADO","codigoMinsa":30726,"direccion":"CALLE LOS MIRTOS NÚMERO 118 DISTRITO CHICLAYO PROVINCIA CHICLAYO DEPARTAMENTO LAMBAYEQUE","disa":"LAMBAYEQUE","red":"","microrred":"","categoria":"ESTABLECIMIENTO DE SALUD SIN INTERNAMIENTO","condicion":"ACTIVO","actualizado":"2023/08/01 19:00:00.000","fuente":"MINSA","urlRenipr":"http://app20.susalud.gob.pe:8080/registro-renipress-webapp/ipress.htm?action=mostrarVer&idipress=00030726"}},{"type":"Feature","geometry":{"type":"Point","coordinates":[-79.84429779999994,-6.776597399999957]},"properties":{"objectid":10392,"nombre":"NEFROLABT CHICLAYO S.A.C","departamento":"LAMBAYEQUE","provincia":"CHICLAYO","distrito":"CHICLAYO","institucion":"PRIVADO","codigoMinsa":20764,"direccion":"AVENIDA AV. BERNARDO ALCEDO N° 337. URB. PATAZCA DISTRITO CHICLAYO PROVINCIA CHICLAYO DEPARTAMENTO LAMBAYEQUE","disa":"LAMBAYEQUE","red":"NO PERTENECE A NINGUNA RED","microrred":"NO PERTENECE A NINGUNA MICRORED","categoria":"SERVICIO MÉDICO DE APOYO","condicion":"ACTIVO","actualizado":"2023/08/01 19:00:00.000","fuente":"MINSA","urlRenipr":"http://app20.susalud.gob.pe:8080/registro-renipress-webapp/ipress.htm?action=mostrarVer&idipress=00020764"}},{"type":"Feature","geometry":{"type":"Point","coordinates":[-79.85931089999997,-6.769711799999925]},"properties":{"objectid":10466,"nombre":"COORPORACION LAMBAYEQUE SAC","departamento":"LAMBAYEQUE","provincia":"CHICLAYO","distrito":"CHICLAYO","institucion":"PRIVADO","codigoMinsa":29419,"direccion":"AVENIDA Felipe Santiago Salaverry NÚMERO 1410 PISO 2 URBANIZACIÓN Bancarios DISTRITO CHICLAYO PROVINCIA CHICLAYO DEPARTAMENTO LAMBAYEQUE","disa":"LAMBAYEQUE","red":"","microrred":"","categoria":"ESTABLECIMIENTO DE SALUD SIN INTERNAMIENTO","condicion":"ACTIVO","actualizado":"2023/08/01 19:00:00.000","fuente":"MINSA","urlRenipr":"http://app20.susalud.gob.pe:8080/registro-renipress-webapp/ipress.htm?action=mostrarVer&idipress=00029419"}},{"type":"Feature","geometry":{"type":"Point","coordinates":[-79.72631666999996,-5.892514999999946]},"properties":{"objectid":10714,"nombre":"EL PUEBLITO","departamento":"LAMBAYEQUE","provincia":"LAMBAYEQUE","distrito":"OLMOS","institucion":"GOBIERNO REGIONAL","codigoMinsa":10096,"direccion":"OTROS CENTRO POBLADO EL PUEBLITO CENTRO POBLADO EL PUEBLITO OLMOS LAMBAYEQUE LAMBAYEQUE","disa":"LAMBAYEQUE","red":"LAMBAYEQUE","microrred":"OLMOS","categoria":"ESTABLECIMIENTO DE SALUD SIN INTERNAMIENTO","condicion":"ACTIVO","actualizado":"2023/08/01 19:00:00.000","fuente":"MINSA","urlRenipr":"http://app20.susalud.gob.pe:8080/registro-renipress-webapp/ipress.htm?action=mostrarVer&idipress=00010096"}},{"type":"Feature","geometry":{"type":"Point","coordinates":[-79.46441015999994,-6.102529299999958]},"properties":{"objectid":10716,"nombre":"CORRAL DE PIEDRA","departamento":"LAMBAYEQUE","provincia":"LAMBAYEQUE","distrito":"SALAS","institucion":"GOBIERNO REGIONAL","codigoMinsa":9468,"direccion":"OTROS CASERIO CORRAL DE PIEDRA CASERIO CORRAL DE PIEDRA SALAS LAMBAYEQUE LAMBAYEQUE","disa":"LAMBAYEQUE","red":"LAMBAYEQUE","microrred":"SALAS","categoria":"ESTABLECIMIENTO DE SALUD SIN INTERNAMIENTO","condicion":"ACTIVO","actualizado":"2023/08/01 19:00:00.000","fuente":"MINSA","urlRenipr":"http://app20.susalud.gob.pe:8080/registro-renipress-webapp/ipress.htm?action=mostrarVer&idipress=00009468"}},{"type":"Feature","geometry":{"type":"Point","coordinates":[-79.81585687999996,-6.864087529999949]},"properties":{"objectid":10717,"nombre":"CENTRO ESPECIALIZADO DE SALUD MENTAL COMUNITARIA \"FRANCO BASAGLIA\" - REQUE","departamento":"LAMBAYEQUE","provincia":"CHICLAYO","distrito":"REQUE","institucion":"GOBIERNO REGIONAL","codigoMinsa":27737,"direccion":"CALLE LOS AMAUTAS 309 2 B1 7 SESQUICENTENARIO AAHH 28 DE JULIO A MEDIA CUADRA DEL COLEGIO SAN MARTIN DE THOURS SEGUNDO PISO DE CUNAMAS REQUE CHICLAYO LAMBAYEQUE","disa":"LAMBAYEQUE","red":"CHICLAYO","microrred":"REQUE-LAGUNAS","categoria":"ESTABLECIMIENTO DE SALUD SIN INTERNAMIENTO","condicion":"ACTIVO","actualizado":"2023/08/01 19:00:00.000","fuente":"MINSA","urlRenipr":"http://app20.susalud.gob.pe:8080/registro-renipress-webapp/ipress.htm?action=mostrarVer&idipress=00027737"}},{"type":"Feature","geometry":{"type":"Point","coordinates":[-80.00316059999994,-6.517339349999929]},"properties":{"objectid":10718,"nombre":"ANNAPE","departamento":"LAMBAYEQUE","provincia":"LAMBAYEQUE","distrito":"MORROPE","institucion":"GOBIERNO REGIONAL","codigoMinsa":4435,"direccion":"OTROS CASERIO ANNAPE DISTRITO MORROPE PROVINCIA LAMBAYEQUE DEPARTAMENTO LAMBAYEQUE","disa":"LAMBAYEQUE","red":"LAMBAYEQUE","microrred":"MORROPE","categoria":"ESTABLECIMIENTO DE SALUD SIN INTERNAMIENTO","condicion":"ACTIVO","actualizado":"2023/08/01 19:00:00.000","fuente":"MINSA","urlRenipr":"http://app20.susalud.gob.pe:8080/registro-renipress-webapp/ipress.htm?action=mostrarVer&idipress=00004435"}},{"type":"Feature","geometry":{"type":"Point","coordinates":[-79.98896598999994,-6.522401879999961]},"properties":{"objectid":10719,"nombre":"SANTA ROSA LAS PAMPAS","departamento":"LAMBAYEQUE","provincia":"LAMBAYEQUE","distrito":"MORROPE","institucion":"GOBIERNO REGIONAL","codigoMinsa":4434,"direccion":"OTROS CASERIO LAS PAMPAS CASERIO LAS PAMPAS MORROPE LAMBAYEQUE LAMBAYEQUE","disa":"LAMBAYEQUE","red":"LAMBAYEQUE","microrred":"MORROPE","categoria":"ESTABLECIMIENTO DE SALUD SIN INTERNAMIENTO","condicion":"ACTIVO","actualizado":"2023/08/01 19:00:00.000","fuente":"MINSA","urlRenipr":"http://app20.susalud.gob.pe:8080/registro-renipress-webapp/ipress.htm?action=mostrarVer&idipress=00004434"}},{"type":"Feature","geometry":{"type":"Point","coordinates":[-79.94551428999995,-6.5218808199999785]},"properties":{"objectid":10720,"nombre":"LAGUNAS (MORROPE)","departamento":"LAMBAYEQUE","provincia":"LAMBAYEQUE","distrito":"MORROPE","institucion":"GOBIERNO REGIONAL","codigoMinsa":4424,"direccion":"OTROS CASERIO LAGUNAS CASERIO LAGUNAS MORROPE LAMBAYEQUE LAMBAYEQUE","disa":"LAMBAYEQUE","red":"LAMBAYEQUE","microrred":"MORROPE","categoria":"ESTABLECIMIENTO DE SALUD SIN INTERNAMIENTO","condicion":"ACTIVO","actualizado":"2023/08/01 19:00:00.000","fuente":"MINSA","urlRenipr":"http://app20.susalud.gob.pe:8080/registro-renipress-webapp/ipress.htm?action=mostrarVer&idipress=00004424"}},{"type":"Feature","geometry":{"type":"Point","coordinates":[-79.71149999999994,-5.875941669999975]},"properties":{"objectid":10721,"nombre":"TRES BATANES","departamento":"LAMBAYEQUE","provincia":"LAMBAYEQUE","distrito":"OLMOS","institucion":"GOBIERNO REGIONAL","codigoMinsa":4411,"direccion":"OTROS CENTRO POBLADO TRES BATANES CENTRO POBLADO TRES BATANES OLMOS LAMBAYEQUE LAMBAYEQUE","disa":"LAMBAYEQUE","red":"LAMBAYEQUE","microrred":"OLMOS","categoria":"ESTABLECIMIENTO DE SALUD SIN INTERNAMIENTO","condicion":"ACTIVO","actualizado":"2023/08/01 19:00:00.000","fuente":"MINSA","urlRenipr":"http://app20.susalud.gob.pe:8080/registro-renipress-webapp/ipress.htm?action=mostrarVer&idipress=00004411"}},{"type":"Feature","geometry":{"type":"Point","coordinates":[-79.71745166999995,-6.149973329999966]},"properties":{"objectid":10722,"nombre":"MOTUPE","departamento":"LAMBAYEQUE","provincia":"LAMBAYEQUE","distrito":"MOTUPE","institucion":"GOBIERNO REGIONAL","codigoMinsa":4395,"direccion":"AVENIDA AV.CRUZ DE CHALPON 186 AV.CRUZ DE CHALPON 186 MOTUPE LAMBAYEQUE LAMBAYEQUE","disa":"LAMBAYEQUE","red":"LAMBAYEQUE","microrred":"MOTUPE","categoria":"ESTABLECIMIENTO DE SALUD SIN INTERNAMIENTO","condicion":"ACTIVO","actualizado":"2023/08/01 19:00:00.000","fuente":"MINSA","urlRenipr":"http://app20.susalud.gob.pe:8080/registro-renipress-webapp/ipress.htm?action=mostrarVer&idipress=00004395"}},{"type":"Feature","geometry":{"type":"Point","coordinates":[-79.83619606999997,-6.774752039999953]},"properties":{"objectid":10860,"nombre":"CENTRO ODONTOLOGICO CITA DENTAL AJ SAC","departamento":"LAMBAYEQUE","provincia":"CHICLAYO","distrito":"CHICLAYO","institucion":"PRIVADO","codigoMinsa":17850,"direccion":"CALLE CALLE. TACNA N° 861 DISTRITO CHICLAYO PROVINCIA CHICLAYO DEPARTAMENTO LAMBAYEQUE","disa":"LAMBAYEQUE","red":"NO PERTENECE A NINGUNA RED","microrred":"NO PERTENECE A NINGUNA MICRORED","categoria":"ESTABLECIMIENTO DE SALUD SIN INTERNAMIENTO","condicion":"ACTIVO","actualizado":"2023/08/01 19:00:00.000","fuente":"MINSA","urlRenipr":"http://app20.susalud.gob.pe:8080/registro-renipress-webapp/ipress.htm?action=mostrarVer&idipress=00017850"}},{"type":"Feature","geometry":{"type":"Point","coordinates":[-79.84429779999994,-6.767733289999967]},"properties":{"objectid":11295,"nombre":"GASTROSALUD E.I.R.L","departamento":"LAMBAYEQUE","provincia":"CHICLAYO","distrito":"CHICLAYO","institucion":"PRIVADO","codigoMinsa":8303,"direccion":"CALLE CALLE ALFONSO UGARTE Nº 660 DISTRITO CHICLAYO PROVINCIA CHICLAYO DEPARTAMENTO LAMBAYEQUE","disa":"LAMBAYEQUE","red":"NO PERTENECE A NINGUNA RED","microrred":"NO PERTENECE A NINGUNA MICRORED","categoria":"ESTABLECIMIENTO DE SALUD SIN INTERNAMIENTO","condicion":"ACTIVO","actualizado":"2023/08/01 19:00:00.000","fuente":"MINSA","urlRenipr":"http://app20.susalud.gob.pe:8080/registro-renipress-webapp/ipress.htm?action=mostrarVer&idipress=00008303"}},{"type":"Feature","geometry":{"type":"Point","coordinates":[-79.84831419999995,-6.773863199999937]},"properties":{"objectid":11776,"nombre":"SOLUCIONES MEDICAS DEL NORTE SAC.","departamento":"LAMBAYEQUE","provincia":"CHICLAYO","distrito":"CHICLAYO","institucion":"PRIVADO","codigoMinsa":23319,"direccion":"CALLE LOS CIPRESES NÚMERO 191 URBANIZACIÓN LOS PARQUES DISTRITO CHICLAYO PROVINCIA CHICLAYO DEPARTAMENTO LAMBAYEQUE","disa":"LAMBAYEQUE","red":"NO PERTENECE A NINGUNA RED","microrred":"NO PERTENECE A NINGUNA MICRORED","categoria":"ESTABLECIMIENTO DE SALUD SIN INTERNAMIENTO","condicion":"ACTIVO","actualizado":"2023/08/01 19:00:00.000","fuente":"MINSA","urlRenipr":"http://app20.susalud.gob.pe:8080/registro-renipress-webapp/ipress.htm?action=mostrarVer&idipress=00023319"}},{"type":"Feature","geometry":{"type":"Point","coordinates":[-79.84429769999997,-6.776597399999957]},"properties":{"objectid":11890,"nombre":"LIDER MEDICA","departamento":"LAMBAYEQUE","provincia":"CHICLAYO","distrito":"CHICLAYO","institucion":"PRIVADO","codigoMinsa":29564,"direccion":"AVENIDA ALMIRANTE MIGUEL GRAU NÚMERO 680 URBANIZACIÓN A.H. SAN NICOLAS DISTRITO CHICLAYO PROVINCIA CHICLAYO DEPARTAMENTO LAMBAYEQUE","disa":"LAMBAYEQUE","red":"","microrred":"","categoria":"ESTABLECIMIENTO DE SALUD CON INTERNAMIENTO","condicion":"ACTIVO","actualizado":"2023/08/01 19:00:00.000","fuente":"MINSA","urlRenipr":"http://app20.susalud.gob.pe:8080/registro-renipress-webapp/ipress.htm?action=mostrarVer&idipress=00029564"}},{"type":"Feature","geometry":{"type":"Point","coordinates":[-79.83079166999994,-6.773684999999944]},"properties":{"objectid":12137,"nombre":"HOSPITAL NACIONAL ALMANZOR AGUINAGA ASENJO","departamento":"LAMBAYEQUE","provincia":"CHICLAYO","distrito":"CHICLAYO","institucion":"ESSALUD","codigoMinsa":8577,"direccion":"PLAZA DE LA SEGURIDAD SOCIAL S/N","disa":"LAMBAYEQUE","red":"NO PERTENECE A NINGUNA RED","microrred":"NO PERTENECE A NINGUNA MICRORED","categoria":"ESTABLECIMIENTO DE SALUD CON INTERNAMIENTO","condicion":"ACTIVO","actualizado":"2023/08/01 19:00:00.000","fuente":"MINSA","urlRenipr":"http://app20.susalud.gob.pe:8080/registro-renipress-webapp/ipress.htm?action=mostrarVer&idipress=00008577"}},{"type":"Feature","geometry":{"type":"Point","coordinates":[-79.83904399999994,-6.77762359999997]},"properties":{"objectid":12254,"nombre":"CENTRO ODONTOLOGICO AMERICANO - CHICLAYO","departamento":"LAMBAYEQUE","provincia":"CHICLAYO","distrito":"CHICLAYO","institucion":"PRIVADO","codigoMinsa":26708,"direccion":"AVENIDA JOSE BALTA NÚMERO 039 DISTRITO CHICLAYO PROVINCIA CHICLAYO DEPARTAMENTO LAMBAYEQUE","disa":"LAMBAYEQUE","red":"NO PERTENECE A NINGUNA RED","microrred":"NO PERTENECE A NINGUNA MICRORED","categoria":"ESTABLECIMIENTO DE SALUD SIN INTERNAMIENTO","condicion":"ACTIVO","actualizado":"2023/08/01 19:00:00.000","fuente":"MINSA","urlRenipr":"http://app20.susalud.gob.pe:8080/registro-renipress-webapp/ipress.htm?action=mostrarVer&idipress=00026708"}},{"type":"Feature","geometry":{"type":"Point","coordinates":[-79.85892281999998,-6.772222589999956]},"properties":{"objectid":12385,"nombre":"ESTABLECIMIENTO DE SALUD AMÉRICA S.A.C.","departamento":"LAMBAYEQUE","provincia":"CHICLAYO","distrito":"CHICLAYO","institucion":"PRIVADO","codigoMinsa":27809,"direccion":"CALLE TERESA FANNING N?ERO 795 PISO 1 URBANIZACI? URB. SALAVERRY DISTRITO CHICLAYO PROVINCIA CHICLAYO DEPARTAMENTO LAMBAYEQUE","disa":"LAMBAYEQUE","red":"NO PERTENECE A NINGUNA RED","microrred":"NO PERTENECE A NINGUNA MICRORED","categoria":"ESTABLECIMIENTO DE SALUD SIN INTERNAMIENTO","condicion":"ACTIVO","actualizado":"2023/08/01 19:00:00.000","fuente":"MINSA","urlRenipr":"http://app20.susalud.gob.pe:8080/registro-renipress-webapp/ipress.htm?action=mostrarVer&idipress=00027809"}},{"type":"Feature","geometry":{"type":"Point","coordinates":[-79.90455439999994,-6.704444899999942]},"properties":{"objectid":12389,"nombre":"CONSULTORIO DR JULIO CARPIO MEJIA","departamento":"LAMBAYEQUE","provincia":"LAMBAYEQUE","distrito":"LAMBAYEQUE","institucion":"PRIVADO","codigoMinsa":17253,"direccion":"CALLE CALLE ATAHUALPA 224 DISTRITO LAMBAYEQUE PROVINCIA LAMBAYEQUE DEPARTAMENTO LAMBAYEQUE","disa":"LAMBAYEQUE","red":"NO PERTENECE A NINGUNA RED","microrred":"NO PERTENECE A NINGUNA MICRORED","categoria":"ESTABLECIMIENTO DE SALUD SIN INTERNAMIENTO","condicion":"ACTIVO","actualizado":"2023/08/01 19:00:00.000","fuente":"MINSA","urlRenipr":"http://app20.susalud.gob.pe:8080/registro-renipress-webapp/ipress.htm?action=mostrarVer&idipress=00017253"}},{"type":"Feature","geometry":{"type":"Point","coordinates":[-79.83742849999999,-6.775811199999964]},"properties":{"objectid":12423,"nombre":"ECO RAY DIAGNOSTICO SAC","departamento":"LAMBAYEQUE","provincia":"CHICLAYO","distrito":"CHICLAYO","institucion":"PRIVADO","codigoMinsa":27029,"direccion":"AVENIDA FRANCISCO BOLOGNESI N?ERO 774 PISO 1 DISTRITO CHICLAYO PROVINCIA CHICLAYO DEPARTAMENTO LAMBAYEQUE","disa":"LAMBAYEQUE","red":"NO PERTENECE A NINGUNA RED","microrred":"NO PERTENECE A NINGUNA MICRORED","categoria":"SERVICIO MÉDICO DE APOYO","condicion":"ACTIVO","actualizado":"2023/08/01 19:00:00.000","fuente":"MINSA","urlRenipr":"http://app20.susalud.gob.pe:8080/registro-renipress-webapp/ipress.htm?action=mostrarVer&idipress=00027029"}},{"type":"Feature","geometry":{"type":"Point","coordinates":[-79.84165299999995,-6.772224999999935]},"properties":{"objectid":12453,"nombre":"VISION CUBA","departamento":"LAMBAYEQUE","provincia":"CHICLAYO","distrito":"CHICLAYO","institucion":"PRIVADO","codigoMinsa":28633,"direccion":"CALLE ALFONSO UGARTE NÚMERO 655 PISO 1 DISTRITO CHICLAYO PROVINCIA CHICLAYO DEPARTAMENTO LAMBAYEQUE","disa":"LAMBAYEQUE","red":"NO PERTENECE A NINGUNA RED","microrred":"NO PERTENECE A NINGUNA MICRORED","categoria":"ESTABLECIMIENTO DE SALUD SIN INTERNAMIENTO","condicion":"ACTIVO","actualizado":"2023/08/01 19:00:00.000","fuente":"MINSA","urlRenipr":"http://app20.susalud.gob.pe:8080/registro-renipress-webapp/ipress.htm?action=mostrarVer&idipress=00028633"}},{"type":"Feature","geometry":{"type":"Point","coordinates":[-79.90301794999993,-6.70685648999995]},"properties":{"objectid":12526,"nombre":"SANTA ANA SALUD","departamento":"LAMBAYEQUE","provincia":"LAMBAYEQUE","distrito":"LAMBAYEQUE","institucion":"OTRO","codigoMinsa":30942,"direccion":"AVENIDA RAMÓN CASTILLA NÚMERO 1135 PISO 1 DISTRITO LAMBAYEQUE PROVINCIA LAMBAYEQUE DEPARTAMENTO LAMBAYEQUE","disa":"LAMBAYEQUE","red":"","microrred":"NO PERTENECE A NINGUNA MICRORED","categoria":"ESTABLECIMIENTO DE SALUD SIN INTERNAMIENTO","condicion":"ACTIVO","actualizado":"2023/08/01 19:00:00.000","fuente":"MINSA","urlRenipr":"http://app20.susalud.gob.pe:8080/registro-renipress-webapp/ipress.htm?action=mostrarVer&idipress=00030942"}},{"type":"Feature","geometry":{"type":"Point","coordinates":[-79.84608446999994,-6.7700278999999455]},"properties":{"objectid":12633,"nombre":"NEW CAR","departamento":"LAMBAYEQUE","provincia":"CHICLAYO","distrito":"CHICLAYO","institucion":"PRIVADO","codigoMinsa":25440,"direccion":"CALLE FRANCISCO CUNEO SALAZAR NÚMERO 221 PISO 1 URBANIZACIÓN PATAZCA DISTRITO CHICLAYO PROVINCIA CHICLAYO DEPARTAMENTO LAMBAYEQUE","disa":"LAMBAYEQUE","red":"NO PERTENECE A NINGUNA RED","microrred":"NO PERTENECE A NINGUNA MICRORED","categoria":"ESTABLECIMIENTO DE SALUD SIN INTERNAMIENTO","condicion":"ACTIVO","actualizado":"2023/08/01 19:00:00.000","fuente":"MINSA","urlRenipr":"http://app20.susalud.gob.pe:8080/registro-renipress-webapp/ipress.htm?action=mostrarVer&idipress=00025440"}},{"type":"Feature","geometry":{"type":"Point","coordinates":[-79.62748340999997,-6.734472789999927]},"properties":{"objectid":12825,"nombre":"CENTRO DE SALUD MENTAL COMUNITARIO JUAN PARDO Y MIGUEL PATAPO","departamento":"LAMBAYEQUE","provincia":"CHICLAYO","distrito":"PATAPO","institucion":"GOBIERNO REGIONAL","codigoMinsa":31501,"direccion":"CALLE JORGE CHAVEZ CRUZ TRES DE MAYO PISO 1 MANZANA D LOTE 1 Y 2 DISTRITO PATAPO PROVINCIA CHICLAYO DEPARTAMENTO LAMBAYEQUE","disa":"LAMBAYEQUE","red":"CHICLAYO","microrred":"POSOPE ALTO","categoria":"ESTABLECIMIENTO DE SALUD SIN INTERNAMIENTO","condicion":"ACTIVO","actualizado":"2023/08/01 19:00:00.000","fuente":"MINSA","urlRenipr":"http://app20.susalud.gob.pe:8080/registro-renipress-webapp/ipress.htm?action=mostrarVer&idipress=00031501"}},{"type":"Feature","geometry":{"type":"Point","coordinates":[-79.60331332999993,-6.813458329999946]},"properties":{"objectid":12826,"nombre":"SIPAN","departamento":"LAMBAYEQUE","provincia":"CHICLAYO","distrito":"SAÑA","institucion":"GOBIERNO REGIONAL","codigoMinsa":4341,"direccion":"AVENIDA AV.ROSA MERINO S/N ANEXO SIPAN NÚMERO S/N DISTRITO SAÑA PROVINCIA CHICLAYO DEPARTAMENTO LAMBAYEQUE","disa":"LAMBAYEQUE","red":"CHICLAYO","microrred":"CAYALTI-ZAÑA","categoria":"ESTABLECIMIENTO DE SALUD SIN INTERNAMIENTO","condicion":"ACTIVO","actualizado":"2023/08/01 19:00:00.000","fuente":"MINSA","urlRenipr":"http://app20.susalud.gob.pe:8080/registro-renipress-webapp/ipress.htm?action=mostrarVer&idipress=00004341"}},{"type":"Feature","geometry":{"type":"Point","coordinates":[-79.49052278999994,-6.911254349999979]},"properties":{"objectid":12829,"nombre":"GUAYAQUIL","departamento":"LAMBAYEQUE","provincia":"CHICLAYO","distrito":"CAYALTI","institucion":"GOBIERNO REGIONAL","codigoMinsa":4358,"direccion":"OTROS CENTRO POBLADO GUAYAQUIL DISTRITO CAYALTI PROVINCIA CHICLAYO DEPARTAMENTO LAMBAYEQUE","disa":"LAMBAYEQUE","red":"CHICLAYO","microrred":"CAYALTI-ZAÑA","categoria":"ESTABLECIMIENTO DE SALUD SIN INTERNAMIENTO","condicion":"ACTIVO","actualizado":"2023/08/01 19:00:00.000","fuente":"MINSA","urlRenipr":"http://app20.susalud.gob.pe:8080/registro-renipress-webapp/ipress.htm?action=mostrarVer&idipress=00004358"}},{"type":"Feature","geometry":{"type":"Point","coordinates":[-79.83015332999997,-6.047568329999933]},"properties":{"objectid":12830,"nombre":"LAS NORIAS","departamento":"LAMBAYEQUE","provincia":"LAMBAYEQUE","distrito":"OLMOS","institucion":"GOBIERNO REGIONAL","codigoMinsa":11688,"direccion":"OTROS CASERIO EL MUERTO (LAS NORIAS) CASERIO EL MUERTO (LAS NORIAS) OLMOS LAMBAYEQUE LAMBAYEQUE","disa":"LAMBAYEQUE","red":"LAMBAYEQUE","microrred":"OLMOS","categoria":"ESTABLECIMIENTO DE SALUD SIN INTERNAMIENTO","condicion":"ACTIVO","actualizado":"2023/08/01 19:00:00.000","fuente":"MINSA","urlRenipr":"http://app20.susalud.gob.pe:8080/registro-renipress-webapp/ipress.htm?action=mostrarVer&idipress=00011688"}},{"type":"Feature","geometry":{"type":"Point","coordinates":[-79.87562767999998,-6.581482079999944]},"properties":{"objectid":12831,"nombre":"CAPILLA SANTA ROSA LAMBAYEQUE","departamento":"LAMBAYEQUE","provincia":"LAMBAYEQUE","distrito":"LAMBAYEQUE","institucion":"GOBIERNO REGIONAL","codigoMinsa":26094,"direccion":"CALLE LAMBAYEQUE S/N 0 0 05 01-02 CENTRO POBLADO CAPILLA SANTA ROSA LAMBAYEQUE LAMBAYEQUE LAMBAYEQUE LAMBAYEQUE","disa":"LAMBAYEQUE","red":"LAMBAYEQUE","microrred":"LAMBAYEQUE","categoria":"ESTABLECIMIENTO DE SALUD SIN INTERNAMIENTO","condicion":"ACTIVO","actualizado":"2023/08/01 19:00:00.000","fuente":"MINSA","urlRenipr":"http://app20.susalud.gob.pe:8080/registro-renipress-webapp/ipress.htm?action=mostrarVer&idipress=00026094"}},{"type":"Feature","geometry":{"type":"Point","coordinates":[-79.88812832999997,-6.855113329999938]},"properties":{"objectid":12832,"nombre":"VALLE HERMOSO","departamento":"LAMBAYEQUE","provincia":"CHICLAYO","distrito":"MONSEFU","institucion":"GOBIERNO REGIONAL","codigoMinsa":4352,"direccion":"OTROS CASERIO VALLE HERMOSO CASERIO VALLE HERMOSO MONSEFU CHICLAYO LAMBAYEQUE","disa":"LAMBAYEQUE","red":"CHICLAYO","microrred":"CIRCUITO DE PLAYA","categoria":"ESTABLECIMIENTO DE SALUD SIN INTERNAMIENTO","condicion":"ACTIVO","actualizado":"2023/08/01 19:00:00.000","fuente":"MINSA","urlRenipr":"http://app20.susalud.gob.pe:8080/registro-renipress-webapp/ipress.htm?action=mostrarVer&idipress=00004352"}},{"type":"Feature","geometry":{"type":"Point","coordinates":[-79.77493166999994,-6.769746669999961]},"properties":{"objectid":12833,"nombre":"POMALCA","departamento":"LAMBAYEQUE","provincia":"CHICLAYO","distrito":"POMALCA","institucion":"GOBIERNO REGIONAL","codigoMinsa":7107,"direccion":"CALLE CALLE ELVIRA GARCIA GARCIA S/N S/N CALLE ELVIRA GARCIA GARCIA S/N POMALCA CHICLAYO LAMBAYEQUE","disa":"LAMBAYEQUE","red":"CHICLAYO","microrred":"POMALCA","categoria":"ESTABLECIMIENTO DE SALUD SIN INTERNAMIENTO","condicion":"ACTIVO","actualizado":"2023/08/01 19:00:00.000","fuente":"MINSA","urlRenipr":"http://app20.susalud.gob.pe:8080/registro-renipress-webapp/ipress.htm?action=mostrarVer&idipress=00007107"}},{"type":"Feature","geometry":{"type":"Point","coordinates":[-79.90944933999998,-6.695810389999963]},"properties":{"objectid":12834,"nombre":"TORIBIA CASTRO CHIRINOS","departamento":"LAMBAYEQUE","provincia":"LAMBAYEQUE","distrito":"LAMBAYEQUE","institucion":"GOBIERNO REGIONAL","codigoMinsa":4373,"direccion":"CALLE CALLE ANDRRES AVELINO CACERES 489 CALLE ANDRRES AVELINO CACERES 489 LAMBAYEQUE LAMBAYEQUE LAMBAYEQUE","disa":"LAMBAYEQUE","red":"LAMBAYEQUE","microrred":"LAMBAYEQUE","categoria":"ESTABLECIMIENTO DE SALUD CON INTERNAMIENTO","condicion":"ACTIVO","actualizado":"2023/08/01 19:00:00.000","fuente":"MINSA","urlRenipr":"http://app20.susalud.gob.pe:8080/registro-renipress-webapp/ipress.htm?action=mostrarVer&idipress=00004373"}},{"type":"Feature","geometry":{"type":"Point","coordinates":[-79.84429779999994,-6.776597399999957]},"properties":{"objectid":12879,"nombre":"INSTITUTO DEL RIÑÓN E.I.R.L","departamento":"LAMBAYEQUE","provincia":"CHICLAYO","distrito":"CHICLAYO","institucion":"PRIVADO","codigoMinsa":9488,"direccion":"CALLE CALLE VICENTE DE LA VEGA N° 1361 DISTRITO CHICLAYO PROVINCIA CHICLAYO DEPARTAMENTO LAMBAYEQUE","disa":"LAMBAYEQUE","red":"","microrred":"NO PERTENECE A NINGUNA MICRORED","categoria":"SERVICIO MÉDICO DE APOYO","condicion":"ACTIVO","actualizado":"2023/08/01 19:00:00.000","fuente":"MINSA","urlRenipr":"http://app20.susalud.gob.pe:8080/registro-renipress-webapp/ipress.htm?action=mostrarVer&idipress=00009488"}},{"type":"Feature","geometry":{"type":"Point","coordinates":[-79.83937409999999,-6.783682399999975]},"properties":{"objectid":13068,"nombre":"CONSULTORIO MEDICO \"SONOVIDA\"","departamento":"LAMBAYEQUE","provincia":"CHICLAYO","distrito":"CHICLAYO","institucion":"PRIVADO","codigoMinsa":9419,"direccion":"CALLE CALLE LAS DIAMELAS 503, 1ER PISOURB. DEL ABOGADO - SANTA VICTORIA DISTRITO CHICLAYO PROVINCIA CHICLAYO DEPARTAMENTO LAMBAYEQUE","disa":"LAMBAYEQUE","red":"NO PERTENECE A NINGUNA RED","microrred":"NO PERTENECE A NINGUNA MICRORED","categoria":"ESTABLECIMIENTO DE SALUD SIN INTERNAMIENTO","condicion":"ACTIVO","actualizado":"2023/08/01 19:00:00.000","fuente":"MINSA","urlRenipr":"http://app20.susalud.gob.pe:8080/registro-renipress-webapp/ipress.htm?action=mostrarVer&idipress=00009419"}},{"type":"Feature","geometry":{"type":"Point","coordinates":[-79.84122059999999,-6.773122699999931]},"properties":{"objectid":13137,"nombre":"CLÍNICA METROPOLITANA","departamento":"LAMBAYEQUE","provincia":"CHICLAYO","distrito":"CHICLAYO","institucion":"PRIVADO","codigoMinsa":8151,"direccion":"CALLE CALLE MANUEL MARIA IZAGA 154 DISTRITO CHICLAYO PROVINCIA CHICLAYO DEPARTAMENTO LAMBAYEQUE","disa":"LAMBAYEQUE","red":"","microrred":"NO PERTENECE A NINGUNA MICRORED","categoria":"ESTABLECIMIENTO DE SALUD CON INTERNAMIENTO","condicion":"ACTIVO","actualizado":"2023/08/01 19:00:00.000","fuente":"MINSA","urlRenipr":"http://app20.susalud.gob.pe:8080/registro-renipress-webapp/ipress.htm?action=mostrarVer&idipress=00008151"}},{"type":"Feature","geometry":{"type":"Point","coordinates":[-79.84119689999994,-6.773164799999961]},"properties":{"objectid":13397,"nombre":"CENTRO GIENECOLOGICO ECOGRAFICO DRA URSULA GUERRERO","departamento":"LAMBAYEQUE","provincia":"CHICLAYO","distrito":"CHICLAYO","institucion":"PRIVADO","codigoMinsa":31586,"direccion":"CALLE MANUEL MARIA IZAGA NÚMERO 248 PISO 2 DEPARTAMENTO 201 DISTRITO CHICLAYO PROVINCIA CHICLAYO DEPARTAMENTO LAMBAYEQUE","disa":"LAMBAYEQUE","red":"","microrred":"","categoria":"ESTABLECIMIENTO DE SALUD SIN INTERNAMIENTO","condicion":"ACTIVO","actualizado":"2023/08/01 19:00:00.000","fuente":"MINSA","urlRenipr":"http://app20.susalud.gob.pe:8080/registro-renipress-webapp/ipress.htm?action=mostrarVer&idipress=00031586"}},{"type":"Feature","geometry":{"type":"Point","coordinates":[-79.92963829999997,-6.8331357999999796]},"properties":{"objectid":13410,"nombre":"C.M.O RODRÍGUEZ","departamento":"LAMBAYEQUE","provincia":"CHICLAYO","distrito":"CHICLAYO","institucion":"PRIVADO","codigoMinsa":18484,"direccion":"CALLE CALLE LA LADERA 255 URB. 3 DE OCT. DISTRITO CHICLAYO PROVINCIA CHICLAYO DEPARTAMENTO LAMBAYEQUE","disa":"LAMBAYEQUE","red":"","microrred":"NO PERTENECE A NINGUNA MICRORED","categoria":"ESTABLECIMIENTO DE SALUD SIN INTERNAMIENTO","condicion":"ACTIVO","actualizado":"2023/08/01 19:00:00.000","fuente":"MINSA","urlRenipr":"http://app20.susalud.gob.pe:8080/registro-renipress-webapp/ipress.htm?action=mostrarVer&idipress=00018484"}},{"type":"Feature","geometry":{"type":"Point","coordinates":[-79.84152975999996,-6.78214270999996]},"properties":{"objectid":13578,"nombre":"SANTA MONICA CONSULTOTIOS ODONTOLOGICOS ESPECIALIZADOS","departamento":"LAMBAYEQUE","provincia":"CHICLAYO","distrito":"CHICLAYO","institucion":"PRIVADO","codigoMinsa":11080,"direccion":"AVENIDA AV. LA LIBERTAD Nº 385 - SANTA VICTORIA DISTRITO CHICLAYO PROVINCIA CHICLAYO DEPARTAMENTO LAMBAYEQUE","disa":"LAMBAYEQUE","red":"","microrred":"NO PERTENECE A NINGUNA MICRORED","categoria":"ESTABLECIMIENTO DE SALUD SIN INTERNAMIENTO","condicion":"ACTIVO","actualizado":"2023/08/01 19:00:00.000","fuente":"MINSA","urlRenipr":"http://app20.susalud.gob.pe:8080/registro-renipress-webapp/ipress.htm?action=mostrarVer&idipress=00011080"}},{"type":"Feature","geometry":{"type":"Point","coordinates":[-79.84429779999994,-6.776597399999957]},"properties":{"objectid":13598,"nombre":"VIVILAB S.A.C.","departamento":"LAMBAYEQUE","provincia":"CHICLAYO","distrito":"CHICLAYO","institucion":"PRIVADO","codigoMinsa":14143,"direccion":"CALLE CALLE LA FLORIDA Nº 225 - OFIC. 202 - URB. STA. VICTORIA DISTRITO CHICLAYO PROVINCIA CHICLAYO DEPARTAMENTO LAMBAYEQUE","disa":"LAMBAYEQUE","red":"NO PERTENECE A NINGUNA RED","microrred":"NO PERTENECE A NINGUNA MICRORED","categoria":"SERVICIO MÉDICO DE APOYO","condicion":"ACTIVO","actualizado":"2023/08/01 19:00:00.000","fuente":"MINSA","urlRenipr":"http://app20.susalud.gob.pe:8080/registro-renipress-webapp/ipress.htm?action=mostrarVer&idipress=00014143"}},{"type":"Feature","geometry":{"type":"Point","coordinates":[-79.85444769999998,-6.768985699999973]},"properties":{"objectid":13770,"nombre":"INNENOR SAC","departamento":"LAMBAYEQUE","provincia":"CHICLAYO","distrito":"CHICLAYO","institucion":"PRIVADO","codigoMinsa":8230,"direccion":"CALLE CALLE FRANCISCO CUNEO 280 URB. PATAZCA DISTRITO CHICLAYO PROVINCIA CHICLAYO DEPARTAMENTO LAMBAYEQUE","disa":"LAMBAYEQUE","red":"NO PERTENECE A NINGUNA RED","microrred":"NO PERTENECE A NINGUNA MICRORED","categoria":"SERVICIO MÉDICO DE APOYO","condicion":"ACTIVO","actualizado":"2023/08/01 19:00:00.000","fuente":"MINSA","urlRenipr":"http://app20.susalud.gob.pe:8080/registro-renipress-webapp/ipress.htm?action=mostrarVer&idipress=00008230"}},{"type":"Feature","geometry":{"type":"Point","coordinates":[-79.84119689999994,-6.773164799999961]},"properties":{"objectid":14002,"nombre":"LABORAX","departamento":"LAMBAYEQUE","provincia":"CHICLAYO","distrito":"CHICLAYO","institucion":"PRIVADO","codigoMinsa":27686,"direccion":"CALLE MANUEL MARIA IZAGA NÚMERO 081 PISO 1 DISTRITO CHICLAYO PROVINCIA CHICLAYO DEPARTAMENTO LAMBAYEQUE","disa":"LAMBAYEQUE","red":"NO PERTENECE A NINGUNA RED","microrred":"NO PERTENECE A NINGUNA MICRORED","categoria":"ESTABLECIMIENTO DE SALUD SIN INTERNAMIENTO","condicion":"ACTIVO","actualizado":"2023/08/01 19:00:00.000","fuente":"MINSA","urlRenipr":"http://app20.susalud.gob.pe:8080/registro-renipress-webapp/ipress.htm?action=mostrarVer&idipress=00027686"}},{"type":"Feature","geometry":{"type":"Point","coordinates":[-79.87857839999998,-6.782960999999943]},"properties":{"objectid":14257,"nombre":"CENTRO MEDICO \"JUAN AITA VALLE\" ETEN","departamento":"LAMBAYEQUE","provincia":"CHICLAYO","distrito":"ETEN","institucion":"ESSALUD","codigoMinsa":8838,"direccion":"CALLE CALLE QUIÑONEZ N° 101 DISTRITO ETEN PROVINCIA CHICLAYO DEPARTAMENTO LAMBAYEQUE","disa":"LAMBAYEQUE","red":"NO PERTENECE A NINGUNA RED","microrred":"","categoria":"ESTABLECIMIENTO DE SALUD SIN INTERNAMIENTO","condicion":"ACTIVO","actualizado":"2023/08/01 19:00:00.000","fuente":"MINSA","urlRenipr":"http://app20.susalud.gob.pe:8080/registro-renipress-webapp/ipress.htm?action=mostrarVer&idipress=00008838"}},{"type":"Feature","geometry":{"type":"Point","coordinates":[-79.84043829999996,-6.767949299999941]},"properties":{"objectid":14482,"nombre":"SALUD INTEGRAL HUMANIDAD","departamento":"LAMBAYEQUE","provincia":"CHICLAYO","distrito":"CHICLAYO","institucion":"OTRO","codigoMinsa":28329,"direccion":"AVENIDA PEDRO RUIZ NÚMERO 780 DISTRITO CHICLAYO PROVINCIA CHICLAYO DEPARTAMENTO LAMBAYEQUE","disa":"","red":"","microrred":"","categoria":"ESTABLECIMIENTO DE SALUD SIN INTERNAMIENTO","condicion":"RETIRO VOLUNTARIO","actualizado":"2023/08/01 19:00:00.000","fuente":"MINSA","urlRenipr":"http://app20.susalud.gob.pe:8080/registro-renipress-webapp/ipress.htm?action=mostrarVer&idipress=00028329"}},{"type":"Feature","geometry":{"type":"Point","coordinates":[-79.83988879999998,-6.779031799999927]},"properties":{"objectid":14626,"nombre":"SALUD SOCIAL S.A.C.","departamento":"LAMBAYEQUE","provincia":"CHICLAYO","distrito":"CHICLAYO","institucion":"OTRO","codigoMinsa":30283,"direccion":"AVENIDA GARCILAZO DE LA VEGA NÚMERO 421 PISO 2 DISTRITO CHICLAYO PROVINCIA CHICLAYO DEPARTAMENTO LAMBAYEQUE","disa":"LAMBAYEQUE","red":"","microrred":"NO PERTENECE A NINGUNA MICRORED","categoria":"ESTABLECIMIENTO DE SALUD SIN INTERNAMIENTO","condicion":"ACTIVO","actualizado":"2023/08/01 19:00:00.000","fuente":"MINSA","urlRenipr":"http://app20.susalud.gob.pe:8080/registro-renipress-webapp/ipress.htm?action=mostrarVer&idipress=00030283"}},{"type":"Feature","geometry":{"type":"Point","coordinates":[-79.87066359999994,-6.760163499999976]},"properties":{"objectid":14661,"nombre":"CLUSAT","departamento":"LAMBAYEQUE","provincia":"CHICLAYO","distrito":"CHICLAYO","institucion":"PRIVADO","codigoMinsa":11960,"direccion":"OTROS PREDIO MARIA CRUZ - PARCELA Nº 4 DISTRITO CHICLAYO PROVINCIA CHICLAYO DEPARTAMENTO LAMBAYEQUE","disa":"","red":"","microrred":"","categoria":"ESTABLECIMIENTO DE SALUD SIN INTERNAMIENTO","condicion":"RETIRO VOLUNTARIO","actualizado":"2023/08/01 19:00:00.000","fuente":"MINSA","urlRenipr":"http://app20.susalud.gob.pe:8080/registro-renipress-webapp/ipress.htm?action=mostrarVer&idipress=00011960"}},{"type":"Feature","geometry":{"type":"Point","coordinates":[-79.84309159999998,-6.789997899999946]},"properties":{"objectid":14685,"nombre":"CLINICA DE SALUD SAN FELIPE","departamento":"LAMBAYEQUE","provincia":"CHICLAYO","distrito":"LA VICTORIA","institucion":"PRIVADO","codigoMinsa":30950,"direccion":"AVENIDA los incas NÚMERO 194 PISO 4 DISTRITO LA VICTORIA PROVINCIA CHICLAYO DEPARTAMENTO LAMBAYEQUE","disa":"LAMBAYEQUE","red":"","microrred":"","categoria":"ESTABLECIMIENTO DE SALUD SIN INTERNAMIENTO","condicion":"ACTIVO","actualizado":"2023/08/01 19:00:00.000","fuente":"MINSA","urlRenipr":"http://app20.susalud.gob.pe:8080/registro-renipress-webapp/ipress.htm?action=mostrarVer&idipress=00030950"}},{"type":"Feature","geometry":{"type":"Point","coordinates":[-79.85065839999999,-6.787153099999955]},"properties":{"objectid":14763,"nombre":"POLICLINICO VIRGEN DE ALTA GRACIA","departamento":"LAMBAYEQUE","provincia":"CHICLAYO","distrito":"CHICLAYO","institucion":"PRIVADO","codigoMinsa":23508,"direccion":"CALLE LOS OLIVOS NÚMERO S/N MANZANA I LOTE 10 URBANIZACIÓN LA FLORIDA DISTRITO CHICLAYO PROVINCIA CHICLAYO DEPARTAMENTO LAMBAYEQUE","disa":"LAMBAYEQUE","red":"NO PERTENECE A NINGUNA RED","microrred":"NO PERTENECE A NINGUNA MICRORED","categoria":"ESTABLECIMIENTO DE SALUD SIN INTERNAMIENTO","condicion":"ACTIVO","actualizado":"2023/08/01 19:00:00.000","fuente":"MINSA","urlRenipr":"http://app20.susalud.gob.pe:8080/registro-renipress-webapp/ipress.htm?action=mostrarVer&idipress=00023508"}},{"type":"Feature","geometry":{"type":"Point","coordinates":[-79.81879999999995,-6.385066669999958]},"properties":{"objectid":14884,"nombre":"JAYANCA","departamento":"LAMBAYEQUE","provincia":"LAMBAYEQUE","distrito":"JAYANCA","institucion":"GOBIERNO REGIONAL","codigoMinsa":4371,"direccion":"AVENIDA AV. DIEGO FERRE Nº 1248 AV. DIEGO FERRE Nº 1248 JAYANCA LAMBAYEQUE LAMBAYEQUE","disa":"LAMBAYEQUE","red":"LAMBAYEQUE","microrred":"JAYANCA","categoria":"ESTABLECIMIENTO DE SALUD SIN INTERNAMIENTO","condicion":"ACTIVO","actualizado":"2023/08/01 19:00:00.000","fuente":"MINSA","urlRenipr":"http://app20.susalud.gob.pe:8080/registro-renipress-webapp/ipress.htm?action=mostrarVer&idipress=00004371"}},{"type":"Feature","geometry":{"type":"Point","coordinates":[-80.01111380999998,-6.501785969999958]},"properties":{"objectid":14885,"nombre":"EL ROMERO","departamento":"LAMBAYEQUE","provincia":"LAMBAYEQUE","distrito":"MORROPE","institucion":"GOBIERNO REGIONAL","codigoMinsa":4422,"direccion":"AVENIDA AV.SAN MARTIN Nº 321 C.P. EL ROMERO AV.SAN MARTIN Nº 321 C.P. EL ROMERO MORROPE LAMBAYEQUE LAMBAYEQUE","disa":"LAMBAYEQUE","red":"LAMBAYEQUE","microrred":"MORROPE","categoria":"ESTABLECIMIENTO DE SALUD SIN INTERNAMIENTO","condicion":"ACTIVO","actualizado":"2023/08/01 19:00:00.000","fuente":"MINSA","urlRenipr":"http://app20.susalud.gob.pe:8080/registro-renipress-webapp/ipress.htm?action=mostrarVer&idipress=00004422"}},{"type":"Feature","geometry":{"type":"Point","coordinates":[-79.87475666999995,-6.7689516699999785]},"properties":{"objectid":14887,"nombre":"CRUZ DE LA ESPERANZA","departamento":"LAMBAYEQUE","provincia":"CHICLAYO","distrito":"CHICLAYO","institucion":"GOBIERNO REGIONAL","codigoMinsa":4323,"direccion":"AVENIDA AV. ISABEL LA CATOLICA DISTRITO CHICLAYO PROVINCIA CHICLAYO DEPARTAMENTO LAMBAYEQUE","disa":"LAMBAYEQUE","red":"CHICLAYO","microrred":"CHICLAYO","categoria":"ESTABLECIMIENTO DE SALUD SIN INTERNAMIENTO","condicion":"ACTIVO","actualizado":"2023/08/01 19:00:00.000","fuente":"MINSA","urlRenipr":"http://app20.susalud.gob.pe:8080/registro-renipress-webapp/ipress.htm?action=mostrarVer&idipress=00004323"}},{"type":"Feature","geometry":{"type":"Point","coordinates":[-80.03997728999997,-5.91083980999997]},"properties":{"objectid":14888,"nombre":"ANCOL CHICO","departamento":"LAMBAYEQUE","provincia":"LAMBAYEQUE","distrito":"OLMOS","institucion":"GOBIERNO REGIONAL","codigoMinsa":10095,"direccion":"OTROS CASERIO ANCOL CHICO CASERIO ANCOL CHICO OLMOS LAMBAYEQUE LAMBAYEQUE","disa":"LAMBAYEQUE","red":"LAMBAYEQUE","microrred":"OLMOS","categoria":"ESTABLECIMIENTO DE SALUD SIN INTERNAMIENTO","condicion":"ACTIVO","actualizado":"2023/08/01 19:00:00.000","fuente":"MINSA","urlRenipr":"http://app20.susalud.gob.pe:8080/registro-renipress-webapp/ipress.htm?action=mostrarVer&idipress=00010095"}},{"type":"Feature","geometry":{"type":"Point","coordinates":[-79.96281732999995,-6.486465249999981]},"properties":{"objectid":14889,"nombre":"SANTA ISABEL","departamento":"LAMBAYEQUE","provincia":"LAMBAYEQUE","distrito":"MORROPE","institucion":"GOBIERNO REGIONAL","codigoMinsa":4432,"direccion":"CALLE CALLE EMILIO DE LA CRUZ S/N S/N CALLE EMILIO DE LA CRUZ S/N MORROPE LAMBAYEQUE LAMBAYEQUE","disa":"LAMBAYEQUE","red":"LAMBAYEQUE","microrred":"MORROPE","categoria":"ESTABLECIMIENTO DE SALUD SIN INTERNAMIENTO","condicion":"ACTIVO","actualizado":"2023/08/01 19:00:00.000","fuente":"MINSA","urlRenipr":"http://app20.susalud.gob.pe:8080/registro-renipress-webapp/ipress.htm?action=mostrarVer&idipress=00004432"}},{"type":"Feature","geometry":{"type":"Point","coordinates":[-79.86825166999995,-6.780086669999946]},"properties":{"objectid":14890,"nombre":"CERROPON","departamento":"LAMBAYEQUE","provincia":"CHICLAYO","distrito":"CHICLAYO","institucion":"GOBIERNO REGIONAL","codigoMinsa":4324,"direccion":"CALLE CALLE SANTA CATALINA Nº 151 DISTRITO CHICLAYO PROVINCIA CHICLAYO DEPARTAMENTO LAMBAYEQUE","disa":"LAMBAYEQUE","red":"CHICLAYO","microrred":"CHICLAYO","categoria":"ESTABLECIMIENTO DE SALUD CON INTERNAMIENTO","condicion":"ACTIVO","actualizado":"2023/08/01 19:00:00.000","fuente":"MINSA","urlRenipr":"http://app20.susalud.gob.pe:8080/registro-renipress-webapp/ipress.htm?action=mostrarVer&idipress=00004324"}},{"type":"Feature","geometry":{"type":"Point","coordinates":[-79.85336832999997,-6.770508329999927]},"properties":{"objectid":14891,"nombre":"JOSE OLAYA","departamento":"LAMBAYEQUE","provincia":"CHICLAYO","distrito":"CHICLAYO","institucion":"GOBIERNO REGIONAL","codigoMinsa":4318,"direccion":"AVENIDA AV. SALAVERRY Nº 317-319 AV. SALAVERRY Nº 317-319 CHICLAYO CHICLAYO LAMBAYEQUE","disa":"LAMBAYEQUE","red":"CHICLAYO","microrred":"CHICLAYO","categoria":"ESTABLECIMIENTO DE SALUD CON INTERNAMIENTO","condicion":"ACTIVO","actualizado":"2023/08/01 19:00:00.000","fuente":"MINSA","urlRenipr":"http://app20.susalud.gob.pe:8080/registro-renipress-webapp/ipress.htm?action=mostrarVer&idipress=00004318"}},{"type":"Feature","geometry":{"type":"Point","coordinates":[-79.82766999999996,-6.751908329999935]},"properties":{"objectid":14892,"nombre":"VILLA HERMOSA","departamento":"LAMBAYEQUE","provincia":"CHICLAYO","distrito":"JOSE LEONARDO ORTIZ","institucion":"GOBIERNO REGIONAL","codigoMinsa":7183,"direccion":"OTROS LOS HIGOS N° 298 - MZ. \"A\" LOTE 17 LOS HIGOS N° 298 - MZ. \"A\" LOTE 17 JOSE LEONARDO ORTIZ CHICLAYO LAMBAYEQUE","disa":"LAMBAYEQUE","red":"CHICLAYO","microrred":"JOSE LEONARDO ORTIZ","categoria":"ESTABLECIMIENTO DE SALUD SIN INTERNAMIENTO","condicion":"ACTIVO","actualizado":"2023/08/01 19:00:00.000","fuente":"MINSA","urlRenipr":"http://app20.susalud.gob.pe:8080/registro-renipress-webapp/ipress.htm?action=mostrarVer&idipress=00007183"}},{"type":"Feature","geometry":{"type":"Point","coordinates":[-79.88560499999994,-5.884276669999963]},"properties":{"objectid":14893,"nombre":"EL PUENTE","departamento":"LAMBAYEQUE","provincia":"LAMBAYEQUE","distrito":"OLMOS","institucion":"GOBIERNO REGIONAL","codigoMinsa":6683,"direccion":"OTROS CENTRO POBLADO EL PUENTE CENTRO POBLADO EL PUENTE OLMOS LAMBAYEQUE LAMBAYEQUE","disa":"LAMBAYEQUE","red":"LAMBAYEQUE","microrred":"OLMOS","categoria":"ESTABLECIMIENTO DE SALUD SIN INTERNAMIENTO","condicion":"ACTIVO","actualizado":"2023/08/01 19:00:00.000","fuente":"MINSA","urlRenipr":"http://app20.susalud.gob.pe:8080/registro-renipress-webapp/ipress.htm?action=mostrarVer&idipress=00006683"}},{"type":"Feature","geometry":{"type":"Point","coordinates":[-79.94455703999995,-6.496543249999945]},"properties":{"objectid":14894,"nombre":"TRANCA FANUPE","departamento":"LAMBAYEQUE","provincia":"LAMBAYEQUE","distrito":"MORROPE","institucion":"GOBIERNO REGIONAL","codigoMinsa":4423,"direccion":"OTROS C.P.M. TRANCA FANUPE C.P.M. TRANCA FANUPE MORROPE LAMBAYEQUE LAMBAYEQUE","disa":"LAMBAYEQUE","red":"LAMBAYEQUE","microrred":"MORROPE","categoria":"ESTABLECIMIENTO DE SALUD SIN INTERNAMIENTO","condicion":"ACTIVO","actualizado":"2023/08/01 19:00:00.000","fuente":"MINSA","urlRenipr":"http://app20.susalud.gob.pe:8080/registro-renipress-webapp/ipress.htm?action=mostrarVer&idipress=00004423"}},{"type":"Feature","geometry":{"type":"Point","coordinates":[-79.82448332999996,-6.450001669999949]},"properties":{"objectid":14895,"nombre":"HUACA RIVERA","departamento":"LAMBAYEQUE","provincia":"LAMBAYEQUE","distrito":"PACORA","institucion":"GOBIERNO REGIONAL","codigoMinsa":4385,"direccion":"OTROS CASERIO HUACA RIVERA CASERIO HUACA RIVERA PACORA LAMBAYEQUE LAMBAYEQUE","disa":"LAMBAYEQUE","red":"LAMBAYEQUE","microrred":"ILLIMO","categoria":"ESTABLECIMIENTO DE SALUD SIN INTERNAMIENTO","condicion":"ACTIVO","actualizado":"2023/08/01 19:00:00.000","fuente":"MINSA","urlRenipr":"http://app20.susalud.gob.pe:8080/registro-renipress-webapp/ipress.htm?action=mostrarVer&idipress=00004385"}},{"type":"Feature","geometry":{"type":"Point","coordinates":[-79.20339803999997,-6.024149729999976]},"properties":{"objectid":14897,"nombre":"CHILASQUE","departamento":"LAMBAYEQUE","provincia":"FERREÑAFE","distrito":"CAÑARIS","institucion":"GOBIERNO REGIONAL","codigoMinsa":4400,"direccion":"OTROS CASERIO CHILASQUE CASERIO CHILASQUE CAÑARIS FERREÑAFE LAMBAYEQUE","disa":"LAMBAYEQUE","red":"LAMBAYEQUE","microrred":"KAÑARIS","categoria":"ESTABLECIMIENTO DE SALUD SIN INTERNAMIENTO","condicion":"ACTIVO","actualizado":"2023/08/01 19:00:00.000","fuente":"MINSA","urlRenipr":"http://app20.susalud.gob.pe:8080/registro-renipress-webapp/ipress.htm?action=mostrarVer&idipress=00004400"}},{"type":"Feature","geometry":{"type":"Point","coordinates":[-79.82120666999998,-6.8825866699999665]},"properties":{"objectid":14898,"nombre":"LAS DELICIAS","departamento":"LAMBAYEQUE","provincia":"CHICLAYO","distrito":"REQUE","institucion":"GOBIERNO REGIONAL","codigoMinsa":4344,"direccion":"OTROS MZ. E LOTE 11 DISTRITO REQUE PROVINCIA CHICLAYO DEPARTAMENTO LAMBAYEQUE","disa":"LAMBAYEQUE","red":"CHICLAYO","microrred":"REQUE-LAGUNAS","categoria":"ESTABLECIMIENTO DE SALUD SIN INTERNAMIENTO","condicion":"ACTIVO","actualizado":"2023/08/01 19:00:00.000","fuente":"MINSA","urlRenipr":"http://app20.susalud.gob.pe:8080/registro-renipress-webapp/ipress.htm?action=mostrarVer&idipress=00004344"}},{"type":"Feature","geometry":{"type":"Point","coordinates":[-79.83758909999995,-6.7623338999999305]},"properties":{"objectid":15095,"nombre":"CENTRO MEDICO \"ANA YSELA\"","departamento":"LAMBAYEQUE","provincia":"CHICLAYO","distrito":"JOSE LEONARDO ORTIZ","institucion":"PRIVADO","codigoMinsa":14964,"direccion":"AVENIDA AV. BALTA Nº 1855 DISTRITO JOSE LEONARDO ORTIZ PROVINCIA CHICLAYO DEPARTAMENTO LAMBAYEQUE","disa":"LAMBAYEQUE","red":"NO PERTENECE A NINGUNA RED","microrred":"NO PERTENECE A NINGUNA MICRORED","categoria":"ESTABLECIMIENTO DE SALUD SIN INTERNAMIENTO","condicion":"ACTIVO","actualizado":"2023/08/01 19:00:00.000","fuente":"MINSA","urlRenipr":"http://app20.susalud.gob.pe:8080/registro-renipress-webapp/ipress.htm?action=mostrarVer&idipress=00014964"}},{"type":"Feature","geometry":{"type":"Point","coordinates":[-79.77092499999998,-6.718011669999953]},"properties":{"objectid":15438,"nombre":"CLAS PICSI","departamento":"LAMBAYEQUE","provincia":"CHICLAYO","distrito":"PICSI","institucion":"GOBIERNO REGIONAL","codigoMinsa":4439,"direccion":"CALLE CALLE SAN MARTIN Nº 181 DISTRITO PICSI PROVINCIA CHICLAYO DEPARTAMENTO LAMBAYEQUE","disa":"LAMBAYEQUE","red":"CHICLAYO","microrred":"PICSI","categoria":"ESTABLECIMIENTO DE SALUD SIN INTERNAMIENTO","condicion":"ACTIVO","actualizado":"2023/08/01 19:00:00.000","fuente":"MINSA","urlRenipr":"http://app20.susalud.gob.pe:8080/registro-renipress-webapp/ipress.htm?action=mostrarVer&idipress=00004439"}},{"type":"Feature","geometry":{"type":"Point","coordinates":[-79.84117839999999,-6.767801999999961]},"properties":{"objectid":15588,"nombre":"MARIA CECILIA FERRE CALDERON - NUTRICE","departamento":"LAMBAYEQUE","provincia":"CHICLAYO","distrito":"CHICLAYO","institucion":"PRIVADO","codigoMinsa":14862,"direccion":"CALLE CALLE ALFONSO UGARTE 682 3ER PISO CONS.9 DISTRITO CHICLAYO PROVINCIA CHICLAYO DEPARTAMENTO LAMBAYEQUE","disa":"LAMBAYEQUE","red":"NO PERTENECE A NINGUNA RED","microrred":"NO PERTENECE A NINGUNA MICRORED","categoria":"ESTABLECIMIENTO DE SALUD SIN INTERNAMIENTO","condicion":"ACTIVO","actualizado":"2023/08/01 19:00:00.000","fuente":"MINSA","urlRenipr":"http://app20.susalud.gob.pe:8080/registro-renipress-webapp/ipress.htm?action=mostrarVer&idipress=00014862"}},{"type":"Feature","geometry":{"type":"Point","coordinates":[-79.84200949999996,-6.773195599999951]},"properties":{"objectid":15598,"nombre":"CENTRO DE IMAGENES P Y H EIRL","departamento":"LAMBAYEQUE","provincia":"CHICLAYO","distrito":"CHICLAYO","institucion":"PRIVADO","codigoMinsa":15671,"direccion":"CALLE CALLE MANUEL MARIA IZAGA 248 DISTRITO CHICLAYO PROVINCIA CHICLAYO DEPARTAMENTO LAMBAYEQUE","disa":"LAMBAYEQUE","red":"NO PERTENECE A NINGUNA RED","microrred":"NO PERTENECE A NINGUNA MICRORED","categoria":"SERVICIO MÉDICO DE APOYO","condicion":"ACTIVO","actualizado":"2023/08/01 19:00:00.000","fuente":"MINSA","urlRenipr":"http://app20.susalud.gob.pe:8080/registro-renipress-webapp/ipress.htm?action=mostrarVer&idipress=00015671"}},{"type":"Feature","geometry":{"type":"Point","coordinates":[-79.84274169999998,-6.780232099999978]},"properties":{"objectid":16105,"nombre":"CENTRO NEUROLOGICO DEL NORTE S.A.C.","departamento":"LAMBAYEQUE","provincia":"CHICLAYO","distrito":"CHICLAYO","institucion":"PRIVADO","codigoMinsa":10744,"direccion":"CALLE CALLE LA FLORIDA Nº 270 - URB. STA. VICTORIA DISTRITO CHICLAYO PROVINCIA CHICLAYO DEPARTAMENTO LAMBAYEQUE","disa":"LAMBAYEQUE","red":"NO PERTENECE A NINGUNA RED","microrred":"NO PERTENECE A NINGUNA MICRORED","categoria":"ESTABLECIMIENTO DE SALUD CON INTERNAMIENTO","condicion":"ACTIVO","actualizado":"2023/08/01 19:00:00.000","fuente":"MINSA","urlRenipr":"http://app20.susalud.gob.pe:8080/registro-renipress-webapp/ipress.htm?action=mostrarVer&idipress=00010744"}},{"type":"Feature","geometry":{"type":"Point","coordinates":[-79.87168369999995,-6.8801866999999675]},"properties":{"objectid":16127,"nombre":"CONSULTORIO MEDICO UBILLUS","departamento":"LAMBAYEQUE","provincia":"CHICLAYO","distrito":"MONSEFU","institucion":"PRIVADO","codigoMinsa":30951,"direccion":"CALLE MARISCAL CASTILLO NÚMERO 879 DISTRITO MONSEFU PROVINCIA CHICLAYO DEPARTAMENTO LAMBAYEQUE","disa":"LAMBAYEQUE","red":"","microrred":"","categoria":"ESTABLECIMIENTO DE SALUD SIN INTERNAMIENTO","condicion":"ACTIVO","actualizado":"2023/08/01 19:00:00.000","fuente":"MINSA","urlRenipr":"http://app20.susalud.gob.pe:8080/registro-renipress-webapp/ipress.htm?action=mostrarVer&idipress=00030951"}},{"type":"Feature","geometry":{"type":"Point","coordinates":[-79.84330129999995,-6.7741759999999545]},"properties":{"objectid":16185,"nombre":"Gineco & Dent","departamento":"LAMBAYEQUE","provincia":"CHICLAYO","distrito":"CHICLAYO","institucion":"PRIVADO","codigoMinsa":28280,"direccion":"CALLE Francisco cabrera NÚMERO 118 PISO 1 DISTRITO CHICLAYO PROVINCIA CHICLAYO DEPARTAMENTO LAMBAYEQUE","disa":"LAMBAYEQUE","red":"NO PERTENECE A NINGUNA RED","microrred":"NO PERTENECE A NINGUNA MICRORED","categoria":"ESTABLECIMIENTO DE SALUD SIN INTERNAMIENTO","condicion":"ACTIVO","actualizado":"2023/08/01 19:00:00.000","fuente":"MINSA","urlRenipr":"http://app20.susalud.gob.pe:8080/registro-renipress-webapp/ipress.htm?action=mostrarVer&idipress=00028280"}},{"type":"Feature","geometry":{"type":"Point","coordinates":[-79.83946702999998,-6.772203089999948]},"properties":{"objectid":16193,"nombre":"CLINICA DE NIÑOS - DR. TAPIA","departamento":"LAMBAYEQUE","provincia":"CHICLAYO","distrito":"CHICLAYO","institucion":"PRIVADO","codigoMinsa":28327,"direccion":"CALLE COLON NÚMERO 669 DISTRITO CHICLAYO PROVINCIA CHICLAYO DEPARTAMENTO LAMBAYEQUE","disa":"LAMBAYEQUE","red":"NO PERTENECE A NINGUNA RED","microrred":"NO PERTENECE A NINGUNA MICRORED","categoria":"ESTABLECIMIENTO DE SALUD SIN INTERNAMIENTO","condicion":"ACTIVO","actualizado":"2023/08/01 19:00:00.000","fuente":"MINSA","urlRenipr":"http://app20.susalud.gob.pe:8080/registro-renipress-webapp/ipress.htm?action=mostrarVer&idipress=00028327"}},{"type":"Feature","geometry":{"type":"Point","coordinates":[-79.95620033999995,-6.737887899999976]},"properties":{"objectid":16229,"nombre":"BODEGONES","departamento":"LAMBAYEQUE","provincia":"LAMBAYEQUE","distrito":"SAN JOSE","institucion":"GOBIERNO REGIONAL","codigoMinsa":4347,"direccion":"OTROS CASERÍO BODEGONES CASERÍO BODEGONES SAN JOSE LAMBAYEQUE LAMBAYEQUE","disa":"LAMBAYEQUE","red":"CHICLAYO","microrred":"SAN JOSE","categoria":"ESTABLECIMIENTO DE SALUD SIN INTERNAMIENTO","condicion":"ACTIVO","actualizado":"2023/08/01 19:00:00.000","fuente":"MINSA","urlRenipr":"http://app20.susalud.gob.pe:8080/registro-renipress-webapp/ipress.htm?action=mostrarVer&idipress=00004347"}},{"type":"Feature","geometry":{"type":"Point","coordinates":[-79.84331789999999,-6.773363999999958]},"properties":{"objectid":16330,"nombre":"CONSULTORIOS ODONTOLOGICOS SAN ANTONIO","departamento":"LAMBAYEQUE","provincia":"CHICLAYO","distrito":"CHICLAYO","institucion":"PRIVADO","codigoMinsa":30381,"direccion":"CALLE TORRES PAZ NÚMERO 141 PISO 1 DISTRITO CHICLAYO PROVINCIA CHICLAYO DEPARTAMENTO LAMBAYEQUE","disa":"LAMBAYEQUE","red":"","microrred":"","categoria":"ESTABLECIMIENTO DE SALUD SIN INTERNAMIENTO","condicion":"ACTIVO","actualizado":"2023/08/01 19:00:00.000","fuente":"MINSA","urlRenipr":"http://app20.susalud.gob.pe:8080/registro-renipress-webapp/ipress.htm?action=mostrarVer&idipress=00030381"}},{"type":"Feature","geometry":{"type":"Point","coordinates":[-79.84429769999997,-6.776597399999957]},"properties":{"objectid":16635,"nombre":"BIOANALISIS","departamento":"LAMBAYEQUE","provincia":"CHICLAYO","distrito":"CHICLAYO","institucion":"PRIVADO","codigoMinsa":28278,"direccion":"CALLE SAN JOSE NÚMERO 387 PISO 1 INTERIOR 02 DISTRITO CHICLAYO PROVINCIA CHICLAYO DEPARTAMENTO LAMBAYEQUE","disa":"LAMBAYEQUE","red":"NO PERTENECE A NINGUNA RED","microrred":"NO PERTENECE A NINGUNA MICRORED","categoria":"SERVICIO MÉDICO DE APOYO","condicion":"ACTIVO","actualizado":"2023/08/01 19:00:00.000","fuente":"MINSA","urlRenipr":"http://app20.susalud.gob.pe:8080/registro-renipress-webapp/ipress.htm?action=mostrarVer&idipress=00028278"}},{"type":"Feature","geometry":{"type":"Point","coordinates":[-79.87733465999997,-6.783315849999951]},"properties":{"objectid":16734,"nombre":"Centro Médico SIPAN","departamento":"LAMBAYEQUE","provincia":"CHICLAYO","distrito":"CHICLAYO","institucion":"PRIVADO","codigoMinsa":25885,"direccion":"CARRETERA A PIMENTEL MANZANA D LOTE 6 URBANIZACIÓN RICARDO ARIZOLA DISTRITO CHICLAYO PROVINCIA CHICLAYO DEPARTAMENTO LAMBAYEQUE","disa":"LAMBAYEQUE","red":"NO PERTENECE A NINGUNA RED","microrred":"NO PERTENECE A NINGUNA MICRORED","categoria":"ESTABLECIMIENTO DE SALUD SIN INTERNAMIENTO","condicion":"ACTIVO","actualizado":"2023/08/01 19:00:00.000","fuente":"MINSA","urlRenipr":"http://app20.susalud.gob.pe:8080/registro-renipress-webapp/ipress.htm?action=mostrarVer&idipress=00025885"}},{"type":"Feature","geometry":{"type":"Point","coordinates":[-79.83194539999994,-6.775012999999944]},"properties":{"objectid":16753,"nombre":"CENTRO MEDICO BICENTENARIO","departamento":"LAMBAYEQUE","provincia":"CHICLAYO","distrito":"CHICLAYO","institucion":"PRIVADO","codigoMinsa":30390,"direccion":"AVENIDA MARISCAL NIETO NÚMERO 480 URBANIZACIÓN CAMPODONICO DISTRITO CHICLAYO PROVINCIA CHICLAYO DEPARTAMENTO LAMBAYEQUE","disa":"LAMBAYEQUE","red":"","microrred":"","categoria":"ESTABLECIMIENTO DE SALUD SIN INTERNAMIENTO","condicion":"ACTIVO","actualizado":"2023/08/01 19:00:00.000","fuente":"MINSA","urlRenipr":"http://app20.susalud.gob.pe:8080/registro-renipress-webapp/ipress.htm?action=mostrarVer&idipress=00030390"}},{"type":"Feature","geometry":{"type":"Point","coordinates":[-79.91085982999994,-6.702132039999981]},"properties":{"objectid":16763,"nombre":"CENTRO MEDICO MILITAR \"DIVINO NIÑO DEL MILAGRO DE ETEN\"","departamento":"LAMBAYEQUE","provincia":"LAMBAYEQUE","distrito":"LAMBAYEQUE","institucion":"SANIDAD DEL EJERCITO DEL PERU","codigoMinsa":25198,"direccion":"CALLE GRAU NÚMERO S/N DISTRITO LAMBAYEQUE PROVINCIA LAMBAYEQUE DEPARTAMENTO LAMBAYEQUE","disa":"LAMBAYEQUE","red":"NO PERTENECE A NINGUNA RED","microrred":"NO PERTENECE A NINGUNA MICRORED","categoria":"ESTABLECIMIENTO DE SALUD SIN INTERNAMIENTO","condicion":"ACTIVO","actualizado":"2023/08/01 19:00:00.000","fuente":"MINSA","urlRenipr":"http://app20.susalud.gob.pe:8080/registro-renipress-webapp/ipress.htm?action=mostrarVer&idipress=00025198"}},{"type":"Feature","geometry":{"type":"Point","coordinates":[-79.84214327999996,-6.771631139999954]},"properties":{"objectid":16815,"nombre":"OPTICA NOVA S.A.C","departamento":"LAMBAYEQUE","provincia":"CHICLAYO","distrito":"CHICLAYO","institucion":"PRIVADO","codigoMinsa":15407,"direccion":"JIRÓN JR. ELIAS AGUIRRE Nº- 300 DISTRITO CHICLAYO PROVINCIA CHICLAYO DEPARTAMENTO LAMBAYEQUE","disa":"LAMBAYEQUE","red":"NO PERTENECE A NINGUNA RED","microrred":"NO PERTENECE A NINGUNA MICRORED","categoria":"SERVICIO MÉDICO DE APOYO","condicion":"ACTIVO","actualizado":"2023/08/01 19:00:00.000","fuente":"MINSA","urlRenipr":"http://app20.susalud.gob.pe:8080/registro-renipress-webapp/ipress.htm?action=mostrarVer&idipress=00015407"}},{"type":"Feature","geometry":{"type":"Point","coordinates":[-79.84556469999995,-6.773832899999945]},"properties":{"objectid":16937,"nombre":"CERDENT SAC","departamento":"LAMBAYEQUE","provincia":"CHICLAYO","distrito":"CHICLAYO","institucion":"PRIVADO","codigoMinsa":10813,"direccion":"AVENIDA AVENIDA JOSE LOENARDO ORTIZ 102 INT 2 DISTRITO CHICLAYO PROVINCIA CHICLAYO DEPARTAMENTO LAMBAYEQUE","disa":"LAMBAYEQUE","red":"NO PERTENECE A NINGUNA RED","microrred":"NO PERTENECE A NINGUNA MICRORED","categoria":"ESTABLECIMIENTO DE SALUD SIN INTERNAMIENTO","condicion":"ACTIVO","actualizado":"2023/08/01 19:00:00.000","fuente":"MINSA","urlRenipr":"http://app20.susalud.gob.pe:8080/registro-renipress-webapp/ipress.htm?action=mostrarVer&idipress=00010813"}},{"type":"Feature","geometry":{"type":"Point","coordinates":[-79.85403999999994,-6.766991669999925]},"properties":{"objectid":16942,"nombre":"TUPAC AMARU","departamento":"LAMBAYEQUE","provincia":"CHICLAYO","distrito":"CHICLAYO","institucion":"GOBIERNO REGIONAL","codigoMinsa":4321,"direccion":"CALLE CALLE CAJAMARCA Nº 376 DISTRITO CHICLAYO PROVINCIA CHICLAYO DEPARTAMENTO LAMBAYEQUE","disa":"LAMBAYEQUE","red":"CHICLAYO","microrred":"CHICLAYO","categoria":"ESTABLECIMIENTO DE SALUD SIN INTERNAMIENTO","condicion":"ACTIVO","actualizado":"2023/08/01 19:00:00.000","fuente":"MINSA","urlRenipr":"http://app20.susalud.gob.pe:8080/registro-renipress-webapp/ipress.htm?action=mostrarVer&idipress=00004321"}},{"type":"Feature","geometry":{"type":"Point","coordinates":[-79.86455166999997,-6.768983329999969]},"properties":{"objectid":16943,"nombre":"LARESA","departamento":"LAMBAYEQUE","provincia":"CHICLAYO","distrito":"CHICLAYO","institucion":"GOBIERNO REGIONAL","codigoMinsa":11875,"direccion":"AVENIDA AVENIDA SALAVERRY 1610 AVENIDA SALAVERRY 1610 CHICLAYO CHICLAYO LAMBAYEQUE","disa":"LAMBAYEQUE","red":"NO PERTENECE A NINGUNA RED","microrred":"NO PERTENECE A NINGUNA MICRORED","categoria":"SERVICIO MÉDICO DE APOYO","condicion":"ACTIVO","actualizado":"2023/08/01 19:00:00.000","fuente":"MINSA","urlRenipr":"http://app20.susalud.gob.pe:8080/registro-renipress-webapp/ipress.htm?action=mostrarVer&idipress=00011875"}},{"type":"Feature","geometry":{"type":"Point","coordinates":[-79.33198583999996,-6.209588419999932]},"properties":{"objectid":16944,"nombre":"LA TRANCA","departamento":"LAMBAYEQUE","provincia":"FERREÑAFE","distrito":"INCAHUASI","institucion":"GOBIERNO REGIONAL","codigoMinsa":4465,"direccion":"AVENIDA AV.SANCHEZ CERRO S/N NÚMERO S/N DISTRITO INCAHUASI PROVINCIA FERREÑAFE DEPARTAMENTO LAMBAYEQUE","disa":"LAMBAYEQUE","red":"FERREÐAFE","microrred":"INKAWASI","categoria":"ESTABLECIMIENTO DE SALUD SIN INTERNAMIENTO","condicion":"ACTIVO","actualizado":"2023/08/01 19:00:00.000","fuente":"MINSA","urlRenipr":"http://app20.susalud.gob.pe:8080/registro-renipress-webapp/ipress.htm?action=mostrarVer&idipress=00004465"}},{"type":"Feature","geometry":{"type":"Point","coordinates":[-79.73277163999995,-6.486679399999957]},"properties":{"objectid":16945,"nombre":"LA ZARANDA","departamento":"LAMBAYEQUE","provincia":"FERREÑAFE","distrito":"PITIPO","institucion":"GOBIERNO REGIONAL","codigoMinsa":7022,"direccion":"OTROS MZ.G LOTE 1 - LA ZARANDA DISTRITO PITIPO PROVINCIA FERREÑAFE DEPARTAMENTO LAMBAYEQUE","disa":"LAMBAYEQUE","red":"FERREÐAFE","microrred":"PITIPO","categoria":"ESTABLECIMIENTO DE SALUD SIN INTERNAMIENTO","condicion":"ACTIVO","actualizado":"2023/08/01 19:00:00.000","fuente":"MINSA","urlRenipr":"http://app20.susalud.gob.pe:8080/registro-renipress-webapp/ipress.htm?action=mostrarVer&idipress=00007022"}},{"type":"Feature","geometry":{"type":"Point","coordinates":[-79.54839832999994,-6.247449999999958]},"properties":{"objectid":16946,"nombre":"EL SAUCE","departamento":"LAMBAYEQUE","provincia":"LAMBAYEQUE","distrito":"SALAS","institucion":"GOBIERNO REGIONAL","codigoMinsa":6681,"direccion":"OTROS CASERIO EL SAUCE - SALAS CASERIO EL SAUCE - SALAS SALAS LAMBAYEQUE LAMBAYEQUE","disa":"LAMBAYEQUE","red":"LAMBAYEQUE","microrred":"SALAS","categoria":"ESTABLECIMIENTO DE SALUD SIN INTERNAMIENTO","condicion":"ACTIVO","actualizado":"2023/08/01 19:00:00.000","fuente":"MINSA","urlRenipr":"http://app20.susalud.gob.pe:8080/registro-renipress-webapp/ipress.htm?action=mostrarVer&idipress=00006681"}},{"type":"Feature","geometry":{"type":"Point","coordinates":[-79.36141503999994,-6.2196142599999575]},"properties":{"objectid":16947,"nombre":"UYURPAMPA","departamento":"LAMBAYEQUE","provincia":"FERREÑAFE","distrito":"INCAHUASI","institucion":"GOBIERNO REGIONAL","codigoMinsa":4457,"direccion":"OTROS CASESIO UYURPAMPA DISTRITO INCAHUASI PROVINCIA FERREÑAFE DEPARTAMENTO LAMBAYEQUE","disa":"LAMBAYEQUE","red":"FERREÐAFE","microrred":"INKAWASI","categoria":"ESTABLECIMIENTO DE SALUD SIN INTERNAMIENTO","condicion":"ACTIVO","actualizado":"2023/08/01 19:00:00.000","fuente":"MINSA","urlRenipr":"http://app20.susalud.gob.pe:8080/registro-renipress-webapp/ipress.htm?action=mostrarVer&idipress=00004457"}},{"type":"Feature","geometry":{"type":"Point","coordinates":[-79.81092166999997,-6.841171669999937]},"properties":{"objectid":16948,"nombre":"CALLANCA","departamento":"LAMBAYEQUE","provincia":"CHICLAYO","distrito":"MONSEFU","institucion":"GOBIERNO REGIONAL","codigoMinsa":4350,"direccion":"CALLE CALLE: REAL S/N CALLANCA/MONSEFU NÚMERO S/N DISTRITO MONSEFU PROVINCIA CHICLAYO DEPARTAMENTO LAMBAYEQUE","disa":"LAMBAYEQUE","red":"CHICLAYO","microrred":"CIRCUITO DE PLAYA","categoria":"ESTABLECIMIENTO DE SALUD SIN INTERNAMIENTO","condicion":"ACTIVO","actualizado":"2023/08/01 19:00:00.000","fuente":"MINSA","urlRenipr":"http://app20.susalud.gob.pe:8080/registro-renipress-webapp/ipress.htm?action=mostrarVer&idipress=00004350"}},{"type":"Feature","geometry":{"type":"Point","coordinates":[-79.46624032999995,-6.082040179999979]},"properties":{"objectid":16949,"nombre":"CHIÑAMA","departamento":"LAMBAYEQUE","provincia":"FERREÑAFE","distrito":"CAÑARIS","institucion":"GOBIERNO REGIONAL","codigoMinsa":4403,"direccion":"OTROS CENTRO POBLADO MENOR CHIÑAMA CENTRO POBLADO MENOR CHIÑAMA CAÑARIS FERREÑAFE LAMBAYEQUE","disa":"LAMBAYEQUE","red":"LAMBAYEQUE","microrred":"KAÑARIS","categoria":"ESTABLECIMIENTO DE SALUD SIN INTERNAMIENTO","condicion":"ACTIVO","actualizado":"2023/08/01 19:00:00.000","fuente":"MINSA","urlRenipr":"http://app20.susalud.gob.pe:8080/registro-renipress-webapp/ipress.htm?action=mostrarVer&idipress=00004403"}},{"type":"Feature","geometry":{"type":"Point","coordinates":[-79.33405999999997,-6.0327499999999645]},"properties":{"objectid":16950,"nombre":"QUIRICHIMA","departamento":"LAMBAYEQUE","provincia":"FERREÑAFE","distrito":"CAÑARIS","institucion":"GOBIERNO REGIONAL","codigoMinsa":4402,"direccion":"OTROS CASERIO DE QUIRICHIMA CASERIO DE QUIRICHIMA CAÑARIS FERREÑAFE LAMBAYEQUE","disa":"LAMBAYEQUE","red":"LAMBAYEQUE","microrred":"KAÑARIS","categoria":"ESTABLECIMIENTO DE SALUD SIN INTERNAMIENTO","condicion":"ACTIVO","actualizado":"2023/08/01 19:00:00.000","fuente":"MINSA","urlRenipr":"http://app20.susalud.gob.pe:8080/registro-renipress-webapp/ipress.htm?action=mostrarVer&idipress=00004402"}},{"type":"Feature","geometry":{"type":"Point","coordinates":[-79.64727832999995,-6.157813329999954]},"properties":{"objectid":16951,"nombre":"CHOCHOPE","departamento":"LAMBAYEQUE","provincia":"LAMBAYEQUE","distrito":"CHOCHOPE","institucion":"GOBIERNO REGIONAL","codigoMinsa":4396,"direccion":"CALLE CALLE UNIVERSIDAD LA CATOLICA S/N S/N CALLE UNIVERSIDAD LA CATOLICA S/N CHOCHOPE LAMBAYEQUE LAMBAYEQUE","disa":"LAMBAYEQUE","red":"LAMBAYEQUE","microrred":"MOTUPE","categoria":"ESTABLECIMIENTO DE SALUD SIN INTERNAMIENTO","condicion":"ACTIVO","actualizado":"2023/08/01 19:00:00.000","fuente":"MINSA","urlRenipr":"http://app20.susalud.gob.pe:8080/registro-renipress-webapp/ipress.htm?action=mostrarVer&idipress=00004396"}},{"type":"Feature","geometry":{"type":"Point","coordinates":[-79.83045983999995,-6.838849479999965]},"properties":{"objectid":16952,"nombre":"CHOSICA DEL NORTE","departamento":"LAMBAYEQUE","provincia":"CHICLAYO","distrito":"LA VICTORIA","institucion":"GOBIERNO REGIONAL","codigoMinsa":4330,"direccion":"CALLE CALLE CESAR VALLEJOS S/N NÚMERO S/N DISTRITO LA VICTORIA PROVINCIA CHICLAYO DEPARTAMENTO LAMBAYEQUE","disa":"LAMBAYEQUE","red":"CHICLAYO","microrred":"LA VICTORIA","categoria":"ESTABLECIMIENTO DE SALUD SIN INTERNAMIENTO","condicion":"ACTIVO","actualizado":"2023/08/01 19:00:00.000","fuente":"MINSA","urlRenipr":"http://app20.susalud.gob.pe:8080/registro-renipress-webapp/ipress.htm?action=mostrarVer&idipress=00004330"}},{"type":"Feature","geometry":{"type":"Point","coordinates":[-79.85106439999998,-6.769459799999936]},"properties":{"objectid":17040,"nombre":"CLINICA DE SALUD OCUPACIONAL PREVENTIVA S.A.C.","departamento":"LAMBAYEQUE","provincia":"CHICLAYO","distrito":"CHICLAYO","institucion":"PRIVADO","codigoMinsa":14444,"direccion":"AVENIDA AV. FRANCISCO CUNEO N° 680 - URB. PATAZCA DISTRITO CHICLAYO PROVINCIA CHICLAYO DEPARTAMENTO LAMBAYEQUE","disa":"","red":"","microrred":"","categoria":"ESTABLECIMIENTO DE SALUD SIN INTERNAMIENTO","condicion":"RETIRO VOLUNTARIO","actualizado":"2023/08/01 19:00:00.000","fuente":"MINSA","urlRenipr":"http://app20.susalud.gob.pe:8080/registro-renipress-webapp/ipress.htm?action=mostrarVer&idipress=00014444"}},{"type":"Feature","geometry":{"type":"Point","coordinates":[-79.30032516999995,-6.846285159999979]},"properties":{"objectid":17158,"nombre":"OYOTUN","departamento":"LAMBAYEQUE","provincia":"CHICLAYO","distrito":"OYOTUN","institucion":"GOBIERNO REGIONAL","codigoMinsa":4366,"direccion":"CALLE CALLE ALFONSO UGARTE S/N S/N CALLE ALFONSO UGARTE S/N OYOTUN CHICLAYO LAMBAYEQUE","disa":"LAMBAYEQUE","red":"CHICLAYO","microrred":"OYOTUN","categoria":"ESTABLECIMIENTO DE SALUD CON INTERNAMIENTO","condicion":"ACTIVO","actualizado":"2023/08/01 19:00:00.000","fuente":"MINSA","urlRenipr":"http://app20.susalud.gob.pe:8080/registro-renipress-webapp/ipress.htm?action=mostrarVer&idipress=00004366"}},{"type":"Feature","geometry":{"type":"Point","coordinates":[-79.87460462999996,-6.8807006399999295]},"properties":{"objectid":17308,"nombre":"Centro Médico Valle Hermoso","departamento":"LAMBAYEQUE","provincia":"CHICLAYO","distrito":"MONSEFU","institucion":"PRIVADO","codigoMinsa":30860,"direccion":"CALLE carlos conroy 665 y tupac amaru DISTRITO MONSEFU PROVINCIA CHICLAYO DEPARTAMENTO LAMBAYEQUE","disa":"LAMBAYEQUE","red":"","microrred":"","categoria":"ESTABLECIMIENTO DE SALUD SIN INTERNAMIENTO","condicion":"ACTIVO","actualizado":"2023/08/01 19:00:00.000","fuente":"MINSA","urlRenipr":"http://app20.susalud.gob.pe:8080/registro-renipress-webapp/ipress.htm?action=mostrarVer&idipress=00030860"}},{"type":"Feature","geometry":{"type":"Point","coordinates":[-79.85762399999999,-6.755542199999979]},"properties":{"objectid":17469,"nombre":"ECOMEDIC","departamento":"LAMBAYEQUE","provincia":"CHICLAYO","distrito":"JOSE LEONARDO ORTIZ","institucion":"PRIVADO","codigoMinsa":20740,"direccion":"CALLE CALLE. LAS PALMERAS Nº 201. URB. PEQUEÑOS ARTESANOS INDEPENDIENTES JOSE LEONARDO ORTIZ DISTRITO JOSE LEONARDO ORTIZ PROVINCIA CHICLAYO DEPARTAMENTO LAMBAYEQUE","disa":"LAMBAYEQUE","red":"NO PERTENECE A NINGUNA RED","microrred":"NO PERTENECE A NINGUNA MICRORED","categoria":"ESTABLECIMIENTO DE SALUD SIN INTERNAMIENTO","condicion":"ACTIVO","actualizado":"2023/08/01 19:00:00.000","fuente":"MINSA","urlRenipr":"http://app20.susalud.gob.pe:8080/registro-renipress-webapp/ipress.htm?action=mostrarVer&idipress=00020740"}},{"type":"Feature","geometry":{"type":"Point","coordinates":[-79.84118643999994,-6.780581939999934]},"properties":{"objectid":17565,"nombre":"INSTITUTO OFTALMOLÓGICO LA LUZ SAC","departamento":"LAMBAYEQUE","provincia":"CHICLAYO","distrito":"CHICLAYO","institucion":"PRIVADO","codigoMinsa":17589,"direccion":"CALLE CALLE LA FLORIDA N° 225 4TO PISO URB. SANTA VICTORIA DISTRITO CHICLAYO PROVINCIA CHICLAYO DEPARTAMENTO LAMBAYEQUE","disa":"LAMBAYEQUE","red":"NO PERTENECE A NINGUNA RED","microrred":"NO PERTENECE A NINGUNA MICRORED","categoria":"ESTABLECIMIENTO DE SALUD CON INTERNAMIENTO","condicion":"ACTIVO","actualizado":"2023/08/01 19:00:00.000","fuente":"MINSA","urlRenipr":"http://app20.susalud.gob.pe:8080/registro-renipress-webapp/ipress.htm?action=mostrarVer&idipress=00017589"}},{"type":"Feature","geometry":{"type":"Point","coordinates":[-79.83725495999994,-6.778350209999928]},"properties":{"objectid":17580,"nombre":"CLINICA ODONTOLOGICA SONRIE","departamento":"LAMBAYEQUE","provincia":"CHICLAYO","distrito":"CHICLAYO","institucion":"PRIVADO","codigoMinsa":11198,"direccion":"CALLE CALLE 7 DE ENERO SUR Nº 145, URB.SAN EDUARDO DISTRITO CHICLAYO PROVINCIA CHICLAYO DEPARTAMENTO LAMBAYEQUE","disa":"LAMBAYEQUE","red":"","microrred":"NO PERTENECE A NINGUNA MICRORED","categoria":"ESTABLECIMIENTO DE SALUD SIN INTERNAMIENTO","condicion":"ACTIVO","actualizado":"2023/08/01 19:00:00.000","fuente":"MINSA","urlRenipr":"http://app20.susalud.gob.pe:8080/registro-renipress-webapp/ipress.htm?action=mostrarVer&idipress=00011198"}},{"type":"Feature","geometry":{"type":"Point","coordinates":[-79.81689166999996,-6.865143329999967]},"properties":{"objectid":17780,"nombre":"REQUE","departamento":"LAMBAYEQUE","provincia":"CHICLAYO","distrito":"REQUE","institucion":"GOBIERNO REGIONAL","codigoMinsa":4342,"direccion":"AVENIDA AV.MARISCAL CASTILLA Nº 605 AV.MARISCAL CASTILLA Nº 605 REQUE CHICLAYO LAMBAYEQUE","disa":"LAMBAYEQUE","red":"CHICLAYO","microrred":"REQUE-LAGUNAS","categoria":"ESTABLECIMIENTO DE SALUD CON INTERNAMIENTO","condicion":"ACTIVO","actualizado":"2023/08/01 19:00:00.000","fuente":"MINSA","urlRenipr":"http://app20.susalud.gob.pe:8080/registro-renipress-webapp/ipress.htm?action=mostrarVer&idipress=00004342"}},{"type":"Feature","geometry":{"type":"Point","coordinates":[-79.86870999999996,-6.87430999999998]},"properties":{"objectid":17818,"nombre":"LABORATORIO CLINICO \"CHRISTIAN BARNARD\"","departamento":"LAMBAYEQUE","provincia":"CHICLAYO","distrito":"MONSEFU","institucion":"PRIVADO","codigoMinsa":19290,"direccion":"CALLE CALLE DIEGO FERRE Nª 446 DISTRITO MONSEFU PROVINCIA CHICLAYO DEPARTAMENTO LAMBAYEQUE","disa":"LAMBAYEQUE","red":"","microrred":"NO PERTENECE A NINGUNA MICRORED","categoria":"SERVICIO MÉDICO DE APOYO","condicion":"ACTIVO","actualizado":"2023/08/01 19:00:00.000","fuente":"MINSA","urlRenipr":"http://app20.susalud.gob.pe:8080/registro-renipress-webapp/ipress.htm?action=mostrarVer&idipress=00019290"}},{"type":"Feature","geometry":{"type":"Point","coordinates":[-79.56093329999999,-6.890806099999963]},"properties":{"objectid":18336,"nombre":"CENTRO MEDICO CAYALTI","departamento":"LAMBAYEQUE","provincia":"CHICLAYO","distrito":"CAYALTI","institucion":"ESSALUD","codigoMinsa":11841,"direccion":"AVENIDA AVENIDA 9 DE OCTUBRE 200 DISTRITO CAYALTI PROVINCIA CHICLAYO DEPARTAMENTO LAMBAYEQUE","disa":"LAMBAYEQUE","red":"NO PERTENECE A NINGUNA RED","microrred":"NO PERTENECE A NINGUNA MICRORED","categoria":"ESTABLECIMIENTO DE SALUD SIN INTERNAMIENTO","condicion":"ACTIVO","actualizado":"2023/08/01 19:00:00.000","fuente":"MINSA","urlRenipr":"http://app20.susalud.gob.pe:8080/registro-renipress-webapp/ipress.htm?action=mostrarVer&idipress=00011841"}},{"type":"Feature","geometry":{"type":"Point","coordinates":[-79.84658899999994,-6.788063999999963]},"properties":{"objectid":18402,"nombre":"CLÍNICA OFTALMOLÓGICA VIDAVAS SAC","departamento":"LAMBAYEQUE","provincia":"CHICLAYO","distrito":"CHICLAYO","institucion":"PRIVADO","codigoMinsa":26707,"direccion":"AVENIDA MIGUEL GRAU NÚMERO 1259 URBANIZACIÓN SANTA VICTORIA DISTRITO CHICLAYO PROVINCIA CHICLAYO DEPARTAMENTO LAMBAYEQUE","disa":"LAMBAYEQUE","red":"NO PERTENECE A NINGUNA RED","microrred":"NO PERTENECE A NINGUNA MICRORED","categoria":"ESTABLECIMIENTO DE SALUD CON INTERNAMIENTO","condicion":"ACTIVO","actualizado":"2023/08/01 19:00:00.000","fuente":"MINSA","urlRenipr":"http://app20.susalud.gob.pe:8080/registro-renipress-webapp/ipress.htm?action=mostrarVer&idipress=00026707"}},{"type":"Feature","geometry":{"type":"Point","coordinates":[-79.84292489999996,-6.7707443999999555]},"properties":{"objectid":18564,"nombre":"Clínica Walter E.I,R,L,","departamento":"LAMBAYEQUE","provincia":"CHICLAYO","distrito":"CHICLAYO","institucion":"PRIVADO","codigoMinsa":29145,"direccion":"CALLE San José NÚMERO 331 DISTRITO CHICLAYO PROVINCIA CHICLAYO DEPARTAMENTO LAMBAYEQUE","disa":"","red":"","microrred":"","categoria":"ESTABLECIMIENTO DE SALUD SIN INTERNAMIENTO","condicion":"RUC INACTIVO EN SUNAT","actualizado":"2023/08/01 19:00:00.000","fuente":"MINSA","urlRenipr":"http://app20.susalud.gob.pe:8080/registro-renipress-webapp/ipress.htm?action=mostrarVer&idipress=00029145"}},{"type":"Feature","geometry":{"type":"Point","coordinates":[-79.83067570999998,-6.772121779999964]},"properties":{"objectid":18642,"nombre":"CERINOR","departamento":"LAMBAYEQUE","provincia":"CHICLAYO","distrito":"CHICLAYO","institucion":"PRIVADO","codigoMinsa":19627,"direccion":"OTROS FRANCISCO CABRERA N° 1400 DISTRITO CHICLAYO PROVINCIA CHICLAYO DEPARTAMENTO LAMBAYEQUE","disa":"LAMBAYEQUE","red":"NO PERTENECE A NINGUNA RED","microrred":"NO PERTENECE A NINGUNA MICRORED","categoria":"ESTABLECIMIENTO DE SALUD SIN INTERNAMIENTO","condicion":"ACTIVO","actualizado":"2023/08/01 19:00:00.000","fuente":"MINSA","urlRenipr":"http://app20.susalud.gob.pe:8080/registro-renipress-webapp/ipress.htm?action=mostrarVer&idipress=00019627"}},{"type":"Feature","geometry":{"type":"Point","coordinates":[-79.83727349999998,-6.773766399999943]},"properties":{"objectid":18654,"nombre":"FEMISALUD","departamento":"LAMBAYEQUE","provincia":"CHICLAYO","distrito":"CHICLAYO","institucion":"PRIVADO","codigoMinsa":29438,"direccion":"CALLE 07 ENERO NÚMERO 462 PISO 1 DISTRITO CHICLAYO PROVINCIA CHICLAYO DEPARTAMENTO LAMBAYEQUE","disa":"LAMBAYEQUE","red":"","microrred":"","categoria":"ESTABLECIMIENTO DE SALUD SIN INTERNAMIENTO","condicion":"ACTIVO","actualizado":"2023/08/01 19:00:00.000","fuente":"MINSA","urlRenipr":"http://app20.susalud.gob.pe:8080/registro-renipress-webapp/ipress.htm?action=mostrarVer&idipress=00029438"}},{"type":"Feature","geometry":{"type":"Point","coordinates":[-79.85499069999997,-6.770079799999962]},"properties":{"objectid":18772,"nombre":"SERVISALUD","departamento":"LAMBAYEQUE","provincia":"CHICLAYO","distrito":"CHICLAYO","institucion":"PRIVADO","codigoMinsa":31615,"direccion":"CALLE MANUEL MARIA IZAGA NÚMERO 584 DISTRITO CHICLAYO PROVINCIA CHICLAYO DEPARTAMENTO LAMBAYEQUE","disa":"LAMBAYEQUE","red":"","microrred":"NO PERTENECE A NINGUNA MICRORED","categoria":"ESTABLECIMIENTO DE SALUD SIN INTERNAMIENTO","condicion":"ACTIVO","actualizado":"2023/08/01 19:00:00.000","fuente":"MINSA","urlRenipr":"http://app20.susalud.gob.pe:8080/registro-renipress-webapp/ipress.htm?action=mostrarVer&idipress=00031615"}},{"type":"Feature","geometry":{"type":"Point","coordinates":[-79.84099441999996,-6.773094829999934]},"properties":{"objectid":18900,"nombre":"CONSULTORIO ODONTOLOGICO CARLOS DIEZ","departamento":"LAMBAYEQUE","provincia":"CHICLAYO","distrito":"CHICLAYO","institucion":"PRIVADO","codigoMinsa":22083,"direccion":"CALLE CALLE MANUEL MARIA IZAGA 369 - 2DO PISO DISTRITO CHICLAYO PROVINCIA CHICLAYO DEPARTAMENTO LAMBAYEQUE","disa":"LAMBAYEQUE","red":"NO PERTENECE A NINGUNA RED","microrred":"NO PERTENECE A NINGUNA MICRORED","categoria":"ESTABLECIMIENTO DE SALUD SIN INTERNAMIENTO","condicion":"ACTIVO","actualizado":"2023/08/01 19:00:00.000","fuente":"MINSA","urlRenipr":"http://app20.susalud.gob.pe:8080/registro-renipress-webapp/ipress.htm?action=mostrarVer&idipress=00022083"}},{"type":"Feature","geometry":{"type":"Point","coordinates":[-79.68388739999995,-6.778406599999926]},"properties":{"objectid":19033,"nombre":"TUMAN","departamento":"LAMBAYEQUE","provincia":"CHICLAYO","distrito":"TUMAN","institucion":"GOBIERNO REGIONAL","codigoMinsa":31449,"direccion":"OTROS SECTOR CASUARINAS I ETAPA MANZANA 114 LOTE 8 DISTRITO TUMAN PROVINCIA CHICLAYO DEPARTAMENTO LAMBAYEQUE","disa":"LAMBAYEQUE","red":"CHICLAYO","microrred":"POSOPE ALTO","categoria":"ESTABLECIMIENTO DE SALUD SIN INTERNAMIENTO","condicion":"ACTIVO","actualizado":"2023/08/01 19:00:00.000","fuente":"MINSA","urlRenipr":"http://app20.susalud.gob.pe:8080/registro-renipress-webapp/ipress.htm?action=mostrarVer&idipress=00031449"}},{"type":"Feature","geometry":{"type":"Point","coordinates":[-79.70400166999997,-6.743474999999933]},"properties":{"objectid":19035,"nombre":"TUMAN","departamento":"LAMBAYEQUE","provincia":"CHICLAYO","distrito":"TUMAN","institucion":"GOBIERNO REGIONAL","codigoMinsa":6723,"direccion":"OTROS BLOCK 3 Nº 309 - TUMAN BLOCK 3 Nº 309 - TUMAN TUMAN CHICLAYO LAMBAYEQUE","disa":"","red":"","microrred":"","categoria":"ESTABLECIMIENTO DE SALUD SIN INTERNAMIENTO","condicion":"ACTIVO","actualizado":"2023/08/01 19:00:00.000","fuente":"MINSA","urlRenipr":"http://app20.susalud.gob.pe:8080/registro-renipress-webapp/ipress.htm?action=mostrarVer&idipress=00006723"}},{"type":"Feature","geometry":{"type":"Point","coordinates":[-79.83390499999996,-5.79812832999994]},"properties":{"objectid":19037,"nombre":"MOCAPE","departamento":"LAMBAYEQUE","provincia":"LAMBAYEQUE","distrito":"OLMOS","institucion":"GOBIERNO REGIONAL","codigoMinsa":18916,"direccion":"OTROS CENTRO POBLADO MOCAPE - OLMOS CENTRO POBLADO MOCAPE - OLMOS OLMOS LAMBAYEQUE LAMBAYEQUE","disa":"LAMBAYEQUE","red":"LAMBAYEQUE","microrred":"OLMOS","categoria":"ESTABLECIMIENTO DE SALUD SIN INTERNAMIENTO","condicion":"ACTIVO","actualizado":"2023/08/01 19:00:00.000","fuente":"MINSA","urlRenipr":"http://app20.susalud.gob.pe:8080/registro-renipress-webapp/ipress.htm?action=mostrarVer&idipress=00018916"}},{"type":"Feature","geometry":{"type":"Point","coordinates":[-79.40797832999993,-6.616646669999966]},"properties":{"objectid":19038,"nombre":"LAS COLMENAS","departamento":"LAMBAYEQUE","provincia":"CHICLAYO","distrito":"CHONGOYAPE","institucion":"GOBIERNO REGIONAL","codigoMinsa":7023,"direccion":"OTROS CAS.LAS COLMENAS DISTRITO CHONGOYAPE PROVINCIA CHICLAYO DEPARTAMENTO LAMBAYEQUE","disa":"LAMBAYEQUE","red":"CHICLAYO","microrred":"CHONGOYAPE","categoria":"ESTABLECIMIENTO DE SALUD SIN INTERNAMIENTO","condicion":"ACTIVO","actualizado":"2023/08/01 19:00:00.000","fuente":"MINSA","urlRenipr":"http://app20.susalud.gob.pe:8080/registro-renipress-webapp/ipress.htm?action=mostrarVer&idipress=00007023"}},{"type":"Feature","geometry":{"type":"Point","coordinates":[-79.69514499999997,-6.299791669999934]},"properties":{"objectid":19039,"nombre":"HUMEDADES","departamento":"LAMBAYEQUE","provincia":"LAMBAYEQUE","distrito":"SALAS","institucion":"GOBIERNO REGIONAL","codigoMinsa":6682,"direccion":"OTROS CAS. HUMEDADES CAS. HUMEDADES SALAS LAMBAYEQUE LAMBAYEQUE","disa":"LAMBAYEQUE","red":"LAMBAYEQUE","microrred":"SALAS","categoria":"ESTABLECIMIENTO DE SALUD SIN INTERNAMIENTO","condicion":"ACTIVO","actualizado":"2023/08/01 19:00:00.000","fuente":"MINSA","urlRenipr":"http://app20.susalud.gob.pe:8080/registro-renipress-webapp/ipress.htm?action=mostrarVer&idipress=00006682"}},{"type":"Feature","geometry":{"type":"Point","coordinates":[-79.31693994999995,-6.236093379999943]},"properties":{"objectid":19040,"nombre":"INKAWASI","departamento":"LAMBAYEQUE","provincia":"FERREÑAFE","distrito":"INCAHUASI","institucion":"GOBIERNO REGIONAL","codigoMinsa":4455,"direccion":"CALLE CALLE LOS EUCALIPTOS S/N NÚMERO S/N DISTRITO INCAHUASI PROVINCIA FERREÑAFE DEPARTAMENTO LAMBAYEQUE","disa":"LAMBAYEQUE","red":"FERREÐAFE","microrred":"INKAWASI","categoria":"ESTABLECIMIENTO DE SALUD SIN INTERNAMIENTO","condicion":"ACTIVO","actualizado":"2023/08/01 19:00:00.000","fuente":"MINSA","urlRenipr":"http://app20.susalud.gob.pe:8080/registro-renipress-webapp/ipress.htm?action=mostrarVer&idipress=00004455"}},{"type":"Feature","geometry":{"type":"Point","coordinates":[-79.86806332999998,-6.924484999999947]},"properties":{"objectid":19041,"nombre":"PUERTO ETEN","departamento":"LAMBAYEQUE","provincia":"CHICLAYO","distrito":"ETEN PUERTO","institucion":"GOBIERNO REGIONAL","codigoMinsa":4354,"direccion":"CALLE CALLE SUCRE S/N CUADRA 2 NÚMERO S/N DISTRITO ETEN PUERTO PROVINCIA CHICLAYO DEPARTAMENTO LAMBAYEQUE","disa":"LAMBAYEQUE","red":"CHICLAYO","microrred":"CIRCUITO DE PLAYA","categoria":"ESTABLECIMIENTO DE SALUD SIN INTERNAMIENTO","condicion":"ACTIVO","actualizado":"2023/08/01 19:00:00.000","fuente":"MINSA","urlRenipr":"http://app20.susalud.gob.pe:8080/registro-renipress-webapp/ipress.htm?action=mostrarVer&idipress=00004354"}},{"type":"Feature","geometry":{"type":"Point","coordinates":[-79.17893776999995,-6.101879249999968]},"properties":{"objectid":19042,"nombre":"HUACAPAMPA","departamento":"LAMBAYEQUE","provincia":"FERREÑAFE","distrito":"CAÑARIS","institucion":"GOBIERNO REGIONAL","codigoMinsa":4399,"direccion":"OTROS C.P.M. HUACAPAMPA C.P.M. HUACAPAMPA CAÑARIS FERREÑAFE LAMBAYEQUE","disa":"LAMBAYEQUE","red":"LAMBAYEQUE","microrred":"KAÑARIS","categoria":"ESTABLECIMIENTO DE SALUD SIN INTERNAMIENTO","condicion":"ACTIVO","actualizado":"2023/08/01 19:00:00.000","fuente":"MINSA","urlRenipr":"http://app20.susalud.gob.pe:8080/registro-renipress-webapp/ipress.htm?action=mostrarVer&idipress=00004399"}},{"type":"Feature","geometry":{"type":"Point","coordinates":[-79.53693588999994,-6.169310849999931]},"properties":{"objectid":19043,"nombre":"LA RAMADA","departamento":"LAMBAYEQUE","provincia":"LAMBAYEQUE","distrito":"SALAS","institucion":"GOBIERNO REGIONAL","codigoMinsa":4418,"direccion":"AVENIDA AV.RAMON CASTILLA S/N S/N AV.RAMON CASTILLA S/N SALAS LAMBAYEQUE LAMBAYEQUE","disa":"LAMBAYEQUE","red":"LAMBAYEQUE","microrred":"SALAS","categoria":"ESTABLECIMIENTO DE SALUD SIN INTERNAMIENTO","condicion":"ACTIVO","actualizado":"2023/08/01 19:00:00.000","fuente":"MINSA","urlRenipr":"http://app20.susalud.gob.pe:8080/registro-renipress-webapp/ipress.htm?action=mostrarVer&idipress=00004418"}},{"type":"Feature","geometry":{"type":"Point","coordinates":[-79.85149832999997,-6.750759999999957]},"properties":{"objectid":19044,"nombre":"PAUL HARRIS","departamento":"LAMBAYEQUE","provincia":"CHICLAYO","distrito":"JOSE LEONARDO ORTIZ","institucion":"GOBIERNO REGIONAL","codigoMinsa":4333,"direccion":"CALLE CALLE PUERTO RICO Nº 1999 CALLE PUERTO RICO Nº 1999 JOSE LEONARDO ORTIZ CHICLAYO LAMBAYEQUE","disa":"LAMBAYEQUE","red":"CHICLAYO","microrred":"JOSE LEONARDO ORTIZ","categoria":"ESTABLECIMIENTO DE SALUD CON INTERNAMIENTO","condicion":"ACTIVO","actualizado":"2023/08/01 19:00:00.000","fuente":"MINSA","urlRenipr":"http://app20.susalud.gob.pe:8080/registro-renipress-webapp/ipress.htm?action=mostrarVer&idipress=00004333"}},{"type":"Feature","geometry":{"type":"Point","coordinates":[-79.85298777999998,-6.7701607399999375]},"properties":{"objectid":19563,"nombre":"SAN CRISTOBAL CENTER SAC","departamento":"LAMBAYEQUE","provincia":"CHICLAYO","distrito":"CHICLAYO","institucion":"PRIVADO","codigoMinsa":17108,"direccion":"AVENIDA SALAVERRY NÚMERO 770 PISO 2 INTERIOR 2 DISTRITO CHICLAYO PROVINCIA CHICLAYO DEPARTAMENTO LAMBAYEQUE","disa":"LAMBAYEQUE","red":"NO PERTENECE A NINGUNA RED","microrred":"NO PERTENECE A NINGUNA MICRORED","categoria":"ESTABLECIMIENTO DE SALUD SIN INTERNAMIENTO","condicion":"ACTIVO","actualizado":"2023/08/01 19:00:00.000","fuente":"MINSA","urlRenipr":"http://app20.susalud.gob.pe:8080/registro-renipress-webapp/ipress.htm?action=mostrarVer&idipress=00017108"}},{"type":"Feature","geometry":{"type":"Point","coordinates":[-79.84429779999994,-6.776597399999957]},"properties":{"objectid":19606,"nombre":"CENTRO MEDICO CEMEL E.I.R.L","departamento":"LAMBAYEQUE","provincia":"CHICLAYO","distrito":"LA VICTORIA","institucion":"PRIVADO","codigoMinsa":18098,"direccion":"CALLE CALLE LAS ÑUSTAS N° 546 DISTRITO LA VICTORIA PROVINCIA CHICLAYO DEPARTAMENTO LAMBAYEQUE","disa":"LAMBAYEQUE","red":"NO PERTENECE A NINGUNA RED","microrred":"NO PERTENECE A NINGUNA MICRORED","categoria":"ESTABLECIMIENTO DE SALUD SIN INTERNAMIENTO","condicion":"ACTIVO","actualizado":"2023/08/01 19:00:00.000","fuente":"MINSA","urlRenipr":"http://app20.susalud.gob.pe:8080/registro-renipress-webapp/ipress.htm?action=mostrarVer&idipress=00018098"}},{"type":"Feature","geometry":{"type":"Point","coordinates":[-79.58603499999998,-6.9220366699999545]},"properties":{"objectid":19640,"nombre":"ZAÑA","departamento":"LAMBAYEQUE","provincia":"CHICLAYO","distrito":"SAÑA","institucion":"GOBIERNO REGIONAL","codigoMinsa":4356,"direccion":"JIRÓN JR. PATRIA Nº 280 DISTRITO SAÑA PROVINCIA CHICLAYO DEPARTAMENTO LAMBAYEQUE","disa":"LAMBAYEQUE","red":"CHICLAYO","microrred":"CAYALTI-ZAÑA","categoria":"ESTABLECIMIENTO DE SALUD SIN INTERNAMIENTO","condicion":"ACTIVO","actualizado":"2023/08/01 19:00:00.000","fuente":"MINSA","urlRenipr":"http://app20.susalud.gob.pe:8080/registro-renipress-webapp/ipress.htm?action=mostrarVer&idipress=00004356"}},{"type":"Feature","geometry":{"type":"Point","coordinates":[-79.84139286999994,-6.770870899999977]},"properties":{"objectid":19694,"nombre":"CLINICA DENTAL \"SANA\" S.R.L","departamento":"LAMBAYEQUE","provincia":"CHICLAYO","distrito":"CHICLAYO","institucion":"PRIVADO","codigoMinsa":18458,"direccion":"CALLE CALLE ALFONSO UGARTE N° 812 - 2DO. PISO DISTRITO CHICLAYO PROVINCIA CHICLAYO DEPARTAMENTO LAMBAYEQUE","disa":"","red":"","microrred":"","categoria":"ESTABLECIMIENTO DE SALUD SIN INTERNAMIENTO","condicion":"RETIRO VOLUNTARIO","actualizado":"2023/08/01 19:00:00.000","fuente":"MINSA","urlRenipr":"http://app20.susalud.gob.pe:8080/registro-renipress-webapp/ipress.htm?action=mostrarVer&idipress=00018458"}},{"type":"Feature","geometry":{"type":"Point","coordinates":[-79.84229628999998,-6.780067739999936]},"properties":{"objectid":19731,"nombre":"CLÍNICA CHICLAYO S.A","departamento":"LAMBAYEQUE","provincia":"CHICLAYO","distrito":"CHICLAYO","institucion":"PRIVADO","codigoMinsa":16192,"direccion":"CALLE CALLE LA FLORIDA N° 225 URB. STA. VICTORIA DISTRITO CHICLAYO PROVINCIA CHICLAYO DEPARTAMENTO LAMBAYEQUE","disa":"LAMBAYEQUE","red":"NO PERTENECE A NINGUNA RED","microrred":"NO PERTENECE A NINGUNA MICRORED","categoria":"ESTABLECIMIENTO DE SALUD CON INTERNAMIENTO","condicion":"ACTIVO","actualizado":"2023/08/01 19:00:00.000","fuente":"MINSA","urlRenipr":"http://app20.susalud.gob.pe:8080/registro-renipress-webapp/ipress.htm?action=mostrarVer&idipress=00016192"}},{"type":"Feature","geometry":{"type":"Point","coordinates":[-79.84227719999996,-6.772409899999957]},"properties":{"objectid":19738,"nombre":"CENTRO DIAGNOSTICO JRB","departamento":"LAMBAYEQUE","provincia":"CHICLAYO","distrito":"CHICLAYO","institucion":"PRIVADO","codigoMinsa":13976,"direccion":"AVENIDA AV. LUIS GONZALES 646-CHICLAYO CERCADO. DISTRITO CHICLAYO PROVINCIA CHICLAYO DEPARTAMENTO LAMBAYEQUE","disa":"LAMBAYEQUE","red":"NO PERTENECE A NINGUNA RED","microrred":"NO PERTENECE A NINGUNA MICRORED","categoria":"SERVICIO MÉDICO DE APOYO","condicion":"ACTIVO","actualizado":"2023/08/01 19:00:00.000","fuente":"MINSA","urlRenipr":"http://app20.susalud.gob.pe:8080/registro-renipress-webapp/ipress.htm?action=mostrarVer&idipress=00013976"}},{"type":"Feature","geometry":{"type":"Point","coordinates":[-79.83994849999993,-6.7727879999999345]},"properties":{"objectid":19860,"nombre":"CLINICA MAC DENTAL","departamento":"LAMBAYEQUE","provincia":"CHICLAYO","distrito":"CHICLAYO","institucion":"PRIVADO","codigoMinsa":21776,"direccion":"CALLE CALLE ALFREDO LAPOINT Nº 619 - 2DO. PISO DISTRITO CHICLAYO PROVINCIA CHICLAYO DEPARTAMENTO LAMBAYEQUE","disa":"LAMBAYEQUE","red":"NO PERTENECE A NINGUNA RED","microrred":"NO PERTENECE A NINGUNA MICRORED","categoria":"ESTABLECIMIENTO DE SALUD SIN INTERNAMIENTO","condicion":"ACTIVO","actualizado":"2023/08/01 19:00:00.000","fuente":"MINSA","urlRenipr":"http://app20.susalud.gob.pe:8080/registro-renipress-webapp/ipress.htm?action=mostrarVer&idipress=00021776"}},{"type":"Feature","geometry":{"type":"Point","coordinates":[-79.84344029999994,-6.781544199999928]},"properties":{"objectid":19896,"nombre":"CENTRO MEDICO ESPECIALIZADO EN DIABETES Y ENDOCRINOLOGIA DEL NORTE (CEDEN EIRL)","departamento":"LAMBAYEQUE","provincia":"CHICLAYO","distrito":"CHICLAYO","institucion":"OTRO","codigoMinsa":26964,"direccion":"AVENIDA MARISCAL ANDRES AVELINO CACERES N?ERO 257 PISO 1 URBANIZACI? SANTA VICTORIA DISTRITO CHICLAYO PROVINCIA CHICLAYO DEPARTAMENTO LAMBAYEQUE","disa":"LAMBAYEQUE","red":"NO PERTENECE A NINGUNA RED","microrred":"NO PERTENECE A NINGUNA MICRORED","categoria":"ESTABLECIMIENTO DE SALUD SIN INTERNAMIENTO","condicion":"ACTIVO","actualizado":"2023/08/01 19:00:00.000","fuente":"MINSA","urlRenipr":"http://app20.susalud.gob.pe:8080/registro-renipress-webapp/ipress.htm?action=mostrarVer&idipress=00026964"}},{"type":"Feature","geometry":{"type":"Point","coordinates":[-79.85499069999997,-6.770079799999962]},"properties":{"objectid":20335,"nombre":"NEPHRO MEDICAL CHICLAYO","departamento":"LAMBAYEQUE","provincia":"CHICLAYO","distrito":"CHICLAYO","institucion":"PRIVADO","codigoMinsa":29773,"direccion":"CARRETERA PIMENTEL LOTE B DISTRITO CHICLAYO PROVINCIA CHICLAYO DEPARTAMENTO LAMBAYEQUE","disa":"LAMBAYEQUE","red":"","microrred":"","categoria":"SERVICIO MÉDICO DE APOYO","condicion":"ACTIVO","actualizado":"2023/08/01 19:00:00.000","fuente":"MINSA","urlRenipr":"http://app20.susalud.gob.pe:8080/registro-renipress-webapp/ipress.htm?action=mostrarVer&idipress=00029773"}},{"type":"Feature","geometry":{"type":"Point","coordinates":[-79.84429779999994,-6.776597399999957]},"properties":{"objectid":20391,"nombre":"centro odontologico odonto estetic","departamento":"LAMBAYEQUE","provincia":"CHICLAYO","distrito":"CHICLAYO","institucion":"PRIVADO","codigoMinsa":27514,"direccion":"CALLE Alfredo lapoint NÚMERO 674 PISO 1 DISTRITO CHICLAYO PROVINCIA CHICLAYO DEPARTAMENTO LAMBAYEQUE","disa":"LAMBAYEQUE","red":"NO PERTENECE A NINGUNA RED","microrred":"NO PERTENECE A NINGUNA MICRORED","categoria":"ESTABLECIMIENTO DE SALUD SIN INTERNAMIENTO","condicion":"ACTIVO","actualizado":"2023/08/01 19:00:00.000","fuente":"MINSA","urlRenipr":"http://app20.susalud.gob.pe:8080/registro-renipress-webapp/ipress.htm?action=mostrarVer&idipress=00027514"}},{"type":"Feature","geometry":{"type":"Point","coordinates":[-79.84275546999999,-6.596136899999976]},"properties":{"objectid":20422,"nombre":"LAS LOMAS","departamento":"LAMBAYEQUE","provincia":"FERREÑAFE","distrito":"PUEBLO NUEVO","institucion":"GOBIERNO REGIONAL","codigoMinsa":4453,"direccion":"OTROS CASERIO LAS LOMAS DISTRITO PUEBLO NUEVO PROVINCIA FERREÑAFE DEPARTAMENTO LAMBAYEQUE","disa":"LAMBAYEQUE","red":"FERREÐAFE","microrred":"FERREÑAFE","categoria":"ESTABLECIMIENTO DE SALUD SIN INTERNAMIENTO","condicion":"ACTIVO","actualizado":"2023/08/01 19:00:00.000","fuente":"MINSA","urlRenipr":"http://app20.susalud.gob.pe:8080/registro-renipress-webapp/ipress.htm?action=mostrarVer&idipress=00004453"}},{"type":"Feature","geometry":{"type":"Point","coordinates":[-79.87104332999996,-6.8730633299999795]},"properties":{"objectid":20423,"nombre":"MONSEFU","departamento":"LAMBAYEQUE","provincia":"CHICLAYO","distrito":"MONSEFU","institucion":"GOBIERNO REGIONAL","codigoMinsa":4349,"direccion":"AVENIDA AV. QUIÑONES N° 110 AV. QUIÑONES N° 110 MONSEFU CHICLAYO LAMBAYEQUE","disa":"LAMBAYEQUE","red":"CHICLAYO","microrred":"CIRCUITO DE PLAYA","categoria":"ESTABLECIMIENTO DE SALUD CON INTERNAMIENTO","condicion":"ACTIVO","actualizado":"2023/08/01 19:00:00.000","fuente":"MINSA","urlRenipr":"http://app20.susalud.gob.pe:8080/registro-renipress-webapp/ipress.htm?action=mostrarVer&idipress=00004349"}},{"type":"Feature","geometry":{"type":"Point","coordinates":[-79.85914469999994,-6.769487899999945]},"properties":{"objectid":20425,"nombre":"CENTRO MÉDICO ESPECIALIZADO SALUD MADRE & MUJER","departamento":"LAMBAYEQUE","provincia":"CHICLAYO","distrito":"CHICLAYO","institucion":"PRIVADO","codigoMinsa":27923,"direccion":"AVENIDA SALAVERRY NÚMERO 1402 PISO 5 URBANIZACIÓN BANCARIOS DISTRITO CHICLAYO PROVINCIA CHICLAYO DEPARTAMENTO LAMBAYEQUE","disa":"LAMBAYEQUE","red":"NO PERTENECE A NINGUNA RED","microrred":"NO PERTENECE A NINGUNA MICRORED","categoria":"ESTABLECIMIENTO DE SALUD SIN INTERNAMIENTO","condicion":"ACTIVO","actualizado":"2023/08/01 19:00:00.000","fuente":"MINSA","urlRenipr":"http://app20.susalud.gob.pe:8080/registro-renipress-webapp/ipress.htm?action=mostrarVer&idipress=00027923"}},{"type":"Feature","geometry":{"type":"Point","coordinates":[-79.84668832999995,-6.7726449999999545]},"properties":{"objectid":20869,"nombre":"HOSPITAL REGIONAL POLICIAL CHICLAYO","departamento":"LAMBAYEQUE","provincia":"CHICLAYO","distrito":"CHICLAYO","institucion":"SANIDAD DE LA POLICIA NACIONAL DEL PERU","codigoMinsa":11833,"direccion":"PARQUE FEDERICO VILLARREAL Nº245 URB LOS PARQUES-CHICLAYO DISTRITO CHICLAYO PROVINCIA CHICLAYO DEPARTAMENTO LAMBAYEQUE","disa":"LAMBAYEQUE","red":"NO PERTENECE A NINGUNA RED","microrred":"NO PERTENECE A NINGUNA MICRORED","categoria":"ESTABLECIMIENTO DE SALUD CON INTERNAMIENTO","condicion":"ACTIVO","actualizado":"2023/08/01 19:00:00.000","fuente":"MINSA","urlRenipr":"http://app20.susalud.gob.pe:8080/registro-renipress-webapp/ipress.htm?action=mostrarVer&idipress=00011833"}},{"type":"Feature","geometry":{"type":"Point","coordinates":[-79.87098369999995,-6.761893999999927]},"properties":{"objectid":20950,"nombre":"CLINICA UNIVERSITRIA - USAT","departamento":"LAMBAYEQUE","provincia":"CHICLAYO","distrito":"CHICLAYO","institucion":"PRIVADO","codigoMinsa":31690,"direccion":"URBANIZACIÓN PREDIO MARIA CRUZ - PARCELA Nº 4 DISTRITO CHICLAYO PROVINCIA CHICLAYO DEPARTAMENTO LAMBAYEQUE","disa":"LAMBAYEQUE","red":"","microrred":"","categoria":"ESTABLECIMIENTO DE SALUD SIN INTERNAMIENTO","condicion":"ACTIVO","actualizado":"2023/08/01 19:00:00.000","fuente":"MINSA","urlRenipr":"http://app20.susalud.gob.pe:8080/registro-renipress-webapp/ipress.htm?action=mostrarVer&idipress=00031690"}},{"type":"Feature","geometry":{"type":"Point","coordinates":[-79.84221469999994,-6.771682099999964]},"properties":{"objectid":21029,"nombre":"OPTICA PUPILENT E.I.R.L.","departamento":"LAMBAYEQUE","provincia":"CHICLAYO","distrito":"CHICLAYO","institucion":"PRIVADO","codigoMinsa":15405,"direccion":"JIRÓN JR. ELIAS AGUIRRE Nº- 274 DISTRITO CHICLAYO PROVINCIA CHICLAYO DEPARTAMENTO LAMBAYEQUE","disa":"LAMBAYEQUE","red":"NO PERTENECE A NINGUNA RED","microrred":"NO PERTENECE A NINGUNA MICRORED","categoria":"SERVICIO MÉDICO DE APOYO","condicion":"ACTIVO","actualizado":"2023/08/01 19:00:00.000","fuente":"MINSA","urlRenipr":"http://app20.susalud.gob.pe:8080/registro-renipress-webapp/ipress.htm?action=mostrarVer&idipress=00015405"}},{"type":"Feature","geometry":{"type":"Point","coordinates":[-79.19488453999998,-6.080206759999953]},"properties":{"objectid":21140,"nombre":"PANDACHI","departamento":"LAMBAYEQUE","provincia":"FERREÑAFE","distrito":"CAÑARIS","institucion":"GOBIERNO REGIONAL","codigoMinsa":4398,"direccion":"OTROS CASERIO PANDACHI CASERIO PANDACHI CAÑARIS FERREÑAFE LAMBAYEQUE","disa":"LAMBAYEQUE","red":"LAMBAYEQUE","microrred":"KAÑARIS","categoria":"ESTABLECIMIENTO DE SALUD SIN INTERNAMIENTO","condicion":"ACTIVO","actualizado":"2023/08/01 19:00:00.000","fuente":"MINSA","urlRenipr":"http://app20.susalud.gob.pe:8080/registro-renipress-webapp/ipress.htm?action=mostrarVer&idipress=00004398"}},{"type":"Feature","geometry":{"type":"Point","coordinates":[-79.85386832999995,-6.47544666999994]},"properties":{"objectid":21141,"nombre":"ILLIMO","departamento":"LAMBAYEQUE","provincia":"LAMBAYEQUE","distrito":"ILLIMO","institucion":"GOBIERNO REGIONAL","codigoMinsa":4376,"direccion":"CALLE CALLE BALTA S/N S/N CALLE BALTA S/N ILLIMO LAMBAYEQUE LAMBAYEQUE","disa":"LAMBAYEQUE","red":"LAMBAYEQUE","microrred":"ILLIMO","categoria":"ESTABLECIMIENTO DE SALUD SIN INTERNAMIENTO","condicion":"ACTIVO","actualizado":"2023/08/01 19:00:00.000","fuente":"MINSA","urlRenipr":"http://app20.susalud.gob.pe:8080/registro-renipress-webapp/ipress.htm?action=mostrarVer&idipress=00004376"}},{"type":"Feature","geometry":{"type":"Point","coordinates":[-79.91967166999996,-6.88085499999994]},"properties":{"objectid":21142,"nombre":"SANTA ROSA","departamento":"LAMBAYEQUE","provincia":"CHICLAYO","distrito":"SANTA ROSA","institucion":"GOBIERNO REGIONAL","codigoMinsa":4355,"direccion":"CALLE CALLE 7 DE JUNIO 535 DISTRITO SANTA ROSA PROVINCIA CHICLAYO DEPARTAMENTO LAMBAYEQUE","disa":"LAMBAYEQUE","red":"CHICLAYO","microrred":"CIRCUITO DE PLAYA","categoria":"ESTABLECIMIENTO DE SALUD SIN INTERNAMIENTO","condicion":"ACTIVO","actualizado":"2023/08/01 19:00:00.000","fuente":"MINSA","urlRenipr":"http://app20.susalud.gob.pe:8080/registro-renipress-webapp/ipress.htm?action=mostrarVer&idipress=00004355"}},{"type":"Feature","geometry":{"type":"Point","coordinates":[-79.85850999999997,-6.5074299999999425]},"properties":{"objectid":21143,"nombre":"TUCUME","departamento":"LAMBAYEQUE","provincia":"LAMBAYEQUE","distrito":"TUCUME","institucion":"GOBIERNO REGIONAL","codigoMinsa":4389,"direccion":"CALLE CALLE UNION S/N TUCUME NÚMERO S/N DISTRITO TUCUME PROVINCIA LAMBAYEQUE DEPARTAMENTO LAMBAYEQUE","disa":"LAMBAYEQUE","red":"LAMBAYEQUE","microrred":"TUCUME","categoria":"ESTABLECIMIENTO DE SALUD SIN INTERNAMIENTO","condicion":"ACTIVO","actualizado":"2023/08/01 19:00:00.000","fuente":"MINSA","urlRenipr":"http://app20.susalud.gob.pe:8080/registro-renipress-webapp/ipress.htm?action=mostrarVer&idipress=00004389"}},{"type":"Feature","geometry":{"type":"Point","coordinates":[-79.80834999999996,-5.8452083299999344]},"properties":{"objectid":21144,"nombre":"PASABAR ASERRADERO","departamento":"LAMBAYEQUE","provincia":"LAMBAYEQUE","distrito":"OLMOS","institucion":"GOBIERNO REGIONAL","codigoMinsa":18872,"direccion":"OTROS CAS PASABAR ACERRADERO CAS PASABAR ACERRADERO OLMOS LAMBAYEQUE LAMBAYEQUE","disa":"LAMBAYEQUE","red":"LAMBAYEQUE","microrred":"OLMOS","categoria":"ESTABLECIMIENTO DE SALUD SIN INTERNAMIENTO","condicion":"ACTIVO","actualizado":"2023/08/01 19:00:00.000","fuente":"MINSA","urlRenipr":"http://app20.susalud.gob.pe:8080/registro-renipress-webapp/ipress.htm?action=mostrarVer&idipress=00018872"}},{"type":"Feature","geometry":{"type":"Point","coordinates":[-79.30464206999994,-6.081357169999933]},"properties":{"objectid":21145,"nombre":"MAMAGPAMPA","departamento":"LAMBAYEQUE","provincia":"FERREÑAFE","distrito":"CAÑARIS","institucion":"GOBIERNO REGIONAL","codigoMinsa":7318,"direccion":"OTROS CASERIO DE MAGMAPAMPA CASERIO DE MAGMAPAMPA CAÑARIS FERREÑAFE LAMBAYEQUE","disa":"LAMBAYEQUE","red":"LAMBAYEQUE","microrred":"KAÑARIS","categoria":"ESTABLECIMIENTO DE SALUD SIN INTERNAMIENTO","condicion":"ACTIVO","actualizado":"2023/08/01 19:00:00.000","fuente":"MINSA","urlRenipr":"http://app20.susalud.gob.pe:8080/registro-renipress-webapp/ipress.htm?action=mostrarVer&idipress=00007318"}},{"type":"Feature","geometry":{"type":"Point","coordinates":[-79.56156832999994,-6.826229999999953]},"properties":{"objectid":21146,"nombre":"COLLIQUE","departamento":"LAMBAYEQUE","provincia":"CHICLAYO","distrito":"SAÑA","institucion":"GOBIERNO REGIONAL","codigoMinsa":4357,"direccion":"OTROS CASERIO COLLIQUE DISTRITO SAÑA PROVINCIA CHICLAYO DEPARTAMENTO LAMBAYEQUE","disa":"LAMBAYEQUE","red":"CHICLAYO","microrred":"CAYALTI-ZAÑA","categoria":"ESTABLECIMIENTO DE SALUD SIN INTERNAMIENTO","condicion":"ACTIVO","actualizado":"2023/08/01 19:00:00.000","fuente":"MINSA","urlRenipr":"http://app20.susalud.gob.pe:8080/registro-renipress-webapp/ipress.htm?action=mostrarVer&idipress=00004357"}},{"type":"Feature","geometry":{"type":"Point","coordinates":[-79.85965499999998,-6.9080366699999445]},"properties":{"objectid":21147,"nombre":"CIUDAD ETEN","departamento":"LAMBAYEQUE","provincia":"CHICLAYO","distrito":"ETEN","institucion":"GOBIERNO REGIONAL","codigoMinsa":4353,"direccion":"CALLE CALLE MANUEL BONILLA Nº 899 DISTRITO ETEN PROVINCIA CHICLAYO DEPARTAMENTO LAMBAYEQUE","disa":"LAMBAYEQUE","red":"CHICLAYO","microrred":"CIRCUITO DE PLAYA","categoria":"ESTABLECIMIENTO DE SALUD SIN INTERNAMIENTO","condicion":"ACTIVO","actualizado":"2023/08/01 19:00:00.000","fuente":"MINSA","urlRenipr":"http://app20.susalud.gob.pe:8080/registro-renipress-webapp/ipress.htm?action=mostrarVer&idipress=00004353"}},{"type":"Feature","geometry":{"type":"Point","coordinates":[-80.09715089999997,-5.9178208299999255]},"properties":{"objectid":21148,"nombre":"FICUAR","departamento":"LAMBAYEQUE","provincia":"LAMBAYEQUE","distrito":"OLMOS","institucion":"GOBIERNO REGIONAL","codigoMinsa":4415,"direccion":"OTROS CASERIO FICUAR CASERIO FICUAR OLMOS LAMBAYEQUE LAMBAYEQUE","disa":"LAMBAYEQUE","red":"LAMBAYEQUE","microrred":"OLMOS","categoria":"ESTABLECIMIENTO DE SALUD SIN INTERNAMIENTO","condicion":"ACTIVO","actualizado":"2023/08/01 19:00:00.000","fuente":"MINSA","urlRenipr":"http://app20.susalud.gob.pe:8080/registro-renipress-webapp/ipress.htm?action=mostrarVer&idipress=00004415"}},{"type":"Feature","geometry":{"type":"Point","coordinates":[-79.35265999999996,-6.849786669999958]},"properties":{"objectid":21150,"nombre":"LA COMPUERTA","departamento":"LAMBAYEQUE","provincia":"CHICLAYO","distrito":"OYOTUN","institucion":"GOBIERNO REGIONAL","codigoMinsa":17875,"direccion":"OTROS CENTRO POBLADO LA COMPUERTA DISTRITO OYOTUN PROVINCIA CHICLAYO DEPARTAMENTO LAMBAYEQUE","disa":"LAMBAYEQUE","red":"CHICLAYO","microrred":"OYOTUN","categoria":"ESTABLECIMIENTO DE SALUD SIN INTERNAMIENTO","condicion":"ACTIVO","actualizado":"2023/08/01 19:00:00.000","fuente":"MINSA","urlRenipr":"http://app20.susalud.gob.pe:8080/registro-renipress-webapp/ipress.htm?action=mostrarVer&idipress=00017875"}},{"type":"Feature","geometry":{"type":"Point","coordinates":[-79.84404579999995,-6.781050299999947]},"properties":{"objectid":21208,"nombre":"MEDINOR","departamento":"LAMBAYEQUE","provincia":"CHICLAYO","distrito":"CHICLAYO","institucion":"PRIVADO","codigoMinsa":15816,"direccion":"CALLE CALLE LOS SAUCES 118 URB. SANTA VICTORIA DISTRITO CHICLAYO PROVINCIA CHICLAYO DEPARTAMENTO LAMBAYEQUE","disa":"LAMBAYEQUE","red":"","microrred":"NO PERTENECE A NINGUNA MICRORED","categoria":"ESTABLECIMIENTO DE SALUD SIN INTERNAMIENTO","condicion":"ACTIVO","actualizado":"2023/08/01 19:00:00.000","fuente":"MINSA","urlRenipr":"http://app20.susalud.gob.pe:8080/registro-renipress-webapp/ipress.htm?action=mostrarVer&idipress=00015816"}},{"type":"Feature","geometry":{"type":"Point","coordinates":[-79.70421629999998,-6.748610399999961]},"properties":{"objectid":21220,"nombre":"HOSPITAL REFERENCIAL DOCENTE TUMAN","departamento":"LAMBAYEQUE","provincia":"CHICLAYO","distrito":"TUMAN","institucion":"PRIVADO","codigoMinsa":11083,"direccion":"AV. EL TRABAJO S/N - COOPERATIVA TUMAN","disa":"","red":"","microrred":"","categoria":"ESTABLECIMIENTO DE SALUD SIN INTERNAMIENTO","condicion":"RETIRO VOLUNTARIO","actualizado":"2023/08/01 19:00:00.000","fuente":"MINSA","urlRenipr":"http://app20.susalud.gob.pe:8080/registro-renipress-webapp/ipress.htm?action=mostrarVer&idipress=00011083"}},{"type":"Feature","geometry":{"type":"Point","coordinates":[-79.84119689999994,-6.773164799999961]},"properties":{"objectid":21345,"nombre":"CONSULTORIO DE NIÑOS","departamento":"LAMBAYEQUE","provincia":"CHICLAYO","distrito":"CHICLAYO","institucion":"PRIVADO","codigoMinsa":31346,"direccion":"CALLE MARIA IZAGA NÚMERO 158 PISO 1 DISTRITO CHICLAYO PROVINCIA CHICLAYO DEPARTAMENTO LAMBAYEQUE","disa":"LAMBAYEQUE","red":"","microrred":"","categoria":"ESTABLECIMIENTO DE SALUD SIN INTERNAMIENTO","condicion":"ACTIVO","actualizado":"2023/08/01 19:00:00.000","fuente":"MINSA","urlRenipr":"http://app20.susalud.gob.pe:8080/registro-renipress-webapp/ipress.htm?action=mostrarVer&idipress=00031346"}},{"type":"Feature","geometry":{"type":"Point","coordinates":[-79.84429779999994,-6.776597399999957]},"properties":{"objectid":21362,"nombre":"FFRANKDENT","departamento":"LAMBAYEQUE","provincia":"CHICLAYO","distrito":"CHICLAYO","institucion":"PRIVADO","codigoMinsa":11525,"direccion":"OTROS MZ.E .LOTE. 23 DPTO. 102 URBANIZACION SANTIAGO SALAVERRY IV ETAPA DISTRITO CHICLAYO PROVINCIA CHICLAYO DEPARTAMENTO LAMBAYEQUE","disa":"LAMBAYEQUE","red":"NO PERTENECE A NINGUNA RED","microrred":"NO PERTENECE A NINGUNA MICRORED","categoria":"ESTABLECIMIENTO DE SALUD SIN INTERNAMIENTO","condicion":"ACTIVO","actualizado":"2023/08/01 19:00:00.000","fuente":"MINSA","urlRenipr":"http://app20.susalud.gob.pe:8080/registro-renipress-webapp/ipress.htm?action=mostrarVer&idipress=00011525"}},{"type":"Feature","geometry":{"type":"Point","coordinates":[-79.84429779999994,-6.776597399999957]},"properties":{"objectid":21388,"nombre":"CONSULTORIO MEDICO","departamento":"LAMBAYEQUE","provincia":"CHICLAYO","distrito":"CHICLAYO","institucion":"PRIVADO","codigoMinsa":14776,"direccion":"CALLE CALLE TACNA Nº 275 DISTRITO CHICLAYO PROVINCIA CHICLAYO DEPARTAMENTO LAMBAYEQUE","disa":"","red":"","microrred":"","categoria":"ESTABLECIMIENTO DE SALUD SIN INTERNAMIENTO","condicion":"RUC INACTIVO EN SUNAT","actualizado":"2023/08/01 19:00:00.000","fuente":"MINSA","urlRenipr":"http://app20.susalud.gob.pe:8080/registro-renipress-webapp/ipress.htm?action=mostrarVer&idipress=00014776"}},{"type":"Feature","geometry":{"type":"Point","coordinates":[-79.83742849999999,-6.775811199999964]},"properties":{"objectid":21904,"nombre":"MAYLI MAGDALENA MENDOZA CHUNG","departamento":"LAMBAYEQUE","provincia":"CHICLAYO","distrito":"CHICLAYO","institucion":"PRIVADO","codigoMinsa":23320,"direccion":"AVENIDA FRANCISCO BOLOGNESI N?ERO 316 PISO 2 DEPARTAMENTO 203 DISTRITO CHICLAYO PROVINCIA CHICLAYO DEPARTAMENTO LAMBAYEQUE","disa":"LAMBAYEQUE","red":"NO PERTENECE A NINGUNA RED","microrred":"NO PERTENECE A NINGUNA MICRORED","categoria":"ESTABLECIMIENTO DE SALUD SIN INTERNAMIENTO","condicion":"ACTIVO","actualizado":"2023/08/01 19:00:00.000","fuente":"MINSA","urlRenipr":"http://app20.susalud.gob.pe:8080/registro-renipress-webapp/ipress.htm?action=mostrarVer&idipress=00023320"}},{"type":"Feature","geometry":{"type":"Point","coordinates":[-79.48697999999996,-6.377969999999948]},"properties":{"objectid":22065,"nombre":"PUCHACA","departamento":"LAMBAYEQUE","provincia":"FERREÑAFE","distrito":"INCAHUASI","institucion":"GOBIERNO REGIONAL","codigoMinsa":4442,"direccion":"OTROS CASERIO PUCHACA DISTRITO INCAHUASI PROVINCIA FERREÑAFE DEPARTAMENTO LAMBAYEQUE","disa":"LAMBAYEQUE","red":"FERREÐAFE","microrred":"INKAWASI","categoria":"ESTABLECIMIENTO DE SALUD SIN INTERNAMIENTO","condicion":"ACTIVO","actualizado":"2023/08/01 19:00:00.000","fuente":"MINSA","urlRenipr":"http://app20.susalud.gob.pe:8080/registro-renipress-webapp/ipress.htm?action=mostrarVer&idipress=00004442"}},{"type":"Feature","geometry":{"type":"Point","coordinates":[-79.83792187999995,-6.752471149999963]},"properties":{"objectid":22470,"nombre":"JOSE LEONARDO ORTIZ","departamento":"LAMBAYEQUE","provincia":"CHICLAYO","distrito":"JOSE LEONARDO ORTIZ","institucion":"GOBIERNO REGIONAL","codigoMinsa":4331,"direccion":"CALLE CALLE HUSARES DE JUNIN Nº 1295 CALLE HUSARES DE JUNIN Nº 1295 JOSE LEONARDO ORTIZ CHICLAYO LAMBAYEQUE","disa":"LAMBAYEQUE","red":"CHICLAYO","microrred":"JOSE LEONARDO ORTIZ","categoria":"ESTABLECIMIENTO DE SALUD CON INTERNAMIENTO","condicion":"ACTIVO","actualizado":"2023/08/01 19:00:00.000","fuente":"MINSA","urlRenipr":"http://app20.susalud.gob.pe:8080/registro-renipress-webapp/ipress.htm?action=mostrarVer&idipress=00004331"}},{"type":"Feature","geometry":{"type":"Point","coordinates":[-79.77082749999994,-6.719546899999955]},"properties":{"objectid":22681,"nombre":"ESTABLECIMIENTO PENAL PICSI - CHICLAYO","departamento":"LAMBAYEQUE","provincia":"CHICLAYO","distrito":"CHICLAYO","institucion":"INPE","codigoMinsa":17282,"direccion":"CARRETERA CARRETERA A PICSI DISTRITO CHICLAYO PROVINCIA CHICLAYO DEPARTAMENTO LAMBAYEQUE","disa":"LAMBAYEQUE","red":"NO PERTENECE A NINGUNA RED","microrred":"NO PERTENECE A NINGUNA MICRORED","categoria":"ESTABLECIMIENTO DE SALUD SIN INTERNAMIENTO","condicion":"ACTIVO","actualizado":"2023/08/01 19:00:00.000","fuente":"MINSA","urlRenipr":"http://app20.susalud.gob.pe:8080/registro-renipress-webapp/ipress.htm?action=mostrarVer&idipress=00017282"}},{"type":"Feature","geometry":{"type":"Point","coordinates":[-79.83950849999997,-6.775293599999941]},"properties":{"objectid":22728,"nombre":"CERIN","departamento":"LAMBAYEQUE","provincia":"CHICLAYO","distrito":"CHICLAYO","institucion":"PRIVADO","codigoMinsa":28140,"direccion":"CALLE COLON NÚMERO 222 DISTRITO CHICLAYO PROVINCIA CHICLAYO DEPARTAMENTO LAMBAYEQUE","disa":"LAMBAYEQUE","red":"NO PERTENECE A NINGUNA RED","microrred":"NO PERTENECE A NINGUNA MICRORED","categoria":"SERVICIO MÉDICO DE APOYO","condicion":"ACTIVO","actualizado":"2023/08/01 19:00:00.000","fuente":"MINSA","urlRenipr":"http://app20.susalud.gob.pe:8080/registro-renipress-webapp/ipress.htm?action=mostrarVer&idipress=00028140"}},{"type":"Feature","geometry":{"type":"Point","coordinates":[-79.84123786999999,-6.77240581999996]},"properties":{"objectid":22824,"nombre":"World Medical Support EIRL","departamento":"LAMBAYEQUE","provincia":"CHICLAYO","distrito":"CHICLAYO","institucion":"PRIVADO","codigoMinsa":27432,"direccion":"CALLE Daniel Alcidez Carrión NÚMERO 151 INTERIOR 9 DISTRITO CHICLAYO PROVINCIA CHICLAYO DEPARTAMENTO LAMBAYEQUE","disa":"LAMBAYEQUE","red":"NO PERTENECE A NINGUNA RED","microrred":"NO PERTENECE A NINGUNA MICRORED","categoria":"SERVICIO MÉDICO DE APOYO","condicion":"ACTIVO","actualizado":"2023/08/01 19:00:00.000","fuente":"MINSA","urlRenipr":"http://app20.susalud.gob.pe:8080/registro-renipress-webapp/ipress.htm?action=mostrarVer&idipress=00027432"}},{"type":"Feature","geometry":{"type":"Point","coordinates":[-79.86088579999995,-6.761451999999963]},"properties":{"objectid":22830,"nombre":"CENTRO MEDICO ECOMEDIC","departamento":"LAMBAYEQUE","provincia":"CHICLAYO","distrito":"JOSE LEONARDO ORTIZ","institucion":"PRIVADO","codigoMinsa":31345,"direccion":"CARRETERA PANAMERICANA NORTE NÚMERO 775 MANZANA A LOTE 1 DISTRITO JOSE LEONARDO ORTIZ PROVINCIA CHICLAYO DEPARTAMENTO LAMBAYEQUE","disa":"LAMBAYEQUE","red":"","microrred":"","categoria":"ESTABLECIMIENTO DE SALUD SIN INTERNAMIENTO","condicion":"ACTIVO","actualizado":"2023/08/01 19:00:00.000","fuente":"MINSA","urlRenipr":"http://app20.susalud.gob.pe:8080/registro-renipress-webapp/ipress.htm?action=mostrarVer&idipress=00031345"}},{"type":"Feature","geometry":{"type":"Point","coordinates":[-79.85526038999996,-6.769680909999977]},"properties":{"objectid":22992,"nombre":"CHICLAYO AL VOLANTE","departamento":"LAMBAYEQUE","provincia":"CHICLAYO","distrito":"CHICLAYO","institucion":"PRIVADO","codigoMinsa":29864,"direccion":"AVENIDA SALAVERRY 976 OVALO QUIÑONES CHICLAYO CHICLAYO LAMBAYEQUE","disa":"LAMBAYEQUE","red":"","microrred":"NO PERTENECE A NINGUNA MICRORED","categoria":"ESTABLECIMIENTO DE SALUD SIN INTERNAMIENTO","condicion":"ACTIVO","actualizado":"2023/08/01 19:00:00.000","fuente":"MINSA","urlRenipr":"http://app20.susalud.gob.pe:8080/registro-renipress-webapp/ipress.htm?action=mostrarVer&idipress=00029864"}},{"type":"Feature","geometry":{"type":"Point","coordinates":[-79.95859771999994,-6.466515719999961]},"properties":{"objectid":23152,"nombre":"MONTE HERMOZO","departamento":"LAMBAYEQUE","provincia":"LAMBAYEQUE","distrito":"MORROPE","institucion":"GOBIERNO REGIONAL","codigoMinsa":7222,"direccion":"AVENIDA AV.ANDRES AVELINO CACERES S/N CASERIO MONTE HERMOSO S/N AV.ANDRES AVELINO CACERES S/N CASERIO MONTE HERMOSO MORROPE LAMBAYEQUE LAMBAYEQUE","disa":"LAMBAYEQUE","red":"LAMBAYEQUE","microrred":"MORROPE","categoria":"ESTABLECIMIENTO DE SALUD SIN INTERNAMIENTO","condicion":"ACTIVO","actualizado":"2023/08/01 19:00:00.000","fuente":"MINSA","urlRenipr":"http://app20.susalud.gob.pe:8080/registro-renipress-webapp/ipress.htm?action=mostrarVer&idipress=00007222"}},{"type":"Feature","geometry":{"type":"Point","coordinates":[-79.63476832999999,-6.084143329999961]},"properties":{"objectid":23153,"nombre":"MARRIPON","departamento":"LAMBAYEQUE","provincia":"LAMBAYEQUE","distrito":"MOTUPE","institucion":"GOBIERNO REGIONAL","codigoMinsa":4406,"direccion":"OTROS CAS. MARRIPON CAS. MARRIPON MOTUPE LAMBAYEQUE LAMBAYEQUE","disa":"LAMBAYEQUE","red":"LAMBAYEQUE","microrred":"MOTUPE","categoria":"ESTABLECIMIENTO DE SALUD SIN INTERNAMIENTO","condicion":"ACTIVO","actualizado":"2023/08/01 19:00:00.000","fuente":"MINSA","urlRenipr":"http://app20.susalud.gob.pe:8080/registro-renipress-webapp/ipress.htm?action=mostrarVer&idipress=00004406"}},{"type":"Feature","geometry":{"type":"Point","coordinates":[-79.90301433999997,-5.596491019999974]},"properties":{"objectid":23154,"nombre":"ÑAUPE","departamento":"LAMBAYEQUE","provincia":"LAMBAYEQUE","distrito":"OLMOS","institucion":"GOBIERNO REGIONAL","codigoMinsa":4413,"direccion":"OTROS CASERIO ÑAUPE CASERIO ÑAUPE OLMOS LAMBAYEQUE LAMBAYEQUE","disa":"LAMBAYEQUE","red":"LAMBAYEQUE","microrred":"OLMOS","categoria":"ESTABLECIMIENTO DE SALUD SIN INTERNAMIENTO","condicion":"ACTIVO","actualizado":"2023/08/01 19:00:00.000","fuente":"MINSA","urlRenipr":"http://app20.susalud.gob.pe:8080/registro-renipress-webapp/ipress.htm?action=mostrarVer&idipress=00004413"}},{"type":"Feature","geometry":{"type":"Point","coordinates":[-79.47048332999998,-6.169673329999966]},"properties":{"objectid":23155,"nombre":"PENACHI","departamento":"LAMBAYEQUE","provincia":"LAMBAYEQUE","distrito":"SALAS","institucion":"GOBIERNO REGIONAL","codigoMinsa":4387,"direccion":"CALLE CALLE CRUZ DE YANAHUANCA S/N S/N CALLE CRUZ DE YANAHUANCA S/N SALAS LAMBAYEQUE LAMBAYEQUE","disa":"LAMBAYEQUE","red":"LAMBAYEQUE","microrred":"SALAS","categoria":"ESTABLECIMIENTO DE SALUD SIN INTERNAMIENTO","condicion":"ACTIVO","actualizado":"2023/08/01 19:00:00.000","fuente":"MINSA","urlRenipr":"http://app20.susalud.gob.pe:8080/registro-renipress-webapp/ipress.htm?action=mostrarVer&idipress=00004387"}},{"type":"Feature","geometry":{"type":"Point","coordinates":[-79.86761374999998,-6.771261009999932]},"properties":{"objectid":23157,"nombre":"JOSE QUIÑONEZ GONZALES","departamento":"LAMBAYEQUE","provincia":"CHICLAYO","distrito":"CHICLAYO","institucion":"GOBIERNO REGIONAL","codigoMinsa":4322,"direccion":"OTROS TUMBES Y SARGENTO LORES S/N NÚMERO S/N DISTRITO CHICLAYO PROVINCIA CHICLAYO DEPARTAMENTO LAMBAYEQUE","disa":"LAMBAYEQUE","red":"CHICLAYO","microrred":"CHICLAYO","categoria":"ESTABLECIMIENTO DE SALUD SIN INTERNAMIENTO","condicion":"ACTIVO","actualizado":"2023/08/01 19:00:00.000","fuente":"MINSA","urlRenipr":"http://app20.susalud.gob.pe:8080/registro-renipress-webapp/ipress.htm?action=mostrarVer&idipress=00004322"}},{"type":"Feature","geometry":{"type":"Point","coordinates":[-79.83566029999997,-6.780386999999962]},"properties":{"objectid":23190,"nombre":"DPI DR. ROSAS","departamento":"LAMBAYEQUE","provincia":"CHICLAYO","distrito":"CHICLAYO","institucion":"PRIVADO","codigoMinsa":15817,"direccion":"CALLE CALLE TINAJONES 137 URB FEDERICO VILLARREAL DISTRITO CHICLAYO PROVINCIA CHICLAYO DEPARTAMENTO LAMBAYEQUE","disa":"LAMBAYEQUE","red":"NO PERTENECE A NINGUNA RED","microrred":"NO PERTENECE A NINGUNA MICRORED","categoria":"ESTABLECIMIENTO DE SALUD SIN INTERNAMIENTO","condicion":"ACTIVO","actualizado":"2023/08/01 19:00:00.000","fuente":"MINSA","urlRenipr":"http://app20.susalud.gob.pe:8080/registro-renipress-webapp/ipress.htm?action=mostrarVer&idipress=00015817"}},{"type":"Feature","geometry":{"type":"Point","coordinates":[-79.78697139999997,-6.63406759999998]},"properties":{"objectid":23312,"nombre":"CENTRO ESPECIALIZADO CLINIYON E.I.R.L","departamento":"LAMBAYEQUE","provincia":"FERREÑAFE","distrito":"FERREÑAFE","institucion":"PRIVADO","codigoMinsa":11936,"direccion":"OTROS URB. MANUEL ALCANTARA MZ. \"D\" - LOTE 7 DISTRITO FERREÑAFE PROVINCIA FERREÑAFE DEPARTAMENTO LAMBAYEQUE","disa":"LAMBAYEQUE","red":"NO PERTENECE A NINGUNA RED","microrred":"NO PERTENECE A NINGUNA MICRORED","categoria":"ESTABLECIMIENTO DE SALUD SIN INTERNAMIENTO","condicion":"ACTIVO","actualizado":"2023/08/01 19:00:00.000","fuente":"MINSA","urlRenipr":"http://app20.susalud.gob.pe:8080/registro-renipress-webapp/ipress.htm?action=mostrarVer&idipress=00011936"}},{"type":"Feature","geometry":{"type":"Point","coordinates":[-79.90209599999997,-6.701573999999937]},"properties":{"objectid":23715,"nombre":"SERVI NORTE","departamento":"LAMBAYEQUE","provincia":"LAMBAYEQUE","distrito":"LAMBAYEQUE","institucion":"PRIVADO","codigoMinsa":14303,"direccion":"CALLE CALLE LOS UNIDOS N° 101 - LAMBAYEQUE DISTRITO LAMBAYEQUE PROVINCIA LAMBAYEQUE DEPARTAMENTO LAMBAYEQUE","disa":"LAMBAYEQUE","red":"NO PERTENECE A NINGUNA RED","microrred":"NO PERTENECE A NINGUNA MICRORED","categoria":"ESTABLECIMIENTO DE SALUD SIN INTERNAMIENTO","condicion":"ACTIVO","actualizado":"2023/08/01 19:00:00.000","fuente":"MINSA","urlRenipr":"http://app20.susalud.gob.pe:8080/registro-renipress-webapp/ipress.htm?action=mostrarVer&idipress=00014303"}},{"type":"Feature","geometry":{"type":"Point","coordinates":[-79.84130219999997,-6.771566999999948]},"properties":{"objectid":24079,"nombre":"CONSULTORIO MEDICO","departamento":"LAMBAYEQUE","provincia":"CHICLAYO","distrito":"CHICLAYO","institucion":"PRIVADO","codigoMinsa":12422,"direccion":"CALLE CALLE ELIAS AGUIRRE Nº 417 DISTRITO CHICLAYO PROVINCIA CHICLAYO DEPARTAMENTO LAMBAYEQUE","disa":"","red":"","microrred":"","categoria":"ESTABLECIMIENTO DE SALUD SIN INTERNAMIENTO","condicion":"RUC INACTIVO EN SUNAT","actualizado":"2023/08/01 19:00:00.000","fuente":"MINSA","urlRenipr":"http://app20.susalud.gob.pe:8080/registro-renipress-webapp/ipress.htm?action=mostrarVer&idipress=00012422"}},{"type":"Feature","geometry":{"type":"Point","coordinates":[-79.85499069999997,-6.770079799999962]},"properties":{"objectid":24170,"nombre":"GINECOFEM","departamento":"LAMBAYEQUE","provincia":"CHICLAYO","distrito":"CHICLAYO","institucion":"PRIVADO","codigoMinsa":28904,"direccion":"CALLE VICENTE DE LA VEGA NÚMERO 425 PISO 1 DISTRITO CHICLAYO PROVINCIA CHICLAYO DEPARTAMENTO LAMBAYEQUE","disa":"LAMBAYEQUE","red":"NO PERTENECE A NINGUNA RED","microrred":"NO PERTENECE A NINGUNA MICRORED","categoria":"ESTABLECIMIENTO DE SALUD SIN INTERNAMIENTO","condicion":"ACTIVO","actualizado":"2023/08/01 19:00:00.000","fuente":"MINSA","urlRenipr":"http://app20.susalud.gob.pe:8080/registro-renipress-webapp/ipress.htm?action=mostrarVer&idipress=00028904"}},{"type":"Feature","geometry":{"type":"Point","coordinates":[-79.83669559999998,-6.759730699999977]},"properties":{"objectid":24523,"nombre":"CENTRO DE ATENCIÓN PRIMARIA III MANUEL MANRIQUE NEVADO","departamento":"LAMBAYEQUE","provincia":"CHICLAYO","distrito":"JOSE LEONARDO ORTIZ","institucion":"ESSALUD","codigoMinsa":8831,"direccion":"CALLE CALLE CONQUISTA 464-470 DISTRITO JOSE LEONARDO ORTIZ PROVINCIA CHICLAYO DEPARTAMENTO LAMBAYEQUE","disa":"LAMBAYEQUE","red":"NO PERTENECE A NINGUNA RED","microrred":"NO PERTENECE A NINGUNA MICRORED","categoria":"ESTABLECIMIENTO DE SALUD SIN INTERNAMIENTO","condicion":"ACTIVO","actualizado":"2023/08/01 19:00:00.000","fuente":"MINSA","urlRenipr":"http://app20.susalud.gob.pe:8080/registro-renipress-webapp/ipress.htm?action=mostrarVer&idipress=00008831"}},{"type":"Feature","geometry":{"type":"Point","coordinates":[-79.83769599999994,-6.778067999999962]},"properties":{"objectid":24833,"nombre":"CLINICA ODONTOLOGICA DENTAL FAMILY","departamento":"LAMBAYEQUE","provincia":"CHICLAYO","distrito":"CHICLAYO","institucion":"PRIVADO","codigoMinsa":13622,"direccion":"CALLE CAL. GARCILAZO DE LA VEGA NRO. 759 DPTO. 101 CENTRO DE CHICLAYO DISTRITO CHICLAYO PROVINCIA CHICLAYO DEPARTAMENTO LAMBAYEQUE","disa":"LAMBAYEQUE","red":"NO PERTENECE A NINGUNA RED","microrred":"NO PERTENECE A NINGUNA MICRORED","categoria":"ESTABLECIMIENTO DE SALUD SIN INTERNAMIENTO","condicion":"ACTIVO","actualizado":"2023/08/01 19:00:00.000","fuente":"MINSA","urlRenipr":"http://app20.susalud.gob.pe:8080/registro-renipress-webapp/ipress.htm?action=mostrarVer&idipress=00013622"}},{"type":"Feature","geometry":{"type":"Point","coordinates":[-79.85613919999997,-6.770509299999958]},"properties":{"objectid":24975,"nombre":"CUBAMEDIC","departamento":"LAMBAYEQUE","provincia":"CHICLAYO","distrito":"CHICLAYO","institucion":"PRIVADO","codigoMinsa":30482,"direccion":"CALLE La Gloria NÚMERO 160 URBANIZACIÓN Libertadores DISTRITO CHICLAYO PROVINCIA CHICLAYO DEPARTAMENTO LAMBAYEQUE","disa":"LAMBAYEQUE","red":"","microrred":"","categoria":"ESTABLECIMIENTO DE SALUD SIN INTERNAMIENTO","condicion":"ACTIVO","actualizado":"2023/08/01 19:00:00.000","fuente":"MINSA","urlRenipr":"http://app20.susalud.gob.pe:8080/registro-renipress-webapp/ipress.htm?action=mostrarVer&idipress=00030482"}},{"type":"Feature","geometry":{"type":"Point","coordinates":[-79.84545029999998,-6.7738535999999385]},"properties":{"objectid":24996,"nombre":"CENTRO DE DIALISIS MARIA AUXILIADORA E.I.R.L","departamento":"LAMBAYEQUE","provincia":"CHICLAYO","distrito":"CHICLAYO","institucion":"PRIVADO","codigoMinsa":18227,"direccion":"AVENIDA AV. JOSE LEONARDO ORTIZ Nº 449 DISTRITO CHICLAYO PROVINCIA CHICLAYO DEPARTAMENTO LAMBAYEQUE","disa":"LAMBAYEQUE","red":"NO PERTENECE A NINGUNA RED","microrred":"NO PERTENECE A NINGUNA MICRORED","categoria":"SERVICIO MÉDICO DE APOYO","condicion":"ACTIVO","actualizado":"2023/08/01 19:00:00.000","fuente":"MINSA","urlRenipr":"http://app20.susalud.gob.pe:8080/registro-renipress-webapp/ipress.htm?action=mostrarVer&idipress=00018227"}},{"type":"Feature","geometry":{"type":"Point","coordinates":[-79.83194539999994,-6.775012999999944]},"properties":{"objectid":25019,"nombre":"CLINICA AUNA SEDE CHICLAYO","departamento":"LAMBAYEQUE","provincia":"CHICLAYO","distrito":"CHICLAYO","institucion":"PRIVADO","codigoMinsa":30057,"direccion":"CALLE MARISCAL NIETO NÚMERO 480 URBANIZACIÓN CAMPODONICO DISTRITO CHICLAYO PROVINCIA CHICLAYO DEPARTAMENTO LAMBAYEQUE","disa":"LAMBAYEQUE","red":"","microrred":"","categoria":"ESTABLECIMIENTO DE SALUD CON INTERNAMIENTO","condicion":"ACTIVO","actualizado":"2023/08/01 19:00:00.000","fuente":"MINSA","urlRenipr":"http://app20.susalud.gob.pe:8080/registro-renipress-webapp/ipress.htm?action=mostrarVer&idipress=00030057"}},{"type":"Feature","geometry":{"type":"Point","coordinates":[-79.84232629999997,-6.772489699999937]},"properties":{"objectid":25142,"nombre":"CENTRO DE SERVICIOS INTEGRALES DE SALUD RAY EIRL","departamento":"LAMBAYEQUE","provincia":"CHICLAYO","distrito":"CHICLAYO","institucion":"PRIVADO","codigoMinsa":27976,"direccion":"AVENIDA LUIS GONZALES NÚMERO 642 DISTRITO CHICLAYO PROVINCIA CHICLAYO DEPARTAMENTO LAMBAYEQUE","disa":"LAMBAYEQUE","red":"NO PERTENECE A NINGUNA RED","microrred":"NO PERTENECE A NINGUNA MICRORED","categoria":"SERVICIO MÉDICO DE APOYO","condicion":"ACTIVO","actualizado":"2023/08/01 19:00:00.000","fuente":"MINSA","urlRenipr":"http://app20.susalud.gob.pe:8080/registro-renipress-webapp/ipress.htm?action=mostrarVer&idipress=00027976"}},{"type":"Feature","geometry":{"type":"Point","coordinates":[-79.84232637999997,-6.7725302599999395]},"properties":{"objectid":25143,"nombre":"LABORATORIOS RAY","departamento":"LAMBAYEQUE","provincia":"CHICLAYO","distrito":"CHICLAYO","institucion":"PRIVADO","codigoMinsa":17257,"direccion":"CALLE CALLE MANUEL MARIA IZAGA 126 DISTRITO CHICLAYO PROVINCIA CHICLAYO DEPARTAMENTO LAMBAYEQUE","disa":"","red":"","microrred":"","categoria":"ESTABLECIMIENTO DE SALUD SIN INTERNAMIENTO","condicion":"RETIRO VOLUNTARIO","actualizado":"2023/08/01 19:00:00.000","fuente":"MINSA","urlRenipr":"http://app20.susalud.gob.pe:8080/registro-renipress-webapp/ipress.htm?action=mostrarVer&idipress=00017257"}},{"type":"Feature","geometry":{"type":"Point","coordinates":[-79.95654132999994,-6.628998559999957]},"properties":{"objectid":25229,"nombre":"CRUZ DE PAREDONES","departamento":"LAMBAYEQUE","provincia":"LAMBAYEQUE","distrito":"MORROPE","institucion":"GOBIERNO REGIONAL","codigoMinsa":4427,"direccion":"AVENIDA AV.PANAMERICA NORTE Nº 792-CARRETERA A MORROPE AV.PANAMERICA NORTE Nº 792-CARRETERA A MORROPE MORROPE LAMBAYEQUE LAMBAYEQUE","disa":"LAMBAYEQUE","red":"LAMBAYEQUE","microrred":"MORROPE","categoria":"ESTABLECIMIENTO DE SALUD SIN INTERNAMIENTO","condicion":"ACTIVO","actualizado":"2023/08/01 19:00:00.000","fuente":"MINSA","urlRenipr":"http://app20.susalud.gob.pe:8080/registro-renipress-webapp/ipress.htm?action=mostrarVer&idipress=00004427"}},{"type":"Feature","geometry":{"type":"Point","coordinates":[-79.87243499999994,-6.853866669999945]},"properties":{"objectid":25231,"nombre":"POMAPE","departamento":"LAMBAYEQUE","provincia":"CHICLAYO","distrito":"MONSEFU","institucion":"GOBIERNO REGIONAL","codigoMinsa":4351,"direccion":"OTROS CASERIO POMAPE DISTRITO MONSEFU PROVINCIA CHICLAYO DEPARTAMENTO LAMBAYEQUE","disa":"LAMBAYEQUE","red":"CHICLAYO","microrred":"CIRCUITO DE PLAYA","categoria":"ESTABLECIMIENTO DE SALUD SIN INTERNAMIENTO","condicion":"ACTIVO","actualizado":"2023/08/01 19:00:00.000","fuente":"MINSA","urlRenipr":"http://app20.susalud.gob.pe:8080/registro-renipress-webapp/ipress.htm?action=mostrarVer&idipress=00004351"}},{"type":"Feature","geometry":{"type":"Point","coordinates":[-79.71025151999999,-6.455939619999981]},"properties":{"objectid":25232,"nombre":"SANTA CLARA","departamento":"LAMBAYEQUE","provincia":"FERREÑAFE","distrito":"PITIPO","institucion":"GOBIERNO REGIONAL","codigoMinsa":7317,"direccion":"OTROS COMUNIDAD SANTA CLARA DISTRITO PITIPO PROVINCIA FERREÑAFE DEPARTAMENTO LAMBAYEQUE","disa":"LAMBAYEQUE","red":"FERREÐAFE","microrred":"PITIPO","categoria":"ESTABLECIMIENTO DE SALUD SIN INTERNAMIENTO","condicion":"ACTIVO","actualizado":"2023/08/01 19:00:00.000","fuente":"MINSA","urlRenipr":"http://app20.susalud.gob.pe:8080/registro-renipress-webapp/ipress.htm?action=mostrarVer&idipress=00007317"}},{"type":"Feature","geometry":{"type":"Point","coordinates":[-79.74613666999994,-5.991844999999955]},"properties":{"objectid":25233,"nombre":"OLMOS","departamento":"LAMBAYEQUE","provincia":"LAMBAYEQUE","distrito":"OLMOS","institucion":"GOBIERNO REGIONAL","codigoMinsa":4407,"direccion":"CALLE CALLE BOLOGNESI S/N CDRA. 1 S/N CALLE BOLOGNESI S/N CDRA. 1 OLMOS LAMBAYEQUE LAMBAYEQUE","disa":"LAMBAYEQUE","red":"LAMBAYEQUE","microrred":"OLMOS","categoria":"ESTABLECIMIENTO DE SALUD SIN INTERNAMIENTO","condicion":"ACTIVO","actualizado":"2023/08/01 19:00:00.000","fuente":"MINSA","urlRenipr":"http://app20.susalud.gob.pe:8080/registro-renipress-webapp/ipress.htm?action=mostrarVer&idipress=00004407"}},{"type":"Feature","geometry":{"type":"Point","coordinates":[-79.91441166999994,-6.700736669999969]},"properties":{"objectid":25234,"nombre":"SAN MARTIN","departamento":"LAMBAYEQUE","provincia":"LAMBAYEQUE","distrito":"LAMBAYEQUE","institucion":"GOBIERNO REGIONAL","codigoMinsa":4372,"direccion":"CALLE CALLE SAN ANTONIO Nº 299 CALLE SAN ANTONIO Nº 299 LAMBAYEQUE LAMBAYEQUE LAMBAYEQUE","disa":"LAMBAYEQUE","red":"LAMBAYEQUE","microrred":"LAMBAYEQUE","categoria":"ESTABLECIMIENTO DE SALUD SIN INTERNAMIENTO","condicion":"ACTIVO","actualizado":"2023/08/01 19:00:00.000","fuente":"MINSA","urlRenipr":"http://app20.susalud.gob.pe:8080/registro-renipress-webapp/ipress.htm?action=mostrarVer&idipress=00004372"}},{"type":"Feature","geometry":{"type":"Point","coordinates":[-79.50968999999998,-6.1838299999999435]},"properties":{"objectid":25235,"nombre":"KERGUER","departamento":"LAMBAYEQUE","provincia":"LAMBAYEQUE","distrito":"SALAS","institucion":"GOBIERNO REGIONAL","codigoMinsa":4388,"direccion":"OTROS CENTRO POBLADO KERGUER CENTRO POBLADO KERGUER SALAS LAMBAYEQUE LAMBAYEQUE","disa":"LAMBAYEQUE","red":"LAMBAYEQUE","microrred":"SALAS","categoria":"ESTABLECIMIENTO DE SALUD SIN INTERNAMIENTO","condicion":"ACTIVO","actualizado":"2023/08/01 19:00:00.000","fuente":"MINSA","urlRenipr":"http://app20.susalud.gob.pe:8080/registro-renipress-webapp/ipress.htm?action=mostrarVer&idipress=00004388"}},{"type":"Feature","geometry":{"type":"Point","coordinates":[-79.84221659999997,-6.779914399999939]},"properties":{"objectid":25394,"nombre":"OXIGEN AND LIFE SAC.","departamento":"LAMBAYEQUE","provincia":"CHICLAYO","distrito":"CHICLAYO","institucion":"PRIVADO","codigoMinsa":13621,"direccion":"AVENIDA AV. SANTA VICTORIA N° 371 - URB. SANTA VICTORIA DISTRITO CHICLAYO PROVINCIA CHICLAYO DEPARTAMENTO LAMBAYEQUE","disa":"LAMBAYEQUE","red":"NO PERTENECE A NINGUNA RED","microrred":"NO PERTENECE A NINGUNA MICRORED","categoria":"SERVICIO MÉDICO DE APOYO","condicion":"ACTIVO","actualizado":"2023/08/01 19:00:00.000","fuente":"MINSA","urlRenipr":"http://app20.susalud.gob.pe:8080/registro-renipress-webapp/ipress.htm?action=mostrarVer&idipress=00013621"}},{"type":"Feature","geometry":{"type":"Point","coordinates":[-79.86320299999994,-6.761812999999961]},"properties":{"objectid":25751,"nombre":"HOSPITAL REGIONAL LAMBAYEQUE","departamento":"LAMBAYEQUE","provincia":"CHICLAYO","distrito":"CHICLAYO","institucion":"GOBIERNO REGIONAL","codigoMinsa":11470,"direccion":"AVENIDA VIA DE EVITAMIENTO PANAMERICANA NORTE Y AV. EL PROGRESO S/N (PROVINCIA CHICLAYO) S/N VIA DE EVITAMIENTO PANAMERICANA NORTE Y AV. EL PROGRESO S/N (PROVINCIA CHICLAYO) CHICLAYO CHICLAYO LAMBAYEQUE","disa":"LAMBAYEQUE","red":"NO PERTENECE A NINGUNA RED","microrred":"NO PERTENECE A NINGUNA MICRORED","categoria":"ESTABLECIMIENTO DE SALUD CON INTERNAMIENTO","condicion":"ACTIVO","actualizado":"2023/08/01 19:00:00.000","fuente":"MINSA","urlRenipr":"http://app20.susalud.gob.pe:8080/registro-renipress-webapp/ipress.htm?action=mostrarVer&idipress=00011470"}},{"type":"Feature","geometry":{"type":"Point","coordinates":[-79.84429779999994,-6.776597399999957]},"properties":{"objectid":25821,"nombre":"CENTRO MEDICO SANTA ISABEL","departamento":"LAMBAYEQUE","provincia":"CHICLAYO","distrito":"CHICLAYO","institucion":"PRIVADO","codigoMinsa":11085,"direccion":"OTROS JUAN MANUEL ITURREGUI N°304 URB CHICLAYO 1ERA ETAPA DISTRITO CHICLAYO PROVINCIA CHICLAYO DEPARTAMENTO LAMBAYEQUE","disa":"","red":"","microrred":"","categoria":"ESTABLECIMIENTO DE SALUD SIN INTERNAMIENTO","condicion":"RUC INACTIVO EN SUNAT","actualizado":"2023/08/01 19:00:00.000","fuente":"MINSA","urlRenipr":"http://app20.susalud.gob.pe:8080/registro-renipress-webapp/ipress.htm?action=mostrarVer&idipress=00011085"}},{"type":"Feature","geometry":{"type":"Point","coordinates":[-79.84429769999997,-6.776597399999957]},"properties":{"objectid":26177,"nombre":"CENTRO MEDICO SUIZA LAB","departamento":"LAMBAYEQUE","provincia":"CHICLAYO","distrito":"CHICLAYO","institucion":"PRIVADO","codigoMinsa":19237,"direccion":"CALLE CALLE PUNO N°140 - URB. PATAZCA -CHICLAYO DISTRITO CHICLAYO PROVINCIA CHICLAYO DEPARTAMENTO LAMBAYEQUE","disa":"","red":"","microrred":"","categoria":"ESTABLECIMIENTO DE SALUD SIN INTERNAMIENTO","condicion":"RUC INACTIVO EN SUNAT","actualizado":"2023/08/01 19:00:00.000","fuente":"MINSA","urlRenipr":"http://app20.susalud.gob.pe:8080/registro-renipress-webapp/ipress.htm?action=mostrarVer&idipress=00019237"}},{"type":"Feature","geometry":{"type":"Point","coordinates":[-79.91495297999995,-6.47582620999998]},"properties":{"objectid":26340,"nombre":"LOS BANCES","departamento":"LAMBAYEQUE","provincia":"LAMBAYEQUE","distrito":"TUCUME","institucion":"GOBIERNO REGIONAL","codigoMinsa":4392,"direccion":"OTROS CASERIO LOS BANCES - TUCUME CASERIO LOS BANCES - TUCUME TUCUME LAMBAYEQUE LAMBAYEQUE","disa":"LAMBAYEQUE","red":"LAMBAYEQUE","microrred":"","categoria":"ESTABLECIMIENTO DE SALUD SIN INTERNAMIENTO","condicion":"ACTIVO","actualizado":"2023/08/01 19:00:00.000","fuente":"MINSA","urlRenipr":"http://app20.susalud.gob.pe:8080/registro-renipress-webapp/ipress.htm?action=mostrarVer&idipress=00004392"}},{"type":"Feature","geometry":{"type":"Point","coordinates":[-79.84245534999997,-6.780574789999946]},"properties":{"objectid":26430,"nombre":"BM CLINICA","departamento":"LAMBAYEQUE","provincia":"CHICLAYO","distrito":"CHICLAYO","institucion":"PRIVADO","codigoMinsa":8730,"direccion":"AVENIDA AV.SESQUICENTENARIO 416-URB. SANTA VICTORIA AV.SESQUICENTENARIO 416-URB. SANTA VICTORIA CHICLAYO CHICLAYO LAMBAYEQUE","disa":"LAMBAYEQUE","red":"NO PERTENECE A NINGUNA RED","microrred":"NO PERTENECE A NINGUNA MICRORED","categoria":"ESTABLECIMIENTO DE SALUD CON INTERNAMIENTO","condicion":"ACTIVO","actualizado":"2023/08/01 19:00:00.000","fuente":"MINSA","urlRenipr":"http://app20.susalud.gob.pe:8080/registro-renipress-webapp/ipress.htm?action=mostrarVer&idipress=00008730"}},{"type":"Feature","geometry":{"type":"Point","coordinates":[-79.83700279999994,-6.391700699999944]},"properties":{"objectid":26607,"nombre":"CENTRO DE ATENCION PRIMARIA II JAYANCA","departamento":"LAMBAYEQUE","provincia":"LAMBAYEQUE","distrito":"JAYANCA","institucion":"ESSALUD","codigoMinsa":8891,"direccion":"CALLE CALLE JUNIN N° 300 - JAYANCA DISTRITO JAYANCA PROVINCIA LAMBAYEQUE DEPARTAMENTO LAMBAYEQUE","disa":"LAMBAYEQUE","red":"NO PERTENECE A NINGUNA RED","microrred":"","categoria":"ESTABLECIMIENTO DE SALUD SIN INTERNAMIENTO","condicion":"ACTIVO","actualizado":"2023/08/01 19:00:00.000","fuente":"MINSA","urlRenipr":"http://app20.susalud.gob.pe:8080/registro-renipress-webapp/ipress.htm?action=mostrarVer&idipress=00008891"}},{"type":"Feature","geometry":{"type":"Point","coordinates":[-79.90180659999999,-6.703551599999969]},"properties":{"objectid":26650,"nombre":"AGUSTIN GAVIDIA SALCEDO","departamento":"LAMBAYEQUE","provincia":"LAMBAYEQUE","distrito":"LAMBAYEQUE","institucion":"ESSALUD","codigoMinsa":12241,"direccion":"CALLE CALLE POEMAPE Nº 120 - LAMBAYEQUE DISTRITO LAMBAYEQUE PROVINCIA LAMBAYEQUE DEPARTAMENTO LAMBAYEQUE","disa":"LAMBAYEQUE","red":"LAMBAYEQUE","microrred":"","categoria":"ESTABLECIMIENTO DE SALUD SIN INTERNAMIENTO","condicion":"ACTIVO","actualizado":"2023/08/01 19:00:00.000","fuente":"MINSA","urlRenipr":"http://app20.susalud.gob.pe:8080/registro-renipress-webapp/ipress.htm?action=mostrarVer&idipress=00012241"}},{"type":"Feature","geometry":{"type":"Point","coordinates":[-79.83391859999995,-6.770732899999928]},"properties":{"objectid":26655,"nombre":"MODULO BASICO DE REHABILITACION","departamento":"LAMBAYEQUE","provincia":"CHICLAYO","distrito":"CHICLAYO","institucion":"ESSALUD","codigoMinsa":21333,"direccion":"CALLE VICENTE DE LA VEGA 1348","disa":"LAMBAYEQUE","red":"NO PERTENECE A NINGUNA RED","microrred":"NO PERTENECE A NINGUNA MICRORED","categoria":"SERVICIO MÉDICO DE APOYO","condicion":"ACTIVO","actualizado":"2023/08/01 19:00:00.000","fuente":"MINSA","urlRenipr":"http://app20.susalud.gob.pe:8080/registro-renipress-webapp/ipress.htm?action=mostrarVer&idipress=00021333"}},{"type":"Feature","geometry":{"type":"Point","coordinates":[-79.87968499999994,-6.787661669999977]},"properties":{"objectid":26663,"nombre":"HOSPITAL II LUIS HEYSEN INCHAUSTEGUI","departamento":"LAMBAYEQUE","provincia":"CHICLAYO","distrito":"PIMENTEL","institucion":"ESSALUD","codigoMinsa":11020,"direccion":"CARRETERA KM. 3.5 CARRETERA CHICLAYO-PIMENTEL DISTRITO PIMENTEL PROVINCIA CHICLAYO DEPARTAMENTO LAMBAYEQUE","disa":"LAMBAYEQUE","red":"LAMBAYEQUE","microrred":"","categoria":"ESTABLECIMIENTO DE SALUD CON INTERNAMIENTO","condicion":"ACTIVO","actualizado":"2023/08/01 19:00:00.000","fuente":"MINSA","urlRenipr":"http://app20.susalud.gob.pe:8080/registro-renipress-webapp/ipress.htm?action=mostrarVer&idipress=00011020"}},{"type":"Feature","geometry":{"type":"Point","coordinates":[-79.86275199999994,-6.771261999999979]},"properties":{"objectid":26672,"nombre":"POLICLINICO CHICLAYO OESTE","departamento":"LAMBAYEQUE","provincia":"CHICLAYO","distrito":"CHICLAYO","institucion":"ESSALUD","codigoMinsa":8836,"direccion":"CARRETERA JUAN TOMIS STACK # 180 URB. SANTA ELENA CARRETERA A PIMENTEL DISTRITO CHICLAYO PROVINCIA CHICLAYO DEPARTAMENTO LAMBAYEQUE","disa":"LAMBAYEQUE","red":"LAMBAYEQUE","microrred":"","categoria":"ESTABLECIMIENTO DE SALUD SIN INTERNAMIENTO","condicion":"ACTIVO","actualizado":"2023/08/01 19:00:00.000","fuente":"MINSA","urlRenipr":"http://app20.susalud.gob.pe:8080/registro-renipress-webapp/ipress.htm?action=mostrarVer&idipress=00008836"}},{"type":"Feature","geometry":{"type":"Point","coordinates":[-79.38879009999994,-6.6376498999999285]},"properties":{"objectid":26674,"nombre":"POSTA MEDICA DE CHONGOYAPE - ESAALUD","departamento":"LAMBAYEQUE","provincia":"CHICLAYO","distrito":"CHONGOYAPE","institucion":"ESSALUD","codigoMinsa":8349,"direccion":"AVENIDA AV. CHICLAYO N° 2511 DISTRITO CHONGOYAPE PROVINCIA CHICLAYO DEPARTAMENTO LAMBAYEQUE","disa":"LAMBAYEQUE","red":"LAMBAYEQUE","microrred":"","categoria":"ESTABLECIMIENTO DE SALUD SIN INTERNAMIENTO","condicion":"ACTIVO","actualizado":"2023/08/01 19:00:00.000","fuente":"MINSA","urlRenipr":"http://app20.susalud.gob.pe:8080/registro-renipress-webapp/ipress.htm?action=mostrarVer&idipress=00008349"}},{"type":"Feature","geometry":{"type":"Point","coordinates":[-79.84663369999998,-6.78776309999995]},"properties":{"objectid":26735,"nombre":"CLÍNICA OFTALMOLÓGICA VIDAVAS SAC","departamento":"LAMBAYEQUE","provincia":"CHICLAYO","distrito":"CHICLAYO","institucion":"PRIVADO","codigoMinsa":8242,"direccion":"AVENIDA AV.MIGUEL GRAU # 797 URB SANTA VICTORIA DISTRITO CHICLAYO PROVINCIA CHICLAYO DEPARTAMENTO LAMBAYEQUE","disa":"","red":"","microrred":"","categoria":"ESTABLECIMIENTO DE SALUD SIN INTERNAMIENTO","condicion":"RETIRO VOLUNTARIO","actualizado":"2023/08/01 19:00:00.000","fuente":"MINSA","urlRenipr":"http://app20.susalud.gob.pe:8080/registro-renipress-webapp/ipress.htm?action=mostrarVer&idipress=00008242"}},{"type":"Feature","geometry":{"type":"Point","coordinates":[-79.84243209999994,-6.782896899999969]},"properties":{"objectid":26745,"nombre":"CENTRO MEDICO OCUPACIONAL SALUD Y BIENESTAR S.A.C.","departamento":"LAMBAYEQUE","provincia":"CHICLAYO","distrito":"CHICLAYO","institucion":"PRIVADO","codigoMinsa":17860,"direccion":"OTROS LAS ACACIAS N° 215 URB. SANTA VICTORIA DISTRITO CHICLAYO PROVINCIA CHICLAYO DEPARTAMENTO LAMBAYEQUE","disa":"LAMBAYEQUE","red":"NO PERTENECE A NINGUNA RED","microrred":"NO PERTENECE A NINGUNA MICRORED","categoria":"ESTABLECIMIENTO DE SALUD SIN INTERNAMIENTO","condicion":"ACTIVO","actualizado":"2023/08/01 19:00:00.000","fuente":"MINSA","urlRenipr":"http://app20.susalud.gob.pe:8080/registro-renipress-webapp/ipress.htm?action=mostrarVer&idipress=00017860"}},{"type":"Feature","geometry":{"type":"Point","coordinates":[-79.85958559999995,-6.782429499999978]},"properties":{"objectid":26821,"nombre":"CENTRO MEDICO DEL PACIFICO","departamento":"LAMBAYEQUE","provincia":"CHICLAYO","distrito":"CHICLAYO","institucion":"PRIVADO","codigoMinsa":30382,"direccion":"AVENIDA PROLONGACION BOLOGNESI S/N LOTE ABC DISTRITO CHICLAYO PROVINCIA CHICLAYO DEPARTAMENTO LAMBAYEQUE","disa":"LAMBAYEQUE","red":"","microrred":"","categoria":"ESTABLECIMIENTO DE SALUD SIN INTERNAMIENTO","condicion":"ACTIVO","actualizado":"2023/08/01 19:00:00.000","fuente":"MINSA","urlRenipr":"http://app20.susalud.gob.pe:8080/registro-renipress-webapp/ipress.htm?action=mostrarVer&idipress=00030382"}},{"type":"Feature","geometry":{"type":"Point","coordinates":[-79.84364870999997,-6.764566349999939]},"properties":{"objectid":26852,"nombre":"NEFROCIX SAC","departamento":"LAMBAYEQUE","provincia":"CHICLAYO","distrito":"CHICLAYO","institucion":"PRIVADO","codigoMinsa":25388,"direccion":"CALLE MANUEL PARDO NÚMERO 620 URBANIZACIÓN SAN LUIS DISTRITO CHICLAYO PROVINCIA CHICLAYO DEPARTAMENTO LAMBAYEQUE","disa":"LAMBAYEQUE","red":"NO PERTENECE A NINGUNA RED","microrred":"NO PERTENECE A NINGUNA MICRORED","categoria":"SERVICIO MÉDICO DE APOYO","condicion":"ACTIVO","actualizado":"2023/08/01 19:00:00.000","fuente":"MINSA","urlRenipr":"http://app20.susalud.gob.pe:8080/registro-renipress-webapp/ipress.htm?action=mostrarVer&idipress=00025388"}},{"type":"Feature","geometry":{"type":"Point","coordinates":[-79.83950849999997,-6.775293599999941]},"properties":{"objectid":26872,"nombre":"LAB CERIN","departamento":"LAMBAYEQUE","provincia":"CHICLAYO","distrito":"CHICLAYO","institucion":"PRIVADO","codigoMinsa":28681,"direccion":"CALLE CRISTOBAL COLON NÚMERO 222 PISO 4 DISTRITO CHICLAYO PROVINCIA CHICLAYO DEPARTAMENTO LAMBAYEQUE","disa":"LAMBAYEQUE","red":"NO PERTENECE A NINGUNA RED","microrred":"NO PERTENECE A NINGUNA MICRORED","categoria":"SERVICIO MÉDICO DE APOYO","condicion":"ACTIVO","actualizado":"2023/08/01 19:00:00.000","fuente":"MINSA","urlRenipr":"http://app20.susalud.gob.pe:8080/registro-renipress-webapp/ipress.htm?action=mostrarVer&idipress=00028681"}},{"type":"Feature","geometry":{"type":"Point","coordinates":[-79.84485419999999,-6.794572799999969]},"properties":{"objectid":26917,"nombre":"UNIONLAB","departamento":"LAMBAYEQUE","provincia":"CHICLAYO","distrito":"LA VICTORIA","institucion":"PRIVADO","codigoMinsa":27245,"direccion":"AVENIDA UNION NÚMERO 1692 PISO 2 DISTRITO LA VICTORIA PROVINCIA CHICLAYO DEPARTAMENTO LAMBAYEQUE","disa":"LAMBAYEQUE","red":"NO PERTENECE A NINGUNA RED","microrred":"NO PERTENECE A NINGUNA MICRORED","categoria":"SERVICIO MÉDICO DE APOYO","condicion":"ACTIVO","actualizado":"2023/08/01 19:00:00.000","fuente":"MINSA","urlRenipr":"http://app20.susalud.gob.pe:8080/registro-renipress-webapp/ipress.htm?action=mostrarVer&idipress=00027245"}},{"type":"Feature","geometry":{"type":"Point","coordinates":[-79.84514229999996,-6.775212899999929]},"properties":{"objectid":26934,"nombre":"CENTRO MEDICO \"CEBINOR\" E.I.R.L","departamento":"LAMBAYEQUE","provincia":"CHICLAYO","distrito":"CHICLAYO","institucion":"PRIVADO","codigoMinsa":19080,"direccion":"CALLE CALLE TACNA N° 060 DISTRITO CHICLAYO PROVINCIA CHICLAYO DEPARTAMENTO LAMBAYEQUE","disa":"LAMBAYEQUE","red":"NO PERTENECE A NINGUNA RED","microrred":"NO PERTENECE A NINGUNA MICRORED","categoria":"ESTABLECIMIENTO DE SALUD SIN INTERNAMIENTO","condicion":"ACTIVO","actualizado":"2023/08/01 19:00:00.000","fuente":"MINSA","urlRenipr":"http://app20.susalud.gob.pe:8080/registro-renipress-webapp/ipress.htm?action=mostrarVer&idipress=00019080"}},{"type":"Feature","geometry":{"type":"Point","coordinates":[-79.84429769999997,-6.776597399999957]},"properties":{"objectid":26966,"nombre":"INTELAB SAC","departamento":"LAMBAYEQUE","provincia":"CHICLAYO","distrito":"CHICLAYO","institucion":"PRIVADO","codigoMinsa":27793,"direccion":"CALLE ELIAS AGUIRRE NÚMERO 250 INTERIOR 01 DISTRITO CHICLAYO PROVINCIA CHICLAYO DEPARTAMENTO LAMBAYEQUE","disa":"LAMBAYEQUE","red":"NO PERTENECE A NINGUNA RED","microrred":"NO PERTENECE A NINGUNA MICRORED","categoria":"SERVICIO MÉDICO DE APOYO","condicion":"ACTIVO","actualizado":"2023/08/01 19:00:00.000","fuente":"MINSA","urlRenipr":"http://app20.susalud.gob.pe:8080/registro-renipress-webapp/ipress.htm?action=mostrarVer&idipress=00027793"}},{"type":"Feature","geometry":{"type":"Point","coordinates":[-79.70233169999995,-6.746113699999967]},"properties":{"objectid":27035,"nombre":"CONSULTORIO OBSTETRICO VIDA MUJER","departamento":"LAMBAYEQUE","provincia":"LAMBAYEQUE","distrito":"LAMBAYEQUE","institucion":"PRIVADO","codigoMinsa":29984,"direccion":"AVENIDA RAMON CASTILLA NÚMERO 523 PISO 2 DISTRITO LAMBAYEQUE PROVINCIA LAMBAYEQUE DEPARTAMENTO LAMBAYEQUE","disa":"LAMBAYEQUE","red":"","microrred":"","categoria":"ESTABLECIMIENTO DE SALUD SIN INTERNAMIENTO","condicion":"ACTIVO","actualizado":"2023/08/01 19:00:00.000","fuente":"MINSA","urlRenipr":"http://app20.susalud.gob.pe:8080/registro-renipress-webapp/ipress.htm?action=mostrarVer&idipress=00029984"}},{"type":"Feature","geometry":{"type":"Point","coordinates":[-79.84272869999995,-6.7822481999999695]},"properties":{"objectid":27077,"nombre":"Vigo Lab Análisis Clínicos EIRL","departamento":"LAMBAYEQUE","provincia":"CHICLAYO","distrito":"CHICLAYO","institucion":"PRIVADO","codigoMinsa":28725,"direccion":"AVENIDA Sesquicentenario NÚMERO 397 URBANIZACIÓN Santa Victoria DISTRITO CHICLAYO PROVINCIA CHICLAYO DEPARTAMENTO LAMBAYEQUE","disa":"LAMBAYEQUE","red":"","microrred":"","categoria":"SERVICIO MÉDICO DE APOYO","condicion":"ACTIVO","actualizado":"2023/08/01 19:00:00.000","fuente":"MINSA","urlRenipr":"http://app20.susalud.gob.pe:8080/registro-renipress-webapp/ipress.htm?action=mostrarVer&idipress=00028725"}},{"type":"Feature","geometry":{"type":"Point","coordinates":[-79.84215359999996,-6.800195899999949]},"properties":{"objectid":27139,"nombre":"MASVIDA","departamento":"LAMBAYEQUE","provincia":"CHICLAYO","distrito":"LA VICTORIA","institucion":"PRIVADO","codigoMinsa":29421,"direccion":"CALLE LOS TAMBOS 1141 1 POLICLINICO ESSALUD LAMBAYEQUE LA VICTORIA CHICLAYO LAMBAYEQUE","disa":"LAMBAYEQUE","red":"","microrred":"NO PERTENECE A NINGUNA MICRORED","categoria":"ESTABLECIMIENTO DE SALUD SIN INTERNAMIENTO","condicion":"ACTIVO","actualizado":"2023/08/01 19:00:00.000","fuente":"MINSA","urlRenipr":"http://app20.susalud.gob.pe:8080/registro-renipress-webapp/ipress.htm?action=mostrarVer&idipress=00029421"}},{"type":"Feature","geometry":{"type":"Point","coordinates":[-79.83498366999999,-6.765213509999967]},"properties":{"objectid":27321,"nombre":"CENTRO MEDICO INTELIGENCIA EMOCIONAL E.I.R.L.","departamento":"LAMBAYEQUE","provincia":"CHICLAYO","distrito":"CHICLAYO","institucion":"PRIVADO","codigoMinsa":15406,"direccion":"AVENIDA AV. SAENZ PEÑA Nº 1606 DISTRITO CHICLAYO PROVINCIA CHICLAYO DEPARTAMENTO LAMBAYEQUE","disa":"LAMBAYEQUE","red":"NO PERTENECE A NINGUNA RED","microrred":"NO PERTENECE A NINGUNA MICRORED","categoria":"ESTABLECIMIENTO DE SALUD SIN INTERNAMIENTO","condicion":"ACTIVO","actualizado":"2023/08/01 19:00:00.000","fuente":"MINSA","urlRenipr":"http://app20.susalud.gob.pe:8080/registro-renipress-webapp/ipress.htm?action=mostrarVer&idipress=00015406"}},{"type":"Feature","geometry":{"type":"Point","coordinates":[-79.63868666999997,-6.812181669999973]},"properties":{"objectid":27333,"nombre":"SALTUR","departamento":"LAMBAYEQUE","provincia":"CHICLAYO","distrito":"SAÑA","institucion":"GOBIERNO REGIONAL","codigoMinsa":17874,"direccion":"AVENIDA AV. POMALCA S/N - CENTRO POBLADO MENOR SALTUR NÚMERO S/N DISTRITO SAÑA PROVINCIA CHICLAYO DEPARTAMENTO LAMBAYEQUE","disa":"LAMBAYEQUE","red":"CHICLAYO","microrred":"CAYALTI-ZAÑA","categoria":"ESTABLECIMIENTO DE SALUD SIN INTERNAMIENTO","condicion":"ACTIVO","actualizado":"2023/08/01 19:00:00.000","fuente":"MINSA","urlRenipr":"http://app20.susalud.gob.pe:8080/registro-renipress-webapp/ipress.htm?action=mostrarVer&idipress=00017874"}},{"type":"Feature","geometry":{"type":"Point","coordinates":[-79.86461099999997,-6.768826999999931]},"properties":{"objectid":27334,"nombre":"UMAEPE - UNIDAD MOVIL DE ATENCION ESPECIALIZADA A POBLACION EXCLUIDA","departamento":"LAMBAYEQUE","provincia":"CHICLAYO","distrito":"CHICLAYO","institucion":"GOBIERNO REGIONAL","codigoMinsa":10094,"direccion":"AVENIDA AV. SALAVERRY Nº 1610 AV. SALAVERRY Nº 1610 CHICLAYO CHICLAYO LAMBAYEQUE","disa":"LAMBAYEQUE","red":"CHICLAYO","microrred":"NO PERTENECE A NINGUNA MICRORED","categoria":"SERVICIO MÉDICO DE APOYO","condicion":"ACTIVO","actualizado":"2023/08/01 19:00:00.000","fuente":"MINSA","urlRenipr":"http://app20.susalud.gob.pe:8080/registro-renipress-webapp/ipress.htm?action=mostrarVer&idipress=00010094"}},{"type":"Feature","geometry":{"type":"Point","coordinates":[-79.38879009999994,-6.6376498999999285]},"properties":{"objectid":27335,"nombre":"HUACA BLANCA","departamento":"LAMBAYEQUE","provincia":"CHICLAYO","distrito":"CHONGOYAPE","institucion":"GOBIERNO REGIONAL","codigoMinsa":26269,"direccion":"CALLE REAL S/N CHONGOYAPE CHICLAYO LAMBAYEQUE","disa":"LAMBAYEQUE","red":"CHICLAYO","microrred":"CHONGOYAPE","categoria":"ESTABLECIMIENTO DE SALUD SIN INTERNAMIENTO","condicion":"ACTIVO","actualizado":"2023/08/01 19:00:00.000","fuente":"MINSA","urlRenipr":"http://app20.susalud.gob.pe:8080/registro-renipress-webapp/ipress.htm?action=mostrarVer&idipress=00026269"}},{"type":"Feature","geometry":{"type":"Point","coordinates":[-79.92277081999998,-6.45438927999993]},"properties":{"objectid":27336,"nombre":"HUACA TRAPICHE DE BRONCE","departamento":"LAMBAYEQUE","provincia":"LAMBAYEQUE","distrito":"MORROPE","institucion":"GOBIERNO REGIONAL","codigoMinsa":7223,"direccion":"CALLE CALLE REAL S/N-CASERIO HUACA TRAPICHE S/N CALLE REAL S/N-CASERIO HUACA TRAPICHE MORROPE LAMBAYEQUE LAMBAYEQUE","disa":"LAMBAYEQUE","red":"LAMBAYEQUE","microrred":"MORROPE","categoria":"ESTABLECIMIENTO DE SALUD SIN INTERNAMIENTO","condicion":"ACTIVO","actualizado":"2023/08/01 19:00:00.000","fuente":"MINSA","urlRenipr":"http://app20.susalud.gob.pe:8080/registro-renipress-webapp/ipress.htm?action=mostrarVer&idipress=00007223"}},{"type":"Feature","geometry":{"type":"Point","coordinates":[-79.78662992999995,-6.633092399999953]},"properties":{"objectid":27337,"nombre":"SEÑOR DE LA JUSTICIA","departamento":"LAMBAYEQUE","provincia":"FERREÑAFE","distrito":"FERREÑAFE","institucion":"GOBIERNO REGIONAL","codigoMinsa":4441,"direccion":"AVENIDA AV. VICTOR MURO Nº 964 AV. VICTOR MURO Nº 964 FERREÑAFE FERREÑAFE LAMBAYEQUE","disa":"LAMBAYEQUE","red":"FERREÐAFE","microrred":"FERREÑAFE","categoria":"ESTABLECIMIENTO DE SALUD SIN INTERNAMIENTO","condicion":"ACTIVO","actualizado":"2023/08/01 19:00:00.000","fuente":"MINSA","urlRenipr":"http://app20.susalud.gob.pe:8080/registro-renipress-webapp/ipress.htm?action=mostrarVer&idipress=00004441"}},{"type":"Feature","geometry":{"type":"Point","coordinates":[-79.87862666999996,-6.479029999999966]},"properties":{"objectid":27338,"nombre":"CHIRIMOYO","departamento":"LAMBAYEQUE","provincia":"LAMBAYEQUE","distrito":"ILLIMO","institucion":"GOBIERNO REGIONAL","codigoMinsa":4377,"direccion":"OTROS SECTOR CHIRIMOYO BAJO S/N S/N SECTOR CHIRIMOYO BAJO S/N ILLIMO LAMBAYEQUE LAMBAYEQUE","disa":"LAMBAYEQUE","red":"LAMBAYEQUE","microrred":"ILLIMO","categoria":"ESTABLECIMIENTO DE SALUD SIN INTERNAMIENTO","condicion":"ACTIVO","actualizado":"2023/08/01 19:00:00.000","fuente":"MINSA","urlRenipr":"http://app20.susalud.gob.pe:8080/registro-renipress-webapp/ipress.htm?action=mostrarVer&idipress=00004377"}},{"type":"Feature","geometry":{"type":"Point","coordinates":[-79.98165038999997,-5.5331805499999405]},"properties":{"objectid":27339,"nombre":"ELVIRREY","departamento":"LAMBAYEQUE","provincia":"LAMBAYEQUE","distrito":"OLMOS","institucion":"GOBIERNO REGIONAL","codigoMinsa":4414,"direccion":"OTROS KM. 100 PANAMERICANA NORTE KM. 100 PANAMERICANA NORTE OLMOS LAMBAYEQUE LAMBAYEQUE","disa":"LAMBAYEQUE","red":"LAMBAYEQUE","microrred":"OLMOS","categoria":"ESTABLECIMIENTO DE SALUD SIN INTERNAMIENTO","condicion":"ACTIVO","actualizado":"2023/08/01 19:00:00.000","fuente":"MINSA","urlRenipr":"http://app20.susalud.gob.pe:8080/registro-renipress-webapp/ipress.htm?action=mostrarVer&idipress=00004414"}},{"type":"Feature","geometry":{"type":"Point","coordinates":[-79.26527204999996,-6.046641849999958]},"properties":{"objectid":27340,"nombre":"KAÑARIS","departamento":"LAMBAYEQUE","provincia":"FERREÑAFE","distrito":"CAÑARIS","institucion":"GOBIERNO REGIONAL","codigoMinsa":4397,"direccion":"OTROS CASERIO KAÑARIS CASERIO KAÑARIS CAÑARIS FERREÑAFE LAMBAYEQUE","disa":"LAMBAYEQUE","red":"LAMBAYEQUE","microrred":"KAÑARIS","categoria":"ESTABLECIMIENTO DE SALUD SIN INTERNAMIENTO","condicion":"ACTIVO","actualizado":"2023/08/01 19:00:00.000","fuente":"MINSA","urlRenipr":"http://app20.susalud.gob.pe:8080/registro-renipress-webapp/ipress.htm?action=mostrarVer&idipress=00004397"}},{"type":"Feature","geometry":{"type":"Point","coordinates":[-79.90232062999996,-6.486587479999969]},"properties":{"objectid":27341,"nombre":"GRANJA SASAPE","departamento":"LAMBAYEQUE","provincia":"LAMBAYEQUE","distrito":"TUCUME","institucion":"GOBIERNO REGIONAL","codigoMinsa":4391,"direccion":"OTROS CASERIO GRANJA SASAPE CASERIO GRANJA SASAPE TUCUME LAMBAYEQUE LAMBAYEQUE","disa":"LAMBAYEQUE","red":"LAMBAYEQUE","microrred":"TUCUME","categoria":"ESTABLECIMIENTO DE SALUD SIN INTERNAMIENTO","condicion":"ACTIVO","actualizado":"2023/08/01 19:00:00.000","fuente":"MINSA","urlRenipr":"http://app20.susalud.gob.pe:8080/registro-renipress-webapp/ipress.htm?action=mostrarVer&idipress=00004391"}},{"type":"Feature","geometry":{"type":"Point","coordinates":[-79.48157832999993,-6.751916669999957]},"properties":{"objectid":27342,"nombre":"PAMPA GRANDE","departamento":"LAMBAYEQUE","provincia":"CHICLAYO","distrito":"CHONGOYAPE","institucion":"GOBIERNO REGIONAL","codigoMinsa":4326,"direccion":"CALLE CALLE 08-GARCILAZO DE LA VEAGA S/N MZ. 85, LOTE 1 - PAMPA GRANDE NÚMERO S/N DISTRITO CHONGOYAPE PROVINCIA CHICLAYO DEPARTAMENTO LAMBAYEQUE","disa":"LAMBAYEQUE","red":"CHICLAYO","microrred":"CHONGOYAPE","categoria":"ESTABLECIMIENTO DE SALUD SIN INTERNAMIENTO","condicion":"ACTIVO","actualizado":"2023/08/01 19:00:00.000","fuente":"MINSA","urlRenipr":"http://app20.susalud.gob.pe:8080/registro-renipress-webapp/ipress.htm?action=mostrarVer&idipress=00004326"}},{"type":"Feature","geometry":{"type":"Point","coordinates":[-79.86395332999996,-6.549403329999961]},"properties":{"objectid":27343,"nombre":"MOCHUMI","departamento":"LAMBAYEQUE","provincia":"LAMBAYEQUE","distrito":"MOCHUMI","institucion":"GOBIERNO REGIONAL","codigoMinsa":4380,"direccion":"CALLE CALLE FEDERICO VILLARREAL S/N S/N CALLE FEDERICO VILLARREAL S/N MOCHUMI LAMBAYEQUE LAMBAYEQUE","disa":"LAMBAYEQUE","red":"LAMBAYEQUE","microrred":"MOCHUMI","categoria":"ESTABLECIMIENTO DE SALUD SIN INTERNAMIENTO","condicion":"ACTIVO","actualizado":"2023/08/01 19:00:00.000","fuente":"MINSA","urlRenipr":"http://app20.susalud.gob.pe:8080/registro-renipress-webapp/ipress.htm?action=mostrarVer&idipress=00004380"}},{"type":"Feature","geometry":{"type":"Point","coordinates":[-79.85531172999998,-6.471447199999943]},"properties":{"objectid":27344,"nombre":"CENTRO DE SALUD MENTAL COMUNITARIO TUMI DE ORO","departamento":"LAMBAYEQUE","provincia":"LAMBAYEQUE","distrito":"ILLIMO","institucion":"GOBIERNO REGIONAL","codigoMinsa":29235,"direccion":"PARQUE 22 DE NOVIEMBRE DE ILLIMO NÚMERO 00 PISO 1 DISTRITO ILLIMO PROVINCIA LAMBAYEQUE DEPARTAMENTO LAMBAYEQUE","disa":"LAMBAYEQUE","red":"LAMBAYEQUE","microrred":"ILLIMO","categoria":"ESTABLECIMIENTO DE SALUD SIN INTERNAMIENTO","condicion":"ACTIVO","actualizado":"2023/08/01 19:00:00.000","fuente":"MINSA","urlRenipr":"http://app20.susalud.gob.pe:8080/registro-renipress-webapp/ipress.htm?action=mostrarVer&idipress=00029235"}},{"type":"Feature","geometry":{"type":"Point","coordinates":[-79.84098299999994,-6.776196299999981]},"properties":{"objectid":27371,"nombre":"CLINICA PROVIDA","departamento":"LAMBAYEQUE","provincia":"CHICLAYO","distrito":"CHICLAYO","institucion":"PRIVADO","codigoMinsa":12457,"direccion":"CALLE CALLLE JUAN CUGLIEVAN N° 160 DISTRITO CHICLAYO PROVINCIA CHICLAYO DEPARTAMENTO LAMBAYEQUE","disa":"LAMBAYEQUE","red":"NO PERTENECE A NINGUNA RED","microrred":"NO PERTENECE A NINGUNA MICRORED","categoria":"ESTABLECIMIENTO DE SALUD CON INTERNAMIENTO","condicion":"ACTIVO","actualizado":"2023/08/01 19:00:00.000","fuente":"MINSA","urlRenipr":"http://app20.susalud.gob.pe:8080/registro-renipress-webapp/ipress.htm?action=mostrarVer&idipress=00012457"}},{"type":"Feature","geometry":{"type":"Point","coordinates":[-79.84429779999994,-6.776597399999957]},"properties":{"objectid":27387,"nombre":"PROVISUAL OFTALMOLOGIA Y SALUD OCULAR","departamento":"LAMBAYEQUE","provincia":"CHICLAYO","distrito":"CHICLAYO","institucion":"PRIVADO","codigoMinsa":21954,"direccion":"OTROS LOS FAIQUES 249 SANTA VICTORIA DISTRITO CHICLAYO PROVINCIA CHICLAYO DEPARTAMENTO LAMBAYEQUE","disa":"LAMBAYEQUE","red":"NO PERTENECE A NINGUNA RED","microrred":"NO PERTENECE A NINGUNA MICRORED","categoria":"ESTABLECIMIENTO DE SALUD SIN INTERNAMIENTO","condicion":"ACTIVO","actualizado":"2023/08/01 19:00:00.000","fuente":"MINSA","urlRenipr":"http://app20.susalud.gob.pe:8080/registro-renipress-webapp/ipress.htm?action=mostrarVer&idipress=00021954"}},{"type":"Feature","geometry":{"type":"Point","coordinates":[-79.84429779999994,-6.776597399999957]},"properties":{"objectid":27577,"nombre":"NEFROLIFE PERU S.A.C","departamento":"LAMBAYEQUE","provincia":"CHICLAYO","distrito":"CHICLAYO","institucion":"PRIVADO","codigoMinsa":25497,"direccion":"CALLE JUAN PARDO Y MIGUEL NÚMERO 245 URBANIZACIÓN CHICLAYO DISTRITO CHICLAYO PROVINCIA CHICLAYO DEPARTAMENTO LAMBAYEQUE","disa":"LAMBAYEQUE","red":"NO PERTENECE A NINGUNA RED","microrred":"NO PERTENECE A NINGUNA MICRORED","categoria":"SERVICIO MÉDICO DE APOYO","condicion":"ACTIVO","actualizado":"2023/08/01 19:00:00.000","fuente":"MINSA","urlRenipr":"http://app20.susalud.gob.pe:8080/registro-renipress-webapp/ipress.htm?action=mostrarVer&idipress=00025497"}},{"type":"Feature","geometry":{"type":"Point","coordinates":[-79.84919889999998,-6.767574099999933]},"properties":{"objectid":27663,"nombre":"NEFROINKA","departamento":"LAMBAYEQUE","provincia":"CHICLAYO","distrito":"CHICLAYO","institucion":"PRIVADO","codigoMinsa":11014,"direccion":"JIRÓN JR. JOSE DE LA TORRE Nº 397 DISTRITO CHICLAYO PROVINCIA CHICLAYO DEPARTAMENTO LAMBAYEQUE","disa":"LAMBAYEQUE","red":"NO PERTENECE A NINGUNA RED","microrred":"NO PERTENECE A NINGUNA MICRORED","categoria":"SERVICIO MÉDICO DE APOYO","condicion":"ACTIVO","actualizado":"2023/08/01 19:00:00.000","fuente":"MINSA","urlRenipr":"http://app20.susalud.gob.pe:8080/registro-renipress-webapp/ipress.htm?action=mostrarVer&idipress=00011014"}},{"type":"Feature","geometry":{"type":"Point","coordinates":[-79.84429779999994,-6.776597399999957]},"properties":{"objectid":27726,"nombre":"SALUS LABORIS","departamento":"LAMBAYEQUE","provincia":"CHICLAYO","distrito":"CHICLAYO","institucion":"PRIVADO","codigoMinsa":13682,"direccion":"OTROS ALMIRANTE GUISSE 225 URB SANTA VICTORIA DISTRITO CHICLAYO PROVINCIA CHICLAYO DEPARTAMENTO LAMBAYEQUE","disa":"LAMBAYEQUE","red":"NO PERTENECE A NINGUNA RED","microrred":"NO PERTENECE A NINGUNA MICRORED","categoria":"ESTABLECIMIENTO DE SALUD SIN INTERNAMIENTO","condicion":"ACTIVO","actualizado":"2023/08/01 19:00:00.000","fuente":"MINSA","urlRenipr":"http://app20.susalud.gob.pe:8080/registro-renipress-webapp/ipress.htm?action=mostrarVer&idipress=00013682"}},{"type":"Feature","geometry":{"type":"Point","coordinates":[-79.65195646999996,-6.483160989999931]},"properties":{"objectid":27814,"nombre":"BATANGRANDE","departamento":"LAMBAYEQUE","provincia":"FERREÑAFE","distrito":"PITIPO","institucion":"GOBIERNO REGIONAL","codigoMinsa":4451,"direccion":"OTROS CENTRO POBLADO BATANGRANDE DISTRITO PITIPO PROVINCIA FERREÑAFE DEPARTAMENTO LAMBAYEQUE","disa":"LAMBAYEQUE","red":"FERREÐAFE","microrred":"PITIPO","categoria":"ESTABLECIMIENTO DE SALUD SIN INTERNAMIENTO","condicion":"ACTIVO","actualizado":"2023/08/01 19:00:00.000","fuente":"MINSA","urlRenipr":"http://app20.susalud.gob.pe:8080/registro-renipress-webapp/ipress.htm?action=mostrarVer&idipress=00004451"}},{"type":"Feature","geometry":{"type":"Point","coordinates":[-79.84602675999997,-6.78602860999996]},"properties":{"objectid":28116,"nombre":"MATERNATAL EIRL","departamento":"LAMBAYEQUE","provincia":"CHICLAYO","distrito":"CHICLAYO","institucion":"PRIVADO","codigoMinsa":29505,"direccion":"CALLE CONTRALMIRANTE VILLAR NÚMERO 101 URBANIZACIÓN SANTA VICTORIA DISTRITO CHICLAYO PROVINCIA CHICLAYO DEPARTAMENTO LAMBAYEQUE","disa":"LAMBAYEQUE","red":"","microrred":"","categoria":"ESTABLECIMIENTO DE SALUD SIN INTERNAMIENTO","condicion":"ACTIVO","actualizado":"2023/08/01 19:00:00.000","fuente":"MINSA","urlRenipr":"http://app20.susalud.gob.pe:8080/registro-renipress-webapp/ipress.htm?action=mostrarVer&idipress=00029505"}},{"type":"Feature","geometry":{"type":"Point","coordinates":[-79.65087332999997,-6.979643329999931]},"properties":{"objectid":28120,"nombre":"MOCUPE NUEVO","departamento":"LAMBAYEQUE","provincia":"CHICLAYO","distrito":"LAGUNAS","institucion":"GOBIERNO REGIONAL","codigoMinsa":4360,"direccion":"AVENIDA AV. PANAMERICANA N° 765 DISTRITO LAGUNAS PROVINCIA CHICLAYO DEPARTAMENTO LAMBAYEQUE","disa":"LAMBAYEQUE","red":"CHICLAYO","microrred":"REQUE-LAGUNAS","categoria":"ESTABLECIMIENTO DE SALUD SIN INTERNAMIENTO","condicion":"ACTIVO","actualizado":"2023/08/01 19:00:00.000","fuente":"MINSA","urlRenipr":"http://app20.susalud.gob.pe:8080/registro-renipress-webapp/ipress.htm?action=mostrarVer&idipress=00004360"}},{"type":"Feature","geometry":{"type":"Point","coordinates":[-79.79176999999999,-6.83935699999995]},"properties":{"objectid":28121,"nombre":"MONTEGRANDE","departamento":"LAMBAYEQUE","provincia":"CHICLAYO","distrito":"REQUE","institucion":"GOBIERNO REGIONAL","codigoMinsa":4343,"direccion":"OTROS CASERIO MONTEGRANDE DISTRITO REQUE PROVINCIA CHICLAYO DEPARTAMENTO LAMBAYEQUE","disa":"LAMBAYEQUE","red":"CHICLAYO","microrred":"REQUE-LAGUNAS","categoria":"ESTABLECIMIENTO DE SALUD SIN INTERNAMIENTO","condicion":"ACTIVO","actualizado":"2023/08/01 19:00:00.000","fuente":"MINSA","urlRenipr":"http://app20.susalud.gob.pe:8080/registro-renipress-webapp/ipress.htm?action=mostrarVer&idipress=00004343"}},{"type":"Feature","geometry":{"type":"Point","coordinates":[-79.83727997999995,-6.775951819999932]},"properties":{"objectid":28195,"nombre":"MAX SALUD AVISAL S.A.","departamento":"LAMBAYEQUE","provincia":"CHICLAYO","distrito":"CHICLAYO","institucion":"PRIVADO","codigoMinsa":11129,"direccion":"AVENIDA AV.FRANCISCO BOLOGNESI 774 DISTRITO CHICLAYO PROVINCIA CHICLAYO DEPARTAMENTO LAMBAYEQUE","disa":"LAMBAYEQUE","red":"NO PERTENECE A NINGUNA RED","microrred":"NO PERTENECE A NINGUNA MICRORED","categoria":"ESTABLECIMIENTO DE SALUD CON INTERNAMIENTO","condicion":"ACTIVO","actualizado":"2023/08/01 19:00:00.000","fuente":"MINSA","urlRenipr":"http://app20.susalud.gob.pe:8080/registro-renipress-webapp/ipress.htm?action=mostrarVer&idipress=00011129"}},{"type":"Feature","geometry":{"type":"Point","coordinates":[-79.87440949999996,-6.779093499999931]},"properties":{"objectid":28308,"nombre":"GLOBAL MEDIC","departamento":"LAMBAYEQUE","provincia":"CHICLAYO","distrito":"CHICLAYO","institucion":"PRIVADO","codigoMinsa":24406,"direccion":"CARRETERA CHICLAYO - PIMENTEL PISO 1 DISTRITO CHICLAYO PROVINCIA CHICLAYO DEPARTAMENTO LAMBAYEQUE","disa":"LAMBAYEQUE","red":"","microrred":"","categoria":"ESTABLECIMIENTO DE SALUD SIN INTERNAMIENTO","condicion":"ACTIVO","actualizado":"2023/08/01 19:00:00.000","fuente":"MINSA","urlRenipr":"http://app20.susalud.gob.pe:8080/registro-renipress-webapp/ipress.htm?action=mostrarVer&idipress=00024406"}},{"type":"Feature","geometry":{"type":"Point","coordinates":[-79.84123861999996,-6.772414829999946]},"properties":{"objectid":28519,"nombre":"CLINICA MILLENIUM","departamento":"LAMBAYEQUE","provincia":"CHICLAYO","distrito":"CHICLAYO","institucion":"PRIVADO","codigoMinsa":14439,"direccion":"JIRÓN JR. DANIEL ALCIDES CARRION 151 DISTRITO CHICLAYO PROVINCIA CHICLAYO DEPARTAMENTO LAMBAYEQUE","disa":"LAMBAYEQUE","red":"NO PERTENECE A NINGUNA RED","microrred":"NO PERTENECE A NINGUNA MICRORED","categoria":"ESTABLECIMIENTO DE SALUD CON INTERNAMIENTO","condicion":"ACTIVO","actualizado":"2023/08/01 19:00:00.000","fuente":"MINSA","urlRenipr":"http://app20.susalud.gob.pe:8080/registro-renipress-webapp/ipress.htm?action=mostrarVer&idipress=00014439"}},{"type":"Feature","geometry":{"type":"Point","coordinates":[-79.84493199999997,-6.785964099999944]},"properties":{"objectid":28585,"nombre":"SAMA OCUPACIONAL","departamento":"LAMBAYEQUE","provincia":"CHICLAYO","distrito":"CHICLAYO","institucion":"PRIVADO","codigoMinsa":31342,"direccion":"PASAJE HUAURA NÚMERO 197 URBANIZACIÓN SANTA VICTORIA DISTRITO CHICLAYO PROVINCIA CHICLAYO DEPARTAMENTO LAMBAYEQUE","disa":"LAMBAYEQUE","red":"","microrred":"","categoria":"ESTABLECIMIENTO DE SALUD SIN INTERNAMIENTO","condicion":"ACTIVO","actualizado":"2023/08/01 19:00:00.000","fuente":"MINSA","urlRenipr":"http://app20.susalud.gob.pe:8080/registro-renipress-webapp/ipress.htm?action=mostrarVer&idipress=00031342"}},{"type":"Feature","geometry":{"type":"Point","coordinates":[-79.78072209999993,-6.5654533199999605]},"properties":{"objectid":28681,"nombre":"PITIPO","departamento":"LAMBAYEQUE","provincia":"FERREÑAFE","distrito":"PITIPO","institucion":"GOBIERNO REGIONAL","codigoMinsa":4444,"direccion":"CALLE CALLE MIGUEL GRAU Nº 200 CALLE MIGUEL GRAU Nº 200 PITIPO FERREÑAFE LAMBAYEQUE","disa":"LAMBAYEQUE","red":"FERREÐAFE","microrred":"PITIPO","categoria":"ESTABLECIMIENTO DE SALUD SIN INTERNAMIENTO","condicion":"ACTIVO","actualizado":"2023/08/01 19:00:00.000","fuente":"MINSA","urlRenipr":"http://app20.susalud.gob.pe:8080/registro-renipress-webapp/ipress.htm?action=mostrarVer&idipress=00004444"}},{"type":"Feature","geometry":{"type":"Point","coordinates":[-79.63607999999994,-6.733939999999961]},"properties":{"objectid":28682,"nombre":"POSOPE ALTO","departamento":"LAMBAYEQUE","provincia":"CHICLAYO","distrito":"PATAPO","institucion":"GOBIERNO REGIONAL","codigoMinsa":4336,"direccion":"CALLE CALLE JOSE DOMINGO ATOCHE S/N. S/N CALLE JOSE DOMINGO ATOCHE S/N. PATAPO CHICLAYO LAMBAYEQUE","disa":"LAMBAYEQUE","red":"CHICLAYO","microrred":"POSOPE ALTO","categoria":"ESTABLECIMIENTO DE SALUD CON INTERNAMIENTO","condicion":"ACTIVO","actualizado":"2023/08/01 19:00:00.000","fuente":"MINSA","urlRenipr":"http://app20.susalud.gob.pe:8080/registro-renipress-webapp/ipress.htm?action=mostrarVer&idipress=00004336"}},{"type":"Feature","geometry":{"type":"Point","coordinates":[-79.83654025999994,-6.801966079999943]},"properties":{"objectid":28683,"nombre":"EL BOSQUE","departamento":"LAMBAYEQUE","provincia":"CHICLAYO","distrito":"LA VICTORIA","institucion":"GOBIERNO REGIONAL","codigoMinsa":4329,"direccion":"CALLE CALLE LLOQUE YUPANQUI Nº 1749 CALLE LLOQUE YUPANQUI Nº 1749 LA VICTORIA CHICLAYO LAMBAYEQUE","disa":"LAMBAYEQUE","red":"CHICLAYO","microrred":"LA VICTORIA","categoria":"ESTABLECIMIENTO DE SALUD CON INTERNAMIENTO","condicion":"ACTIVO","actualizado":"2023/08/01 19:00:00.000","fuente":"MINSA","urlRenipr":"http://app20.susalud.gob.pe:8080/registro-renipress-webapp/ipress.htm?action=mostrarVer&idipress=00004329"}},{"type":"Feature","geometry":{"type":"Point","coordinates":[-79.63876329999994,-6.738014319999934]},"properties":{"objectid":28721,"nombre":"CENTRO DE ATENCION PRIMARIA II PATAPO","departamento":"LAMBAYEQUE","provincia":"CHICLAYO","distrito":"PATAPO","institucion":"ESSALUD","codigoMinsa":16699,"direccion":"CALLE CALLE EL CINTO S/N NÚMERO S/N DISTRITO PATAPO PROVINCIA CHICLAYO DEPARTAMENTO LAMBAYEQUE","disa":"LAMBAYEQUE","red":"NO PERTENECE A NINGUNA RED","microrred":"NO PERTENECE A NINGUNA MICRORED","categoria":"ESTABLECIMIENTO DE SALUD SIN INTERNAMIENTO","condicion":"ACTIVO","actualizado":"2023/08/01 19:00:00.000","fuente":"MINSA","urlRenipr":"http://app20.susalud.gob.pe:8080/registro-renipress-webapp/ipress.htm?action=mostrarVer&idipress=00016699"}},{"type":"Feature","geometry":{"type":"Point","coordinates":[-79.85363169999994,-6.769260499999973]},"properties":{"objectid":28952,"nombre":"INKAMAY SALUD CHICLAYO","departamento":"LAMBAYEQUE","provincia":"CHICLAYO","distrito":"CHICLAYO","institucion":"PRIVADO","codigoMinsa":29011,"direccion":"AVENIDA FRANCISCO CUNEO NÚMERO 949 PISO 1 DISTRITO CHICLAYO PROVINCIA CHICLAYO DEPARTAMENTO LAMBAYEQUE","disa":"LAMBAYEQUE","red":"NO PERTENECE A NINGUNA RED","microrred":"NO PERTENECE A NINGUNA MICRORED","categoria":"ESTABLECIMIENTO DE SALUD SIN INTERNAMIENTO","condicion":"ACTIVO","actualizado":"2023/08/01 19:00:00.000","fuente":"MINSA","urlRenipr":"http://app20.susalud.gob.pe:8080/registro-renipress-webapp/ipress.htm?action=mostrarVer&idipress=00029011"}},{"type":"Feature","geometry":{"type":"Point","coordinates":[-79.85223702999997,-6.767164219999927]},"properties":{"objectid":28982,"nombre":"CEPRENOR","departamento":"LAMBAYEQUE","provincia":"CHICLAYO","distrito":"CHICLAYO","institucion":"PRIVADO","codigoMinsa":25197,"direccion":"CALLE AYAR MANCO NÚMERO 433 URBANIZACIÓN LA PRIMAVERA I ETAPA DISTRITO CHICLAYO PROVINCIA CHICLAYO DEPARTAMENTO LAMBAYEQUE","disa":"LAMBAYEQUE","red":"","microrred":"NO PERTENECE A NINGUNA MICRORED","categoria":"ESTABLECIMIENTO DE SALUD SIN INTERNAMIENTO","condicion":"ACTIVO","actualizado":"2023/08/01 19:00:00.000","fuente":"MINSA","urlRenipr":"http://app20.susalud.gob.pe:8080/registro-renipress-webapp/ipress.htm?action=mostrarVer&idipress=00025197"}},{"type":"Feature","geometry":{"type":"Point","coordinates":[-79.84301659999994,-6.782490199999927]},"properties":{"objectid":28989,"nombre":"CENTRO NEFROLOGICO SANTA. ROSA DE LIMA S.A.C","departamento":"LAMBAYEQUE","provincia":"CHICLAYO","distrito":"CHICLAYO","institucion":"PRIVADO","codigoMinsa":19626,"direccion":"CALLE CALLE PIMENTEL Nº 141 URB. SANTA VICTORIA DISTRITO CHICLAYO PROVINCIA CHICLAYO DEPARTAMENTO LAMBAYEQUE","disa":"LAMBAYEQUE","red":"NO PERTENECE A NINGUNA RED","microrred":"NO PERTENECE A NINGUNA MICRORED","categoria":"SERVICIO MÉDICO DE APOYO","condicion":"ACTIVO","actualizado":"2023/08/01 19:00:00.000","fuente":"MINSA","urlRenipr":"http://app20.susalud.gob.pe:8080/registro-renipress-webapp/ipress.htm?action=mostrarVer&idipress=00019626"}},{"type":"Feature","geometry":{"type":"Point","coordinates":[-79.70549218999997,-6.749699219999968]},"properties":{"objectid":29027,"nombre":"HOSPITAL PRIVADO REFERENCIAL DOCENTE TUMÁN","departamento":"LAMBAYEQUE","provincia":"CHICLAYO","distrito":"TUMAN","institucion":"PRIVADO","codigoMinsa":7322,"direccion":"OTROS BLOCK 10 S/N TUMAN N?ERO S/N DISTRITO TUMAN PROVINCIA CHICLAYO DEPARTAMENTO LAMBAYEQUE","disa":"LAMBAYEQUE","red":"NO PERTENECE A NINGUNA RED","microrred":"NO PERTENECE A NINGUNA MICRORED","categoria":"ESTABLECIMIENTO DE SALUD SIN INTERNAMIENTO","condicion":"ACTIVO","actualizado":"2023/08/01 19:00:00.000","fuente":"MINSA","urlRenipr":"http://app20.susalud.gob.pe:8080/registro-renipress-webapp/ipress.htm?action=mostrarVer&idipress=00007322"}},{"type":"Feature","geometry":{"type":"Point","coordinates":[-79.90807569999998,-6.719766599999957]},"properties":{"objectid":29103,"nombre":"WORLD LAB","departamento":"LAMBAYEQUE","provincia":"CHICLAYO","distrito":"PIMENTEL","institucion":"PRIVADO","codigoMinsa":29292,"direccion":"CALLE AUSTRAL MANZANA N LOTE 7 URBANIZACIÓN LA PLATA DISTRITO PIMENTEL PROVINCIA CHICLAYO DEPARTAMENTO LAMBAYEQUE","disa":"LAMBAYEQUE","red":"","microrred":"","categoria":"SERVICIO MÉDICO DE APOYO","condicion":"ACTIVO","actualizado":"2023/08/01 19:00:00.000","fuente":"MINSA","urlRenipr":"http://app20.susalud.gob.pe:8080/registro-renipress-webapp/ipress.htm?action=mostrarVer&idipress=00029292"}},{"type":"Feature","geometry":{"type":"Point","coordinates":[-79.84871807999997,-6.768106179999961]},"properties":{"objectid":29140,"nombre":"DIALI MEDIC-PERU SAC","departamento":"LAMBAYEQUE","provincia":"CHICLAYO","distrito":"CHICLAYO","institucion":"PRIVADO","codigoMinsa":25529,"direccion":"CALLE BERNARDO ALCEDO NÚMERO 373 URBANIZACIÓN PATAZCA DISTRITO CHICLAYO PROVINCIA CHICLAYO DEPARTAMENTO LAMBAYEQUE","disa":"LAMBAYEQUE","red":"","microrred":"","categoria":"SERVICIO MÉDICO DE APOYO","condicion":"ACTIVO","actualizado":"2023/08/01 19:00:00.000","fuente":"MINSA","urlRenipr":"http://app20.susalud.gob.pe:8080/registro-renipress-webapp/ipress.htm?action=mostrarVer&idipress=00025529"}},{"type":"Feature","geometry":{"type":"Point","coordinates":[-79.82084708999997,-6.770782059999931]},"properties":{"objectid":29216,"nombre":"Establecimiento de Salud FAP \"HOREN\" Chiclayo","departamento":"LAMBAYEQUE","provincia":"CHICLAYO","distrito":"CHICLAYO","institucion":"SANIDAD DE LA FUERZA AEREA DEL PERU","codigoMinsa":8083,"direccion":"CARRETERA CARRETERA POMALCA S/N NÚMERO S/N DISTRITO CHICLAYO PROVINCIA CHICLAYO DEPARTAMENTO LAMBAYEQUE","disa":"LAMBAYEQUE","red":"NO PERTENECE A NINGUNA RED","microrred":"NO PERTENECE A NINGUNA MICRORED","categoria":"ESTABLECIMIENTO DE SALUD SIN INTERNAMIENTO","condicion":"ACTIVO","actualizado":"2023/08/01 19:00:00.000","fuente":"MINSA","urlRenipr":"http://app20.susalud.gob.pe:8080/registro-renipress-webapp/ipress.htm?action=mostrarVer&idipress=00008083"}},{"type":"Feature","geometry":{"type":"Point","coordinates":[-79.85499069999997,-6.770079799999962]},"properties":{"objectid":29387,"nombre":"SAMU GERESA LAMBAYEQUE","departamento":"LAMBAYEQUE","provincia":"CHICLAYO","distrito":"CHICLAYO","institucion":"GOBIERNO REGIONAL","codigoMinsa":28411,"direccion":"AVENIDA PROLONGACION PROGRESO S/N 1 5 HOSPITAL REGIONAL LAMBAYEQUE CHICLAYO CHICLAYO LAMBAYEQUE","disa":"LAMBAYEQUE","red":"NO PERTENECE A NINGUNA RED","microrred":"NO PERTENECE A NINGUNA MICRORED","categoria":"SERVICIO MÉDICO DE APOYO","condicion":"ACTIVO","actualizado":"2023/08/01 19:00:00.000","fuente":"MINSA","urlRenipr":"http://app20.susalud.gob.pe:8080/registro-renipress-webapp/ipress.htm?action=mostrarVer&idipress=00028411"}},{"type":"Feature","geometry":{"type":"Point","coordinates":[-79.39951336999997,-6.054443619999972]},"properties":{"objectid":29388,"nombre":"HUAYABAMBA","departamento":"LAMBAYEQUE","provincia":"FERREÑAFE","distrito":"CAÑARIS","institucion":"GOBIERNO REGIONAL","codigoMinsa":7020,"direccion":"OTROS CASERIO HUAYABAMBA CASERIO HUAYABAMBA CAÑARIS FERREÑAFE LAMBAYEQUE","disa":"LAMBAYEQUE","red":"LAMBAYEQUE","microrred":"KAÑARIS","categoria":"ESTABLECIMIENTO DE SALUD SIN INTERNAMIENTO","condicion":"ACTIVO","actualizado":"2023/08/01 19:00:00.000","fuente":"MINSA","urlRenipr":"http://app20.susalud.gob.pe:8080/registro-renipress-webapp/ipress.htm?action=mostrarVer&idipress=00007020"}},{"type":"Feature","geometry":{"type":"Point","coordinates":[-79.73999666999998,-6.274176669999974]},"properties":{"objectid":29389,"nombre":"ANCHOVIRA","departamento":"LAMBAYEQUE","provincia":"LAMBAYEQUE","distrito":"MOTUPE","institucion":"GOBIERNO REGIONAL","codigoMinsa":4405,"direccion":"OTROS PANAMERICANA S/N KM. 51 S/N PANAMERICANA S/N KM. 51 MOTUPE LAMBAYEQUE LAMBAYEQUE","disa":"LAMBAYEQUE","red":"LAMBAYEQUE","microrred":"MOTUPE","categoria":"ESTABLECIMIENTO DE SALUD SIN INTERNAMIENTO","condicion":"ACTIVO","actualizado":"2023/08/01 19:00:00.000","fuente":"MINSA","urlRenipr":"http://app20.susalud.gob.pe:8080/registro-renipress-webapp/ipress.htm?action=mostrarVer&idipress=00004405"}},{"type":"Feature","geometry":{"type":"Point","coordinates":[-79.77318666999997,-5.929806669999948]},"properties":{"objectid":29390,"nombre":"CASERIO PLAYA DE CASCAJAL","departamento":"LAMBAYEQUE","provincia":"LAMBAYEQUE","distrito":"OLMOS","institucion":"GOBIERNO REGIONAL","codigoMinsa":7316,"direccion":"OTROS CASERIO PLAYA CASCAJAL CASERIO PLAYA CASCAJAL OLMOS LAMBAYEQUE LAMBAYEQUE","disa":"LAMBAYEQUE","red":"LAMBAYEQUE","microrred":"OLMOS","categoria":"ESTABLECIMIENTO DE SALUD SIN INTERNAMIENTO","condicion":"ACTIVO","actualizado":"2023/08/01 19:00:00.000","fuente":"MINSA","urlRenipr":"http://app20.susalud.gob.pe:8080/registro-renipress-webapp/ipress.htm?action=mostrarVer&idipress=00007316"}},{"type":"Feature","geometry":{"type":"Point","coordinates":[-79.88328832999997,-5.835298329999944]},"properties":{"objectid":29391,"nombre":"CALERA SANTA ROSA","departamento":"LAMBAYEQUE","provincia":"LAMBAYEQUE","distrito":"OLMOS","institucion":"GOBIERNO REGIONAL","codigoMinsa":7315,"direccion":"OTROS CASERIO CALERA SANTA ROSA CASERIO CALERA SANTA ROSA OLMOS LAMBAYEQUE LAMBAYEQUE","disa":"LAMBAYEQUE","red":"LAMBAYEQUE","microrred":"OLMOS","categoria":"ESTABLECIMIENTO DE SALUD SIN INTERNAMIENTO","condicion":"ACTIVO","actualizado":"2023/08/01 19:00:00.000","fuente":"MINSA","urlRenipr":"http://app20.susalud.gob.pe:8080/registro-renipress-webapp/ipress.htm?action=mostrarVer&idipress=00007315"}},{"type":"Feature","geometry":{"type":"Point","coordinates":[-79.78884282999996,-6.642410899999959]},"properties":{"objectid":29392,"nombre":"HOSPITAL REFERENCIAL FERREÑAFE","departamento":"LAMBAYEQUE","provincia":"FERREÑAFE","distrito":"FERREÑAFE","institucion":"GOBIERNO REGIONAL","codigoMinsa":4440,"direccion":"AVENIDA AV. AUGUSTO B. LEGUIA Nº 600 AV. AUGUSTO B. LEGUIA Nº 600 FERREÑAFE FERREÑAFE LAMBAYEQUE","disa":"LAMBAYEQUE","red":"FERREÐAFE","microrred":"FERREÑAFE","categoria":"ESTABLECIMIENTO DE SALUD CON INTERNAMIENTO","condicion":"ACTIVO","actualizado":"2023/08/01 19:00:00.000","fuente":"MINSA","urlRenipr":"http://app20.susalud.gob.pe:8080/registro-renipress-webapp/ipress.htm?action=mostrarVer&idipress=00004440"}},{"type":"Feature","geometry":{"type":"Point","coordinates":[-79.87627008999993,-6.595696559999965]},"properties":{"objectid":29393,"nombre":"PUNTO CUATRO","departamento":"LAMBAYEQUE","provincia":"LAMBAYEQUE","distrito":"MOCHUMI","institucion":"GOBIERNO REGIONAL","codigoMinsa":4382,"direccion":"OTROS CENTRO POBLADO PUNTO CUATRO CENTRO POBLADO PUNTO CUATRO MOCHUMI LAMBAYEQUE LAMBAYEQUE","disa":"LAMBAYEQUE","red":"LAMBAYEQUE","microrred":"MOCHUMI","categoria":"ESTABLECIMIENTO DE SALUD SIN INTERNAMIENTO","condicion":"ACTIVO","actualizado":"2023/08/01 19:00:00.000","fuente":"MINSA","urlRenipr":"http://app20.susalud.gob.pe:8080/registro-renipress-webapp/ipress.htm?action=mostrarVer&idipress=00004382"}},{"type":"Feature","geometry":{"type":"Point","coordinates":[-79.73957166999998,-7.0555383299999335]},"properties":{"objectid":29394,"nombre":"LAGUNAS","departamento":"LAMBAYEQUE","provincia":"CHICLAYO","distrito":"LAGUNAS","institucion":"GOBIERNO REGIONAL","codigoMinsa":4361,"direccion":"OTROS CASERIO LAGUNAS DISTRITO LAGUNAS PROVINCIA CHICLAYO DEPARTAMENTO LAMBAYEQUE","disa":"LAMBAYEQUE","red":"CHICLAYO","microrred":"REQUE-LAGUNAS","categoria":"ESTABLECIMIENTO DE SALUD SIN INTERNAMIENTO","condicion":"ACTIVO","actualizado":"2023/08/01 19:00:00.000","fuente":"MINSA","urlRenipr":"http://app20.susalud.gob.pe:8080/registro-renipress-webapp/ipress.htm?action=mostrarVer&idipress=00004361"}},{"type":"Feature","geometry":{"type":"Point","coordinates":[-79.82880763999998,-6.766115129999946]},"properties":{"objectid":29395,"nombre":"SAN ANTONIO","departamento":"LAMBAYEQUE","provincia":"CHICLAYO","distrito":"CHICLAYO","institucion":"GOBIERNO REGIONAL","codigoMinsa":4319,"direccion":"CALLE CALLE AMAZONAS Nº 1005 DISTRITO CHICLAYO PROVINCIA CHICLAYO DEPARTAMENTO LAMBAYEQUE","disa":"LAMBAYEQUE","red":"CHICLAYO","microrred":"CHICLAYO","categoria":"ESTABLECIMIENTO DE SALUD SIN INTERNAMIENTO","condicion":"ACTIVO","actualizado":"2023/08/01 19:00:00.000","fuente":"MINSA","urlRenipr":"http://app20.susalud.gob.pe:8080/registro-renipress-webapp/ipress.htm?action=mostrarVer&idipress=00004319"}},{"type":"Feature","geometry":{"type":"Point","coordinates":[-79.84547824999999,-6.775353069999937]},"properties":{"objectid":29523,"nombre":"ONCORAD S.A.C.","departamento":"LAMBAYEQUE","provincia":"CHICLAYO","distrito":"CHICLAYO","institucion":"PRIVADO","codigoMinsa":14406,"direccion":"AVENIDA AV. JOSE LEONARDO ORTIZ Nº 423 DISTRITO CHICLAYO PROVINCIA CHICLAYO DEPARTAMENTO LAMBAYEQUE","disa":"LAMBAYEQUE","red":"NO PERTENECE A NINGUNA RED","microrred":"NO PERTENECE A NINGUNA MICRORED","categoria":"ESTABLECIMIENTO DE SALUD SIN INTERNAMIENTO","condicion":"ACTIVO","actualizado":"2023/08/01 19:00:00.000","fuente":"MINSA","urlRenipr":"http://app20.susalud.gob.pe:8080/registro-renipress-webapp/ipress.htm?action=mostrarVer&idipress=00014406"}},{"type":"Feature","geometry":{"type":"Point","coordinates":[-79.45992166999997,-6.898396669999954]},"properties":{"objectid":29599,"nombre":"LA VIÑA DE NUEVA ARICA","departamento":"LAMBAYEQUE","provincia":"CHICLAYO","distrito":"NUEVA ARICA","institucion":"GOBIERNO REGIONAL","codigoMinsa":4365,"direccion":"OTROS CASERIO LA VIÑA DISTRITO NUEVA ARICA PROVINCIA CHICLAYO DEPARTAMENTO LAMBAYEQUE","disa":"LAMBAYEQUE","red":"CHICLAYO","microrred":"OYOTUN","categoria":"ESTABLECIMIENTO DE SALUD SIN INTERNAMIENTO","condicion":"ACTIVO","actualizado":"2023/08/01 19:00:00.000","fuente":"MINSA","urlRenipr":"http://app20.susalud.gob.pe:8080/registro-renipress-webapp/ipress.htm?action=mostrarVer&idipress=00004365"}},{"type":"Feature","geometry":{"type":"Point","coordinates":[-79.81854449999997,-6.765347499999962]},"properties":{"objectid":29624,"nombre":"CLÍNICA ODONTOLOGICA SONRISAS BRILLANTES","departamento":"LAMBAYEQUE","provincia":"CHICLAYO","distrito":"CHICLAYO","institucion":"PRIVADO","codigoMinsa":27515,"direccion":"CALLE VICENTE DE LA VEGA N?ERO 664 PISO 2 DISTRITO CHICLAYO PROVINCIA CHICLAYO DEPARTAMENTO LAMBAYEQUE","disa":"LAMBAYEQUE","red":"NO PERTENECE A NINGUNA RED","microrred":"NO PERTENECE A NINGUNA MICRORED","categoria":"ESTABLECIMIENTO DE SALUD SIN INTERNAMIENTO","condicion":"ACTIVO","actualizado":"2023/08/01 19:00:00.000","fuente":"MINSA","urlRenipr":"http://app20.susalud.gob.pe:8080/registro-renipress-webapp/ipress.htm?action=mostrarVer&idipress=00027515"}},{"type":"Feature","geometry":{"type":"Point","coordinates":[-79.83721119999996,-6.77590779999997]},"properties":{"objectid":29695,"nombre":"SYNLAB PERU S.A.C","departamento":"LAMBAYEQUE","provincia":"CHICLAYO","distrito":"CHICLAYO","institucion":"PRIVADO","codigoMinsa":9305,"direccion":"CALLE CALLE SIETE DE ENERO 185 (INTERIOR MAX SALUD) DISTRITO CHICLAYO PROVINCIA CHICLAYO DEPARTAMENTO LAMBAYEQUE","disa":"LAMBAYEQUE","red":"NO PERTENECE A NINGUNA RED","microrred":"NO PERTENECE A NINGUNA MICRORED","categoria":"SERVICIO MÉDICO DE APOYO","condicion":"ACTIVO","actualizado":"2023/08/01 19:00:00.000","fuente":"MINSA","urlRenipr":"http://app20.susalud.gob.pe:8080/registro-renipress-webapp/ipress.htm?action=mostrarVer&idipress=00009305"}},{"type":"Feature","geometry":{"type":"Point","coordinates":[-79.83345107999997,-6.770706349999955]},"properties":{"objectid":29805,"nombre":"RENALAB EIRL","departamento":"LAMBAYEQUE","provincia":"CHICLAYO","distrito":"CHICLAYO","institucion":"PRIVADO","codigoMinsa":21712,"direccion":"CALLE CALLE VICENTE DE LA VEGA #1361 - CERCADO DE CHICLAYO DISTRITO CHICLAYO PROVINCIA CHICLAYO DEPARTAMENTO LAMBAYEQUE","disa":"","red":"","microrred":"","categoria":"SERVICIO MÉDICO DE APOYO","condicion":"RUC INACTIVO EN SUNAT","actualizado":"2023/08/01 19:00:00.000","fuente":"MINSA","urlRenipr":"http://app20.susalud.gob.pe:8080/registro-renipress-webapp/ipress.htm?action=mostrarVer&idipress=00021712"}},{"type":"Feature","geometry":{"type":"Point","coordinates":[-79.85499069999997,-6.770079799999962]},"properties":{"objectid":29917,"nombre":"CLINICA SAN EDUARDO","departamento":"LAMBAYEQUE","provincia":"CHICLAYO","distrito":"CHICLAYO","institucion":"PRIVADO","codigoMinsa":29146,"direccion":"CALLE 7 DE ENERO SUR NÚMERO 264 URBANIZACIÓN SAN EDUARDO DISTRITO CHICLAYO PROVINCIA CHICLAYO DEPARTAMENTO LAMBAYEQUE","disa":"LAMBAYEQUE","red":"NO PERTENECE A NINGUNA RED","microrred":"NO PERTENECE A NINGUNA MICRORED","categoria":"ESTABLECIMIENTO DE SALUD CON INTERNAMIENTO","condicion":"ACTIVO","actualizado":"2023/08/01 19:00:00.000","fuente":"MINSA","urlRenipr":"http://app20.susalud.gob.pe:8080/registro-renipress-webapp/ipress.htm?action=mostrarVer&idipress=00029146"}},{"type":"Feature","geometry":{"type":"Point","coordinates":[-79.84947999999997,-6.772740399999975]},"properties":{"objectid":30106,"nombre":"CADENALAB","departamento":"LAMBAYEQUE","provincia":"CHICLAYO","distrito":"CHICLAYO","institucion":"PRIVADO","codigoMinsa":29643,"direccion":"CALLE LAS MAGNOLIAS NÚMERO 480 PISO 3 DEPARTAMENTO 301 URBANIZACIÓN LOS PARQUES DISTRITO CHICLAYO PROVINCIA CHICLAYO DEPARTAMENTO LAMBAYEQUE","disa":"LAMBAYEQUE","red":"","microrred":"","categoria":"SERVICIO MÉDICO DE APOYO","condicion":"ACTIVO","actualizado":"2023/08/01 19:00:00.000","fuente":"MINSA","urlRenipr":"http://app20.susalud.gob.pe:8080/registro-renipress-webapp/ipress.htm?action=mostrarVer&idipress=00029643"}},{"type":"Feature","geometry":{"type":"Point","coordinates":[-79.66459166999994,-6.99356666999995]},"properties":{"objectid":30218,"nombre":"PUEBLO LIBRE","departamento":"LAMBAYEQUE","provincia":"CHICLAYO","distrito":"LAGUNAS","institucion":"GOBIERNO REGIONAL","codigoMinsa":4363,"direccion":"CALLE CALLE PUEBLO LIBRE S/N NÚMERO S/N DISTRITO LAGUNAS PROVINCIA CHICLAYO DEPARTAMENTO LAMBAYEQUE","disa":"LAMBAYEQUE","red":"CHICLAYO","microrred":"REQUE-LAGUNAS","categoria":"ESTABLECIMIENTO DE SALUD SIN INTERNAMIENTO","condicion":"ACTIVO","actualizado":"2023/08/01 19:00:00.000","fuente":"MINSA","urlRenipr":"http://app20.susalud.gob.pe:8080/registro-renipress-webapp/ipress.htm?action=mostrarVer&idipress=00004363"}},{"type":"Feature","geometry":{"type":"Point","coordinates":[-79.48163709999994,-6.353325599999948]},"properties":{"objectid":30325,"nombre":"LAQUIPAMPA","departamento":"LAMBAYEQUE","provincia":"FERREÑAFE","distrito":"INCAHUASI","institucion":"GOBIERNO REGIONAL","codigoMinsa":4456,"direccion":"OTROS CENTRO POBLADO LAQUIPAMPA DISTRITO INCAHUASI PROVINCIA FERREÑAFE DEPARTAMENTO LAMBAYEQUE","disa":"LAMBAYEQUE","red":"FERREÐAFE","microrred":"INKAWASI","categoria":"ESTABLECIMIENTO DE SALUD SIN INTERNAMIENTO","condicion":"ACTIVO","actualizado":"2023/08/01 19:00:00.000","fuente":"MINSA","urlRenipr":"http://app20.susalud.gob.pe:8080/registro-renipress-webapp/ipress.htm?action=mostrarVer&idipress=00004456"}},{"type":"Feature","geometry":{"type":"Point","coordinates":[-79.83839129999996,-6.773540899999944]},"properties":{"objectid":30575,"nombre":"LABORAT MED DE ANALISIS CLINICOS MC SCRL","departamento":"LAMBAYEQUE","provincia":"CHICLAYO","distrito":"CHICLAYO","institucion":"PRIVADO","codigoMinsa":25159,"direccion":"CALLE TORRES PAZ NÚMERO 707 PISO 1 DISTRITO CHICLAYO PROVINCIA CHICLAYO DEPARTAMENTO LAMBAYEQUE","disa":"LAMBAYEQUE","red":"NO PERTENECE A NINGUNA RED","microrred":"NO PERTENECE A NINGUNA MICRORED","categoria":"SERVICIO MÉDICO DE APOYO","condicion":"ACTIVO","actualizado":"2023/08/01 19:00:00.000","fuente":"MINSA","urlRenipr":"http://app20.susalud.gob.pe:8080/registro-renipress-webapp/ipress.htm?action=mostrarVer&idipress=00025159"}},{"type":"Feature","geometry":{"type":"Point","coordinates":[-79.90003789999997,-6.698775699999942]},"properties":{"objectid":30621,"nombre":"ODONTOLOGÍA SANTA MARÍA DENTAL","departamento":"LAMBAYEQUE","provincia":"LAMBAYEQUE","distrito":"LAMBAYEQUE","institucion":"PRIVADO","codigoMinsa":31145,"direccion":"CALLE Los Geranios NÚMERO 323 PISO 2 URBANIZACIÓN Miraflores DISTRITO LAMBAYEQUE PROVINCIA LAMBAYEQUE DEPARTAMENTO LAMBAYEQUE","disa":"LAMBAYEQUE","red":"","microrred":"","categoria":"ESTABLECIMIENTO DE SALUD SIN INTERNAMIENTO","condicion":"ACTIVO","actualizado":"2023/08/01 19:00:00.000","fuente":"MINSA","urlRenipr":"http://app20.susalud.gob.pe:8080/registro-renipress-webapp/ipress.htm?action=mostrarVer&idipress=00031145"}},{"type":"Feature","geometry":{"type":"Point","coordinates":[-79.74559559999994,-5.987341599999979]},"properties":{"objectid":30758,"nombre":"POSTA MEDICA OLMOS","departamento":"LAMBAYEQUE","provincia":"LAMBAYEQUE","distrito":"OLMOS","institucion":"ESSALUD","codigoMinsa":27743,"direccion":"CALLE ATAHUALPA NÚMERO 732 DISTRITO OLMOS PROVINCIA LAMBAYEQUE DEPARTAMENTO LAMBAYEQUE","disa":"LAMBAYEQUE","red":"NO PERTENECE A NINGUNA RED","microrred":"","categoria":"ESTABLECIMIENTO DE SALUD SIN INTERNAMIENTO","condicion":"ACTIVO","actualizado":"2023/08/01 19:00:00.000","fuente":"MINSA","urlRenipr":"http://app20.susalud.gob.pe:8080/registro-renipress-webapp/ipress.htm?action=mostrarVer&idipress=00027743"}},{"type":"Feature","geometry":{"type":"Point","coordinates":[-79.62111699999997,-6.984841999999958]},"properties":{"objectid":30762,"nombre":"POSTA MEDICA DE UCUPE - ESSALUD","departamento":"LAMBAYEQUE","provincia":"CHICLAYO","distrito":"LAGUNAS","institucion":"ESSALUD","codigoMinsa":8832,"direccion":"CALLE CALLE VICTOR RAMIREZ S/N. NÚMERO S/N DISTRITO LAGUNAS PROVINCIA CHICLAYO DEPARTAMENTO LAMBAYEQUE","disa":"LAMBAYEQUE","red":"NO PERTENECE A NINGUNA RED","microrred":"NO PERTENECE A NINGUNA MICRORED","categoria":"ESTABLECIMIENTO DE SALUD SIN INTERNAMIENTO","condicion":"ACTIVO","actualizado":"2023/08/01 19:00:00.000","fuente":"MINSA","urlRenipr":"http://app20.susalud.gob.pe:8080/registro-renipress-webapp/ipress.htm?action=mostrarVer&idipress=00008832"}},{"type":"Feature","geometry":{"type":"Point","coordinates":[-79.84148576999996,-6.768102889999966]},"properties":{"objectid":30882,"nombre":"INSTITUTO PERUANO DE PATERNIDAD RESPONSABLE - INPPARES","departamento":"LAMBAYEQUE","provincia":"CHICLAYO","distrito":"CHICLAYO","institucion":"PRIVADO","codigoMinsa":18187,"direccion":"CALLE CALLE LEONCIO PRADO Nº 485 - URB. EL PORVENIR DISTRITO CHICLAYO PROVINCIA CHICLAYO DEPARTAMENTO LAMBAYEQUE","disa":"LAMBAYEQUE","red":"NO PERTENECE A NINGUNA RED","microrred":"NO PERTENECE A NINGUNA MICRORED","categoria":"ESTABLECIMIENTO DE SALUD SIN INTERNAMIENTO","condicion":"ACTIVO","actualizado":"2023/08/01 19:00:00.000","fuente":"MINSA","urlRenipr":"http://app20.susalud.gob.pe:8080/registro-renipress-webapp/ipress.htm?action=mostrarVer&idipress=00018187"}},{"type":"Feature","geometry":{"type":"Point","coordinates":[-79.90807569999998,-6.719766599999957]},"properties":{"objectid":30944,"nombre":"HEALTH LAB","departamento":"LAMBAYEQUE","provincia":"CHICLAYO","distrito":"CHICLAYO","institucion":"PRIVADO","codigoMinsa":26518,"direccion":"CALLE Jose de la Torre Ugarte N?ERO 342 PISO 1 DISTRITO CHICLAYO PROVINCIA CHICLAYO DEPARTAMENTO LAMBAYEQUE","disa":"LAMBAYEQUE","red":"NO PERTENECE A NINGUNA RED","microrred":"NO PERTENECE A NINGUNA MICRORED","categoria":"SERVICIO MÉDICO DE APOYO","condicion":"ACTIVO","actualizado":"2023/08/01 19:00:00.000","fuente":"MINSA","urlRenipr":"http://app20.susalud.gob.pe:8080/registro-renipress-webapp/ipress.htm?action=mostrarVer&idipress=00026518"}},{"type":"Feature","geometry":{"type":"Point","coordinates":[-79.86303319999996,-6.760374299999967]},"properties":{"objectid":31006,"nombre":"CENTRO DE FORMACIÓN ODONTOLOGICA CEFO USAT","departamento":"LAMBAYEQUE","provincia":"CHICLAYO","distrito":"CHICLAYO","institucion":"OTRO","codigoMinsa":27811,"direccion":"AVENIDA SAN JOSE MARIA ESCRIBA DE BALAGUER NÚMERO 855 DISTRITO CHICLAYO PROVINCIA CHICLAYO DEPARTAMENTO LAMBAYEQUE","disa":"LAMBAYEQUE","red":"NO PERTENECE A NINGUNA RED","microrred":"NO PERTENECE A NINGUNA MICRORED","categoria":"ESTABLECIMIENTO DE SALUD SIN INTERNAMIENTO","condicion":"ACTIVO","actualizado":"2023/08/01 19:00:00.000","fuente":"MINSA","urlRenipr":"http://app20.susalud.gob.pe:8080/registro-renipress-webapp/ipress.htm?action=mostrarVer&idipress=00027811"}},{"type":"Feature","geometry":{"type":"Point","coordinates":[-79.84243279999998,-6.773923199999956]},"properties":{"objectid":31083,"nombre":"OFIR SALUD EIRL","departamento":"LAMBAYEQUE","provincia":"CHICLAYO","distrito":"CHICLAYO","institucion":"PRIVADO","codigoMinsa":28326,"direccion":"AVENIDA LUIS GONZALES NÚMERO 438 DISTRITO CHICLAYO PROVINCIA CHICLAYO DEPARTAMENTO LAMBAYEQUE","disa":"LAMBAYEQUE","red":"NO PERTENECE A NINGUNA RED","microrred":"NO PERTENECE A NINGUNA MICRORED","categoria":"ESTABLECIMIENTO DE SALUD SIN INTERNAMIENTO","condicion":"ACTIVO","actualizado":"2023/08/01 19:00:00.000","fuente":"MINSA","urlRenipr":"http://app20.susalud.gob.pe:8080/registro-renipress-webapp/ipress.htm?action=mostrarVer&idipress=00028326"}},{"type":"Feature","geometry":{"type":"Point","coordinates":[-79.84523319999994,-6.780563299999926]},"properties":{"objectid":31249,"nombre":"CENTRO MEDICO VIRTUAL CLINIC","departamento":"LAMBAYEQUE","provincia":"CHICLAYO","distrito":"CHICLAYO","institucion":"PRIVADO","codigoMinsa":31193,"direccion":"AVENIDA MIGUEL GRAU NÚMERO 478 DISTRITO CHICLAYO PROVINCIA CHICLAYO DEPARTAMENTO LAMBAYEQUE","disa":"LAMBAYEQUE","red":"","microrred":"","categoria":"ESTABLECIMIENTO DE SALUD SIN INTERNAMIENTO","condicion":"ACTIVO","actualizado":"2023/08/01 19:00:00.000","fuente":"MINSA","urlRenipr":"http://app20.susalud.gob.pe:8080/registro-renipress-webapp/ipress.htm?action=mostrarVer&idipress=00031193"}},{"type":"Feature","geometry":{"type":"Point","coordinates":[-79.85062449999998,-6.76933779999996]},"properties":{"objectid":31269,"nombre":"INVERSIONES PREVENTIVA S.R.L.","departamento":"LAMBAYEQUE","provincia":"CHICLAYO","distrito":"CHICLAYO","institucion":"PRIVADO","codigoMinsa":31315,"direccion":"CALLE FRANCISCO CUNEO NÚMERO 680 URBANIZACIÓN PATAZCA DISTRITO CHICLAYO PROVINCIA CHICLAYO DEPARTAMENTO LAMBAYEQUE","disa":"LAMBAYEQUE","red":"","microrred":"","categoria":"ESTABLECIMIENTO DE SALUD SIN INTERNAMIENTO","condicion":"ACTIVO","actualizado":"2023/08/01 19:00:00.000","fuente":"MINSA","urlRenipr":"http://app20.susalud.gob.pe:8080/registro-renipress-webapp/ipress.htm?action=mostrarVer&idipress=00031315"}},{"type":"Feature","geometry":{"type":"Point","coordinates":[-79.78697139999997,-6.63406759999998]},"properties":{"objectid":31357,"nombre":"CENTRO MEDICO TERESA DE CALCUTA","departamento":"LAMBAYEQUE","provincia":"FERREÑAFE","distrito":"FERREÑAFE","institucion":"PRIVADO","codigoMinsa":29983,"direccion":"AVENIDA TACNA NÚMERO 316 DISTRITO FERREÑAFE PROVINCIA FERREÑAFE DEPARTAMENTO LAMBAYEQUE","disa":"LAMBAYEQUE","red":"","microrred":"","categoria":"ESTABLECIMIENTO DE SALUD SIN INTERNAMIENTO","condicion":"ACTIVO","actualizado":"2023/08/01 19:00:00.000","fuente":"MINSA","urlRenipr":"http://app20.susalud.gob.pe:8080/registro-renipress-webapp/ipress.htm?action=mostrarVer&idipress=00029983"}},{"type":"Feature","geometry":{"type":"Point","coordinates":[-79.79252525999993,-6.639052239999955]},"properties":{"objectid":31358,"nombre":"CENTRO ASISTENCIAL TERESA DE CALCUTA","departamento":"LAMBAYEQUE","provincia":"FERREÑAFE","distrito":"FERREÑAFE","institucion":"PRIVADO","codigoMinsa":19420,"direccion":"AV. TACNA Nª 316","disa":"","red":"","microrred":"","categoria":"ESTABLECIMIENTO DE SALUD SIN INTERNAMIENTO","condicion":"RUC INACTIVO EN SUNAT","actualizado":"2023/08/01 19:00:00.000","fuente":"MINSA","urlRenipr":"http://app20.susalud.gob.pe:8080/registro-renipress-webapp/ipress.htm?action=mostrarVer&idipress=00019420"}},{"type":"Feature","geometry":{"type":"Point","coordinates":[-79.88576999999998,-5.7080766699999685]},"properties":{"objectid":31483,"nombre":"QUERPON","departamento":"LAMBAYEQUE","provincia":"LAMBAYEQUE","distrito":"OLMOS","institucion":"GOBIERNO REGIONAL","codigoMinsa":4410,"direccion":"OTROS ANTIGUA PANAMERICA NORTE KM. 127 ANTIGUA PANAMERICA NORTE KM. 127 OLMOS LAMBAYEQUE LAMBAYEQUE","disa":"LAMBAYEQUE","red":"LAMBAYEQUE","microrred":"OLMOS","categoria":"ESTABLECIMIENTO DE SALUD SIN INTERNAMIENTO","condicion":"ACTIVO","actualizado":"2023/08/01 19:00:00.000","fuente":"MINSA","urlRenipr":"http://app20.susalud.gob.pe:8080/registro-renipress-webapp/ipress.htm?action=mostrarVer&idipress=00004410"}},{"type":"Feature","geometry":{"type":"Point","coordinates":[-79.40030999999993,-6.002459999999928]},"properties":{"objectid":31485,"nombre":"LA SUCCHA","departamento":"LAMBAYEQUE","provincia":"FERREÑAFE","distrito":"CAÑARIS","institucion":"GOBIERNO REGIONAL","codigoMinsa":4401,"direccion":"CARRETERA CASERIO LA SUCCHA/KM 26 CARRETERA JAEN CASERIO LA SUCCHA/KM 26 CARRETERA JAEN CAÑARIS FERREÑAFE LAMBAYEQUE","disa":"LAMBAYEQUE","red":"LAMBAYEQUE","microrred":"KAÑARIS","categoria":"ESTABLECIMIENTO DE SALUD SIN INTERNAMIENTO","condicion":"ACTIVO","actualizado":"2023/08/01 19:00:00.000","fuente":"MINSA","urlRenipr":"http://app20.susalud.gob.pe:8080/registro-renipress-webapp/ipress.htm?action=mostrarVer&idipress=00004401"}},{"type":"Feature","geometry":{"type":"Point","coordinates":[-79.48125166999995,-6.035768329999939]},"properties":{"objectid":31487,"nombre":"LAGUNA HUANAMA","departamento":"LAMBAYEQUE","provincia":"LAMBAYEQUE","distrito":"SALAS","institucion":"GOBIERNO REGIONAL","codigoMinsa":11452,"direccion":"OTROS CASERIO LAGUNA HUANAMA CASERIO LAGUNA HUANAMA SALAS LAMBAYEQUE LAMBAYEQUE","disa":"LAMBAYEQUE","red":"LAMBAYEQUE","microrred":"SALAS","categoria":"ESTABLECIMIENTO DE SALUD SIN INTERNAMIENTO","condicion":"ACTIVO","actualizado":"2023/08/01 19:00:00.000","fuente":"MINSA","urlRenipr":"http://app20.susalud.gob.pe:8080/registro-renipress-webapp/ipress.htm?action=mostrarVer&idipress=00011452"}},{"type":"Feature","geometry":{"type":"Point","coordinates":[-79.84630847999995,-6.804646349999928]},"properties":{"objectid":31488,"nombre":"ANTONIO RAYMONDI","departamento":"LAMBAYEQUE","provincia":"CHICLAYO","distrito":"LA VICTORIA","institucion":"GOBIERNO REGIONAL","codigoMinsa":7410,"direccion":"CALLE CALLE LAS LEYENDAS S/N PUEBLO JOVEN ANTONIO RAYMONDI S/N CALLE LAS LEYENDAS S/N PUEBLO JOVEN ANTONIO RAYMONDI LA VICTORIA CHICLAYO LAMBAYEQUE","disa":"LAMBAYEQUE","red":"CHICLAYO","microrred":"LA VICTORIA","categoria":"ESTABLECIMIENTO DE SALUD SIN INTERNAMIENTO","condicion":"ACTIVO","actualizado":"2023/08/01 19:00:00.000","fuente":"MINSA","urlRenipr":"http://app20.susalud.gob.pe:8080/registro-renipress-webapp/ipress.htm?action=mostrarVer&idipress=00007410"}},{"type":"Feature","geometry":{"type":"Point","coordinates":[-79.66665666999995,-6.109121669999979]},"properties":{"objectid":31489,"nombre":"EL ARROZAL","departamento":"LAMBAYEQUE","provincia":"LAMBAYEQUE","distrito":"MOTUPE","institucion":"GOBIERNO REGIONAL","codigoMinsa":6953,"direccion":"OTROS C.P. EL ARROZAL C.P. EL ARROZAL MOTUPE LAMBAYEQUE LAMBAYEQUE","disa":"LAMBAYEQUE","red":"LAMBAYEQUE","microrred":"MOTUPE","categoria":"ESTABLECIMIENTO DE SALUD SIN INTERNAMIENTO","condicion":"ACTIVO","actualizado":"2023/08/01 19:00:00.000","fuente":"MINSA","urlRenipr":"http://app20.susalud.gob.pe:8080/registro-renipress-webapp/ipress.htm?action=mostrarVer&idipress=00006953"}},{"type":"Feature","geometry":{"type":"Point","coordinates":[-79.31545788999995,-6.231060639999953]},"properties":{"objectid":31490,"nombre":"CANCHACHALA","departamento":"LAMBAYEQUE","provincia":"FERREÑAFE","distrito":"INCAHUASI","institucion":"GOBIERNO REGIONAL","codigoMinsa":4462,"direccion":"OTROS CENTRO POBLADO MENOR CANCHACHALA DISTRITO INCAHUASI PROVINCIA FERREÑAFE DEPARTAMENTO LAMBAYEQUE","disa":"LAMBAYEQUE","red":"FERREÐAFE","microrred":"INKAWASI","categoria":"ESTABLECIMIENTO DE SALUD SIN INTERNAMIENTO","condicion":"ACTIVO","actualizado":"2023/08/01 19:00:00.000","fuente":"MINSA","urlRenipr":"http://app20.susalud.gob.pe:8080/registro-renipress-webapp/ipress.htm?action=mostrarVer&idipress=00004462"}},{"type":"Feature","geometry":{"type":"Point","coordinates":[-79.92711666999998,-6.500141669999948]},"properties":{"objectid":31491,"nombre":"POSITOS","departamento":"LAMBAYEQUE","provincia":"LAMBAYEQUE","distrito":"MORROPE","institucion":"GOBIERNO REGIONAL","codigoMinsa":4438,"direccion":"OTROS CASERÍO POSITOS DISTRITO MORROPE PROVINCIA LAMBAYEQUE DEPARTAMENTO LAMBAYEQUE","disa":"LAMBAYEQUE","red":"LAMBAYEQUE","microrred":"MORROPE","categoria":"ESTABLECIMIENTO DE SALUD SIN INTERNAMIENTO","condicion":"ACTIVO","actualizado":"2023/08/01 19:00:00.000","fuente":"MINSA","urlRenipr":"http://app20.susalud.gob.pe:8080/registro-renipress-webapp/ipress.htm?action=mostrarVer&idipress=00004438"}},{"type":"Feature","geometry":{"type":"Point","coordinates":[-79.91956344999994,-6.645156089999944]},"properties":{"objectid":31492,"nombre":"MUYFINCA-PUNTO 09","departamento":"LAMBAYEQUE","provincia":"LAMBAYEQUE","distrito":"LAMBAYEQUE","institucion":"GOBIERNO REGIONAL","codigoMinsa":4375,"direccion":"OTROS C.P MUY FINCA PUNTO 9 C.P MUY FINCA PUNTO 9 LAMBAYEQUE LAMBAYEQUE LAMBAYEQUE","disa":"LAMBAYEQUE","red":"LAMBAYEQUE","microrred":"LAMBAYEQUE","categoria":"ESTABLECIMIENTO DE SALUD SIN INTERNAMIENTO","condicion":"ACTIVO","actualizado":"2023/08/01 19:00:00.000","fuente":"MINSA","urlRenipr":"http://app20.susalud.gob.pe:8080/registro-renipress-webapp/ipress.htm?action=mostrarVer&idipress=00004375"}},{"type":"Feature","geometry":{"type":"Point","coordinates":[-79.86521666999994,-6.626904999999965]},"properties":{"objectid":31493,"nombre":"SIALUPE HUAMANTANGA","departamento":"LAMBAYEQUE","provincia":"LAMBAYEQUE","distrito":"LAMBAYEQUE","institucion":"GOBIERNO REGIONAL","codigoMinsa":4374,"direccion":"OTROS CAS.SIALUPE HUAMANTANGA/SECTOR LOS MESTAS CAS.SIALUPE HUAMANTANGA/SECTOR LOS MESTAS LAMBAYEQUE LAMBAYEQUE LAMBAYEQUE","disa":"LAMBAYEQUE","red":"LAMBAYEQUE","microrred":"LAMBAYEQUE","categoria":"ESTABLECIMIENTO DE SALUD SIN INTERNAMIENTO","condicion":"ACTIVO","actualizado":"2023/08/01 19:00:00.000","fuente":"MINSA","urlRenipr":"http://app20.susalud.gob.pe:8080/registro-renipress-webapp/ipress.htm?action=mostrarVer&idipress=00004374"}},{"type":"Feature","geometry":{"type":"Point","coordinates":[-79.80584666999994,-5.899766669999963]},"properties":{"objectid":31494,"nombre":"LA ESTANCIA","departamento":"LAMBAYEQUE","provincia":"LAMBAYEQUE","distrito":"OLMOS","institucion":"GOBIERNO REGIONAL","codigoMinsa":4408,"direccion":"OTROS C.P.M. LA ESTANCIA C.P.M. LA ESTANCIA OLMOS LAMBAYEQUE LAMBAYEQUE","disa":"LAMBAYEQUE","red":"LAMBAYEQUE","microrred":"OLMOS","categoria":"ESTABLECIMIENTO DE SALUD SIN INTERNAMIENTO","condicion":"ACTIVO","actualizado":"2023/08/01 19:00:00.000","fuente":"MINSA","urlRenipr":"http://app20.susalud.gob.pe:8080/registro-renipress-webapp/ipress.htm?action=mostrarVer&idipress=00004408"}},{"type":"Feature","geometry":{"type":"Point","coordinates":[-79.88386666999997,-5.627693329999943]},"properties":{"objectid":31495,"nombre":"CAPILLA CENTRAL","departamento":"LAMBAYEQUE","provincia":"LAMBAYEQUE","distrito":"OLMOS","institucion":"GOBIERNO REGIONAL","codigoMinsa":4412,"direccion":"OTROS PANAMERICANA ANTIUA KM.137 PANAMERICANA ANTIUA KM.137 OLMOS LAMBAYEQUE LAMBAYEQUE","disa":"LAMBAYEQUE","red":"LAMBAYEQUE","microrred":"OLMOS","categoria":"ESTABLECIMIENTO DE SALUD SIN INTERNAMIENTO","condicion":"ACTIVO","actualizado":"2023/08/01 19:00:00.000","fuente":"MINSA","urlRenipr":"http://app20.susalud.gob.pe:8080/registro-renipress-webapp/ipress.htm?action=mostrarVer&idipress=00004412"}},{"type":"Feature","geometry":{"type":"Point","coordinates":[-79.84734695999998,-6.7497183699999255]},"properties":{"objectid":31496,"nombre":"SANTA ANA","departamento":"LAMBAYEQUE","provincia":"CHICLAYO","distrito":"JOSE LEONARDO ORTIZ","institucion":"GOBIERNO REGIONAL","codigoMinsa":4335,"direccion":"CALLE CALLE SAN MARTIN Nº 265 DISTRITO JOSE LEONARDO ORTIZ PROVINCIA CHICLAYO DEPARTAMENTO LAMBAYEQUE","disa":"LAMBAYEQUE","red":"CHICLAYO","microrred":"JOSE LEONARDO ORTIZ","categoria":"ESTABLECIMIENTO DE SALUD SIN INTERNAMIENTO","condicion":"ACTIVO","actualizado":"2023/08/01 19:00:00.000","fuente":"MINSA","urlRenipr":"http://app20.susalud.gob.pe:8080/registro-renipress-webapp/ipress.htm?action=mostrarVer&idipress=00004335"}},{"type":"Feature","geometry":{"type":"Point","coordinates":[-79.84483999999998,-6.793296669999961]},"properties":{"objectid":31497,"nombre":"LA VICTORIA SECTOR I","departamento":"LAMBAYEQUE","provincia":"CHICLAYO","distrito":"LA VICTORIA","institucion":"GOBIERNO REGIONAL","codigoMinsa":4327,"direccion":"CALLE CALLE VIRU S/N NÚMERO S/N DISTRITO LA VICTORIA PROVINCIA CHICLAYO DEPARTAMENTO LAMBAYEQUE","disa":"LAMBAYEQUE","red":"CHICLAYO","microrred":"LA VICTORIA","categoria":"ESTABLECIMIENTO DE SALUD SIN INTERNAMIENTO","condicion":"ACTIVO","actualizado":"2023/08/01 19:00:00.000","fuente":"MINSA","urlRenipr":"http://app20.susalud.gob.pe:8080/registro-renipress-webapp/ipress.htm?action=mostrarVer&idipress=00004327"}},{"type":"Feature","geometry":{"type":"Point","coordinates":[-79.96687412999995,-6.504764799999975]},"properties":{"objectid":31498,"nombre":"LA GARTERA","departamento":"LAMBAYEQUE","provincia":"LAMBAYEQUE","distrito":"MORROPE","institucion":"GOBIERNO REGIONAL","codigoMinsa":4428,"direccion":"AVENIDA AV.TUPAC AMARU S/N - LA GARTERA NÚMERO S/N DISTRITO MORROPE PROVINCIA LAMBAYEQUE DEPARTAMENTO LAMBAYEQUE","disa":"LAMBAYEQUE","red":"LAMBAYEQUE","microrred":"MORROPE","categoria":"ESTABLECIMIENTO DE SALUD SIN INTERNAMIENTO","condicion":"ACTIVO","actualizado":"2023/08/01 19:00:00.000","fuente":"MINSA","urlRenipr":"http://app20.susalud.gob.pe:8080/registro-renipress-webapp/ipress.htm?action=mostrarVer&idipress=00004428"}},{"type":"Feature","geometry":{"type":"Point","coordinates":[-79.84111759999996,-6.772022599999957]},"properties":{"objectid":31499,"nombre":"GARCIA LABORATORIOS","departamento":"LAMBAYEQUE","provincia":"CHICLAYO","distrito":"CHICLAYO","institucion":"PRIVADO","codigoMinsa":27958,"direccion":"CALLE DANIEL ALCIDES CARRION 175 INTERIOR 101 DISTRITO CHICLAYO PROVINCIA CHICLAYO DEPARTAMENTO LAMBAYEQUE","disa":"LAMBAYEQUE","red":"NO PERTENECE A NINGUNA RED","microrred":"NO PERTENECE A NINGUNA MICRORED","categoria":"SERVICIO MÉDICO DE APOYO","condicion":"ACTIVO","actualizado":"2023/08/01 19:00:00.000","fuente":"MINSA","urlRenipr":"http://app20.susalud.gob.pe:8080/registro-renipress-webapp/ipress.htm?action=mostrarVer&idipress=00027958"}},{"type":"Feature","geometry":{"type":"Point","coordinates":[-79.83041169999996,-6.758555999999942]},"properties":{"objectid":31511,"nombre":"DENCAMS","departamento":"LAMBAYEQUE","provincia":"CHICLAYO","distrito":"JOSE LEONARDO ORTIZ","institucion":"PRIVADO","codigoMinsa":16622,"direccion":"CALLE CALLE VIRREY TOLEDO N° 300 URB. LATINA DISTRITO JOSE LEONARDO ORTIZ PROVINCIA CHICLAYO DEPARTAMENTO LAMBAYEQUE","disa":"LAMBAYEQUE","red":"NO PERTENECE A NINGUNA RED","microrred":"NO PERTENECE A NINGUNA MICRORED","categoria":"ESTABLECIMIENTO DE SALUD SIN INTERNAMIENTO","condicion":"ACTIVO","actualizado":"2023/08/01 19:00:00.000","fuente":"MINSA","urlRenipr":"http://app20.susalud.gob.pe:8080/registro-renipress-webapp/ipress.htm?action=mostrarVer&idipress=00016622"}},{"type":"Feature","geometry":{"type":"Point","coordinates":[-79.20183125999995,-6.817273309999962]},"properties":{"objectid":31700,"nombre":"EL ESPINAL","departamento":"LAMBAYEQUE","provincia":"CHICLAYO","distrito":"OYOTUN","institucion":"GOBIERNO REGIONAL","codigoMinsa":4367,"direccion":"CALLE CALLE EL ESPINAL S/N NÚMERO S/N DISTRITO OYOTUN PROVINCIA CHICLAYO DEPARTAMENTO LAMBAYEQUE","disa":"LAMBAYEQUE","red":"CHICLAYO","microrred":"OYOTUN","categoria":"ESTABLECIMIENTO DE SALUD SIN INTERNAMIENTO","condicion":"ACTIVO","actualizado":"2023/08/01 19:00:00.000","fuente":"MINSA","urlRenipr":"http://app20.susalud.gob.pe:8080/registro-renipress-webapp/ipress.htm?action=mostrarVer&idipress=00004367"}},{"type":"Feature","geometry":{"type":"Point","coordinates":[-79.84194001999998,-6.78012691999993]},"properties":{"objectid":31873,"nombre":"CLINICDENT ESPECIALISTAS","departamento":"LAMBAYEQUE","provincia":"CHICLAYO","distrito":"CHICLAYO","institucion":"PRIVADO","codigoMinsa":15340,"direccion":"CALLE CALLE LA FLORIDA Nº 225 - OFIC. 209 - URB. STA. VICTORIA DISTRITO CHICLAYO PROVINCIA CHICLAYO DEPARTAMENTO LAMBAYEQUE","disa":"LAMBAYEQUE","red":"NO PERTENECE A NINGUNA RED","microrred":"NO PERTENECE A NINGUNA MICRORED","categoria":"ESTABLECIMIENTO DE SALUD SIN INTERNAMIENTO","condicion":"ACTIVO","actualizado":"2023/08/01 19:00:00.000","fuente":"MINSA","urlRenipr":"http://app20.susalud.gob.pe:8080/registro-renipress-webapp/ipress.htm?action=mostrarVer&idipress=00015340"}},{"type":"Feature","geometry":{"type":"Point","coordinates":[-79.84197633999997,-6.780401289999929]},"properties":{"objectid":32231,"nombre":"CALIDAD Y SALUD T&F SAC","departamento":"LAMBAYEQUE","provincia":"CHICLAYO","distrito":"CHICLAYO","institucion":"PRIVADO","codigoMinsa":26958,"direccion":"CALLE 106 URBANIZACIÓN SANTA VICTORIA DISTRITO CHICLAYO PROVINCIA CHICLAYO DEPARTAMENTO LAMBAYEQUE","disa":"LAMBAYEQUE","red":"NO PERTENECE A NINGUNA RED","microrred":"NO PERTENECE A NINGUNA MICRORED","categoria":"ESTABLECIMIENTO DE SALUD SIN INTERNAMIENTO","condicion":"ACTIVO","actualizado":"2023/08/01 19:00:00.000","fuente":"MINSA","urlRenipr":"http://app20.susalud.gob.pe:8080/registro-renipress-webapp/ipress.htm?action=mostrarVer&idipress=00026958"}},{"type":"Feature","geometry":{"type":"Point","coordinates":[-79.84224876999997,-6.7720754699999475]},"properties":{"objectid":32233,"nombre":"NORLAB LABORATORIO CLINICO","departamento":"LAMBAYEQUE","provincia":"CHICLAYO","distrito":"CHICLAYO","institucion":"PRIVADO","codigoMinsa":12330,"direccion":"AVENIDA AV.LUIS GONZALES 664 OF.11 DISTRITO CHICLAYO PROVINCIA CHICLAYO DEPARTAMENTO LAMBAYEQUE","disa":"LAMBAYEQUE","red":"NO PERTENECE A NINGUNA RED","microrred":"NO PERTENECE A NINGUNA MICRORED","categoria":"SERVICIO MÉDICO DE APOYO","condicion":"ACTIVO","actualizado":"2023/08/01 19:00:00.000","fuente":"MINSA","urlRenipr":"http://app20.susalud.gob.pe:8080/registro-renipress-webapp/ipress.htm?action=mostrarVer&idipress=00012330"}},{"type":"Feature","geometry":{"type":"Point","coordinates":[-79.83520219999997,-6.766963899999951]},"properties":{"objectid":32238,"nombre":"VIDAS & VIAS SAC","departamento":"LAMBAYEQUE","provincia":"CHICLAYO","distrito":"CHICLAYO","institucion":"PRIVADO","codigoMinsa":23931,"direccion":"AVENIDA ORIENTE NÚMERO 118 PISO 2 DISTRITO CHICLAYO PROVINCIA CHICLAYO DEPARTAMENTO LAMBAYEQUE","disa":"LAMBAYEQUE","red":"NO PERTENECE A NINGUNA RED","microrred":"NO PERTENECE A NINGUNA MICRORED","categoria":"ESTABLECIMIENTO DE SALUD SIN INTERNAMIENTO","condicion":"ACTIVO","actualizado":"2023/08/01 19:00:00.000","fuente":"MINSA","urlRenipr":"http://app20.susalud.gob.pe:8080/registro-renipress-webapp/ipress.htm?action=mostrarVer&idipress=00023931"}},{"type":"Feature","geometry":{"type":"Point","coordinates":[-79.83844039999997,-6.775575199999935]},"properties":{"objectid":32250,"nombre":"CHICLAYO DENTAL","departamento":"LAMBAYEQUE","provincia":"CHICLAYO","distrito":"CHICLAYO","institucion":"PRIVADO","codigoMinsa":28325,"direccion":"AVENIDA FRANCISCO BOLOGNESI N?ERO 719 DISTRITO CHICLAYO PROVINCIA CHICLAYO DEPARTAMENTO LAMBAYEQUE","disa":"LAMBAYEQUE","red":"NO PERTENECE A NINGUNA RED","microrred":"NO PERTENECE A NINGUNA MICRORED","categoria":"ESTABLECIMIENTO DE SALUD SIN INTERNAMIENTO","condicion":"ACTIVO","actualizado":"2023/08/01 19:00:00.000","fuente":"MINSA","urlRenipr":"http://app20.susalud.gob.pe:8080/registro-renipress-webapp/ipress.htm?action=mostrarVer&idipress=00028325"}},{"type":"Feature","geometry":{"type":"Point","coordinates":[-79.85081410999999,-6.772421489999942]},"properties":{"objectid":32311,"nombre":"NEUROLOGÍA LOS PARQUES SAC","departamento":"LAMBAYEQUE","provincia":"CHICLAYO","distrito":"CHICLAYO","institucion":"PRIVADO","codigoMinsa":23318,"direccion":"CALLE Los Nogales 171 NÚMERO 171 URBANIZACIÓN URB LOS PARQUES DISTRITO CHICLAYO PROVINCIA CHICLAYO DEPARTAMENTO LAMBAYEQUE","disa":"LAMBAYEQUE","red":"NO PERTENECE A NINGUNA RED","microrred":"NO PERTENECE A NINGUNA MICRORED","categoria":"ESTABLECIMIENTO DE SALUD SIN INTERNAMIENTO","condicion":"ACTIVO","actualizado":"2023/08/01 19:00:00.000","fuente":"MINSA","urlRenipr":"http://app20.susalud.gob.pe:8080/registro-renipress-webapp/ipress.htm?action=mostrarVer&idipress=00023318"}},{"type":"Feature","geometry":{"type":"Point","coordinates":[-79.84701439999998,-6.790080399999965]},"properties":{"objectid":32388,"nombre":"HOSPITAL PRIVADO JUAN PABLO II SAC","departamento":"LAMBAYEQUE","provincia":"CHICLAYO","distrito":"LA VICTORIA","institucion":"PRIVADO","codigoMinsa":10972,"direccion":"AVENIDA AV. GRAU Nº 1461 - LA VICTORIA DISTRITO LA VICTORIA PROVINCIA CHICLAYO DEPARTAMENTO LAMBAYEQUE","disa":"LAMBAYEQUE","red":"NO PERTENECE A NINGUNA RED","microrred":"NO PERTENECE A NINGUNA MICRORED","categoria":"ESTABLECIMIENTO DE SALUD CON INTERNAMIENTO","condicion":"ACTIVO","actualizado":"2023/08/01 19:00:00.000","fuente":"MINSA","urlRenipr":"http://app20.susalud.gob.pe:8080/registro-renipress-webapp/ipress.htm?action=mostrarVer&idipress=00010972"}},{"type":"Feature","geometry":{"type":"Point","coordinates":[-79.88786199999998,-6.794920299999944]},"properties":{"objectid":32712,"nombre":"ESTABLECIMIENTO DE SALUD SAN JORGE SAC","departamento":"LAMBAYEQUE","provincia":"CHICLAYO","distrito":"CHICLAYO","institucion":"PRIVADO","codigoMinsa":16868,"direccion":"AVENIDA AVENIDA ZARUMILLA NO 025-URB.EL INGENIERO I DISTRITO CHICLAYO PROVINCIA CHICLAYO DEPARTAMENTO LAMBAYEQUE","disa":"LAMBAYEQUE","red":"","microrred":"NO PERTENECE A NINGUNA MICRORED","categoria":"ESTABLECIMIENTO DE SALUD SIN INTERNAMIENTO","condicion":"ACTIVO","actualizado":"2023/08/01 19:00:00.000","fuente":"MINSA","urlRenipr":"http://app20.susalud.gob.pe:8080/registro-renipress-webapp/ipress.htm?action=mostrarVer&idipress=00016868"}},{"type":"Feature","geometry":{"type":"Point","coordinates":[-79.83942729999995,-6.783120599999961]},"properties":{"objectid":32808,"nombre":"SAN AGUSTIN MEDICAL CENTER","departamento":"LAMBAYEQUE","provincia":"CHICLAYO","distrito":"CHICLAYO","institucion":"PRIVADO","codigoMinsa":29215,"direccion":"AVENIDA LA LIBERTAD NÚMERO 560 URBANIZACIÓN SANTA VICTORIA DISTRITO CHICLAYO PROVINCIA CHICLAYO DEPARTAMENTO LAMBAYEQUE","disa":"LAMBAYEQUE","red":"","microrred":"","categoria":"ESTABLECIMIENTO DE SALUD SIN INTERNAMIENTO","condicion":"ACTIVO","actualizado":"2023/08/01 19:00:00.000","fuente":"MINSA","urlRenipr":"http://app20.susalud.gob.pe:8080/registro-renipress-webapp/ipress.htm?action=mostrarVer&idipress=00029215"}},{"type":"Feature","geometry":{"type":"Point","coordinates":[-79.84402569999997,-6.779862499999979]},"properties":{"objectid":33010,"nombre":"CENTRO DE ENFERMEDADES REUMATICAS AQR","departamento":"LAMBAYEQUE","provincia":"CHICLAYO","distrito":"CHICLAYO","institucion":"PRIVADO","codigoMinsa":27498,"direccion":"CALLE LOS SAUCES NÚMERO 489 URBANIZACIÓN SANTA VICTORIA DISTRITO CHICLAYO PROVINCIA CHICLAYO DEPARTAMENTO LAMBAYEQUE","disa":"LAMBAYEQUE","red":"NO PERTENECE A NINGUNA RED","microrred":"NO PERTENECE A NINGUNA MICRORED","categoria":"ESTABLECIMIENTO DE SALUD SIN INTERNAMIENTO","condicion":"ACTIVO","actualizado":"2023/08/01 19:00:00.000","fuente":"MINSA","urlRenipr":"http://app20.susalud.gob.pe:8080/registro-renipress-webapp/ipress.htm?action=mostrarVer&idipress=00027498"}},{"type":"Feature","geometry":{"type":"Point","coordinates":[-79.86118319999997,-6.7748933999999394]},"properties":{"objectid":33289,"nombre":"CHICLAYO SALUD","departamento":"LAMBAYEQUE","provincia":"CHICLAYO","distrito":"CHICLAYO","institucion":"PRIVADO","codigoMinsa":31625,"direccion":"AVENIDA Juan Tomis Stack NÚMERO S/N DISTRITO CHICLAYO PROVINCIA CHICLAYO DEPARTAMENTO LAMBAYEQUE","disa":"LAMBAYEQUE","red":"","microrred":"","categoria":"ESTABLECIMIENTO DE SALUD SIN INTERNAMIENTO","condicion":"ACTIVO","actualizado":"2023/08/01 19:00:00.000","fuente":"MINSA","urlRenipr":"http://app20.susalud.gob.pe:8080/registro-renipress-webapp/ipress.htm?action=mostrarVer&idipress=00031625"}},{"type":"Feature","geometry":{"type":"Point","coordinates":[-79.84549159999995,-6.794866499999955]},"properties":{"objectid":33290,"nombre":"\"M&C\" LABORATORIO DE ANALISIS CLINICOS","departamento":"LAMBAYEQUE","provincia":"CHICLAYO","distrito":"LA VICTORIA","institucion":"PRIVADO","codigoMinsa":29476,"direccion":"AVENIDA UNION NÚMERO 1775 PISO 1 DISTRITO LA VICTORIA PROVINCIA CHICLAYO DEPARTAMENTO LAMBAYEQUE","disa":"LAMBAYEQUE","red":"","microrred":"","categoria":"SERVICIO MÉDICO DE APOYO","condicion":"ACTIVO","actualizado":"2023/08/01 19:00:00.000","fuente":"MINSA","urlRenipr":"http://app20.susalud.gob.pe:8080/registro-renipress-webapp/ipress.htm?action=mostrarVer&idipress=00029476"}},{"type":"Feature","geometry":{"type":"Point","coordinates":[-79.79976149999999,-6.63958619999994]},"properties":{"objectid":33297,"nombre":"CENTRO MEDICO CICSA","departamento":"LAMBAYEQUE","provincia":"FERREÑAFE","distrito":"FERREÑAFE","institucion":"PRIVADO","codigoMinsa":29506,"direccion":"AVENIDA AUGUSTO B. LEGUIA NÚMERO 740 DISTRITO FERREÑAFE PROVINCIA FERREÑAFE DEPARTAMENTO LAMBAYEQUE","disa":"LAMBAYEQUE","red":"","microrred":"","categoria":"ESTABLECIMIENTO DE SALUD SIN INTERNAMIENTO","condicion":"ACTIVO","actualizado":"2023/08/01 19:00:00.000","fuente":"MINSA","urlRenipr":"http://app20.susalud.gob.pe:8080/registro-renipress-webapp/ipress.htm?action=mostrarVer&idipress=00029506"}},{"type":"Feature","geometry":{"type":"Point","coordinates":[-79.84822947999999,-6.773644449999949]},"properties":{"objectid":33314,"nombre":"NEFRO CARE PERU S.A.C.","departamento":"LAMBAYEQUE","provincia":"CHICLAYO","distrito":"CHICLAYO","institucion":"PRIVADO","codigoMinsa":21063,"direccion":"CALLE CAL. LOS CIPRESES NRO. 149 URB. LOS PARQUES DISTRITO CHICLAYO PROVINCIA CHICLAYO DEPARTAMENTO LAMBAYEQUE","disa":"LAMBAYEQUE","red":"","microrred":"NO PERTENECE A NINGUNA MICRORED","categoria":"SERVICIO MÉDICO DE APOYO","condicion":"ACTIVO","actualizado":"2023/08/01 19:00:00.000","fuente":"MINSA","urlRenipr":"http://app20.susalud.gob.pe:8080/registro-renipress-webapp/ipress.htm?action=mostrarVer&idipress=00021063"}}]}