{"type":"FeatureCollection","features":[{"type":"Feature","geometry":{"type":"Point","coordinates":[-73.25165153999995,-3.7480161499999554]},"properties":{"objectid":3,"nombre":"CENTRO MEDICO 18 DE OCTUBRE S.R.L.","departamento":"LORETO","provincia":"MAYNAS","distrito":"IQUITOS","institucion":"PRIVADO","codigoMinsa":11379,"direccion":"OTROS RAMON CASTILLA N°. 341 DISTRITO IQUITOS PROVINCIA MAYNAS DEPARTAMENTO LORETO","disa":"LORETO","red":"NO PERTENECE A NINGUNA RED","microrred":"NO PERTENECE A NINGUNA MICRORED","categoria":"ESTABLECIMIENTO DE SALUD SIN INTERNAMIENTO","condicion":"ACTIVO","actualizado":"2023/08/01 19:00:00.000","fuente":"MINSA","urlRenipr":"http://app20.susalud.gob.pe:8080/registro-renipress-webapp/ipress.htm?action=mostrarVer&idipress=00011379"}},{"type":"Feature","geometry":{"type":"Point","coordinates":[-73.24153676999998,-3.731215959999929]},"properties":{"objectid":105,"nombre":"PUESTO DE SALUD SIMA-IQUITOS","departamento":"LORETO","provincia":"MAYNAS","distrito":"PUNCHANA","institucion":"SANIDAD DE LA MARINA DE GUERRA DEL PERU","codigoMinsa":15329,"direccion":"AVENIDA LA MARINA 1079 PUNCHANA MAYNAS LORETO","disa":"LORETO","red":"NO PERTENECE A NINGUNA RED","microrred":"NO PERTENECE A NINGUNA MICRORED","categoria":"ESTABLECIMIENTO DE SALUD SIN INTERNAMIENTO","condicion":"ACTIVO","actualizado":"2023/08/01 19:00:00.000","fuente":"MINSA","urlRenipr":"http://app20.susalud.gob.pe:8080/registro-renipress-webapp/ipress.htm?action=mostrarVer&idipress=00015329"}},{"type":"Feature","geometry":{"type":"Point","coordinates":[-73.27270999999996,-4.148949999999957]},"properties":{"objectid":12514,"nombre":"MANGUA DE FERNANDO LORES","departamento":"LORETO","provincia":"MAYNAS","distrito":"FERNANDO LORES","institucion":"GOBIERNO REGIONAL","codigoMinsa":42,"direccion":"ACTUALIZAR","disa":"LORETO","red":"MAYNAS PERIFERIE","microrred":"TAMSHIYACU","categoria":"ESTABLECIMIENTO DE SALUD SIN INTERNAMIENTO","condicion":"ACTIVO","actualizado":"2023/08/01 19:00:00.000","fuente":"MINSA","urlRenipr":"http://app20.susalud.gob.pe:8080/registro-renipress-webapp/ipress.htm?action=mostrarVer&idipress=00000042"}},{"type":"Feature","geometry":{"type":"Point","coordinates":[-73.38792999999998,-3.8457299999999464]},"properties":{"objectid":12515,"nombre":"SAN PABLO DE CUYANA","departamento":"LORETO","provincia":"MAYNAS","distrito":"SAN JUAN BAUTISTA","institucion":"GOBIERNO REGIONAL","codigoMinsa":36,"direccion":"MARGEN DERECHO RIO NANAY","disa":"LORETO","red":"MAYNAS CIUDAD","microrred":"IQUITOS SUR","categoria":"ESTABLECIMIENTO DE SALUD SIN INTERNAMIENTO","condicion":"ACTIVO","actualizado":"2023/08/01 19:00:00.000","fuente":"MINSA","urlRenipr":"http://app20.susalud.gob.pe:8080/registro-renipress-webapp/ipress.htm?action=mostrarVer&idipress=00000036"}},{"type":"Feature","geometry":{"type":"Point","coordinates":[-73.57614987999995,-4.50579541999997]},"properties":{"objectid":3603,"nombre":"NAUTA - NUCLEO BASE","departamento":"LORETO","provincia":"LORETO","distrito":"NAUTA","institucion":"GOBIERNO REGIONAL","codigoMinsa":91,"direccion":"CALLE CALLE RIOJA Nº414 CALLE RIOJA Nº414 NAUTA LORETO LORETO","disa":"LORETO","red":"LORETO","microrred":"NAUTA","categoria":"ESTABLECIMIENTO DE SALUD CON INTERNAMIENTO","condicion":"ACTIVO","actualizado":"2023/08/01 19:00:00.000","fuente":"MINSA","urlRenipr":"http://app20.susalud.gob.pe:8080/registro-renipress-webapp/ipress.htm?action=mostrarVer&idipress=00000091"}},{"type":"Feature","geometry":{"type":"Point","coordinates":[-74.57917759999998,-8.359679899999946]},"properties":{"objectid":447,"nombre":"IPRESS LIBERTADOR","departamento":"LORETO","provincia":"UCAYALI","distrito":"CONTAMANA","institucion":"GOBIERNO REGIONAL","codigoMinsa":26486,"direccion":"OTROS RIO UCAYALI CONTAMANA UCAYALI LORETO","disa":"LORETO","red":"UCAYALI","microrred":"CONTAMANA","categoria":"ESTABLECIMIENTO DE SALUD SIN INTERNAMIENTO","condicion":"ACTIVO","actualizado":"2023/08/01 19:00:00.000","fuente":"MINSA","urlRenipr":"http://app20.susalud.gob.pe:8080/registro-renipress-webapp/ipress.htm?action=mostrarVer&idipress=00026486"}},{"type":"Feature","geometry":{"type":"Point","coordinates":[-75.16281341999996,-6.4215593599999465]},"properties":{"objectid":448,"nombre":"NUEVO DOS DE MAYO","departamento":"LORETO","provincia":"UCAYALI","distrito":"SARAYACU","institucion":"GOBIERNO REGIONAL","codigoMinsa":180,"direccion":"OTROS ACTUALIZAR DISTRITO SARAYACU PROVINCIA UCAYALI DEPARTAMENTO LORETO","disa":"LORETO","red":"UCAYALI","microrred":"SARAYACU","categoria":"ESTABLECIMIENTO DE SALUD SIN INTERNAMIENTO","condicion":"ACTIVO","actualizado":"2023/08/01 19:00:00.000","fuente":"MINSA","urlRenipr":"http://app20.susalud.gob.pe:8080/registro-renipress-webapp/ipress.htm?action=mostrarVer&idipress=00000180"}},{"type":"Feature","geometry":{"type":"Point","coordinates":[-76.11414933999998,-5.900088689999961]},"properties":{"objectid":1474,"nombre":"CLINICA ODONTOLOGICA ODONTORAY E.I.R.L.","departamento":"LORETO","provincia":"ALTO AMAZONAS","distrito":"YURIMAGUAS","institucion":"PRIVADO","codigoMinsa":21827,"direccion":"CALLE CALLE TARATA Nº 233A BR CARRETERA DISTRITO YURIMAGUAS PROVINCIA ALTO AMAZONAS DEPARTAMENTO LORETO","disa":"LORETO","red":"NO PERTENECE A NINGUNA RED","microrred":"NO PERTENECE A NINGUNA MICRORED","categoria":"ESTABLECIMIENTO DE SALUD SIN INTERNAMIENTO","condicion":"ACTIVO","actualizado":"2023/08/01 19:00:00.000","fuente":"MINSA","urlRenipr":"http://app20.susalud.gob.pe:8080/registro-renipress-webapp/ipress.htm?action=mostrarVer&idipress=00021827"}},{"type":"Feature","geometry":{"type":"Point","coordinates":[-72.66189999999995,-2.4424999999999386]},"properties":{"objectid":1573,"nombre":"CAP I SAN ANTONIO DEL ESTRECHO","departamento":"LORETO","provincia":"PUTUMAYO","distrito":"PUTUMAYO","institucion":"ESSALUD","codigoMinsa":21032,"direccion":"CALLE CALLE AREQUIPA S/N NÚMERO S/N DISTRITO PUTUMAYO PROVINCIA PUTUMAYO DEPARTAMENTO LORETO","disa":"LORETO","red":"LORETO","microrred":"","categoria":"ESTABLECIMIENTO DE SALUD SIN INTERNAMIENTO","condicion":"ACTIVO","actualizado":"2023/08/01 19:00:00.000","fuente":"MINSA","urlRenipr":"http://app20.susalud.gob.pe:8080/registro-renipress-webapp/ipress.htm?action=mostrarVer&idipress=00021032"}},{"type":"Feature","geometry":{"type":"Point","coordinates":[-76.32844999999998,-6.040659999999946]},"properties":{"objectid":1644,"nombre":"P.S. I-1 SAN FRANCISCO PAMPAYACU","departamento":"LORETO","provincia":"ALTO AMAZONAS","distrito":"YURIMAGUAS","institucion":"GOBIERNO REGIONAL","codigoMinsa":234,"direccion":"OTROS COMUNIDAD SAN FRANCISCO PAMPAYACU DISTRITO YURIMAGUAS PROVINCIA ALTO AMAZONAS DEPARTAMENTO LORETO","disa":"LORETO","red":"ALTO AMAZONAS","microrred":"YURIMAGUAS","categoria":"ESTABLECIMIENTO DE SALUD SIN INTERNAMIENTO","condicion":"ACTIVO","actualizado":"2023/08/01 19:00:00.000","fuente":"MINSA","urlRenipr":"http://app20.susalud.gob.pe:8080/registro-renipress-webapp/ipress.htm?action=mostrarVer&idipress=00000234"}},{"type":"Feature","geometry":{"type":"Point","coordinates":[-76.06969921999996,-5.860890629999972]},"properties":{"objectid":1645,"nombre":"P.S. I-1 PUERTO ARTURO","departamento":"LORETO","provincia":"ALTO AMAZONAS","distrito":"YURIMAGUAS","institucion":"GOBIERNO REGIONAL","codigoMinsa":7412,"direccion":"OTROS MARGEN DERECHA DEL RIO HUALLAGA DISTRITO YURIMAGUAS PROVINCIA ALTO AMAZONAS DEPARTAMENTO LORETO","disa":"LORETO","red":"ALTO AMAZONAS","microrred":"YURIMAGUAS","categoria":"ESTABLECIMIENTO DE SALUD SIN INTERNAMIENTO","condicion":"ACTIVO","actualizado":"2023/08/01 19:00:00.000","fuente":"MINSA","urlRenipr":"http://app20.susalud.gob.pe:8080/registro-renipress-webapp/ipress.htm?action=mostrarVer&idipress=00007412"}},{"type":"Feature","geometry":{"type":"Point","coordinates":[-75.39777999999995,-3.385089999999934]},"properties":{"objectid":1776,"nombre":"UNIDAD MEDICA PAVAYACU","departamento":"LORETO","provincia":"LORETO","distrito":"TROMPETEROS","institucion":"PRIVADO","codigoMinsa":14220,"direccion":"OTROS LOTE 8 PLUSPETROL DISTRITO TROMPETEROS PROVINCIA LORETO DEPARTAMENTO LORETO","disa":"LORETO","red":"NO PERTENECE A NINGUNA RED","microrred":"NO PERTENECE A NINGUNA MICRORED","categoria":"ESTABLECIMIENTO DE SALUD SIN INTERNAMIENTO","condicion":"ACTIVO","actualizado":"2023/08/01 19:00:00.000","fuente":"MINSA","urlRenipr":"http://app20.susalud.gob.pe:8080/registro-renipress-webapp/ipress.htm?action=mostrarVer&idipress=00014220"}},{"type":"Feature","geometry":{"type":"Point","coordinates":[-76.53637045999994,-5.644860359999939]},"properties":{"objectid":1797,"nombre":"P.S. I-1 PANAM","departamento":"LORETO","provincia":"ALTO AMAZONAS","distrito":"BALSAPUERTO","institucion":"GOBIERNO REGIONAL","codigoMinsa":302,"direccion":"OTROS COMUNIDAD DE PANAM DISTRITO BALSAPUERTO PROVINCIA ALTO AMAZONAS DEPARTAMENTO LORETO","disa":"LORETO","red":"ALTO AMAZONAS","microrred":"BALSAPUERTO","categoria":"ESTABLECIMIENTO DE SALUD SIN INTERNAMIENTO","condicion":"ACTIVO","actualizado":"2023/08/01 19:00:00.000","fuente":"MINSA","urlRenipr":"http://app20.susalud.gob.pe:8080/registro-renipress-webapp/ipress.htm?action=mostrarVer&idipress=00000302"}},{"type":"Feature","geometry":{"type":"Point","coordinates":[-76.55696122999996,-5.297007419999943]},"properties":{"objectid":1798,"nombre":"P.S. I-1 MONTE CRISTO","departamento":"LORETO","provincia":"ALTO AMAZONAS","distrito":"JEBEROS","institucion":"GOBIERNO REGIONAL","codigoMinsa":16653,"direccion":"OTROS COMUNIDAD NATIVA MONTE CRISTO DISTRITO JEBEROS PROVINCIA ALTO AMAZONAS DEPARTAMENTO LORETO","disa":"LORETO","red":"ALTO AMAZONAS","microrred":"JEBEROS","categoria":"ESTABLECIMIENTO DE SALUD SIN INTERNAMIENTO","condicion":"ACTIVO","actualizado":"2023/08/01 19:00:00.000","fuente":"MINSA","urlRenipr":"http://app20.susalud.gob.pe:8080/registro-renipress-webapp/ipress.htm?action=mostrarVer&idipress=00016653"}},{"type":"Feature","geometry":{"type":"Point","coordinates":[-76.40109166999997,-2.9058266699999535]},"properties":{"objectid":1800,"nombre":"ANDOAS VIEJO","departamento":"LORETO","provincia":"DATEM DEL MARAÑON","distrito":"ANDOAS","institucion":"GOBIERNO REGIONAL","codigoMinsa":259,"direccion":"OTROS COMUNIDAD ANDOAS VIEJO DISTRITO ANDOAS PROVINCIA DATEM DEL MARAÑON DEPARTAMENTO LORETO","disa":"LORETO","red":"DATEM DEL MARAÑON","microrred":"ANDOAS","categoria":"ESTABLECIMIENTO DE SALUD SIN INTERNAMIENTO","condicion":"ACTIVO","actualizado":"2023/08/01 19:00:00.000","fuente":"MINSA","urlRenipr":"http://app20.susalud.gob.pe:8080/registro-renipress-webapp/ipress.htm?action=mostrarVer&idipress=00000259"}},{"type":"Feature","geometry":{"type":"Point","coordinates":[-75.87816741999995,-5.438004189999958]},"properties":{"objectid":1801,"nombre":"P.S. I-1 LAGO NARANJAL","departamento":"LORETO","provincia":"ALTO AMAZONAS","distrito":"SANTA CRUZ","institucion":"GOBIERNO REGIONAL","codigoMinsa":205,"direccion":"OTROS COMUNIDAD LAGO NARANJAL DISTRITO SANTA CRUZ PROVINCIA ALTO AMAZONAS DEPARTAMENTO LORETO","disa":"LORETO","red":"ALTO AMAZONAS","microrred":"SANTA CRUZ","categoria":"ESTABLECIMIENTO DE SALUD SIN INTERNAMIENTO","condicion":"ACTIVO","actualizado":"2023/08/01 19:00:00.000","fuente":"MINSA","urlRenipr":"http://app20.susalud.gob.pe:8080/registro-renipress-webapp/ipress.htm?action=mostrarVer&idipress=00000205"}},{"type":"Feature","geometry":{"type":"Point","coordinates":[-73.14139999999998,-3.6827899999999545]},"properties":{"objectid":1954,"nombre":"CABO PANTOJA - RÍO AMAZONAS","departamento":"LORETO","provincia":"MAYNAS","distrito":"IQUITOS","institucion":"GOBIERNO REGIONAL","codigoMinsa":50,"direccion":"CASERIO CABO PANTOJA SIN NUMERO","disa":"LORETO","red":"MAYNAS CIUDAD","microrred":"BELEN","categoria":"ESTABLECIMIENTO DE SALUD SIN INTERNAMIENTO","condicion":"ACTIVO","actualizado":"2023/08/01 19:00:00.000","fuente":"MINSA","urlRenipr":"http://app20.susalud.gob.pe:8080/registro-renipress-webapp/ipress.htm?action=mostrarVer&idipress=00000050"}},{"type":"Feature","geometry":{"type":"Point","coordinates":[-75.68892413999998,-2.5659868499999448]},"properties":{"objectid":1955,"nombre":"P.S. I-1 VISTA ALEGRE DE EL ALTO TIGRE","departamento":"LORETO","provincia":"LORETO","distrito":"TIGRE","institucion":"GOBIERNO REGIONAL","codigoMinsa":18573,"direccion":"OTROS RIO TIGRE ORILLAS DE LA COMUNIDAD DE VISTA ALEGRE RIO TIGRE ORILLAS DE LA COMUNIDAD DE VISTA ALEGRE TIGRE LORETO LORETO","disa":"LORETO","red":"LORETO","microrred":"INTUTO","categoria":"ESTABLECIMIENTO DE SALUD SIN INTERNAMIENTO","condicion":"ACTIVO","actualizado":"2023/08/01 19:00:00.000","fuente":"MINSA","urlRenipr":"http://app20.susalud.gob.pe:8080/registro-renipress-webapp/ipress.htm?action=mostrarVer&idipress=00018573"}},{"type":"Feature","geometry":{"type":"Point","coordinates":[-74.25813892999997,-4.581509069999925]},"properties":{"objectid":1957,"nombre":"SANTA ISABEL DE YUMBATURO","departamento":"LORETO","provincia":"LORETO","distrito":"PARINARI","institucion":"GOBIERNO REGIONAL","codigoMinsa":99,"direccion":"OTROS ACTUALIZAR DISTRITO PARINARI PROVINCIA LORETO DEPARTAMENTO LORETO","disa":"LORETO","red":"LORETO","microrred":"NAUTA","categoria":"ESTABLECIMIENTO DE SALUD SIN INTERNAMIENTO","condicion":"ACTIVO","actualizado":"2023/08/01 19:00:00.000","fuente":"MINSA","urlRenipr":"http://app20.susalud.gob.pe:8080/registro-renipress-webapp/ipress.htm?action=mostrarVer&idipress=00000099"}},{"type":"Feature","geometry":{"type":"Point","coordinates":[-70.32153666999994,-3.813428329999965]},"properties":{"objectid":1958,"nombre":"SAN ANTONIO DE CACAO","departamento":"LORETO","provincia":"MARISCAL RAMON CASTILLA","distrito":"RAMON CASTILLA","institucion":"GOBIERNO REGIONAL","codigoMinsa":76,"direccion":"ACTUALIZAR","disa":"LORETO","red":"RAMON CASTILLA","microrred":"CABALLO COCHA","categoria":"ESTABLECIMIENTO DE SALUD SIN INTERNAMIENTO","condicion":"ACTIVO","actualizado":"2023/08/01 19:00:00.000","fuente":"MINSA","urlRenipr":"http://app20.susalud.gob.pe:8080/registro-renipress-webapp/ipress.htm?action=mostrarVer&idipress=00000076"}},{"type":"Feature","geometry":{"type":"Point","coordinates":[-69.95587231999997,-4.226602179999929]},"properties":{"objectid":1959,"nombre":"SANTA ROSA DE RAMON CASTILLA","departamento":"LORETO","provincia":"MARISCAL RAMON CASTILLA","distrito":"YAVARI","institucion":"GOBIERNO REGIONAL","codigoMinsa":291,"direccion":"OTROS COMUNIDAD FRONTERIZA SANTA ROSA RIO AMAZONAS COMUNIDAD FRONTERIZA SANTA ROSA RIO AMAZONAS YAVARI MARISCAL RAMON CASTILLA LORETO","disa":"LORETO","red":"RAMON CASTILLA","microrred":"ISLANDIA","categoria":"ESTABLECIMIENTO DE SALUD SIN INTERNAMIENTO","condicion":"ACTIVO","actualizado":"2023/08/01 19:00:00.000","fuente":"MINSA","urlRenipr":"http://app20.susalud.gob.pe:8080/registro-renipress-webapp/ipress.htm?action=mostrarVer&idipress=00000291"}},{"type":"Feature","geometry":{"type":"Point","coordinates":[-73.19642529999999,-3.8117821399999343]},"properties":{"objectid":1965,"nombre":"CANTA GALLO","departamento":"LORETO","provincia":"MAYNAS","distrito":"BELEN","institucion":"GOBIERNO REGIONAL","codigoMinsa":7221,"direccion":"OTROS CASERIO DE CANTA GALLO RIO AMAZONAS CASERIO DE CANTA GALLO RIO AMAZONAS BELEN MAYNAS LORETO","disa":"LORETO","red":"MAYNAS CIUDAD","microrred":"BELEN","categoria":"ESTABLECIMIENTO DE SALUD SIN INTERNAMIENTO","condicion":"ACTIVO","actualizado":"2023/08/01 19:00:00.000","fuente":"MINSA","urlRenipr":"http://app20.susalud.gob.pe:8080/registro-renipress-webapp/ipress.htm?action=mostrarVer&idipress=00007221"}},{"type":"Feature","geometry":{"type":"Point","coordinates":[-73.15651199999996,-3.92235299999993]},"properties":{"objectid":1966,"nombre":"PANGUANA II ZONA","departamento":"LORETO","provincia":"MAYNAS","distrito":"FERNANDO LORES","institucion":"GOBIERNO REGIONAL","codigoMinsa":6727,"direccion":"ORILLAS DEL RIO AMAZONAS","disa":"LORETO","red":"MAYNAS PERIFERIE","microrred":"TAMSHIYACU","categoria":"ESTABLECIMIENTO DE SALUD SIN INTERNAMIENTO","condicion":"ACTIVO","actualizado":"2023/08/01 19:00:00.000","fuente":"MINSA","urlRenipr":"http://app20.susalud.gob.pe:8080/registro-renipress-webapp/ipress.htm?action=mostrarVer&idipress=00006727"}},{"type":"Feature","geometry":{"type":"Point","coordinates":[-73.13872478999997,-3.1098674499999674]},"properties":{"objectid":1967,"nombre":"P.S. I-1 NUEVA LIBERTAD O TUTAPISHCO","departamento":"LORETO","provincia":"MAYNAS","distrito":"NAPO","institucion":"GOBIERNO REGIONAL","codigoMinsa":67,"direccion":"OTROS ACTUALIZAR ACTUALIZAR NAPO MAYNAS LORETO","disa":"LORETO","red":"MAYNAS PERIFERIE","microrred":"SANTA CLOTILDE","categoria":"ESTABLECIMIENTO DE SALUD SIN INTERNAMIENTO","condicion":"ACTIVO","actualizado":"2023/08/01 19:00:00.000","fuente":"MINSA","urlRenipr":"http://app20.susalud.gob.pe:8080/registro-renipress-webapp/ipress.htm?action=mostrarVer&idipress=00000067"}},{"type":"Feature","geometry":{"type":"Point","coordinates":[-70.05475166999997,-4.113404999999943]},"properties":{"objectid":1968,"nombre":"PUERTO ALEGRIA DE RAMON CASTILLA","departamento":"LORETO","provincia":"MARISCAL RAMON CASTILLA","distrito":"RAMON CASTILLA","institucion":"GOBIERNO REGIONAL","codigoMinsa":292,"direccion":"OTROS ACTUALIZAR DISTRITO RAMON CASTILLA PROVINCIA MARISCAL RAMON CASTILLA DEPARTAMENTO LORETO","disa":"LORETO","red":"RAMON CASTILLA","microrred":"ISLANDIA","categoria":"ESTABLECIMIENTO DE SALUD SIN INTERNAMIENTO","condicion":"ACTIVO","actualizado":"2023/08/01 19:00:00.000","fuente":"MINSA","urlRenipr":"http://app20.susalud.gob.pe:8080/registro-renipress-webapp/ipress.htm?action=mostrarVer&idipress=00000292"}},{"type":"Feature","geometry":{"type":"Point","coordinates":[-71.57541166999994,-3.808493329999976]},"properties":{"objectid":1969,"nombre":"SAN ANTONIO - BAJO AMAZONAS","departamento":"LORETO","provincia":"MARISCAL RAMON CASTILLA","distrito":"SAN PABLO","institucion":"GOBIERNO REGIONAL","codigoMinsa":290,"direccion":"OTROS P.S. I-1 SAN ANTONIO - BAJO AMAZONAS DISTRITO SAN PABLO PROVINCIA MARISCAL RAMON CASTILLA DEPARTAMENTO LORETO","disa":"LORETO","red":"RAMON CASTILLA","microrred":"SAN PABLO","categoria":"ESTABLECIMIENTO DE SALUD SIN INTERNAMIENTO","condicion":"ACTIVO","actualizado":"2023/08/01 19:00:00.000","fuente":"MINSA","urlRenipr":"http://app20.susalud.gob.pe:8080/registro-renipress-webapp/ipress.htm?action=mostrarVer&idipress=00000290"}},{"type":"Feature","geometry":{"type":"Point","coordinates":[-71.42940999999996,-2.393949999999961]},"properties":{"objectid":1970,"nombre":"BETANIA","departamento":"LORETO","provincia":"PUTUMAYO","distrito":"YAGUAS","institucion":"GOBIERNO REGIONAL","codigoMinsa":81,"direccion":"OTROS CASERIO DE BETANIA S/N YAGUAS PUTUMAYO LORETO","disa":"LORETO","red":"MAYNAS PERIFERIE","microrred":"PUTUMAYO","categoria":"ESTABLECIMIENTO DE SALUD SIN INTERNAMIENTO","condicion":"ACTIVO","actualizado":"2023/08/01 19:00:00.000","fuente":"MINSA","urlRenipr":"http://app20.susalud.gob.pe:8080/registro-renipress-webapp/ipress.htm?action=mostrarVer&idipress=00000081"}},{"type":"Feature","geometry":{"type":"Point","coordinates":[-72.67166531999999,-2.4496670699999754]},"properties":{"objectid":1971,"nombre":"C.S. I-3 EL ESTRECHO","departamento":"LORETO","provincia":"PUTUMAYO","distrito":"PUTUMAYO","institucion":"GOBIERNO REGIONAL","codigoMinsa":77,"direccion":"OTROS CASERIO DEL ESTRECHO CASERIO DEL ESTRECHO PUTUMAYO PUTUMAYO LORETO","disa":"LORETO","red":"MAYNAS PERIFERIE","microrred":"PUTUMAYO","categoria":"ESTABLECIMIENTO DE SALUD SIN INTERNAMIENTO","condicion":"ACTIVO","actualizado":"2023/08/01 19:00:00.000","fuente":"MINSA","urlRenipr":"http://app20.susalud.gob.pe:8080/registro-renipress-webapp/ipress.htm?action=mostrarVer&idipress=00000077"}},{"type":"Feature","geometry":{"type":"Point","coordinates":[-74.70617864999997,-1.7939810399999487]},"properties":{"objectid":1972,"nombre":"CAMPO SERIO","departamento":"LORETO","provincia":"MAYNAS","distrito":"TORRES CAUSANA","institucion":"GOBIERNO REGIONAL","codigoMinsa":70,"direccion":"OTROS ACTUALIZAR ACTUALIZAR TORRES CAUSANA MAYNAS LORETO","disa":"LORETO","red":"MAYNAS PERIFERIE","microrred":"SANTA CLOTILDE","categoria":"ESTABLECIMIENTO DE SALUD SIN INTERNAMIENTO","condicion":"ACTIVO","actualizado":"2023/08/01 19:00:00.000","fuente":"MINSA","urlRenipr":"http://app20.susalud.gob.pe:8080/registro-renipress-webapp/ipress.htm?action=mostrarVer&idipress=00000070"}},{"type":"Feature","geometry":{"type":"Point","coordinates":[-73.54074885999995,-2.8131855099999257]},"properties":{"objectid":1973,"nombre":"TACSHA CURARAY","departamento":"LORETO","provincia":"MAYNAS","distrito":"NAPO","institucion":"GOBIERNO REGIONAL","codigoMinsa":69,"direccion":"OTROS ACTUALIZAR DISTRITO NAPO PROVINCIA MAYNAS DEPARTAMENTO LORETO","disa":"LORETO","red":"MAYNAS PERIFERIE","microrred":"SANTA CLOTILDE","categoria":"ESTABLECIMIENTO DE SALUD SIN INTERNAMIENTO","condicion":"ACTIVO","actualizado":"2023/08/01 19:00:00.000","fuente":"MINSA","urlRenipr":"http://app20.susalud.gob.pe:8080/registro-renipress-webapp/ipress.htm?action=mostrarVer&idipress=00000069"}},{"type":"Feature","geometry":{"type":"Point","coordinates":[-73.27778279999995,-3.769935539999949]},"properties":{"objectid":2021,"nombre":"SERVICIOS MÉDICOS GENERALES ZUMAHERR S.R.L","departamento":"LORETO","provincia":"MAYNAS","distrito":"SAN JUAN BAUTISTA","institucion":"PRIVADO","codigoMinsa":28514,"direccion":"AVENIDA QUIÑONES 2163 A FRENTE AL POLICLINICO DE LA POLICÍA NACIONAL DEL PERÚ SAN JUAN BAUTISTA MAYNAS LORETO","disa":"LORETO","red":"NO PERTENECE A NINGUNA RED","microrred":"NO PERTENECE A NINGUNA MICRORED","categoria":"ESTABLECIMIENTO DE SALUD SIN INTERNAMIENTO","condicion":"ACTIVO","actualizado":"2023/08/01 19:00:00.000","fuente":"MINSA","urlRenipr":"http://app20.susalud.gob.pe:8080/registro-renipress-webapp/ipress.htm?action=mostrarVer&idipress=00028514"}},{"type":"Feature","geometry":{"type":"Point","coordinates":[-73.24324944999995,-3.732272759999944]},"properties":{"objectid":2035,"nombre":"DENTI STAR E.I.R.L.","departamento":"LORETO","provincia":"MAYNAS","distrito":"PUNCHANA","institucion":"MUNICIPALIDAD DISTRITAL","codigoMinsa":28882,"direccion":"CALLE EDILBERTO VALLES MELANDRO NÚMERO 347 DISTRITO PUNCHANA PROVINCIA MAYNAS DEPARTAMENTO LORETO","disa":"LORETO","red":"NO PERTENECE A NINGUNA RED","microrred":"NO PERTENECE A NINGUNA MICRORED","categoria":"ESTABLECIMIENTO DE SALUD SIN INTERNAMIENTO","condicion":"ACTIVO","actualizado":"2023/08/01 19:00:00.000","fuente":"MINSA","urlRenipr":"http://app20.susalud.gob.pe:8080/registro-renipress-webapp/ipress.htm?action=mostrarVer&idipress=00028882"}},{"type":"Feature","geometry":{"type":"Point","coordinates":[-72.96365975999998,-5.589313219999951]},"properties":{"objectid":2100,"nombre":"UNIDAD MEDICA UMAR N°2","departamento":"LORETO","provincia":"REQUENA","distrito":"YAQUERANA","institucion":"SANIDAD DEL EJERCITO DEL PERU","codigoMinsa":27183,"direccion":"OTROS COLONIA ANGAMOS NÚMERO S/N DISTRITO YAQUERANA PROVINCIA REQUENA DEPARTAMENTO LORETO","disa":"LORETO","red":"NO PERTENECE A NINGUNA RED","microrred":"NO PERTENECE A NINGUNA MICRORED","categoria":"ESTABLECIMIENTO DE SALUD SIN INTERNAMIENTO","condicion":"ACTIVO","actualizado":"2023/08/01 19:00:00.000","fuente":"MINSA","urlRenipr":"http://app20.susalud.gob.pe:8080/registro-renipress-webapp/ipress.htm?action=mostrarVer&idipress=00027183"}},{"type":"Feature","geometry":{"type":"Point","coordinates":[-73.26025749999997,-3.731172899999933]},"properties":{"objectid":2132,"nombre":"OPTICA CREDILENTES E.I.R.L.","departamento":"LORETO","provincia":"MAYNAS","distrito":"IQUITOS","institucion":"PRIVADO","codigoMinsa":19042,"direccion":"JIRÓN JIRON MORONA N° 373 DISTRITO IQUITOS PROVINCIA MAYNAS DEPARTAMENTO LORETO","disa":"LORETO","red":"NO PERTENECE A NINGUNA RED","microrred":"NO PERTENECE A NINGUNA MICRORED","categoria":"SERVICIO MÉDICO DE APOYO","condicion":"ACTIVO","actualizado":"2023/08/01 19:00:00.000","fuente":"MINSA","urlRenipr":"http://app20.susalud.gob.pe:8080/registro-renipress-webapp/ipress.htm?action=mostrarVer&idipress=00019042"}},{"type":"Feature","geometry":{"type":"Point","coordinates":[-75.02582549999994,-7.565987499999949]},"properties":{"objectid":2571,"nombre":"PUESTO DE SALUD I-1 DEL CENTRO POBLADO SAN CARLOS","departamento":"LORETO","provincia":"UCAYALI","distrito":"CONTAMANA","institucion":"GOBIERNO REGIONAL","codigoMinsa":31146,"direccion":"OTROS CENTRO POBLADO SAN CARLOS NÚMERO SN DISTRITO CONTAMANA PROVINCIA UCAYALI DEPARTAMENTO LORETO","disa":"LORETO","red":"UCAYALI","microrred":"CONTAMANA","categoria":"ESTABLECIMIENTO DE SALUD SIN INTERNAMIENTO","condicion":"ACTIVO","actualizado":"2023/08/01 19:00:00.000","fuente":"MINSA","urlRenipr":"http://app20.susalud.gob.pe:8080/registro-renipress-webapp/ipress.htm?action=mostrarVer&idipress=00031146"}},{"type":"Feature","geometry":{"type":"Point","coordinates":[-75.00727509999996,-7.352411399999937]},"properties":{"objectid":2572,"nombre":"PUESTO DE SALUD I-1 CANAAN","departamento":"LORETO","provincia":"UCAYALI","distrito":"CONTAMANA","institucion":"GOBIERNO REGIONAL","codigoMinsa":164,"direccion":"OTROS POBLADO DE CANAAN DISTRITO CONTAMANA PROVINCIA UCAYALI DEPARTAMENTO LORETO","disa":"LORETO","red":"UCAYALI","microrred":"CONTAMANA","categoria":"ESTABLECIMIENTO DE SALUD SIN INTERNAMIENTO","condicion":"ACTIVO","actualizado":"2023/08/01 19:00:00.000","fuente":"MINSA","urlRenipr":"http://app20.susalud.gob.pe:8080/registro-renipress-webapp/ipress.htm?action=mostrarVer&idipress=00000164"}},{"type":"Feature","geometry":{"type":"Point","coordinates":[-75.01788446999996,-7.8477135299999645]},"properties":{"objectid":2575,"nombre":"PAHOYAN","departamento":"LORETO","provincia":"UCAYALI","distrito":"PADRE MARQUEZ","institucion":"GOBIERNO REGIONAL","codigoMinsa":173,"direccion":"OTROS ACTUALIZAR DISTRITO PADRE MARQUEZ PROVINCIA UCAYALI DEPARTAMENTO LORETO","disa":"LORETO","red":"UCAYALI","microrred":"PADRE MARQUEZ","categoria":"ESTABLECIMIENTO DE SALUD SIN INTERNAMIENTO","condicion":"ACTIVO","actualizado":"2023/08/01 19:00:00.000","fuente":"MINSA","urlRenipr":"http://app20.susalud.gob.pe:8080/registro-renipress-webapp/ipress.htm?action=mostrarVer&idipress=00000173"}},{"type":"Feature","geometry":{"type":"Point","coordinates":[-73.25067019999994,-3.7530198999999698]},"properties":{"objectid":2790,"nombre":"CENTRO ODONTOLOGICO INTEGRAL DENTILIFE","departamento":"LORETO","provincia":"MAYNAS","distrito":"IQUITOS","institucion":"PRIVADO","codigoMinsa":19210,"direccion":"AVENIDA AVENIDA CECERES N° 622 DISTRITO IQUITOS PROVINCIA MAYNAS DEPARTAMENTO LORETO","disa":"LORETO","red":"NO PERTENECE A NINGUNA RED","microrred":"NO PERTENECE A NINGUNA MICRORED","categoria":"ESTABLECIMIENTO DE SALUD SIN INTERNAMIENTO","condicion":"ACTIVO","actualizado":"2023/08/01 19:00:00.000","fuente":"MINSA","urlRenipr":"http://app20.susalud.gob.pe:8080/registro-renipress-webapp/ipress.htm?action=mostrarVer&idipress=00019210"}},{"type":"Feature","geometry":{"type":"Point","coordinates":[-73.25330889999998,-3.7362320999999383]},"properties":{"objectid":2823,"nombre":"AMAZONS PEDIATRY","departamento":"LORETO","provincia":"MAYNAS","distrito":"IQUITOS","institucion":"PRIVADO","codigoMinsa":25306,"direccion":"CALLE AMAZONAS NÚMERO 273 DISTRITO IQUITOS PROVINCIA MAYNAS DEPARTAMENTO LORETO","disa":"LORETO","red":"NO PERTENECE A NINGUNA RED","microrred":"NO PERTENECE A NINGUNA MICRORED","categoria":"ESTABLECIMIENTO DE SALUD SIN INTERNAMIENTO","condicion":"ACTIVO","actualizado":"2023/08/01 19:00:00.000","fuente":"MINSA","urlRenipr":"http://app20.susalud.gob.pe:8080/registro-renipress-webapp/ipress.htm?action=mostrarVer&idipress=00025306"}},{"type":"Feature","geometry":{"type":"Point","coordinates":[-74.66719609999996,-0.3754475999999727]},"properties":{"objectid":4046,"nombre":"IPRESS I-1 SAN FRANCISCO DE ERE","departamento":"LORETO","provincia":"PUTUMAYO","distrito":"ROSA PANDURO","institucion":"GOBIERNO REGIONAL","codigoMinsa":85,"direccion":"OTROS CASERIO DE SAN FRANCISCO DE ERE S/N ROSA PANDURO PUTUMAYO LORETO","disa":"LORETO","red":"MAYNAS PERIFERIE","microrred":"PUTUMAYO","categoria":"ESTABLECIMIENTO DE SALUD SIN INTERNAMIENTO","condicion":"ACTIVO","actualizado":"2023/08/01 19:00:00.000","fuente":"MINSA","urlRenipr":"http://app20.susalud.gob.pe:8080/registro-renipress-webapp/ipress.htm?action=mostrarVer&idipress=00000085"}},{"type":"Feature","geometry":{"type":"Point","coordinates":[-73.25274839999997,-3.7493262199999435]},"properties":{"objectid":3012,"nombre":"CLINICA SELVA AMAZONICA","departamento":"LORETO","provincia":"MAYNAS","distrito":"IQUITOS","institucion":"PRIVADO","codigoMinsa":11581,"direccion":"OTROS URBANIZACION JARDIN MZ. A LOTE 27 DISTRITO IQUITOS PROVINCIA MAYNAS DEPARTAMENTO LORETO","disa":"","red":"","microrred":"","categoria":"ESTABLECIMIENTO DE SALUD CON INTERNAMIENTO","condicion":"RETIRO VOLUNTARIO","actualizado":"2023/08/01 19:00:00.000","fuente":"MINSA","urlRenipr":"http://app20.susalud.gob.pe:8080/registro-renipress-webapp/ipress.htm?action=mostrarVer&idipress=00011581"}},{"type":"Feature","geometry":{"type":"Point","coordinates":[-73.21359999999999,-3.9238299999999526]},"properties":{"objectid":4047,"nombre":"SANTA ANA DE MUYUY","departamento":"LORETO","provincia":"MAYNAS","distrito":"FERNANDO LORES","institucion":"GOBIERNO REGIONAL","codigoMinsa":38,"direccion":"ACTUALIZAR","disa":"LORETO","red":"MAYNAS PERIFERIE","microrred":"TAMSHIYACU","categoria":"ESTABLECIMIENTO DE SALUD SIN INTERNAMIENTO","condicion":"ACTIVO","actualizado":"2023/08/01 19:00:00.000","fuente":"MINSA","urlRenipr":"http://app20.susalud.gob.pe:8080/registro-renipress-webapp/ipress.htm?action=mostrarVer&idipress=00000038"}},{"type":"Feature","geometry":{"type":"Point","coordinates":[-73.24473049999995,-3.745604999999955]},"properties":{"objectid":3241,"nombre":"I-3 ART DENTAL EIRL","departamento":"LORETO","provincia":"MAYNAS","distrito":"IQUITOS","institucion":"PRIVADO","codigoMinsa":19655,"direccion":"CALLE CALLE SAMANEZ OCAMPO N° 368 CALLE SAMANEZ OCAMPO N° 368 IQUITOS MAYNAS LORETO","disa":"LORETO","red":"NO PERTENECE A NINGUNA RED","microrred":"NO PERTENECE A NINGUNA MICRORED","categoria":"ESTABLECIMIENTO DE SALUD SIN INTERNAMIENTO","condicion":"ACTIVO","actualizado":"2023/08/01 19:00:00.000","fuente":"MINSA","urlRenipr":"http://app20.susalud.gob.pe:8080/registro-renipress-webapp/ipress.htm?action=mostrarVer&idipress=00019655"}},{"type":"Feature","geometry":{"type":"Point","coordinates":[-74.86827546999996,-4.542407699999956]},"properties":{"objectid":4048,"nombre":"P.S. I-2 TUCUNARE","departamento":"LORETO","provincia":"LORETO","distrito":"URARINAS","institucion":"GOBIERNO REGIONAL","codigoMinsa":21486,"direccion":"OTROS COMUNIDAD PIJUAYAL RIO CHAMBIRA COMUNIDAD PIJUAYAL RIO CHAMBIRA URARINAS LORETO LORETO","disa":"","red":"","microrred":"","categoria":"ESTABLECIMIENTO DE SALUD SIN INTERNAMIENTO","condicion":"RETIRO VOLUNTARIO","actualizado":"2023/08/01 19:00:00.000","fuente":"MINSA","urlRenipr":"http://app20.susalud.gob.pe:8080/registro-renipress-webapp/ipress.htm?action=mostrarVer&idipress=00021486"}},{"type":"Feature","geometry":{"type":"Point","coordinates":[-74.80767899999995,-3.507073979999973]},"properties":{"objectid":4049,"nombre":"P.S. I-1 SAN JUAN DE PAVAYACU","departamento":"LORETO","provincia":"LORETO","distrito":"TIGRE","institucion":"GOBIERNO REGIONAL","codigoMinsa":14717,"direccion":"OTROS RIO MARAÑON RIO MARAÑON TIGRE LORETO LORETO","disa":"LORETO","red":"LORETO","microrred":"INTUTO","categoria":"ESTABLECIMIENTO DE SALUD SIN INTERNAMIENTO","condicion":"ACTIVO","actualizado":"2023/08/01 19:00:00.000","fuente":"MINSA","urlRenipr":"http://app20.susalud.gob.pe:8080/registro-renipress-webapp/ipress.htm?action=mostrarVer&idipress=00014717"}},{"type":"Feature","geometry":{"type":"Point","coordinates":[-73.25208192999997,-3.7267497699999694]},"properties":{"objectid":3465,"nombre":"CENTRO MEDICO ESPECIALIZADO MISALUD IQUITOS S.A.C","departamento":"LORETO","provincia":"MAYNAS","distrito":"PUNCHANA","institucion":"PRIVADO","codigoMinsa":26291,"direccion":"CALLE AMAZONAS N?ERO 948 DISTRITO PUNCHANA PROVINCIA MAYNAS DEPARTAMENTO LORETO","disa":"LORETO","red":"NO PERTENECE A NINGUNA RED","microrred":"NO PERTENECE A NINGUNA MICRORED","categoria":"ESTABLECIMIENTO DE SALUD SIN INTERNAMIENTO","condicion":"ACTIVO","actualizado":"2023/08/01 19:00:00.000","fuente":"MINSA","urlRenipr":"http://app20.susalud.gob.pe:8080/registro-renipress-webapp/ipress.htm?action=mostrarVer&idipress=00026291"}},{"type":"Feature","geometry":{"type":"Point","coordinates":[-76.10653059999999,-5.894235999999978]},"properties":{"objectid":3466,"nombre":"CENTRO DE URGENCIAS MEDICAS \"DR SANCHEZ\"","departamento":"LORETO","provincia":"ALTO AMAZONAS","distrito":"YURIMAGUAS","institucion":"PRIVADO","codigoMinsa":25889,"direccion":"CALLE HUALLAGA NÚMERO 433 DISTRITO YURIMAGUAS PROVINCIA ALTO AMAZONAS DEPARTAMENTO LORETO","disa":"LORETO","red":"NO PERTENECE A NINGUNA RED","microrred":"NO PERTENECE A NINGUNA MICRORED","categoria":"ESTABLECIMIENTO DE SALUD SIN INTERNAMIENTO","condicion":"ACTIVO","actualizado":"2023/08/01 19:00:00.000","fuente":"MINSA","urlRenipr":"http://app20.susalud.gob.pe:8080/registro-renipress-webapp/ipress.htm?action=mostrarVer&idipress=00025889"}},{"type":"Feature","geometry":{"type":"Point","coordinates":[-76.01161011999994,-4.806345829999941]},"properties":{"objectid":3751,"nombre":"P.S. I-1 NUEVO MUNDO","departamento":"LORETO","provincia":"ALTO AMAZONAS","distrito":"LAGUNAS","institucion":"GOBIERNO REGIONAL","codigoMinsa":199,"direccion":"OTROS COMUNIDAD NUEVO MUNDO DISTRITO LAGUNAS PROVINCIA ALTO AMAZONAS DEPARTAMENTO LORETO","disa":"LORETO","red":"ALTO AMAZONAS","microrred":"LAGUNAS","categoria":"ESTABLECIMIENTO DE SALUD SIN INTERNAMIENTO","condicion":"ACTIVO","actualizado":"2023/08/01 19:00:00.000","fuente":"MINSA","urlRenipr":"http://app20.susalud.gob.pe:8080/registro-renipress-webapp/ipress.htm?action=mostrarVer&idipress=00000199"}},{"type":"Feature","geometry":{"type":"Point","coordinates":[-76.27397949999994,-6.1150230999999735]},"properties":{"objectid":3897,"nombre":"P.S. I-1 VILLA HERMOSA DE YURIMAGUAS","departamento":"LORETO","provincia":"ALTO AMAZONAS","distrito":"YURIMAGUAS","institucion":"GOBIERNO REGIONAL","codigoMinsa":27447,"direccion":"CARRETERA COMUNIDAD DE VILLA HERMOSA NÚMERO S/N DISTRITO YURIMAGUAS PROVINCIA ALTO AMAZONAS DEPARTAMENTO LORETO","disa":"LORETO","red":"ALTO AMAZONAS","microrred":"YURIMAGUAS","categoria":"ESTABLECIMIENTO DE SALUD SIN INTERNAMIENTO","condicion":"ACTIVO","actualizado":"2023/08/01 19:00:00.000","fuente":"MINSA","urlRenipr":"http://app20.susalud.gob.pe:8080/registro-renipress-webapp/ipress.htm?action=mostrarVer&idipress=00027447"}},{"type":"Feature","geometry":{"type":"Point","coordinates":[-76.65732884999994,-5.711272199999939]},"properties":{"objectid":3898,"nombre":"P.S. I-1 SAN MIGUEL DE YANAYACU","departamento":"LORETO","provincia":"ALTO AMAZONAS","distrito":"BALSAPUERTO","institucion":"GOBIERNO REGIONAL","codigoMinsa":17572,"direccion":"OTROS LOCALIDAD SAN MIGUEL DE YANAYACU DISTRITO BALSAPUERTO PROVINCIA ALTO AMAZONAS DEPARTAMENTO LORETO","disa":"LORETO","red":"ALTO AMAZONAS","microrred":"BALSAPUERTO","categoria":"ESTABLECIMIENTO DE SALUD SIN INTERNAMIENTO","condicion":"ACTIVO","actualizado":"2023/08/01 19:00:00.000","fuente":"MINSA","urlRenipr":"http://app20.susalud.gob.pe:8080/registro-renipress-webapp/ipress.htm?action=mostrarVer&idipress=00017572"}},{"type":"Feature","geometry":{"type":"Point","coordinates":[-76.11290479999997,-5.90077169999995]},"properties":{"objectid":3900,"nombre":"P.S. I- 2 VILLA DEL PARANAPURA DE YURIMAGUAS","departamento":"LORETO","provincia":"ALTO AMAZONAS","distrito":"YURIMAGUAS","institucion":"GOBIERNO REGIONAL","codigoMinsa":28374,"direccion":"PROLONGACIÓN QUINCE DE AGOSTO NÚMERO S/N MANZANA Mz SH LOTE Lte. 16 DISTRITO YURIMAGUAS PROVINCIA ALTO AMAZONAS DEPARTAMENTO LORETO","disa":"LORETO","red":"ALTO AMAZONAS","microrred":"YURIMAGUAS","categoria":"ESTABLECIMIENTO DE SALUD SIN INTERNAMIENTO","condicion":"ACTIVO","actualizado":"2023/08/01 19:00:00.000","fuente":"MINSA","urlRenipr":"http://app20.susalud.gob.pe:8080/registro-renipress-webapp/ipress.htm?action=mostrarVer&idipress=00028374"}},{"type":"Feature","geometry":{"type":"Point","coordinates":[-75.70344888999995,-5.722317359999977]},"properties":{"objectid":3901,"nombre":"P.S. I-1 NUEVO TRIUNFO","departamento":"LORETO","provincia":"ALTO AMAZONAS","distrito":"SANTA CRUZ","institucion":"GOBIERNO REGIONAL","codigoMinsa":15854,"direccion":"OTROS CACERIO NUEVO TRIUNFO DISTRITO SANTA CRUZ PROVINCIA ALTO AMAZONAS DEPARTAMENTO LORETO","disa":"LORETO","red":"ALTO AMAZONAS","microrred":"SANTA CRUZ","categoria":"ESTABLECIMIENTO DE SALUD SIN INTERNAMIENTO","condicion":"ACTIVO","actualizado":"2023/08/01 19:00:00.000","fuente":"MINSA","urlRenipr":"http://app20.susalud.gob.pe:8080/registro-renipress-webapp/ipress.htm?action=mostrarVer&idipress=00015854"}},{"type":"Feature","geometry":{"type":"Point","coordinates":[-76.64253095999999,-5.596306179999942]},"properties":{"objectid":3902,"nombre":"P.S. I-1 PUCALPILLO","departamento":"LORETO","provincia":"ALTO AMAZONAS","distrito":"BALSAPUERTO","institucion":"GOBIERNO REGIONAL","codigoMinsa":9729,"direccion":"OTROS CASERIO DE PUCALPILLO DISTRITO BALSAPUERTO PROVINCIA ALTO AMAZONAS DEPARTAMENTO LORETO","disa":"LORETO","red":"ALTO AMAZONAS","microrred":"BALSAPUERTO","categoria":"ESTABLECIMIENTO DE SALUD SIN INTERNAMIENTO","condicion":"ACTIVO","actualizado":"2023/08/01 19:00:00.000","fuente":"MINSA","urlRenipr":"http://app20.susalud.gob.pe:8080/registro-renipress-webapp/ipress.htm?action=mostrarVer&idipress=00009729"}},{"type":"Feature","geometry":{"type":"Point","coordinates":[-76.16771098999999,-6.016999849999934]},"properties":{"objectid":3903,"nombre":"C.S. I-3 INDEPENDENCIA","departamento":"LORETO","provincia":"ALTO AMAZONAS","distrito":"YURIMAGUAS","institucion":"GOBIERNO REGIONAL","codigoMinsa":7326,"direccion":"CARRETERA MARGEN IZQUIERDO DE LA CARRETERA YURIMAGUAS-MUNICHIS MARGEN IZQUIERDO DE LA CARRETERA YURIMAGUAS-MUNICHIS YURIMAGUAS ALTO AMAZONAS LORETO","disa":"LORETO","red":"ALTO AMAZONAS","microrred":"YURIMAGUAS","categoria":"ESTABLECIMIENTO DE SALUD SIN INTERNAMIENTO","condicion":"ACTIVO","actualizado":"2023/08/01 19:00:00.000","fuente":"MINSA","urlRenipr":"http://app20.susalud.gob.pe:8080/registro-renipress-webapp/ipress.htm?action=mostrarVer&idipress=00007326"}},{"type":"Feature","geometry":{"type":"Point","coordinates":[-75.81551014999997,-5.452072459999954]},"properties":{"objectid":3904,"nombre":"P.S. I-1 ACHUAL TIPISCHA","departamento":"LORETO","provincia":"ALTO AMAZONAS","distrito":"SANTA CRUZ","institucion":"GOBIERNO REGIONAL","codigoMinsa":204,"direccion":"OTROS COMUNIDAD ACHUAL TIPISCHA DISTRITO SANTA CRUZ PROVINCIA ALTO AMAZONAS DEPARTAMENTO LORETO","disa":"LORETO","red":"ALTO AMAZONAS","microrred":"SANTA CRUZ","categoria":"ESTABLECIMIENTO DE SALUD SIN INTERNAMIENTO","condicion":"ACTIVO","actualizado":"2023/08/01 19:00:00.000","fuente":"MINSA","urlRenipr":"http://app20.susalud.gob.pe:8080/registro-renipress-webapp/ipress.htm?action=mostrarVer&idipress=00000204"}},{"type":"Feature","geometry":{"type":"Point","coordinates":[-76.43263332999999,-3.4751133299999424]},"properties":{"objectid":3905,"nombre":"P.S. I-2 ALIANZA CRISTIANA","departamento":"LORETO","provincia":"DATEM DEL MARAÑON","distrito":"ANDOAS","institucion":"GOBIERNO REGIONAL","codigoMinsa":260,"direccion":"OTROS COMUNIDAD ALIANZA CRISTIANA COMUNIDAD ALIANZA CRISTIANA ANDOAS DATEM DEL MARAÑON LORETO","disa":"LORETO","red":"DATEM DEL MARAÑON","microrred":"ANDOAS","categoria":"ESTABLECIMIENTO DE SALUD SIN INTERNAMIENTO","condicion":"ACTIVO","actualizado":"2023/08/01 19:00:00.000","fuente":"MINSA","urlRenipr":"http://app20.susalud.gob.pe:8080/registro-renipress-webapp/ipress.htm?action=mostrarVer&idipress=00000260"}},{"type":"Feature","geometry":{"type":"Point","coordinates":[-76.14048326999995,-5.817518629999938]},"properties":{"objectid":3906,"nombre":"P.S. I-1 SAN JUAN DE ZAPOTE","departamento":"LORETO","provincia":"ALTO AMAZONAS","distrito":"YURIMAGUAS","institucion":"GOBIERNO REGIONAL","codigoMinsa":16827,"direccion":"OTROS COMUNIDAD DE SAN JUAN DE ZAPOTE DISTRITO YURIMAGUAS PROVINCIA ALTO AMAZONAS DEPARTAMENTO LORETO","disa":"LORETO","red":"ALTO AMAZONAS","microrred":"YURIMAGUAS","categoria":"ESTABLECIMIENTO DE SALUD SIN INTERNAMIENTO","condicion":"ACTIVO","actualizado":"2023/08/01 19:00:00.000","fuente":"MINSA","urlRenipr":"http://app20.susalud.gob.pe:8080/registro-renipress-webapp/ipress.htm?action=mostrarVer&idipress=00016827"}},{"type":"Feature","geometry":{"type":"Point","coordinates":[-75.80724119999996,-6.090014579999945]},"properties":{"objectid":3907,"nombre":"P.S. I-1 PARINARI","departamento":"LORETO","provincia":"ALTO AMAZONAS","distrito":"TENIENTE CESAR LOPEZ ROJAS","institucion":"GOBIERNO REGIONAL","codigoMinsa":299,"direccion":"OTROS COMUNIDAD PARINARI DISTRITO TENIENTE CESAR LOPEZ ROJAS PROVINCIA ALTO AMAZONAS DEPARTAMENTO LORETO","disa":"LORETO","red":"ALTO AMAZONAS","microrred":"TENIENTE CESAR LOPEZ ROJAS","categoria":"ESTABLECIMIENTO DE SALUD SIN INTERNAMIENTO","condicion":"ACTIVO","actualizado":"2023/08/01 19:00:00.000","fuente":"MINSA","urlRenipr":"http://app20.susalud.gob.pe:8080/registro-renipress-webapp/ipress.htm?action=mostrarVer&idipress=00000299"}},{"type":"Feature","geometry":{"type":"Point","coordinates":[-72.93804199999994,-4.1603079999999295]},"properties":{"objectid":4043,"nombre":"SERAFIN FILOMENO","departamento":"LORETO","provincia":"MAYNAS","distrito":"FERNANDO LORES","institucion":"GOBIERNO REGIONAL","codigoMinsa":277,"direccion":"ACTUALIZAR","disa":"LORETO","red":"MAYNAS PERIFERIE","microrred":"TAMSHIYACU","categoria":"ESTABLECIMIENTO DE SALUD SIN INTERNAMIENTO","condicion":"ACTIVO","actualizado":"2023/08/01 19:00:00.000","fuente":"MINSA","urlRenipr":"http://app20.susalud.gob.pe:8080/registro-renipress-webapp/ipress.htm?action=mostrarVer&idipress=00000277"}},{"type":"Feature","geometry":{"type":"Point","coordinates":[-77.49072362999993,-4.342582759999971]},"properties":{"objectid":4044,"nombre":"PUESTO DE SALUD I-1 AJACHIM","departamento":"LORETO","provincia":"DATEM DEL MARAÑON","distrito":"MANSERICHE","institucion":"GOBIERNO REGIONAL","codigoMinsa":26741,"direccion":"OTROS CCNN DE AJACHIM MICRO RED DEL MANSERICHE MANSERICHE DATEM DEL MARAÑON LORETO","disa":"LORETO","red":"DATEM DEL MARAÑON","microrred":"MANSERICHE","categoria":"ESTABLECIMIENTO DE SALUD SIN INTERNAMIENTO","condicion":"ACTIVO","actualizado":"2023/08/01 19:00:00.000","fuente":"MINSA","urlRenipr":"http://app20.susalud.gob.pe:8080/registro-renipress-webapp/ipress.htm?action=mostrarVer&idipress=00026741"}},{"type":"Feature","geometry":{"type":"Point","coordinates":[-73.37812799999995,-4.1746859999999515]},"properties":{"objectid":4045,"nombre":"SAN SALVADOR DE OMAGUAS","departamento":"LORETO","provincia":"MAYNAS","distrito":"FERNANDO LORES","institucion":"GOBIERNO REGIONAL","codigoMinsa":47,"direccion":"ACTUALIZAR","disa":"LORETO","red":"MAYNAS PERIFERIE","microrred":"TAMSHIYACU","categoria":"ESTABLECIMIENTO DE SALUD SIN INTERNAMIENTO","condicion":"ACTIVO","actualizado":"2023/08/01 19:00:00.000","fuente":"MINSA","urlRenipr":"http://app20.susalud.gob.pe:8080/registro-renipress-webapp/ipress.htm?action=mostrarVer&idipress=00000047"}},{"type":"Feature","geometry":{"type":"Point","coordinates":[-74.38039052999994,-4.590619239999967]},"properties":{"objectid":4050,"nombre":"SANTA RITA DE CASTILLA","departamento":"LORETO","provincia":"LORETO","distrito":"PARINARI","institucion":"GOBIERNO REGIONAL","codigoMinsa":98,"direccion":"OTROS POBLADO DE SANTA RITA DE CASTILLA - RIO MARAÑON POBLADO DE SANTA RITA DE CASTILLA - RIO MARAÑON PARINARI LORETO LORETO","disa":"LORETO","red":"LORETO","microrred":"NAUTA","categoria":"ESTABLECIMIENTO DE SALUD SIN INTERNAMIENTO","condicion":"ACTIVO","actualizado":"2023/08/01 19:00:00.000","fuente":"MINSA","urlRenipr":"http://app20.susalud.gob.pe:8080/registro-renipress-webapp/ipress.htm?action=mostrarVer&idipress=00000098"}},{"type":"Feature","geometry":{"type":"Point","coordinates":[-74.67610874999997,-0.37468544999995856]},"properties":{"objectid":4051,"nombre":"P.S I-2 SOPLIN VARGAS","departamento":"LORETO","provincia":"PUTUMAYO","distrito":"TENIENTE MANUEL CLAVERO","institucion":"GOBIERNO REGIONAL","codigoMinsa":88,"direccion":"OTROS CASERIO DE SOPLIN VARGAS CASERIO DE SOPLIN VARGAS TENIENTE MANUEL CLAVERO PUTUMAYO LORETO","disa":"LORETO","red":"MAYNAS PERIFERIE","microrred":"PUTUMAYO","categoria":"ESTABLECIMIENTO DE SALUD SIN INTERNAMIENTO","condicion":"ACTIVO","actualizado":"2023/08/01 19:00:00.000","fuente":"MINSA","urlRenipr":"http://app20.susalud.gob.pe:8080/registro-renipress-webapp/ipress.htm?action=mostrarVer&idipress=00000088"}},{"type":"Feature","geometry":{"type":"Point","coordinates":[-73.36219999999997,-3.770969999999977]},"properties":{"objectid":4052,"nombre":"TUPAC AMARU DE IQUITOS \"Lic. Enf. JENNY ESTHER CARRASCO MONTAÑEZ\"","departamento":"LORETO","provincia":"MAYNAS","distrito":"IQUITOS","institucion":"GOBIERNO REGIONAL","codigoMinsa":8,"direccion":"OTROS SEÑOR DE SIPAN Nº317 SEÑOR DE SIPAN Nº317 IQUITOS MAYNAS LORETO","disa":"LORETO","red":"MAYNAS CIUDAD","microrred":"IQUITOS NORTE","categoria":"ESTABLECIMIENTO DE SALUD SIN INTERNAMIENTO","condicion":"ACTIVO","actualizado":"2023/08/01 19:00:00.000","fuente":"MINSA","urlRenipr":"http://app20.susalud.gob.pe:8080/registro-renipress-webapp/ipress.htm?action=mostrarVer&idipress=00000008"}},{"type":"Feature","geometry":{"type":"Point","coordinates":[-72.64943577999998,-3.486903409999968]},"properties":{"objectid":4053,"nombre":"SANTA MARIA DE MARUPA","departamento":"LORETO","provincia":"MAYNAS","distrito":"LAS AMAZONAS","institucion":"GOBIERNO REGIONAL","codigoMinsa":61,"direccion":"OTROS CASERIO DE SANTA MARIA DE MARUPA DISTRITO LAS AMAZONAS PROVINCIA MAYNAS DEPARTAMENTO LORETO","disa":"LORETO","red":"MAYNAS PERIFERIE","microrred":"MAZAN","categoria":"ESTABLECIMIENTO DE SALUD SIN INTERNAMIENTO","condicion":"ACTIVO","actualizado":"2023/08/01 19:00:00.000","fuente":"MINSA","urlRenipr":"http://app20.susalud.gob.pe:8080/registro-renipress-webapp/ipress.htm?action=mostrarVer&idipress=00000061"}},{"type":"Feature","geometry":{"type":"Point","coordinates":[-72.95728416999998,-3.6082956799999693]},"properties":{"objectid":4054,"nombre":"SANTA CECILIA","departamento":"LORETO","provincia":"MAYNAS","distrito":"INDIANA","institucion":"GOBIERNO REGIONAL","codigoMinsa":56,"direccion":"OTROS CASERIO DE SANTA CECILIA DISTRITO INDIANA PROVINCIA MAYNAS DEPARTAMENTO LORETO","disa":"LORETO","red":"MAYNAS PERIFERIE","microrred":"MAZAN","categoria":"ESTABLECIMIENTO DE SALUD SIN INTERNAMIENTO","condicion":"ACTIVO","actualizado":"2023/08/01 19:00:00.000","fuente":"MINSA","urlRenipr":"http://app20.susalud.gob.pe:8080/registro-renipress-webapp/ipress.htm?action=mostrarVer&idipress=00000056"}},{"type":"Feature","geometry":{"type":"Point","coordinates":[-73.03855747999995,-3.499555559999976]},"properties":{"objectid":4055,"nombre":"INDIANA","departamento":"LORETO","provincia":"MAYNAS","distrito":"INDIANA","institucion":"GOBIERNO REGIONAL","codigoMinsa":54,"direccion":"OTROS CASERIO DE INDIANA DISTRITO INDIANA PROVINCIA MAYNAS DEPARTAMENTO LORETO","disa":"LORETO","red":"MAYNAS PERIFERIE","microrred":"MAZAN","categoria":"ESTABLECIMIENTO DE SALUD SIN INTERNAMIENTO","condicion":"ACTIVO","actualizado":"2023/08/01 19:00:00.000","fuente":"MINSA","urlRenipr":"http://app20.susalud.gob.pe:8080/registro-renipress-webapp/ipress.htm?action=mostrarVer&idipress=00000054"}},{"type":"Feature","geometry":{"type":"Point","coordinates":[-73.25607959999996,-3.7846150999999395]},"properties":{"objectid":4056,"nombre":"MUNICHS - RIO ITAYA","departamento":"LORETO","provincia":"MAYNAS","distrito":"BELEN","institucion":"GOBIERNO REGIONAL","codigoMinsa":48,"direccion":"OTROS CASERIO DE MUNICHS SIN NUMERO DISTRITO BELEN PROVINCIA MAYNAS DEPARTAMENTO LORETO","disa":"LORETO","red":"MAYNAS CIUDAD","microrred":"BELEN","categoria":"ESTABLECIMIENTO DE SALUD SIN INTERNAMIENTO","condicion":"ACTIVO","actualizado":"2023/08/01 19:00:00.000","fuente":"MINSA","urlRenipr":"http://app20.susalud.gob.pe:8080/registro-renipress-webapp/ipress.htm?action=mostrarVer&idipress=00000048"}},{"type":"Feature","geometry":{"type":"Point","coordinates":[-73.24056043999997,-3.7329032599999437]},"properties":{"objectid":4134,"nombre":"BAP RIO YAHUAS","departamento":"LORETO","provincia":"MAYNAS","distrito":"PUNCHANA","institucion":"SANIDAD DE LA MARINA DE GUERRA DEL PERU","codigoMinsa":29967,"direccion":"AVENIDA MARINA DISTRITO PUNCHANA PROVINCIA MAYNAS DEPARTAMENTO LORETO","disa":"LORETO","red":"","microrred":"NO PERTENECE A NINGUNA MICRORED","categoria":"OFERTA FLEXIBLE","condicion":"ACTIVO","actualizado":"2023/08/01 19:00:00.000","fuente":"MINSA","urlRenipr":"http://app20.susalud.gob.pe:8080/registro-renipress-webapp/ipress.htm?action=mostrarVer&idipress=00029967"}},{"type":"Feature","geometry":{"type":"Point","coordinates":[-73.24802243999994,-3.7277728099999763]},"properties":{"objectid":4202,"nombre":"CONSULTORIO GESTAVIDA","departamento":"LORETO","provincia":"MAYNAS","distrito":"PUNCHANA","institucion":"PRIVADO","codigoMinsa":31289,"direccion":"AVENIDA 28 DE JULIO NÚMERO 665 DISTRITO PUNCHANA PROVINCIA MAYNAS DEPARTAMENTO LORETO","disa":"LORETO","red":"","microrred":"","categoria":"ESTABLECIMIENTO DE SALUD SIN INTERNAMIENTO","condicion":"ACTIVO","actualizado":"2023/08/01 19:00:00.000","fuente":"MINSA","urlRenipr":"http://app20.susalud.gob.pe:8080/registro-renipress-webapp/ipress.htm?action=mostrarVer&idipress=00031289"}},{"type":"Feature","geometry":{"type":"Point","coordinates":[-76.88880999999998,-4.35512499999993]},"properties":{"objectid":4277,"nombre":"DOMINGO COCHA - RIMACHI","departamento":"LORETO","provincia":"DATEM DEL MARAÑON","distrito":"PASTAZA","institucion":"GOBIERNO REGIONAL","codigoMinsa":6740,"direccion":"OTROS COMUNIDAD DOMINGO COCHA DISTRITO PASTAZA PROVINCIA DATEM DEL MARAÑON DEPARTAMENTO LORETO","disa":"LORETO","red":"DATEM DEL MARAÑON","microrred":"PASTAZA","categoria":"ESTABLECIMIENTO DE SALUD SIN INTERNAMIENTO","condicion":"ACTIVO","actualizado":"2023/08/01 19:00:00.000","fuente":"MINSA","urlRenipr":"http://app20.susalud.gob.pe:8080/registro-renipress-webapp/ipress.htm?action=mostrarVer&idipress=00006740"}},{"type":"Feature","geometry":{"type":"Point","coordinates":[-77.56235666999999,-4.626413329999934]},"properties":{"objectid":4278,"nombre":"SINCHI ROCA","departamento":"LORETO","provincia":"DATEM DEL MARAÑON","distrito":"MANSERICHE","institucion":"GOBIERNO REGIONAL","codigoMinsa":6688,"direccion":"OTROS COMUNIDAD SINCHI ROCA DISTRITO MANSERICHE PROVINCIA DATEM DEL MARAÑON DEPARTAMENTO LORETO","disa":"LORETO","red":"DATEM DEL MARAÑON","microrred":"MANSERICHE","categoria":"ESTABLECIMIENTO DE SALUD SIN INTERNAMIENTO","condicion":"ACTIVO","actualizado":"2023/08/01 19:00:00.000","fuente":"MINSA","urlRenipr":"http://app20.susalud.gob.pe:8080/registro-renipress-webapp/ipress.htm?action=mostrarVer&idipress=00006688"}},{"type":"Feature","geometry":{"type":"Point","coordinates":[-73.25045778999998,-3.7333381999999347]},"properties":{"objectid":4652,"nombre":"SERSALUD AMAZONIA E.I.R.L.","departamento":"LORETO","provincia":"MAYNAS","distrito":"PUNCHANA","institucion":"PRIVADO","codigoMinsa":20633,"direccion":"JIRÓN JIRON IQUITOS N° 593 DISTRITO PUNCHANA PROVINCIA MAYNAS DEPARTAMENTO LORETO","disa":"LORETO","red":"","microrred":"NO PERTENECE A NINGUNA MICRORED","categoria":"SERVICIO MÉDICO DE APOYO","condicion":"ACTIVO","actualizado":"2023/08/01 19:00:00.000","fuente":"MINSA","urlRenipr":"http://app20.susalud.gob.pe:8080/registro-renipress-webapp/ipress.htm?action=mostrarVer&idipress=00020633"}},{"type":"Feature","geometry":{"type":"Point","coordinates":[-75.00727509999996,-7.352411399999937]},"properties":{"objectid":4682,"nombre":"PUESTO DE SALUD I-1 SANTA ROSA DEL PISQUI","departamento":"LORETO","provincia":"UCAYALI","distrito":"CONTAMANA","institucion":"GOBIERNO REGIONAL","codigoMinsa":295,"direccion":"OTROS ACTUALIZAR DISTRITO CONTAMANA PROVINCIA UCAYALI DEPARTAMENTO LORETO","disa":"LORETO","red":"UCAYALI","microrred":"CONTAMANA","categoria":"ESTABLECIMIENTO DE SALUD SIN INTERNAMIENTO","condicion":"ACTIVO","actualizado":"2023/08/01 19:00:00.000","fuente":"MINSA","urlRenipr":"http://app20.susalud.gob.pe:8080/registro-renipress-webapp/ipress.htm?action=mostrarVer&idipress=00000295"}},{"type":"Feature","geometry":{"type":"Point","coordinates":[-73.24611749999997,-3.7540685999999255]},"properties":{"objectid":4684,"nombre":"RAMSA SALUD S.A.C.","departamento":"LORETO","provincia":"MAYNAS","distrito":"IQUITOS","institucion":"PRIVADO","codigoMinsa":25003,"direccion":"CALLE RICARDO PALMA Nº 162 DISTRITO IQUITOS PROVINCIA MAYNAS DEPARTAMENTO LORETO","disa":"LORETO","red":"NO PERTENECE A NINGUNA RED","microrred":"NO PERTENECE A NINGUNA MICRORED","categoria":"ESTABLECIMIENTO DE SALUD SIN INTERNAMIENTO","condicion":"ACTIVO","actualizado":"2023/08/01 19:00:00.000","fuente":"MINSA","urlRenipr":"http://app20.susalud.gob.pe:8080/registro-renipress-webapp/ipress.htm?action=mostrarVer&idipress=00025003"}},{"type":"Feature","geometry":{"type":"Point","coordinates":[-73.25319659999997,-3.753689799999961]},"properties":{"objectid":5117,"nombre":"ASOCIACIÓN CIVIL SELVA AMAZÓNICA","departamento":"LORETO","provincia":"MAYNAS","distrito":"IQUITOS","institucion":"PRIVADO","codigoMinsa":23301,"direccion":"CALLE urbanizacion jardin calle fanning NÚMERO 27 DISTRITO IQUITOS PROVINCIA MAYNAS DEPARTAMENTO LORETO","disa":"LORETO","red":"NO PERTENECE A NINGUNA RED","microrred":"NO PERTENECE A NINGUNA MICRORED","categoria":"ESTABLECIMIENTO DE SALUD CON INTERNAMIENTO","condicion":"ACTIVO","actualizado":"2023/08/01 19:00:00.000","fuente":"MINSA","urlRenipr":"http://app20.susalud.gob.pe:8080/registro-renipress-webapp/ipress.htm?action=mostrarVer&idipress=00023301"}},{"type":"Feature","geometry":{"type":"Point","coordinates":[-74.09784847999998,-4.506989889999943]},"properties":{"objectid":5760,"nombre":"P.S. I-1 BAGAZAN-RIO MARAÑON","departamento":"LORETO","provincia":"LORETO","distrito":"NAUTA","institucion":"GOBIERNO REGIONAL","codigoMinsa":26374,"direccion":"OTROS RIO MARAÑON 0 COMUNIDAD NATIVA BAGAZAN NAUTA LORETO LORETO","disa":"LORETO","red":"LORETO","microrred":"NAUTA","categoria":"ESTABLECIMIENTO DE SALUD SIN INTERNAMIENTO","condicion":"ACTIVO","actualizado":"2023/08/01 19:00:00.000","fuente":"MINSA","urlRenipr":"http://app20.susalud.gob.pe:8080/registro-renipress-webapp/ipress.htm?action=mostrarVer&idipress=00026374"}},{"type":"Feature","geometry":{"type":"Point","coordinates":[-75.00561859999993,-7.347284099999968]},"properties":{"objectid":5856,"nombre":"POSTA MEDICA ESSALUD CONTAMANA","departamento":"LORETO","provincia":"UCAYALI","distrito":"CONTAMANA","institucion":"ESSALUD","codigoMinsa":10843,"direccion":"CALLE CALLE ALBERTO ANGULO S/N NÚMERO S/N DISTRITO CONTAMANA PROVINCIA UCAYALI DEPARTAMENTO LORETO","disa":"LORETO","red":"NO PERTENECE A NINGUNA RED","microrred":"NO PERTENECE A NINGUNA MICRORED","categoria":"ESTABLECIMIENTO DE SALUD SIN INTERNAMIENTO","condicion":"ACTIVO","actualizado":"2023/08/01 19:00:00.000","fuente":"MINSA","urlRenipr":"http://app20.susalud.gob.pe:8080/registro-renipress-webapp/ipress.htm?action=mostrarVer&idipress=00010843"}},{"type":"Feature","geometry":{"type":"Point","coordinates":[-76.28408122999997,-5.291049019999946]},"properties":{"objectid":5907,"nombre":"C.S. I-3 JEBEROS","departamento":"LORETO","provincia":"ALTO AMAZONAS","distrito":"JEBEROS","institucion":"GOBIERNO REGIONAL","codigoMinsa":191,"direccion":"OTROS LOCALIDAD DE JEBEROS LOCALIDAD DE JEBEROS JEBEROS ALTO AMAZONAS LORETO","disa":"LORETO","red":"ALTO AMAZONAS","microrred":"JEBEROS","categoria":"ESTABLECIMIENTO DE SALUD SIN INTERNAMIENTO","condicion":"ACTIVO","actualizado":"2023/08/01 19:00:00.000","fuente":"MINSA","urlRenipr":"http://app20.susalud.gob.pe:8080/registro-renipress-webapp/ipress.htm?action=mostrarVer&idipress=00000191"}},{"type":"Feature","geometry":{"type":"Point","coordinates":[-76.18897999999996,-6.051739999999938]},"properties":{"objectid":5908,"nombre":"COTOYACU","departamento":"LORETO","provincia":"ALTO AMAZONAS","distrito":"YURIMAGUAS","institucion":"GOBIERNO REGIONAL","codigoMinsa":227,"direccion":"COMUNIDAD COTOYACU","disa":"LORETO","red":"ALTO AMAZONAS","microrred":"YURIMAGUAS","categoria":"ESTABLECIMIENTO DE SALUD SIN INTERNAMIENTO","condicion":"ACTIVO","actualizado":"2023/08/01 19:00:00.000","fuente":"MINSA","urlRenipr":"http://app20.susalud.gob.pe:8080/registro-renipress-webapp/ipress.htm?action=mostrarVer&idipress=00000227"}},{"type":"Feature","geometry":{"type":"Point","coordinates":[-76.10589649999997,-5.894230299999947]},"properties":{"objectid":5942,"nombre":"ÓPTICA VISIÓN LENTES","departamento":"LORETO","provincia":"ALTO AMAZONAS","distrito":"YURIMAGUAS","institucion":"PRIVADO","codigoMinsa":25438,"direccion":"CALLE PROGRESO 204 A UNA CUADRA DEL BCP YURIMAGUAS ALTO AMAZONAS LORETO","disa":"","red":"","microrred":"","categoria":"SERVICIO MÉDICO DE APOYO","condicion":"RUC INACTIVO EN SUNAT","actualizado":"2023/08/01 19:00:00.000","fuente":"MINSA","urlRenipr":"http://app20.susalud.gob.pe:8080/registro-renipress-webapp/ipress.htm?action=mostrarVer&idipress=00025438"}},{"type":"Feature","geometry":{"type":"Point","coordinates":[-76.11290479999997,-5.90077169999995]},"properties":{"objectid":5957,"nombre":"OPTICA IDROGO","departamento":"LORETO","provincia":"ALTO AMAZONAS","distrito":"YURIMAGUAS","institucion":"PRIVADO","codigoMinsa":26505,"direccion":"CALLE JOSE RIERA N?ERO 138 DISTRITO YURIMAGUAS PROVINCIA ALTO AMAZONAS DEPARTAMENTO LORETO","disa":"LORETO","red":"NO PERTENECE A NINGUNA RED","microrred":"NO PERTENECE A NINGUNA MICRORED","categoria":"SERVICIO MÉDICO DE APOYO","condicion":"ACTIVO","actualizado":"2023/08/01 19:00:00.000","fuente":"MINSA","urlRenipr":"http://app20.susalud.gob.pe:8080/registro-renipress-webapp/ipress.htm?action=mostrarVer&idipress=00026505"}},{"type":"Feature","geometry":{"type":"Point","coordinates":[-75.05643999999995,-3.8099399999999264]},"properties":{"objectid":6040,"nombre":"UNIDAD MEDICA PERCY ROZAS","departamento":"LORETO","provincia":"LORETO","distrito":"TROMPETEROS","institucion":"PRIVADO","codigoMinsa":14219,"direccion":"OTROS LOTE 8 PLUSPETROL DISTRITO TROMPETEROS PROVINCIA LORETO DEPARTAMENTO LORETO","disa":"LORETO","red":"NO PERTENECE A NINGUNA RED","microrred":"NO PERTENECE A NINGUNA MICRORED","categoria":"ESTABLECIMIENTO DE SALUD CON INTERNAMIENTO","condicion":"ACTIVO","actualizado":"2023/08/01 19:00:00.000","fuente":"MINSA","urlRenipr":"http://app20.susalud.gob.pe:8080/registro-renipress-webapp/ipress.htm?action=mostrarVer&idipress=00014219"}},{"type":"Feature","geometry":{"type":"Point","coordinates":[-77.18888332999995,-4.056988329999967]},"properties":{"objectid":6050,"nombre":"SHOROYA NUEVO","departamento":"LORETO","provincia":"DATEM DEL MARAÑON","distrito":"MORONA","institucion":"GOBIERNO REGIONAL","codigoMinsa":6826,"direccion":"OTROS COMUNIDAD SHOROYA NUEVO DISTRITO MORONA PROVINCIA DATEM DEL MARAÑON DEPARTAMENTO LORETO","disa":"LORETO","red":"DATEM DEL MARAÑON","microrred":"MORONA","categoria":"ESTABLECIMIENTO DE SALUD SIN INTERNAMIENTO","condicion":"ACTIVO","actualizado":"2023/08/01 19:00:00.000","fuente":"MINSA","urlRenipr":"http://app20.susalud.gob.pe:8080/registro-renipress-webapp/ipress.htm?action=mostrarVer&idipress=00006826"}},{"type":"Feature","geometry":{"type":"Point","coordinates":[-76.76590499999998,-3.045618329999968]},"properties":{"objectid":6051,"nombre":"TZEKUNZA","departamento":"LORETO","provincia":"DATEM DEL MARAÑON","distrito":"ANDOAS","institucion":"GOBIERNO REGIONAL","codigoMinsa":307,"direccion":"OTROS COMUNIDAD TZEKUNZA DISTRITO ANDOAS PROVINCIA DATEM DEL MARAÑON DEPARTAMENTO LORETO","disa":"LORETO","red":"DATEM DEL MARAÑON","microrred":"ANDOAS","categoria":"ESTABLECIMIENTO DE SALUD SIN INTERNAMIENTO","condicion":"ACTIVO","actualizado":"2023/08/01 19:00:00.000","fuente":"MINSA","urlRenipr":"http://app20.susalud.gob.pe:8080/registro-renipress-webapp/ipress.htm?action=mostrarVer&idipress=00000307"}},{"type":"Feature","geometry":{"type":"Point","coordinates":[-76.02704286999995,-6.015690569999947]},"properties":{"objectid":6052,"nombre":"P.S. I-1 JORGE CHAVEZ","departamento":"LORETO","provincia":"ALTO AMAZONAS","distrito":"TENIENTE CESAR LOPEZ ROJAS","institucion":"GOBIERNO REGIONAL","codigoMinsa":206,"direccion":"OTROS COMUNIDAD JORGE CHAVEZ DISTRITO TENIENTE CESAR LOPEZ ROJAS PROVINCIA ALTO AMAZONAS DEPARTAMENTO LORETO","disa":"LORETO","red":"ALTO AMAZONAS","microrred":"TENIENTE CESAR LOPEZ ROJAS","categoria":"ESTABLECIMIENTO DE SALUD SIN INTERNAMIENTO","condicion":"ACTIVO","actualizado":"2023/08/01 19:00:00.000","fuente":"MINSA","urlRenipr":"http://app20.susalud.gob.pe:8080/registro-renipress-webapp/ipress.htm?action=mostrarVer&idipress=00000206"}},{"type":"Feature","geometry":{"type":"Point","coordinates":[-73.25341697999994,-3.7269604799999456]},"properties":{"objectid":6135,"nombre":"HOSPITAL REGIONAL DE LORETO \"FELIPE SANTIAGO ARRIOLA IGLESIAS\"","departamento":"LORETO","provincia":"MAYNAS","distrito":"PUNCHANA","institucion":"GOBIERNO REGIONAL","codigoMinsa":3,"direccion":"AVENIDA AVENIDA 28 DE JULIO S/N S/N AVENIDA 28 DE JULIO S/N PUNCHANA MAYNAS LORETO","disa":"LORETO","red":"NO PERTENECE A NINGUNA RED","microrred":"NO PERTENECE A NINGUNA MICRORED","categoria":"ESTABLECIMIENTO DE SALUD CON INTERNAMIENTO","condicion":"ACTIVO","actualizado":"2023/08/01 19:00:00.000","fuente":"MINSA","urlRenipr":"http://app20.susalud.gob.pe:8080/registro-renipress-webapp/ipress.htm?action=mostrarVer&idipress=00000003"}},{"type":"Feature","geometry":{"type":"Point","coordinates":[-73.25200179999996,-3.726965899999925]},"properties":{"objectid":6141,"nombre":"Corporación Los ángeles Centro Medico Quirúrgico Especializado EIRL","departamento":"LORETO","provincia":"MAYNAS","distrito":"PUNCHANA","institucion":"PRIVADO","codigoMinsa":31670,"direccion":"CALLE Calle Amazonas 938 NÚMERO 938 PISO 1 DISTRITO PUNCHANA PROVINCIA MAYNAS DEPARTAMENTO LORETO","disa":"LORETO","red":"","microrred":"","categoria":"ESTABLECIMIENTO DE SALUD SIN INTERNAMIENTO","condicion":"ACTIVO","actualizado":"2023/08/01 19:00:00.000","fuente":"MINSA","urlRenipr":"http://app20.susalud.gob.pe:8080/registro-renipress-webapp/ipress.htm?action=mostrarVer&idipress=00031670"}},{"type":"Feature","geometry":{"type":"Point","coordinates":[-73.25197601999997,-3.725939389999951]},"properties":{"objectid":6159,"nombre":"BIOSCIENCIE S.A.C","departamento":"LORETO","provincia":"MAYNAS","distrito":"PUNCHANA","institucion":"PRIVADO","codigoMinsa":29779,"direccion":"CALLE AMAZONAS NÚMERO 910 DISTRITO PUNCHANA PROVINCIA MAYNAS DEPARTAMENTO LORETO","disa":"LORETO","red":"","microrred":"","categoria":"ESTABLECIMIENTO DE SALUD SIN INTERNAMIENTO","condicion":"ACTIVO","actualizado":"2023/08/01 19:00:00.000","fuente":"MINSA","urlRenipr":"http://app20.susalud.gob.pe:8080/registro-renipress-webapp/ipress.htm?action=mostrarVer&idipress=00029779"}},{"type":"Feature","geometry":{"type":"Point","coordinates":[-73.25533950999994,-3.7258055599999693]},"properties":{"objectid":6177,"nombre":"LABORATORIO DE SALUD PUBLICA","departamento":"LORETO","provincia":"MAYNAS","distrito":"IQUITOS","institucion":"GOBIERNO REGIONAL","codigoMinsa":14090,"direccion":"OTROS GARCIA SAENZ N°. 332 GARCIA SAENZ N°. 332 IQUITOS MAYNAS LORETO","disa":"LORETO","red":"NO PERTENECE A NINGUNA RED","microrred":"NO PERTENECE A NINGUNA MICRORED","categoria":"SERVICIO MÉDICO DE APOYO","condicion":"ACTIVO","actualizado":"2023/08/01 19:00:00.000","fuente":"MINSA","urlRenipr":"http://app20.susalud.gob.pe:8080/registro-renipress-webapp/ipress.htm?action=mostrarVer&idipress=00014090"}},{"type":"Feature","geometry":{"type":"Point","coordinates":[-72.76548513999995,-3.4216634999999656]},"properties":{"objectid":6178,"nombre":"FRANCISCO DE ORELLANA","departamento":"LORETO","provincia":"MAYNAS","distrito":"LAS AMAZONAS","institucion":"GOBIERNO REGIONAL","codigoMinsa":60,"direccion":"OTROS CASERIO DE FRANCISCO DE ORELLANA DISTRITO LAS AMAZONAS PROVINCIA MAYNAS DEPARTAMENTO LORETO","disa":"LORETO","red":"MAYNAS PERIFERIE","microrred":"MAZAN","categoria":"ESTABLECIMIENTO DE SALUD SIN INTERNAMIENTO","condicion":"ACTIVO","actualizado":"2023/08/01 19:00:00.000","fuente":"MINSA","urlRenipr":"http://app20.susalud.gob.pe:8080/registro-renipress-webapp/ipress.htm?action=mostrarVer&idipress=00000060"}},{"type":"Feature","geometry":{"type":"Point","coordinates":[-73.17969182999997,-3.0201481399999466]},"properties":{"objectid":6180,"nombre":"P-S I.1 NUEVA VIDA DEL NAPO","departamento":"LORETO","provincia":"MAYNAS","distrito":"NAPO","institucion":"GOBIERNO REGIONAL","codigoMinsa":14370,"direccion":"OTROS COMUNIDAD NATIVA DE LA QUEBRADA DE NUEVA VIDA NÚMERO S/N DISTRITO NAPO PROVINCIA MAYNAS DEPARTAMENTO LORETO","disa":"LORETO","red":"MAYNAS PERIFERIE","microrred":"SANTA CLOTILDE","categoria":"ESTABLECIMIENTO DE SALUD SIN INTERNAMIENTO","condicion":"ACTIVO","actualizado":"2023/08/01 19:00:00.000","fuente":"MINSA","urlRenipr":"http://app20.susalud.gob.pe:8080/registro-renipress-webapp/ipress.htm?action=mostrarVer&idipress=00014370"}},{"type":"Feature","geometry":{"type":"Point","coordinates":[-72.87373019999995,-3.4772562199999584]},"properties":{"objectid":6181,"nombre":"SAN PEDRO DE MANATI","departamento":"LORETO","provincia":"MAYNAS","distrito":"INDIANA","institucion":"GOBIERNO REGIONAL","codigoMinsa":6946,"direccion":"OTROS CASERIO DE SAN PEDRO DE MANATI DISTRITO INDIANA PROVINCIA MAYNAS DEPARTAMENTO LORETO","disa":"LORETO","red":"MAYNAS PERIFERIE","microrred":"MAZAN","categoria":"ESTABLECIMIENTO DE SALUD SIN INTERNAMIENTO","condicion":"ACTIVO","actualizado":"2023/08/01 19:00:00.000","fuente":"MINSA","urlRenipr":"http://app20.susalud.gob.pe:8080/registro-renipress-webapp/ipress.htm?action=mostrarVer&idipress=00006946"}},{"type":"Feature","geometry":{"type":"Point","coordinates":[-75.41731999999996,-4.318559999999934]},"properties":{"objectid":6182,"nombre":"ANGORA","departamento":"LORETO","provincia":"LORETO","distrito":"URARINAS","institucion":"GOBIERNO REGIONAL","codigoMinsa":6924,"direccion":"OTROS ACTUALIZAR ACTUALIZAR URARINAS LORETO LORETO","disa":"LORETO","red":"LORETO","microrred":"MAYPUCO","categoria":"ESTABLECIMIENTO DE SALUD SIN INTERNAMIENTO","condicion":"ACTIVO","actualizado":"2023/08/01 19:00:00.000","fuente":"MINSA","urlRenipr":"http://app20.susalud.gob.pe:8080/registro-renipress-webapp/ipress.htm?action=mostrarVer&idipress=00006924"}},{"type":"Feature","geometry":{"type":"Point","coordinates":[-73.26255129999998,-3.7700695999999425]},"properties":{"objectid":6184,"nombre":"NUEVO PROGRESO","departamento":"LORETO","provincia":"MAYNAS","distrito":"FERNANDO LORES","institucion":"GOBIERNO REGIONAL","codigoMinsa":43,"direccion":"OTROS ACTUALIZAR DISTRITO FERNANDO LORES PROVINCIA MAYNAS DEPARTAMENTO LORETO","disa":"LORETO","red":"MAYNAS PERIFERIE","microrred":"TAMSHIYACU","categoria":"ESTABLECIMIENTO DE SALUD SIN INTERNAMIENTO","condicion":"ACTIVO","actualizado":"2023/08/01 19:00:00.000","fuente":"MINSA","urlRenipr":"http://app20.susalud.gob.pe:8080/registro-renipress-webapp/ipress.htm?action=mostrarVer&idipress=00000043"}},{"type":"Feature","geometry":{"type":"Point","coordinates":[-74.66719609999996,-0.3754475999999727]},"properties":{"objectid":6185,"nombre":"NUEVA ESPERANZA DE TENIENTE MANUEL CLAVERO","departamento":"LORETO","provincia":"PUTUMAYO","distrito":"TENIENTE MANUEL CLAVERO","institucion":"GOBIERNO REGIONAL","codigoMinsa":90,"direccion":"OTROS CASERIO DE NUEVA ESPERANZA DISTRITO TENIENTE MANUEL CLAVERO PROVINCIA PUTUMAYO DEPARTAMENTO LORETO","disa":"LORETO","red":"MAYNAS PERIFERIE","microrred":"PUTUMAYO","categoria":"ESTABLECIMIENTO DE SALUD SIN INTERNAMIENTO","condicion":"ACTIVO","actualizado":"2023/08/01 19:00:00.000","fuente":"MINSA","urlRenipr":"http://app20.susalud.gob.pe:8080/registro-renipress-webapp/ipress.htm?action=mostrarVer&idipress=00000090"}},{"type":"Feature","geometry":{"type":"Point","coordinates":[-75.00459121999995,-1.104489049999927]},"properties":{"objectid":6186,"nombre":"TORRES CAUSANA","departamento":"LORETO","provincia":"MAYNAS","distrito":"TORRES CAUSANA","institucion":"GOBIERNO REGIONAL","codigoMinsa":75,"direccion":"OTROS ACTUALIZAR ACTUALIZAR TORRES CAUSANA MAYNAS LORETO","disa":"LORETO","red":"MAYNAS PERIFERIE","microrred":"SANTA CLOTILDE","categoria":"ESTABLECIMIENTO DE SALUD SIN INTERNAMIENTO","condicion":"ACTIVO","actualizado":"2023/08/01 19:00:00.000","fuente":"MINSA","urlRenipr":"http://app20.susalud.gob.pe:8080/registro-renipress-webapp/ipress.htm?action=mostrarVer&idipress=00000075"}},{"type":"Feature","geometry":{"type":"Point","coordinates":[-72.87507714999998,-5.14818527999995]},"properties":{"objectid":6187,"nombre":"ANGAMOS","departamento":"LORETO","provincia":"REQUENA","distrito":"YAQUERANA","institucion":"GOBIERNO REGIONAL","codigoMinsa":53,"direccion":"OTROS ACTUALIZAR ACTUALIZAR YAQUERANA REQUENA LORETO","disa":"LORETO","red":"MAYNAS PERIFERIE","microrred":"ANGAMOS","categoria":"ESTABLECIMIENTO DE SALUD SIN INTERNAMIENTO","condicion":"ACTIVO","actualizado":"2023/08/01 19:00:00.000","fuente":"MINSA","urlRenipr":"http://app20.susalud.gob.pe:8080/registro-renipress-webapp/ipress.htm?action=mostrarVer&idipress=00000053"}},{"type":"Feature","geometry":{"type":"Point","coordinates":[-73.24459179999997,-3.7349962899999696]},"properties":{"objectid":6196,"nombre":"CONSULTORIO MÉDICO OBSTÉTRICO VIDA Y SALUD","departamento":"LORETO","provincia":"MAYNAS","distrito":"PUNCHANA","institucion":"PRIVADO","codigoMinsa":28515,"direccion":"AVENIDA AUGUSTO FREYRE NÚMERO 1297 DISTRITO PUNCHANA PROVINCIA MAYNAS DEPARTAMENTO LORETO","disa":"LORETO","red":"NO PERTENECE A NINGUNA RED","microrred":"NO PERTENECE A NINGUNA MICRORED","categoria":"ESTABLECIMIENTO DE SALUD SIN INTERNAMIENTO","condicion":"ACTIVO","actualizado":"2023/08/01 19:00:00.000","fuente":"MINSA","urlRenipr":"http://app20.susalud.gob.pe:8080/registro-renipress-webapp/ipress.htm?action=mostrarVer&idipress=00028515"}},{"type":"Feature","geometry":{"type":"Point","coordinates":[-69.95579332999995,-4.22664666999998]},"properties":{"objectid":6245,"nombre":"JEABF-401 SANTA ROSA","departamento":"LORETO","provincia":"MARISCAL RAMON CASTILLA","distrito":"RAMON CASTILLA","institucion":"SANIDAD DE LA MARINA DE GUERRA DEL PERU","codigoMinsa":14033,"direccion":"ORILLAS DEL RIO AMAZONAS","disa":"LORETO","red":"NO PERTENECE A NINGUNA RED","microrred":"NO PERTENECE A NINGUNA MICRORED","categoria":"ESTABLECIMIENTO DE SALUD SIN INTERNAMIENTO","condicion":"ACTIVO","actualizado":"2023/08/01 19:00:00.000","fuente":"MINSA","urlRenipr":"http://app20.susalud.gob.pe:8080/registro-renipress-webapp/ipress.htm?action=mostrarVer&idipress=00014033"}},{"type":"Feature","geometry":{"type":"Point","coordinates":[-73.25055434999996,-3.7509401299999467]},"properties":{"objectid":6265,"nombre":"CENTRO MEDICO \"VITAL CARE\"","departamento":"LORETO","provincia":"MAYNAS","distrito":"IQUITOS","institucion":"PRIVADO","codigoMinsa":29510,"direccion":"CALLE BOLOGNESI NÚMERO 545 DISTRITO IQUITOS PROVINCIA MAYNAS DEPARTAMENTO LORETO","disa":"LORETO","red":"","microrred":"","categoria":"ESTABLECIMIENTO DE SALUD SIN INTERNAMIENTO","condicion":"ACTIVO","actualizado":"2023/08/01 19:00:00.000","fuente":"MINSA","urlRenipr":"http://app20.susalud.gob.pe:8080/registro-renipress-webapp/ipress.htm?action=mostrarVer&idipress=00029510"}},{"type":"Feature","geometry":{"type":"Point","coordinates":[-73.24836039999997,-3.7260517999999365]},"properties":{"objectid":6281,"nombre":"EMASALUD","departamento":"LORETO","provincia":"MAYNAS","distrito":"PUNCHANA","institucion":"PRIVADO","codigoMinsa":30934,"direccion":"CALLE AMAZONAS MANZANA C LOTE 32 DISTRITO PUNCHANA PROVINCIA MAYNAS DEPARTAMENTO LORETO","disa":"LORETO","red":"","microrred":"","categoria":"ESTABLECIMIENTO DE SALUD SIN INTERNAMIENTO","condicion":"ACTIVO","actualizado":"2023/08/01 19:00:00.000","fuente":"MINSA","urlRenipr":"http://app20.susalud.gob.pe:8080/registro-renipress-webapp/ipress.htm?action=mostrarVer&idipress=00030934"}},{"type":"Feature","geometry":{"type":"Point","coordinates":[-77.48417332999998,-4.394019999999955]},"properties":{"objectid":6366,"nombre":"CHAPIS","departamento":"LORETO","provincia":"DATEM DEL MARAÑON","distrito":"MANSERICHE","institucion":"GOBIERNO REGIONAL","codigoMinsa":6731,"direccion":"OTROS COMUNIDAD CHAPIS COMUNIDAD CHAPIS MANSERICHE DATEM DEL MARAÑON LORETO","disa":"LORETO","red":"DATEM DEL MARAÑON","microrred":"MANSERICHE","categoria":"ESTABLECIMIENTO DE SALUD SIN INTERNAMIENTO","condicion":"ACTIVO","actualizado":"2023/08/01 19:00:00.000","fuente":"MINSA","urlRenipr":"http://app20.susalud.gob.pe:8080/registro-renipress-webapp/ipress.htm?action=mostrarVer&idipress=00006731"}},{"type":"Feature","geometry":{"type":"Point","coordinates":[-77.53982166999998,-4.470323329999928]},"properties":{"objectid":6367,"nombre":"BORJA","departamento":"LORETO","provincia":"DATEM DEL MARAÑON","distrito":"MANSERICHE","institucion":"GOBIERNO REGIONAL","codigoMinsa":247,"direccion":"OTROS COMUNIDAD BORJA DISTRITO MANSERICHE PROVINCIA DATEM DEL MARAÑON DEPARTAMENTO LORETO","disa":"LORETO","red":"DATEM DEL MARAÑON","microrred":"MANSERICHE","categoria":"ESTABLECIMIENTO DE SALUD SIN INTERNAMIENTO","condicion":"ACTIVO","actualizado":"2023/08/01 19:00:00.000","fuente":"MINSA","urlRenipr":"http://app20.susalud.gob.pe:8080/registro-renipress-webapp/ipress.htm?action=mostrarVer&idipress=00000247"}},{"type":"Feature","geometry":{"type":"Point","coordinates":[-73.25333919999997,-3.7615692299999637]},"properties":{"objectid":6380,"nombre":"CONSULTORIO MEDICO DR. PINILLOS EIRL.","departamento":"LORETO","provincia":"MAYNAS","distrito":"IQUITOS","institucion":"PRIVADO","codigoMinsa":20458,"direccion":"CALLE CALLE LIBERTAD N° 434 DISTRITO IQUITOS PROVINCIA MAYNAS DEPARTAMENTO LORETO","disa":"","red":"","microrred":"","categoria":"ESTABLECIMIENTO DE SALUD SIN INTERNAMIENTO","condicion":"RETIRO VOLUNTARIO","actualizado":"2023/08/01 19:00:00.000","fuente":"MINSA","urlRenipr":"http://app20.susalud.gob.pe:8080/registro-renipress-webapp/ipress.htm?action=mostrarVer&idipress=00020458"}},{"type":"Feature","geometry":{"type":"Point","coordinates":[-70.51696666999999,-3.9084233299999482]},"properties":{"objectid":6381,"nombre":"CABALLOCOCHA","departamento":"LORETO","provincia":"MARISCAL RAMON CASTILLA","distrito":"RAMON CASTILLA","institucion":"GOBIERNO REGIONAL","codigoMinsa":118,"direccion":"CALLE CALLE PROGRESO 425 CALLE PROGRESO 425 RAMON CASTILLA MARISCAL RAMON CASTILLA LORETO","disa":"LORETO","red":"RAMON CASTILLA","microrred":"CABALLO COCHA","categoria":"ESTABLECIMIENTO DE SALUD CON INTERNAMIENTO","condicion":"ACTIVO","actualizado":"2023/08/01 19:00:00.000","fuente":"MINSA","urlRenipr":"http://app20.susalud.gob.pe:8080/registro-renipress-webapp/ipress.htm?action=mostrarVer&idipress=00000118"}},{"type":"Feature","geometry":{"type":"Point","coordinates":[-73.24748925999995,-3.726757809999981]},"properties":{"objectid":6401,"nombre":"CENTRO MEDICO BIO CENTER MEDIC SAC","departamento":"LORETO","provincia":"MAYNAS","distrito":"PUNCHANA","institucion":"PRIVADO","codigoMinsa":15880,"direccion":"AVENIDA AVENIDA 28 DE JULIO 268 DISTRITO PUNCHANA PROVINCIA MAYNAS DEPARTAMENTO LORETO","disa":"LORETO","red":"NO PERTENECE A NINGUNA RED","microrred":"NO PERTENECE A NINGUNA MICRORED","categoria":"ESTABLECIMIENTO DE SALUD SIN INTERNAMIENTO","condicion":"ACTIVO","actualizado":"2023/08/01 19:00:00.000","fuente":"MINSA","urlRenipr":"http://app20.susalud.gob.pe:8080/registro-renipress-webapp/ipress.htm?action=mostrarVer&idipress=00015880"}},{"type":"Feature","geometry":{"type":"Point","coordinates":[-73.24121963999994,-3.738526629999967]},"properties":{"objectid":6432,"nombre":"CLINICA ADVENTISTA ANA STAHL","departamento":"LORETO","provincia":"MAYNAS","distrito":"IQUITOS","institucion":"PRIVADO","codigoMinsa":12854,"direccion":"AVENIDA AVENIDA LA MARINA N° 285 DISTRITO IQUITOS PROVINCIA MAYNAS DEPARTAMENTO LORETO","disa":"LORETO","red":"NO PERTENECE A NINGUNA RED","microrred":"NO PERTENECE A NINGUNA MICRORED","categoria":"ESTABLECIMIENTO DE SALUD CON INTERNAMIENTO","condicion":"ACTIVO","actualizado":"2023/08/01 19:00:00.000","fuente":"MINSA","urlRenipr":"http://app20.susalud.gob.pe:8080/registro-renipress-webapp/ipress.htm?action=mostrarVer&idipress=00012854"}},{"type":"Feature","geometry":{"type":"Point","coordinates":[-75.36944999999997,-7.847349999999949]},"properties":{"objectid":6734,"nombre":"PUESTO DE SALUD I-1 CHARASMANA","departamento":"LORETO","provincia":"UCAYALI","distrito":"CONTAMANA","institucion":"GOBIERNO REGIONAL","codigoMinsa":169,"direccion":"OTROS ACTUALIZAR ACTUALIZAR CONTAMANA UCAYALI LORETO","disa":"LORETO","red":"UCAYALI","microrred":"CONTAMANA","categoria":"ESTABLECIMIENTO DE SALUD SIN INTERNAMIENTO","condicion":"ACTIVO","actualizado":"2023/08/01 19:00:00.000","fuente":"MINSA","urlRenipr":"http://app20.susalud.gob.pe:8080/registro-renipress-webapp/ipress.htm?action=mostrarVer&idipress=00000169"}},{"type":"Feature","geometry":{"type":"Point","coordinates":[-74.81174534999997,-7.832719199999929]},"properties":{"objectid":6736,"nombre":"PUESTO DE SALUD I-1 ALFONSO UGARTE","departamento":"LORETO","provincia":"UCAYALI","distrito":"PADRE MARQUEZ","institucion":"GOBIERNO REGIONAL","codigoMinsa":175,"direccion":"OTROS ACTUALIZAR DISTRITO PADRE MARQUEZ PROVINCIA UCAYALI DEPARTAMENTO LORETO","disa":"LORETO","red":"UCAYALI","microrred":"PADRE MARQUEZ","categoria":"ESTABLECIMIENTO DE SALUD SIN INTERNAMIENTO","condicion":"ACTIVO","actualizado":"2023/08/01 19:00:00.000","fuente":"MINSA","urlRenipr":"http://app20.susalud.gob.pe:8080/registro-renipress-webapp/ipress.htm?action=mostrarVer&idipress=00000175"}},{"type":"Feature","geometry":{"type":"Point","coordinates":[-75.00736134999994,-7.348018819999936]},"properties":{"objectid":6737,"nombre":"HOSPITAL II-I CONTAMANA","departamento":"LORETO","provincia":"UCAYALI","distrito":"CONTAMANA","institucion":"GOBIERNO REGIONAL","codigoMinsa":162,"direccion":"JIRÓN JR. BUENA VENTURA MARQUEZ N° 504 DISTRITO CONTAMANA PROVINCIA UCAYALI DEPARTAMENTO LORETO","disa":"LORETO","red":"NO PERTENECE A NINGUNA RED","microrred":"NO PERTENECE A NINGUNA MICRORED","categoria":"ESTABLECIMIENTO DE SALUD CON INTERNAMIENTO","condicion":"ACTIVO","actualizado":"2023/08/01 19:00:00.000","fuente":"MINSA","urlRenipr":"http://app20.susalud.gob.pe:8080/registro-renipress-webapp/ipress.htm?action=mostrarVer&idipress=00000162"}},{"type":"Feature","geometry":{"type":"Point","coordinates":[-73.25508243999997,-3.7527715399999693]},"properties":{"objectid":7143,"nombre":"Consultorio Médico Familiar","departamento":"LORETO","provincia":"MAYNAS","distrito":"IQUITOS","institucion":"PRIVADO","codigoMinsa":30738,"direccion":"JIRÓN Rufino Echenique NÚMERO 945 DISTRITO IQUITOS PROVINCIA MAYNAS DEPARTAMENTO LORETO","disa":"LORETO","red":"","microrred":"","categoria":"ESTABLECIMIENTO DE SALUD SIN INTERNAMIENTO","condicion":"ACTIVO","actualizado":"2023/08/01 19:00:00.000","fuente":"MINSA","urlRenipr":"http://app20.susalud.gob.pe:8080/registro-renipress-webapp/ipress.htm?action=mostrarVer&idipress=00030738"}},{"type":"Feature","geometry":{"type":"Point","coordinates":[-73.25576922999994,-3.755320519999941]},"properties":{"objectid":7395,"nombre":"SOLUCIONES ODONTOLOGICAS GENERALES - IMAGENES","departamento":"LORETO","provincia":"MAYNAS","distrito":"IQUITOS","institucion":"PRIVADO","codigoMinsa":11595,"direccion":"OTROS ABTAO N° 944 DISTRITO IQUITOS PROVINCIA MAYNAS DEPARTAMENTO LORETO","disa":"LORETO","red":"NO PERTENECE A NINGUNA RED","microrred":"NO PERTENECE A NINGUNA MICRORED","categoria":"SERVICIO MÉDICO DE APOYO","condicion":"ACTIVO","actualizado":"2023/08/01 19:00:00.000","fuente":"MINSA","urlRenipr":"http://app20.susalud.gob.pe:8080/registro-renipress-webapp/ipress.htm?action=mostrarVer&idipress=00011595"}},{"type":"Feature","geometry":{"type":"Point","coordinates":[-73.24836039999997,-3.7260517999999365]},"properties":{"objectid":7847,"nombre":"AMAZON HOPE II","departamento":"LORETO","provincia":"MAYNAS","distrito":"PUNCHANA","institucion":"PRIVADO","codigoMinsa":25416,"direccion":"OTROS PUERTO DE LA COMUNIDAD DE SANTO TOMAS NÚMERO S/N DISTRITO PUNCHANA PROVINCIA MAYNAS DEPARTAMENTO LORETO","disa":"LORETO","red":"NO PERTENECE A NINGUNA RED","microrred":"NO PERTENECE A NINGUNA MICRORED","categoria":"ESTABLECIMIENTO DE SALUD SIN INTERNAMIENTO","condicion":"ACTIVO","actualizado":"2023/08/01 19:00:00.000","fuente":"MINSA","urlRenipr":"http://app20.susalud.gob.pe:8080/registro-renipress-webapp/ipress.htm?action=mostrarVer&idipress=00025416"}},{"type":"Feature","geometry":{"type":"Point","coordinates":[-75.67552384999993,-5.224459209999964]},"properties":{"objectid":7948,"nombre":"C.S. I-4 LAGUNAS","departamento":"LORETO","provincia":"ALTO AMAZONAS","distrito":"LAGUNAS","institucion":"GOBIERNO REGIONAL","codigoMinsa":193,"direccion":"OTROS LOCALIDAD LAGUNAS LOCALIDAD LAGUNAS LAGUNAS ALTO AMAZONAS LORETO","disa":"LORETO","red":"ALTO AMAZONAS","microrred":"LAGUNAS","categoria":"ESTABLECIMIENTO DE SALUD CON INTERNAMIENTO","condicion":"ACTIVO","actualizado":"2023/08/01 19:00:00.000","fuente":"MINSA","urlRenipr":"http://app20.susalud.gob.pe:8080/registro-renipress-webapp/ipress.htm?action=mostrarVer&idipress=00000193"}},{"type":"Feature","geometry":{"type":"Point","coordinates":[-76.11290479999997,-5.90077169999995]},"properties":{"objectid":7964,"nombre":"LABORATORIO CLINICO DANIEL ALCIDES CARRION","departamento":"LORETO","provincia":"ALTO AMAZONAS","distrito":"YURIMAGUAS","institucion":"PRIVADO","codigoMinsa":30542,"direccion":"CALLE PROGRESO NÚMERO 304A DISTRITO YURIMAGUAS PROVINCIA ALTO AMAZONAS DEPARTAMENTO LORETO","disa":"LORETO","red":"","microrred":"","categoria":"SERVICIO MÉDICO DE APOYO","condicion":"ACTIVO","actualizado":"2023/08/01 19:00:00.000","fuente":"MINSA","urlRenipr":"http://app20.susalud.gob.pe:8080/registro-renipress-webapp/ipress.htm?action=mostrarVer&idipress=00030542"}},{"type":"Feature","geometry":{"type":"Point","coordinates":[-73.25020140999999,-3.7483506399999555]},"properties":{"objectid":7974,"nombre":"CENTRO MEDICO ESPECIALIZADO EN OFTALMOLÓGICA EYES SOLUTÍON","departamento":"LORETO","provincia":"MAYNAS","distrito":"IQUITOS","institucion":"PRIVADO","codigoMinsa":31389,"direccion":"CALLE SARGENTO LORES NÚMERO 765 DISTRITO IQUITOS PROVINCIA MAYNAS DEPARTAMENTO LORETO","disa":"LORETO","red":"","microrred":"","categoria":"ESTABLECIMIENTO DE SALUD SIN INTERNAMIENTO","condicion":"ACTIVO","actualizado":"2023/08/01 19:00:00.000","fuente":"MINSA","urlRenipr":"http://app20.susalud.gob.pe:8080/registro-renipress-webapp/ipress.htm?action=mostrarVer&idipress=00031389"}},{"type":"Feature","geometry":{"type":"Point","coordinates":[-73.25184716999996,-3.7540778099999557]},"properties":{"objectid":7981,"nombre":"Consultorio Odontológico Dental Bernaola","departamento":"LORETO","provincia":"MAYNAS","distrito":"IQUITOS","institucion":"PRIVADO","codigoMinsa":26390,"direccion":"CALLE Bermúdez N?ERO 667 DISTRITO IQUITOS PROVINCIA MAYNAS DEPARTAMENTO LORETO","disa":"LORETO","red":"NO PERTENECE A NINGUNA RED","microrred":"NO PERTENECE A NINGUNA MICRORED","categoria":"ESTABLECIMIENTO DE SALUD SIN INTERNAMIENTO","condicion":"ACTIVO","actualizado":"2023/08/01 19:00:00.000","fuente":"MINSA","urlRenipr":"http://app20.susalud.gob.pe:8080/registro-renipress-webapp/ipress.htm?action=mostrarVer&idipress=00026390"}},{"type":"Feature","geometry":{"type":"Point","coordinates":[-73.26603849999998,-3.7739832999999408]},"properties":{"objectid":8080,"nombre":"CENTRO DE SALUD QUALITY SERV.","departamento":"LORETO","provincia":"MAYNAS","distrito":"SAN JUAN BAUTISTA","institucion":"PRIVADO","codigoMinsa":25700,"direccion":"CALLE cedros NÚMERO 58 DISTRITO SAN JUAN BAUTISTA PROVINCIA MAYNAS DEPARTAMENTO LORETO","disa":"LORETO","red":"NO PERTENECE A NINGUNA RED","microrred":"NO PERTENECE A NINGUNA MICRORED","categoria":"ESTABLECIMIENTO DE SALUD SIN INTERNAMIENTO","condicion":"ACTIVO","actualizado":"2023/08/01 19:00:00.000","fuente":"MINSA","urlRenipr":"http://app20.susalud.gob.pe:8080/registro-renipress-webapp/ipress.htm?action=mostrarVer&idipress=00025700"}},{"type":"Feature","geometry":{"type":"Point","coordinates":[-73.25017909999997,-3.758610699999963]},"properties":{"objectid":8083,"nombre":"BOTICA DEL AHORRO","departamento":"LORETO","provincia":"MAYNAS","distrito":"IQUITOS","institucion":"PRIVADO","codigoMinsa":25814,"direccion":"AVENIDA ELIAS AGUIRRE 1250 NÚMERO 1250 DISTRITO IQUITOS PROVINCIA MAYNAS DEPARTAMENTO LORETO","disa":"LORETO","red":"NO PERTENECE A NINGUNA RED","microrred":"NO PERTENECE A NINGUNA MICRORED","categoria":"ESTABLECIMIENTO DE SALUD SIN INTERNAMIENTO","condicion":"ACTIVO","actualizado":"2023/08/01 19:00:00.000","fuente":"MINSA","urlRenipr":"http://app20.susalud.gob.pe:8080/registro-renipress-webapp/ipress.htm?action=mostrarVer&idipress=00025814"}},{"type":"Feature","geometry":{"type":"Point","coordinates":[-76.56082332999995,-4.828371669999967]},"properties":{"objectid":8107,"nombre":"P.S. I-2 CHUINTAR","departamento":"LORETO","provincia":"DATEM DEL MARAÑON","distrito":"PASTAZA","institucion":"GOBIERNO REGIONAL","codigoMinsa":262,"direccion":"OTROS COMUNIDAD CHUINTAR DISTRITO PASTAZA PROVINCIA DATEM DEL MARAÑON DEPARTAMENTO LORETO","disa":"LORETO","red":"DATEM DEL MARAÑON","microrred":"PASTAZA","categoria":"ESTABLECIMIENTO DE SALUD SIN INTERNAMIENTO","condicion":"ACTIVO","actualizado":"2023/08/01 19:00:00.000","fuente":"MINSA","urlRenipr":"http://app20.susalud.gob.pe:8080/registro-renipress-webapp/ipress.htm?action=mostrarVer&idipress=00000262"}},{"type":"Feature","geometry":{"type":"Point","coordinates":[-76.65937058999998,-5.715239519999955]},"properties":{"objectid":8108,"nombre":"P.S. I-1 SAN ANTONIO DE YANAYACU","departamento":"LORETO","provincia":"ALTO AMAZONAS","distrito":"BALSAPUERTO","institucion":"GOBIERNO REGIONAL","codigoMinsa":11687,"direccion":"OTROS COMUNIDAD DEL RIO YANAYACU DISTRITO BALSAPUERTO PROVINCIA ALTO AMAZONAS DEPARTAMENTO LORETO","disa":"LORETO","red":"ALTO AMAZONAS","microrred":"BALSAPUERTO","categoria":"ESTABLECIMIENTO DE SALUD SIN INTERNAMIENTO","condicion":"ACTIVO","actualizado":"2023/08/01 19:00:00.000","fuente":"MINSA","urlRenipr":"http://app20.susalud.gob.pe:8080/registro-renipress-webapp/ipress.htm?action=mostrarVer&idipress=00011687"}},{"type":"Feature","geometry":{"type":"Point","coordinates":[-76.79266166999997,-5.358284999999967]},"properties":{"objectid":8110,"nombre":"SAN MIGUEL","departamento":"LORETO","provincia":"DATEM DEL MARAÑON","distrito":"CAHUAPANAS","institucion":"GOBIERNO REGIONAL","codigoMinsa":242,"direccion":"OTROS COMUNIDAD SAN MIGUEL DISTRITO CAHUAPANAS PROVINCIA DATEM DEL MARAÑON DEPARTAMENTO LORETO","disa":"LORETO","red":"DATEM DEL MARAÑON","microrred":"CAHUAPANAS","categoria":"ESTABLECIMIENTO DE SALUD SIN INTERNAMIENTO","condicion":"ACTIVO","actualizado":"2023/08/01 19:00:00.000","fuente":"MINSA","urlRenipr":"http://app20.susalud.gob.pe:8080/registro-renipress-webapp/ipress.htm?action=mostrarVer&idipress=00000242"}},{"type":"Feature","geometry":{"type":"Point","coordinates":[-76.19752044999996,-6.06082798999995]},"properties":{"objectid":8111,"nombre":"P.S. I-1 INDEPENDENCIA DEL SHANUSI","departamento":"LORETO","provincia":"ALTO AMAZONAS","distrito":"YURIMAGUAS","institucion":"GOBIERNO REGIONAL","codigoMinsa":17570,"direccion":"OTROS COMUNIDAD DE INDEPENDENCIA DEL SHANUSI DISTRITO YURIMAGUAS PROVINCIA ALTO AMAZONAS DEPARTAMENTO LORETO","disa":"LORETO","red":"ALTO AMAZONAS","microrred":"YURIMAGUAS","categoria":"ESTABLECIMIENTO DE SALUD SIN INTERNAMIENTO","condicion":"ACTIVO","actualizado":"2023/08/01 19:00:00.000","fuente":"MINSA","urlRenipr":"http://app20.susalud.gob.pe:8080/registro-renipress-webapp/ipress.htm?action=mostrarVer&idipress=00017570"}},{"type":"Feature","geometry":{"type":"Point","coordinates":[-76.57134067999993,-5.822190399999954]},"properties":{"objectid":8113,"nombre":"P.S. I-1 PUERTO PORVENIR","departamento":"LORETO","provincia":"ALTO AMAZONAS","distrito":"BALSAPUERTO","institucion":"GOBIERNO REGIONAL","codigoMinsa":11689,"direccion":"OTROS MARGEN IXQUIERDA DE LA QUEBRADA DE ARMANAYACU DISTRITO BALSAPUERTO PROVINCIA ALTO AMAZONAS DEPARTAMENTO LORETO","disa":"LORETO","red":"ALTO AMAZONAS","microrred":"YURIMAGUAS","categoria":"ESTABLECIMIENTO DE SALUD SIN INTERNAMIENTO","condicion":"ACTIVO","actualizado":"2023/08/01 19:00:00.000","fuente":"MINSA","urlRenipr":"http://app20.susalud.gob.pe:8080/registro-renipress-webapp/ipress.htm?action=mostrarVer&idipress=00011689"}},{"type":"Feature","geometry":{"type":"Point","coordinates":[-76.48004256999997,-5.749694229999932]},"properties":{"objectid":8114,"nombre":"P.S. I-1 NUEVA ESPERANZA DE BALSAPUERTO","departamento":"LORETO","provincia":"ALTO AMAZONAS","distrito":"BALSAPUERTO","institucion":"GOBIERNO REGIONAL","codigoMinsa":9723,"direccion":"OTROS CASERIO NUEVA ESPERANZA DISTRITO BALSAPUERTO PROVINCIA ALTO AMAZONAS DEPARTAMENTO LORETO","disa":"LORETO","red":"ALTO AMAZONAS","microrred":"BALSAPUERTO","categoria":"ESTABLECIMIENTO DE SALUD SIN INTERNAMIENTO","condicion":"ACTIVO","actualizado":"2023/08/01 19:00:00.000","fuente":"MINSA","urlRenipr":"http://app20.susalud.gob.pe:8080/registro-renipress-webapp/ipress.htm?action=mostrarVer&idipress=00009723"}},{"type":"Feature","geometry":{"type":"Point","coordinates":[-76.98625166999994,-5.287201669999945]},"properties":{"objectid":8115,"nombre":"KAUPAN","departamento":"LORETO","provincia":"DATEM DEL MARAÑON","distrito":"CAHUAPANAS","institucion":"GOBIERNO REGIONAL","codigoMinsa":244,"direccion":"OTROS COMUNIDAD KAUPAN DISTRITO CAHUAPANAS PROVINCIA DATEM DEL MARAÑON DEPARTAMENTO LORETO","disa":"LORETO","red":"DATEM DEL MARAÑON","microrred":"CAHUAPANAS","categoria":"ESTABLECIMIENTO DE SALUD SIN INTERNAMIENTO","condicion":"ACTIVO","actualizado":"2023/08/01 19:00:00.000","fuente":"MINSA","urlRenipr":"http://app20.susalud.gob.pe:8080/registro-renipress-webapp/ipress.htm?action=mostrarVer&idipress=00000244"}},{"type":"Feature","geometry":{"type":"Point","coordinates":[-73.25105542999995,-3.728691519999927]},"properties":{"objectid":8189,"nombre":"CENTRO DE SALUD CUALITY SERVICE","departamento":"LORETO","provincia":"MAYNAS","distrito":"PUNCHANA","institucion":"PRIVADO","codigoMinsa":26281,"direccion":"CALLE PANAMA NÚMERO 582 PISO 2 DISTRITO PUNCHANA PROVINCIA MAYNAS DEPARTAMENTO LORETO","disa":"LORETO","red":"NO PERTENECE A NINGUNA RED","microrred":"NO PERTENECE A NINGUNA MICRORED","categoria":"ESTABLECIMIENTO DE SALUD SIN INTERNAMIENTO","condicion":"ACTIVO","actualizado":"2023/08/01 19:00:00.000","fuente":"MINSA","urlRenipr":"http://app20.susalud.gob.pe:8080/registro-renipress-webapp/ipress.htm?action=mostrarVer&idipress=00026281"}},{"type":"Feature","geometry":{"type":"Point","coordinates":[-73.45900999999998,-4.429839999999956]},"properties":{"objectid":8253,"nombre":"GRAU","departamento":"LORETO","provincia":"LORETO","distrito":"NAUTA","institucion":"GOBIERNO REGIONAL","codigoMinsa":96,"direccion":"OTROS ACTUALIZAR ACTUALIZAR NAUTA LORETO LORETO","disa":"LORETO","red":"LORETO","microrred":"NAUTA","categoria":"ESTABLECIMIENTO DE SALUD SIN INTERNAMIENTO","condicion":"ACTIVO","actualizado":"2023/08/01 19:00:00.000","fuente":"MINSA","urlRenipr":"http://app20.susalud.gob.pe:8080/registro-renipress-webapp/ipress.htm?action=mostrarVer&idipress=00000096"}},{"type":"Feature","geometry":{"type":"Point","coordinates":[-74.66719609999996,-0.3754475999999727]},"properties":{"objectid":8254,"nombre":"LA FLORIDA","departamento":"LORETO","provincia":"PUTUMAYO","distrito":"PUTUMAYO","institucion":"GOBIERNO REGIONAL","codigoMinsa":82,"direccion":"OTROS CASERIO DE FLORIDA DISTRITO PUTUMAYO PROVINCIA PUTUMAYO DEPARTAMENTO LORETO","disa":"LORETO","red":"MAYNAS PERIFERIE","microrred":"PUTUMAYO","categoria":"ESTABLECIMIENTO DE SALUD SIN INTERNAMIENTO","condicion":"ACTIVO","actualizado":"2023/08/01 19:00:00.000","fuente":"MINSA","urlRenipr":"http://app20.susalud.gob.pe:8080/registro-renipress-webapp/ipress.htm?action=mostrarVer&idipress=00000082"}},{"type":"Feature","geometry":{"type":"Point","coordinates":[-73.20320799999996,-4.21040499999998]},"properties":{"objectid":8255,"nombre":"ESPERANZA TAHUAYO","departamento":"LORETO","provincia":"MAYNAS","distrito":"FERNANDO LORES","institucion":"GOBIERNO REGIONAL","codigoMinsa":41,"direccion":"ACTUALIZAR","disa":"LORETO","red":"MAYNAS PERIFERIE","microrred":"TAMSHIYACU","categoria":"ESTABLECIMIENTO DE SALUD SIN INTERNAMIENTO","condicion":"ACTIVO","actualizado":"2023/08/01 19:00:00.000","fuente":"MINSA","urlRenipr":"http://app20.susalud.gob.pe:8080/registro-renipress-webapp/ipress.htm?action=mostrarVer&idipress=00000041"}},{"type":"Feature","geometry":{"type":"Point","coordinates":[-73.77877597999998,-3.7051236999999446]},"properties":{"objectid":8256,"nombre":"SAN ANTONIO DE PINTUYACU","departamento":"LORETO","provincia":"MAYNAS","distrito":"ALTO NANAY","institucion":"GOBIERNO REGIONAL","codigoMinsa":273,"direccion":"OTROS CASERIO DE SAN ANTONIO DE PINTUYACU DISTRITO ALTO NANAY PROVINCIA MAYNAS DEPARTAMENTO LORETO","disa":"LORETO","red":"MAYNAS CIUDAD","microrred":"IQUITOS NORTE","categoria":"ESTABLECIMIENTO DE SALUD SIN INTERNAMIENTO","condicion":"ACTIVO","actualizado":"2023/08/01 19:00:00.000","fuente":"MINSA","urlRenipr":"http://app20.susalud.gob.pe:8080/registro-renipress-webapp/ipress.htm?action=mostrarVer&idipress=00000273"}},{"type":"Feature","geometry":{"type":"Point","coordinates":[-73.24427044999999,-3.770052699999951]},"properties":{"objectid":8257,"nombre":"AISPED YAVARI","departamento":"LORETO","provincia":"MAYNAS","distrito":"BELEN","institucion":"GOBIERNO REGIONAL","codigoMinsa":25411,"direccion":"AVENIDA JOSE ABELARDO QUIÑONES SN BELEN MAYNAS LORETO","disa":"","red":"","microrred":"","categoria":"OFERTA FLEXIBLE","condicion":"RETIRO VOLUNTARIO","actualizado":"2023/08/01 19:00:00.000","fuente":"MINSA","urlRenipr":"http://app20.susalud.gob.pe:8080/registro-renipress-webapp/ipress.htm?action=mostrarVer&idipress=00025411"}},{"type":"Feature","geometry":{"type":"Point","coordinates":[-73.16177999999996,-3.7733199999999556]},"properties":{"objectid":8258,"nombre":"SAN ANTONIO - RIO ITAYA","departamento":"LORETO","provincia":"MAYNAS","distrito":"BELEN","institucion":"GOBIERNO REGIONAL","codigoMinsa":49,"direccion":"OTROS CASERIO SAN ANTONIO - RIO ITAYA DISTRITO BELEN PROVINCIA MAYNAS DEPARTAMENTO LORETO","disa":"LORETO","red":"MAYNAS CIUDAD","microrred":"BELEN","categoria":"ESTABLECIMIENTO DE SALUD SIN INTERNAMIENTO","condicion":"ACTIVO","actualizado":"2023/08/01 19:00:00.000","fuente":"MINSA","urlRenipr":"http://app20.susalud.gob.pe:8080/registro-renipress-webapp/ipress.htm?action=mostrarVer&idipress=00000049"}},{"type":"Feature","geometry":{"type":"Point","coordinates":[-74.34552946999997,-5.256074969999929]},"properties":{"objectid":8259,"nombre":"CENTRO DE SALUD I-3 BRETAÑA","departamento":"LORETO","provincia":"REQUENA","distrito":"PUINAHUA","institucion":"GOBIERNO REGIONAL","codigoMinsa":146,"direccion":"OTROS CASERIO DE BRETAÑA CASERIO DE BRETAÑA PUINAHUA REQUENA LORETO","disa":"LORETO","red":"REQUENA","microrred":"BRETAÑA","categoria":"ESTABLECIMIENTO DE SALUD SIN INTERNAMIENTO","condicion":"ACTIVO","actualizado":"2023/08/01 19:00:00.000","fuente":"MINSA","urlRenipr":"http://app20.susalud.gob.pe:8080/registro-renipress-webapp/ipress.htm?action=mostrarVer&idipress=00000146"}},{"type":"Feature","geometry":{"type":"Point","coordinates":[-74.31077990999995,-0.9001376999999593]},"properties":{"objectid":8261,"nombre":"ANGUSILLA","departamento":"LORETO","provincia":"PUTUMAYO","distrito":"TENIENTE MANUEL CLAVERO","institucion":"GOBIERNO REGIONAL","codigoMinsa":287,"direccion":"OTROS CASERIO DE ANGUSILLA CASERIO DE ANGUSILLA TENIENTE MANUEL CLAVERO PUTUMAYO LORETO","disa":"LORETO","red":"MAYNAS PERIFERIE","microrred":"PUTUMAYO","categoria":"ESTABLECIMIENTO DE SALUD SIN INTERNAMIENTO","condicion":"ACTIVO","actualizado":"2023/08/01 19:00:00.000","fuente":"MINSA","urlRenipr":"http://app20.susalud.gob.pe:8080/registro-renipress-webapp/ipress.htm?action=mostrarVer&idipress=00000287"}},{"type":"Feature","geometry":{"type":"Point","coordinates":[-74.54530637999994,-4.503499949999934]},"properties":{"objectid":8262,"nombre":"SANTA ROSA DE LAGARTO","departamento":"LORETO","provincia":"LORETO","distrito":"PARINARI","institucion":"GOBIERNO REGIONAL","codigoMinsa":100,"direccion":"OTROS ACTUALIZAR DISTRITO PARINARI PROVINCIA LORETO DEPARTAMENTO LORETO","disa":"LORETO","red":"LORETO","microrred":"NAUTA","categoria":"ESTABLECIMIENTO DE SALUD SIN INTERNAMIENTO","condicion":"ACTIVO","actualizado":"2023/08/01 19:00:00.000","fuente":"MINSA","urlRenipr":"http://app20.susalud.gob.pe:8080/registro-renipress-webapp/ipress.htm?action=mostrarVer&idipress=00000100"}},{"type":"Feature","geometry":{"type":"Point","coordinates":[-74.40051199999994,-6.763286999999934]},"properties":{"objectid":8264,"nombre":"SAN ANTONIO DE FORTALEZA","departamento":"LORETO","provincia":"REQUENA","distrito":"ALTO TAPICHE","institucion":"GOBIERNO REGIONAL","codigoMinsa":131,"direccion":"ACTUALIZAR","disa":"LORETO","red":"REQUENA","microrred":"REQUENA","categoria":"ESTABLECIMIENTO DE SALUD SIN INTERNAMIENTO","condicion":"ACTIVO","actualizado":"2023/08/01 19:00:00.000","fuente":"MINSA","urlRenipr":"http://app20.susalud.gob.pe:8080/registro-renipress-webapp/ipress.htm?action=mostrarVer&idipress=00000131"}},{"type":"Feature","geometry":{"type":"Point","coordinates":[-73.54347530999996,-2.8039680099999487]},"properties":{"objectid":8267,"nombre":"SAN LUIS DE TACSHA CURARAY","departamento":"LORETO","provincia":"MAYNAS","distrito":"NAPO","institucion":"GOBIERNO REGIONAL","codigoMinsa":283,"direccion":"OTROS ACTUALIZAR DISTRITO NAPO PROVINCIA MAYNAS DEPARTAMENTO LORETO","disa":"LORETO","red":"MAYNAS PERIFERIE","microrred":"SANTA CLOTILDE","categoria":"ESTABLECIMIENTO DE SALUD SIN INTERNAMIENTO","condicion":"ACTIVO","actualizado":"2023/08/01 19:00:00.000","fuente":"MINSA","urlRenipr":"http://app20.susalud.gob.pe:8080/registro-renipress-webapp/ipress.htm?action=mostrarVer&idipress=00000283"}},{"type":"Feature","geometry":{"type":"Point","coordinates":[-73.18490473999998,-3.2460908299999574]},"properties":{"objectid":8268,"nombre":"SAN FRANCISCO DE BUEN PASO","departamento":"LORETO","provincia":"MAYNAS","distrito":"MAZAN","institucion":"GOBIERNO REGIONAL","codigoMinsa":281,"direccion":"OTROS CASERIO DE SAN FRANCISCO DE BUEN PASO DISTRITO MAZAN PROVINCIA MAYNAS DEPARTAMENTO LORETO","disa":"LORETO","red":"MAYNAS PERIFERIE","microrred":"MAZAN","categoria":"ESTABLECIMIENTO DE SALUD SIN INTERNAMIENTO","condicion":"ACTIVO","actualizado":"2023/08/01 19:00:00.000","fuente":"MINSA","urlRenipr":"http://app20.susalud.gob.pe:8080/registro-renipress-webapp/ipress.htm?action=mostrarVer&idipress=00000281"}},{"type":"Feature","geometry":{"type":"Point","coordinates":[-73.21798480999996,-3.3185726999999474]},"properties":{"objectid":8269,"nombre":"HUAMAN URCO","departamento":"LORETO","provincia":"MAYNAS","distrito":"MAZAN","institucion":"GOBIERNO REGIONAL","codigoMinsa":279,"direccion":"OTROS CASERIO HUAMAN URCO DISTRITO MAZAN PROVINCIA MAYNAS DEPARTAMENTO LORETO","disa":"LORETO","red":"MAYNAS PERIFERIE","microrred":"MAZAN","categoria":"ESTABLECIMIENTO DE SALUD SIN INTERNAMIENTO","condicion":"ACTIVO","actualizado":"2023/08/01 19:00:00.000","fuente":"MINSA","urlRenipr":"http://app20.susalud.gob.pe:8080/registro-renipress-webapp/ipress.htm?action=mostrarVer&idipress=00000279"}},{"type":"Feature","geometry":{"type":"Point","coordinates":[-71.95901699999996,-4.333043999999973]},"properties":{"objectid":8270,"nombre":"NUEVA ESPERANZA DEL YAVARI","departamento":"LORETO","provincia":"MARISCAL RAMON CASTILLA","distrito":"YAVARI","institucion":"GOBIERNO REGIONAL","codigoMinsa":128,"direccion":"ACTUALIZAR","disa":"LORETO","red":"RAMON CASTILLA","microrred":"ISLANDIA","categoria":"ESTABLECIMIENTO DE SALUD SIN INTERNAMIENTO","condicion":"ACTIVO","actualizado":"2023/08/01 19:00:00.000","fuente":"MINSA","urlRenipr":"http://app20.susalud.gob.pe:8080/registro-renipress-webapp/ipress.htm?action=mostrarVer&idipress=00000128"}},{"type":"Feature","geometry":{"type":"Point","coordinates":[-70.04295177999995,-4.35246202999997]},"properties":{"objectid":8271,"nombre":"ISLANDIA DEL YAVARI","departamento":"LORETO","provincia":"MARISCAL RAMON CASTILLA","distrito":"YAVARI","institucion":"GOBIERNO REGIONAL","codigoMinsa":125,"direccion":"OTROS ACTUALIZAR ACTUALIZAR YAVARI MARISCAL RAMON CASTILLA LORETO","disa":"LORETO","red":"RAMON CASTILLA","microrred":"ISLANDIA","categoria":"ESTABLECIMIENTO DE SALUD SIN INTERNAMIENTO","condicion":"ACTIVO","actualizado":"2023/08/01 19:00:00.000","fuente":"MINSA","urlRenipr":"http://app20.susalud.gob.pe:8080/registro-renipress-webapp/ipress.htm?action=mostrarVer&idipress=00000125"}},{"type":"Feature","geometry":{"type":"Point","coordinates":[-75.79718999999994,-3.0119999999999436]},"properties":{"objectid":8272,"nombre":"P.S I-2 PAMPA HERMOSA DE TROMPETEROS","departamento":"LORETO","provincia":"LORETO","distrito":"TROMPETEROS","institucion":"GOBIERNO REGIONAL","codigoMinsa":106,"direccion":"OTROS ACTUALIZAR ACTUALIZAR TROMPETEROS LORETO LORETO","disa":"LORETO","red":"LORETO","microrred":"VILLA TROMPETERO","categoria":"ESTABLECIMIENTO DE SALUD SIN INTERNAMIENTO","condicion":"ACTIVO","actualizado":"2023/08/01 19:00:00.000","fuente":"MINSA","urlRenipr":"http://app20.susalud.gob.pe:8080/registro-renipress-webapp/ipress.htm?action=mostrarVer&idipress=00000106"}},{"type":"Feature","geometry":{"type":"Point","coordinates":[-74.78329199999996,-3.490009999999927]},"properties":{"objectid":8273,"nombre":"INTUTO","departamento":"LORETO","provincia":"LORETO","distrito":"TIGRE","institucion":"GOBIERNO REGIONAL","codigoMinsa":101,"direccion":"OTROS 28 DE JULIO S/N TIGRE LORETO LORETO","disa":"LORETO","red":"LORETO","microrred":"INTUTO","categoria":"ESTABLECIMIENTO DE SALUD SIN INTERNAMIENTO","condicion":"ACTIVO","actualizado":"2023/08/01 19:00:00.000","fuente":"MINSA","urlRenipr":"http://app20.susalud.gob.pe:8080/registro-renipress-webapp/ipress.htm?action=mostrarVer&idipress=00000101"}},{"type":"Feature","geometry":{"type":"Point","coordinates":[-74.01374999999996,-4.557429999999954]},"properties":{"objectid":8274,"nombre":"PALIZADA","departamento":"LORETO","provincia":"LORETO","distrito":"NAUTA","institucion":"GOBIERNO REGIONAL","codigoMinsa":94,"direccion":"OTROS ACTUALIZAR ACTUALIZAR NAUTA LORETO LORETO","disa":"LORETO","red":"LORETO","microrred":"NAUTA","categoria":"ESTABLECIMIENTO DE SALUD SIN INTERNAMIENTO","condicion":"ACTIVO","actualizado":"2023/08/01 19:00:00.000","fuente":"MINSA","urlRenipr":"http://app20.susalud.gob.pe:8080/registro-renipress-webapp/ipress.htm?action=mostrarVer&idipress=00000094"}},{"type":"Feature","geometry":{"type":"Point","coordinates":[-75.15303123999996,-7.082012499999962]},"properties":{"objectid":8858,"nombre":"PUESTO DE SALUD ALTO PERILLO I-1","departamento":"LORETO","provincia":"UCAYALI","distrito":"PAMPA HERMOSA","institucion":"GOBIERNO REGIONAL","codigoMinsa":298,"direccion":"OTROS ACTUALIZAR DISTRITO PAMPA HERMOSA PROVINCIA UCAYALI DEPARTAMENTO LORETO","disa":"LORETO","red":"UCAYALI","microrred":"CONTAMANA","categoria":"ESTABLECIMIENTO DE SALUD SIN INTERNAMIENTO","condicion":"ACTIVO","actualizado":"2023/08/01 19:00:00.000","fuente":"MINSA","urlRenipr":"http://app20.susalud.gob.pe:8080/registro-renipress-webapp/ipress.htm?action=mostrarVer&idipress=00000298"}},{"type":"Feature","geometry":{"type":"Point","coordinates":[-75.48204999999996,-7.8717699999999695]},"properties":{"objectid":8859,"nombre":"PUESTO DE SALUD I-1 NUEVO EDEN","departamento":"LORETO","provincia":"UCAYALI","distrito":"CONTAMANA","institucion":"GOBIERNO REGIONAL","codigoMinsa":168,"direccion":"OTROS ACTUALIZAR DISTRITO CONTAMANA PROVINCIA UCAYALI DEPARTAMENTO LORETO","disa":"LORETO","red":"UCAYALI","microrred":"CONTAMANA","categoria":"ESTABLECIMIENTO DE SALUD SIN INTERNAMIENTO","condicion":"ACTIVO","actualizado":"2023/08/01 19:00:00.000","fuente":"MINSA","urlRenipr":"http://app20.susalud.gob.pe:8080/registro-renipress-webapp/ipress.htm?action=mostrarVer&idipress=00000168"}},{"type":"Feature","geometry":{"type":"Point","coordinates":[-73.24461999999994,-3.7645599999999604]},"properties":{"objectid":9250,"nombre":"ACLAS BELEN DE VILLA BELEN","departamento":"LORETO","provincia":"MAYNAS","distrito":"BELEN","institucion":"GOBIERNO REGIONAL","codigoMinsa":275,"direccion":"OTROS BLASCO NUÑEZ Nº27 DISTRITO BELEN PROVINCIA MAYNAS DEPARTAMENTO LORETO","disa":"LORETO","red":"MAYNAS CIUDAD","microrred":"BELEN","categoria":"ESTABLECIMIENTO DE SALUD SIN INTERNAMIENTO","condicion":"ACTIVO","actualizado":"2023/08/01 19:00:00.000","fuente":"MINSA","urlRenipr":"http://app20.susalud.gob.pe:8080/registro-renipress-webapp/ipress.htm?action=mostrarVer&idipress=00000275"}},{"type":"Feature","geometry":{"type":"Point","coordinates":[-73.25365299999999,-3.7628179999999247]},"properties":{"objectid":9812,"nombre":"HOSPITAL IQUITOS \"CESAR GARAYAR GARCIA\"","departamento":"LORETO","provincia":"MAYNAS","distrito":"IQUITOS","institucion":"GOBIERNO REGIONAL","codigoMinsa":1,"direccion":"CALLE CORNEJO PORTUGAL 1710 IQUITOS MAYNAS LORETO","disa":"LORETO","red":"NO PERTENECE A NINGUNA RED","microrred":"NO PERTENECE A NINGUNA MICRORED","categoria":"ESTABLECIMIENTO DE SALUD CON INTERNAMIENTO","condicion":"ACTIVO","actualizado":"2023/08/01 19:00:00.000","fuente":"MINSA","urlRenipr":"http://app20.susalud.gob.pe:8080/registro-renipress-webapp/ipress.htm?action=mostrarVer&idipress=00000001"}},{"type":"Feature","geometry":{"type":"Point","coordinates":[-73.26229599999994,-3.753020999999933]},"properties":{"objectid":9878,"nombre":"CLÍNICA ROCHADENT E.I.R.L","departamento":"LORETO","provincia":"MAYNAS","distrito":"IQUITOS","institucion":"PRIVADO","codigoMinsa":26302,"direccion":"AVENIDA DEL EJERCITO N?ERO 1637 DISTRITO IQUITOS PROVINCIA MAYNAS DEPARTAMENTO LORETO","disa":"","red":"","microrred":"","categoria":"ESTABLECIMIENTO DE SALUD SIN INTERNAMIENTO","condicion":"RUC INACTIVO EN SUNAT","actualizado":"2023/08/01 19:00:00.000","fuente":"MINSA","urlRenipr":"http://app20.susalud.gob.pe:8080/registro-renipress-webapp/ipress.htm?action=mostrarVer&idipress=00026302"}},{"type":"Feature","geometry":{"type":"Point","coordinates":[-73.24836039999997,-3.7260517999999365]},"properties":{"objectid":10046,"nombre":"CONSULTORIO PEDIATRICO WAWITOS EIRL","departamento":"LORETO","provincia":"MAYNAS","distrito":"PUNCHANA","institucion":"PRIVADO","codigoMinsa":27721,"direccion":"CALLE piura NÚMERO 336 DISTRITO PUNCHANA PROVINCIA MAYNAS DEPARTAMENTO LORETO","disa":"LORETO","red":"NO PERTENECE A NINGUNA RED","microrred":"NO PERTENECE A NINGUNA MICRORED","categoria":"ESTABLECIMIENTO DE SALUD SIN INTERNAMIENTO","condicion":"ACTIVO","actualizado":"2023/08/01 19:00:00.000","fuente":"MINSA","urlRenipr":"http://app20.susalud.gob.pe:8080/registro-renipress-webapp/ipress.htm?action=mostrarVer&idipress=00027721"}},{"type":"Feature","geometry":{"type":"Point","coordinates":[-76.64267905999998,-4.34998939999997]},"properties":{"objectid":10076,"nombre":"PUESTO DE SALUD I-1 PUERTO PIRUMBA","departamento":"LORETO","provincia":"DATEM DEL MARAÑON","distrito":"PASTAZA","institucion":"GOBIERNO REGIONAL","codigoMinsa":29012,"direccion":"OTROS COMUNIDAD NATIVA PUERTO PIRUMBA NÚMERO S/N DISTRITO PASTAZA PROVINCIA DATEM DEL MARAÑON DEPARTAMENTO LORETO","disa":"LORETO","red":"DATEM DEL MARAÑON","microrred":"PASTAZA","categoria":"ESTABLECIMIENTO DE SALUD SIN INTERNAMIENTO","condicion":"ACTIVO","actualizado":"2023/08/01 19:00:00.000","fuente":"MINSA","urlRenipr":"http://app20.susalud.gob.pe:8080/registro-renipress-webapp/ipress.htm?action=mostrarVer&idipress=00029012"}},{"type":"Feature","geometry":{"type":"Point","coordinates":[-76.56119832999997,-4.827331669999978]},"properties":{"objectid":10077,"nombre":"C.S. I-4 SAN LORENZO","departamento":"LORETO","provincia":"DATEM DEL MARAÑON","distrito":"BARRANCA","institucion":"GOBIERNO REGIONAL","codigoMinsa":235,"direccion":"OTROS BARRIO HUACACHINA - SAN LORENZO DISTRITO BARRANCA PROVINCIA DATEM DEL MARAÑON DEPARTAMENTO LORETO","disa":"LORETO","red":"DATEM DEL MARAÑON","microrred":"BARRANCA","categoria":"ESTABLECIMIENTO DE SALUD CON INTERNAMIENTO","condicion":"ACTIVO","actualizado":"2023/08/01 19:00:00.000","fuente":"MINSA","urlRenipr":"http://app20.susalud.gob.pe:8080/registro-renipress-webapp/ipress.htm?action=mostrarVer&idipress=00000235"}},{"type":"Feature","geometry":{"type":"Point","coordinates":[-75.65572059999994,-5.236893099999975]},"properties":{"objectid":10080,"nombre":"P.S. I -1 NUEVA UNION DE LAGUNAS","departamento":"LORETO","provincia":"ALTO AMAZONAS","distrito":"LAGUNAS","institucion":"GOBIERNO REGIONAL","codigoMinsa":25346,"direccion":"OTROS COMUNIDAD DE NUEVA UNION A 10 MINUTOS A LA COMUNIDAD DE 6 JULIO LAGUNAS ALTO AMAZONAS LORETO","disa":"LORETO","red":"ALTO AMAZONAS","microrred":"LAGUNAS","categoria":"ESTABLECIMIENTO DE SALUD SIN INTERNAMIENTO","condicion":"ACTIVO","actualizado":"2023/08/01 19:00:00.000","fuente":"MINSA","urlRenipr":"http://app20.susalud.gob.pe:8080/registro-renipress-webapp/ipress.htm?action=mostrarVer&idipress=00025346"}},{"type":"Feature","geometry":{"type":"Point","coordinates":[-76.11304332999998,-5.887748329999965]},"properties":{"objectid":10081,"nombre":"C.S. 1-3 CENTRO ESPEC.MATERNO INFAN.AGUAMIRO","departamento":"LORETO","provincia":"ALTO AMAZONAS","distrito":"YURIMAGUAS","institucion":"GOBIERNO REGIONAL","codigoMinsa":211,"direccion":"CALLE CALLE UCAYALI S/N S/N CALLE UCAYALI S/N YURIMAGUAS ALTO AMAZONAS LORETO","disa":"LORETO","red":"ALTO AMAZONAS","microrred":"YURIMAGUAS","categoria":"ESTABLECIMIENTO DE SALUD SIN INTERNAMIENTO","condicion":"ACTIVO","actualizado":"2023/08/01 19:00:00.000","fuente":"MINSA","urlRenipr":"http://app20.susalud.gob.pe:8080/registro-renipress-webapp/ipress.htm?action=mostrarVer&idipress=00000211"}},{"type":"Feature","geometry":{"type":"Point","coordinates":[-76.11410999999998,-5.771129999999971]},"properties":{"objectid":10082,"nombre":"C.S. I-3 SANTA MARÍA","departamento":"LORETO","provincia":"ALTO AMAZONAS","distrito":"YURIMAGUAS","institucion":"GOBIERNO REGIONAL","codigoMinsa":214,"direccion":"OTROS COMUNIDAD DE SANTA MARIA DISTRITO YURIMAGUAS PROVINCIA ALTO AMAZONAS DEPARTAMENTO LORETO","disa":"LORETO","red":"ALTO AMAZONAS","microrred":"YURIMAGUAS","categoria":"ESTABLECIMIENTO DE SALUD SIN INTERNAMIENTO","condicion":"ACTIVO","actualizado":"2023/08/01 19:00:00.000","fuente":"MINSA","urlRenipr":"http://app20.susalud.gob.pe:8080/registro-renipress-webapp/ipress.htm?action=mostrarVer&idipress=00000214"}},{"type":"Feature","geometry":{"type":"Point","coordinates":[-76.28333299999997,-5.2833329999999705]},"properties":{"objectid":10083,"nombre":"P.S. I-1 BETHEL","departamento":"LORETO","provincia":"ALTO AMAZONAS","distrito":"JEBEROS","institucion":"GOBIERNO REGIONAL","codigoMinsa":25343,"direccion":"OTROS COMUNIDAD DE BETHEL A DOS HORAS DEL CS BELLAVISTA JEBEROS ALTO AMAZONAS LORETO","disa":"LORETO","red":"ALTO AMAZONAS","microrred":"JEBEROS","categoria":"ESTABLECIMIENTO DE SALUD SIN INTERNAMIENTO","condicion":"ACTIVO","actualizado":"2023/08/01 19:00:00.000","fuente":"MINSA","urlRenipr":"http://app20.susalud.gob.pe:8080/registro-renipress-webapp/ipress.htm?action=mostrarVer&idipress=00025343"}},{"type":"Feature","geometry":{"type":"Point","coordinates":[-73.24836039999997,-3.7260517999999365]},"properties":{"objectid":10163,"nombre":"TROPICAL EMPRESA SAC \"28 DE JULIO\"","departamento":"LORETO","provincia":"MAYNAS","distrito":"PUNCHANA","institucion":"PRIVADO","codigoMinsa":25370,"direccion":"AVENIDA 28 DE JULIO 1085 DISTRITO PUNCHANA PROVINCIA MAYNAS DEPARTAMENTO LORETO","disa":"LORETO","red":"NO PERTENECE A NINGUNA RED","microrred":"NO PERTENECE A NINGUNA MICRORED","categoria":"ESTABLECIMIENTO DE SALUD SIN INTERNAMIENTO","condicion":"ACTIVO","actualizado":"2023/08/01 19:00:00.000","fuente":"MINSA","urlRenipr":"http://app20.susalud.gob.pe:8080/registro-renipress-webapp/ipress.htm?action=mostrarVer&idipress=00025370"}},{"type":"Feature","geometry":{"type":"Point","coordinates":[-76.54912319999994,-5.649178879999965]},"properties":{"objectid":10243,"nombre":"P.S. I-1 PROGRESO DE BALSAPUERTO","departamento":"LORETO","provincia":"ALTO AMAZONAS","distrito":"BALSAPUERTO","institucion":"GOBIERNO REGIONAL","codigoMinsa":190,"direccion":"OTROS COMUNIDAD PROGRESO DISTRITO BALSAPUERTO PROVINCIA ALTO AMAZONAS DEPARTAMENTO LORETO","disa":"LORETO","red":"ALTO AMAZONAS","microrred":"BALSAPUERTO","categoria":"ESTABLECIMIENTO DE SALUD SIN INTERNAMIENTO","condicion":"ACTIVO","actualizado":"2023/08/01 19:00:00.000","fuente":"MINSA","urlRenipr":"http://app20.susalud.gob.pe:8080/registro-renipress-webapp/ipress.htm?action=mostrarVer&idipress=00000190"}},{"type":"Feature","geometry":{"type":"Point","coordinates":[-76.76252324999996,-5.493060339999943]},"properties":{"objectid":10244,"nombre":"P.S. I-1 NUEVA VIDA","departamento":"LORETO","provincia":"ALTO AMAZONAS","distrito":"BALSAPUERTO","institucion":"GOBIERNO REGIONAL","codigoMinsa":189,"direccion":"OTROS COMUNIDAD NUEVA VIDA DISTRITO BALSAPUERTO PROVINCIA ALTO AMAZONAS DEPARTAMENTO LORETO","disa":"LORETO","red":"ALTO AMAZONAS","microrred":"BALSAPUERTO","categoria":"ESTABLECIMIENTO DE SALUD SIN INTERNAMIENTO","condicion":"ACTIVO","actualizado":"2023/08/01 19:00:00.000","fuente":"MINSA","urlRenipr":"http://app20.susalud.gob.pe:8080/registro-renipress-webapp/ipress.htm?action=mostrarVer&idipress=00000189"}},{"type":"Feature","geometry":{"type":"Point","coordinates":[-76.35855332999995,-3.667126669999959]},"properties":{"objectid":10245,"nombre":"P.S. I-2 LOBOYACU","departamento":"LORETO","provincia":"DATEM DEL MARAÑON","distrito":"ANDOAS","institucion":"GOBIERNO REGIONAL","codigoMinsa":264,"direccion":"OTROS COMUNIDAD LOBOYACU DISTRITO ANDOAS PROVINCIA DATEM DEL MARAÑON DEPARTAMENTO LORETO","disa":"LORETO","red":"DATEM DEL MARAÑON","microrred":"ANDOAS","categoria":"ESTABLECIMIENTO DE SALUD SIN INTERNAMIENTO","condicion":"ACTIVO","actualizado":"2023/08/01 19:00:00.000","fuente":"MINSA","urlRenipr":"http://app20.susalud.gob.pe:8080/registro-renipress-webapp/ipress.htm?action=mostrarVer&idipress=00000264"}},{"type":"Feature","geometry":{"type":"Point","coordinates":[-76.18055999999996,-5.972159999999974]},"properties":{"objectid":10246,"nombre":"P.S. I-1 AA.HH. 30 DE AGOSTO KM. 17","departamento":"LORETO","provincia":"ALTO AMAZONAS","distrito":"YURIMAGUAS","institucion":"GOBIERNO REGIONAL","codigoMinsa":229,"direccion":"OTROS COMUNIDAD 30 DE AGOSTO KM. 17 DISTRITO YURIMAGUAS PROVINCIA ALTO AMAZONAS DEPARTAMENTO LORETO","disa":"LORETO","red":"ALTO AMAZONAS","microrred":"YURIMAGUAS","categoria":"ESTABLECIMIENTO DE SALUD SIN INTERNAMIENTO","condicion":"ACTIVO","actualizado":"2023/08/01 19:00:00.000","fuente":"MINSA","urlRenipr":"http://app20.susalud.gob.pe:8080/registro-renipress-webapp/ipress.htm?action=mostrarVer&idipress=00000229"}},{"type":"Feature","geometry":{"type":"Point","coordinates":[-75.90824999999995,-5.6934499999999275]},"properties":{"objectid":10247,"nombre":"C.S. I-3 LOMA","departamento":"LORETO","provincia":"ALTO AMAZONAS","distrito":"YURIMAGUAS","institucion":"GOBIERNO REGIONAL","codigoMinsa":224,"direccion":"CALLE CALLE COMERCIO 821 - BARRIO LA LOMA CALLE COMERCIO 821 - BARRIO LA LOMA YURIMAGUAS ALTO AMAZONAS LORETO","disa":"LORETO","red":"ALTO AMAZONAS","microrred":"YURIMAGUAS","categoria":"ESTABLECIMIENTO DE SALUD SIN INTERNAMIENTO","condicion":"ACTIVO","actualizado":"2023/08/01 19:00:00.000","fuente":"MINSA","urlRenipr":"http://app20.susalud.gob.pe:8080/registro-renipress-webapp/ipress.htm?action=mostrarVer&idipress=00000224"}},{"type":"Feature","geometry":{"type":"Point","coordinates":[-76.63920538999997,-5.675403209999956]},"properties":{"objectid":10248,"nombre":"VISTA ALEGRE DE BALSAPUERTO","departamento":"LORETO","provincia":"ALTO AMAZONAS","distrito":"BALSAPUERTO","institucion":"GOBIERNO REGIONAL","codigoMinsa":188,"direccion":"COMUNIDAD VISTA ALEGRE","disa":"LORETO","red":"ALTO AMAZONAS","microrred":"BALSAPUERTO","categoria":"ESTABLECIMIENTO DE SALUD SIN INTERNAMIENTO","condicion":"ACTIVO","actualizado":"2023/08/01 19:00:00.000","fuente":"MINSA","urlRenipr":"http://app20.susalud.gob.pe:8080/registro-renipress-webapp/ipress.htm?action=mostrarVer&idipress=00000188"}},{"type":"Feature","geometry":{"type":"Point","coordinates":[-73.24812436999997,-3.7284151799999563]},"properties":{"objectid":10334,"nombre":"VIDAS DENT","departamento":"LORETO","provincia":"MAYNAS","distrito":"PUNCHANA","institucion":"PRIVADO","codigoMinsa":27281,"direccion":"URBANIZACIÓN PROCERES MANZANA 4 LOTE 6-A DISTRITO PUNCHANA PROVINCIA MAYNAS DEPARTAMENTO LORETO","disa":"LORETO","red":"NO PERTENECE A NINGUNA RED","microrred":"NO PERTENECE A NINGUNA MICRORED","categoria":"ESTABLECIMIENTO DE SALUD SIN INTERNAMIENTO","condicion":"ACTIVO","actualizado":"2023/08/01 19:00:00.000","fuente":"MINSA","urlRenipr":"http://app20.susalud.gob.pe:8080/registro-renipress-webapp/ipress.htm?action=mostrarVer&idipress=00027281"}},{"type":"Feature","geometry":{"type":"Point","coordinates":[-73.24819471999996,-3.7553250899999284]},"properties":{"objectid":10355,"nombre":"CENTRO ODONTOLOGICO \"DENTALEX S.A.C\"","departamento":"LORETO","provincia":"MAYNAS","distrito":"IQUITOS","institucion":"PRIVADO","codigoMinsa":28201,"direccion":"JIRÓN ARICA NÚMERO 783 PISO 1 DISTRITO IQUITOS PROVINCIA MAYNAS DEPARTAMENTO LORETO","disa":"LORETO","red":"NO PERTENECE A NINGUNA RED","microrred":"NO PERTENECE A NINGUNA MICRORED","categoria":"ESTABLECIMIENTO DE SALUD SIN INTERNAMIENTO","condicion":"ACTIVO","actualizado":"2023/08/01 19:00:00.000","fuente":"MINSA","urlRenipr":"http://app20.susalud.gob.pe:8080/registro-renipress-webapp/ipress.htm?action=mostrarVer&idipress=00028201"}},{"type":"Feature","geometry":{"type":"Point","coordinates":[-73.25285836999996,-3.7529581799999505]},"properties":{"objectid":10358,"nombre":"DENTAL CARE","departamento":"LORETO","provincia":"MAYNAS","distrito":"IQUITOS","institucion":"PRIVADO","codigoMinsa":27678,"direccion":"JIRÓN FANNING NÚMERO 770 DISTRITO IQUITOS PROVINCIA MAYNAS DEPARTAMENTO LORETO","disa":"LORETO","red":"NO PERTENECE A NINGUNA RED","microrred":"NO PERTENECE A NINGUNA MICRORED","categoria":"ESTABLECIMIENTO DE SALUD SIN INTERNAMIENTO","condicion":"ACTIVO","actualizado":"2023/08/01 19:00:00.000","fuente":"MINSA","urlRenipr":"http://app20.susalud.gob.pe:8080/registro-renipress-webapp/ipress.htm?action=mostrarVer&idipress=00027678"}},{"type":"Feature","geometry":{"type":"Point","coordinates":[-73.27188599999994,-3.7740259999999353]},"properties":{"objectid":10369,"nombre":"CENTRO DE SALUD MENTAL COMUNITARIO CARDOZO","departamento":"LORETO","provincia":"MAYNAS","distrito":"BELEN","institucion":"GOBIERNO REGIONAL","codigoMinsa":26050,"direccion":"CALLE 8 DE NOVIEMBRE 277 A DOS CUADRAS DEL COLEGIO SAGRADA FAMILIA BELEN MAYNAS LORETO","disa":"LORETO","red":"MAYNAS CIUDAD","microrred":"BELEN","categoria":"ESTABLECIMIENTO DE SALUD SIN INTERNAMIENTO","condicion":"ACTIVO","actualizado":"2023/08/01 19:00:00.000","fuente":"MINSA","urlRenipr":"http://app20.susalud.gob.pe:8080/registro-renipress-webapp/ipress.htm?action=mostrarVer&idipress=00026050"}},{"type":"Feature","geometry":{"type":"Point","coordinates":[-73.19057999999995,-3.6254299999999375]},"properties":{"objectid":10371,"nombre":"SANTA CLARA DEL OJEAL","departamento":"LORETO","provincia":"MAYNAS","distrito":"PUNCHANA","institucion":"GOBIERNO REGIONAL","codigoMinsa":20,"direccion":"OTROS CASERIO DE SANTA CLARA DEL OJEAL DISTRITO PUNCHANA PROVINCIA MAYNAS DEPARTAMENTO LORETO","disa":"LORETO","red":"MAYNAS CIUDAD","microrred":"PUNCHANA","categoria":"ESTABLECIMIENTO DE SALUD SIN INTERNAMIENTO","condicion":"ACTIVO","actualizado":"2023/08/01 19:00:00.000","fuente":"MINSA","urlRenipr":"http://app20.susalud.gob.pe:8080/registro-renipress-webapp/ipress.htm?action=mostrarVer&idipress=00000020"}},{"type":"Feature","geometry":{"type":"Point","coordinates":[-72.50816034999997,-3.479146359999959]},"properties":{"objectid":10372,"nombre":"ORAN","departamento":"LORETO","provincia":"MAYNAS","distrito":"LAS AMAZONAS","institucion":"GOBIERNO REGIONAL","codigoMinsa":62,"direccion":"OTROS CASERIO YANASHI DISTRITO LAS AMAZONAS PROVINCIA MAYNAS DEPARTAMENTO LORETO","disa":"LORETO","red":"MAYNAS PERIFERIE","microrred":"MAZAN","categoria":"ESTABLECIMIENTO DE SALUD SIN INTERNAMIENTO","condicion":"ACTIVO","actualizado":"2023/08/01 19:00:00.000","fuente":"MINSA","urlRenipr":"http://app20.susalud.gob.pe:8080/registro-renipress-webapp/ipress.htm?action=mostrarVer&idipress=00000062"}},{"type":"Feature","geometry":{"type":"Point","coordinates":[-74.95539105999995,-7.32603507999994]},"properties":{"objectid":10373,"nombre":"AISPED UCAYALI","departamento":"LORETO","provincia":"MAYNAS","distrito":"BELEN","institucion":"GOBIERNO REGIONAL","codigoMinsa":25408,"direccion":"AVENIDA JOSE ALBERTO QUIÑONES SN BELEN MAYNAS LORETO","disa":"","red":"","microrred":"","categoria":"OFERTA FLEXIBLE","condicion":"RETIRO VOLUNTARIO","actualizado":"2023/08/01 19:00:00.000","fuente":"MINSA","urlRenipr":"http://app20.susalud.gob.pe:8080/registro-renipress-webapp/ipress.htm?action=mostrarVer&idipress=00025408"}},{"type":"Feature","geometry":{"type":"Point","coordinates":[-75.67236999999994,-4.65435999999994]},"properties":{"objectid":10378,"nombre":"REFORMA","departamento":"LORETO","provincia":"LORETO","distrito":"URARINAS","institucion":"GOBIERNO REGIONAL","codigoMinsa":112,"direccion":"OTROS ACTUALIZAR DISTRITO URARINAS PROVINCIA LORETO DEPARTAMENTO LORETO","disa":"LORETO","red":"LORETO","microrred":"MAYPUCO","categoria":"ESTABLECIMIENTO DE SALUD SIN INTERNAMIENTO","condicion":"ACTIVO","actualizado":"2023/08/01 19:00:00.000","fuente":"MINSA","urlRenipr":"http://app20.susalud.gob.pe:8080/registro-renipress-webapp/ipress.htm?action=mostrarVer&idipress=00000112"}},{"type":"Feature","geometry":{"type":"Point","coordinates":[-72.25568418999995,-3.5876734499999543]},"properties":{"objectid":10379,"nombre":"YANASHI","departamento":"LORETO","provincia":"MAYNAS","distrito":"LAS AMAZONAS","institucion":"GOBIERNO REGIONAL","codigoMinsa":63,"direccion":"OTROS CASERIO YANASHI DISTRITO LAS AMAZONAS PROVINCIA MAYNAS DEPARTAMENTO LORETO","disa":"LORETO","red":"MAYNAS PERIFERIE","microrred":"MAZAN","categoria":"ESTABLECIMIENTO DE SALUD SIN INTERNAMIENTO","condicion":"ACTIVO","actualizado":"2023/08/01 19:00:00.000","fuente":"MINSA","urlRenipr":"http://app20.susalud.gob.pe:8080/registro-renipress-webapp/ipress.htm?action=mostrarVer&idipress=00000063"}},{"type":"Feature","geometry":{"type":"Point","coordinates":[-73.34157651999993,-3.8468988399999375]},"properties":{"objectid":10382,"nombre":"LOS DELFINES","departamento":"LORETO","provincia":"MAYNAS","distrito":"SAN JUAN BAUTISTA","institucion":"GOBIERNO REGIONAL","codigoMinsa":6794,"direccion":"CALLE CALLE PUNTA HERMOSA SIN NUMERO CALLE PUNTA HERMOSA SIN NUMERO SAN JUAN BAUTISTA MAYNAS LORETO","disa":"LORETO","red":"MAYNAS CIUDAD","microrred":"IQUITOS SUR","categoria":"ESTABLECIMIENTO DE SALUD SIN INTERNAMIENTO","condicion":"ACTIVO","actualizado":"2023/08/01 19:00:00.000","fuente":"MINSA","urlRenipr":"http://app20.susalud.gob.pe:8080/registro-renipress-webapp/ipress.htm?action=mostrarVer&idipress=00006794"}},{"type":"Feature","geometry":{"type":"Point","coordinates":[-73.54256999999996,-4.621209999999962]},"properties":{"objectid":10383,"nombre":"EL SOL","departamento":"LORETO","provincia":"REQUENA","distrito":"SAQUENA","institucion":"GOBIERNO REGIONAL","codigoMinsa":156,"direccion":"CASERIO EL SOL","disa":"LORETO","red":"REQUENA","microrred":"REQUENA","categoria":"ESTABLECIMIENTO DE SALUD SIN INTERNAMIENTO","condicion":"ACTIVO","actualizado":"2023/08/01 19:00:00.000","fuente":"MINSA","urlRenipr":"http://app20.susalud.gob.pe:8080/registro-renipress-webapp/ipress.htm?action=mostrarVer&idipress=00000156"}},{"type":"Feature","geometry":{"type":"Point","coordinates":[-73.41135999999995,-3.5073599999999487]},"properties":{"objectid":10384,"nombre":"SARGENTO LORES","departamento":"LORETO","provincia":"MAYNAS","distrito":"PUNCHANA","institucion":"GOBIERNO REGIONAL","codigoMinsa":21,"direccion":"LOCALIDAD DE SARGENTO LORES RIO NANAY (QUEBRADA MOMON)","disa":"LORETO","red":"MAYNAS CIUDAD","microrred":"PUNCHANA","categoria":"ESTABLECIMIENTO DE SALUD SIN INTERNAMIENTO","condicion":"ACTIVO","actualizado":"2023/08/01 19:00:00.000","fuente":"MINSA","urlRenipr":"http://app20.susalud.gob.pe:8080/registro-renipress-webapp/ipress.htm?action=mostrarVer&idipress=00000021"}},{"type":"Feature","geometry":{"type":"Point","coordinates":[-74.13849197999997,-5.693525569999963]},"properties":{"objectid":10385,"nombre":"IBERIA","departamento":"LORETO","provincia":"REQUENA","distrito":"TAPICHE","institucion":"GOBIERNO REGIONAL","codigoMinsa":160,"direccion":"OTROS CASERIO DE IBERIA DISTRITO TAPICHE PROVINCIA REQUENA DEPARTAMENTO LORETO","disa":"LORETO","red":"REQUENA","microrred":"SAN MARTIN CAPELO","categoria":"ESTABLECIMIENTO DE SALUD SIN INTERNAMIENTO","condicion":"ACTIVO","actualizado":"2023/08/01 19:00:00.000","fuente":"MINSA","urlRenipr":"http://app20.susalud.gob.pe:8080/registro-renipress-webapp/ipress.htm?action=mostrarVer&idipress=00000160"}},{"type":"Feature","geometry":{"type":"Point","coordinates":[-73.86352812999996,-5.418681159999949]},"properties":{"objectid":10386,"nombre":"GALICIA","departamento":"LORETO","provincia":"REQUENA","distrito":"REQUENA","institucion":"GOBIERNO REGIONAL","codigoMinsa":152,"direccion":"OTROS ACTUALIZAR DISTRITO REQUENA PROVINCIA REQUENA DEPARTAMENTO LORETO","disa":"LORETO","red":"REQUENA","microrred":"REQUENA","categoria":"ESTABLECIMIENTO DE SALUD SIN INTERNAMIENTO","condicion":"ACTIVO","actualizado":"2023/08/01 19:00:00.000","fuente":"MINSA","urlRenipr":"http://app20.susalud.gob.pe:8080/registro-renipress-webapp/ipress.htm?action=mostrarVer&idipress=00000152"}},{"type":"Feature","geometry":{"type":"Point","coordinates":[-74.23055849999997,-5.123974719999978]},"properties":{"objectid":10387,"nombre":"PS I-1 MANCO CAPAC","departamento":"LORETO","provincia":"REQUENA","distrito":"PUINAHUA","institucion":"GOBIERNO REGIONAL","codigoMinsa":148,"direccion":"OTROS COMUNIDAD DE MANCO CAPAC RIO PUINAHUA DISTRITO PUINAHUA PROVINCIA REQUENA DEPARTAMENTO LORETO","disa":"LORETO","red":"REQUENA","microrred":"BRETAÑA","categoria":"ESTABLECIMIENTO DE SALUD SIN INTERNAMIENTO","condicion":"ACTIVO","actualizado":"2023/08/01 19:00:00.000","fuente":"MINSA","urlRenipr":"http://app20.susalud.gob.pe:8080/registro-renipress-webapp/ipress.htm?action=mostrarVer&idipress=00000148"}},{"type":"Feature","geometry":{"type":"Point","coordinates":[-75.12029995999995,-4.828429619999952]},"properties":{"objectid":10388,"nombre":"MAYPUCO","departamento":"LORETO","provincia":"LORETO","distrito":"URARINAS","institucion":"GOBIERNO REGIONAL","codigoMinsa":109,"direccion":"OTROS MARGEN DERECHA DEL RIO MARAÑON MARGEN DERECHA DEL RIO MARAÑON URARINAS LORETO LORETO","disa":"LORETO","red":"LORETO","microrred":"MAYPUCO","categoria":"ESTABLECIMIENTO DE SALUD SIN INTERNAMIENTO","condicion":"ACTIVO","actualizado":"2023/08/01 19:00:00.000","fuente":"MINSA","urlRenipr":"http://app20.susalud.gob.pe:8080/registro-renipress-webapp/ipress.htm?action=mostrarVer&idipress=00000109"}},{"type":"Feature","geometry":{"type":"Point","coordinates":[-73.26141999999999,-3.9233899999999267]},"properties":{"objectid":10389,"nombre":"DOS DE MAYO DE FERNANDO LORES","departamento":"LORETO","provincia":"MAYNAS","distrito":"FERNANDO LORES","institucion":"GOBIERNO REGIONAL","codigoMinsa":39,"direccion":"ACTUALIZAR","disa":"LORETO","red":"MAYNAS PERIFERIE","microrred":"TAMSHIYACU","categoria":"ESTABLECIMIENTO DE SALUD SIN INTERNAMIENTO","condicion":"ACTIVO","actualizado":"2023/08/01 19:00:00.000","fuente":"MINSA","urlRenipr":"http://app20.susalud.gob.pe:8080/registro-renipress-webapp/ipress.htm?action=mostrarVer&idipress=00000039"}},{"type":"Feature","geometry":{"type":"Point","coordinates":[-73.24934404999993,-3.735132819999933]},"properties":{"objectid":10431,"nombre":"DENTO CORP S.A.C","departamento":"LORETO","provincia":"MAYNAS","distrito":"IQUITOS","institucion":"PRIVADO","codigoMinsa":28368,"direccion":"CALLE SAN ANTONIO NÚMERO 1407 DISTRITO IQUITOS PROVINCIA MAYNAS DEPARTAMENTO LORETO","disa":"LORETO","red":"NO PERTENECE A NINGUNA RED","microrred":"NO PERTENECE A NINGUNA MICRORED","categoria":"ESTABLECIMIENTO DE SALUD SIN INTERNAMIENTO","condicion":"ACTIVO","actualizado":"2023/08/01 19:00:00.000","fuente":"MINSA","urlRenipr":"http://app20.susalud.gob.pe:8080/registro-renipress-webapp/ipress.htm?action=mostrarVer&idipress=00028368"}},{"type":"Feature","geometry":{"type":"Point","coordinates":[-73.24836039999997,-3.7260517999999365]},"properties":{"objectid":10463,"nombre":"SANIDAD DE LA BASE NAVAL DE IQUITOS","departamento":"LORETO","provincia":"MAYNAS","distrito":"PUNCHANA","institucion":"SANIDAD DE LA MARINA DE GUERRA DEL PERU","codigoMinsa":10816,"direccion":"OTROS BASE NAVAL DE SANTA CLOTILDE - RIO AMAZONAS DISTRITO PUNCHANA PROVINCIA MAYNAS DEPARTAMENTO LORETO","disa":"LORETO","red":"NO PERTENECE A NINGUNA RED","microrred":"NO PERTENECE A NINGUNA MICRORED","categoria":"ESTABLECIMIENTO DE SALUD SIN INTERNAMIENTO","condicion":"ACTIVO","actualizado":"2023/08/01 19:00:00.000","fuente":"MINSA","urlRenipr":"http://app20.susalud.gob.pe:8080/registro-renipress-webapp/ipress.htm?action=mostrarVer&idipress=00010816"}},{"type":"Feature","geometry":{"type":"Point","coordinates":[-73.25124079999995,-3.7476475699999696]},"properties":{"objectid":10552,"nombre":"CLÍNICA DENTAL ODONTOMEDIC","departamento":"LORETO","provincia":"MAYNAS","distrito":"IQUITOS","institucion":"PRIVADO","codigoMinsa":31620,"direccion":"JIRÓN SARGENTO LORES NÚMERO 878 PISO 2 DISTRITO IQUITOS PROVINCIA MAYNAS DEPARTAMENTO LORETO","disa":"LORETO","red":"","microrred":"","categoria":"ESTABLECIMIENTO DE SALUD SIN INTERNAMIENTO","condicion":"ACTIVO","actualizado":"2023/08/01 19:00:00.000","fuente":"MINSA","urlRenipr":"http://app20.susalud.gob.pe:8080/registro-renipress-webapp/ipress.htm?action=mostrarVer&idipress=00031620"}},{"type":"Feature","geometry":{"type":"Point","coordinates":[-77.50508832999998,-4.642011669999931]},"properties":{"objectid":10607,"nombre":"FELIX FLORES","departamento":"LORETO","provincia":"DATEM DEL MARAÑON","distrito":"MANSERICHE","institucion":"GOBIERNO REGIONAL","codigoMinsa":248,"direccion":"OTROS COMUNIDAD FELIX FLORES DISTRITO MANSERICHE PROVINCIA DATEM DEL MARAÑON DEPARTAMENTO LORETO","disa":"LORETO","red":"DATEM DEL MARAÑON","microrred":"MANSERICHE","categoria":"ESTABLECIMIENTO DE SALUD SIN INTERNAMIENTO","condicion":"ACTIVO","actualizado":"2023/08/01 19:00:00.000","fuente":"MINSA","urlRenipr":"http://app20.susalud.gob.pe:8080/registro-renipress-webapp/ipress.htm?action=mostrarVer&idipress=00000248"}},{"type":"Feature","geometry":{"type":"Point","coordinates":[-73.24592619999999,-3.748571449999929]},"properties":{"objectid":10749,"nombre":"CERDENT","departamento":"LORETO","provincia":"MAYNAS","distrito":"IQUITOS","institucion":"PRIVADO","codigoMinsa":24415,"direccion":"JIRÓN HUALLAGA NÚMERO 204 DISTRITO IQUITOS PROVINCIA MAYNAS DEPARTAMENTO LORETO","disa":"LORETO","red":"NO PERTENECE A NINGUNA RED","microrred":"NO PERTENECE A NINGUNA MICRORED","categoria":"ESTABLECIMIENTO DE SALUD SIN INTERNAMIENTO","condicion":"ACTIVO","actualizado":"2023/08/01 19:00:00.000","fuente":"MINSA","urlRenipr":"http://app20.susalud.gob.pe:8080/registro-renipress-webapp/ipress.htm?action=mostrarVer&idipress=00024415"}},{"type":"Feature","geometry":{"type":"Point","coordinates":[-73.85579562999999,-5.0622134999999275]},"properties":{"objectid":10846,"nombre":"CENTRO MEDICO PADRE NICOLAS GINER","departamento":"LORETO","provincia":"REQUENA","distrito":"REQUENA","institucion":"PRIVADO","codigoMinsa":14386,"direccion":"CALLE CALLE TAPICHE/PDE NICOLAS GINER S/N REQUENA NÚMERO S/N DISTRITO REQUENA PROVINCIA REQUENA DEPARTAMENTO LORETO","disa":"LORETO","red":"NO PERTENECE A NINGUNA RED","microrred":"NO PERTENECE A NINGUNA MICRORED","categoria":"ESTABLECIMIENTO DE SALUD SIN INTERNAMIENTO","condicion":"ACTIVO","actualizado":"2023/08/01 19:00:00.000","fuente":"MINSA","urlRenipr":"http://app20.susalud.gob.pe:8080/registro-renipress-webapp/ipress.htm?action=mostrarVer&idipress=00014386"}},{"type":"Feature","geometry":{"type":"Point","coordinates":[-74.93908157999994,-7.421159969999962]},"properties":{"objectid":11003,"nombre":"PUESTO DE SALUD NUEVO SUCRE","departamento":"LORETO","provincia":"UCAYALI","distrito":"CONTAMANA","institucion":"GOBIERNO REGIONAL","codigoMinsa":31356,"direccion":"OTROS CENTRO NUEVO SUCRE SN SURCANDO EL RIO UCAYALI CONTAMANA UCAYALI LORETO","disa":"LORETO","red":"UCAYALI","microrred":"CONTAMANA","categoria":"ESTABLECIMIENTO DE SALUD SIN INTERNAMIENTO","condicion":"ACTIVO","actualizado":"2023/08/01 19:00:00.000","fuente":"MINSA","urlRenipr":"http://app20.susalud.gob.pe:8080/registro-renipress-webapp/ipress.htm?action=mostrarVer&idipress=00031356"}},{"type":"Feature","geometry":{"type":"Point","coordinates":[-75.04252314999997,-6.137413719999927]},"properties":{"objectid":11004,"nombre":"PUESTO DE SALUD I-1 SAMAN","departamento":"LORETO","provincia":"UCAYALI","distrito":"SARAYACU","institucion":"GOBIERNO REGIONAL","codigoMinsa":297,"direccion":"OTROS ACTUALIZAR DISTRITO SARAYACU PROVINCIA UCAYALI DEPARTAMENTO LORETO","disa":"LORETO","red":"UCAYALI","microrred":"SARAYACU","categoria":"ESTABLECIMIENTO DE SALUD SIN INTERNAMIENTO","condicion":"ACTIVO","actualizado":"2023/08/01 19:00:00.000","fuente":"MINSA","urlRenipr":"http://app20.susalud.gob.pe:8080/registro-renipress-webapp/ipress.htm?action=mostrarVer&idipress=00000297"}},{"type":"Feature","geometry":{"type":"Point","coordinates":[-73.26905415999994,-3.774985239999978]},"properties":{"objectid":11358,"nombre":"CENTRO MEDICO POPULAR.","departamento":"LORETO","provincia":"MAYNAS","distrito":"BELEN","institucion":"PRIVADO","codigoMinsa":26289,"direccion":"AVENIDA PARTICIPACIÓN NÚMERO 1532 DISTRITO BELEN PROVINCIA MAYNAS DEPARTAMENTO LORETO","disa":"LORETO","red":"NO PERTENECE A NINGUNA RED","microrred":"NO PERTENECE A NINGUNA MICRORED","categoria":"ESTABLECIMIENTO DE SALUD SIN INTERNAMIENTO","condicion":"ACTIVO","actualizado":"2023/08/01 19:00:00.000","fuente":"MINSA","urlRenipr":"http://app20.susalud.gob.pe:8080/registro-renipress-webapp/ipress.htm?action=mostrarVer&idipress=00026289"}},{"type":"Feature","geometry":{"type":"Point","coordinates":[-73.25163259999994,-3.743673499999943]},"properties":{"objectid":11534,"nombre":"ODONTOCENTER JADE","departamento":"LORETO","provincia":"MAYNAS","distrito":"IQUITOS","institucion":"PRIVADO","codigoMinsa":27746,"direccion":"AVENIDA AUGUSTO FREYRE NÚMERO 625 DISTRITO IQUITOS PROVINCIA MAYNAS DEPARTAMENTO LORETO","disa":"LORETO","red":"NO PERTENECE A NINGUNA RED","microrred":"NO PERTENECE A NINGUNA MICRORED","categoria":"ESTABLECIMIENTO DE SALUD SIN INTERNAMIENTO","condicion":"ACTIVO","actualizado":"2023/08/01 19:00:00.000","fuente":"MINSA","urlRenipr":"http://app20.susalud.gob.pe:8080/registro-renipress-webapp/ipress.htm?action=mostrarVer&idipress=00027746"}},{"type":"Feature","geometry":{"type":"Point","coordinates":[-73.25373822999995,-3.7379971099999807]},"properties":{"objectid":11780,"nombre":"LIGHTDENT S.R.L","departamento":"LORETO","provincia":"MAYNAS","distrito":"IQUITOS","institucion":"PRIVADO","codigoMinsa":28122,"direccion":"URBANIZACIÓN VIRGEN DE LORETO MANZANA O LOTE 4 DISTRITO IQUITOS PROVINCIA MAYNAS DEPARTAMENTO LORETO","disa":"LORETO","red":"NO PERTENECE A NINGUNA RED","microrred":"NO PERTENECE A NINGUNA MICRORED","categoria":"ESTABLECIMIENTO DE SALUD SIN INTERNAMIENTO","condicion":"ACTIVO","actualizado":"2023/08/01 19:00:00.000","fuente":"MINSA","urlRenipr":"http://app20.susalud.gob.pe:8080/registro-renipress-webapp/ipress.htm?action=mostrarVer&idipress=00028122"}},{"type":"Feature","geometry":{"type":"Point","coordinates":[-73.25356439999996,-3.7629199999999514]},"properties":{"objectid":11895,"nombre":"CENTRO MEDICO VIRGEN DE YAUCA","departamento":"LORETO","provincia":"MAYNAS","distrito":"BELEN","institucion":"PRIVADO","codigoMinsa":29973,"direccion":"CALLE YURIMAGUAS NÚMERO 397 DISTRITO BELEN PROVINCIA MAYNAS DEPARTAMENTO LORETO","disa":"LORETO","red":"","microrred":"","categoria":"ESTABLECIMIENTO DE SALUD SIN INTERNAMIENTO","condicion":"ACTIVO","actualizado":"2023/08/01 19:00:00.000","fuente":"MINSA","urlRenipr":"http://app20.susalud.gob.pe:8080/registro-renipress-webapp/ipress.htm?action=mostrarVer&idipress=00029973"}},{"type":"Feature","geometry":{"type":"Point","coordinates":[-73.26603849999998,-3.7739832999999408]},"properties":{"objectid":12144,"nombre":"INSTITUTO DE MEDICINA TRADICIONAL","departamento":"LORETO","provincia":"MAYNAS","distrito":"SAN JUAN BAUTISTA","institucion":"ESSALUD","codigoMinsa":25708,"direccion":"PASAJE SAN LORENZO NÚMERO 205 DISTRITO SAN JUAN BAUTISTA PROVINCIA MAYNAS DEPARTAMENTO LORETO","disa":"LORETO","red":"NO PERTENECE A NINGUNA RED","microrred":"","categoria":"SERVICIO MÉDICO DE APOYO","condicion":"ACTIVO","actualizado":"2023/08/01 19:00:00.000","fuente":"MINSA","urlRenipr":"http://app20.susalud.gob.pe:8080/registro-renipress-webapp/ipress.htm?action=mostrarVer&idipress=00025708"}},{"type":"Feature","geometry":{"type":"Point","coordinates":[-70.51701258999998,-3.9085488699999473]},"properties":{"objectid":12145,"nombre":"CENTRO DE ATENCION PRIMARIA II CABALLOCOCHA","departamento":"LORETO","provincia":"MARISCAL RAMON CASTILLA","distrito":"RAMON CASTILLA","institucion":"ESSALUD","codigoMinsa":11556,"direccion":"CALLE CALLE RAMON CASTILLA N° 700 DISTRITO RAMON CASTILLA PROVINCIA MARISCAL RAMON CASTILLA DEPARTAMENTO LORETO","disa":"LORETO","red":"LORETO","microrred":"","categoria":"ESTABLECIMIENTO DE SALUD SIN INTERNAMIENTO","condicion":"ACTIVO","actualizado":"2023/08/01 19:00:00.000","fuente":"MINSA","urlRenipr":"http://app20.susalud.gob.pe:8080/registro-renipress-webapp/ipress.htm?action=mostrarVer&idipress=00011556"}},{"type":"Feature","geometry":{"type":"Point","coordinates":[-73.28640443999996,-3.774572429999978]},"properties":{"objectid":12154,"nombre":"CAP II SAN JUAN BAUTISTA","departamento":"LORETO","provincia":"MAYNAS","distrito":"SAN JUAN BAUTISTA","institucion":"ESSALUD","codigoMinsa":11386,"direccion":"AVENIDA AV. ABELARDO QUIÑONES KM. 3.5 DISTRITO SAN JUAN BAUTISTA PROVINCIA MAYNAS DEPARTAMENTO LORETO","disa":"LORETO","red":"NO PERTENECE A NINGUNA RED","microrred":"NO PERTENECE A NINGUNA MICRORED","categoria":"ESTABLECIMIENTO DE SALUD SIN INTERNAMIENTO","condicion":"ACTIVO","actualizado":"2023/08/01 19:00:00.000","fuente":"MINSA","urlRenipr":"http://app20.susalud.gob.pe:8080/registro-renipress-webapp/ipress.htm?action=mostrarVer&idipress=00011386"}},{"type":"Feature","geometry":{"type":"Point","coordinates":[-76.27766834999994,-5.888295099999937]},"properties":{"objectid":12364,"nombre":"P.S. I-1 SANTA LUCIA","departamento":"LORETO","provincia":"ALTO AMAZONAS","distrito":"YURIMAGUAS","institucion":"GOBIERNO REGIONAL","codigoMinsa":9721,"direccion":"CARRETERA CARRETERA MUNICHIS - NUEVO ARICA DISTRITO YURIMAGUAS PROVINCIA ALTO AMAZONAS DEPARTAMENTO LORETO","disa":"LORETO","red":"ALTO AMAZONAS","microrred":"YURIMAGUAS","categoria":"ESTABLECIMIENTO DE SALUD SIN INTERNAMIENTO","condicion":"ACTIVO","actualizado":"2023/08/01 19:00:00.000","fuente":"MINSA","urlRenipr":"http://app20.susalud.gob.pe:8080/registro-renipress-webapp/ipress.htm?action=mostrarVer&idipress=00009721"}},{"type":"Feature","geometry":{"type":"Point","coordinates":[-75.84642879999996,-5.71083957999997]},"properties":{"objectid":12365,"nombre":"P.S. I-1 UNION CAMPESINA","departamento":"LORETO","provincia":"ALTO AMAZONAS","distrito":"SANTA CRUZ","institucion":"GOBIERNO REGIONAL","codigoMinsa":6695,"direccion":"OTROS COMUNIDAD DISTRITO SANTA CRUZ PROVINCIA ALTO AMAZONAS DEPARTAMENTO LORETO","disa":"LORETO","red":"ALTO AMAZONAS","microrred":"SANTA CRUZ","categoria":"ESTABLECIMIENTO DE SALUD SIN INTERNAMIENTO","condicion":"ACTIVO","actualizado":"2023/08/01 19:00:00.000","fuente":"MINSA","urlRenipr":"http://app20.susalud.gob.pe:8080/registro-renipress-webapp/ipress.htm?action=mostrarVer&idipress=00006695"}},{"type":"Feature","geometry":{"type":"Point","coordinates":[-76.52337087999996,-5.481458989999965]},"properties":{"objectid":12366,"nombre":"P.S. I-1 ANTIOQUIA DE BALSAPUERTO","departamento":"LORETO","provincia":"ALTO AMAZONAS","distrito":"BALSAPUERTO","institucion":"GOBIERNO REGIONAL","codigoMinsa":17571,"direccion":"OTROS LOCALIDAD DE ANTIOQUIA DISTRITO BALSAPUERTO PROVINCIA ALTO AMAZONAS DEPARTAMENTO LORETO","disa":"LORETO","red":"ALTO AMAZONAS","microrred":"BALSAPUERTO","categoria":"ESTABLECIMIENTO DE SALUD SIN INTERNAMIENTO","condicion":"ACTIVO","actualizado":"2023/08/01 19:00:00.000","fuente":"MINSA","urlRenipr":"http://app20.susalud.gob.pe:8080/registro-renipress-webapp/ipress.htm?action=mostrarVer&idipress=00017571"}},{"type":"Feature","geometry":{"type":"Point","coordinates":[-70.44961720999999,-3.9427751699999476]},"properties":{"objectid":12511,"nombre":"CUSHILLOCOCHA","departamento":"LORETO","provincia":"MARISCAL RAMON CASTILLA","distrito":"RAMON CASTILLA","institucion":"GOBIERNO REGIONAL","codigoMinsa":121,"direccion":"ACTUALIZAR","disa":"LORETO","red":"RAMON CASTILLA","microrred":"CABALLO COCHA","categoria":"ESTABLECIMIENTO DE SALUD SIN INTERNAMIENTO","condicion":"ACTIVO","actualizado":"2023/08/01 19:00:00.000","fuente":"MINSA","urlRenipr":"http://app20.susalud.gob.pe:8080/registro-renipress-webapp/ipress.htm?action=mostrarVer&idipress=00000121"}},{"type":"Feature","geometry":{"type":"Point","coordinates":[-76.42812176999996,-5.9119579099999555]},"properties":{"objectid":12367,"nombre":"P.S. 1-2 NUEVO ARICA DE BALSAPUERTO","departamento":"LORETO","provincia":"ALTO AMAZONAS","distrito":"BALSAPUERTO","institucion":"GOBIERNO REGIONAL","codigoMinsa":303,"direccion":"OTROS COMUNIDAD NUEVA ARICA COMUNIDAD NUEVA ARICA BALSAPUERTO ALTO AMAZONAS LORETO","disa":"LORETO","red":"ALTO AMAZONAS","microrred":"YURIMAGUAS","categoria":"ESTABLECIMIENTO DE SALUD SIN INTERNAMIENTO","condicion":"ACTIVO","actualizado":"2023/08/01 19:00:00.000","fuente":"MINSA","urlRenipr":"http://app20.susalud.gob.pe:8080/registro-renipress-webapp/ipress.htm?action=mostrarVer&idipress=00000303"}},{"type":"Feature","geometry":{"type":"Point","coordinates":[-76.46119666999994,-2.803773329999956]},"properties":{"objectid":12368,"nombre":"NUEVO ANDOAS","departamento":"LORETO","provincia":"DATEM DEL MARAÑON","distrito":"ANDOAS","institucion":"GOBIERNO REGIONAL","codigoMinsa":258,"direccion":"OTROS COMUNIDAD NUEVO ANDOAS DISTRITO ANDOAS PROVINCIA DATEM DEL MARAÑON DEPARTAMENTO LORETO","disa":"LORETO","red":"DATEM DEL MARAÑON","microrred":"ANDOAS","categoria":"ESTABLECIMIENTO DE SALUD SIN INTERNAMIENTO","condicion":"ACTIVO","actualizado":"2023/08/01 19:00:00.000","fuente":"MINSA","urlRenipr":"http://app20.susalud.gob.pe:8080/registro-renipress-webapp/ipress.htm?action=mostrarVer&idipress=00000258"}},{"type":"Feature","geometry":{"type":"Point","coordinates":[-76.23079999999999,-5.892499999999927]},"properties":{"objectid":12369,"nombre":"C.S. I-3 MUNICHIS DE YURIMAGUAS","departamento":"LORETO","provincia":"ALTO AMAZONAS","distrito":"YURIMAGUAS","institucion":"GOBIERNO REGIONAL","codigoMinsa":222,"direccion":"OTROS COMUNIDAD MUNICHIS COMUNIDAD MUNICHIS YURIMAGUAS ALTO AMAZONAS LORETO","disa":"LORETO","red":"ALTO AMAZONAS","microrred":"YURIMAGUAS","categoria":"ESTABLECIMIENTO DE SALUD SIN INTERNAMIENTO","condicion":"ACTIVO","actualizado":"2023/08/01 19:00:00.000","fuente":"MINSA","urlRenipr":"http://app20.susalud.gob.pe:8080/registro-renipress-webapp/ipress.htm?action=mostrarVer&idipress=00000222"}},{"type":"Feature","geometry":{"type":"Point","coordinates":[-75.87608064999995,-6.016260179999961]},"properties":{"objectid":12370,"nombre":"C.S. I-3 SHUCUSHYACU","departamento":"LORETO","provincia":"ALTO AMAZONAS","distrito":"TENIENTE CESAR LOPEZ ROJAS","institucion":"GOBIERNO REGIONAL","codigoMinsa":209,"direccion":"OTROS LOCALIDAD SHUCUSHYACU LOCALIDAD SHUCUSHYACU TENIENTE CESAR LOPEZ ROJAS ALTO AMAZONAS LORETO","disa":"LORETO","red":"ALTO AMAZONAS","microrred":"TENIENTE CESAR LOPEZ ROJAS","categoria":"ESTABLECIMIENTO DE SALUD SIN INTERNAMIENTO","condicion":"ACTIVO","actualizado":"2023/08/01 19:00:00.000","fuente":"MINSA","urlRenipr":"http://app20.susalud.gob.pe:8080/registro-renipress-webapp/ipress.htm?action=mostrarVer&idipress=00000209"}},{"type":"Feature","geometry":{"type":"Point","coordinates":[-72.98970327999996,-3.3156113799999503]},"properties":{"objectid":12512,"nombre":"TAMANCO","departamento":"LORETO","provincia":"MAYNAS","distrito":"MAZAN","institucion":"GOBIERNO REGIONAL","codigoMinsa":65,"direccion":"OTROS CASERIO TAMANCO DISTRITO MAZAN PROVINCIA MAYNAS DEPARTAMENTO LORETO","disa":"LORETO","red":"MAYNAS PERIFERIE","microrred":"MAZAN","categoria":"ESTABLECIMIENTO DE SALUD SIN INTERNAMIENTO","condicion":"ACTIVO","actualizado":"2023/08/01 19:00:00.000","fuente":"MINSA","urlRenipr":"http://app20.susalud.gob.pe:8080/registro-renipress-webapp/ipress.htm?action=mostrarVer&idipress=00000065"}},{"type":"Feature","geometry":{"type":"Point","coordinates":[-73.24368860999994,-3.7479353799999444]},"properties":{"objectid":12476,"nombre":"ACTIVIDADES DE MEDICOS Y ODONTOLOGICOS","departamento":"LORETO","provincia":"MAYNAS","distrito":"IQUITOS","institucion":"PRIVADO","codigoMinsa":28303,"direccion":"JIRÓN NAUTA NÚMERO 268 PISO 02 DISTRITO IQUITOS PROVINCIA MAYNAS DEPARTAMENTO LORETO","disa":"LORETO","red":"NO PERTENECE A NINGUNA RED","microrred":"NO PERTENECE A NINGUNA MICRORED","categoria":"ESTABLECIMIENTO DE SALUD SIN INTERNAMIENTO","condicion":"ACTIVO","actualizado":"2023/08/01 19:00:00.000","fuente":"MINSA","urlRenipr":"http://app20.susalud.gob.pe:8080/registro-renipress-webapp/ipress.htm?action=mostrarVer&idipress=00028303"}},{"type":"Feature","geometry":{"type":"Point","coordinates":[-73.24195786999996,-3.744730709999942]},"properties":{"objectid":12484,"nombre":"ECO DENTAL E.I.R.L","departamento":"LORETO","provincia":"MAYNAS","distrito":"IQUITOS","institucion":"PRIVADO","codigoMinsa":28124,"direccion":"JIRÓN TAVARA WEST NÚMERO 335 DISTRITO IQUITOS PROVINCIA MAYNAS DEPARTAMENTO LORETO","disa":"LORETO","red":"NO PERTENECE A NINGUNA RED","microrred":"NO PERTENECE A NINGUNA MICRORED","categoria":"ESTABLECIMIENTO DE SALUD SIN INTERNAMIENTO","condicion":"ACTIVO","actualizado":"2023/08/01 19:00:00.000","fuente":"MINSA","urlRenipr":"http://app20.susalud.gob.pe:8080/registro-renipress-webapp/ipress.htm?action=mostrarVer&idipress=00028124"}},{"type":"Feature","geometry":{"type":"Point","coordinates":[-74.61051507999997,-1.5686313099999438]},"properties":{"objectid":12513,"nombre":"ANGOTEROS","departamento":"LORETO","provincia":"MAYNAS","distrito":"TORRES CAUSANA","institucion":"GOBIERNO REGIONAL","codigoMinsa":71,"direccion":"OTROS ACTUALIZAR ACTUALIZAR TORRES CAUSANA MAYNAS LORETO","disa":"LORETO","red":"MAYNAS PERIFERIE","microrred":"SANTA CLOTILDE","categoria":"ESTABLECIMIENTO DE SALUD SIN INTERNAMIENTO","condicion":"ACTIVO","actualizado":"2023/08/01 19:00:00.000","fuente":"MINSA","urlRenipr":"http://app20.susalud.gob.pe:8080/registro-renipress-webapp/ipress.htm?action=mostrarVer&idipress=00000071"}},{"type":"Feature","geometry":{"type":"Point","coordinates":[-73.26603849999998,-3.7739832999999408]},"properties":{"objectid":12486,"nombre":"CENTRO MÉDICO HEALTH CARE SAC","departamento":"LORETO","provincia":"MAYNAS","distrito":"SAN JUAN BAUTISTA","institucion":"PRIVADO","codigoMinsa":28011,"direccion":"AVENIDA ABELARDO QUIÑONEZ KILOMETRO 3 DISTRITO SAN JUAN BAUTISTA PROVINCIA MAYNAS DEPARTAMENTO LORETO","disa":"LORETO","red":"NO PERTENECE A NINGUNA RED","microrred":"NO PERTENECE A NINGUNA MICRORED","categoria":"ESTABLECIMIENTO DE SALUD SIN INTERNAMIENTO","condicion":"ACTIVO","actualizado":"2023/08/01 19:00:00.000","fuente":"MINSA","urlRenipr":"http://app20.susalud.gob.pe:8080/registro-renipress-webapp/ipress.htm?action=mostrarVer&idipress=00028011"}},{"type":"Feature","geometry":{"type":"Point","coordinates":[-74.41081699999995,-6.6896679999999265]},"properties":{"objectid":12506,"nombre":"FATIMA","departamento":"LORETO","provincia":"REQUENA","distrito":"ALTO TAPICHE","institucion":"GOBIERNO REGIONAL","codigoMinsa":130,"direccion":"ACTUALIZAR","disa":"LORETO","red":"REQUENA","microrred":"REQUENA","categoria":"ESTABLECIMIENTO DE SALUD SIN INTERNAMIENTO","condicion":"ACTIVO","actualizado":"2023/08/01 19:00:00.000","fuente":"MINSA","urlRenipr":"http://app20.susalud.gob.pe:8080/registro-renipress-webapp/ipress.htm?action=mostrarVer&idipress=00000130"}},{"type":"Feature","geometry":{"type":"Point","coordinates":[-73.67675327999996,-2.4893968799999584]},"properties":{"objectid":12507,"nombre":"HOSPITAL II-1 SANTA CLOTILDE","departamento":"LORETO","provincia":"MAYNAS","distrito":"NAPO","institucion":"GOBIERNO REGIONAL","codigoMinsa":66,"direccion":"OTROS ACTUALIZAR ACTUALIZAR NAPO MAYNAS LORETO","disa":"LORETO","red":"MAYNAS PERIFERIE","microrred":"SANTA CLOTILDE","categoria":"ESTABLECIMIENTO DE SALUD CON INTERNAMIENTO","condicion":"ACTIVO","actualizado":"2023/08/01 19:00:00.000","fuente":"MINSA","urlRenipr":"http://app20.susalud.gob.pe:8080/registro-renipress-webapp/ipress.htm?action=mostrarVer&idipress=00000066"}},{"type":"Feature","geometry":{"type":"Point","coordinates":[-73.26205224999995,-3.767915529999925]},"properties":{"objectid":12547,"nombre":"CENTRO MEDICO MUNICIPAL","departamento":"LORETO","provincia":"MAYNAS","distrito":"BELEN","institucion":"PRIVADO","codigoMinsa":27822,"direccion":"CALLE PROGRESO NÚMERO 455 PISO 1 DISTRITO BELEN PROVINCIA MAYNAS DEPARTAMENTO LORETO","disa":"LORETO","red":"NO PERTENECE A NINGUNA RED","microrred":"NO PERTENECE A NINGUNA MICRORED","categoria":"ESTABLECIMIENTO DE SALUD SIN INTERNAMIENTO","condicion":"ACTIVO","actualizado":"2023/08/01 19:00:00.000","fuente":"MINSA","urlRenipr":"http://app20.susalud.gob.pe:8080/registro-renipress-webapp/ipress.htm?action=mostrarVer&idipress=00027822"}},{"type":"Feature","geometry":{"type":"Point","coordinates":[-73.29091061999998,-3.777395689999935]},"properties":{"objectid":12563,"nombre":"BIEN D SALUD_LORETO S.A.C","departamento":"LORETO","provincia":"MAYNAS","distrito":"SAN JUAN BAUTISTA","institucion":"PRIVADO","codigoMinsa":28471,"direccion":"AVENIDA QUIÑONES NÚMERO S/N KILOMETRO 4 DISTRITO SAN JUAN BAUTISTA PROVINCIA MAYNAS DEPARTAMENTO LORETO","disa":"LORETO","red":"NO PERTENECE A NINGUNA RED","microrred":"NO PERTENECE A NINGUNA MICRORED","categoria":"ESTABLECIMIENTO DE SALUD SIN INTERNAMIENTO","condicion":"ACTIVO","actualizado":"2023/08/01 19:00:00.000","fuente":"MINSA","urlRenipr":"http://app20.susalud.gob.pe:8080/registro-renipress-webapp/ipress.htm?action=mostrarVer&idipress=00028471"}},{"type":"Feature","geometry":{"type":"Point","coordinates":[-74.21793259999998,-4.232472899999948]},"properties":{"objectid":12592,"nombre":"BAP RIO YAVARI","departamento":"LORETO","provincia":"MAYNAS","distrito":"PUNCHANA","institucion":"SANIDAD DE LA MARINA DE GUERRA DEL PERU","codigoMinsa":29309,"direccion":"AVENIDA LA MARINA DISTRITO PUNCHANA PROVINCIA MAYNAS DEPARTAMENTO LORETO","disa":"LORETO","red":"","microrred":"NO PERTENECE A NINGUNA MICRORED","categoria":"OFERTA FLEXIBLE","condicion":"ACTIVO","actualizado":"2023/08/01 19:00:00.000","fuente":"MINSA","urlRenipr":"http://app20.susalud.gob.pe:8080/registro-renipress-webapp/ipress.htm?action=mostrarVer&idipress=00029309"}},{"type":"Feature","geometry":{"type":"Point","coordinates":[-73.31012599999997,-3.783036099999947]},"properties":{"objectid":12647,"nombre":"SANIDAD AGCLA","departamento":"LORETO","provincia":"MAYNAS","distrito":"SAN JUAN BAUTISTA","institucion":"SANIDAD DE LA FUERZA AEREA DEL PERU","codigoMinsa":11742,"direccion":"CARRETERA CARRETERA A SANTA CLARA DE NANAY DISTRITO SAN JUAN BAUTISTA PROVINCIA MAYNAS DEPARTAMENTO LORETO","disa":"LORETO","red":"NO PERTENECE A NINGUNA RED","microrred":"NO PERTENECE A NINGUNA MICRORED","categoria":"ESTABLECIMIENTO DE SALUD SIN INTERNAMIENTO","condicion":"ACTIVO","actualizado":"2023/08/01 19:00:00.000","fuente":"MINSA","urlRenipr":"http://app20.susalud.gob.pe:8080/registro-renipress-webapp/ipress.htm?action=mostrarVer&idipress=00011742"}},{"type":"Feature","geometry":{"type":"Point","coordinates":[-77.47285499999998,-4.556344999999965]},"properties":{"objectid":12716,"nombre":"NUEVO JERUSALEN","departamento":"LORETO","provincia":"DATEM DEL MARAÑON","distrito":"MANSERICHE","institucion":"GOBIERNO REGIONAL","codigoMinsa":6730,"direccion":"OTROS COMUNIDAD NUEVO JERUSALEN DISTRITO MANSERICHE PROVINCIA DATEM DEL MARAÑON DEPARTAMENTO LORETO","disa":"LORETO","red":"DATEM DEL MARAÑON","microrred":"MANSERICHE","categoria":"ESTABLECIMIENTO DE SALUD SIN INTERNAMIENTO","condicion":"ACTIVO","actualizado":"2023/08/01 19:00:00.000","fuente":"MINSA","urlRenipr":"http://app20.susalud.gob.pe:8080/registro-renipress-webapp/ipress.htm?action=mostrarVer&idipress=00006730"}},{"type":"Feature","geometry":{"type":"Point","coordinates":[-73.24571679999997,-3.752361399999927]},"properties":{"objectid":12781,"nombre":"CENTRO ORTODONCICO ESPECIALIZADO - MEGADENT","departamento":"LORETO","provincia":"MAYNAS","distrito":"IQUITOS","institucion":"PRIVADO","codigoMinsa":17558,"direccion":"OTROS MORONA N° 446 DISTRITO IQUITOS PROVINCIA MAYNAS DEPARTAMENTO LORETO","disa":"LORETO","red":"NO PERTENECE A NINGUNA RED","microrred":"NO PERTENECE A NINGUNA MICRORED","categoria":"ESTABLECIMIENTO DE SALUD SIN INTERNAMIENTO","condicion":"ACTIVO","actualizado":"2023/08/01 19:00:00.000","fuente":"MINSA","urlRenipr":"http://app20.susalud.gob.pe:8080/registro-renipress-webapp/ipress.htm?action=mostrarVer&idipress=00017558"}},{"type":"Feature","geometry":{"type":"Point","coordinates":[-74.84970013999998,-5.977316549999955]},"properties":{"objectid":13112,"nombre":"PUESTO DE SALUD I-1 BOLIVAR DE SARAYACU","departamento":"LORETO","provincia":"UCAYALI","distrito":"SARAYACU","institucion":"GOBIERNO REGIONAL","codigoMinsa":6764,"direccion":"OTROS ACTUALIZAR DISTRITO SARAYACU PROVINCIA UCAYALI DEPARTAMENTO LORETO","disa":"LORETO","red":"UCAYALI","microrred":"SARAYACU","categoria":"ESTABLECIMIENTO DE SALUD SIN INTERNAMIENTO","condicion":"ACTIVO","actualizado":"2023/08/01 19:00:00.000","fuente":"MINSA","urlRenipr":"http://app20.susalud.gob.pe:8080/registro-renipress-webapp/ipress.htm?action=mostrarVer&idipress=00006764"}},{"type":"Feature","geometry":{"type":"Point","coordinates":[-75.06725052999997,-6.5980057099999385]},"properties":{"objectid":13113,"nombre":"MIGUEL GRAU","departamento":"LORETO","provincia":"UCAYALI","distrito":"SARAYACU","institucion":"GOBIERNO REGIONAL","codigoMinsa":296,"direccion":"OTROS ACTUALIZAR DISTRITO SARAYACU PROVINCIA UCAYALI DEPARTAMENTO LORETO","disa":"LORETO","red":"UCAYALI","microrred":"SARAYACU","categoria":"ESTABLECIMIENTO DE SALUD SIN INTERNAMIENTO","condicion":"ACTIVO","actualizado":"2023/08/01 19:00:00.000","fuente":"MINSA","urlRenipr":"http://app20.susalud.gob.pe:8080/registro-renipress-webapp/ipress.htm?action=mostrarVer&idipress=00000296"}},{"type":"Feature","geometry":{"type":"Point","coordinates":[-75.29771700999999,-7.201664799999946]},"properties":{"objectid":13114,"nombre":"CENTRO DE SALUD I-3 PAMPA HERMOZA DE PAMPA HERMOZA","departamento":"LORETO","provincia":"UCAYALI","distrito":"PAMPA HERMOSA","institucion":"GOBIERNO REGIONAL","codigoMinsa":176,"direccion":"OTROS POBLADO DE PAMPA HERMOZA - RIO UCAYALI DISTRITO PAMPA HERMOSA PROVINCIA UCAYALI DEPARTAMENTO LORETO","disa":"LORETO","red":"UCAYALI","microrred":"CONTAMANA","categoria":"ESTABLECIMIENTO DE SALUD SIN INTERNAMIENTO","condicion":"ACTIVO","actualizado":"2023/08/01 19:00:00.000","fuente":"MINSA","urlRenipr":"http://app20.susalud.gob.pe:8080/registro-renipress-webapp/ipress.htm?action=mostrarVer&idipress=00000176"}},{"type":"Feature","geometry":{"type":"Point","coordinates":[-73.24988009999998,-3.738401099999976]},"properties":{"objectid":13369,"nombre":"CENTRO MEDICO REATEGUI E.I.R.L.","departamento":"LORETO","provincia":"MAYNAS","distrito":"IQUITOS","institucion":"PRIVADO","codigoMinsa":11292,"direccion":"OTROS MI PERU 207 DISTRITO IQUITOS PROVINCIA MAYNAS DEPARTAMENTO LORETO","disa":"LORETO","red":"NO PERTENECE A NINGUNA RED","microrred":"NO PERTENECE A NINGUNA MICRORED","categoria":"ESTABLECIMIENTO DE SALUD SIN INTERNAMIENTO","condicion":"ACTIVO","actualizado":"2023/08/01 19:00:00.000","fuente":"MINSA","urlRenipr":"http://app20.susalud.gob.pe:8080/registro-renipress-webapp/ipress.htm?action=mostrarVer&idipress=00011292"}},{"type":"Feature","geometry":{"type":"Point","coordinates":[-76.11290479999997,-5.90077169999995]},"properties":{"objectid":14260,"nombre":"CENTRO MEDICO ESPECIALIZADO Y SALUD OCUPACIONAL SR. DE LOS MILAGROS EPS EIRL","departamento":"LORETO","provincia":"ALTO AMAZONAS","distrito":"YURIMAGUAS","institucion":"PRIVADO","codigoMinsa":25429,"direccion":"CALLE PROGRESO NÚMERO 322 DISTRITO YURIMAGUAS PROVINCIA ALTO AMAZONAS DEPARTAMENTO LORETO","disa":"LORETO","red":"NO PERTENECE A NINGUNA RED","microrred":"NO PERTENECE A NINGUNA MICRORED","categoria":"ESTABLECIMIENTO DE SALUD SIN INTERNAMIENTO","condicion":"ACTIVO","actualizado":"2023/08/01 19:00:00.000","fuente":"MINSA","urlRenipr":"http://app20.susalud.gob.pe:8080/registro-renipress-webapp/ipress.htm?action=mostrarVer&idipress=00025429"}},{"type":"Feature","geometry":{"type":"Point","coordinates":[-76.24154999999996,-6.072699999999941]},"properties":{"objectid":14312,"nombre":"C.S. I-3 GRAU KM.40","departamento":"LORETO","provincia":"ALTO AMAZONAS","distrito":"YURIMAGUAS","institucion":"GOBIERNO REGIONAL","codigoMinsa":232,"direccion":"OTROS COMUNIDAD GRAU KM.40 COMUNIDAD GRAU KM.40 YURIMAGUAS ALTO AMAZONAS LORETO","disa":"LORETO","red":"ALTO AMAZONAS","microrred":"YURIMAGUAS","categoria":"ESTABLECIMIENTO DE SALUD SIN INTERNAMIENTO","condicion":"ACTIVO","actualizado":"2023/08/01 19:00:00.000","fuente":"MINSA","urlRenipr":"http://app20.susalud.gob.pe:8080/registro-renipress-webapp/ipress.htm?action=mostrarVer&idipress=00000232"}},{"type":"Feature","geometry":{"type":"Point","coordinates":[-76.25036999999998,-6.007739999999956]},"properties":{"objectid":14313,"nombre":"P.S. I-1 SANTO TOMAS DE YURIMAGUAS","departamento":"LORETO","provincia":"ALTO AMAZONAS","distrito":"YURIMAGUAS","institucion":"GOBIERNO REGIONAL","codigoMinsa":231,"direccion":"OTROS COMUNIDAD SAN TOMAS DISTRITO YURIMAGUAS PROVINCIA ALTO AMAZONAS DEPARTAMENTO LORETO","disa":"LORETO","red":"ALTO AMAZONAS","microrred":"YURIMAGUAS","categoria":"ESTABLECIMIENTO DE SALUD SIN INTERNAMIENTO","condicion":"ACTIVO","actualizado":"2023/08/01 19:00:00.000","fuente":"MINSA","urlRenipr":"http://app20.susalud.gob.pe:8080/registro-renipress-webapp/ipress.htm?action=mostrarVer&idipress=00000231"}},{"type":"Feature","geometry":{"type":"Point","coordinates":[-76.10676739999997,-5.894839299999944]},"properties":{"objectid":14339,"nombre":"ÓPTICA ROMA","departamento":"LORETO","provincia":"ALTO AMAZONAS","distrito":"YURIMAGUAS","institucion":"PRIVADO","codigoMinsa":25448,"direccion":"CALLE TENIENTE CESAR LOPEZ NÚMERO 310 DISTRITO YURIMAGUAS PROVINCIA ALTO AMAZONAS DEPARTAMENTO LORETO","disa":"","red":"","microrred":"","categoria":"SERVICIO MÉDICO DE APOYO","condicion":"RUC INACTIVO EN SUNAT","actualizado":"2023/08/01 19:00:00.000","fuente":"MINSA","urlRenipr":"http://app20.susalud.gob.pe:8080/registro-renipress-webapp/ipress.htm?action=mostrarVer&idipress=00025448"}},{"type":"Feature","geometry":{"type":"Point","coordinates":[-73.24503436999998,-3.7336473299999398]},"properties":{"objectid":14343,"nombre":"CONSULTORIO SONRISAS","departamento":"LORETO","provincia":"MAYNAS","distrito":"PUNCHANA","institucion":"PRIVADO","codigoMinsa":26024,"direccion":"CALLE NAUTA NÚMERO 424 DISTRITO PUNCHANA PROVINCIA MAYNAS DEPARTAMENTO LORETO","disa":"LORETO","red":"NO PERTENECE A NINGUNA RED","microrred":"NO PERTENECE A NINGUNA MICRORED","categoria":"ESTABLECIMIENTO DE SALUD SIN INTERNAMIENTO","condicion":"ACTIVO","actualizado":"2023/08/01 19:00:00.000","fuente":"MINSA","urlRenipr":"http://app20.susalud.gob.pe:8080/registro-renipress-webapp/ipress.htm?action=mostrarVer&idipress=00026024"}},{"type":"Feature","geometry":{"type":"Point","coordinates":[-76.11290479999997,-5.90077169999995]},"properties":{"objectid":14444,"nombre":"CLINICA ODONTOLOGICA VIRGEN DE CHAPI","departamento":"LORETO","provincia":"ALTO AMAZONAS","distrito":"YURIMAGUAS","institucion":"PRIVADO","codigoMinsa":26101,"direccion":"CALLE TENIENTE CESAR LOPEZ N?ERO 618 DISTRITO YURIMAGUAS PROVINCIA ALTO AMAZONAS DEPARTAMENTO LORETO","disa":"LORETO","red":"NO PERTENECE A NINGUNA RED","microrred":"NO PERTENECE A NINGUNA MICRORED","categoria":"ESTABLECIMIENTO DE SALUD SIN INTERNAMIENTO","condicion":"ACTIVO","actualizado":"2023/08/01 19:00:00.000","fuente":"MINSA","urlRenipr":"http://app20.susalud.gob.pe:8080/registro-renipress-webapp/ipress.htm?action=mostrarVer&idipress=00026101"}},{"type":"Feature","geometry":{"type":"Point","coordinates":[-76.11290479999997,-5.90077169999995]},"properties":{"objectid":14448,"nombre":"P.S. LA UNION DE ZAPOTE DE YURIMAGUAS","departamento":"LORETO","provincia":"ALTO AMAZONAS","distrito":"YURIMAGUAS","institucion":"GOBIERNO REGIONAL","codigoMinsa":26167,"direccion":"CARRETERA COMUNIDAD LA UNION DE ZAPOTE N?ERO S/N DISTRITO YURIMAGUAS PROVINCIA ALTO AMAZONAS DEPARTAMENTO LORETO","disa":"LORETO","red":"ALTO AMAZONAS","microrred":"YURIMAGUAS","categoria":"ESTABLECIMIENTO DE SALUD SIN INTERNAMIENTO","condicion":"ACTIVO","actualizado":"2023/08/01 19:00:00.000","fuente":"MINSA","urlRenipr":"http://app20.susalud.gob.pe:8080/registro-renipress-webapp/ipress.htm?action=mostrarVer&idipress=00026167"}},{"type":"Feature","geometry":{"type":"Point","coordinates":[-75.94687698999996,-5.609649519999948]},"properties":{"objectid":14449,"nombre":"P.S. I-1 HUATAPI DEL RIO HUALLAGA","departamento":"LORETO","provincia":"ALTO AMAZONAS","distrito":"SANTA CRUZ","institucion":"GOBIERNO REGIONAL","codigoMinsa":17685,"direccion":"OTROS ALFONSO WENINGER N° 237-B DISTRITO SANTA CRUZ PROVINCIA ALTO AMAZONAS DEPARTAMENTO LORETO","disa":"LORETO","red":"ALTO AMAZONAS","microrred":"SANTA CRUZ","categoria":"ESTABLECIMIENTO DE SALUD SIN INTERNAMIENTO","condicion":"ACTIVO","actualizado":"2023/08/01 19:00:00.000","fuente":"MINSA","urlRenipr":"http://app20.susalud.gob.pe:8080/registro-renipress-webapp/ipress.htm?action=mostrarVer&idipress=00017685"}},{"type":"Feature","geometry":{"type":"Point","coordinates":[-76.10963099999998,-5.8945999999999685]},"properties":{"objectid":14450,"nombre":"C.S. I-3 LA NATIVIDAD","departamento":"LORETO","provincia":"ALTO AMAZONAS","distrito":"YURIMAGUAS","institucion":"GOBIERNO REGIONAL","codigoMinsa":7325,"direccion":"OTROS MARGEN DERECHA DEL AEROPUERTO MOISÉS BENZÁQUEN RENGIFO MARGEN DERECHA DEL AEROPUERTO MOISÉS BENZÁQUEN RENGIFO YURIMAGUAS ALTO AMAZONAS LORETO","disa":"LORETO","red":"ALTO AMAZONAS","microrred":"YURIMAGUAS","categoria":"ESTABLECIMIENTO DE SALUD SIN INTERNAMIENTO","condicion":"ACTIVO","actualizado":"2023/08/01 19:00:00.000","fuente":"MINSA","urlRenipr":"http://app20.susalud.gob.pe:8080/registro-renipress-webapp/ipress.htm?action=mostrarVer&idipress=00007325"}},{"type":"Feature","geometry":{"type":"Point","coordinates":[-76.68916166999998,-4.825579999999945]},"properties":{"objectid":14451,"nombre":"P.S. I-1 BARRANCA","departamento":"LORETO","provincia":"DATEM DEL MARAÑON","distrito":"BARRANCA","institucion":"GOBIERNO REGIONAL","codigoMinsa":6687,"direccion":"OTROS COMUNIDAD BARRANCA DISTRITO BARRANCA PROVINCIA DATEM DEL MARAÑON DEPARTAMENTO LORETO","disa":"LORETO","red":"DATEM DEL MARAÑON","microrred":"BARRANCA","categoria":"ESTABLECIMIENTO DE SALUD SIN INTERNAMIENTO","condicion":"ACTIVO","actualizado":"2023/08/01 19:00:00.000","fuente":"MINSA","urlRenipr":"http://app20.susalud.gob.pe:8080/registro-renipress-webapp/ipress.htm?action=mostrarVer&idipress=00006687"}},{"type":"Feature","geometry":{"type":"Point","coordinates":[-73.25372811999995,-3.742573049999976]},"properties":{"objectid":14558,"nombre":"CENTRO DE SALUD MENTAL COMUNITARIO IQUITOS","departamento":"LORETO","provincia":"MAYNAS","distrito":"IQUITOS","institucion":"GOBIERNO REGIONAL","codigoMinsa":27598,"direccion":"CALLE ALMIRANTE GUISE NÚMERO 218 DISTRITO IQUITOS PROVINCIA MAYNAS DEPARTAMENTO LORETO","disa":"LORETO","red":"MAYNAS CIUDAD","microrred":"IQUITOS NORTE","categoria":"ESTABLECIMIENTO DE SALUD SIN INTERNAMIENTO","condicion":"ACTIVO","actualizado":"2023/08/01 19:00:00.000","fuente":"MINSA","urlRenipr":"http://app20.susalud.gob.pe:8080/registro-renipress-webapp/ipress.htm?action=mostrarVer&idipress=00027598"}},{"type":"Feature","geometry":{"type":"Point","coordinates":[-73.28272999999996,-3.719509999999957]},"properties":{"objectid":14559,"nombre":"MANACAMIRI","departamento":"LORETO","provincia":"MAYNAS","distrito":"IQUITOS","institucion":"GOBIERNO REGIONAL","codigoMinsa":12,"direccion":"CASERIO MANACAMIRI - RIO NANAY","disa":"LORETO","red":"MAYNAS CIUDAD","microrred":"IQUITOS NORTE","categoria":"ESTABLECIMIENTO DE SALUD SIN INTERNAMIENTO","condicion":"ACTIVO","actualizado":"2023/08/01 19:00:00.000","fuente":"MINSA","urlRenipr":"http://app20.susalud.gob.pe:8080/registro-renipress-webapp/ipress.htm?action=mostrarVer&idipress=00000012"}},{"type":"Feature","geometry":{"type":"Point","coordinates":[-73.39033999999998,-4.059319999999957]},"properties":{"objectid":14560,"nombre":"VILLA BUEN PASTOR","departamento":"LORETO","provincia":"MAYNAS","distrito":"SAN JUAN BAUTISTA","institucion":"GOBIERNO REGIONAL","codigoMinsa":6846,"direccion":"CARRETERA IQUITOS NAUTA KM 21","disa":"LORETO","red":"MAYNAS CIUDAD","microrred":"IQUITOS SUR","categoria":"ESTABLECIMIENTO DE SALUD SIN INTERNAMIENTO","condicion":"ACTIVO","actualizado":"2023/08/01 19:00:00.000","fuente":"MINSA","urlRenipr":"http://app20.susalud.gob.pe:8080/registro-renipress-webapp/ipress.htm?action=mostrarVer&idipress=00006846"}},{"type":"Feature","geometry":{"type":"Point","coordinates":[-73.02528999999998,-2.3656299999999533]},"properties":{"objectid":14561,"nombre":"FLOR DE AGOSTO","departamento":"LORETO","provincia":"PUTUMAYO","distrito":"PUTUMAYO","institucion":"GOBIERNO REGIONAL","codigoMinsa":84,"direccion":"OTROS CASERIO DE FLOR DE AGOSTO DISTRITO PUTUMAYO PROVINCIA PUTUMAYO DEPARTAMENTO LORETO","disa":"LORETO","red":"MAYNAS PERIFERIE","microrred":"PUTUMAYO","categoria":"ESTABLECIMIENTO DE SALUD SIN INTERNAMIENTO","condicion":"ACTIVO","actualizado":"2023/08/01 19:00:00.000","fuente":"MINSA","urlRenipr":"http://app20.susalud.gob.pe:8080/registro-renipress-webapp/ipress.htm?action=mostrarVer&idipress=00000084"}},{"type":"Feature","geometry":{"type":"Point","coordinates":[-73.73350792999997,-4.631899019999935]},"properties":{"objectid":14562,"nombre":"PUESTO DE SALUD I-1 SUCRE DEL RIO MARAÑÓN","departamento":"LORETO","provincia":"LORETO","distrito":"NAUTA","institucion":"GOBIERNO REGIONAL","codigoMinsa":26611,"direccion":"OTROS SUCRE-MARAÑÓN COMUNIDAD DE SUCRE RIO MARAÑÓN NAUTA LORETO LORETO","disa":"LORETO","red":"LORETO","microrred":"NAUTA","categoria":"ESTABLECIMIENTO DE SALUD SIN INTERNAMIENTO","condicion":"ACTIVO","actualizado":"2023/08/01 19:00:00.000","fuente":"MINSA","urlRenipr":"http://app20.susalud.gob.pe:8080/registro-renipress-webapp/ipress.htm?action=mostrarVer&idipress=00026611"}},{"type":"Feature","geometry":{"type":"Point","coordinates":[-75.17465846999994,-0.9704193399999781]},"properties":{"objectid":14563,"nombre":"P.S. I-2 MCABO PANTOJA DE TORRES CAUSANA","departamento":"LORETO","provincia":"MAYNAS","distrito":"TORRES CAUSANA","institucion":"GOBIERNO REGIONAL","codigoMinsa":74,"direccion":"OTROS ACTUALIZAR ACTUALIZAR TORRES CAUSANA MAYNAS LORETO","disa":"LORETO","red":"MAYNAS PERIFERIE","microrred":"SANTA CLOTILDE","categoria":"ESTABLECIMIENTO DE SALUD SIN INTERNAMIENTO","condicion":"ACTIVO","actualizado":"2023/08/01 19:00:00.000","fuente":"MINSA","urlRenipr":"http://app20.susalud.gob.pe:8080/registro-renipress-webapp/ipress.htm?action=mostrarVer&idipress=00000074"}},{"type":"Feature","geometry":{"type":"Point","coordinates":[-76.55362579999996,-4.827869299999975]},"properties":{"objectid":14565,"nombre":"PUESTO DE SALUD I-2 SANTA ROSA DE SARAMIRIZA","departamento":"LORETO","provincia":"DATEM DEL MARAÑON","distrito":"MANSERICHE","institucion":"GOBIERNO REGIONAL","codigoMinsa":25127,"direccion":"OTROS comunidad de santa rosa de saramiriza DISTRITO MANSERICHE PROVINCIA DATEM DEL MARAÑON DEPARTAMENTO LORETO","disa":"LORETO","red":"DATEM DEL MARAÑON","microrred":"MANSERICHE","categoria":"ESTABLECIMIENTO DE SALUD SIN INTERNAMIENTO","condicion":"ACTIVO","actualizado":"2023/08/01 19:00:00.000","fuente":"MINSA","urlRenipr":"http://app20.susalud.gob.pe:8080/registro-renipress-webapp/ipress.htm?action=mostrarVer&idipress=00025127"}},{"type":"Feature","geometry":{"type":"Point","coordinates":[-73.48776062999997,-4.23071318999996]},"properties":{"objectid":14566,"nombre":"P.S. I-2 CAHUIDE","departamento":"LORETO","provincia":"MAYNAS","distrito":"SAN JUAN BAUTISTA","institucion":"GOBIERNO REGIONAL","codigoMinsa":6694,"direccion":"CARRETERA CARRETERA IQUITOS NAUTA KM-33 CARRETERA IQUITOS NAUTA KM-33 SAN JUAN BAUTISTA MAYNAS LORETO","disa":"LORETO","red":"MAYNAS CIUDAD","microrred":"IQUITOS SUR","categoria":"ESTABLECIMIENTO DE SALUD SIN INTERNAMIENTO","condicion":"ACTIVO","actualizado":"2023/08/01 19:00:00.000","fuente":"MINSA","urlRenipr":"http://app20.susalud.gob.pe:8080/registro-renipress-webapp/ipress.htm?action=mostrarVer&idipress=00006694"}},{"type":"Feature","geometry":{"type":"Point","coordinates":[-74.87136701999998,-2.12144485999994]},"properties":{"objectid":14567,"nombre":"P.S. I-1 BUENA VISTA DEL NAPO","departamento":"LORETO","provincia":"MAYNAS","distrito":"NAPO","institucion":"GOBIERNO REGIONAL","codigoMinsa":286,"direccion":"OTROS ACTUALIZAR DISTRITO NAPO PROVINCIA MAYNAS DEPARTAMENTO LORETO","disa":"LORETO","red":"MAYNAS PERIFERIE","microrred":"SANTA CLOTILDE","categoria":"ESTABLECIMIENTO DE SALUD SIN INTERNAMIENTO","condicion":"ACTIVO","actualizado":"2023/08/01 19:00:00.000","fuente":"MINSA","urlRenipr":"http://app20.susalud.gob.pe:8080/registro-renipress-webapp/ipress.htm?action=mostrarVer&idipress=00000286"}},{"type":"Feature","geometry":{"type":"Point","coordinates":[-73.16686999999996,-3.602859999999964]},"properties":{"objectid":14568,"nombre":"SANTA MARIA DEL OJEAL","departamento":"LORETO","provincia":"MAYNAS","distrito":"PUNCHANA","institucion":"GOBIERNO REGIONAL","codigoMinsa":19,"direccion":"OTROS CASERIO DE SANTA MARIA DEL OJEAL DISTRITO PUNCHANA PROVINCIA MAYNAS DEPARTAMENTO LORETO","disa":"LORETO","red":"MAYNAS CIUDAD","microrred":"PUNCHANA","categoria":"ESTABLECIMIENTO DE SALUD SIN INTERNAMIENTO","condicion":"ACTIVO","actualizado":"2023/08/01 19:00:00.000","fuente":"MINSA","urlRenipr":"http://app20.susalud.gob.pe:8080/registro-renipress-webapp/ipress.htm?action=mostrarVer&idipress=00000019"}},{"type":"Feature","geometry":{"type":"Point","coordinates":[-74.65945643999999,-5.771863379999957]},"properties":{"objectid":14569,"nombre":"P.S I - 1 OBRERO","departamento":"LORETO","provincia":"REQUENA","distrito":"MAQUIA","institucion":"GOBIERNO REGIONAL","codigoMinsa":144,"direccion":"OTROS CASERIO OBRERO DISTRITO MAQUIA PROVINCIA REQUENA DEPARTAMENTO LORETO","disa":"LORETO","red":"REQUENA","microrred":"BRETAÑA","categoria":"ESTABLECIMIENTO DE SALUD SIN INTERNAMIENTO","condicion":"ACTIVO","actualizado":"2023/08/01 19:00:00.000","fuente":"MINSA","urlRenipr":"http://app20.susalud.gob.pe:8080/registro-renipress-webapp/ipress.htm?action=mostrarVer&idipress=00000144"}},{"type":"Feature","geometry":{"type":"Point","coordinates":[-74.67638178999994,-5.941617389999976]},"properties":{"objectid":14570,"nombre":"NUEVO SAN JOSE","departamento":"LORETO","provincia":"REQUENA","distrito":"MAQUIA","institucion":"GOBIERNO REGIONAL","codigoMinsa":141,"direccion":"OTROS ACTUALIZAR DISTRITO MAQUIA PROVINCIA REQUENA DEPARTAMENTO LORETO","disa":"LORETO","red":"REQUENA","microrred":"REQUENA","categoria":"ESTABLECIMIENTO DE SALUD SIN INTERNAMIENTO","condicion":"ACTIVO","actualizado":"2023/08/01 19:00:00.000","fuente":"MINSA","urlRenipr":"http://app20.susalud.gob.pe:8080/registro-renipress-webapp/ipress.htm?action=mostrarVer&idipress=00000141"}},{"type":"Feature","geometry":{"type":"Point","coordinates":[-75.06069499999995,-3.8063269999999534]},"properties":{"objectid":14571,"nombre":"VILLA TROMPETEROS","departamento":"LORETO","provincia":"LORETO","distrito":"TROMPETEROS","institucion":"GOBIERNO REGIONAL","codigoMinsa":105,"direccion":"OTROS CASERIO VILLA TROMPETERO CASERIO VILLA TROMPETERO TROMPETEROS LORETO LORETO","disa":"LORETO","red":"LORETO","microrred":"VILLA TROMPETERO","categoria":"ESTABLECIMIENTO DE SALUD CON INTERNAMIENTO","condicion":"ACTIVO","actualizado":"2023/08/01 19:00:00.000","fuente":"MINSA","urlRenipr":"http://app20.susalud.gob.pe:8080/registro-renipress-webapp/ipress.htm?action=mostrarVer&idipress=00000105"}},{"type":"Feature","geometry":{"type":"Point","coordinates":[-73.90528636999994,-4.512541229999954]},"properties":{"objectid":14572,"nombre":"SAN REGIS","departamento":"LORETO","provincia":"LORETO","distrito":"NAUTA","institucion":"GOBIERNO REGIONAL","codigoMinsa":97,"direccion":"OTROS ACTUALIZAR DISTRITO NAUTA PROVINCIA LORETO DEPARTAMENTO LORETO","disa":"LORETO","red":"LORETO","microrred":"NAUTA","categoria":"ESTABLECIMIENTO DE SALUD SIN INTERNAMIENTO","condicion":"ACTIVO","actualizado":"2023/08/01 19:00:00.000","fuente":"MINSA","urlRenipr":"http://app20.susalud.gob.pe:8080/registro-renipress-webapp/ipress.htm?action=mostrarVer&idipress=00000097"}},{"type":"Feature","geometry":{"type":"Point","coordinates":[-73.10757497999998,-3.6512447799999563]},"properties":{"objectid":14573,"nombre":"YANAYACU BOMBONAJE","departamento":"LORETO","provincia":"MAYNAS","distrito":"INDIANA","institucion":"GOBIERNO REGIONAL","codigoMinsa":57,"direccion":"CASERIO YANAYACU BOMBONAJE","disa":"LORETO","red":"MAYNAS PERIFERIE","microrred":"MAZAN","categoria":"ESTABLECIMIENTO DE SALUD SIN INTERNAMIENTO","condicion":"ACTIVO","actualizado":"2023/08/01 19:00:00.000","fuente":"MINSA","urlRenipr":"http://app20.susalud.gob.pe:8080/registro-renipress-webapp/ipress.htm?action=mostrarVer&idipress=00000057"}},{"type":"Feature","geometry":{"type":"Point","coordinates":[-73.24611580999994,-3.754114569999956]},"properties":{"objectid":14635,"nombre":"SALUD GAINVA SAC","departamento":"LORETO","provincia":"MAYNAS","distrito":"IQUITOS","institucion":"PRIVADO","codigoMinsa":24648,"direccion":"CALLE RICARDO PALMA NÚMERO 158 DISTRITO IQUITOS PROVINCIA MAYNAS DEPARTAMENTO LORETO","disa":"LORETO","red":"NO PERTENECE A NINGUNA RED","microrred":"NO PERTENECE A NINGUNA MICRORED","categoria":"SERVICIO MÉDICO DE APOYO","condicion":"ACTIVO","actualizado":"2023/08/01 19:00:00.000","fuente":"MINSA","urlRenipr":"http://app20.susalud.gob.pe:8080/registro-renipress-webapp/ipress.htm?action=mostrarVer&idipress=00024648"}},{"type":"Feature","geometry":{"type":"Point","coordinates":[-73.24036540999998,-3.7326870799999483]},"properties":{"objectid":14656,"nombre":"B.A.P. PASTAZA","departamento":"LORETO","provincia":"MAYNAS","distrito":"PUNCHANA","institucion":"SANIDAD DE LA MARINA DE GUERRA DEL PERU","codigoMinsa":14019,"direccion":"AVENIDA AVENIDA LA MARINA S/N NÚMERO S/N DISTRITO PUNCHANA PROVINCIA MAYNAS DEPARTAMENTO LORETO","disa":"LORETO","red":"NO PERTENECE A NINGUNA RED","microrred":"NO PERTENECE A NINGUNA MICRORED","categoria":"OFERTA FLEXIBLE","condicion":"ACTIVO","actualizado":"2023/08/01 19:00:00.000","fuente":"MINSA","urlRenipr":"http://app20.susalud.gob.pe:8080/registro-renipress-webapp/ipress.htm?action=mostrarVer&idipress=00014019"}},{"type":"Feature","geometry":{"type":"Point","coordinates":[-73.24065699999994,-3.732691809999949]},"properties":{"objectid":14660,"nombre":"PIAS PUTUMAYO II","departamento":"LORETO","provincia":"MAYNAS","distrito":"PUNCHANA","institucion":"SANIDAD DE LA MARINA DE GUERRA DEL PERU","codigoMinsa":29976,"direccion":"OTROS AV LA MARINA NÚMERO S/N DISTRITO PUNCHANA PROVINCIA MAYNAS DEPARTAMENTO LORETO","disa":"LORETO","red":"","microrred":"NO PERTENECE A NINGUNA MICRORED","categoria":"OFERTA FLEXIBLE","condicion":"ACTIVO","actualizado":"2023/08/01 19:00:00.000","fuente":"MINSA","urlRenipr":"http://app20.susalud.gob.pe:8080/registro-renipress-webapp/ipress.htm?action=mostrarVer&idipress=00029976"}},{"type":"Feature","geometry":{"type":"Point","coordinates":[-73.24876799999998,-3.7460261299999615]},"properties":{"objectid":14905,"nombre":"HAPPY DENT","departamento":"LORETO","provincia":"MAYNAS","distrito":"IQUITOS","institucion":"PRIVADO","codigoMinsa":21081,"direccion":"JIRÓN JR PUTUMAYO 780 DISTRITO IQUITOS PROVINCIA MAYNAS DEPARTAMENTO LORETO","disa":"LORETO","red":"NO PERTENECE A NINGUNA RED","microrred":"NO PERTENECE A NINGUNA MICRORED","categoria":"ESTABLECIMIENTO DE SALUD SIN INTERNAMIENTO","condicion":"ACTIVO","actualizado":"2023/08/01 19:00:00.000","fuente":"MINSA","urlRenipr":"http://app20.susalud.gob.pe:8080/registro-renipress-webapp/ipress.htm?action=mostrarVer&idipress=00021081"}},{"type":"Feature","geometry":{"type":"Point","coordinates":[-73.24700712999999,-3.7549548099999583]},"properties":{"objectid":15000,"nombre":"LABORATORIO CLINICO DAVILA","departamento":"LORETO","provincia":"MAYNAS","distrito":"IQUITOS","institucion":"PRIVADO","codigoMinsa":19433,"direccion":"JIRÓN JIRON SAN MARTIN N° 177 DISTRITO IQUITOS PROVINCIA MAYNAS DEPARTAMENTO LORETO","disa":"LORETO","red":"NO PERTENECE A NINGUNA RED","microrred":"NO PERTENECE A NINGUNA MICRORED","categoria":"SERVICIO MÉDICO DE APOYO","condicion":"ACTIVO","actualizado":"2023/08/01 19:00:00.000","fuente":"MINSA","urlRenipr":"http://app20.susalud.gob.pe:8080/registro-renipress-webapp/ipress.htm?action=mostrarVer&idipress=00019433"}},{"type":"Feature","geometry":{"type":"Point","coordinates":[-76.16686166999995,-7.086506289999932]},"properties":{"objectid":15163,"nombre":"IPRESS I-1 PLAYA HERMOSA","departamento":"LORETO","provincia":"UCAYALI","distrito":"PAMPA HERMOSA","institucion":"GOBIERNO REGIONAL","codigoMinsa":31540,"direccion":"OTROS CASERÍO DE PLAYA HERMOSA NÚMERO S/N DISTRITO PAMPA HERMOSA PROVINCIA UCAYALI DEPARTAMENTO LORETO","disa":"LORETO","red":"UCAYALI","microrred":"CONTAMANA","categoria":"ESTABLECIMIENTO DE SALUD SIN INTERNAMIENTO","condicion":"ACTIVO","actualizado":"2023/08/01 19:00:00.000","fuente":"MINSA","urlRenipr":"http://app20.susalud.gob.pe:8080/registro-renipress-webapp/ipress.htm?action=mostrarVer&idipress=00031540"}},{"type":"Feature","geometry":{"type":"Point","coordinates":[-75.19141308999997,-7.13915671999996]},"properties":{"objectid":15164,"nombre":"IPRESS PACASHANAYA","departamento":"LORETO","provincia":"UCAYALI","distrito":"PAMPA HERMOSA","institucion":"GOBIERNO REGIONAL","codigoMinsa":31156,"direccion":"OTROS CENTRO POBLADO PACASHANAYA NÚMERO SN DISTRITO PAMPA HERMOSA PROVINCIA UCAYALI DEPARTAMENTO LORETO","disa":"LORETO","red":"UCAYALI","microrred":"CONTAMANA","categoria":"ESTABLECIMIENTO DE SALUD SIN INTERNAMIENTO","condicion":"ACTIVO","actualizado":"2023/08/01 19:00:00.000","fuente":"MINSA","urlRenipr":"http://app20.susalud.gob.pe:8080/registro-renipress-webapp/ipress.htm?action=mostrarVer&idipress=00031156"}},{"type":"Feature","geometry":{"type":"Point","coordinates":[-74.71092038999996,-5.941742869999928]},"properties":{"objectid":15165,"nombre":"PUESTO DE SALUD I-1 HUAÑUNA","departamento":"LORETO","provincia":"UCAYALI","distrito":"SARAYACU","institucion":"GOBIERNO REGIONAL","codigoMinsa":183,"direccion":"OTROS ACTUALIZAR DISTRITO SARAYACU PROVINCIA UCAYALI DEPARTAMENTO LORETO","disa":"LORETO","red":"UCAYALI","microrred":"SARAYACU","categoria":"ESTABLECIMIENTO DE SALUD SIN INTERNAMIENTO","condicion":"ACTIVO","actualizado":"2023/08/01 19:00:00.000","fuente":"MINSA","urlRenipr":"http://app20.susalud.gob.pe:8080/registro-renipress-webapp/ipress.htm?action=mostrarVer&idipress=00000183"}},{"type":"Feature","geometry":{"type":"Point","coordinates":[-74.84089758999994,-7.9464333899999815]},"properties":{"objectid":15166,"nombre":"CENTRO DE SALUD I-3 TIRUNTAN","departamento":"LORETO","provincia":"UCAYALI","distrito":"PADRE MARQUEZ","institucion":"GOBIERNO REGIONAL","codigoMinsa":171,"direccion":"OTROS COMUNIDAD DE TIRUNTAN - RIO UCAYALI COMUNIDAD DE TIRUNTAN - RIO UCAYALI PADRE MARQUEZ UCAYALI LORETO","disa":"LORETO","red":"UCAYALI","microrred":"PADRE MARQUEZ","categoria":"ESTABLECIMIENTO DE SALUD SIN INTERNAMIENTO","condicion":"ACTIVO","actualizado":"2023/08/01 19:00:00.000","fuente":"MINSA","urlRenipr":"http://app20.susalud.gob.pe:8080/registro-renipress-webapp/ipress.htm?action=mostrarVer&idipress=00000171"}},{"type":"Feature","geometry":{"type":"Point","coordinates":[-74.99148999999994,-7.629029999999943]},"properties":{"objectid":15167,"nombre":"PUESTO DE SALUD I -1 TUMBES","departamento":"LORETO","provincia":"UCAYALI","distrito":"CONTAMANA","institucion":"GOBIERNO REGIONAL","codigoMinsa":167,"direccion":"OTROS ACTUALIZAR DISTRITO CONTAMANA PROVINCIA UCAYALI DEPARTAMENTO LORETO","disa":"LORETO","red":"UCAYALI","microrred":"CONTAMANA","categoria":"ESTABLECIMIENTO DE SALUD SIN INTERNAMIENTO","condicion":"ACTIVO","actualizado":"2023/08/01 19:00:00.000","fuente":"MINSA","urlRenipr":"http://app20.susalud.gob.pe:8080/registro-renipress-webapp/ipress.htm?action=mostrarVer&idipress=00000167"}},{"type":"Feature","geometry":{"type":"Point","coordinates":[-75.11657717999998,-6.3941127799999435]},"properties":{"objectid":15168,"nombre":"P.S. I-2 DOS DE MAYO DE SARAYACU","departamento":"LORETO","provincia":"UCAYALI","distrito":"SARAYACU","institucion":"GOBIERNO REGIONAL","codigoMinsa":181,"direccion":"OTROS ACTUALIZAR ACTUALIZAR SARAYACU UCAYALI LORETO","disa":"LORETO","red":"UCAYALI","microrred":"SARAYACU","categoria":"ESTABLECIMIENTO DE SALUD SIN INTERNAMIENTO","condicion":"ACTIVO","actualizado":"2023/08/01 19:00:00.000","fuente":"MINSA","urlRenipr":"http://app20.susalud.gob.pe:8080/registro-renipress-webapp/ipress.htm?action=mostrarVer&idipress=00000181"}},{"type":"Feature","geometry":{"type":"Point","coordinates":[-73.25096347999994,-3.7286841699999513]},"properties":{"objectid":15204,"nombre":"CENTRO MEDICO INFANTIL \"NIÑOS FELICES\"","departamento":"LORETO","provincia":"MAYNAS","distrito":"PUNCHANA","institucion":"PRIVADO","codigoMinsa":15091,"direccion":"CALLE CALLE PANAMA 582-989 DISTRITO PUNCHANA PROVINCIA MAYNAS DEPARTAMENTO LORETO","disa":"LORETO","red":"NO PERTENECE A NINGUNA RED","microrred":"NO PERTENECE A NINGUNA MICRORED","categoria":"ESTABLECIMIENTO DE SALUD SIN INTERNAMIENTO","condicion":"ACTIVO","actualizado":"2023/08/01 19:00:00.000","fuente":"MINSA","urlRenipr":"http://app20.susalud.gob.pe:8080/registro-renipress-webapp/ipress.htm?action=mostrarVer&idipress=00015091"}},{"type":"Feature","geometry":{"type":"Point","coordinates":[-73.24701276999997,-3.7499831399999266]},"properties":{"objectid":15601,"nombre":"SARLOR","departamento":"LORETO","provincia":"MAYNAS","distrito":"IQUITOS","institucion":"PRIVADO","codigoMinsa":12075,"direccion":"OTROS SARGENTO LORES NÚMERO 425 DISTRITO IQUITOS PROVINCIA MAYNAS DEPARTAMENTO LORETO","disa":"LORETO","red":"NO PERTENECE A NINGUNA RED","microrred":"NO PERTENECE A NINGUNA MICRORED","categoria":"ESTABLECIMIENTO DE SALUD SIN INTERNAMIENTO","condicion":"ACTIVO","actualizado":"2023/08/01 19:00:00.000","fuente":"MINSA","urlRenipr":"http://app20.susalud.gob.pe:8080/registro-renipress-webapp/ipress.htm?action=mostrarVer&idipress=00012075"}},{"type":"Feature","geometry":{"type":"Point","coordinates":[-73.25163259999994,-3.743673499999943]},"properties":{"objectid":15837,"nombre":"CENTRO DEN","departamento":"LORETO","provincia":"MAYNAS","distrito":"IQUITOS","institucion":"PRIVADO","codigoMinsa":29367,"direccion":"CALLE YURIMAGUAS NÚMERO 591 PISO 1 DEPARTAMENTO 1 INTERIOR 11 DISTRITO IQUITOS PROVINCIA MAYNAS DEPARTAMENTO LORETO","disa":"LORETO","red":"","microrred":"","categoria":"ESTABLECIMIENTO DE SALUD SIN INTERNAMIENTO","condicion":"ACTIVO","actualizado":"2023/08/01 19:00:00.000","fuente":"MINSA","urlRenipr":"http://app20.susalud.gob.pe:8080/registro-renipress-webapp/ipress.htm?action=mostrarVer&idipress=00029367"}},{"type":"Feature","geometry":{"type":"Point","coordinates":[-73.27373846999996,-3.7746965799999543]},"properties":{"objectid":16141,"nombre":"CARDOZO","departamento":"LORETO","provincia":"MAYNAS","distrito":"BELEN","institucion":"GOBIERNO REGIONAL","codigoMinsa":24,"direccion":"CALLE CALLE QUIÑONES Nº300 CALLE QUIÑONES Nº300 BELEN MAYNAS LORETO","disa":"LORETO","red":"MAYNAS CIUDAD","microrred":"BELEN","categoria":"ESTABLECIMIENTO DE SALUD SIN INTERNAMIENTO","condicion":"ACTIVO","actualizado":"2023/08/01 19:00:00.000","fuente":"MINSA","urlRenipr":"http://app20.susalud.gob.pe:8080/registro-renipress-webapp/ipress.htm?action=mostrarVer&idipress=00000024"}},{"type":"Feature","geometry":{"type":"Point","coordinates":[-73.25163259999994,-3.743673499999943]},"properties":{"objectid":16149,"nombre":"CENTRO MEDICO JH E.I.R.L","departamento":"LORETO","provincia":"MAYNAS","distrito":"SAN JUAN BAUTISTA","institucion":"PRIVADO","codigoMinsa":25446,"direccion":"AVENIDA PARTICIPACION NÚMERO 4340 MANZANA I LOTE 07 URBANIZACIÓN A.H PROGRESO DISTRITO SAN JUAN BAUTISTA PROVINCIA MAYNAS DEPARTAMENTO LORETO","disa":"LORETO","red":"NO PERTENECE A NINGUNA RED","microrred":"NO PERTENECE A NINGUNA MICRORED","categoria":"ESTABLECIMIENTO DE SALUD SIN INTERNAMIENTO","condicion":"ACTIVO","actualizado":"2023/08/01 19:00:00.000","fuente":"MINSA","urlRenipr":"http://app20.susalud.gob.pe:8080/registro-renipress-webapp/ipress.htm?action=mostrarVer&idipress=00025446"}},{"type":"Feature","geometry":{"type":"Point","coordinates":[-73.28654999999998,-3.7744199999999637]},"properties":{"objectid":16150,"nombre":"SAN JUAN DE MIRAFLORES","departamento":"LORETO","provincia":"MAYNAS","distrito":"SAN JUAN BAUTISTA","institucion":"GOBIERNO REGIONAL","codigoMinsa":25,"direccion":"AVENIDA AV. LOS ANGELES SIN NUMERO AV. LOS ANGELES SIN NUMERO SAN JUAN BAUTISTA MAYNAS LORETO","disa":"LORETO","red":"MAYNAS CIUDAD","microrred":"IQUITOS SUR","categoria":"ESTABLECIMIENTO DE SALUD CON INTERNAMIENTO","condicion":"ACTIVO","actualizado":"2023/08/01 19:00:00.000","fuente":"MINSA","urlRenipr":"http://app20.susalud.gob.pe:8080/registro-renipress-webapp/ipress.htm?action=mostrarVer&idipress=00000025"}},{"type":"Feature","geometry":{"type":"Point","coordinates":[-73.58422439999998,-4.506237699999929]},"properties":{"objectid":16260,"nombre":"CENTRO DE ATENCION PRIMARIA II NAUTA","departamento":"LORETO","provincia":"LORETO","distrito":"NAUTA","institucion":"ESSALUD","codigoMinsa":11403,"direccion":"OTROS TARAPACA N° 1179 - NAUTA DISTRITO NAUTA PROVINCIA LORETO DEPARTAMENTO LORETO","disa":"LORETO","red":"NO PERTENECE A NINGUNA RED","microrred":"NO PERTENECE A NINGUNA MICRORED","categoria":"ESTABLECIMIENTO DE SALUD SIN INTERNAMIENTO","condicion":"ACTIVO","actualizado":"2023/08/01 19:00:00.000","fuente":"MINSA","urlRenipr":"http://app20.susalud.gob.pe:8080/registro-renipress-webapp/ipress.htm?action=mostrarVer&idipress=00011403"}},{"type":"Feature","geometry":{"type":"Point","coordinates":[-77.54573000999994,-4.752486869999927]},"properties":{"objectid":16315,"nombre":"P.S. I-1 PALESTINA","departamento":"LORETO","provincia":"DATEM DEL MARAÑON","distrito":"MANSERICHE","institucion":"GOBIERNO REGIONAL","codigoMinsa":26287,"direccion":"AVENIDA AV. PRINCIPAL S/N 1 0 0 CARRETERA A PALESTINA MANSERICHE DATEM DEL MARAÑON LORETO","disa":"LORETO","red":"DATEM DEL MARAÑON","microrred":"MANSERICHE","categoria":"ESTABLECIMIENTO DE SALUD SIN INTERNAMIENTO","condicion":"ACTIVO","actualizado":"2023/08/01 19:00:00.000","fuente":"MINSA","urlRenipr":"http://app20.susalud.gob.pe:8080/registro-renipress-webapp/ipress.htm?action=mostrarVer&idipress=00026287"}},{"type":"Feature","geometry":{"type":"Point","coordinates":[-76.26956999999999,-6.102749999999958]},"properties":{"objectid":16319,"nombre":"C.S. I-4 PAMPA HERMOZA DE YURIMAGUAS","departamento":"LORETO","provincia":"ALTO AMAZONAS","distrito":"YURIMAGUAS","institucion":"GOBIERNO REGIONAL","codigoMinsa":212,"direccion":"OTROS ACTUALIZAR ACTUALIZAR YURIMAGUAS ALTO AMAZONAS LORETO","disa":"LORETO","red":"ALTO AMAZONAS","microrred":"YURIMAGUAS","categoria":"ESTABLECIMIENTO DE SALUD CON INTERNAMIENTO","condicion":"ACTIVO","actualizado":"2023/08/01 19:00:00.000","fuente":"MINSA","urlRenipr":"http://app20.susalud.gob.pe:8080/registro-renipress-webapp/ipress.htm?action=mostrarVer&idipress=00000212"}},{"type":"Feature","geometry":{"type":"Point","coordinates":[-75.59497670999997,-5.069952529999966]},"properties":{"objectid":16320,"nombre":"P.S. I-1 PUERTO VICTORIA","departamento":"LORETO","provincia":"ALTO AMAZONAS","distrito":"LAGUNAS","institucion":"GOBIERNO REGIONAL","codigoMinsa":195,"direccion":"OTROS COMUNIDAD PUERTO VICTORIA DISTRITO LAGUNAS PROVINCIA ALTO AMAZONAS DEPARTAMENTO LORETO","disa":"LORETO","red":"ALTO AMAZONAS","microrred":"LAGUNAS","categoria":"ESTABLECIMIENTO DE SALUD SIN INTERNAMIENTO","condicion":"ACTIVO","actualizado":"2023/08/01 19:00:00.000","fuente":"MINSA","urlRenipr":"http://app20.susalud.gob.pe:8080/registro-renipress-webapp/ipress.htm?action=mostrarVer&idipress=00000195"}},{"type":"Feature","geometry":{"type":"Point","coordinates":[-73.25025930999993,-3.7457183299999315]},"properties":{"objectid":16322,"nombre":"CONSULTORIO ODONTOLOGÍCO DENTALGO","departamento":"LORETO","provincia":"MAYNAS","distrito":"IQUITOS","institucion":"PRIVADO","codigoMinsa":25295,"direccion":"CALLE RAMON CASTILLA NÚMERO 236 DISTRITO IQUITOS PROVINCIA MAYNAS DEPARTAMENTO LORETO","disa":"","red":"","microrred":"","categoria":"ESTABLECIMIENTO DE SALUD SIN INTERNAMIENTO","condicion":"RUC INACTIVO EN SUNAT","actualizado":"2023/08/01 19:00:00.000","fuente":"MINSA","urlRenipr":"http://app20.susalud.gob.pe:8080/registro-renipress-webapp/ipress.htm?action=mostrarVer&idipress=00025295"}},{"type":"Feature","geometry":{"type":"Point","coordinates":[-76.10549269999996,-5.899862799999937]},"properties":{"objectid":16355,"nombre":"OPTICA SD","departamento":"LORETO","provincia":"ALTO AMAZONAS","distrito":"YURIMAGUAS","institucion":"PRIVADO","codigoMinsa":25451,"direccion":"AVENIDA TENIENTE CESAR LOPEZ NÚMERO 403 DISTRITO YURIMAGUAS PROVINCIA ALTO AMAZONAS DEPARTAMENTO LORETO","disa":"LORETO","red":"NO PERTENECE A NINGUNA RED","microrred":"NO PERTENECE A NINGUNA MICRORED","categoria":"SERVICIO MÉDICO DE APOYO","condicion":"ACTIVO","actualizado":"2023/08/01 19:00:00.000","fuente":"MINSA","urlRenipr":"http://app20.susalud.gob.pe:8080/registro-renipress-webapp/ipress.htm?action=mostrarVer&idipress=00025451"}},{"type":"Feature","geometry":{"type":"Point","coordinates":[-76.12572073999996,-5.763689349999936]},"properties":{"objectid":16474,"nombre":"P.S. I-1 SANTA ISABEL","departamento":"LORETO","provincia":"ALTO AMAZONAS","distrito":"YURIMAGUAS","institucion":"GOBIERNO REGIONAL","codigoMinsa":11579,"direccion":"CALLE CALLE ALFONSO WENINGER N° 237-B DISTRITO YURIMAGUAS PROVINCIA ALTO AMAZONAS DEPARTAMENTO LORETO","disa":"LORETO","red":"ALTO AMAZONAS","microrred":"YURIMAGUAS","categoria":"ESTABLECIMIENTO DE SALUD SIN INTERNAMIENTO","condicion":"ACTIVO","actualizado":"2023/08/01 19:00:00.000","fuente":"MINSA","urlRenipr":"http://app20.susalud.gob.pe:8080/registro-renipress-webapp/ipress.htm?action=mostrarVer&idipress=00011579"}},{"type":"Feature","geometry":{"type":"Point","coordinates":[-76.62657595999997,-5.670346809999955]},"properties":{"objectid":16475,"nombre":"P.S. I-1 SOLEDAD DE BALSAPUERTO","departamento":"LORETO","provincia":"ALTO AMAZONAS","distrito":"BALSAPUERTO","institucion":"GOBIERNO REGIONAL","codigoMinsa":7413,"direccion":"OTROS A LA ALTURA DE LA COMUNIDAD DE SOLEDAD DISTRITO BALSAPUERTO PROVINCIA ALTO AMAZONAS DEPARTAMENTO LORETO","disa":"LORETO","red":"ALTO AMAZONAS","microrred":"BALSAPUERTO","categoria":"ESTABLECIMIENTO DE SALUD SIN INTERNAMIENTO","condicion":"ACTIVO","actualizado":"2023/08/01 19:00:00.000","fuente":"MINSA","urlRenipr":"http://app20.susalud.gob.pe:8080/registro-renipress-webapp/ipress.htm?action=mostrarVer&idipress=00007413"}},{"type":"Feature","geometry":{"type":"Point","coordinates":[-77.54559332999997,-3.499883329999932]},"properties":{"objectid":16476,"nombre":"SHINGUITO","departamento":"LORETO","provincia":"DATEM DEL MARAÑON","distrito":"MORONA","institucion":"GOBIERNO REGIONAL","codigoMinsa":257,"direccion":"OTROS COMUNIDAD SHINGUITO DISTRITO MORONA PROVINCIA DATEM DEL MARAÑON DEPARTAMENTO LORETO","disa":"LORETO","red":"DATEM DEL MARAÑON","microrred":"MORONA","categoria":"ESTABLECIMIENTO DE SALUD SIN INTERNAMIENTO","condicion":"ACTIVO","actualizado":"2023/08/01 19:00:00.000","fuente":"MINSA","urlRenipr":"http://app20.susalud.gob.pe:8080/registro-renipress-webapp/ipress.htm?action=mostrarVer&idipress=00000257"}},{"type":"Feature","geometry":{"type":"Point","coordinates":[-76.38825504999994,-5.775612969999941]},"properties":{"objectid":16477,"nombre":"P.S. I-1 FRAY MARTIN","departamento":"LORETO","provincia":"ALTO AMAZONAS","distrito":"BALSAPUERTO","institucion":"GOBIERNO REGIONAL","codigoMinsa":7462,"direccion":"OTROS MARGEN DERECHO DEL RIO PARANAPURA DISTRITO BALSAPUERTO PROVINCIA ALTO AMAZONAS DEPARTAMENTO LORETO","disa":"LORETO","red":"ALTO AMAZONAS","microrred":"BALSAPUERTO","categoria":"ESTABLECIMIENTO DE SALUD SIN INTERNAMIENTO","condicion":"ACTIVO","actualizado":"2023/08/01 19:00:00.000","fuente":"MINSA","urlRenipr":"http://app20.susalud.gob.pe:8080/registro-renipress-webapp/ipress.htm?action=mostrarVer&idipress=00007462"}},{"type":"Feature","geometry":{"type":"Point","coordinates":[-76.33296999999999,-3.3045216699999287]},"properties":{"objectid":16479,"nombre":"SABALOYACU","departamento":"LORETO","provincia":"DATEM DEL MARAÑON","distrito":"ANDOAS","institucion":"GOBIERNO REGIONAL","codigoMinsa":263,"direccion":"OTROS COMUNIDAD SABALOYACU DISTRITO ANDOAS PROVINCIA DATEM DEL MARAÑON DEPARTAMENTO LORETO","disa":"LORETO","red":"DATEM DEL MARAÑON","microrred":"ANDOAS","categoria":"ESTABLECIMIENTO DE SALUD SIN INTERNAMIENTO","condicion":"ACTIVO","actualizado":"2023/08/01 19:00:00.000","fuente":"MINSA","urlRenipr":"http://app20.susalud.gob.pe:8080/registro-renipress-webapp/ipress.htm?action=mostrarVer&idipress=00000263"}},{"type":"Feature","geometry":{"type":"Point","coordinates":[-77.21657499999998,-4.3227849999999535]},"properties":{"objectid":16480,"nombre":"PUERTO ALEGRIA DE MORONA","departamento":"LORETO","provincia":"DATEM DEL MARAÑON","distrito":"MORONA","institucion":"GOBIERNO REGIONAL","codigoMinsa":252,"direccion":"OTROS COMUNIDAD PUERTO ALEGRIA DISTRITO MORONA PROVINCIA DATEM DEL MARAÑON DEPARTAMENTO LORETO","disa":"LORETO","red":"DATEM DEL MARAÑON","microrred":"MORONA","categoria":"ESTABLECIMIENTO DE SALUD SIN INTERNAMIENTO","condicion":"ACTIVO","actualizado":"2023/08/01 19:00:00.000","fuente":"MINSA","urlRenipr":"http://app20.susalud.gob.pe:8080/registro-renipress-webapp/ipress.htm?action=mostrarVer&idipress=00000252"}},{"type":"Feature","geometry":{"type":"Point","coordinates":[-77.06246166999995,-4.729359999999929]},"properties":{"objectid":16481,"nombre":"P.S. I-2 PUERTO AMERICA","departamento":"LORETO","provincia":"DATEM DEL MARAÑON","distrito":"MORONA","institucion":"GOBIERNO REGIONAL","codigoMinsa":251,"direccion":"OTROS LOCALIDAD PUERTO AMERICA DISTRITO MORONA PROVINCIA DATEM DEL MARAÑON DEPARTAMENTO LORETO","disa":"LORETO","red":"DATEM DEL MARAÑON","microrred":"MORONA","categoria":"ESTABLECIMIENTO DE SALUD SIN INTERNAMIENTO","condicion":"ACTIVO","actualizado":"2023/08/01 19:00:00.000","fuente":"MINSA","urlRenipr":"http://app20.susalud.gob.pe:8080/registro-renipress-webapp/ipress.htm?action=mostrarVer&idipress=00000251"}},{"type":"Feature","geometry":{"type":"Point","coordinates":[-73.24958875999994,-3.7592665699999657]},"properties":{"objectid":16518,"nombre":"MEGALENS OPTICA","departamento":"LORETO","provincia":"MAYNAS","distrito":"BELEN","institucion":"PRIVADO","codigoMinsa":26602,"direccion":"JIRÓN ABTAO N?ERO 245 DISTRITO BELEN PROVINCIA MAYNAS DEPARTAMENTO LORETO","disa":"LORETO","red":"NO PERTENECE A NINGUNA RED","microrred":"NO PERTENECE A NINGUNA MICRORED","categoria":"SERVICIO MÉDICO DE APOYO","condicion":"ACTIVO","actualizado":"2023/08/01 19:00:00.000","fuente":"MINSA","urlRenipr":"http://app20.susalud.gob.pe:8080/registro-renipress-webapp/ipress.htm?action=mostrarVer&idipress=00026602"}},{"type":"Feature","geometry":{"type":"Point","coordinates":[-74.88385357999994,-1.282261109999979]},"properties":{"objectid":16598,"nombre":"TEMPESTAD","departamento":"LORETO","provincia":"MAYNAS","distrito":"TORRES CAUSANA","institucion":"GOBIERNO REGIONAL","codigoMinsa":72,"direccion":"OTROS ACTUALIZAR ACTUALIZAR TORRES CAUSANA MAYNAS LORETO","disa":"LORETO","red":"MAYNAS PERIFERIE","microrred":"SANTA CLOTILDE","categoria":"ESTABLECIMIENTO DE SALUD SIN INTERNAMIENTO","condicion":"ACTIVO","actualizado":"2023/08/01 19:00:00.000","fuente":"MINSA","urlRenipr":"http://app20.susalud.gob.pe:8080/registro-renipress-webapp/ipress.htm?action=mostrarVer&idipress=00000072"}},{"type":"Feature","geometry":{"type":"Point","coordinates":[-71.77312166999997,-3.3688433299999474]},"properties":{"objectid":16593,"nombre":"NUEVO PEVAS","departamento":"LORETO","provincia":"MARISCAL RAMON CASTILLA","distrito":"PEBAS","institucion":"GOBIERNO REGIONAL","codigoMinsa":6689,"direccion":"OTROS PEVAS S/N NÚMERO S/N DISTRITO PEBAS PROVINCIA MARISCAL RAMON CASTILLA DEPARTAMENTO LORETO","disa":"LORETO","red":"RAMON CASTILLA","microrred":"PEVAS","categoria":"ESTABLECIMIENTO DE SALUD SIN INTERNAMIENTO","condicion":"ACTIVO","actualizado":"2023/08/01 19:00:00.000","fuente":"MINSA","urlRenipr":"http://app20.susalud.gob.pe:8080/registro-renipress-webapp/ipress.htm?action=mostrarVer&idipress=00006689"}},{"type":"Feature","geometry":{"type":"Point","coordinates":[-72.77567215999994,-3.319881539999926]},"properties":{"objectid":16594,"nombre":"MANGUA DEL MAZAN","departamento":"LORETO","provincia":"MAYNAS","distrito":"MAZAN","institucion":"GOBIERNO REGIONAL","codigoMinsa":280,"direccion":"OTROS CASERIO MANGUA DISTRITO MAZAN PROVINCIA MAYNAS DEPARTAMENTO LORETO","disa":"LORETO","red":"MAYNAS PERIFERIE","microrred":"MAZAN","categoria":"ESTABLECIMIENTO DE SALUD SIN INTERNAMIENTO","condicion":"ACTIVO","actualizado":"2023/08/01 19:00:00.000","fuente":"MINSA","urlRenipr":"http://app20.susalud.gob.pe:8080/registro-renipress-webapp/ipress.htm?action=mostrarVer&idipress=00000280"}},{"type":"Feature","geometry":{"type":"Point","coordinates":[-73.75620999999995,-4.574839999999938]},"properties":{"objectid":16595,"nombre":"SANTA FE","departamento":"LORETO","provincia":"LORETO","distrito":"NAUTA","institucion":"GOBIERNO REGIONAL","codigoMinsa":95,"direccion":"OTROS ACTUALIZAR ACTUALIZAR NAUTA LORETO LORETO","disa":"LORETO","red":"LORETO","microrred":"NAUTA","categoria":"ESTABLECIMIENTO DE SALUD SIN INTERNAMIENTO","condicion":"ACTIVO","actualizado":"2023/08/01 19:00:00.000","fuente":"MINSA","urlRenipr":"http://app20.susalud.gob.pe:8080/registro-renipress-webapp/ipress.htm?action=mostrarVer&idipress=00000095"}},{"type":"Feature","geometry":{"type":"Point","coordinates":[-72.87662564999994,-3.2818768199999795]},"properties":{"objectid":16597,"nombre":"PUINAHUA BAJO NAPO","departamento":"LORETO","provincia":"MAYNAS","distrito":"MAZAN","institucion":"GOBIERNO REGIONAL","codigoMinsa":13005,"direccion":"OTROS COMUNIDAD DE PUINAHUA BAJO NAPO DISTRITO MAZAN PROVINCIA MAYNAS DEPARTAMENTO LORETO","disa":"LORETO","red":"MAYNAS PERIFERIE","microrred":"MAZAN","categoria":"ESTABLECIMIENTO DE SALUD SIN INTERNAMIENTO","condicion":"ACTIVO","actualizado":"2023/08/01 19:00:00.000","fuente":"MINSA","urlRenipr":"http://app20.susalud.gob.pe:8080/registro-renipress-webapp/ipress.htm?action=mostrarVer&idipress=00013005"}},{"type":"Feature","geometry":{"type":"Point","coordinates":[-73.31303995999997,-3.779367709999974]},"properties":{"objectid":16601,"nombre":"RUMOCOCHA","departamento":"LORETO","provincia":"MAYNAS","distrito":"SAN JUAN BAUTISTA","institucion":"GOBIERNO REGIONAL","codigoMinsa":28,"direccion":"OTROS CASERIO RUMOCOCHA CASERIO RUMOCOCHA SAN JUAN BAUTISTA MAYNAS LORETO","disa":"LORETO","red":"MAYNAS CIUDAD","microrred":"IQUITOS SUR","categoria":"ESTABLECIMIENTO DE SALUD SIN INTERNAMIENTO","condicion":"ACTIVO","actualizado":"2023/08/01 19:00:00.000","fuente":"MINSA","urlRenipr":"http://app20.susalud.gob.pe:8080/registro-renipress-webapp/ipress.htm?action=mostrarVer&idipress=00000028"}},{"type":"Feature","geometry":{"type":"Point","coordinates":[-73.61092843999995,-3.8651669199999787]},"properties":{"objectid":16602,"nombre":"SAMITO","departamento":"LORETO","provincia":"MAYNAS","distrito":"ALTO NANAY","institucion":"GOBIERNO REGIONAL","codigoMinsa":5,"direccion":"OTROS CASERIO DE SAMITO SIN NUMERO DISTRITO ALTO NANAY PROVINCIA MAYNAS DEPARTAMENTO LORETO","disa":"LORETO","red":"MAYNAS CIUDAD","microrred":"IQUITOS NORTE","categoria":"ESTABLECIMIENTO DE SALUD SIN INTERNAMIENTO","condicion":"ACTIVO","actualizado":"2023/08/01 19:00:00.000","fuente":"MINSA","urlRenipr":"http://app20.susalud.gob.pe:8080/registro-renipress-webapp/ipress.htm?action=mostrarVer&idipress=00000005"}},{"type":"Feature","geometry":{"type":"Point","coordinates":[-71.41136666999995,-3.8819749999999544]},"properties":{"objectid":16603,"nombre":"SANTA ELENA DE IMAZA","departamento":"LORETO","provincia":"MARISCAL RAMON CASTILLA","distrito":"SAN PABLO","institucion":"GOBIERNO REGIONAL","codigoMinsa":124,"direccion":"OTROS CASERIO DE SANTA ELENA DE IMAZA DISTRITO SAN PABLO PROVINCIA MARISCAL RAMON CASTILLA DEPARTAMENTO LORETO","disa":"LORETO","red":"RAMON CASTILLA","microrred":"SAN PABLO","categoria":"ESTABLECIMIENTO DE SALUD SIN INTERNAMIENTO","condicion":"ACTIVO","actualizado":"2023/08/01 19:00:00.000","fuente":"MINSA","urlRenipr":"http://app20.susalud.gob.pe:8080/registro-renipress-webapp/ipress.htm?action=mostrarVer&idipress=00000124"}},{"type":"Feature","geometry":{"type":"Point","coordinates":[-76.19118999999995,-2.8387499999999477]},"properties":{"objectid":16604,"nombre":"P.S. I-1 NUEVA JERUSALEN","departamento":"LORETO","provincia":"LORETO","distrito":"TROMPETEROS","institucion":"GOBIERNO REGIONAL","codigoMinsa":107,"direccion":"OTROS COMUNIDAD DE NUEVA JERUSALEN COMUNIDAD DE NUEVA JERUSALEN TROMPETEROS LORETO LORETO","disa":"LORETO","red":"LORETO","microrred":"VILLA TROMPETERO","categoria":"ESTABLECIMIENTO DE SALUD SIN INTERNAMIENTO","condicion":"ACTIVO","actualizado":"2023/08/01 19:00:00.000","fuente":"MINSA","urlRenipr":"http://app20.susalud.gob.pe:8080/registro-renipress-webapp/ipress.htm?action=mostrarVer&idipress=00000107"}},{"type":"Feature","geometry":{"type":"Point","coordinates":[-73.35445999999996,-3.753439999999955]},"properties":{"objectid":16627,"nombre":"I-4 CENTRO DE SALUD MORONA COCHA \"JORGE AREVALO MELHO\"","departamento":"LORETO","provincia":"MAYNAS","distrito":"IQUITOS","institucion":"GOBIERNO REGIONAL","codigoMinsa":7,"direccion":"OTROS CABALLERO LASTRE SIN NUMERO CABALLERO LASTRE SIN NUMERO IQUITOS MAYNAS LORETO","disa":"LORETO","red":"MAYNAS CIUDAD","microrred":"IQUITOS NORTE","categoria":"ESTABLECIMIENTO DE SALUD CON INTERNAMIENTO","condicion":"ACTIVO","actualizado":"2023/08/01 19:00:00.000","fuente":"MINSA","urlRenipr":"http://app20.susalud.gob.pe:8080/registro-renipress-webapp/ipress.htm?action=mostrarVer&idipress=00000007"}},{"type":"Feature","geometry":{"type":"Point","coordinates":[-72.67019461999996,-2.44995597999997]},"properties":{"objectid":16695,"nombre":"ESTACION NAVAL ESTRECHO","departamento":"LORETO","provincia":"PUTUMAYO","distrito":"PUTUMAYO","institucion":"SANIDAD DE LA MARINA DE GUERRA DEL PERU","codigoMinsa":13881,"direccion":"OTROS POBLADO DEL ESTRECHO RIO PUTUMAYO DISTRITO PUTUMAYO PROVINCIA PUTUMAYO DEPARTAMENTO LORETO","disa":"LORETO","red":"NO PERTENECE A NINGUNA RED","microrred":"NO PERTENECE A NINGUNA MICRORED","categoria":"ESTABLECIMIENTO DE SALUD SIN INTERNAMIENTO","condicion":"ACTIVO","actualizado":"2023/08/01 19:00:00.000","fuente":"MINSA","urlRenipr":"http://app20.susalud.gob.pe:8080/registro-renipress-webapp/ipress.htm?action=mostrarVer&idipress=00013881"}},{"type":"Feature","geometry":{"type":"Point","coordinates":[-73.24810299999996,-3.7413395999999466]},"properties":{"objectid":16759,"nombre":"BATALLÓN DE SELVA \"SOLDADO REYNALDO BARTRA DIAZ \" N° 525- NUEVA JERUSALEN DEL ERENE","departamento":"LORETO","provincia":"MARISCAL RAMON CASTILLA","distrito":"YAVARI","institucion":"SANIDAD DEL EJERCITO DEL PERU","codigoMinsa":25276,"direccion":"CAMINO RURAL COMUNIDAD NATIVA NUEVA JERUSALEN DEL ERENE DISTRITO YAVARI PROVINCIA MARISCAL RAMON CASTILLA DEPARTAMENTO LORETO","disa":"LORETO","red":"NO PERTENECE A NINGUNA RED","microrred":"NO PERTENECE A NINGUNA MICRORED","categoria":"ESTABLECIMIENTO DE SALUD SIN INTERNAMIENTO","condicion":"ACTIVO","actualizado":"2023/08/01 19:00:00.000","fuente":"MINSA","urlRenipr":"http://app20.susalud.gob.pe:8080/registro-renipress-webapp/ipress.htm?action=mostrarVer&idipress=00025276"}},{"type":"Feature","geometry":{"type":"Point","coordinates":[-74.40566119999994,-2.2177771999999436]},"properties":{"objectid":16771,"nombre":"BATALLÓN DE SELVA \"CORONEL PORTILLO \" N° 29- CURARAY","departamento":"LORETO","provincia":"MAYNAS","distrito":"NAPO","institucion":"SANIDAD DEL EJERCITO DEL PERU","codigoMinsa":25235,"direccion":"OTROS COMUNIDAD SAN RAFAEL DISTRITO NAPO PROVINCIA MAYNAS DEPARTAMENTO LORETO","disa":"LORETO","red":"NO PERTENECE A NINGUNA RED","microrred":"NO PERTENECE A NINGUNA MICRORED","categoria":"ESTABLECIMIENTO DE SALUD SIN INTERNAMIENTO","condicion":"ACTIVO","actualizado":"2023/08/01 19:00:00.000","fuente":"MINSA","urlRenipr":"http://app20.susalud.gob.pe:8080/registro-renipress-webapp/ipress.htm?action=mostrarVer&idipress=00025235"}},{"type":"Feature","geometry":{"type":"Point","coordinates":[-73.25213962999999,-3.727141149999966]},"properties":{"objectid":16777,"nombre":"LABORATORIO CLINICO CHURI SALUD","departamento":"LORETO","provincia":"MAYNAS","distrito":"PUNCHANA","institucion":"PRIVADO","codigoMinsa":31443,"direccion":"CALLE AMAZONAS MANZANA B LOTE 46 DISTRITO PUNCHANA PROVINCIA MAYNAS DEPARTAMENTO LORETO","disa":"LORETO","red":"","microrred":"","categoria":"SERVICIO MÉDICO DE APOYO","condicion":"ACTIVO","actualizado":"2023/08/01 19:00:00.000","fuente":"MINSA","urlRenipr":"http://app20.susalud.gob.pe:8080/registro-renipress-webapp/ipress.htm?action=mostrarVer&idipress=00031443"}},{"type":"Feature","geometry":{"type":"Point","coordinates":[-77.24981999999994,-5.014363329999981]},"properties":{"objectid":16819,"nombre":"P.S. I-1 BUENA VISTA DE BARRANCA","departamento":"LORETO","provincia":"DATEM DEL MARAÑON","distrito":"BARRANCA","institucion":"GOBIERNO REGIONAL","codigoMinsa":239,"direccion":"OTROS COMUNIDAD COPAL DISTRITO BARRANCA PROVINCIA DATEM DEL MARAÑON DEPARTAMENTO LORETO","disa":"LORETO","red":"DATEM DEL MARAÑON","microrred":"BARRANCA","categoria":"ESTABLECIMIENTO DE SALUD SIN INTERNAMIENTO","condicion":"ACTIVO","actualizado":"2023/08/01 19:00:00.000","fuente":"MINSA","urlRenipr":"http://app20.susalud.gob.pe:8080/registro-renipress-webapp/ipress.htm?action=mostrarVer&idipress=00000239"}},{"type":"Feature","geometry":{"type":"Point","coordinates":[-76.11259459999997,-5.8966062999999735]},"properties":{"objectid":16955,"nombre":"LABORATORIO CLÍNICO TATOHITO","departamento":"LORETO","provincia":"ALTO AMAZONAS","distrito":"YURIMAGUAS","institucion":"PRIVADO","codigoMinsa":25857,"direccion":"CALLE MARAÑON NÚMERO 203 DISTRITO YURIMAGUAS PROVINCIA ALTO AMAZONAS DEPARTAMENTO LORETO","disa":"LORETO","red":"NO PERTENECE A NINGUNA RED","microrred":"NO PERTENECE A NINGUNA MICRORED","categoria":"SERVICIO MÉDICO DE APOYO","condicion":"ACTIVO","actualizado":"2023/08/01 19:00:00.000","fuente":"MINSA","urlRenipr":"http://app20.susalud.gob.pe:8080/registro-renipress-webapp/ipress.htm?action=mostrarVer&idipress=00025857"}},{"type":"Feature","geometry":{"type":"Point","coordinates":[-74.89478466999998,-7.789410979999957]},"properties":{"objectid":17199,"nombre":"PUESTO DE SALUD ROABOYA NATIVA","departamento":"LORETO","provincia":"UCAYALI","distrito":"PADRE MARQUEZ","institucion":"GOBIERNO REGIONAL","codigoMinsa":31639,"direccion":"OTROS CC. NN ROABOYA NATIVA NÚMERO SN DISTRITO PADRE MARQUEZ PROVINCIA UCAYALI DEPARTAMENTO LORETO","disa":"LORETO","red":"UCAYALI","microrred":"PADRE MARQUEZ","categoria":"ESTABLECIMIENTO DE SALUD SIN INTERNAMIENTO","condicion":"ACTIVO","actualizado":"2023/08/01 19:00:00.000","fuente":"MINSA","urlRenipr":"http://app20.susalud.gob.pe:8080/registro-renipress-webapp/ipress.htm?action=mostrarVer&idipress=00031639"}},{"type":"Feature","geometry":{"type":"Point","coordinates":[-75.19172504999995,-7.044299199999955]},"properties":{"objectid":17200,"nombre":"PUESTO DE SALUD I.1 JOSE OLAYA DE INAHUAYA","departamento":"LORETO","provincia":"UCAYALI","distrito":"INAHUAYA","institucion":"GOBIERNO REGIONAL","codigoMinsa":17455,"direccion":"OTROS QUEBRADA DE JOSE OLAYA DISTRITO INAHUAYA PROVINCIA UCAYALI DEPARTAMENTO LORETO","disa":"LORETO","red":"UCAYALI","microrred":"CONTAMANA","categoria":"ESTABLECIMIENTO DE SALUD SIN INTERNAMIENTO","condicion":"ACTIVO","actualizado":"2023/08/01 19:00:00.000","fuente":"MINSA","urlRenipr":"http://app20.susalud.gob.pe:8080/registro-renipress-webapp/ipress.htm?action=mostrarVer&idipress=00017455"}},{"type":"Feature","geometry":{"type":"Point","coordinates":[-75.17958947999995,-6.549768279999967]},"properties":{"objectid":17201,"nombre":"CENTRO DE ALUD I-3 TIERRA BLANCA","departamento":"LORETO","provincia":"UCAYALI","distrito":"SARAYACU","institucion":"GOBIERNO REGIONAL","codigoMinsa":182,"direccion":"OTROS ACTUALIZAR DISTRITO SARAYACU PROVINCIA UCAYALI DEPARTAMENTO LORETO","disa":"LORETO","red":"UCAYALI","microrred":"SARAYACU","categoria":"ESTABLECIMIENTO DE SALUD SIN INTERNAMIENTO","condicion":"ACTIVO","actualizado":"2023/08/01 19:00:00.000","fuente":"MINSA","urlRenipr":"http://app20.susalud.gob.pe:8080/registro-renipress-webapp/ipress.htm?action=mostrarVer&idipress=00000182"}},{"type":"Feature","geometry":{"type":"Point","coordinates":[-73.25176670999997,-3.7556132199999297]},"properties":{"objectid":17923,"nombre":"clinica odonto stetic E.I.R.L","departamento":"LORETO","provincia":"MAYNAS","distrito":"IQUITOS","institucion":"PRIVADO","codigoMinsa":23792,"direccion":"CALLE MOORE NÚMERO 1015 DISTRITO IQUITOS PROVINCIA MAYNAS DEPARTAMENTO LORETO","disa":"LORETO","red":"NO PERTENECE A NINGUNA RED","microrred":"NO PERTENECE A NINGUNA MICRORED","categoria":"ESTABLECIMIENTO DE SALUD SIN INTERNAMIENTO","condicion":"ACTIVO","actualizado":"2023/08/01 19:00:00.000","fuente":"MINSA","urlRenipr":"http://app20.susalud.gob.pe:8080/registro-renipress-webapp/ipress.htm?action=mostrarVer&idipress=00023792"}},{"type":"Feature","geometry":{"type":"Point","coordinates":[-73.24836039999997,-3.7260517999999365]},"properties":{"objectid":18364,"nombre":"OCMIN DENTAL CENTER","departamento":"LORETO","provincia":"MAYNAS","distrito":"PUNCHANA","institucion":"PRIVADO","codigoMinsa":25278,"direccion":"CALLE NAUTA 300 DISTRITO PUNCHANA PROVINCIA MAYNAS DEPARTAMENTO LORETO","disa":"LORETO","red":"NO PERTENECE A NINGUNA RED","microrred":"NO PERTENECE A NINGUNA MICRORED","categoria":"ESTABLECIMIENTO DE SALUD SIN INTERNAMIENTO","condicion":"ACTIVO","actualizado":"2023/08/01 19:00:00.000","fuente":"MINSA","urlRenipr":"http://app20.susalud.gob.pe:8080/registro-renipress-webapp/ipress.htm?action=mostrarVer&idipress=00025278"}},{"type":"Feature","geometry":{"type":"Point","coordinates":[-73.25163259999994,-3.743673499999943]},"properties":{"objectid":18397,"nombre":"CENTRO MEDICO INTEGRAL INNOVA SALUD E.I.R.L","departamento":"LORETO","provincia":"MAYNAS","distrito":"IQUITOS","institucion":"PRIVADO","codigoMinsa":29246,"direccion":"CALLE MORONA NÚMERO 1007 LOTE B DISTRITO IQUITOS PROVINCIA MAYNAS DEPARTAMENTO LORETO","disa":"LORETO","red":"","microrred":"","categoria":"ESTABLECIMIENTO DE SALUD SIN INTERNAMIENTO","condicion":"ACTIVO","actualizado":"2023/08/01 19:00:00.000","fuente":"MINSA","urlRenipr":"http://app20.susalud.gob.pe:8080/registro-renipress-webapp/ipress.htm?action=mostrarVer&idipress=00029246"}},{"type":"Feature","geometry":{"type":"Point","coordinates":[-76.11290479999997,-5.90077169999995]},"properties":{"objectid":18406,"nombre":"P.S. I-1 LAS PALMERAS DE YURIMAGUAS","departamento":"LORETO","provincia":"ALTO AMAZONAS","distrito":"YURIMAGUAS","institucion":"GOBIERNO REGIONAL","codigoMinsa":31672,"direccion":"TROCHA CARROZABLE COMUNIDAD LAS PALMERAS VALLE DEL SHANUSI NÚMERO S/N DISTRITO YURIMAGUAS PROVINCIA ALTO AMAZONAS DEPARTAMENTO LORETO","disa":"LORETO","red":"ALTO AMAZONAS","microrred":"YURIMAGUAS","categoria":"ESTABLECIMIENTO DE SALUD SIN INTERNAMIENTO","condicion":"ACTIVO","actualizado":"2023/08/01 19:00:00.000","fuente":"MINSA","urlRenipr":"http://app20.susalud.gob.pe:8080/registro-renipress-webapp/ipress.htm?action=mostrarVer&idipress=00031672"}},{"type":"Feature","geometry":{"type":"Point","coordinates":[-76.11290479999997,-5.90077169999995]},"properties":{"objectid":18429,"nombre":"OPTIK CENTER - TARAPOTO","departamento":"LORETO","provincia":"ALTO AMAZONAS","distrito":"YURIMAGUAS","institucion":"PRIVADO","codigoMinsa":25586,"direccion":"CALLE TENIENTE CESAR LOPEZ NÚMERO 306 DISTRITO YURIMAGUAS PROVINCIA ALTO AMAZONAS DEPARTAMENTO LORETO","disa":"","red":"","microrred":"","categoria":"SERVICIO MÉDICO DE APOYO","condicion":"RUC INACTIVO EN SUNAT","actualizado":"2023/08/01 19:00:00.000","fuente":"MINSA","urlRenipr":"http://app20.susalud.gob.pe:8080/registro-renipress-webapp/ipress.htm?action=mostrarVer&idipress=00025586"}},{"type":"Feature","geometry":{"type":"Point","coordinates":[-73.24836039999997,-3.7260517999999365]},"properties":{"objectid":18536,"nombre":"SERVVICIOS MEDICOS SAN CARLOS","departamento":"LORETO","provincia":"MAYNAS","distrito":"PUNCHANA","institucion":"PRIVADO","codigoMinsa":29101,"direccion":"CALLE BORJA NÚMERO 666 DISTRITO PUNCHANA PROVINCIA MAYNAS DEPARTAMENTO LORETO","disa":"","red":"","microrred":"","categoria":"ESTABLECIMIENTO DE SALUD SIN INTERNAMIENTO","condicion":"RUC INACTIVO EN SUNAT","actualizado":"2023/08/01 19:00:00.000","fuente":"MINSA","urlRenipr":"http://app20.susalud.gob.pe:8080/registro-renipress-webapp/ipress.htm?action=mostrarVer&idipress=00029101"}},{"type":"Feature","geometry":{"type":"Point","coordinates":[-73.90534480999997,-4.512519199999929]},"properties":{"objectid":18549,"nombre":"C.S. I-3 SAN GABRIEL DE VARADERO","departamento":"LORETO","provincia":"ALTO AMAZONAS","distrito":"BALSAPUERTO","institucion":"GOBIERNO REGIONAL","codigoMinsa":186,"direccion":"OTROS LOCALIDAD SAN GABRIEL DE VARADERO LOCALIDAD SAN GABRIEL DE VARADERO BALSAPUERTO ALTO AMAZONAS LORETO","disa":"LORETO","red":"ALTO AMAZONAS","microrred":"BALSAPUERTO","categoria":"ESTABLECIMIENTO DE SALUD SIN INTERNAMIENTO","condicion":"ACTIVO","actualizado":"2023/08/01 19:00:00.000","fuente":"MINSA","urlRenipr":"http://app20.susalud.gob.pe:8080/registro-renipress-webapp/ipress.htm?action=mostrarVer&idipress=00000186"}},{"type":"Feature","geometry":{"type":"Point","coordinates":[-77.16675999999995,-3.869746669999927]},"properties":{"objectid":18552,"nombre":"PIJUAYAL","departamento":"LORETO","provincia":"DATEM DEL MARAÑON","distrito":"MORONA","institucion":"GOBIERNO REGIONAL","codigoMinsa":253,"direccion":"OTROS COMUNIDAD PIJUAYAL DISTRITO MORONA PROVINCIA DATEM DEL MARAÑON DEPARTAMENTO LORETO","disa":"LORETO","red":"DATEM DEL MARAÑON","microrred":"MORONA","categoria":"ESTABLECIMIENTO DE SALUD SIN INTERNAMIENTO","condicion":"ACTIVO","actualizado":"2023/08/01 19:00:00.000","fuente":"MINSA","urlRenipr":"http://app20.susalud.gob.pe:8080/registro-renipress-webapp/ipress.htm?action=mostrarVer&idipress=00000253"}},{"type":"Feature","geometry":{"type":"Point","coordinates":[-76.24128599999995,-5.908091999999954]},"properties":{"objectid":18553,"nombre":"P.S. I-1 SAN ROQUE DE YURIMAGUAS","departamento":"LORETO","provincia":"ALTO AMAZONAS","distrito":"YURIMAGUAS","institucion":"GOBIERNO REGIONAL","codigoMinsa":15311,"direccion":"OTROS COMUNIDAD DE SAN ROQUE DE MUNICH DISTRITO YURIMAGUAS PROVINCIA ALTO AMAZONAS DEPARTAMENTO LORETO","disa":"LORETO","red":"ALTO AMAZONAS","microrred":"YURIMAGUAS","categoria":"ESTABLECIMIENTO DE SALUD SIN INTERNAMIENTO","condicion":"ACTIVO","actualizado":"2023/08/01 19:00:00.000","fuente":"MINSA","urlRenipr":"http://app20.susalud.gob.pe:8080/registro-renipress-webapp/ipress.htm?action=mostrarVer&idipress=00015311"}},{"type":"Feature","geometry":{"type":"Point","coordinates":[-76.51454166999997,-4.907214999999951]},"properties":{"objectid":18555,"nombre":"P.S. I-1 SAN ANTONIO DE CAHUAPANAS","departamento":"LORETO","provincia":"DATEM DEL MARAÑON","distrito":"CAHUAPANAS","institucion":"GOBIERNO REGIONAL","codigoMinsa":245,"direccion":"OTROS COMUNIDAD SAN ANTONIO COMUNIDAD SAN ANTONIO CAHUAPANAS DATEM DEL MARAÑON LORETO","disa":"LORETO","red":"DATEM DEL MARAÑON","microrred":"BARRANCA","categoria":"ESTABLECIMIENTO DE SALUD SIN INTERNAMIENTO","condicion":"ACTIVO","actualizado":"2023/08/01 19:00:00.000","fuente":"MINSA","urlRenipr":"http://app20.susalud.gob.pe:8080/registro-renipress-webapp/ipress.htm?action=mostrarVer&idipress=00000245"}},{"type":"Feature","geometry":{"type":"Point","coordinates":[-76.39769832999997,-4.923149999999964]},"properties":{"objectid":18556,"nombre":"P.S. I-1 INDUSTRIAL","departamento":"LORETO","provincia":"DATEM DEL MARAÑON","distrito":"BARRANCA","institucion":"GOBIERNO REGIONAL","codigoMinsa":237,"direccion":"OTROS COMUNIDAD INDUSTRIAL DISTRITO BARRANCA PROVINCIA DATEM DEL MARAÑON DEPARTAMENTO LORETO","disa":"LORETO","red":"DATEM DEL MARAÑON","microrred":"BARRANCA","categoria":"ESTABLECIMIENTO DE SALUD SIN INTERNAMIENTO","condicion":"ACTIVO","actualizado":"2023/08/01 19:00:00.000","fuente":"MINSA","urlRenipr":"http://app20.susalud.gob.pe:8080/registro-renipress-webapp/ipress.htm?action=mostrarVer&idipress=00000237"}},{"type":"Feature","geometry":{"type":"Point","coordinates":[-73.23431135999994,-3.496864799999969]},"properties":{"objectid":18702,"nombre":"LIBERTAD - RIO MAZAN","departamento":"LORETO","provincia":"MAYNAS","distrito":"MAZAN","institucion":"GOBIERNO REGIONAL","codigoMinsa":282,"direccion":"OTROS CASERIO LIBERTAD DISTRITO MAZAN PROVINCIA MAYNAS DEPARTAMENTO LORETO","disa":"LORETO","red":"MAYNAS PERIFERIE","microrred":"MAZAN","categoria":"ESTABLECIMIENTO DE SALUD SIN INTERNAMIENTO","condicion":"ACTIVO","actualizado":"2023/08/01 19:00:00.000","fuente":"MINSA","urlRenipr":"http://app20.susalud.gob.pe:8080/registro-renipress-webapp/ipress.htm?action=mostrarVer&idipress=00000282"}},{"type":"Feature","geometry":{"type":"Point","coordinates":[-73.09167712999994,-3.4979560499999707]},"properties":{"objectid":18703,"nombre":"IPRESS I-3 MAZAN","departamento":"LORETO","provincia":"MAYNAS","distrito":"MAZAN","institucion":"GOBIERNO REGIONAL","codigoMinsa":64,"direccion":"OTROS CASERIO MAZAN CASERIO MAZAN MAZAN MAYNAS LORETO","disa":"LORETO","red":"MAYNAS PERIFERIE","microrred":"MAZAN","categoria":"ESTABLECIMIENTO DE SALUD SIN INTERNAMIENTO","condicion":"ACTIVO","actualizado":"2023/08/01 19:00:00.000","fuente":"MINSA","urlRenipr":"http://app20.susalud.gob.pe:8080/registro-renipress-webapp/ipress.htm?action=mostrarVer&idipress=00000064"}},{"type":"Feature","geometry":{"type":"Point","coordinates":[-73.24783592999995,-3.7542723199999273]},"properties":{"objectid":18675,"nombre":"CONSULTORIO DENTILOR","departamento":"LORETO","provincia":"MAYNAS","distrito":"IQUITOS","institucion":"PRIVADO","codigoMinsa":28588,"direccion":"JIRÓN ARICA NÚMERO 670 DISTRITO IQUITOS PROVINCIA MAYNAS DEPARTAMENTO LORETO","disa":"LORETO","red":"NO PERTENECE A NINGUNA RED","microrred":"NO PERTENECE A NINGUNA MICRORED","categoria":"ESTABLECIMIENTO DE SALUD SIN INTERNAMIENTO","condicion":"ACTIVO","actualizado":"2023/08/01 19:00:00.000","fuente":"MINSA","urlRenipr":"http://app20.susalud.gob.pe:8080/registro-renipress-webapp/ipress.htm?action=mostrarVer&idipress=00028588"}},{"type":"Feature","geometry":{"type":"Point","coordinates":[-73.28855722999998,-3.775553289999948]},"properties":{"objectid":18692,"nombre":"BIOSCIENCIE S.A.C","departamento":"LORETO","provincia":"MAYNAS","distrito":"SAN JUAN BAUTISTA","institucion":"PRIVADO","codigoMinsa":28034,"direccion":"CALLE LAS PALMAS 105 PLAZA QUIÑONES SAN JUAN BAUTISTA MAYNAS LORETO","disa":"LORETO","red":"NO PERTENECE A NINGUNA RED","microrred":"NO PERTENECE A NINGUNA MICRORED","categoria":"SERVICIO MÉDICO DE APOYO","condicion":"ACTIVO","actualizado":"2023/08/01 19:00:00.000","fuente":"MINSA","urlRenipr":"http://app20.susalud.gob.pe:8080/registro-renipress-webapp/ipress.htm?action=mostrarVer&idipress=00028034"}},{"type":"Feature","geometry":{"type":"Point","coordinates":[-73.28103797999995,-3.7788677699999766]},"properties":{"objectid":18704,"nombre":"MODELO","departamento":"LORETO","provincia":"MAYNAS","distrito":"SAN JUAN BAUTISTA","institucion":"GOBIERNO REGIONAL","codigoMinsa":6693,"direccion":"PASAJE PASAJE IVAN Nº194 SAN JUAN PASAJE IVAN Nº194 SAN JUAN SAN JUAN BAUTISTA MAYNAS LORETO","disa":"LORETO","red":"MAYNAS CIUDAD","microrred":"IQUITOS SUR","categoria":"ESTABLECIMIENTO DE SALUD SIN INTERNAMIENTO","condicion":"ACTIVO","actualizado":"2023/08/01 19:00:00.000","fuente":"MINSA","urlRenipr":"http://app20.susalud.gob.pe:8080/registro-renipress-webapp/ipress.htm?action=mostrarVer&idipress=00006693"}},{"type":"Feature","geometry":{"type":"Point","coordinates":[-72.05099999999999,-3.4866683299999295]},"properties":{"objectid":18707,"nombre":"HUANTA","departamento":"LORETO","provincia":"MARISCAL RAMON CASTILLA","distrito":"PEBAS","institucion":"GOBIERNO REGIONAL","codigoMinsa":114,"direccion":"OTROS ACTUALIZAR DISTRITO PEBAS PROVINCIA MARISCAL RAMON CASTILLA DEPARTAMENTO LORETO","disa":"LORETO","red":"RAMON CASTILLA","microrred":"PEVAS","categoria":"ESTABLECIMIENTO DE SALUD SIN INTERNAMIENTO","condicion":"ACTIVO","actualizado":"2023/08/01 19:00:00.000","fuente":"MINSA","urlRenipr":"http://app20.susalud.gob.pe:8080/registro-renipress-webapp/ipress.htm?action=mostrarVer&idipress=00000114"}},{"type":"Feature","geometry":{"type":"Point","coordinates":[-76.62531292999995,-4.786181979999981]},"properties":{"objectid":18709,"nombre":"PIAS MORONA","departamento":"LORETO","provincia":"MAYNAS","distrito":"BELEN","institucion":"SANIDAD DE LA MARINA DE GUERRA DEL PERU","codigoMinsa":25404,"direccion":"AVENIDA JOSE ABELARDO QUIÑONES SN BELEN MAYNAS LORETO","disa":"","red":"","microrred":"","categoria":"OFERTA FLEXIBLE","condicion":"RETIRO VOLUNTARIO","actualizado":"2023/08/01 19:00:00.000","fuente":"MINSA","urlRenipr":"http://app20.susalud.gob.pe:8080/registro-renipress-webapp/ipress.htm?action=mostrarVer&idipress=00025404"}},{"type":"Feature","geometry":{"type":"Point","coordinates":[-74.72467816999995,-3.546662549999951]},"properties":{"objectid":18710,"nombre":"AISPED TIGRE","departamento":"LORETO","provincia":"MAYNAS","distrito":"BELEN","institucion":"GOBIERNO REGIONAL","codigoMinsa":25407,"direccion":"AVENIDA JOSE ABELARDO QUIÑONES SN BELEN MAYNAS LORETO","disa":"","red":"","microrred":"","categoria":"OFERTA FLEXIBLE","condicion":"RETIRO VOLUNTARIO","actualizado":"2023/08/01 19:00:00.000","fuente":"MINSA","urlRenipr":"http://app20.susalud.gob.pe:8080/registro-renipress-webapp/ipress.htm?action=mostrarVer&idipress=00025407"}},{"type":"Feature","geometry":{"type":"Point","coordinates":[-72.72516644999996,-3.235471709999956]},"properties":{"objectid":18711,"nombre":"PIAS NAPO","departamento":"LORETO","provincia":"MAYNAS","distrito":"BELEN","institucion":"SANIDAD DE LA MARINA DE GUERRA DEL PERU","codigoMinsa":25406,"direccion":"AVENIDA JOSE ABELARDO QUIÑONES SN BELEN MAYNAS LORETO","disa":"","red":"","microrred":"","categoria":"OFERTA FLEXIBLE","condicion":"RETIRO VOLUNTARIO","actualizado":"2023/08/01 19:00:00.000","fuente":"MINSA","urlRenipr":"http://app20.susalud.gob.pe:8080/registro-renipress-webapp/ipress.htm?action=mostrarVer&idipress=00025406"}},{"type":"Feature","geometry":{"type":"Point","coordinates":[-74.90595257999996,-0.2983485199999336]},"properties":{"objectid":18712,"nombre":"PIAS PUTUMAYO II","departamento":"LORETO","provincia":"MAYNAS","distrito":"BELEN","institucion":"SANIDAD DE LA MARINA DE GUERRA DEL PERU","codigoMinsa":25405,"direccion":"AVENIDA JOSE ABELARDO QUIÑONES SN BELEN MAYNAS LORETO","disa":"","red":"","microrred":"","categoria":"OFERTA FLEXIBLE","condicion":"RETIRO VOLUNTARIO","actualizado":"2023/08/01 19:00:00.000","fuente":"MINSA","urlRenipr":"http://app20.susalud.gob.pe:8080/registro-renipress-webapp/ipress.htm?action=mostrarVer&idipress=00025405"}},{"type":"Feature","geometry":{"type":"Point","coordinates":[-73.90668950999998,-5.077502379999942]},"properties":{"objectid":18713,"nombre":"YUCURUCHI","departamento":"LORETO","provincia":"REQUENA","distrito":"SAQUENA","institucion":"GOBIERNO REGIONAL","codigoMinsa":153,"direccion":"OTROS CASERIO YUCURUCHI DISTRITO SAQUENA PROVINCIA REQUENA DEPARTAMENTO LORETO","disa":"LORETO","red":"REQUENA","microrred":"REQUENA","categoria":"ESTABLECIMIENTO DE SALUD SIN INTERNAMIENTO","condicion":"ACTIVO","actualizado":"2023/08/01 19:00:00.000","fuente":"MINSA","urlRenipr":"http://app20.susalud.gob.pe:8080/registro-renipress-webapp/ipress.htm?action=mostrarVer&idipress=00000153"}},{"type":"Feature","geometry":{"type":"Point","coordinates":[-74.55402380999993,-5.739789139999971]},"properties":{"objectid":18715,"nombre":"CARACHAMA","departamento":"LORETO","provincia":"REQUENA","distrito":"MAQUIA","institucion":"GOBIERNO REGIONAL","codigoMinsa":6690,"direccion":"OTROS ACTUALIZAR DISTRITO MAQUIA PROVINCIA REQUENA DEPARTAMENTO LORETO","disa":"LORETO","red":"REQUENA","microrred":"REQUENA","categoria":"ESTABLECIMIENTO DE SALUD SIN INTERNAMIENTO","condicion":"ACTIVO","actualizado":"2023/08/01 19:00:00.000","fuente":"MINSA","urlRenipr":"http://app20.susalud.gob.pe:8080/registro-renipress-webapp/ipress.htm?action=mostrarVer&idipress=00006690"}},{"type":"Feature","geometry":{"type":"Point","coordinates":[-73.26427445999997,-3.766525139999942]},"properties":{"objectid":18717,"nombre":"HOGARES PROTEGIDOS BELEN","departamento":"LORETO","provincia":"MAYNAS","distrito":"BELEN","institucion":"GOBIERNO REGIONAL","codigoMinsa":30486,"direccion":"PASAJE PARAISO NÚMERO 143 DISTRITO BELEN PROVINCIA MAYNAS DEPARTAMENTO LORETO","disa":"LORETO","red":"MAYNAS CIUDAD","microrred":"BELEN","categoria":"SERVICIO MÉDICO DE APOYO","condicion":"ACTIVO","actualizado":"2023/08/01 19:00:00.000","fuente":"MINSA","urlRenipr":"http://app20.susalud.gob.pe:8080/registro-renipress-webapp/ipress.htm?action=mostrarVer&idipress=00030486"}},{"type":"Feature","geometry":{"type":"Point","coordinates":[-74.76706888999996,-4.586267149999969]},"properties":{"objectid":18718,"nombre":"CENTRO DE SALUD I-3 CONCORDIA","departamento":"LORETO","provincia":"LORETO","distrito":"URARINAS","institucion":"GOBIERNO REGIONAL","codigoMinsa":111,"direccion":"OTROS ACTUALIZAR DISTRITO URARINAS PROVINCIA LORETO DEPARTAMENTO LORETO","disa":"LORETO","red":"LORETO","microrred":"MAYPUCO","categoria":"ESTABLECIMIENTO DE SALUD SIN INTERNAMIENTO","condicion":"ACTIVO","actualizado":"2023/08/01 19:00:00.000","fuente":"MINSA","urlRenipr":"http://app20.susalud.gob.pe:8080/registro-renipress-webapp/ipress.htm?action=mostrarVer&idipress=00000111"}},{"type":"Feature","geometry":{"type":"Point","coordinates":[-73.40721999999994,-4.26753999999994]},"properties":{"objectid":18719,"nombre":"SAN JOAQUIN DE OMAGUAS","departamento":"LORETO","provincia":"LORETO","distrito":"NAUTA","institucion":"GOBIERNO REGIONAL","codigoMinsa":92,"direccion":"OTROS COMUNIDAD DE SAN JOAQUIN DE OMAGUAS COMUNIDAD DE SAN JOAQUIN DE OMAGUAS NAUTA LORETO LORETO","disa":"LORETO","red":"LORETO","microrred":"NAUTA","categoria":"ESTABLECIMIENTO DE SALUD SIN INTERNAMIENTO","condicion":"ACTIVO","actualizado":"2023/08/01 19:00:00.000","fuente":"MINSA","urlRenipr":"http://app20.susalud.gob.pe:8080/registro-renipress-webapp/ipress.htm?action=mostrarVer&idipress=00000092"}},{"type":"Feature","geometry":{"type":"Point","coordinates":[-72.17129999999997,-2.465669999999932]},"properties":{"objectid":18720,"nombre":"SAN PEDRO DE TOTOYA","departamento":"LORETO","provincia":"PUTUMAYO","distrito":"PUTUMAYO","institucion":"GOBIERNO REGIONAL","codigoMinsa":83,"direccion":"CASERIO SAN PEDRO DE TOTOYA","disa":"LORETO","red":"MAYNAS PERIFERIE","microrred":"PUTUMAYO","categoria":"ESTABLECIMIENTO DE SALUD SIN INTERNAMIENTO","condicion":"ACTIVO","actualizado":"2023/08/01 19:00:00.000","fuente":"MINSA","urlRenipr":"http://app20.susalud.gob.pe:8080/registro-renipress-webapp/ipress.htm?action=mostrarVer&idipress=00000083"}},{"type":"Feature","geometry":{"type":"Point","coordinates":[-70.10894078999996,-2.8424435899999594]},"properties":{"objectid":18721,"nombre":"EL ALAMO","departamento":"LORETO","provincia":"PUTUMAYO","distrito":"YAGUAS","institucion":"GOBIERNO REGIONAL","codigoMinsa":78,"direccion":"OTROS CASERIO EL ALAMO S/N YAGUAS PUTUMAYO LORETO","disa":"LORETO","red":"MAYNAS PERIFERIE","microrred":"PUTUMAYO","categoria":"ESTABLECIMIENTO DE SALUD SIN INTERNAMIENTO","condicion":"ACTIVO","actualizado":"2023/08/01 19:00:00.000","fuente":"MINSA","urlRenipr":"http://app20.susalud.gob.pe:8080/registro-renipress-webapp/ipress.htm?action=mostrarVer&idipress=00000078"}},{"type":"Feature","geometry":{"type":"Point","coordinates":[-73.35122672999995,-3.889230149999946]},"properties":{"objectid":18722,"nombre":"P.S. I-1 VARILLAL","departamento":"LORETO","provincia":"MAYNAS","distrito":"SAN JUAN BAUTISTA","institucion":"GOBIERNO REGIONAL","codigoMinsa":35,"direccion":"CARRETERA CARRETERA IQUITOS-NAUTA KM 14 DISTRITO SAN JUAN BAUTISTA PROVINCIA MAYNAS DEPARTAMENTO LORETO","disa":"LORETO","red":"MAYNAS CIUDAD","microrred":"IQUITOS SUR","categoria":"ESTABLECIMIENTO DE SALUD SIN INTERNAMIENTO","condicion":"ACTIVO","actualizado":"2023/08/01 19:00:00.000","fuente":"MINSA","urlRenipr":"http://app20.susalud.gob.pe:8080/registro-renipress-webapp/ipress.htm?action=mostrarVer&idipress=00000035"}},{"type":"Feature","geometry":{"type":"Point","coordinates":[-73.25369749999999,-3.7632096999999476]},"properties":{"objectid":18803,"nombre":"CENTRO MEDICO ESPECIALIZADO AMAZONAS SALUD","departamento":"LORETO","provincia":"MAYNAS","distrito":"BELEN","institucion":"PRIVADO","codigoMinsa":29453,"direccion":"CALLE CORNEJO PORTUGAL NÚMERO 1733 PISO 1 DISTRITO BELEN PROVINCIA MAYNAS DEPARTAMENTO LORETO","disa":"LORETO","red":"","microrred":"","categoria":"ESTABLECIMIENTO DE SALUD SIN INTERNAMIENTO","condicion":"ACTIVO","actualizado":"2023/08/01 19:00:00.000","fuente":"MINSA","urlRenipr":"http://app20.susalud.gob.pe:8080/registro-renipress-webapp/ipress.htm?action=mostrarVer&idipress=00029453"}},{"type":"Feature","geometry":{"type":"Point","coordinates":[-73.25213666999997,-3.750729999999976]},"properties":{"objectid":18805,"nombre":"CLINICA SAN JUAN","departamento":"LORETO","provincia":"MAYNAS","distrito":"IQUITOS","institucion":"PRIVADO","codigoMinsa":11737,"direccion":"OTROS RICARDO PALMA N° 838 DISTRITO IQUITOS PROVINCIA MAYNAS DEPARTAMENTO LORETO","disa":"LORETO","red":"NO PERTENECE A NINGUNA RED","microrred":"NO PERTENECE A NINGUNA MICRORED","categoria":"ESTABLECIMIENTO DE SALUD CON INTERNAMIENTO","condicion":"ACTIVO","actualizado":"2023/08/01 19:00:00.000","fuente":"MINSA","urlRenipr":"http://app20.susalud.gob.pe:8080/registro-renipress-webapp/ipress.htm?action=mostrarVer&idipress=00011737"}},{"type":"Feature","geometry":{"type":"Point","coordinates":[-76.55573508999998,-4.825849279999943]},"properties":{"objectid":18825,"nombre":"POLICLINICO EL REY EIRL","departamento":"LORETO","provincia":"DATEM DEL MARAÑON","distrito":"BARRANCA","institucion":"PRIVADO","codigoMinsa":29912,"direccion":"CALLE ALFONSO VALCARCEL 766 COLEGIO SAN LORENZO BARRANCA DATEM DEL MARAÑON LORETO","disa":"LORETO","red":"","microrred":"NO PERTENECE A NINGUNA MICRORED","categoria":"ESTABLECIMIENTO DE SALUD SIN INTERNAMIENTO","condicion":"ACTIVO","actualizado":"2023/08/01 19:00:00.000","fuente":"MINSA","urlRenipr":"http://app20.susalud.gob.pe:8080/registro-renipress-webapp/ipress.htm?action=mostrarVer&idipress=00029912"}},{"type":"Feature","geometry":{"type":"Point","coordinates":[-71.83964586999997,-3.327465229999973]},"properties":{"objectid":18857,"nombre":"BATALLÓN DE SELVA \"TARAPACA \" N° 17- PIJUAYAL","departamento":"LORETO","provincia":"MARISCAL RAMON CASTILLA","distrito":"PEBAS","institucion":"SANIDAD DEL EJERCITO DEL PERU","codigoMinsa":25332,"direccion":"CAMINO RURAL COMUNIDAD PIJUAYAL DISTRITO PEBAS PROVINCIA MARISCAL RAMON CASTILLA DEPARTAMENTO LORETO","disa":"LORETO","red":"NO PERTENECE A NINGUNA RED","microrred":"NO PERTENECE A NINGUNA MICRORED","categoria":"ESTABLECIMIENTO DE SALUD SIN INTERNAMIENTO","condicion":"ACTIVO","actualizado":"2023/08/01 19:00:00.000","fuente":"MINSA","urlRenipr":"http://app20.susalud.gob.pe:8080/registro-renipress-webapp/ipress.htm?action=mostrarVer&idipress=00025332"}},{"type":"Feature","geometry":{"type":"Point","coordinates":[-73.27919018999995,-3.770085119999976]},"properties":{"objectid":18907,"nombre":"CENTRO MEDICO DE MEDICINA INTEGRATIVA ARANVEN","departamento":"LORETO","provincia":"MAYNAS","distrito":"SAN JUAN BAUTISTA","institucion":"PRIVADO","codigoMinsa":21198,"direccion":"AVENIDA AV. ABELARDO QUIÑONES N°2265 DISTRITO SAN JUAN BAUTISTA PROVINCIA MAYNAS DEPARTAMENTO LORETO","disa":"LORETO","red":"NO PERTENECE A NINGUNA RED","microrred":"NO PERTENECE A NINGUNA MICRORED","categoria":"ESTABLECIMIENTO DE SALUD SIN INTERNAMIENTO","condicion":"ACTIVO","actualizado":"2023/08/01 19:00:00.000","fuente":"MINSA","urlRenipr":"http://app20.susalud.gob.pe:8080/registro-renipress-webapp/ipress.htm?action=mostrarVer&idipress=00021198"}},{"type":"Feature","geometry":{"type":"Point","coordinates":[-73.25040197999994,-3.7575992999999244]},"properties":{"objectid":18927,"nombre":"Centro Odontologico Especializado Ortho Max Eirl","departamento":"LORETO","provincia":"MAYNAS","distrito":"BELEN","institucion":"PRIVADO","codigoMinsa":28086,"direccion":"JIRÓN Elias Aguirre NÚMERO 1123 PISO 1 DISTRITO BELEN PROVINCIA MAYNAS DEPARTAMENTO LORETO","disa":"LORETO","red":"NO PERTENECE A NINGUNA RED","microrred":"NO PERTENECE A NINGUNA MICRORED","categoria":"ESTABLECIMIENTO DE SALUD SIN INTERNAMIENTO","condicion":"ACTIVO","actualizado":"2023/08/01 19:00:00.000","fuente":"MINSA","urlRenipr":"http://app20.susalud.gob.pe:8080/registro-renipress-webapp/ipress.htm?action=mostrarVer&idipress=00028086"}},{"type":"Feature","geometry":{"type":"Point","coordinates":[-73.25107209999999,-3.746381099999951]},"properties":{"objectid":19233,"nombre":"Dr. en tu Casa","departamento":"LORETO","provincia":"MAYNAS","distrito":"IQUITOS","institucion":"PRIVADO","codigoMinsa":26043,"direccion":"AVENIDA CESAR CALVO DE ARAUJO NÚMERO 927 DISTRITO IQUITOS PROVINCIA MAYNAS DEPARTAMENTO LORETO","disa":"LORETO","red":"NO PERTENECE A NINGUNA RED","microrred":"NO PERTENECE A NINGUNA MICRORED","categoria":"ESTABLECIMIENTO DE SALUD SIN INTERNAMIENTO","condicion":"ACTIVO","actualizado":"2023/08/01 19:00:00.000","fuente":"MINSA","urlRenipr":"http://app20.susalud.gob.pe:8080/registro-renipress-webapp/ipress.htm?action=mostrarVer&idipress=00026043"}},{"type":"Feature","geometry":{"type":"Point","coordinates":[-73.24267819999994,-3.7454172999999287]},"properties":{"objectid":19257,"nombre":"TRAMAZON S.A.C - TRAMAZON DOCTOR","departamento":"LORETO","provincia":"MAYNAS","distrito":"IQUITOS","institucion":"PRIVADO","codigoMinsa":25807,"direccion":"CALLE YAVARI N?ERO 335 INTERIOR 17 DISTRITO IQUITOS PROVINCIA MAYNAS DEPARTAMENTO LORETO","disa":"LORETO","red":"NO PERTENECE A NINGUNA RED","microrred":"NO PERTENECE A NINGUNA MICRORED","categoria":"ESTABLECIMIENTO DE SALUD SIN INTERNAMIENTO","condicion":"ACTIVO","actualizado":"2023/08/01 19:00:00.000","fuente":"MINSA","urlRenipr":"http://app20.susalud.gob.pe:8080/registro-renipress-webapp/ipress.htm?action=mostrarVer&idipress=00025807"}},{"type":"Feature","geometry":{"type":"Point","coordinates":[-75.00561859999993,-7.347284099999968]},"properties":{"objectid":19333,"nombre":"IPRESS FERNANDO BELAUNDE TERRY","departamento":"LORETO","provincia":"UCAYALI","distrito":"PAMPA HERMOSA","institucion":"GOBIERNO REGIONAL","codigoMinsa":26297,"direccion":"OTROS RIO UCAYALI PAMPA HERMOSA UCAYALI LORETO","disa":"LORETO","red":"UCAYALI","microrred":"CONTAMANA","categoria":"ESTABLECIMIENTO DE SALUD SIN INTERNAMIENTO","condicion":"ACTIVO","actualizado":"2023/08/01 19:00:00.000","fuente":"MINSA","urlRenipr":"http://app20.susalud.gob.pe:8080/registro-renipress-webapp/ipress.htm?action=mostrarVer&idipress=00026297"}},{"type":"Feature","geometry":{"type":"Point","coordinates":[-75.00561859999993,-7.347284099999968]},"properties":{"objectid":19334,"nombre":"IPRESS VENCEDOR","departamento":"LORETO","provincia":"UCAYALI","distrito":"CONTAMANA","institucion":"GOBIERNO REGIONAL","codigoMinsa":26496,"direccion":"OTROS RIO UCAYALI CONTAMANA UCAYALI LORETO","disa":"LORETO","red":"UCAYALI","microrred":"CONTAMANA","categoria":"ESTABLECIMIENTO DE SALUD SIN INTERNAMIENTO","condicion":"ACTIVO","actualizado":"2023/08/01 19:00:00.000","fuente":"MINSA","urlRenipr":"http://app20.susalud.gob.pe:8080/registro-renipress-webapp/ipress.htm?action=mostrarVer&idipress=00026496"}},{"type":"Feature","geometry":{"type":"Point","coordinates":[-74.57917759999998,-8.359679899999946]},"properties":{"objectid":19335,"nombre":"IPRESS TRES UNIDOS","departamento":"LORETO","provincia":"UCAYALI","distrito":"SARAYACU","institucion":"GOBIERNO REGIONAL","codigoMinsa":26488,"direccion":"OTROS RIO UCAYALI SARAYACU UCAYALI LORETO","disa":"LORETO","red":"UCAYALI","microrred":"SARAYACU","categoria":"ESTABLECIMIENTO DE SALUD SIN INTERNAMIENTO","condicion":"ACTIVO","actualizado":"2023/08/01 19:00:00.000","fuente":"MINSA","urlRenipr":"http://app20.susalud.gob.pe:8080/registro-renipress-webapp/ipress.htm?action=mostrarVer&idipress=00026488"}},{"type":"Feature","geometry":{"type":"Point","coordinates":[-73.25189286999995,-3.726327479999952]},"properties":{"objectid":19452,"nombre":"SERVICIOS MEDICOS MARIA FÉ","departamento":"LORETO","provincia":"MAYNAS","distrito":"PUNCHANA","institucion":"PRIVADO","codigoMinsa":27566,"direccion":"CALLE FAUSTINO SANCHEZ CARRION PISO 01 MANZANA B LOTE 03 DISTRITO PUNCHANA PROVINCIA MAYNAS DEPARTAMENTO LORETO","disa":"LORETO","red":"NO PERTENECE A NINGUNA RED","microrred":"NO PERTENECE A NINGUNA MICRORED","categoria":"ESTABLECIMIENTO DE SALUD SIN INTERNAMIENTO","condicion":"ACTIVO","actualizado":"2023/08/01 19:00:00.000","fuente":"MINSA","urlRenipr":"http://app20.susalud.gob.pe:8080/registro-renipress-webapp/ipress.htm?action=mostrarVer&idipress=00027566"}},{"type":"Feature","geometry":{"type":"Point","coordinates":[-73.25624867999994,-3.7527694899999346]},"properties":{"objectid":19974,"nombre":"CENTRO MEDICO DOCTOR CAR MEDIC","departamento":"LORETO","provincia":"MAYNAS","distrito":"IQUITOS","institucion":"PRIVADO","codigoMinsa":24599,"direccion":"JIRÓN DOS DE MAYO NÚMERO 1095 DISTRITO IQUITOS PROVINCIA MAYNAS DEPARTAMENTO LORETO","disa":"LORETO","red":"NO PERTENECE A NINGUNA RED","microrred":"NO PERTENECE A NINGUNA MICRORED","categoria":"ESTABLECIMIENTO DE SALUD SIN INTERNAMIENTO","condicion":"ACTIVO","actualizado":"2023/08/01 19:00:00.000","fuente":"MINSA","urlRenipr":"http://app20.susalud.gob.pe:8080/registro-renipress-webapp/ipress.htm?action=mostrarVer&idipress=00024599"}},{"type":"Feature","geometry":{"type":"Point","coordinates":[-73.25087621999995,-3.7484322799999745]},"properties":{"objectid":20302,"nombre":"CENTRO DE ATENCIÓN MEDICA ESPECIALIZADA CARDIO VIDA E.I.R.L","departamento":"LORETO","provincia":"MAYNAS","distrito":"IQUITOS","institucion":"PRIVADO","codigoMinsa":29464,"direccion":"JIRÓN FANNING NÚMERO 340 DISTRITO IQUITOS PROVINCIA MAYNAS DEPARTAMENTO LORETO","disa":"LORETO","red":"","microrred":"","categoria":"ESTABLECIMIENTO DE SALUD SIN INTERNAMIENTO","condicion":"ACTIVO","actualizado":"2023/08/01 19:00:00.000","fuente":"MINSA","urlRenipr":"http://app20.susalud.gob.pe:8080/registro-renipress-webapp/ipress.htm?action=mostrarVer&idipress=00029464"}},{"type":"Feature","geometry":{"type":"Point","coordinates":[-73.26024929999994,-3.731152799999961]},"properties":{"objectid":20393,"nombre":"CENTRO DE ATENCIÓN IQUITOS - AHF PERU","departamento":"LORETO","provincia":"MAYNAS","distrito":"IQUITOS","institucion":"PRIVADO","codigoMinsa":25748,"direccion":"JIRÓN PUTUMAYO NÚMERO 1122 DISTRITO IQUITOS PROVINCIA MAYNAS DEPARTAMENTO LORETO","disa":"LORETO","red":"NO PERTENECE A NINGUNA RED","microrred":"NO PERTENECE A NINGUNA MICRORED","categoria":"ESTABLECIMIENTO DE SALUD SIN INTERNAMIENTO","condicion":"ACTIVO","actualizado":"2023/08/01 19:00:00.000","fuente":"MINSA","urlRenipr":"http://app20.susalud.gob.pe:8080/registro-renipress-webapp/ipress.htm?action=mostrarVer&idipress=00025748"}},{"type":"Feature","geometry":{"type":"Point","coordinates":[-74.55526046999995,-5.798695489999943]},"properties":{"objectid":20807,"nombre":"PIURI ISLA","departamento":"LORETO","provincia":"REQUENA","distrito":"MAQUIA","institucion":"GOBIERNO REGIONAL","codigoMinsa":140,"direccion":"OTROS ACTUALIZAR DISTRITO MAQUIA PROVINCIA REQUENA DEPARTAMENTO LORETO","disa":"LORETO","red":"REQUENA","microrred":"REQUENA","categoria":"ESTABLECIMIENTO DE SALUD SIN INTERNAMIENTO","condicion":"ACTIVO","actualizado":"2023/08/01 19:00:00.000","fuente":"MINSA","urlRenipr":"http://app20.susalud.gob.pe:8080/registro-renipress-webapp/ipress.htm?action=mostrarVer&idipress=00000140"}},{"type":"Feature","geometry":{"type":"Point","coordinates":[-75.29847599999994,-3.029513999999949]},"properties":{"objectid":20808,"nombre":"PAICHE PLAYA","departamento":"LORETO","provincia":"LORETO","distrito":"TIGRE","institucion":"GOBIERNO REGIONAL","codigoMinsa":103,"direccion":"OTROS ACTUALIZAR DISTRITO TIGRE PROVINCIA LORETO DEPARTAMENTO LORETO","disa":"LORETO","red":"LORETO","microrred":"INTUTO","categoria":"ESTABLECIMIENTO DE SALUD SIN INTERNAMIENTO","condicion":"ACTIVO","actualizado":"2023/08/01 19:00:00.000","fuente":"MINSA","urlRenipr":"http://app20.susalud.gob.pe:8080/registro-renipress-webapp/ipress.htm?action=mostrarVer&idipress=00000103"}},{"type":"Feature","geometry":{"type":"Point","coordinates":[-76.21208999999999,-5.786899999999946]},"properties":{"objectid":20526,"nombre":"P.S. I-1 NUEVA ERA","departamento":"LORETO","provincia":"ALTO AMAZONAS","distrito":"YURIMAGUAS","institucion":"GOBIERNO REGIONAL","codigoMinsa":215,"direccion":"OTROS COMUNIDAD NUEVA ERA DISTRITO YURIMAGUAS PROVINCIA ALTO AMAZONAS DEPARTAMENTO LORETO","disa":"LORETO","red":"ALTO AMAZONAS","microrred":"YURIMAGUAS","categoria":"ESTABLECIMIENTO DE SALUD SIN INTERNAMIENTO","condicion":"ACTIVO","actualizado":"2023/08/01 19:00:00.000","fuente":"MINSA","urlRenipr":"http://app20.susalud.gob.pe:8080/registro-renipress-webapp/ipress.htm?action=mostrarVer&idipress=00000215"}},{"type":"Feature","geometry":{"type":"Point","coordinates":[-75.95701302999998,-4.656739089999974]},"properties":{"objectid":20527,"nombre":"P.S. I-1 HUANCAYO","departamento":"LORETO","provincia":"ALTO AMAZONAS","distrito":"LAGUNAS","institucion":"GOBIERNO REGIONAL","codigoMinsa":200,"direccion":"OTROS COMUNIDAD HUANCAYO DISTRITO LAGUNAS PROVINCIA ALTO AMAZONAS DEPARTAMENTO LORETO","disa":"LORETO","red":"ALTO AMAZONAS","microrred":"LAGUNAS","categoria":"ESTABLECIMIENTO DE SALUD SIN INTERNAMIENTO","condicion":"ACTIVO","actualizado":"2023/08/01 19:00:00.000","fuente":"MINSA","urlRenipr":"http://app20.susalud.gob.pe:8080/registro-renipress-webapp/ipress.htm?action=mostrarVer&idipress=00000200"}},{"type":"Feature","geometry":{"type":"Point","coordinates":[-73.27984004999996,-3.770228599999939]},"properties":{"objectid":20539,"nombre":"CONSULTORIOS LUIS FELIPE GAMBOA BLAS E.I.R.L","departamento":"LORETO","provincia":"MAYNAS","distrito":"SAN JUAN BAUTISTA","institucion":"PRIVADO","codigoMinsa":31682,"direccion":"AVENIDA QUIÑONES NÚMERO 2317 DISTRITO SAN JUAN BAUTISTA PROVINCIA MAYNAS DEPARTAMENTO LORETO","disa":"LORETO","red":"","microrred":"","categoria":"ESTABLECIMIENTO DE SALUD SIN INTERNAMIENTO","condicion":"ACTIVO","actualizado":"2023/08/01 19:00:00.000","fuente":"MINSA","urlRenipr":"http://app20.susalud.gob.pe:8080/registro-renipress-webapp/ipress.htm?action=mostrarVer&idipress=00031682"}},{"type":"Feature","geometry":{"type":"Point","coordinates":[-76.11290479999997,-5.90077169999995]},"properties":{"objectid":20589,"nombre":"INSTITUTO NACIONAL PENITENCIARIO YURIMAGUAS","departamento":"LORETO","provincia":"ALTO AMAZONAS","distrito":"YURIMAGUAS","institucion":"PRIVADO","codigoMinsa":30374,"direccion":"AVENIDA ATANASIO JAUREGUI NÚMERO 901 DISTRITO YURIMAGUAS PROVINCIA ALTO AMAZONAS DEPARTAMENTO LORETO","disa":"LORETO","red":"","microrred":"","categoria":"ESTABLECIMIENTO DE SALUD SIN INTERNAMIENTO","condicion":"ACTIVO","actualizado":"2023/08/01 19:00:00.000","fuente":"MINSA","urlRenipr":"http://app20.susalud.gob.pe:8080/registro-renipress-webapp/ipress.htm?action=mostrarVer&idipress=00030374"}},{"type":"Feature","geometry":{"type":"Point","coordinates":[-75.52341493999995,-4.946290259999955]},"properties":{"objectid":20673,"nombre":"P.S. I-1 SEIS DE JULIO","departamento":"LORETO","provincia":"ALTO AMAZONAS","distrito":"LAGUNAS","institucion":"GOBIERNO REGIONAL","codigoMinsa":16651,"direccion":"OTROS COMUNIDAD SEIS DE JULIO, MARGEN DERECHA DEL RIO NUCURAY DISTRITO LAGUNAS PROVINCIA ALTO AMAZONAS DEPARTAMENTO LORETO","disa":"LORETO","red":"ALTO AMAZONAS","microrred":"LAGUNAS","categoria":"ESTABLECIMIENTO DE SALUD SIN INTERNAMIENTO","condicion":"ACTIVO","actualizado":"2023/08/01 19:00:00.000","fuente":"MINSA","urlRenipr":"http://app20.susalud.gob.pe:8080/registro-renipress-webapp/ipress.htm?action=mostrarVer&idipress=00016651"}},{"type":"Feature","geometry":{"type":"Point","coordinates":[-76.65293832999998,-4.071951669999976]},"properties":{"objectid":20674,"nombre":"NUEVO PROGRESO - HUITOYACU","departamento":"LORETO","provincia":"DATEM DEL MARAÑON","distrito":"PASTAZA","institucion":"GOBIERNO REGIONAL","codigoMinsa":266,"direccion":"OTROS COMUNIDAD NUEVO PROGRESO DISTRITO PASTAZA PROVINCIA DATEM DEL MARAÑON DEPARTAMENTO LORETO","disa":"LORETO","red":"DATEM DEL MARAÑON","microrred":"PASTAZA","categoria":"ESTABLECIMIENTO DE SALUD SIN INTERNAMIENTO","condicion":"ACTIVO","actualizado":"2023/08/01 19:00:00.000","fuente":"MINSA","urlRenipr":"http://app20.susalud.gob.pe:8080/registro-renipress-webapp/ipress.htm?action=mostrarVer&idipress=00000266"}},{"type":"Feature","geometry":{"type":"Point","coordinates":[-76.31154999999995,-6.052659999999946]},"properties":{"objectid":20675,"nombre":"P.S. I-1 NUEVA ALIANZA","departamento":"LORETO","provincia":"ALTO AMAZONAS","distrito":"YURIMAGUAS","institucion":"GOBIERNO REGIONAL","codigoMinsa":233,"direccion":"OTROS COMUNIDAD NUEVA ALIANZA DISTRITO YURIMAGUAS PROVINCIA ALTO AMAZONAS DEPARTAMENTO LORETO","disa":"","red":"","microrred":"","categoria":"ESTABLECIMIENTO DE SALUD SIN INTERNAMIENTO","condicion":"RETIRO VOLUNTARIO","actualizado":"2023/08/01 19:00:00.000","fuente":"MINSA","urlRenipr":"http://app20.susalud.gob.pe:8080/registro-renipress-webapp/ipress.htm?action=mostrarVer&idipress=00000233"}},{"type":"Feature","geometry":{"type":"Point","coordinates":[-76.01029999999997,-5.725889999999936]},"properties":{"objectid":20676,"nombre":"P.S. I-1 PROVIDENCIA DE YURIMAGUAS","departamento":"LORETO","provincia":"ALTO AMAZONAS","distrito":"YURIMAGUAS","institucion":"GOBIERNO REGIONAL","codigoMinsa":213,"direccion":"OTROS COMUNIDAD PROVIDENCIA DISTRITO YURIMAGUAS PROVINCIA ALTO AMAZONAS DEPARTAMENTO LORETO","disa":"LORETO","red":"ALTO AMAZONAS","microrred":"YURIMAGUAS","categoria":"ESTABLECIMIENTO DE SALUD SIN INTERNAMIENTO","condicion":"ACTIVO","actualizado":"2023/08/01 19:00:00.000","fuente":"MINSA","urlRenipr":"http://app20.susalud.gob.pe:8080/registro-renipress-webapp/ipress.htm?action=mostrarVer&idipress=00000213"}},{"type":"Feature","geometry":{"type":"Point","coordinates":[-76.05199176999997,-4.483445949999975]},"properties":{"objectid":20677,"nombre":"P.S. I-1 NUEVO ARICA DE LAGUNAS","departamento":"LORETO","provincia":"ALTO AMAZONAS","distrito":"LAGUNAS","institucion":"GOBIERNO REGIONAL","codigoMinsa":16641,"direccion":"OTROS COMUNIDAD DE NUEVO ARICA DE LAGUNAS MAREN IZQUIERDA DEL RIO NUCURAY DISTRITO LAGUNAS PROVINCIA ALTO AMAZONAS DEPARTAMENTO LORETO","disa":"LORETO","red":"ALTO AMAZONAS","microrred":"LAGUNAS","categoria":"ESTABLECIMIENTO DE SALUD SIN INTERNAMIENTO","condicion":"ACTIVO","actualizado":"2023/08/01 19:00:00.000","fuente":"MINSA","urlRenipr":"http://app20.susalud.gob.pe:8080/registro-renipress-webapp/ipress.htm?action=mostrarVer&idipress=00016641"}},{"type":"Feature","geometry":{"type":"Point","coordinates":[-75.86049819999994,-5.51700569999997]},"properties":{"objectid":20678,"nombre":"P.S. I-1 SAN ANTONIO DEL SHISHINAHUA","departamento":"LORETO","provincia":"ALTO AMAZONAS","distrito":"SANTA CRUZ","institucion":"GOBIERNO REGIONAL","codigoMinsa":27451,"direccion":"OTROS COMUNIDAD SAN ANTONIO DEL SHISHINAHUA NÚMERO S/N DISTRITO SANTA CRUZ PROVINCIA ALTO AMAZONAS DEPARTAMENTO LORETO","disa":"LORETO","red":"ALTO AMAZONAS","microrred":"SANTA CRUZ","categoria":"ESTABLECIMIENTO DE SALUD SIN INTERNAMIENTO","condicion":"ACTIVO","actualizado":"2023/08/01 19:00:00.000","fuente":"MINSA","urlRenipr":"http://app20.susalud.gob.pe:8080/registro-renipress-webapp/ipress.htm?action=mostrarVer&idipress=00027451"}},{"type":"Feature","geometry":{"type":"Point","coordinates":[-76.11290479999997,-5.90077169999995]},"properties":{"objectid":20679,"nombre":"P.S. NUEVO HORIZONTE DE YURIMAGUAS","departamento":"LORETO","provincia":"ALTO AMAZONAS","distrito":"YURIMAGUAS","institucion":"GOBIERNO REGIONAL","codigoMinsa":26168,"direccion":"OTROS COMUNIDAD DE NUEVO HORIZONTE N?ERO S/N DISTRITO YURIMAGUAS PROVINCIA ALTO AMAZONAS DEPARTAMENTO LORETO","disa":"LORETO","red":"ALTO AMAZONAS","microrred":"YURIMAGUAS","categoria":"ESTABLECIMIENTO DE SALUD SIN INTERNAMIENTO","condicion":"ACTIVO","actualizado":"2023/08/01 19:00:00.000","fuente":"MINSA","urlRenipr":"http://app20.susalud.gob.pe:8080/registro-renipress-webapp/ipress.htm?action=mostrarVer&idipress=00026168"}},{"type":"Feature","geometry":{"type":"Point","coordinates":[-75.95055698999994,-5.892008539999949]},"properties":{"objectid":20680,"nombre":"P.S. I-1 GLORIA","departamento":"LORETO","provincia":"ALTO AMAZONAS","distrito":"TENIENTE CESAR LOPEZ ROJAS","institucion":"GOBIERNO REGIONAL","codigoMinsa":301,"direccion":"OTROS COMUNIDAD GLORIA DISTRITO TENIENTE CESAR LOPEZ ROJAS PROVINCIA ALTO AMAZONAS DEPARTAMENTO LORETO","disa":"LORETO","red":"ALTO AMAZONAS","microrred":"TENIENTE CESAR LOPEZ ROJAS","categoria":"ESTABLECIMIENTO DE SALUD SIN INTERNAMIENTO","condicion":"ACTIVO","actualizado":"2023/08/01 19:00:00.000","fuente":"MINSA","urlRenipr":"http://app20.susalud.gob.pe:8080/registro-renipress-webapp/ipress.htm?action=mostrarVer&idipress=00000301"}},{"type":"Feature","geometry":{"type":"Point","coordinates":[-77.57221332999995,-4.7669866699999375]},"properties":{"objectid":20681,"nombre":"SACHA PAPA","departamento":"LORETO","provincia":"DATEM DEL MARAÑON","distrito":"MANSERICHE","institucion":"GOBIERNO REGIONAL","codigoMinsa":249,"direccion":"OTROS COMUNIDAD SACHAPAPA DISTRITO MANSERICHE PROVINCIA DATEM DEL MARAÑON DEPARTAMENTO LORETO","disa":"LORETO","red":"DATEM DEL MARAÑON","microrred":"MANSERICHE","categoria":"ESTABLECIMIENTO DE SALUD SIN INTERNAMIENTO","condicion":"ACTIVO","actualizado":"2023/08/01 19:00:00.000","fuente":"MINSA","urlRenipr":"http://app20.susalud.gob.pe:8080/registro-renipress-webapp/ipress.htm?action=mostrarVer&idipress=00000249"}},{"type":"Feature","geometry":{"type":"Point","coordinates":[-76.93067499999995,-4.25237999999996]},"properties":{"objectid":20682,"nombre":"NUEVA YARINA","departamento":"LORETO","provincia":"DATEM DEL MARAÑON","distrito":"PASTAZA","institucion":"GOBIERNO REGIONAL","codigoMinsa":267,"direccion":"OTROS COMUNIDAD NUEVA YARINA DISTRITO PASTAZA PROVINCIA DATEM DEL MARAÑON DEPARTAMENTO LORETO","disa":"LORETO","red":"DATEM DEL MARAÑON","microrred":"PASTAZA","categoria":"ESTABLECIMIENTO DE SALUD SIN INTERNAMIENTO","condicion":"ACTIVO","actualizado":"2023/08/01 19:00:00.000","fuente":"MINSA","urlRenipr":"http://app20.susalud.gob.pe:8080/registro-renipress-webapp/ipress.htm?action=mostrarVer&idipress=00000267"}},{"type":"Feature","geometry":{"type":"Point","coordinates":[-77.24847332999997,-4.72001666999995]},"properties":{"objectid":20683,"nombre":"SAN JUAN DEL MARAÑON","departamento":"LORETO","provincia":"DATEM DEL MARAÑON","distrito":"MANSERICHE","institucion":"GOBIERNO REGIONAL","codigoMinsa":305,"direccion":"OTROS COMUNIDAD SAN JUAN DEL MARAÑON DISTRITO MANSERICHE PROVINCIA DATEM DEL MARAÑON DEPARTAMENTO LORETO","disa":"LORETO","red":"DATEM DEL MARAÑON","microrred":"MANSERICHE","categoria":"ESTABLECIMIENTO DE SALUD SIN INTERNAMIENTO","condicion":"ACTIVO","actualizado":"2023/08/01 19:00:00.000","fuente":"MINSA","urlRenipr":"http://app20.susalud.gob.pe:8080/registro-renipress-webapp/ipress.htm?action=mostrarVer&idipress=00000305"}},{"type":"Feature","geometry":{"type":"Point","coordinates":[-76.75736899999998,-3.0645599999999718]},"properties":{"objectid":20684,"nombre":"BRASILIA","departamento":"LORETO","provincia":"DATEM DEL MARAÑON","distrito":"ANDOAS","institucion":"GOBIERNO REGIONAL","codigoMinsa":7013,"direccion":"COMUNIDAD WASHIENTZA","disa":"","red":"","microrred":"","categoria":"ESTABLECIMIENTO DE SALUD SIN INTERNAMIENTO","condicion":"CIERRE TEMPORAL","actualizado":"2023/08/01 19:00:00.000","fuente":"MINSA","urlRenipr":"http://app20.susalud.gob.pe:8080/registro-renipress-webapp/ipress.htm?action=mostrarVer&idipress=00007013"}},{"type":"Feature","geometry":{"type":"Point","coordinates":[-76.01694976999994,-5.894654279999941]},"properties":{"objectid":20685,"nombre":"P.S. I-1 CHIRAPA","departamento":"LORETO","provincia":"ALTO AMAZONAS","distrito":"YURIMAGUAS","institucion":"GOBIERNO REGIONAL","codigoMinsa":6691,"direccion":"OTROS CHIRAPA - ALTO HUALLAGA DISTRITO YURIMAGUAS PROVINCIA ALTO AMAZONAS DEPARTAMENTO LORETO","disa":"LORETO","red":"ALTO AMAZONAS","microrred":"YURIMAGUAS","categoria":"ESTABLECIMIENTO DE SALUD SIN INTERNAMIENTO","condicion":"ACTIVO","actualizado":"2023/08/01 19:00:00.000","fuente":"MINSA","urlRenipr":"http://app20.susalud.gob.pe:8080/registro-renipress-webapp/ipress.htm?action=mostrarVer&idipress=00006691"}},{"type":"Feature","geometry":{"type":"Point","coordinates":[-76.83349999999996,-5.410009999999943]},"properties":{"objectid":20686,"nombre":"SAN RAMON DE SINAR","departamento":"LORETO","provincia":"DATEM DEL MARAÑON","distrito":"CAHUAPANAS","institucion":"GOBIERNO REGIONAL","codigoMinsa":6847,"direccion":"OTROS COMUNIDAD SAN RAMON DE SINAR DISTRITO CAHUAPANAS PROVINCIA DATEM DEL MARAÑON DEPARTAMENTO LORETO","disa":"LORETO","red":"DATEM DEL MARAÑON","microrred":"CAHUAPANAS","categoria":"ESTABLECIMIENTO DE SALUD SIN INTERNAMIENTO","condicion":"ACTIVO","actualizado":"2023/08/01 19:00:00.000","fuente":"MINSA","urlRenipr":"http://app20.susalud.gob.pe:8080/registro-renipress-webapp/ipress.htm?action=mostrarVer&idipress=00006847"}},{"type":"Feature","geometry":{"type":"Point","coordinates":[-76.20711699999998,-5.870251999999937]},"properties":{"objectid":20687,"nombre":"P.S. I-1 ACHUAL LIMON","departamento":"LORETO","provincia":"ALTO AMAZONAS","distrito":"YURIMAGUAS","institucion":"GOBIERNO REGIONAL","codigoMinsa":221,"direccion":"OTROS COMUNIDAD ACHUAL LIMON DISTRITO YURIMAGUAS PROVINCIA ALTO AMAZONAS DEPARTAMENTO LORETO","disa":"LORETO","red":"ALTO AMAZONAS","microrred":"YURIMAGUAS","categoria":"ESTABLECIMIENTO DE SALUD SIN INTERNAMIENTO","condicion":"ACTIVO","actualizado":"2023/08/01 19:00:00.000","fuente":"MINSA","urlRenipr":"http://app20.susalud.gob.pe:8080/registro-renipress-webapp/ipress.htm?action=mostrarVer&idipress=00000221"}},{"type":"Feature","geometry":{"type":"Point","coordinates":[-75.86068239999997,-5.512227259999975]},"properties":{"objectid":20688,"nombre":"C.S. I-3 SANTA CRUZ","departamento":"LORETO","provincia":"ALTO AMAZONAS","distrito":"SANTA CRUZ","institucion":"GOBIERNO REGIONAL","codigoMinsa":202,"direccion":"OTROS LOCALIDAD SANTA CRUZ LOCALIDAD SANTA CRUZ SANTA CRUZ ALTO AMAZONAS LORETO","disa":"LORETO","red":"ALTO AMAZONAS","microrred":"SANTA CRUZ","categoria":"ESTABLECIMIENTO DE SALUD SIN INTERNAMIENTO","condicion":"ACTIVO","actualizado":"2023/08/01 19:00:00.000","fuente":"MINSA","urlRenipr":"http://app20.susalud.gob.pe:8080/registro-renipress-webapp/ipress.htm?action=mostrarVer&idipress=00000202"}},{"type":"Feature","geometry":{"type":"Point","coordinates":[-73.25533030999998,-3.752018909999947]},"properties":{"objectid":20705,"nombre":"SERVICIOS MEDICOS GENERALES SALUD Y VIDA E.I.R.L","departamento":"LORETO","provincia":"MAYNAS","distrito":"IQUITOS","institucion":"PRIVADO","codigoMinsa":29768,"direccion":"JIRÓN BERMUDEZ NÚMERO 1139 DISTRITO IQUITOS PROVINCIA MAYNAS DEPARTAMENTO LORETO","disa":"LORETO","red":"","microrred":"","categoria":"ESTABLECIMIENTO DE SALUD SIN INTERNAMIENTO","condicion":"ACTIVO","actualizado":"2023/08/01 19:00:00.000","fuente":"MINSA","urlRenipr":"http://app20.susalud.gob.pe:8080/registro-renipress-webapp/ipress.htm?action=mostrarVer&idipress=00029768"}},{"type":"Feature","geometry":{"type":"Point","coordinates":[-74.43656950999997,-2.0535030399999528]},"properties":{"objectid":20806,"nombre":"RUMI TUMI","departamento":"LORETO","provincia":"MAYNAS","distrito":"NAPO","institucion":"GOBIERNO REGIONAL","codigoMinsa":284,"direccion":"OTROS ACTUALIZAR ACTUALIZAR NAPO MAYNAS LORETO","disa":"LORETO","red":"MAYNAS PERIFERIE","microrred":"SANTA CLOTILDE","categoria":"ESTABLECIMIENTO DE SALUD SIN INTERNAMIENTO","condicion":"ACTIVO","actualizado":"2023/08/01 19:00:00.000","fuente":"MINSA","urlRenipr":"http://app20.susalud.gob.pe:8080/registro-renipress-webapp/ipress.htm?action=mostrarVer&idipress=00000284"}},{"type":"Feature","geometry":{"type":"Point","coordinates":[-74.47235178999995,-4.530871959999956]},"properties":{"objectid":20809,"nombre":"PUESTO DE SALUD I-2 SARAMURILLO","departamento":"LORETO","provincia":"LORETO","distrito":"URARINAS","institucion":"GOBIERNO REGIONAL","codigoMinsa":25574,"direccion":"CARRETERA COMUNIDAD DE SARAMURILLO NAUTA URARINAS LORETO LORETO","disa":"LORETO","red":"LORETO","microrred":"MAYPUCO","categoria":"ESTABLECIMIENTO DE SALUD SIN INTERNAMIENTO","condicion":"ACTIVO","actualizado":"2023/08/01 19:00:00.000","fuente":"MINSA","urlRenipr":"http://app20.susalud.gob.pe:8080/registro-renipress-webapp/ipress.htm?action=mostrarVer&idipress=00025574"}},{"type":"Feature","geometry":{"type":"Point","coordinates":[-74.66719609999996,-0.3754475999999727]},"properties":{"objectid":20811,"nombre":"BELLAVISTA DE TENIENTE MANUEL CLAVERO","departamento":"LORETO","provincia":"PUTUMAYO","distrito":"TENIENTE MANUEL CLAVERO","institucion":"GOBIERNO REGIONAL","codigoMinsa":87,"direccion":"OTROS CASERIO DE BELLAVISTA DISTRITO TENIENTE MANUEL CLAVERO PROVINCIA PUTUMAYO DEPARTAMENTO LORETO","disa":"LORETO","red":"MAYNAS PERIFERIE","microrred":"PUTUMAYO","categoria":"ESTABLECIMIENTO DE SALUD SIN INTERNAMIENTO","condicion":"ACTIVO","actualizado":"2023/08/01 19:00:00.000","fuente":"MINSA","urlRenipr":"http://app20.susalud.gob.pe:8080/registro-renipress-webapp/ipress.htm?action=mostrarVer&idipress=00000087"}},{"type":"Feature","geometry":{"type":"Point","coordinates":[-73.35631999999998,-3.8296099999999456]},"properties":{"objectid":20812,"nombre":"ZUNGAROCOCHA","departamento":"LORETO","provincia":"MAYNAS","distrito":"SAN JUAN BAUTISTA","institucion":"GOBIERNO REGIONAL","codigoMinsa":31,"direccion":"ACTUALIZAR","disa":"LORETO","red":"MAYNAS CIUDAD","microrred":"IQUITOS SUR","categoria":"ESTABLECIMIENTO DE SALUD SIN INTERNAMIENTO","condicion":"ACTIVO","actualizado":"2023/08/01 19:00:00.000","fuente":"MINSA","urlRenipr":"http://app20.susalud.gob.pe:8080/registro-renipress-webapp/ipress.htm?action=mostrarVer&idipress=00000031"}},{"type":"Feature","geometry":{"type":"Point","coordinates":[-73.13382999999999,-3.624849999999981]},"properties":{"objectid":20813,"nombre":"SOLEDAD DE VILLA BELEN","departamento":"LORETO","provincia":"MAYNAS","distrito":"BELEN","institucion":"GOBIERNO REGIONAL","codigoMinsa":52,"direccion":"OTROS CASERIO SOLEDAD DISTRITO BELEN PROVINCIA MAYNAS DEPARTAMENTO LORETO","disa":"LORETO","red":"MAYNAS CIUDAD","microrred":"BELEN","categoria":"ESTABLECIMIENTO DE SALUD SIN INTERNAMIENTO","condicion":"ACTIVO","actualizado":"2023/08/01 19:00:00.000","fuente":"MINSA","urlRenipr":"http://app20.susalud.gob.pe:8080/registro-renipress-webapp/ipress.htm?action=mostrarVer&idipress=00000052"}},{"type":"Feature","geometry":{"type":"Point","coordinates":[-70.98889964999995,-3.9944004899999754]},"properties":{"objectid":20814,"nombre":"SAN ISIDRO","departamento":"LORETO","provincia":"MARISCAL RAMON CASTILLA","distrito":"SAN PABLO","institucion":"GOBIERNO REGIONAL","codigoMinsa":21349,"direccion":"OTROS COMUNIDAD SAN ISIDRO RIO AMAZONAS COMUNIDAD SAN ISIDRO RIO AMAZONAS SAN PABLO MARISCAL RAMON CASTILLA LORETO","disa":"LORETO","red":"RAMON CASTILLA","microrred":"SAN PABLO","categoria":"ESTABLECIMIENTO DE SALUD SIN INTERNAMIENTO","condicion":"ACTIVO","actualizado":"2023/08/01 19:00:00.000","fuente":"MINSA","urlRenipr":"http://app20.susalud.gob.pe:8080/registro-renipress-webapp/ipress.htm?action=mostrarVer&idipress=00021349"}},{"type":"Feature","geometry":{"type":"Point","coordinates":[-73.33900616999995,-3.8008698699999286]},"properties":{"objectid":20816,"nombre":"SANTO TOMAS DE SAN JUAN DE BAUTISTA","departamento":"LORETO","provincia":"MAYNAS","distrito":"SAN JUAN BAUTISTA","institucion":"GOBIERNO REGIONAL","codigoMinsa":30,"direccion":"OTROS ACTUALIZAR DISTRITO SAN JUAN BAUTISTA PROVINCIA MAYNAS DEPARTAMENTO LORETO","disa":"LORETO","red":"MAYNAS CIUDAD","microrred":"IQUITOS SUR","categoria":"ESTABLECIMIENTO DE SALUD SIN INTERNAMIENTO","condicion":"ACTIVO","actualizado":"2023/08/01 19:00:00.000","fuente":"MINSA","urlRenipr":"http://app20.susalud.gob.pe:8080/registro-renipress-webapp/ipress.htm?action=mostrarVer&idipress=00000030"}},{"type":"Feature","geometry":{"type":"Point","coordinates":[-74.66693625999994,-5.615584879999972]},"properties":{"objectid":20817,"nombre":"NUEVO LIBERAL","departamento":"LORETO","provincia":"REQUENA","distrito":"MAQUIA","institucion":"GOBIERNO REGIONAL","codigoMinsa":142,"direccion":"OTROS CASERIO NUEVO LIBERAL DISTRITO MAQUIA PROVINCIA REQUENA DEPARTAMENTO LORETO","disa":"LORETO","red":"REQUENA","microrred":"BRETAÑA","categoria":"ESTABLECIMIENTO DE SALUD SIN INTERNAMIENTO","condicion":"ACTIVO","actualizado":"2023/08/01 19:00:00.000","fuente":"MINSA","urlRenipr":"http://app20.susalud.gob.pe:8080/registro-renipress-webapp/ipress.htm?action=mostrarVer&idipress=00000142"}},{"type":"Feature","geometry":{"type":"Point","coordinates":[-73.66463390999996,-4.904994219999935]},"properties":{"objectid":20818,"nombre":"GENARO HERRERA","departamento":"LORETO","provincia":"REQUENA","distrito":"JENARO HERRERA","institucion":"GOBIERNO REGIONAL","codigoMinsa":136,"direccion":"OTROS CASERIO DE JENARO HERRERA SIN NUMERO CASERIO DE JENARO HERRERA SIN NUMERO JENARO HERRERA REQUENA LORETO","disa":"LORETO","red":"REQUENA","microrred":"REQUENA","categoria":"ESTABLECIMIENTO DE SALUD SIN INTERNAMIENTO","condicion":"ACTIVO","actualizado":"2023/08/01 19:00:00.000","fuente":"MINSA","urlRenipr":"http://app20.susalud.gob.pe:8080/registro-renipress-webapp/ipress.htm?action=mostrarVer&idipress=00000136"}},{"type":"Feature","geometry":{"type":"Point","coordinates":[-73.24045592999994,-3.7328689199999303]},"properties":{"objectid":20906,"nombre":"PIAS RIO PUTUMAYO I","departamento":"LORETO","provincia":"MAYNAS","distrito":"PUNCHANA","institucion":"SANIDAD DE LA MARINA DE GUERRA DEL PERU","codigoMinsa":29977,"direccion":"AVENIDA LA MARINA NÚMERO S/N DISTRITO PUNCHANA PROVINCIA MAYNAS DEPARTAMENTO LORETO","disa":"LORETO","red":"","microrred":"NO PERTENECE A NINGUNA MICRORED","categoria":"OFERTA FLEXIBLE","condicion":"ACTIVO","actualizado":"2023/08/01 19:00:00.000","fuente":"MINSA","urlRenipr":"http://app20.susalud.gob.pe:8080/registro-renipress-webapp/ipress.htm?action=mostrarVer&idipress=00029977"}},{"type":"Feature","geometry":{"type":"Point","coordinates":[-73.24043178999995,-3.732874269999968]},"properties":{"objectid":20910,"nombre":"PIAS RIO NAPO","departamento":"LORETO","provincia":"MAYNAS","distrito":"PUNCHANA","institucion":"SANIDAD DE LA MARINA DE GUERRA DEL PERU","codigoMinsa":30010,"direccion":"AVENIDA AV LA MARINA NÚMERO S/N DISTRITO PUNCHANA PROVINCIA MAYNAS DEPARTAMENTO LORETO","disa":"LORETO","red":"","microrred":"NO PERTENECE A NINGUNA MICRORED","categoria":"OFERTA FLEXIBLE","condicion":"ACTIVO","actualizado":"2023/08/01 19:00:00.000","fuente":"MINSA","urlRenipr":"http://app20.susalud.gob.pe:8080/registro-renipress-webapp/ipress.htm?action=mostrarVer&idipress=00030010"}},{"type":"Feature","geometry":{"type":"Point","coordinates":[-73.25103455999994,-3.728690859999972]},"properties":{"objectid":20944,"nombre":"LABORATORIO AMAZON VIDA","departamento":"LORETO","provincia":"MAYNAS","distrito":"PUNCHANA","institucion":"PRIVADO","codigoMinsa":30510,"direccion":"CALLE PANAMA NÚMERO 989 PISO 3 INTERIOR 1 DISTRITO PUNCHANA PROVINCIA MAYNAS DEPARTAMENTO LORETO","disa":"LORETO","red":"","microrred":"","categoria":"SERVICIO MÉDICO DE APOYO","condicion":"ACTIVO","actualizado":"2023/08/01 19:00:00.000","fuente":"MINSA","urlRenipr":"http://app20.susalud.gob.pe:8080/registro-renipress-webapp/ipress.htm?action=mostrarVer&idipress=00030510"}},{"type":"Feature","geometry":{"type":"Point","coordinates":[-76.11333153999993,-5.887721659999954]},"properties":{"objectid":20962,"nombre":"HOSPITAL II-2 SANTA GEMA DE YURIMAGUAS","departamento":"LORETO","provincia":"ALTO AMAZONAS","distrito":"YURIMAGUAS","institucion":"GOBIERNO REGIONAL","codigoMinsa":210,"direccion":"JIRÓN JR. PROGRESO 305 - 307 DISTRITO YURIMAGUAS PROVINCIA ALTO AMAZONAS DEPARTAMENTO LORETO","disa":"LORETO","red":"NO PERTENECE A NINGUNA RED","microrred":"NO PERTENECE A NINGUNA MICRORED","categoria":"ESTABLECIMIENTO DE SALUD CON INTERNAMIENTO","condicion":"ACTIVO","actualizado":"2023/08/01 19:00:00.000","fuente":"MINSA","urlRenipr":"http://app20.susalud.gob.pe:8080/registro-renipress-webapp/ipress.htm?action=mostrarVer&idipress=00000210"}},{"type":"Feature","geometry":{"type":"Point","coordinates":[-73.25337674999997,-3.762120569999979]},"properties":{"objectid":20963,"nombre":"IPRESS MILITAR DIVISIONARIO \"SANTA ROSA\" IQUITOS","departamento":"LORETO","provincia":"MAYNAS","distrito":"IQUITOS","institucion":"SANIDAD DEL EJERCITO DEL PERU","codigoMinsa":20543,"direccion":"AVENIDA AV. CORNEJO PORTUGAL N° 1648 DISTRITO IQUITOS PROVINCIA MAYNAS DEPARTAMENTO LORETO","disa":"LORETO","red":"NO PERTENECE A NINGUNA RED","microrred":"NO PERTENECE A NINGUNA MICRORED","categoria":"ESTABLECIMIENTO DE SALUD CON INTERNAMIENTO","condicion":"ACTIVO","actualizado":"2023/08/01 19:00:00.000","fuente":"MINSA","urlRenipr":"http://app20.susalud.gob.pe:8080/registro-renipress-webapp/ipress.htm?action=mostrarVer&idipress=00020543"}},{"type":"Feature","geometry":{"type":"Point","coordinates":[-73.24459960999997,-3.764570219999939]},"properties":{"objectid":21005,"nombre":"C.S. I-3 9 DE OCTUBRE","departamento":"LORETO","provincia":"MAYNAS","distrito":"BELEN","institucion":"GOBIERNO REGIONAL","codigoMinsa":23,"direccion":"CALLE CALLE SAN MARTIN SIN NUMERO CALLE SAN MARTIN SIN NUMERO BELEN MAYNAS LORETO","disa":"LORETO","red":"MAYNAS CIUDAD","microrred":"BELEN","categoria":"ESTABLECIMIENTO DE SALUD SIN INTERNAMIENTO","condicion":"ACTIVO","actualizado":"2023/08/01 19:00:00.000","fuente":"MINSA","urlRenipr":"http://app20.susalud.gob.pe:8080/registro-renipress-webapp/ipress.htm?action=mostrarVer&idipress=00000023"}},{"type":"Feature","geometry":{"type":"Point","coordinates":[-73.24605788999997,-3.7510699499999305]},"properties":{"objectid":21176,"nombre":"OPTICA VALERIA E.I.R.L.","departamento":"LORETO","provincia":"MAYNAS","distrito":"IQUITOS","institucion":"PRIVADO","codigoMinsa":15852,"direccion":"JIRÓN JIRON ARICA 391 DISTRITO IQUITOS PROVINCIA MAYNAS DEPARTAMENTO LORETO","disa":"LORETO","red":"NO PERTENECE A NINGUNA RED","microrred":"NO PERTENECE A NINGUNA MICRORED","categoria":"SERVICIO MÉDICO DE APOYO","condicion":"ACTIVO","actualizado":"2023/08/01 19:00:00.000","fuente":"MINSA","urlRenipr":"http://app20.susalud.gob.pe:8080/registro-renipress-webapp/ipress.htm?action=mostrarVer&idipress=00015852"}},{"type":"Feature","geometry":{"type":"Point","coordinates":[-75.00727509999996,-7.352411399999937]},"properties":{"objectid":21401,"nombre":"PUESTO DE SALUD I-2 SANGAMAYO - ALTO PAUYA","departamento":"LORETO","provincia":"UCAYALI","distrito":"PAMPA HERMOSA","institucion":"GOBIERNO REGIONAL","codigoMinsa":14253,"direccion":"OTROS POBLADO DE SANGAMAYO DISTRITO PAMPA HERMOSA PROVINCIA UCAYALI DEPARTAMENTO LORETO","disa":"LORETO","red":"UCAYALI","microrred":"CONTAMANA","categoria":"ESTABLECIMIENTO DE SALUD SIN INTERNAMIENTO","condicion":"ACTIVO","actualizado":"2023/08/01 19:00:00.000","fuente":"MINSA","urlRenipr":"http://app20.susalud.gob.pe:8080/registro-renipress-webapp/ipress.htm?action=mostrarVer&idipress=00014253"}},{"type":"Feature","geometry":{"type":"Point","coordinates":[-74.68518358999995,-6.000524439999936]},"properties":{"objectid":21402,"nombre":"LA PEDRERA","departamento":"LORETO","provincia":"UCAYALI","distrito":"SARAYACU","institucion":"GOBIERNO REGIONAL","codigoMinsa":177,"direccion":"OTROS ACTUALIZAR DISTRITO SARAYACU PROVINCIA UCAYALI DEPARTAMENTO LORETO","disa":"LORETO","red":"UCAYALI","microrred":"SARAYACU","categoria":"ESTABLECIMIENTO DE SALUD SIN INTERNAMIENTO","condicion":"ACTIVO","actualizado":"2023/08/01 19:00:00.000","fuente":"MINSA","urlRenipr":"http://app20.susalud.gob.pe:8080/registro-renipress-webapp/ipress.htm?action=mostrarVer&idipress=00000177"}},{"type":"Feature","geometry":{"type":"Point","coordinates":[-75.09378640999995,-6.34495155999997]},"properties":{"objectid":21403,"nombre":"PUESTO DE SALUD I-1 MAHUIZO","departamento":"LORETO","provincia":"UCAYALI","distrito":"SARAYACU","institucion":"GOBIERNO REGIONAL","codigoMinsa":179,"direccion":"OTROS ACTUALIZAR DISTRITO SARAYACU PROVINCIA UCAYALI DEPARTAMENTO LORETO","disa":"LORETO","red":"UCAYALI","microrred":"SARAYACU","categoria":"ESTABLECIMIENTO DE SALUD SIN INTERNAMIENTO","condicion":"ACTIVO","actualizado":"2023/08/01 19:00:00.000","fuente":"MINSA","urlRenipr":"http://app20.susalud.gob.pe:8080/registro-renipress-webapp/ipress.htm?action=mostrarVer&idipress=00000179"}},{"type":"Feature","geometry":{"type":"Point","coordinates":[-75.03401999999994,-7.522699999999929]},"properties":{"objectid":21405,"nombre":"PUESTO DE SALUD I-1 PROGRESO DE CONTAMANA","departamento":"LORETO","provincia":"UCAYALI","distrito":"CONTAMANA","institucion":"GOBIERNO REGIONAL","codigoMinsa":165,"direccion":"OTROS ACTUALIZAR DISTRITO CONTAMANA PROVINCIA UCAYALI DEPARTAMENTO LORETO","disa":"LORETO","red":"UCAYALI","microrred":"CONTAMANA","categoria":"ESTABLECIMIENTO DE SALUD SIN INTERNAMIENTO","condicion":"ACTIVO","actualizado":"2023/08/01 19:00:00.000","fuente":"MINSA","urlRenipr":"http://app20.susalud.gob.pe:8080/registro-renipress-webapp/ipress.htm?action=mostrarVer&idipress=00000165"}},{"type":"Feature","geometry":{"type":"Point","coordinates":[-74.92381465999995,-7.75861330999993]},"properties":{"objectid":21406,"nombre":"ROHABOYA","departamento":"LORETO","provincia":"UCAYALI","distrito":"PADRE MARQUEZ","institucion":"GOBIERNO REGIONAL","codigoMinsa":172,"direccion":"OTROS ACTUALIZAR DISTRITO PADRE MARQUEZ PROVINCIA UCAYALI DEPARTAMENTO LORETO","disa":"LORETO","red":"UCAYALI","microrred":"PADRE MARQUEZ","categoria":"ESTABLECIMIENTO DE SALUD SIN INTERNAMIENTO","condicion":"ACTIVO","actualizado":"2023/08/01 19:00:00.000","fuente":"MINSA","urlRenipr":"http://app20.susalud.gob.pe:8080/registro-renipress-webapp/ipress.htm?action=mostrarVer&idipress=00000172"}},{"type":"Feature","geometry":{"type":"Point","coordinates":[-73.25172915999997,-3.749818689999927]},"properties":{"objectid":21702,"nombre":"LABORATORIOS ANALISIS CLINICOS RICCI DYG E.I.R.L.","departamento":"LORETO","provincia":"MAYNAS","distrito":"IQUITOS","institucion":"PRIVADO","codigoMinsa":19494,"direccion":"OTROS HUALLAGA N° 215 DISTRITO IQUITOS PROVINCIA MAYNAS DEPARTAMENTO LORETO","disa":"LORETO","red":"NO PERTENECE A NINGUNA RED","microrred":"NO PERTENECE A NINGUNA MICRORED","categoria":"SERVICIO MÉDICO DE APOYO","condicion":"ACTIVO","actualizado":"2023/08/01 19:00:00.000","fuente":"MINSA","urlRenipr":"http://app20.susalud.gob.pe:8080/registro-renipress-webapp/ipress.htm?action=mostrarVer&idipress=00019494"}},{"type":"Feature","geometry":{"type":"Point","coordinates":[-73.33787150999996,-3.786123029999942]},"properties":{"objectid":21711,"nombre":"POLICLINICO ASOCIACION BENEFICA PRISMA","departamento":"LORETO","provincia":"MAYNAS","distrito":"SAN JUAN BAUTISTA","institucion":"PRIVADO","codigoMinsa":17317,"direccion":"OTROS FRANCISCO BOLOGNESI MZ M LOTE 7 Y 8 SANTA CLARA DISTRITO SAN JUAN BAUTISTA PROVINCIA MAYNAS DEPARTAMENTO LORETO","disa":"LORETO","red":"NO PERTENECE A NINGUNA RED","microrred":"NO PERTENECE A NINGUNA MICRORED","categoria":"ESTABLECIMIENTO DE SALUD SIN INTERNAMIENTO","condicion":"ACTIVO","actualizado":"2023/08/01 19:00:00.000","fuente":"MINSA","urlRenipr":"http://app20.susalud.gob.pe:8080/registro-renipress-webapp/ipress.htm?action=mostrarVer&idipress=00017317"}},{"type":"Feature","geometry":{"type":"Point","coordinates":[-73.25586289999995,-3.7568008999999734]},"properties":{"objectid":21735,"nombre":"SERVICIOS MEDICOS CLINICA SANTA ANITA SRL","departamento":"LORETO","provincia":"MAYNAS","distrito":"IQUITOS","institucion":"PRIVADO","codigoMinsa":12170,"direccion":"JIRÓN JIRON BOLOGNESI N° 1223 DISTRITO IQUITOS PROVINCIA MAYNAS DEPARTAMENTO LORETO","disa":"LORETO","red":"NO PERTENECE A NINGUNA RED","microrred":"NO PERTENECE A NINGUNA MICRORED","categoria":"ESTABLECIMIENTO DE SALUD CON INTERNAMIENTO","condicion":"ACTIVO","actualizado":"2023/08/01 19:00:00.000","fuente":"MINSA","urlRenipr":"http://app20.susalud.gob.pe:8080/registro-renipress-webapp/ipress.htm?action=mostrarVer&idipress=00012170"}},{"type":"Feature","geometry":{"type":"Point","coordinates":[-73.25499502999998,-3.7628666299999622]},"properties":{"objectid":22257,"nombre":"CENTRO MEDICO OAMS GRAU E.I.R.L","departamento":"LORETO","provincia":"MAYNAS","distrito":"IQUITOS","institucion":"PRIVADO","codigoMinsa":31080,"direccion":"AVENIDA ALMIRANTE MIGUEL GRAU NÚMERO 1776 DISTRITO IQUITOS PROVINCIA MAYNAS DEPARTAMENTO LORETO","disa":"LORETO","red":"","microrred":"","categoria":"ESTABLECIMIENTO DE SALUD SIN INTERNAMIENTO","condicion":"ACTIVO","actualizado":"2023/08/01 19:00:00.000","fuente":"MINSA","urlRenipr":"http://app20.susalud.gob.pe:8080/registro-renipress-webapp/ipress.htm?action=mostrarVer&idipress=00031080"}},{"type":"Feature","geometry":{"type":"Point","coordinates":[-73.25182269999993,-3.750993499999936]},"properties":{"objectid":22348,"nombre":"FDA BIOSERVIS SAC \"CENTRO MEDICO VIRGEN DE LA SALUD\"","departamento":"LORETO","provincia":"MAYNAS","distrito":"IQUITOS","institucion":"PRIVADO","codigoMinsa":25622,"direccion":"JIRÓN RICARDO PALMA NÚMERO 815 DISTRITO IQUITOS PROVINCIA MAYNAS DEPARTAMENTO LORETO","disa":"LORETO","red":"NO PERTENECE A NINGUNA RED","microrred":"NO PERTENECE A NINGUNA MICRORED","categoria":"ESTABLECIMIENTO DE SALUD SIN INTERNAMIENTO","condicion":"ACTIVO","actualizado":"2023/08/01 19:00:00.000","fuente":"MINSA","urlRenipr":"http://app20.susalud.gob.pe:8080/registro-renipress-webapp/ipress.htm?action=mostrarVer&idipress=00025622"}},{"type":"Feature","geometry":{"type":"Point","coordinates":[-73.24394229999996,-3.7188407999999527]},"properties":{"objectid":22491,"nombre":"HOSPITAL III IQUITOS","departamento":"LORETO","provincia":"MAYNAS","distrito":"PUNCHANA","institucion":"ESSALUD","codigoMinsa":11409,"direccion":"AVENIDA AVENIDA LA MARINA S/N NÚMERO S/N DISTRITO PUNCHANA PROVINCIA MAYNAS DEPARTAMENTO LORETO","disa":"LORETO","red":"NO PERTENECE A NINGUNA RED","microrred":"NO PERTENECE A NINGUNA MICRORED","categoria":"ESTABLECIMIENTO DE SALUD CON INTERNAMIENTO","condicion":"ACTIVO","actualizado":"2023/08/01 19:00:00.000","fuente":"MINSA","urlRenipr":"http://app20.susalud.gob.pe:8080/registro-renipress-webapp/ipress.htm?action=mostrarVer&idipress=00011409"}},{"type":"Feature","geometry":{"type":"Point","coordinates":[-76.25778999999994,-6.036549999999977]},"properties":{"objectid":22561,"nombre":"P.S. I-1 SAN JUAN DE PAMPLONA","departamento":"LORETO","provincia":"ALTO AMAZONAS","distrito":"YURIMAGUAS","institucion":"GOBIERNO REGIONAL","codigoMinsa":230,"direccion":"OTROS COMUNIDAD SAN JUAN DE PAMPLONA DISTRITO YURIMAGUAS PROVINCIA ALTO AMAZONAS DEPARTAMENTO LORETO","disa":"LORETO","red":"ALTO AMAZONAS","microrred":"YURIMAGUAS","categoria":"ESTABLECIMIENTO DE SALUD SIN INTERNAMIENTO","condicion":"ACTIVO","actualizado":"2023/08/01 19:00:00.000","fuente":"MINSA","urlRenipr":"http://app20.susalud.gob.pe:8080/registro-renipress-webapp/ipress.htm?action=mostrarVer&idipress=00000230"}},{"type":"Feature","geometry":{"type":"Point","coordinates":[-75.68246703999995,-5.2391684799999325]},"properties":{"objectid":22562,"nombre":"P.S. I-1 BARRIO CENTRAL","departamento":"LORETO","provincia":"ALTO AMAZONAS","distrito":"LAGUNAS","institucion":"GOBIERNO REGIONAL","codigoMinsa":197,"direccion":"OTROS BARRIO CENTRAL - LAGUNAS DISTRITO LAGUNAS PROVINCIA ALTO AMAZONAS DEPARTAMENTO LORETO","disa":"LORETO","red":"ALTO AMAZONAS","microrred":"LAGUNAS","categoria":"ESTABLECIMIENTO DE SALUD SIN INTERNAMIENTO","condicion":"ACTIVO","actualizado":"2023/08/01 19:00:00.000","fuente":"MINSA","urlRenipr":"http://app20.susalud.gob.pe:8080/registro-renipress-webapp/ipress.htm?action=mostrarVer&idipress=00000197"}},{"type":"Feature","geometry":{"type":"Point","coordinates":[-76.11290479999997,-5.90077169999995]},"properties":{"objectid":22577,"nombre":"LABORATORIO DE REFERENCIA DE SALUD PUBLICA DE ALTO AMAZONAS","departamento":"LORETO","provincia":"ALTO AMAZONAS","distrito":"YURIMAGUAS","institucion":"GOBIERNO REGIONAL","codigoMinsa":31157,"direccion":"CALLE ALFONSO UGARTE NÚMERO 433 DISTRITO YURIMAGUAS PROVINCIA ALTO AMAZONAS DEPARTAMENTO LORETO","disa":"LORETO","red":"ALTO AMAZONAS","microrred":"NO PERTENECE A NINGUNA MICRORED","categoria":"SERVICIO MÉDICO DE APOYO","condicion":"ACTIVO","actualizado":"2023/08/01 19:00:00.000","fuente":"MINSA","urlRenipr":"http://app20.susalud.gob.pe:8080/registro-renipress-webapp/ipress.htm?action=mostrarVer&idipress=00031157"}},{"type":"Feature","geometry":{"type":"Point","coordinates":[-75.33442999999994,-3.965849999999932]},"properties":{"objectid":22715,"nombre":"UNIDAD MEDICA CHAMBIRA","departamento":"LORETO","provincia":"LORETO","distrito":"URARINAS","institucion":"PRIVADO","codigoMinsa":14221,"direccion":"OTROS LOTE 8 PLUSPETROL DISTRITO URARINAS PROVINCIA LORETO DEPARTAMENTO LORETO","disa":"LORETO","red":"NO PERTENECE A NINGUNA RED","microrred":"NO PERTENECE A NINGUNA MICRORED","categoria":"ESTABLECIMIENTO DE SALUD SIN INTERNAMIENTO","condicion":"ACTIVO","actualizado":"2023/08/01 19:00:00.000","fuente":"MINSA","urlRenipr":"http://app20.susalud.gob.pe:8080/registro-renipress-webapp/ipress.htm?action=mostrarVer&idipress=00014221"}},{"type":"Feature","geometry":{"type":"Point","coordinates":[-76.58828332999997,-4.650859999999966]},"properties":{"objectid":22730,"nombre":"C.S. I-3 ULLPAYACU","departamento":"LORETO","provincia":"DATEM DEL MARAÑON","distrito":"PASTAZA","institucion":"GOBIERNO REGIONAL","codigoMinsa":268,"direccion":"OTROS LOCALIDAD ULLPAYACU LOCALIDAD ULLPAYACU PASTAZA DATEM DEL MARAÑON LORETO","disa":"LORETO","red":"DATEM DEL MARAÑON","microrred":"PASTAZA","categoria":"ESTABLECIMIENTO DE SALUD SIN INTERNAMIENTO","condicion":"ACTIVO","actualizado":"2023/08/01 19:00:00.000","fuente":"MINSA","urlRenipr":"http://app20.susalud.gob.pe:8080/registro-renipress-webapp/ipress.htm?action=mostrarVer&idipress=00000268"}},{"type":"Feature","geometry":{"type":"Point","coordinates":[-76.69934981999995,-5.554007359999957]},"properties":{"objectid":22731,"nombre":"P.S. I-1 LIBERTAD DE BALSAPUERTO","departamento":"LORETO","provincia":"ALTO AMAZONAS","distrito":"BALSAPUERTO","institucion":"GOBIERNO REGIONAL","codigoMinsa":17569,"direccion":"OTROS LOCALIDAD DE LIBERTAD DE BALSAPUERTO DISTRITO BALSAPUERTO PROVINCIA ALTO AMAZONAS DEPARTAMENTO LORETO","disa":"LORETO","red":"ALTO AMAZONAS","microrred":"BALSAPUERTO","categoria":"ESTABLECIMIENTO DE SALUD SIN INTERNAMIENTO","condicion":"ACTIVO","actualizado":"2023/08/01 19:00:00.000","fuente":"MINSA","urlRenipr":"http://app20.susalud.gob.pe:8080/registro-renipress-webapp/ipress.htm?action=mostrarVer&idipress=00017569"}},{"type":"Feature","geometry":{"type":"Point","coordinates":[-76.00031733999998,-5.92457055999995]},"properties":{"objectid":22732,"nombre":"P.S. I-1 LIBERTAD DE CUIPARILLO","departamento":"LORETO","provincia":"ALTO AMAZONAS","distrito":"TENIENTE CESAR LOPEZ ROJAS","institucion":"GOBIERNO REGIONAL","codigoMinsa":300,"direccion":"OTROS COMUNIDAD LIBERTAD CUIPARILLO DISTRITO TENIENTE CESAR LOPEZ ROJAS PROVINCIA ALTO AMAZONAS DEPARTAMENTO LORETO","disa":"LORETO","red":"ALTO AMAZONAS","microrred":"TENIENTE CESAR LOPEZ ROJAS","categoria":"ESTABLECIMIENTO DE SALUD SIN INTERNAMIENTO","condicion":"ACTIVO","actualizado":"2023/08/01 19:00:00.000","fuente":"MINSA","urlRenipr":"http://app20.susalud.gob.pe:8080/registro-renipress-webapp/ipress.htm?action=mostrarVer&idipress=00000300"}},{"type":"Feature","geometry":{"type":"Point","coordinates":[-73.25349012999999,-3.7515314199999352]},"properties":{"objectid":22746,"nombre":"GRUPO MEDYSAN E.I.R.L.","departamento":"LORETO","provincia":"MAYNAS","distrito":"IQUITOS","institucion":"PRIVADO","codigoMinsa":26626,"direccion":"AVENIDA MARISCAL CACERES 1071 1 FRENTE AL COMPLEJO PARDO IQUITOS MAYNAS LORETO","disa":"LORETO","red":"NO PERTENECE A NINGUNA RED","microrred":"NO PERTENECE A NINGUNA MICRORED","categoria":"ESTABLECIMIENTO DE SALUD SIN INTERNAMIENTO","condicion":"ACTIVO","actualizado":"2023/08/01 19:00:00.000","fuente":"MINSA","urlRenipr":"http://app20.susalud.gob.pe:8080/registro-renipress-webapp/ipress.htm?action=mostrarVer&idipress=00026626"}},{"type":"Feature","geometry":{"type":"Point","coordinates":[-73.25385015999996,-3.7613069399999404]},"properties":{"objectid":22790,"nombre":"CENTRO MEDICO POPULAR","departamento":"LORETO","provincia":"MAYNAS","distrito":"IQUITOS","institucion":"PRIVADO","codigoMinsa":30578,"direccion":"JIRÓN LIBERTAD NÚMERO 488 DISTRITO IQUITOS PROVINCIA MAYNAS DEPARTAMENTO LORETO","disa":"LORETO","red":"","microrred":"","categoria":"ESTABLECIMIENTO DE SALUD SIN INTERNAMIENTO","condicion":"ACTIVO","actualizado":"2023/08/01 19:00:00.000","fuente":"MINSA","urlRenipr":"http://app20.susalud.gob.pe:8080/registro-renipress-webapp/ipress.htm?action=mostrarVer&idipress=00030578"}},{"type":"Feature","geometry":{"type":"Point","coordinates":[-73.25163259999994,-3.743673499999943]},"properties":{"objectid":22800,"nombre":"Centro odontologico Oral Fresh","departamento":"LORETO","provincia":"MAYNAS","distrito":"IQUITOS","institucion":"PRIVADO","codigoMinsa":27420,"direccion":"JIRÓN Pevas NÚMERO 294 DISTRITO IQUITOS PROVINCIA MAYNAS DEPARTAMENTO LORETO","disa":"LORETO","red":"NO PERTENECE A NINGUNA RED","microrred":"NO PERTENECE A NINGUNA MICRORED","categoria":"ESTABLECIMIENTO DE SALUD SIN INTERNAMIENTO","condicion":"ACTIVO","actualizado":"2023/08/01 19:00:00.000","fuente":"MINSA","urlRenipr":"http://app20.susalud.gob.pe:8080/registro-renipress-webapp/ipress.htm?action=mostrarVer&idipress=00027420"}},{"type":"Feature","geometry":{"type":"Point","coordinates":[-73.24022525999999,-3.720765619999952]},"properties":{"objectid":22839,"nombre":"IPRESS I-2 MASUSA","departamento":"LORETO","provincia":"MAYNAS","distrito":"PUNCHANA","institucion":"GOBIERNO REGIONAL","codigoMinsa":271,"direccion":"OTROS ACTUALIZAR DISTRITO PUNCHANA PROVINCIA MAYNAS DEPARTAMENTO LORETO","disa":"LORETO","red":"MAYNAS CIUDAD","microrred":"PUNCHANA","categoria":"ESTABLECIMIENTO DE SALUD SIN INTERNAMIENTO","condicion":"ACTIVO","actualizado":"2023/08/01 19:00:00.000","fuente":"MINSA","urlRenipr":"http://app20.susalud.gob.pe:8080/registro-renipress-webapp/ipress.htm?action=mostrarVer&idipress=00000271"}},{"type":"Feature","geometry":{"type":"Point","coordinates":[-73.54695163999997,-4.656974309999953]},"properties":{"objectid":22840,"nombre":"SAPUENA","departamento":"LORETO","provincia":"REQUENA","distrito":"SAQUENA","institucion":"GOBIERNO REGIONAL","codigoMinsa":154,"direccion":"OTROS CASERIO DE SAPUENA CASERIO DE SAPUENA SAQUENA REQUENA LORETO","disa":"LORETO","red":"REQUENA","microrred":"REQUENA","categoria":"ESTABLECIMIENTO DE SALUD SIN INTERNAMIENTO","condicion":"ACTIVO","actualizado":"2023/08/01 19:00:00.000","fuente":"MINSA","urlRenipr":"http://app20.susalud.gob.pe:8080/registro-renipress-webapp/ipress.htm?action=mostrarVer&idipress=00000154"}},{"type":"Feature","geometry":{"type":"Point","coordinates":[-73.31952999999999,-3.645909999999958]},"properties":{"objectid":22841,"nombre":"CENTRO FUERTE","departamento":"LORETO","provincia":"MAYNAS","distrito":"PUNCHANA","institucion":"GOBIERNO REGIONAL","codigoMinsa":272,"direccion":"CASERIO DE CENTRO FUERTE","disa":"LORETO","red":"MAYNAS CIUDAD","microrred":"PUNCHANA","categoria":"ESTABLECIMIENTO DE SALUD SIN INTERNAMIENTO","condicion":"ACTIVO","actualizado":"2023/08/01 19:00:00.000","fuente":"MINSA","urlRenipr":"http://app20.susalud.gob.pe:8080/registro-renipress-webapp/ipress.htm?action=mostrarVer&idipress=00000272"}},{"type":"Feature","geometry":{"type":"Point","coordinates":[-74.42962734999998,-5.703230879999978]},"properties":{"objectid":22842,"nombre":"PUESTO DE SALUD I-1 LAGO SAN MARCOS","departamento":"LORETO","provincia":"REQUENA","distrito":"EMILIO SAN MARTIN","institucion":"GOBIERNO REGIONAL","codigoMinsa":28768,"direccion":"OTROS COMUNIDAD DE LAGO SAN MARCOS NÚMERO S/N DISTRITO EMILIO SAN MARTIN PROVINCIA REQUENA DEPARTAMENTO LORETO","disa":"LORETO","red":"REQUENA","microrred":"SAN MARTIN CAPELO","categoria":"ESTABLECIMIENTO DE SALUD SIN INTERNAMIENTO","condicion":"ACTIVO","actualizado":"2023/08/01 19:00:00.000","fuente":"MINSA","urlRenipr":"http://app20.susalud.gob.pe:8080/registro-renipress-webapp/ipress.htm?action=mostrarVer&idipress=00028768"}},{"type":"Feature","geometry":{"type":"Point","coordinates":[-73.24886579999998,-3.756167399999981]},"properties":{"objectid":22843,"nombre":"CENTRO HEMODADOR REGIONAL DE LORETO-BANCO DE SANGRE TIPO II","departamento":"LORETO","provincia":"MAYNAS","distrito":"IQUITOS","institucion":"GOBIERNO REGIONAL","codigoMinsa":25449,"direccion":"JIRÓN FRANCISCO GARCÍA SAENZ NÚMERO 332 PISO 2 DISTRITO IQUITOS PROVINCIA MAYNAS DEPARTAMENTO LORETO","disa":"LORETO","red":"NO PERTENECE A NINGUNA RED","microrred":"NO PERTENECE A NINGUNA MICRORED","categoria":"SERVICIO MÉDICO DE APOYO","condicion":"ACTIVO","actualizado":"2023/08/01 19:00:00.000","fuente":"MINSA","urlRenipr":"http://app20.susalud.gob.pe:8080/registro-renipress-webapp/ipress.htm?action=mostrarVer&idipress=00025449"}},{"type":"Feature","geometry":{"type":"Point","coordinates":[-74.41637166999999,-5.495403919999944]},"properties":{"objectid":22844,"nombre":"HUACRACHIRO","departamento":"LORETO","provincia":"REQUENA","distrito":"PUINAHUA","institucion":"GOBIERNO REGIONAL","codigoMinsa":149,"direccion":"OTROS CASERIO DE HUACRACHIRO DISTRITO PUINAHUA PROVINCIA REQUENA DEPARTAMENTO LORETO","disa":"LORETO","red":"REQUENA","microrred":"BRETAÑA","categoria":"ESTABLECIMIENTO DE SALUD SIN INTERNAMIENTO","condicion":"ACTIVO","actualizado":"2023/08/01 19:00:00.000","fuente":"MINSA","urlRenipr":"http://app20.susalud.gob.pe:8080/registro-renipress-webapp/ipress.htm?action=mostrarVer&idipress=00000149"}},{"type":"Feature","geometry":{"type":"Point","coordinates":[-73.43546999999995,-3.4896699999999328]},"properties":{"objectid":22846,"nombre":"PUNTO ALEGRE","departamento":"LORETO","provincia":"MAYNAS","distrito":"PUNCHANA","institucion":"GOBIERNO REGIONAL","codigoMinsa":7220,"direccion":"ACTUALIZAR","disa":"LORETO","red":"MAYNAS CIUDAD","microrred":"PUNCHANA","categoria":"ESTABLECIMIENTO DE SALUD SIN INTERNAMIENTO","condicion":"ACTIVO","actualizado":"2023/08/01 19:00:00.000","fuente":"MINSA","urlRenipr":"http://app20.susalud.gob.pe:8080/registro-renipress-webapp/ipress.htm?action=mostrarVer&idipress=00007220"}},{"type":"Feature","geometry":{"type":"Point","coordinates":[-73.15581128999997,-3.827004659999943]},"properties":{"objectid":22847,"nombre":"P.S. I-1 GALLITO","departamento":"LORETO","provincia":"MAYNAS","distrito":"IQUITOS","institucion":"GOBIERNO REGIONAL","codigoMinsa":276,"direccion":"OTROS CASERIO DE GALLITO SIN NUMERO CASERIO DE GALLITO SIN NUMERO IQUITOS MAYNAS LORETO","disa":"LORETO","red":"MAYNAS CIUDAD","microrred":"BELEN","categoria":"ESTABLECIMIENTO DE SALUD SIN INTERNAMIENTO","condicion":"ACTIVO","actualizado":"2023/08/01 19:00:00.000","fuente":"MINSA","urlRenipr":"http://app20.susalud.gob.pe:8080/registro-renipress-webapp/ipress.htm?action=mostrarVer&idipress=00000276"}},{"type":"Feature","geometry":{"type":"Point","coordinates":[-73.77967024999998,-3.9013142999999673]},"properties":{"objectid":22848,"nombre":"DIAMANTE AZUL","departamento":"LORETO","provincia":"MAYNAS","distrito":"ALTO NANAY","institucion":"GOBIERNO REGIONAL","codigoMinsa":6,"direccion":"OTROS CASERIO DE DIAMANTE AZUL DISTRITO ALTO NANAY PROVINCIA MAYNAS DEPARTAMENTO LORETO","disa":"LORETO","red":"MAYNAS CIUDAD","microrred":"IQUITOS NORTE","categoria":"ESTABLECIMIENTO DE SALUD SIN INTERNAMIENTO","condicion":"ACTIVO","actualizado":"2023/08/01 19:00:00.000","fuente":"MINSA","urlRenipr":"http://app20.susalud.gob.pe:8080/registro-renipress-webapp/ipress.htm?action=mostrarVer&idipress=00000006"}},{"type":"Feature","geometry":{"type":"Point","coordinates":[-73.41100999999998,-1.7900699999999574]},"properties":{"objectid":22849,"nombre":"SANTA MERCEDES","departamento":"LORETO","provincia":"PUTUMAYO","distrito":"ROSA PANDURO","institucion":"GOBIERNO REGIONAL","codigoMinsa":86,"direccion":"OTROS CASERIO DE SANTA MERCEDES S/N ROSA PANDURO PUTUMAYO LORETO","disa":"LORETO","red":"MAYNAS PERIFERIE","microrred":"PUTUMAYO","categoria":"ESTABLECIMIENTO DE SALUD SIN INTERNAMIENTO","condicion":"ACTIVO","actualizado":"2023/08/01 19:00:00.000","fuente":"MINSA","urlRenipr":"http://app20.susalud.gob.pe:8080/registro-renipress-webapp/ipress.htm?action=mostrarVer&idipress=00000086"}},{"type":"Feature","geometry":{"type":"Point","coordinates":[-75.03227999999996,-4.806009999999958]},"properties":{"objectid":22850,"nombre":"NUEVA ESPERANZA DE URARINAS","departamento":"LORETO","provincia":"LORETO","distrito":"URARINAS","institucion":"GOBIERNO REGIONAL","codigoMinsa":110,"direccion":"OTROS ACTUALIZAR DISTRITO URARINAS PROVINCIA LORETO DEPARTAMENTO LORETO","disa":"LORETO","red":"LORETO","microrred":"MAYPUCO","categoria":"ESTABLECIMIENTO DE SALUD SIN INTERNAMIENTO","condicion":"ACTIVO","actualizado":"2023/08/01 19:00:00.000","fuente":"MINSA","urlRenipr":"http://app20.susalud.gob.pe:8080/registro-renipress-webapp/ipress.htm?action=mostrarVer&idipress=00000110"}},{"type":"Feature","geometry":{"type":"Point","coordinates":[-70.42093313999999,-2.5072817399999394]},"properties":{"objectid":22851,"nombre":"P.S. I-1 HUAPAPA","departamento":"LORETO","provincia":"PUTUMAYO","distrito":"YAGUAS","institucion":"GOBIERNO REGIONAL","codigoMinsa":79,"direccion":"OTROS CASERIO DE HUAPAPA S/N YAGUAS PUTUMAYO LORETO","disa":"LORETO","red":"MAYNAS PERIFERIE","microrred":"PUTUMAYO","categoria":"ESTABLECIMIENTO DE SALUD SIN INTERNAMIENTO","condicion":"ACTIVO","actualizado":"2023/08/01 19:00:00.000","fuente":"MINSA","urlRenipr":"http://app20.susalud.gob.pe:8080/registro-renipress-webapp/ipress.htm?action=mostrarVer&idipress=00000079"}},{"type":"Feature","geometry":{"type":"Point","coordinates":[-73.25462749999997,-3.732278899999926]},"properties":{"objectid":22964,"nombre":"CENTRO MEDICO CAMONES S.A.C.","departamento":"LORETO","provincia":"MAYNAS","distrito":"IQUITOS","institucion":"PRIVADO","codigoMinsa":30828,"direccion":"CALLE RIOJA NÚMERO 435 DISTRITO IQUITOS PROVINCIA MAYNAS DEPARTAMENTO LORETO","disa":"LORETO","red":"","microrred":"","categoria":"ESTABLECIMIENTO DE SALUD SIN INTERNAMIENTO","condicion":"ACTIVO","actualizado":"2023/08/01 19:00:00.000","fuente":"MINSA","urlRenipr":"http://app20.susalud.gob.pe:8080/registro-renipress-webapp/ipress.htm?action=mostrarVer&idipress=00030828"}},{"type":"Feature","geometry":{"type":"Point","coordinates":[-74.98430999999994,-7.576489999999978]},"properties":{"objectid":23437,"nombre":"HOLANDA","departamento":"LORETO","provincia":"UCAYALI","distrito":"CONTAMANA","institucion":"GOBIERNO REGIONAL","codigoMinsa":166,"direccion":"OTROS ACTUALIZAR DISTRITO CONTAMANA PROVINCIA UCAYALI DEPARTAMENTO LORETO","disa":"LORETO","red":"UCAYALI","microrred":"CONTAMANA","categoria":"ESTABLECIMIENTO DE SALUD SIN INTERNAMIENTO","condicion":"ACTIVO","actualizado":"2023/08/01 19:00:00.000","fuente":"MINSA","urlRenipr":"http://app20.susalud.gob.pe:8080/registro-renipress-webapp/ipress.htm?action=mostrarVer&idipress=00000166"}},{"type":"Feature","geometry":{"type":"Point","coordinates":[-75.00733527999995,-7.694183179999925]},"properties":{"objectid":23438,"nombre":"PUESTO DE SALUD I-1 NUEVA GALILEA","departamento":"LORETO","provincia":"UCAYALI","distrito":"PADRE MARQUEZ","institucion":"GOBIERNO REGIONAL","codigoMinsa":7035,"direccion":"OTROS ACTUALIZAR DISTRITO PADRE MARQUEZ PROVINCIA UCAYALI DEPARTAMENTO LORETO","disa":"LORETO","red":"UCAYALI","microrred":"PADRE MARQUEZ","categoria":"ESTABLECIMIENTO DE SALUD SIN INTERNAMIENTO","condicion":"ACTIVO","actualizado":"2023/08/01 19:00:00.000","fuente":"MINSA","urlRenipr":"http://app20.susalud.gob.pe:8080/registro-renipress-webapp/ipress.htm?action=mostrarVer&idipress=00007035"}},{"type":"Feature","geometry":{"type":"Point","coordinates":[-73.24459960999997,-3.764570219999939]},"properties":{"objectid":24149,"nombre":"6 DE OCTUBRE","departamento":"LORETO","provincia":"MAYNAS","distrito":"BELEN","institucion":"GOBIERNO REGIONAL","codigoMinsa":51,"direccion":"PROLONGACIÓN PROLONGACION YURIMAGUAS SIN NUMERO PROLONGACION YURIMAGUAS SIN NUMERO BELEN MAYNAS LORETO","disa":"LORETO","red":"MAYNAS CIUDAD","microrred":"BELEN","categoria":"ESTABLECIMIENTO DE SALUD SIN INTERNAMIENTO","condicion":"ACTIVO","actualizado":"2023/08/01 19:00:00.000","fuente":"MINSA","urlRenipr":"http://app20.susalud.gob.pe:8080/registro-renipress-webapp/ipress.htm?action=mostrarVer&idipress=00000051"}},{"type":"Feature","geometry":{"type":"Point","coordinates":[-73.24836039999997,-3.7260517999999365]},"properties":{"objectid":24505,"nombre":"FORTH HOPE","departamento":"LORETO","provincia":"MAYNAS","distrito":"PUNCHANA","institucion":"PRIVADO","codigoMinsa":25417,"direccion":"OTROS PUERTO DE LA COMUNIDAD DE SANTO TOMAS DISTRITO PUNCHANA PROVINCIA MAYNAS DEPARTAMENTO LORETO","disa":"LORETO","red":"NO PERTENECE A NINGUNA RED","microrred":"NO PERTENECE A NINGUNA MICRORED","categoria":"ESTABLECIMIENTO DE SALUD SIN INTERNAMIENTO","condicion":"ACTIVO","actualizado":"2023/08/01 19:00:00.000","fuente":"MINSA","urlRenipr":"http://app20.susalud.gob.pe:8080/registro-renipress-webapp/ipress.htm?action=mostrarVer&idipress=00025417"}},{"type":"Feature","geometry":{"type":"Point","coordinates":[-76.99840434999999,-4.135958109999933]},"properties":{"objectid":24587,"nombre":"PUESTO DE SALUD I-1 NUEVO LIMON COCHA","departamento":"LORETO","provincia":"DATEM DEL MARAÑON","distrito":"PASTAZA","institucion":"GOBIERNO REGIONAL","codigoMinsa":29013,"direccion":"OTROS COMUNIDAD NATIVA DE NUEVO LIMON COCHA NÚMERO S/N DISTRITO PASTAZA PROVINCIA DATEM DEL MARAÑON DEPARTAMENTO LORETO","disa":"LORETO","red":"DATEM DEL MARAÑON","microrred":"PASTAZA","categoria":"ESTABLECIMIENTO DE SALUD SIN INTERNAMIENTO","condicion":"ACTIVO","actualizado":"2023/08/01 19:00:00.000","fuente":"MINSA","urlRenipr":"http://app20.susalud.gob.pe:8080/registro-renipress-webapp/ipress.htm?action=mostrarVer&idipress=00029013"}},{"type":"Feature","geometry":{"type":"Point","coordinates":[-76.10701469999998,-5.890653199999974]},"properties":{"objectid":24590,"nombre":"CENTRO ODONTOLÓGICO MUNDO DAR","departamento":"LORETO","provincia":"ALTO AMAZONAS","distrito":"YURIMAGUAS","institucion":"PRIVADO","codigoMinsa":28585,"direccion":"CALLE Progreso NÚMERO 405 PISO 1 DISTRITO YURIMAGUAS PROVINCIA ALTO AMAZONAS DEPARTAMENTO LORETO","disa":"LORETO","red":"NO PERTENECE A NINGUNA RED","microrred":"NO PERTENECE A NINGUNA MICRORED","categoria":"SERVICIO MÉDICO DE APOYO","condicion":"ACTIVO","actualizado":"2023/08/01 19:00:00.000","fuente":"MINSA","urlRenipr":"http://app20.susalud.gob.pe:8080/registro-renipress-webapp/ipress.htm?action=mostrarVer&idipress=00028585"}},{"type":"Feature","geometry":{"type":"Point","coordinates":[-75.87307969999995,-5.000641739999935]},"properties":{"objectid":24591,"nombre":"P.S. I-1 CHARUPA","departamento":"LORETO","provincia":"ALTO AMAZONAS","distrito":"LAGUNAS","institucion":"GOBIERNO REGIONAL","codigoMinsa":198,"direccion":"OTROS COMUNIDAD CHARUPA DISTRITO LAGUNAS PROVINCIA ALTO AMAZONAS DEPARTAMENTO LORETO","disa":"LORETO","red":"DATEM DEL MARAÑON","microrred":"BARRANCA","categoria":"ESTABLECIMIENTO DE SALUD SIN INTERNAMIENTO","condicion":"ACTIVO","actualizado":"2023/08/01 19:00:00.000","fuente":"MINSA","urlRenipr":"http://app20.susalud.gob.pe:8080/registro-renipress-webapp/ipress.htm?action=mostrarVer&idipress=00000198"}},{"type":"Feature","geometry":{"type":"Point","coordinates":[-73.25666389999998,-3.7524859999999762]},"properties":{"objectid":24600,"nombre":"CLINICA ODONTOLOGICA SELVA DENT","departamento":"LORETO","provincia":"MAYNAS","distrito":"IQUITOS","institucion":"PRIVADO","codigoMinsa":25711,"direccion":"JIRÓN DOS DE MAYO 690 NÚMERO 690 PISO 1 DISTRITO IQUITOS PROVINCIA MAYNAS DEPARTAMENTO LORETO","disa":"LORETO","red":"NO PERTENECE A NINGUNA RED","microrred":"NO PERTENECE A NINGUNA MICRORED","categoria":"ESTABLECIMIENTO DE SALUD SIN INTERNAMIENTO","condicion":"ACTIVO","actualizado":"2023/08/01 19:00:00.000","fuente":"MINSA","urlRenipr":"http://app20.susalud.gob.pe:8080/registro-renipress-webapp/ipress.htm?action=mostrarVer&idipress=00025711"}},{"type":"Feature","geometry":{"type":"Point","coordinates":[-76.10706999999996,-5.894306799999981]},"properties":{"objectid":24630,"nombre":"ÓPTICA VISUAL LENS EIRL","departamento":"LORETO","provincia":"ALTO AMAZONAS","distrito":"YURIMAGUAS","institucion":"PRIVADO","codigoMinsa":25454,"direccion":"CALLE BOLIVAR NÚMERO 114 DISTRITO YURIMAGUAS PROVINCIA ALTO AMAZONAS DEPARTAMENTO LORETO","disa":"","red":"","microrred":"","categoria":"SERVICIO MÉDICO DE APOYO","condicion":"RUC INACTIVO EN SUNAT","actualizado":"2023/08/01 19:00:00.000","fuente":"MINSA","urlRenipr":"http://app20.susalud.gob.pe:8080/registro-renipress-webapp/ipress.htm?action=mostrarVer&idipress=00025454"}},{"type":"Feature","geometry":{"type":"Point","coordinates":[-76.11893440999995,-5.892724959999953]},"properties":{"objectid":24732,"nombre":"centro medico tayder brevetes","departamento":"LORETO","provincia":"ALTO AMAZONAS","distrito":"YURIMAGUAS","institucion":"PRIVADO","codigoMinsa":25599,"direccion":"CALLE Alfonso Ugarte 1114 NÚMERO 1114 PISO 1 DISTRITO YURIMAGUAS PROVINCIA ALTO AMAZONAS DEPARTAMENTO LORETO","disa":"","red":"","microrred":"","categoria":"ESTABLECIMIENTO DE SALUD SIN INTERNAMIENTO","condicion":"RUC INACTIVO EN SUNAT","actualizado":"2023/08/01 19:00:00.000","fuente":"MINSA","urlRenipr":"http://app20.susalud.gob.pe:8080/registro-renipress-webapp/ipress.htm?action=mostrarVer&idipress=00025599"}},{"type":"Feature","geometry":{"type":"Point","coordinates":[-74.95541999999995,-4.867249999999956]},"properties":{"objectid":24756,"nombre":"UNIDAD MEDICA YANAYACU","departamento":"LORETO","provincia":"LORETO","distrito":"URARINAS","institucion":"PRIVADO","codigoMinsa":14223,"direccion":"OTROS LOTE 8 PLUSPETROL DISTRITO URARINAS PROVINCIA LORETO DEPARTAMENTO LORETO","disa":"LORETO","red":"NO PERTENECE A NINGUNA RED","microrred":"NO PERTENECE A NINGUNA MICRORED","categoria":"ESTABLECIMIENTO DE SALUD SIN INTERNAMIENTO","condicion":"ACTIVO","actualizado":"2023/08/01 19:00:00.000","fuente":"MINSA","urlRenipr":"http://app20.susalud.gob.pe:8080/registro-renipress-webapp/ipress.htm?action=mostrarVer&idipress=00014223"}},{"type":"Feature","geometry":{"type":"Point","coordinates":[-76.11290479999997,-5.90077169999995]},"properties":{"objectid":24771,"nombre":"SAMU YURIMAGUAS","departamento":"LORETO","provincia":"ALTO AMAZONAS","distrito":"YURIMAGUAS","institucion":"GOBIERNO REGIONAL","codigoMinsa":27342,"direccion":"CALLE ALFONSO UGARTE NÚMERO 518 DISTRITO YURIMAGUAS PROVINCIA ALTO AMAZONAS DEPARTAMENTO LORETO","disa":"LORETO","red":"ALTO AMAZONAS","microrred":"NO PERTENECE A NINGUNA MICRORED","categoria":"SERVICIO MÉDICO DE APOYO","condicion":"ACTIVO","actualizado":"2023/08/01 19:00:00.000","fuente":"MINSA","urlRenipr":"http://app20.susalud.gob.pe:8080/registro-renipress-webapp/ipress.htm?action=mostrarVer&idipress=00027342"}},{"type":"Feature","geometry":{"type":"Point","coordinates":[-76.11290479999997,-5.90077169999995]},"properties":{"objectid":24772,"nombre":"P.S. I-1 SAN MIGUEL DE TENIENTE CESAR LOPEZ ROJAS","departamento":"LORETO","provincia":"ALTO AMAZONAS","distrito":"TENIENTE CESAR LOPEZ ROJAS","institucion":"GOBIERNO REGIONAL","codigoMinsa":25340,"direccion":"OTROS COMUNIDAD DE SAN MIGUEL A DOS HORAS DEL C.S. TENIENTE C. LOPEZ TENIENTE CESAR LOPEZ ROJAS ALTO AMAZONAS LORETO","disa":"LORETO","red":"ALTO AMAZONAS","microrred":"TENIENTE CESAR LOPEZ ROJAS","categoria":"ESTABLECIMIENTO DE SALUD SIN INTERNAMIENTO","condicion":"ACTIVO","actualizado":"2023/08/01 19:00:00.000","fuente":"MINSA","urlRenipr":"http://app20.susalud.gob.pe:8080/registro-renipress-webapp/ipress.htm?action=mostrarVer&idipress=00025340"}},{"type":"Feature","geometry":{"type":"Point","coordinates":[-76.05105999999995,-5.8981299999999806]},"properties":{"objectid":24773,"nombre":"P.S. I-1 VISTA ALEGRE DE YURIMAGUAS","departamento":"LORETO","provincia":"ALTO AMAZONAS","distrito":"YURIMAGUAS","institucion":"GOBIERNO REGIONAL","codigoMinsa":7132,"direccion":"OTROS CASERIO DE VISTA ALEGRE DISTRITO YURIMAGUAS PROVINCIA ALTO AMAZONAS DEPARTAMENTO LORETO","disa":"LORETO","red":"ALTO AMAZONAS","microrred":"YURIMAGUAS","categoria":"ESTABLECIMIENTO DE SALUD SIN INTERNAMIENTO","condicion":"ACTIVO","actualizado":"2023/08/01 19:00:00.000","fuente":"MINSA","urlRenipr":"http://app20.susalud.gob.pe:8080/registro-renipress-webapp/ipress.htm?action=mostrarVer&idipress=00007132"}},{"type":"Feature","geometry":{"type":"Point","coordinates":[-77.64501332999998,-3.0532949999999346]},"properties":{"objectid":24774,"nombre":"SAN JUAN DEL MORONA","departamento":"LORETO","provincia":"DATEM DEL MARAÑON","distrito":"MORONA","institucion":"GOBIERNO REGIONAL","codigoMinsa":255,"direccion":"OTROS COMUNIDAD SAN JUAN DISTRITO MORONA PROVINCIA DATEM DEL MARAÑON DEPARTAMENTO LORETO","disa":"LORETO","red":"DATEM DEL MARAÑON","microrred":"MORONA","categoria":"ESTABLECIMIENTO DE SALUD SIN INTERNAMIENTO","condicion":"ACTIVO","actualizado":"2023/08/01 19:00:00.000","fuente":"MINSA","urlRenipr":"http://app20.susalud.gob.pe:8080/registro-renipress-webapp/ipress.htm?action=mostrarVer&idipress=00000255"}},{"type":"Feature","geometry":{"type":"Point","coordinates":[-75.93301534999995,-5.9970116599999415]},"properties":{"objectid":24775,"nombre":"P.S. I-1 SONAPI","departamento":"LORETO","provincia":"ALTO AMAZONAS","distrito":"TENIENTE CESAR LOPEZ ROJAS","institucion":"GOBIERNO REGIONAL","codigoMinsa":208,"direccion":"OTROS ACTUALIZAR DISTRITO TENIENTE CESAR LOPEZ ROJAS PROVINCIA ALTO AMAZONAS DEPARTAMENTO LORETO","disa":"LORETO","red":"ALTO AMAZONAS","microrred":"TENIENTE CESAR LOPEZ ROJAS","categoria":"ESTABLECIMIENTO DE SALUD SIN INTERNAMIENTO","condicion":"ACTIVO","actualizado":"2023/08/01 19:00:00.000","fuente":"MINSA","urlRenipr":"http://app20.susalud.gob.pe:8080/registro-renipress-webapp/ipress.htm?action=mostrarVer&idipress=00000208"}},{"type":"Feature","geometry":{"type":"Point","coordinates":[-73.25728544999998,-3.7319588999999382]},"properties":{"objectid":24823,"nombre":"CENTRO MÉDICO ESTÉTICO CATTLEYA","departamento":"LORETO","provincia":"MAYNAS","distrito":"PUNCHANA","institucion":"PRIVADO","codigoMinsa":27056,"direccion":"CALLE NAUTA NÚMERO 1572 PISO 2 DISTRITO PUNCHANA PROVINCIA MAYNAS DEPARTAMENTO LORETO","disa":"LORETO","red":"NO PERTENECE A NINGUNA RED","microrred":"NO PERTENECE A NINGUNA MICRORED","categoria":"ESTABLECIMIENTO DE SALUD SIN INTERNAMIENTO","condicion":"ACTIVO","actualizado":"2023/08/01 19:00:00.000","fuente":"MINSA","urlRenipr":"http://app20.susalud.gob.pe:8080/registro-renipress-webapp/ipress.htm?action=mostrarVer&idipress=00027056"}},{"type":"Feature","geometry":{"type":"Point","coordinates":[-74.66897660999996,-4.52505997999998]},"properties":{"objectid":24908,"nombre":"P.S. I-1 PUESTO DE SALUD ROCA FUERTE","departamento":"LORETO","provincia":"LORETO","distrito":"PARINARI","institucion":"GOBIERNO REGIONAL","codigoMinsa":25007,"direccion":"OTROS CENTRO POBLADO ROCA FUERTE S/N PARINARI LORETO LORETO","disa":"LORETO","red":"LORETO","microrred":"NAUTA","categoria":"ESTABLECIMIENTO DE SALUD SIN INTERNAMIENTO","condicion":"ACTIVO","actualizado":"2023/08/01 19:00:00.000","fuente":"MINSA","urlRenipr":"http://app20.susalud.gob.pe:8080/registro-renipress-webapp/ipress.htm?action=mostrarVer&idipress=00025007"}},{"type":"Feature","geometry":{"type":"Point","coordinates":[-74.06525767999995,-5.07027512999997]},"properties":{"objectid":24909,"nombre":"HUARMI ISLA","departamento":"LORETO","provincia":"REQUENA","distrito":"REQUENA","institucion":"GOBIERNO REGIONAL","codigoMinsa":151,"direccion":"OTROS ACTUALIZAR DISTRITO REQUENA PROVINCIA REQUENA DEPARTAMENTO LORETO","disa":"LORETO","red":"REQUENA","microrred":"REQUENA","categoria":"ESTABLECIMIENTO DE SALUD SIN INTERNAMIENTO","condicion":"ACTIVO","actualizado":"2023/08/01 19:00:00.000","fuente":"MINSA","urlRenipr":"http://app20.susalud.gob.pe:8080/registro-renipress-webapp/ipress.htm?action=mostrarVer&idipress=00000151"}},{"type":"Feature","geometry":{"type":"Point","coordinates":[-70.64328166999996,-3.832656669999949]},"properties":{"objectid":24910,"nombre":"ISLA DEL TIGRE","departamento":"LORETO","provincia":"MARISCAL RAMON CASTILLA","distrito":"RAMON CASTILLA","institucion":"GOBIERNO REGIONAL","codigoMinsa":120,"direccion":"ACTUALIZAR","disa":"LORETO","red":"RAMON CASTILLA","microrred":"CABALLO COCHA","categoria":"ESTABLECIMIENTO DE SALUD SIN INTERNAMIENTO","condicion":"ACTIVO","actualizado":"2023/08/01 19:00:00.000","fuente":"MINSA","urlRenipr":"http://app20.susalud.gob.pe:8080/registro-renipress-webapp/ipress.htm?action=mostrarVer&idipress=00000120"}},{"type":"Feature","geometry":{"type":"Point","coordinates":[-73.37175999999994,-3.7743899999999257]},"properties":{"objectid":24911,"nombre":"SAN ANTONIO DE IQUITOS","departamento":"LORETO","provincia":"MAYNAS","distrito":"IQUITOS","institucion":"GOBIERNO REGIONAL","codigoMinsa":9,"direccion":"OTROS ACTUALIZAR ACTUALIZAR IQUITOS MAYNAS LORETO","disa":"LORETO","red":"MAYNAS CIUDAD","microrred":"PUNCHANA","categoria":"ESTABLECIMIENTO DE SALUD SIN INTERNAMIENTO","condicion":"ACTIVO","actualizado":"2023/08/01 19:00:00.000","fuente":"MINSA","urlRenipr":"http://app20.susalud.gob.pe:8080/registro-renipress-webapp/ipress.htm?action=mostrarVer&idipress=00000009"}},{"type":"Feature","geometry":{"type":"Point","coordinates":[-74.29321999999996,-4.324169999999981]},"properties":{"objectid":24912,"nombre":"NEW YORK","departamento":"LORETO","provincia":"LORETO","distrito":"NAUTA","institucion":"GOBIERNO REGIONAL","codigoMinsa":7041,"direccion":"OTROS ACTUALIZAR ACTUALIZAR NAUTA LORETO LORETO","disa":"LORETO","red":"LORETO","microrred":"NAUTA","categoria":"ESTABLECIMIENTO DE SALUD SIN INTERNAMIENTO","condicion":"ACTIVO","actualizado":"2023/08/01 19:00:00.000","fuente":"MINSA","urlRenipr":"http://app20.susalud.gob.pe:8080/registro-renipress-webapp/ipress.htm?action=mostrarVer&idipress=00007041"}},{"type":"Feature","geometry":{"type":"Point","coordinates":[-74.74291204999997,-3.5000186299999427]},"properties":{"objectid":24913,"nombre":"BELEN DEL RIO TIGRE","departamento":"LORETO","provincia":"LORETO","distrito":"TIGRE","institucion":"GOBIERNO REGIONAL","codigoMinsa":26631,"direccion":"OTROS COMUNIDAD DE BELEN DEL RIO TIGRE MICRO RED INTUTO TIGRE LORETO LORETO","disa":"LORETO","red":"LORETO","microrred":"INTUTO","categoria":"ESTABLECIMIENTO DE SALUD SIN INTERNAMIENTO","condicion":"ACTIVO","actualizado":"2023/08/01 19:00:00.000","fuente":"MINSA","urlRenipr":"http://app20.susalud.gob.pe:8080/registro-renipress-webapp/ipress.htm?action=mostrarVer&idipress=00026631"}},{"type":"Feature","geometry":{"type":"Point","coordinates":[-72.69289410999994,-2.5037446599999384]},"properties":{"objectid":24914,"nombre":"PIAS PUTUMAYO I","departamento":"LORETO","provincia":"MAYNAS","distrito":"BELEN","institucion":"SANIDAD DE LA MARINA DE GUERRA DEL PERU","codigoMinsa":25403,"direccion":"AVENIDA JOSE ABELARDO QUIÑONES SN BELEN MAYNAS LORETO","disa":"","red":"","microrred":"","categoria":"OFERTA FLEXIBLE","condicion":"RETIRO VOLUNTARIO","actualizado":"2023/08/01 19:00:00.000","fuente":"MINSA","urlRenipr":"http://app20.susalud.gob.pe:8080/registro-renipress-webapp/ipress.htm?action=mostrarVer&idipress=00025403"}},{"type":"Feature","geometry":{"type":"Point","coordinates":[-73.19998999999996,-3.6252399999999625]},"properties":{"objectid":24915,"nombre":"BARRIO FLORIDO","departamento":"LORETO","provincia":"MAYNAS","distrito":"PUNCHANA","institucion":"GOBIERNO REGIONAL","codigoMinsa":18,"direccion":"OTROS COMUNIDAD DE BARRIO FLORIDO RIO AMAZONAS DISTRITO PUNCHANA PROVINCIA MAYNAS DEPARTAMENTO LORETO","disa":"LORETO","red":"MAYNAS CIUDAD","microrred":"PUNCHANA","categoria":"ESTABLECIMIENTO DE SALUD SIN INTERNAMIENTO","condicion":"ACTIVO","actualizado":"2023/08/01 19:00:00.000","fuente":"MINSA","urlRenipr":"http://app20.susalud.gob.pe:8080/registro-renipress-webapp/ipress.htm?action=mostrarVer&idipress=00000018"}},{"type":"Feature","geometry":{"type":"Point","coordinates":[-74.08503763999994,-6.019396459999939]},"properties":{"objectid":24916,"nombre":"SANTA ELENA","departamento":"LORETO","provincia":"REQUENA","distrito":"ALTO TAPICHE","institucion":"GOBIERNO REGIONAL","codigoMinsa":129,"direccion":"OTROS ACTUALIZAR DISTRITO ALTO TAPICHE PROVINCIA REQUENA DEPARTAMENTO LORETO","disa":"LORETO","red":"REQUENA","microrred":"REQUENA","categoria":"ESTABLECIMIENTO DE SALUD SIN INTERNAMIENTO","condicion":"ACTIVO","actualizado":"2023/08/01 19:00:00.000","fuente":"MINSA","urlRenipr":"http://app20.susalud.gob.pe:8080/registro-renipress-webapp/ipress.htm?action=mostrarVer&idipress=00000129"}},{"type":"Feature","geometry":{"type":"Point","coordinates":[-71.29802999999998,-2.3794899999999757]},"properties":{"objectid":24917,"nombre":"REMANSO","departamento":"LORETO","provincia":"PUTUMAYO","distrito":"YAGUAS","institucion":"GOBIERNO REGIONAL","codigoMinsa":80,"direccion":"OTROS CASERIO DE REMANSO S/N YAGUAS PUTUMAYO LORETO","disa":"LORETO","red":"MAYNAS PERIFERIE","microrred":"PUTUMAYO","categoria":"ESTABLECIMIENTO DE SALUD SIN INTERNAMIENTO","condicion":"ACTIVO","actualizado":"2023/08/01 19:00:00.000","fuente":"MINSA","urlRenipr":"http://app20.susalud.gob.pe:8080/registro-renipress-webapp/ipress.htm?action=mostrarVer&idipress=00000080"}},{"type":"Feature","geometry":{"type":"Point","coordinates":[-74.28282514999995,-5.794267609999963]},"properties":{"objectid":24918,"nombre":"TAMANCO VIEJO","departamento":"LORETO","provincia":"REQUENA","distrito":"EMILIO SAN MARTIN","institucion":"GOBIERNO REGIONAL","codigoMinsa":135,"direccion":"OTROS CASERIO TAMANCO VIEJO CASERIO TAMANCO VIEJO EMILIO SAN MARTIN REQUENA LORETO","disa":"LORETO","red":"REQUENA","microrred":"SAN MARTIN CAPELO","categoria":"ESTABLECIMIENTO DE SALUD SIN INTERNAMIENTO","condicion":"ACTIVO","actualizado":"2023/08/01 19:00:00.000","fuente":"MINSA","urlRenipr":"http://app20.susalud.gob.pe:8080/registro-renipress-webapp/ipress.htm?action=mostrarVer&idipress=00000135"}},{"type":"Feature","geometry":{"type":"Point","coordinates":[-73.22464999999994,-3.633359999999925]},"properties":{"objectid":24920,"nombre":"PICURO YACU","departamento":"LORETO","provincia":"MAYNAS","distrito":"PUNCHANA","institucion":"GOBIERNO REGIONAL","codigoMinsa":22,"direccion":"OTROS CASERIO DE PICUROYACU DISTRITO PUNCHANA PROVINCIA MAYNAS DEPARTAMENTO LORETO","disa":"LORETO","red":"MAYNAS CIUDAD","microrred":"PUNCHANA","categoria":"ESTABLECIMIENTO DE SALUD SIN INTERNAMIENTO","condicion":"ACTIVO","actualizado":"2023/08/01 19:00:00.000","fuente":"MINSA","urlRenipr":"http://app20.susalud.gob.pe:8080/registro-renipress-webapp/ipress.htm?action=mostrarVer&idipress=00000022"}},{"type":"Feature","geometry":{"type":"Point","coordinates":[-73.27161999999998,-3.6938299999999344]},"properties":{"objectid":24921,"nombre":"P.S. PADRE COCHA","departamento":"LORETO","provincia":"MAYNAS","distrito":"PUNCHANA","institucion":"GOBIERNO REGIONAL","codigoMinsa":17,"direccion":"OTROS ACTUALIZAR S/N ACTUALIZAR PUNCHANA MAYNAS LORETO","disa":"LORETO","red":"MAYNAS CIUDAD","microrred":"PUNCHANA","categoria":"ESTABLECIMIENTO DE SALUD SIN INTERNAMIENTO","condicion":"ACTIVO","actualizado":"2023/08/01 19:00:00.000","fuente":"MINSA","urlRenipr":"http://app20.susalud.gob.pe:8080/registro-renipress-webapp/ipress.htm?action=mostrarVer&idipress=00000017"}},{"type":"Feature","geometry":{"type":"Point","coordinates":[-74.77802042999997,-6.433374679999929]},"properties":{"objectid":24922,"nombre":"ARICA VIEJO","departamento":"LORETO","provincia":"REQUENA","distrito":"MAQUIA","institucion":"GOBIERNO REGIONAL","codigoMinsa":138,"direccion":"OTROS ACTUALIZAR DISTRITO MAQUIA PROVINCIA REQUENA DEPARTAMENTO LORETO","disa":"","red":"","microrred":"","categoria":"ESTABLECIMIENTO DE SALUD SIN INTERNAMIENTO","condicion":"ACTIVO","actualizado":"2023/08/01 19:00:00.000","fuente":"MINSA","urlRenipr":"http://app20.susalud.gob.pe:8080/registro-renipress-webapp/ipress.htm?action=mostrarVer&idipress=00000138"}},{"type":"Feature","geometry":{"type":"Point","coordinates":[-71.70100999999994,-3.7305066699999543]},"properties":{"objectid":24923,"nombre":"SAN FRANCISCO DE PEVAS","departamento":"LORETO","provincia":"MARISCAL RAMON CASTILLA","distrito":"PEBAS","institucion":"GOBIERNO REGIONAL","codigoMinsa":117,"direccion":"OTROS ACTUALIZAR DISTRITO PEBAS PROVINCIA MARISCAL RAMON CASTILLA DEPARTAMENTO LORETO","disa":"LORETO","red":"RAMON CASTILLA","microrred":"PEVAS","categoria":"ESTABLECIMIENTO DE SALUD SIN INTERNAMIENTO","condicion":"ACTIVO","actualizado":"2023/08/01 19:00:00.000","fuente":"MINSA","urlRenipr":"http://app20.susalud.gob.pe:8080/registro-renipress-webapp/ipress.htm?action=mostrarVer&idipress=00000117"}},{"type":"Feature","geometry":{"type":"Point","coordinates":[-74.01359492999995,-4.509744019999971]},"properties":{"objectid":24924,"nombre":"P.S. I-2 MIRAFLORES DENAUTA","departamento":"LORETO","provincia":"LORETO","distrito":"NAUTA","institucion":"GOBIERNO REGIONAL","codigoMinsa":93,"direccion":"OTROS ACTUALIZAR ACTUALIZAR NAUTA LORETO LORETO","disa":"LORETO","red":"LORETO","microrred":"NAUTA","categoria":"ESTABLECIMIENTO DE SALUD SIN INTERNAMIENTO","condicion":"ACTIVO","actualizado":"2023/08/01 19:00:00.000","fuente":"MINSA","urlRenipr":"http://app20.susalud.gob.pe:8080/registro-renipress-webapp/ipress.htm?action=mostrarVer&idipress=00000093"}},{"type":"Feature","geometry":{"type":"Point","coordinates":[-72.70910608999998,-3.5107951999999614]},"properties":{"objectid":24925,"nombre":"VAINILLA","departamento":"LORETO","provincia":"MAYNAS","distrito":"INDIANA","institucion":"GOBIERNO REGIONAL","codigoMinsa":58,"direccion":"OTROS CASERIO VAINILLA DISTRITO INDIANA PROVINCIA MAYNAS DEPARTAMENTO LORETO","disa":"LORETO","red":"MAYNAS PERIFERIE","microrred":"MAZAN","categoria":"ESTABLECIMIENTO DE SALUD SIN INTERNAMIENTO","condicion":"ACTIVO","actualizado":"2023/08/01 19:00:00.000","fuente":"MINSA","urlRenipr":"http://app20.susalud.gob.pe:8080/registro-renipress-webapp/ipress.htm?action=mostrarVer&idipress=00000058"}},{"type":"Feature","geometry":{"type":"Point","coordinates":[-73.34758999999997,-3.8804499999999393]},"properties":{"objectid":24926,"nombre":"MORALILLO","departamento":"LORETO","provincia":"MAYNAS","distrito":"SAN JUAN BAUTISTA","institucion":"GOBIERNO REGIONAL","codigoMinsa":34,"direccion":"KILOMETRO 14.5 CARRETERA IQUITOS NAUTA","disa":"LORETO","red":"MAYNAS CIUDAD","microrred":"IQUITOS SUR","categoria":"ESTABLECIMIENTO DE SALUD SIN INTERNAMIENTO","condicion":"ACTIVO","actualizado":"2023/08/01 19:00:00.000","fuente":"MINSA","urlRenipr":"http://app20.susalud.gob.pe:8080/registro-renipress-webapp/ipress.htm?action=mostrarVer&idipress=00000034"}},{"type":"Feature","geometry":{"type":"Point","coordinates":[-73.25163259999994,-3.743673499999943]},"properties":{"objectid":25065,"nombre":"HOSPITAL REGIONAL FAP DEL ORIENTE","departamento":"LORETO","provincia":"MAYNAS","distrito":"IQUITOS","institucion":"SANIDAD DE LA FUERZA AEREA DEL PERU","codigoMinsa":10605,"direccion":"PASAJE PSJE. SAN JOSE S/N MORONA COCHA GRP 42 FAP S/N PSJE. SAN JOSE S/N MORONA COCHA GRP 42 FAP IQUITOS MAYNAS LORETO","disa":"LORETO","red":"NO PERTENECE A NINGUNA RED","microrred":"NO PERTENECE A NINGUNA MICRORED","categoria":"ESTABLECIMIENTO DE SALUD CON INTERNAMIENTO","condicion":"ACTIVO","actualizado":"2023/08/01 19:00:00.000","fuente":"MINSA","urlRenipr":"http://app20.susalud.gob.pe:8080/registro-renipress-webapp/ipress.htm?action=mostrarVer&idipress=00010605"}},{"type":"Feature","geometry":{"type":"Point","coordinates":[-73.24575637999999,-3.754861559999938]},"properties":{"objectid":25873,"nombre":"Laboratorio Iquitos","departamento":"LORETO","provincia":"MAYNAS","distrito":"IQUITOS","institucion":"PRIVADO","codigoMinsa":29071,"direccion":"CALLE Ramirez Hurtado NÚMERO 622 PISO 2 DISTRITO IQUITOS PROVINCIA MAYNAS DEPARTAMENTO LORETO","disa":"LORETO","red":"","microrred":"","categoria":"SERVICIO MÉDICO DE APOYO","condicion":"ACTIVO","actualizado":"2023/08/01 19:00:00.000","fuente":"MINSA","urlRenipr":"http://app20.susalud.gob.pe:8080/registro-renipress-webapp/ipress.htm?action=mostrarVer&idipress=00029071"}},{"type":"Feature","geometry":{"type":"Point","coordinates":[-73.28537907999998,-3.773771599999975]},"properties":{"objectid":26510,"nombre":"CENTRO ESPECIALIZADO DE REFERENCIA DE INFECCIONES DE TRANSMISIÓN SEXUAL VIH/SIDA (CERITSS)","departamento":"LORETO","provincia":"MAYNAS","distrito":"SAN JUAN BAUTISTA","institucion":"GOBIERNO REGIONAL","codigoMinsa":27259,"direccion":"AVENIDA QUIÑONES CON ORQUIDEAS NÚMERO S/N DISTRITO SAN JUAN BAUTISTA PROVINCIA MAYNAS DEPARTAMENTO LORETO","disa":"LORETO","red":"MAYNAS CIUDAD","microrred":"IQUITOS SUR","categoria":"ESTABLECIMIENTO DE SALUD SIN INTERNAMIENTO","condicion":"ACTIVO","actualizado":"2023/08/01 19:00:00.000","fuente":"MINSA","urlRenipr":"http://app20.susalud.gob.pe:8080/registro-renipress-webapp/ipress.htm?action=mostrarVer&idipress=00027259"}},{"type":"Feature","geometry":{"type":"Point","coordinates":[-73.24474674999993,-3.737496179999937]},"properties":{"objectid":26511,"nombre":"CENTRO DE SALUD MENTAL COMUNITARIO - PUNCHANA","departamento":"LORETO","provincia":"MAYNAS","distrito":"PUNCHANA","institucion":"GOBIERNO REGIONAL","codigoMinsa":27572,"direccion":"CALLE ARGENTINA AA. HH LAS MALVINAS NÚMERO S/N DISTRITO PUNCHANA PROVINCIA MAYNAS DEPARTAMENTO LORETO","disa":"LORETO","red":"MAYNAS CIUDAD","microrred":"PUNCHANA","categoria":"ESTABLECIMIENTO DE SALUD SIN INTERNAMIENTO","condicion":"ACTIVO","actualizado":"2023/08/01 19:00:00.000","fuente":"MINSA","urlRenipr":"http://app20.susalud.gob.pe:8080/registro-renipress-webapp/ipress.htm?action=mostrarVer&idipress=00027572"}},{"type":"Feature","geometry":{"type":"Point","coordinates":[-73.28699999999998,-3.7744179999999687]},"properties":{"objectid":26512,"nombre":"PROGRESO DE SAN JUAN BAUTISTA","departamento":"LORETO","provincia":"MAYNAS","distrito":"SAN JUAN BAUTISTA","institucion":"GOBIERNO REGIONAL","codigoMinsa":26,"direccion":"OTROS LA PARTICIPACION SIN NUMERO SAN JUAN DISTRITO SAN JUAN BAUTISTA PROVINCIA MAYNAS DEPARTAMENTO LORETO","disa":"LORETO","red":"MAYNAS CIUDAD","microrred":"IQUITOS SUR","categoria":"ESTABLECIMIENTO DE SALUD SIN INTERNAMIENTO","condicion":"ACTIVO","actualizado":"2023/08/01 19:00:00.000","fuente":"MINSA","urlRenipr":"http://app20.susalud.gob.pe:8080/registro-renipress-webapp/ipress.htm?action=mostrarVer&idipress=00000026"}},{"type":"Feature","geometry":{"type":"Point","coordinates":[-73.85676391999993,-5.062410499999942]},"properties":{"objectid":26661,"nombre":"CAP II REQUENA","departamento":"LORETO","provincia":"REQUENA","distrito":"REQUENA","institucion":"ESSALUD","codigoMinsa":11405,"direccion":"MALECÓN MALECON BOLOGNESI S/N NÚMERO S/N DISTRITO REQUENA PROVINCIA REQUENA DEPARTAMENTO LORETO","disa":"LORETO","red":"NO PERTENECE A NINGUNA RED","microrred":"NO PERTENECE A NINGUNA MICRORED","categoria":"ESTABLECIMIENTO DE SALUD SIN INTERNAMIENTO","condicion":"ACTIVO","actualizado":"2023/08/01 19:00:00.000","fuente":"MINSA","urlRenipr":"http://app20.susalud.gob.pe:8080/registro-renipress-webapp/ipress.htm?action=mostrarVer&idipress=00011405"}},{"type":"Feature","geometry":{"type":"Point","coordinates":[-73.24854065999995,-3.7437499199999706]},"properties":{"objectid":26677,"nombre":"CLINICA DE LA PIEL & SPA - SKIN LASER","departamento":"LORETO","provincia":"MAYNAS","distrito":"IQUITOS","institucion":"PRIVADO","codigoMinsa":25437,"direccion":"CALLE BOLIVAR NÚMERO 891 PISO 1 DISTRITO IQUITOS PROVINCIA MAYNAS DEPARTAMENTO LORETO","disa":"LORETO","red":"NO PERTENECE A NINGUNA RED","microrred":"NO PERTENECE A NINGUNA MICRORED","categoria":"ESTABLECIMIENTO DE SALUD SIN INTERNAMIENTO","condicion":"ACTIVO","actualizado":"2023/08/01 19:00:00.000","fuente":"MINSA","urlRenipr":"http://app20.susalud.gob.pe:8080/registro-renipress-webapp/ipress.htm?action=mostrarVer&idipress=00025437"}},{"type":"Feature","geometry":{"type":"Point","coordinates":[-76.11290479999997,-5.90077169999995]},"properties":{"objectid":26684,"nombre":"LABORATORIO CLINICO SAN MARTIN","departamento":"LORETO","provincia":"ALTO AMAZONAS","distrito":"YURIMAGUAS","institucion":"PRIVADO","codigoMinsa":29422,"direccion":"CALLE PROGRESO NÚMERO 334 DISTRITO YURIMAGUAS PROVINCIA ALTO AMAZONAS DEPARTAMENTO LORETO","disa":"LORETO","red":"","microrred":"","categoria":"SERVICIO MÉDICO DE APOYO","condicion":"ACTIVO","actualizado":"2023/08/01 19:00:00.000","fuente":"MINSA","urlRenipr":"http://app20.susalud.gob.pe:8080/registro-renipress-webapp/ipress.htm?action=mostrarVer&idipress=00029422"}},{"type":"Feature","geometry":{"type":"Point","coordinates":[-76.69786699999997,-4.832188899999949]},"properties":{"objectid":26723,"nombre":"CENTRO DE SALUD MENTAL COMUNITARIO INTERCULTURAL DATEM DEL MARAÑÓN","departamento":"LORETO","provincia":"DATEM DEL MARAÑON","distrito":"BARRANCA","institucion":"GOBIERNO REGIONAL","codigoMinsa":27082,"direccion":"PASAJE MATEO PUMACAHUA NÚMERO S/N DISTRITO BARRANCA PROVINCIA DATEM DEL MARAÑON DEPARTAMENTO LORETO","disa":"LORETO","red":"DATEM DEL MARAÑON","microrred":"BARRANCA","categoria":"ESTABLECIMIENTO DE SALUD SIN INTERNAMIENTO","condicion":"ACTIVO","actualizado":"2023/08/01 19:00:00.000","fuente":"MINSA","urlRenipr":"http://app20.susalud.gob.pe:8080/registro-renipress-webapp/ipress.htm?action=mostrarVer&idipress=00027082"}},{"type":"Feature","geometry":{"type":"Point","coordinates":[-76.28333299999997,-5.2833329999999705]},"properties":{"objectid":26727,"nombre":"P.S. I-1 VISTA ALEGRE DE JEBEROS","departamento":"LORETO","provincia":"ALTO AMAZONAS","distrito":"JEBEROS","institucion":"GOBIERNO REGIONAL","codigoMinsa":25338,"direccion":"OTROS COMUNIDAD DE VISTA ALEGRE A 30 MINUTOS DE LA COMUNIDAD DE SAN FRANCISCO JEBEROS ALTO AMAZONAS LORETO","disa":"LORETO","red":"ALTO AMAZONAS","microrred":"JEBEROS","categoria":"ESTABLECIMIENTO DE SALUD SIN INTERNAMIENTO","condicion":"ACTIVO","actualizado":"2023/08/01 19:00:00.000","fuente":"MINSA","urlRenipr":"http://app20.susalud.gob.pe:8080/registro-renipress-webapp/ipress.htm?action=mostrarVer&idipress=00025338"}},{"type":"Feature","geometry":{"type":"Point","coordinates":[-76.11290479999997,-5.90077169999995]},"properties":{"objectid":26739,"nombre":"P.S. I-1 SANTA GEMA DE SANTA CRUZ","departamento":"LORETO","provincia":"ALTO AMAZONAS","distrito":"SANTA CRUZ","institucion":"GOBIERNO REGIONAL","codigoMinsa":31671,"direccion":"OTROS COMUNIDAD CAMPESINA SANTA GEMA DE SANTA CRUZ DISTRITO SANTA CRUZ PROVINCIA ALTO AMAZONAS DEPARTAMENTO LORETO","disa":"LORETO","red":"ALTO AMAZONAS","microrred":"SANTA CRUZ","categoria":"ESTABLECIMIENTO DE SALUD SIN INTERNAMIENTO","condicion":"ACTIVO","actualizado":"2023/08/01 19:00:00.000","fuente":"MINSA","urlRenipr":"http://app20.susalud.gob.pe:8080/registro-renipress-webapp/ipress.htm?action=mostrarVer&idipress=00031671"}},{"type":"Feature","geometry":{"type":"Point","coordinates":[-73.32324999999997,-3.7318899999999644]},"properties":{"objectid":27030,"nombre":"CENTRO REHABILITACION ENFERMO MENTAL","departamento":"LORETO","provincia":"MAYNAS","distrito":"SAN JUAN BAUTISTA","institucion":"GOBIERNO REGIONAL","codigoMinsa":2,"direccion":"CALLE 3 DE MAYO S/N CPM QUILCATACTA","disa":"","red":"","microrred":"","categoria":"SERVICIO MÉDICO DE APOYO","condicion":"RETIRO VOLUNTARIO","actualizado":"2023/08/01 19:00:00.000","fuente":"MINSA","urlRenipr":"http://app20.susalud.gob.pe:8080/registro-renipress-webapp/ipress.htm?action=mostrarVer&idipress=00000002"}},{"type":"Feature","geometry":{"type":"Point","coordinates":[-76.11290479999997,-5.90077169999995]},"properties":{"objectid":26876,"nombre":"CENTRO DE SALUD MENTAL COMUNITARIO - YURIMAGUAS","departamento":"LORETO","provincia":"ALTO AMAZONAS","distrito":"YURIMAGUAS","institucion":"GOBIERNO REGIONAL","codigoMinsa":27540,"direccion":"CALLE TENIENTE CESAR LOPEZ NÚMERO 708 DISTRITO YURIMAGUAS PROVINCIA ALTO AMAZONAS DEPARTAMENTO LORETO","disa":"LORETO","red":"ALTO AMAZONAS","microrred":"YURIMAGUAS","categoria":"ESTABLECIMIENTO DE SALUD SIN INTERNAMIENTO","condicion":"ACTIVO","actualizado":"2023/08/01 19:00:00.000","fuente":"MINSA","urlRenipr":"http://app20.susalud.gob.pe:8080/registro-renipress-webapp/ipress.htm?action=mostrarVer&idipress=00027540"}},{"type":"Feature","geometry":{"type":"Point","coordinates":[-76.13957399999998,-5.856091619999972]},"properties":{"objectid":26877,"nombre":"P.S. I-1 LUZ DEL ORIENTE","departamento":"LORETO","provincia":"ALTO AMAZONAS","distrito":"YURIMAGUAS","institucion":"GOBIERNO REGIONAL","codigoMinsa":25393,"direccion":"CARRETERA YURIMAGUAS - JEBERILLOS SN YURIMAGUAS ALTO AMAZONAS LORETO","disa":"LORETO","red":"ALTO AMAZONAS","microrred":"YURIMAGUAS","categoria":"ESTABLECIMIENTO DE SALUD SIN INTERNAMIENTO","condicion":"ACTIVO","actualizado":"2023/08/01 19:00:00.000","fuente":"MINSA","urlRenipr":"http://app20.susalud.gob.pe:8080/registro-renipress-webapp/ipress.htm?action=mostrarVer&idipress=00025393"}},{"type":"Feature","geometry":{"type":"Point","coordinates":[-76.12455077999994,-6.02832030999997]},"properties":{"objectid":26878,"nombre":"P.S. I-1 ROCA FUERTE","departamento":"LORETO","provincia":"ALTO AMAZONAS","distrito":"YURIMAGUAS","institucion":"GOBIERNO REGIONAL","codigoMinsa":9720,"direccion":"OTROS CASERIO DE ROCA FUERTE DISTRITO YURIMAGUAS PROVINCIA ALTO AMAZONAS DEPARTAMENTO LORETO","disa":"LORETO","red":"ALTO AMAZONAS","microrred":"YURIMAGUAS","categoria":"ESTABLECIMIENTO DE SALUD SIN INTERNAMIENTO","condicion":"ACTIVO","actualizado":"2023/08/01 19:00:00.000","fuente":"MINSA","urlRenipr":"http://app20.susalud.gob.pe:8080/registro-renipress-webapp/ipress.htm?action=mostrarVer&idipress=00009720"}},{"type":"Feature","geometry":{"type":"Point","coordinates":[-76.43628999999999,-4.699774999999931]},"properties":{"objectid":26879,"nombre":"TRUENO COCHA","departamento":"LORETO","provincia":"DATEM DEL MARAÑON","distrito":"PASTAZA","institucion":"GOBIERNO REGIONAL","codigoMinsa":11690,"direccion":"OTROS QUEBRADA UNGURAHUI RIO PASTAZA DISTRITO PASTAZA PROVINCIA DATEM DEL MARAÑON DEPARTAMENTO LORETO","disa":"LORETO","red":"DATEM DEL MARAÑON","microrred":"PASTAZA","categoria":"ESTABLECIMIENTO DE SALUD SIN INTERNAMIENTO","condicion":"ACTIVO","actualizado":"2023/08/01 19:00:00.000","fuente":"MINSA","urlRenipr":"http://app20.susalud.gob.pe:8080/registro-renipress-webapp/ipress.htm?action=mostrarVer&idipress=00011690"}},{"type":"Feature","geometry":{"type":"Point","coordinates":[-76.35328176999997,-5.001511209999933]},"properties":{"objectid":26880,"nombre":"P.S. I-1 PORVENIR DE PAPAYACU","departamento":"LORETO","provincia":"ALTO AMAZONAS","distrito":"JEBEROS","institucion":"GOBIERNO REGIONAL","codigoMinsa":6729,"direccion":"OTROS COMUNIDAD PORVENIR DISTRITO JEBEROS PROVINCIA ALTO AMAZONAS DEPARTAMENTO LORETO","disa":"LORETO","red":"DATEM DEL MARAÑON","microrred":"BARRANCA","categoria":"ESTABLECIMIENTO DE SALUD SIN INTERNAMIENTO","condicion":"ACTIVO","actualizado":"2023/08/01 19:00:00.000","fuente":"MINSA","urlRenipr":"http://app20.susalud.gob.pe:8080/registro-renipress-webapp/ipress.htm?action=mostrarVer&idipress=00006729"}},{"type":"Feature","geometry":{"type":"Point","coordinates":[-76.56989666999993,-3.3348166699999524]},"properties":{"objectid":26881,"nombre":"WASHIENTZA","departamento":"LORETO","provincia":"DATEM DEL MARAÑON","distrito":"ANDOAS","institucion":"GOBIERNO REGIONAL","codigoMinsa":265,"direccion":"OTROS COMUNIDAD WASHIENTZA DISTRITO ANDOAS PROVINCIA DATEM DEL MARAÑON DEPARTAMENTO LORETO","disa":"LORETO","red":"DATEM DEL MARAÑON","microrred":"ANDOAS","categoria":"ESTABLECIMIENTO DE SALUD SIN INTERNAMIENTO","condicion":"ACTIVO","actualizado":"2023/08/01 19:00:00.000","fuente":"MINSA","urlRenipr":"http://app20.susalud.gob.pe:8080/registro-renipress-webapp/ipress.htm?action=mostrarVer&idipress=00000265"}},{"type":"Feature","geometry":{"type":"Point","coordinates":[-76.03578999999996,-5.887999999999977]},"properties":{"objectid":26882,"nombre":"P.S. I-1 ALTO MOHENA","departamento":"LORETO","provincia":"ALTO AMAZONAS","distrito":"YURIMAGUAS","institucion":"GOBIERNO REGIONAL","codigoMinsa":218,"direccion":"OTROS COMUNIDAD ALTO MOHENA DISTRITO YURIMAGUAS PROVINCIA ALTO AMAZONAS DEPARTAMENTO LORETO","disa":"LORETO","red":"ALTO AMAZONAS","microrred":"YURIMAGUAS","categoria":"ESTABLECIMIENTO DE SALUD SIN INTERNAMIENTO","condicion":"ACTIVO","actualizado":"2023/08/01 19:00:00.000","fuente":"MINSA","urlRenipr":"http://app20.susalud.gob.pe:8080/registro-renipress-webapp/ipress.htm?action=mostrarVer&idipress=00000218"}},{"type":"Feature","geometry":{"type":"Point","coordinates":[-76.55968495999997,-5.834833099999969]},"properties":{"objectid":26883,"nombre":"C.S. I-4 BALSAPUERTO","departamento":"LORETO","provincia":"ALTO AMAZONAS","distrito":"BALSAPUERTO","institucion":"GOBIERNO REGIONAL","codigoMinsa":187,"direccion":"OTROS LOCALIDAD BALSAPUERTO LOCALIDAD BALSAPUERTO BALSAPUERTO ALTO AMAZONAS LORETO","disa":"LORETO","red":"ALTO AMAZONAS","microrred":"BALSAPUERTO","categoria":"ESTABLECIMIENTO DE SALUD CON INTERNAMIENTO","condicion":"ACTIVO","actualizado":"2023/08/01 19:00:00.000","fuente":"MINSA","urlRenipr":"http://app20.susalud.gob.pe:8080/registro-renipress-webapp/ipress.htm?action=mostrarVer&idipress=00000187"}},{"type":"Feature","geometry":{"type":"Point","coordinates":[-73.25037524999993,-3.757545719999939]},"properties":{"objectid":26997,"nombre":"CENTRO ODONTOLOGICO INTEGRAL \"ODONTOMAX\"","departamento":"LORETO","provincia":"MAYNAS","distrito":"BELEN","institucion":"PRIVADO","codigoMinsa":12759,"direccion":"JIRÓN JIRON ELIAS AGUIRRE N° 1123 DISTRITO BELEN PROVINCIA MAYNAS DEPARTAMENTO LORETO","disa":"LORETO","red":"NO PERTENECE A NINGUNA RED","microrred":"NO PERTENECE A NINGUNA MICRORED","categoria":"ESTABLECIMIENTO DE SALUD SIN INTERNAMIENTO","condicion":"ACTIVO","actualizado":"2023/08/01 19:00:00.000","fuente":"MINSA","urlRenipr":"http://app20.susalud.gob.pe:8080/registro-renipress-webapp/ipress.htm?action=mostrarVer&idipress=00012759"}},{"type":"Feature","geometry":{"type":"Point","coordinates":[-74.36071274999995,-5.336805839999954]},"properties":{"objectid":27019,"nombre":"SAN CARLOS DEL PUINAHUA","departamento":"LORETO","provincia":"REQUENA","distrito":"PUINAHUA","institucion":"GOBIERNO REGIONAL","codigoMinsa":147,"direccion":"OTROS CASERIO DE SAN CARLOS DISTRITO PUINAHUA PROVINCIA REQUENA DEPARTAMENTO LORETO","disa":"LORETO","red":"REQUENA","microrred":"BRETAÑA","categoria":"ESTABLECIMIENTO DE SALUD SIN INTERNAMIENTO","condicion":"ACTIVO","actualizado":"2023/08/01 19:00:00.000","fuente":"MINSA","urlRenipr":"http://app20.susalud.gob.pe:8080/registro-renipress-webapp/ipress.htm?action=mostrarVer&idipress=00000147"}},{"type":"Feature","geometry":{"type":"Point","coordinates":[-73.39085123999996,-3.020470389999957]},"properties":{"objectid":27020,"nombre":"NEGRO URCO","departamento":"LORETO","provincia":"MAYNAS","distrito":"NAPO","institucion":"GOBIERNO REGIONAL","codigoMinsa":68,"direccion":"OTROS ACTUALIZAR ACTUALIZAR NAPO MAYNAS LORETO","disa":"LORETO","red":"MAYNAS PERIFERIE","microrred":"SANTA CLOTILDE","categoria":"ESTABLECIMIENTO DE SALUD SIN INTERNAMIENTO","condicion":"ACTIVO","actualizado":"2023/08/01 19:00:00.000","fuente":"MINSA","urlRenipr":"http://app20.susalud.gob.pe:8080/registro-renipress-webapp/ipress.htm?action=mostrarVer&idipress=00000068"}},{"type":"Feature","geometry":{"type":"Point","coordinates":[-74.64934999999997,-3.7729499999999803]},"properties":{"objectid":27021,"nombre":"PROVIDENCIA","departamento":"LORETO","provincia":"LORETO","distrito":"TROMPETEROS","institucion":"GOBIERNO REGIONAL","codigoMinsa":108,"direccion":"OTROS ACTUALIZAR DISTRITO TROMPETEROS PROVINCIA LORETO DEPARTAMENTO LORETO","disa":"LORETO","red":"LORETO","microrred":"VILLA TROMPETERO","categoria":"ESTABLECIMIENTO DE SALUD SIN INTERNAMIENTO","condicion":"ACTIVO","actualizado":"2023/08/01 19:00:00.000","fuente":"MINSA","urlRenipr":"http://app20.susalud.gob.pe:8080/registro-renipress-webapp/ipress.htm?action=mostrarVer&idipress=00000108"}},{"type":"Feature","geometry":{"type":"Point","coordinates":[-73.15199718999997,-3.749765259999947]},"properties":{"objectid":27022,"nombre":"LUPUNA","departamento":"LORETO","provincia":"MAYNAS","distrito":"BELEN","institucion":"GOBIERNO REGIONAL","codigoMinsa":6848,"direccion":"OTROS CASERIO LUPUNA SIN NUMERO CASERIO LUPUNA SIN NUMERO BELEN MAYNAS LORETO","disa":"LORETO","red":"MAYNAS CIUDAD","microrred":"BELEN","categoria":"ESTABLECIMIENTO DE SALUD SIN INTERNAMIENTO","condicion":"ACTIVO","actualizado":"2023/08/01 19:00:00.000","fuente":"MINSA","urlRenipr":"http://app20.susalud.gob.pe:8080/registro-renipress-webapp/ipress.htm?action=mostrarVer&idipress=00006848"}},{"type":"Feature","geometry":{"type":"Point","coordinates":[-74.09065819999995,-5.3102420499999425]},"properties":{"objectid":27023,"nombre":"HUATAPI","departamento":"LORETO","provincia":"REQUENA","distrito":"CAPELO","institucion":"GOBIERNO REGIONAL","codigoMinsa":133,"direccion":"OTROS ACTUALIZAR DISTRITO CAPELO PROVINCIA REQUENA DEPARTAMENTO LORETO","disa":"LORETO","red":"REQUENA","microrred":"SAN MARTIN CAPELO","categoria":"ESTABLECIMIENTO DE SALUD SIN INTERNAMIENTO","condicion":"ACTIVO","actualizado":"2023/08/01 19:00:00.000","fuente":"MINSA","urlRenipr":"http://app20.susalud.gob.pe:8080/registro-renipress-webapp/ipress.htm?action=mostrarVer&idipress=00000133"}},{"type":"Feature","geometry":{"type":"Point","coordinates":[-73.25352767999993,-3.728669449999927]},"properties":{"objectid":27024,"nombre":"HOGAR PROTEGIDO DE PUNCHANA","departamento":"LORETO","provincia":"MAYNAS","distrito":"PUNCHANA","institucion":"GOBIERNO REGIONAL","codigoMinsa":30473,"direccion":"AVENIDA LOS PERIODISTAS NÚMERO 684 DISTRITO PUNCHANA PROVINCIA MAYNAS DEPARTAMENTO LORETO","disa":"LORETO","red":"MAYNAS CIUDAD","microrred":"PUNCHANA","categoria":"SERVICIO MÉDICO DE APOYO","condicion":"ACTIVO","actualizado":"2023/08/01 19:00:00.000","fuente":"MINSA","urlRenipr":"http://app20.susalud.gob.pe:8080/registro-renipress-webapp/ipress.htm?action=mostrarVer&idipress=00030473"}},{"type":"Feature","geometry":{"type":"Point","coordinates":[-71.10453332999998,-4.019766669999967]},"properties":{"objectid":27025,"nombre":"SAN PABLO","departamento":"LORETO","provincia":"MARISCAL RAMON CASTILLA","distrito":"SAN PABLO","institucion":"GOBIERNO REGIONAL","codigoMinsa":123,"direccion":"OTROS CASERIO DE SAN PABLO DISTRITO SAN PABLO PROVINCIA MARISCAL RAMON CASTILLA DEPARTAMENTO LORETO","disa":"LORETO","red":"RAMON CASTILLA","microrred":"SAN PABLO","categoria":"ESTABLECIMIENTO DE SALUD SIN INTERNAMIENTO","condicion":"ACTIVO","actualizado":"2023/08/01 19:00:00.000","fuente":"MINSA","urlRenipr":"http://app20.susalud.gob.pe:8080/registro-renipress-webapp/ipress.htm?action=mostrarVer&idipress=00000123"}},{"type":"Feature","geometry":{"type":"Point","coordinates":[-74.50356871999998,-5.68830399999996]},"properties":{"objectid":27026,"nombre":"NUEVO JUNIN","departamento":"LORETO","provincia":"REQUENA","distrito":"MAQUIA","institucion":"GOBIERNO REGIONAL","codigoMinsa":139,"direccion":"OTROS ACTUALIZAR DISTRITO MAQUIA PROVINCIA REQUENA DEPARTAMENTO LORETO","disa":"LORETO","red":"REQUENA","microrred":"REQUENA","categoria":"ESTABLECIMIENTO DE SALUD SIN INTERNAMIENTO","condicion":"ACTIVO","actualizado":"2023/08/01 19:00:00.000","fuente":"MINSA","urlRenipr":"http://app20.susalud.gob.pe:8080/registro-renipress-webapp/ipress.htm?action=mostrarVer&idipress=00000139"}},{"type":"Feature","geometry":{"type":"Point","coordinates":[-75.22828833999995,-0.09638478999994504]},"properties":{"objectid":27027,"nombre":"TRES FRONTERAS","departamento":"LORETO","provincia":"PUTUMAYO","distrito":"TENIENTE MANUEL CLAVERO","institucion":"GOBIERNO REGIONAL","codigoMinsa":89,"direccion":"OTROS CASERIO DE TRES FRONTERAS CASERIO DE TRES FRONTERAS TENIENTE MANUEL CLAVERO PUTUMAYO LORETO","disa":"LORETO","red":"MAYNAS PERIFERIE","microrred":"PUTUMAYO","categoria":"ESTABLECIMIENTO DE SALUD SIN INTERNAMIENTO","condicion":"ACTIVO","actualizado":"2023/08/01 19:00:00.000","fuente":"MINSA","urlRenipr":"http://app20.susalud.gob.pe:8080/registro-renipress-webapp/ipress.htm?action=mostrarVer&idipress=00000089"}},{"type":"Feature","geometry":{"type":"Point","coordinates":[-73.15593199999995,-3.858846999999969]},"properties":{"objectid":27028,"nombre":"AUCAYO","departamento":"LORETO","provincia":"MAYNAS","distrito":"FERNANDO LORES","institucion":"GOBIERNO REGIONAL","codigoMinsa":40,"direccion":"CASERIO AUCAYO","disa":"LORETO","red":"MAYNAS PERIFERIE","microrred":"TAMSHIYACU","categoria":"ESTABLECIMIENTO DE SALUD SIN INTERNAMIENTO","condicion":"ACTIVO","actualizado":"2023/08/01 19:00:00.000","fuente":"MINSA","urlRenipr":"http://app20.susalud.gob.pe:8080/registro-renipress-webapp/ipress.htm?action=mostrarVer&idipress=00000040"}},{"type":"Feature","geometry":{"type":"Point","coordinates":[-74.56951402999994,-5.56918842999994]},"properties":{"objectid":27031,"nombre":"BOLIVAR DEL MAQUIA","departamento":"LORETO","provincia":"REQUENA","distrito":"MAQUIA","institucion":"GOBIERNO REGIONAL","codigoMinsa":145,"direccion":"OTROS CASERIO DE SIMON BOLIVAR DISTRITO MAQUIA PROVINCIA REQUENA DEPARTAMENTO LORETO","disa":"LORETO","red":"REQUENA","microrred":"BRETAÑA","categoria":"ESTABLECIMIENTO DE SALUD SIN INTERNAMIENTO","condicion":"ACTIVO","actualizado":"2023/08/01 19:00:00.000","fuente":"MINSA","urlRenipr":"http://app20.susalud.gob.pe:8080/registro-renipress-webapp/ipress.htm?action=mostrarVer&idipress=00000145"}},{"type":"Feature","geometry":{"type":"Point","coordinates":[-74.17951862999996,-5.55990651999997]},"properties":{"objectid":27032,"nombre":"SINTICO","departamento":"LORETO","provincia":"REQUENA","distrito":"EMILIO SAN MARTIN","institucion":"GOBIERNO REGIONAL","codigoMinsa":134,"direccion":"OTROS CASERIO DE SINTICO DISTRITO EMILIO SAN MARTIN PROVINCIA REQUENA DEPARTAMENTO LORETO","disa":"LORETO","red":"REQUENA","microrred":"SAN MARTIN CAPELO","categoria":"ESTABLECIMIENTO DE SALUD SIN INTERNAMIENTO","condicion":"ACTIVO","actualizado":"2023/08/01 19:00:00.000","fuente":"MINSA","urlRenipr":"http://app20.susalud.gob.pe:8080/registro-renipress-webapp/ipress.htm?action=mostrarVer&idipress=00000134"}},{"type":"Feature","geometry":{"type":"Point","coordinates":[-73.25163259999994,-3.743673499999943]},"properties":{"objectid":27043,"nombre":"LASER CENTER IQUITOS","departamento":"LORETO","provincia":"MAYNAS","distrito":"IQUITOS","institucion":"OTRO","codigoMinsa":28378,"direccion":"JIRÓN 452 DISTRITO IQUITOS PROVINCIA MAYNAS DEPARTAMENTO LORETO","disa":"LORETO","red":"NO PERTENECE A NINGUNA RED","microrred":"NO PERTENECE A NINGUNA MICRORED","categoria":"ESTABLECIMIENTO DE SALUD SIN INTERNAMIENTO","condicion":"ACTIVO","actualizado":"2023/08/01 19:00:00.000","fuente":"MINSA","urlRenipr":"http://app20.susalud.gob.pe:8080/registro-renipress-webapp/ipress.htm?action=mostrarVer&idipress=00028378"}},{"type":"Feature","geometry":{"type":"Point","coordinates":[-73.27792336999994,-3.769173809999927]},"properties":{"objectid":27074,"nombre":"POLICLINICO POLICIAL IQUITOS","departamento":"LORETO","provincia":"MAYNAS","distrito":"SAN JUAN BAUTISTA","institucion":"SANIDAD DE LA POLICIA NACIONAL DEL PERU","codigoMinsa":11369,"direccion":"AVENIDA AV. ABELARDO QUIÑONES N° 2172 DISTRITO SAN JUAN BAUTISTA PROVINCIA MAYNAS DEPARTAMENTO LORETO","disa":"LORETO","red":"NO PERTENECE A NINGUNA RED","microrred":"NO PERTENECE A NINGUNA MICRORED","categoria":"ESTABLECIMIENTO DE SALUD SIN INTERNAMIENTO","condicion":"ACTIVO","actualizado":"2023/08/01 19:00:00.000","fuente":"MINSA","urlRenipr":"http://app20.susalud.gob.pe:8080/registro-renipress-webapp/ipress.htm?action=mostrarVer&idipress=00011369"}},{"type":"Feature","geometry":{"type":"Point","coordinates":[-73.25163259999994,-3.743673499999943]},"properties":{"objectid":27101,"nombre":"PIAS MORONA","departamento":"LORETO","provincia":"MAYNAS","distrito":"PUNCHANA","institucion":"SANIDAD DE LA MARINA DE GUERRA DEL PERU","codigoMinsa":31220,"direccion":"AVENIDA LA MARINA NÚMERO S/N DISTRITO PUNCHANA PROVINCIA MAYNAS DEPARTAMENTO LORETO","disa":"LORETO","red":"","microrred":"NO PERTENECE A NINGUNA MICRORED","categoria":"OFERTA FLEXIBLE","condicion":"ACTIVO","actualizado":"2023/08/01 19:00:00.000","fuente":"MINSA","urlRenipr":"http://app20.susalud.gob.pe:8080/registro-renipress-webapp/ipress.htm?action=mostrarVer&idipress=00031220"}},{"type":"Feature","geometry":{"type":"Point","coordinates":[-73.25163268999995,-3.726372979999951]},"properties":{"objectid":27157,"nombre":"CONSULTORIO MEDICO FEMINEM","departamento":"LORETO","provincia":"MAYNAS","distrito":"PUNCHANA","institucion":"PRIVADO","codigoMinsa":31669,"direccion":"CALLE FAUSTINO SANCHEZ CARRION MANZANA B LOTE 33 DISTRITO PUNCHANA PROVINCIA MAYNAS DEPARTAMENTO LORETO","disa":"LORETO","red":"","microrred":"","categoria":"ESTABLECIMIENTO DE SALUD SIN INTERNAMIENTO","condicion":"ACTIVO","actualizado":"2023/08/01 19:00:00.000","fuente":"MINSA","urlRenipr":"http://app20.susalud.gob.pe:8080/registro-renipress-webapp/ipress.htm?action=mostrarVer&idipress=00031669"}},{"type":"Feature","geometry":{"type":"Point","coordinates":[-75.26500838999993,-7.115159639999945]},"properties":{"objectid":27584,"nombre":"PUESTO DE SALUD I-2 INAHUAYA","departamento":"LORETO","provincia":"UCAYALI","distrito":"INAHUAYA","institucion":"GOBIERNO REGIONAL","codigoMinsa":170,"direccion":"OTROS ACTUALIZAR DISTRITO INAHUAYA PROVINCIA UCAYALI DEPARTAMENTO LORETO","disa":"LORETO","red":"UCAYALI","microrred":"CONTAMANA","categoria":"ESTABLECIMIENTO DE SALUD SIN INTERNAMIENTO","condicion":"ACTIVO","actualizado":"2023/08/01 19:00:00.000","fuente":"MINSA","urlRenipr":"http://app20.susalud.gob.pe:8080/registro-renipress-webapp/ipress.htm?action=mostrarVer&idipress=00000170"}},{"type":"Feature","geometry":{"type":"Point","coordinates":[-74.96957424999994,-6.035317459999931]},"properties":{"objectid":27585,"nombre":"PUESTO DE SALUD I-1 PUCAPANGA","departamento":"LORETO","provincia":"UCAYALI","distrito":"SARAYACU","institucion":"GOBIERNO REGIONAL","codigoMinsa":6964,"direccion":"OTROS ACTUALIZAR DISTRITO SARAYACU PROVINCIA UCAYALI DEPARTAMENTO LORETO","disa":"LORETO","red":"UCAYALI","microrred":"SARAYACU","categoria":"ESTABLECIMIENTO DE SALUD SIN INTERNAMIENTO","condicion":"ACTIVO","actualizado":"2023/08/01 19:00:00.000","fuente":"MINSA","urlRenipr":"http://app20.susalud.gob.pe:8080/registro-renipress-webapp/ipress.htm?action=mostrarVer&idipress=00006964"}},{"type":"Feature","geometry":{"type":"Point","coordinates":[-75.00727509999996,-7.352411399999937]},"properties":{"objectid":27586,"nombre":"PUESTO SALUD I-1 SANTA ROSA CHIA TIPISHCA","departamento":"LORETO","provincia":"UCAYALI","distrito":"CONTAMANA","institucion":"GOBIERNO REGIONAL","codigoMinsa":163,"direccion":"OTROS ACTUALIZAR DISTRITO CONTAMANA PROVINCIA UCAYALI DEPARTAMENTO LORETO","disa":"LORETO","red":"UCAYALI","microrred":"CONTAMANA","categoria":"ESTABLECIMIENTO DE SALUD SIN INTERNAMIENTO","condicion":"ACTIVO","actualizado":"2023/08/01 19:00:00.000","fuente":"MINSA","urlRenipr":"http://app20.susalud.gob.pe:8080/registro-renipress-webapp/ipress.htm?action=mostrarVer&idipress=00000163"}},{"type":"Feature","geometry":{"type":"Point","coordinates":[-75.00727509999996,-7.352411399999937]},"properties":{"objectid":27588,"nombre":"PUESTO DE SALUD I-1 NUEVO OLAYA","departamento":"LORETO","provincia":"UCAYALI","distrito":"CONTAMANA","institucion":"GOBIERNO REGIONAL","codigoMinsa":6763,"direccion":"OTROS ACTUALIZAR DISTRITO CONTAMANA PROVINCIA UCAYALI DEPARTAMENTO LORETO","disa":"LORETO","red":"UCAYALI","microrred":"CONTAMANA","categoria":"ESTABLECIMIENTO DE SALUD SIN INTERNAMIENTO","condicion":"ACTIVO","actualizado":"2023/08/01 19:00:00.000","fuente":"MINSA","urlRenipr":"http://app20.susalud.gob.pe:8080/registro-renipress-webapp/ipress.htm?action=mostrarVer&idipress=00006763"}},{"type":"Feature","geometry":{"type":"Point","coordinates":[-75.16775901999995,-6.163310689999946]},"properties":{"objectid":27589,"nombre":"MONTE BELLO","departamento":"LORETO","provincia":"UCAYALI","distrito":"SARAYACU","institucion":"GOBIERNO REGIONAL","codigoMinsa":178,"direccion":"OTROS ACTUALIZAR DISTRITO SARAYACU PROVINCIA UCAYALI DEPARTAMENTO LORETO","disa":"LORETO","red":"UCAYALI","microrred":"SARAYACU","categoria":"ESTABLECIMIENTO DE SALUD SIN INTERNAMIENTO","condicion":"ACTIVO","actualizado":"2023/08/01 19:00:00.000","fuente":"MINSA","urlRenipr":"http://app20.susalud.gob.pe:8080/registro-renipress-webapp/ipress.htm?action=mostrarVer&idipress=00000178"}},{"type":"Feature","geometry":{"type":"Point","coordinates":[-73.27294059999997,-3.7641878999999676]},"properties":{"objectid":28433,"nombre":"policlinico san lorenzo amazon","departamento":"LORETO","provincia":"MAYNAS","distrito":"IQUITOS","institucion":"PRIVADO","codigoMinsa":26023,"direccion":"PASAJE san lorenzo NÚMERO 09 DISTRITO IQUITOS PROVINCIA MAYNAS DEPARTAMENTO LORETO","disa":"LORETO","red":"NO PERTENECE A NINGUNA RED","microrred":"NO PERTENECE A NINGUNA MICRORED","categoria":"ESTABLECIMIENTO DE SALUD SIN INTERNAMIENTO","condicion":"ACTIVO","actualizado":"2023/08/01 19:00:00.000","fuente":"MINSA","urlRenipr":"http://app20.susalud.gob.pe:8080/registro-renipress-webapp/ipress.htm?action=mostrarVer&idipress=00026023"}},{"type":"Feature","geometry":{"type":"Point","coordinates":[-73.24352040999997,-3.731467919999943]},"properties":{"objectid":28443,"nombre":"CEINSAA LAB","departamento":"LORETO","provincia":"MAYNAS","distrito":"PUNCHANA","institucion":"PRIVADO","codigoMinsa":23601,"direccion":"JIRÓN TRUJILLO NÚMERO 320 DISTRITO PUNCHANA PROVINCIA MAYNAS DEPARTAMENTO LORETO","disa":"LORETO","red":"NO PERTENECE A NINGUNA RED","microrred":"NO PERTENECE A NINGUNA MICRORED","categoria":"SERVICIO MÉDICO DE APOYO","condicion":"ACTIVO","actualizado":"2023/08/01 19:00:00.000","fuente":"MINSA","urlRenipr":"http://app20.susalud.gob.pe:8080/registro-renipress-webapp/ipress.htm?action=mostrarVer&idipress=00023601"}},{"type":"Feature","geometry":{"type":"Point","coordinates":[-73.31177959999997,-3.803425799999957]},"properties":{"objectid":28491,"nombre":"CLINICA SAN JUAN DE DIOS - IQUITOS","departamento":"LORETO","provincia":"MAYNAS","distrito":"SAN JUAN BAUTISTA","institucion":"PRIVADO","codigoMinsa":11777,"direccion":"CARRETERA CARRETERA IQUITOS - NAUTA KM. 2.8 DISTRITO SAN JUAN BAUTISTA PROVINCIA MAYNAS DEPARTAMENTO LORETO","disa":"LORETO","red":"NO PERTENECE A NINGUNA RED","microrred":"NO PERTENECE A NINGUNA MICRORED","categoria":"ESTABLECIMIENTO DE SALUD SIN INTERNAMIENTO","condicion":"ACTIVO","actualizado":"2023/08/01 19:00:00.000","fuente":"MINSA","urlRenipr":"http://app20.susalud.gob.pe:8080/registro-renipress-webapp/ipress.htm?action=mostrarVer&idipress=00011777"}},{"type":"Feature","geometry":{"type":"Point","coordinates":[-73.24375279999998,-3.7513057999999546]},"properties":{"objectid":28704,"nombre":"CAP III IQUITOS","departamento":"LORETO","provincia":"MAYNAS","distrito":"IQUITOS","institucion":"ESSALUD","codigoMinsa":11408,"direccion":"MALECÓN MALECON TARAPACA N° 272, 278, 286 DISTRITO IQUITOS PROVINCIA MAYNAS DEPARTAMENTO LORETO","disa":"LORETO","red":"MAYNAS CIUDAD","microrred":"","categoria":"ESTABLECIMIENTO DE SALUD SIN INTERNAMIENTO","condicion":"ACTIVO","actualizado":"2023/08/01 19:00:00.000","fuente":"MINSA","urlRenipr":"http://app20.susalud.gob.pe:8080/registro-renipress-webapp/ipress.htm?action=mostrarVer&idipress=00011408"}},{"type":"Feature","geometry":{"type":"Point","coordinates":[-76.11616332999995,-5.896059999999977]},"properties":{"objectid":28715,"nombre":"ESSALUD - HOSPITAL I YURIMAGUAS","departamento":"LORETO","provincia":"ALTO AMAZONAS","distrito":"YURIMAGUAS","institucion":"ESSALUD","codigoMinsa":20274,"direccion":"OTROS HUMBOLT N° 100 DISTRITO YURIMAGUAS PROVINCIA ALTO AMAZONAS DEPARTAMENTO LORETO","disa":"LORETO","red":"LORETO","microrred":"","categoria":"ESTABLECIMIENTO DE SALUD CON INTERNAMIENTO","condicion":"ACTIVO","actualizado":"2023/08/01 19:00:00.000","fuente":"MINSA","urlRenipr":"http://app20.susalud.gob.pe:8080/registro-renipress-webapp/ipress.htm?action=mostrarVer&idipress=00020274"}},{"type":"Feature","geometry":{"type":"Point","coordinates":[-76.10697889999994,-5.8906074999999305]},"properties":{"objectid":28742,"nombre":"CENTRO MEDICO SANTO CRISTO DE LOGROÑO","departamento":"LORETO","provincia":"ALTO AMAZONAS","distrito":"YURIMAGUAS","institucion":"PRIVADO","codigoMinsa":25464,"direccion":"CALLE PROGRESO NÚMERO 334 DISTRITO YURIMAGUAS PROVINCIA ALTO AMAZONAS DEPARTAMENTO LORETO","disa":"LORETO","red":"NO PERTENECE A NINGUNA RED","microrred":"NO PERTENECE A NINGUNA MICRORED","categoria":"ESTABLECIMIENTO DE SALUD SIN INTERNAMIENTO","condicion":"ACTIVO","actualizado":"2023/08/01 19:00:00.000","fuente":"MINSA","urlRenipr":"http://app20.susalud.gob.pe:8080/registro-renipress-webapp/ipress.htm?action=mostrarVer&idipress=00025464"}},{"type":"Feature","geometry":{"type":"Point","coordinates":[-73.25163259999994,-3.743673499999943]},"properties":{"objectid":28744,"nombre":"CONSULTORIO DENTAL PRIVADO","departamento":"LORETO","provincia":"MAYNAS","distrito":"IQUITOS","institucion":"PRIVADO","codigoMinsa":25189,"direccion":"CALLE BRASIL 380 NÚMERO 380 DISTRITO IQUITOS PROVINCIA MAYNAS DEPARTAMENTO LORETO","disa":"LORETO","red":"NO PERTENECE A NINGUNA RED","microrred":"NO PERTENECE A NINGUNA MICRORED","categoria":"ESTABLECIMIENTO DE SALUD SIN INTERNAMIENTO","condicion":"ACTIVO","actualizado":"2023/08/01 19:00:00.000","fuente":"MINSA","urlRenipr":"http://app20.susalud.gob.pe:8080/registro-renipress-webapp/ipress.htm?action=mostrarVer&idipress=00025189"}},{"type":"Feature","geometry":{"type":"Point","coordinates":[-75.54769292999998,-5.047287419999975]},"properties":{"objectid":28774,"nombre":"P.S. I-1 PUCACURO DE LAGUNAS","departamento":"LORETO","provincia":"ALTO AMAZONAS","distrito":"LAGUNAS","institucion":"GOBIERNO REGIONAL","codigoMinsa":194,"direccion":"OTROS COMUNIDAD PUCACURO DISTRITO LAGUNAS PROVINCIA ALTO AMAZONAS DEPARTAMENTO LORETO","disa":"LORETO","red":"ALTO AMAZONAS","microrred":"LAGUNAS","categoria":"ESTABLECIMIENTO DE SALUD SIN INTERNAMIENTO","condicion":"ACTIVO","actualizado":"2023/08/01 19:00:00.000","fuente":"MINSA","urlRenipr":"http://app20.susalud.gob.pe:8080/registro-renipress-webapp/ipress.htm?action=mostrarVer&idipress=00000194"}},{"type":"Feature","geometry":{"type":"Point","coordinates":[-73.25091778999996,-3.741620629999943]},"properties":{"objectid":28781,"nombre":"CONSULTORIO GINECOLOGICO VIDA & SALUD","departamento":"LORETO","provincia":"MAYNAS","distrito":"IQUITOS","institucion":"PRIVADO","codigoMinsa":29096,"direccion":"CALLE PEVAS NÚMERO 1197 DISTRITO IQUITOS PROVINCIA MAYNAS DEPARTAMENTO LORETO","disa":"LORETO","red":"","microrred":"","categoria":"SERVICIO MÉDICO DE APOYO","condicion":"ACTIVO","actualizado":"2023/08/01 19:00:00.000","fuente":"MINSA","urlRenipr":"http://app20.susalud.gob.pe:8080/registro-renipress-webapp/ipress.htm?action=mostrarVer&idipress=00029096"}},{"type":"Feature","geometry":{"type":"Point","coordinates":[-76.56327259999995,-5.828338299999928]},"properties":{"objectid":28782,"nombre":"P.S. I-1 TRES UNIDOS DE BALSAPUERTO","departamento":"LORETO","provincia":"ALTO AMAZONAS","distrito":"BALSAPUERTO","institucion":"GOBIERNO REGIONAL","codigoMinsa":31222,"direccion":"CAMINO RURAL COMUNIDAD NATIVA TRES UNIDOS DISTRITO BALSAPUERTO PROVINCIA ALTO AMAZONAS DEPARTAMENTO LORETO","disa":"LORETO","red":"ALTO AMAZONAS","microrred":"BALSAPUERTO","categoria":"ESTABLECIMIENTO DE SALUD SIN INTERNAMIENTO","condicion":"ACTIVO","actualizado":"2023/08/01 19:00:00.000","fuente":"MINSA","urlRenipr":"http://app20.susalud.gob.pe:8080/registro-renipress-webapp/ipress.htm?action=mostrarVer&idipress=00031222"}},{"type":"Feature","geometry":{"type":"Point","coordinates":[-74.28907743999997,-4.673939939999968]},"properties":{"objectid":29075,"nombre":"LEONCIO PRADO","departamento":"LORETO","provincia":"LORETO","distrito":"PARINARI","institucion":"GOBIERNO REGIONAL","codigoMinsa":6728,"direccion":"OTROS ACTUALIZAR DISTRITO PARINARI PROVINCIA LORETO DEPARTAMENTO LORETO","disa":"LORETO","red":"LORETO","microrred":"NAUTA","categoria":"ESTABLECIMIENTO DE SALUD SIN INTERNAMIENTO","condicion":"ACTIVO","actualizado":"2023/08/01 19:00:00.000","fuente":"MINSA","urlRenipr":"http://app20.susalud.gob.pe:8080/registro-renipress-webapp/ipress.htm?action=mostrarVer&idipress=00006728"}},{"type":"Feature","geometry":{"type":"Point","coordinates":[-72.85243829999996,-3.447365599999955]},"properties":{"objectid":28896,"nombre":"CLINICA YANAMONO","departamento":"LORETO","provincia":"MAYNAS","distrito":"PUNCHANA","institucion":"PRIVADO","codigoMinsa":14320,"direccion":"OTROS COMUNIDAD DE YANAMONO - RIO AMAMZONAS DISTRITO PUNCHANA PROVINCIA MAYNAS DEPARTAMENTO LORETO","disa":"LORETO","red":"NO PERTENECE A NINGUNA RED","microrred":"NO PERTENECE A NINGUNA MICRORED","categoria":"ESTABLECIMIENTO DE SALUD SIN INTERNAMIENTO","condicion":"ACTIVO","actualizado":"2023/08/01 19:00:00.000","fuente":"MINSA","urlRenipr":"http://app20.susalud.gob.pe:8080/registro-renipress-webapp/ipress.htm?action=mostrarVer&idipress=00014320"}},{"type":"Feature","geometry":{"type":"Point","coordinates":[-73.43853953999997,-4.04314538999995]},"properties":{"objectid":28936,"nombre":"ASOCIACION DE COMUNIDAD LOCAL DE ADMINISTRACION DE SALUD \"EL PAUJIL\"","departamento":"LORETO","provincia":"MAYNAS","distrito":"SAN JUAN BAUTISTA","institucion":"GOBIERNO REGIONAL","codigoMinsa":33,"direccion":"CARRETERA CARRETERA IQUITOS NAUTA DISTRITO SAN JUAN BAUTISTA PROVINCIA MAYNAS DEPARTAMENTO LORETO","disa":"LORETO","red":"MAYNAS CIUDAD","microrred":"IQUITOS SUR","categoria":"ESTABLECIMIENTO DE SALUD SIN INTERNAMIENTO","condicion":"ACTIVO","actualizado":"2023/08/01 19:00:00.000","fuente":"MINSA","urlRenipr":"http://app20.susalud.gob.pe:8080/registro-renipress-webapp/ipress.htm?action=mostrarVer&idipress=00000033"}},{"type":"Feature","geometry":{"type":"Point","coordinates":[-76.28334739999997,-5.293322499999931]},"properties":{"objectid":28937,"nombre":"P.S. I-1 SAN FRANCISCO DE ALGODONAL DE JEBEROS","departamento":"LORETO","provincia":"ALTO AMAZONAS","distrito":"JEBEROS","institucion":"GOBIERNO REGIONAL","codigoMinsa":26774,"direccion":"OTROS COMUNIDAD DE SAN FRANCISCO DE ALGODONAL N?ERO S/N DISTRITO JEBEROS PROVINCIA ALTO AMAZONAS DEPARTAMENTO LORETO","disa":"LORETO","red":"ALTO AMAZONAS","microrred":"JEBEROS","categoria":"ESTABLECIMIENTO DE SALUD SIN INTERNAMIENTO","condicion":"ACTIVO","actualizado":"2023/08/01 19:00:00.000","fuente":"MINSA","urlRenipr":"http://app20.susalud.gob.pe:8080/registro-renipress-webapp/ipress.htm?action=mostrarVer&idipress=00026774"}},{"type":"Feature","geometry":{"type":"Point","coordinates":[-76.18503999999996,-5.756849999999929]},"properties":{"objectid":28938,"nombre":"P.S. I-1 SAN PEDRO DE ZAPOTE","departamento":"LORETO","provincia":"ALTO AMAZONAS","distrito":"YURIMAGUAS","institucion":"GOBIERNO REGIONAL","codigoMinsa":219,"direccion":"OTROS COMUNIDAD SAN PEDRO DE ZAPOTE DISTRITO YURIMAGUAS PROVINCIA ALTO AMAZONAS DEPARTAMENTO LORETO","disa":"LORETO","red":"ALTO AMAZONAS","microrred":"YURIMAGUAS","categoria":"ESTABLECIMIENTO DE SALUD SIN INTERNAMIENTO","condicion":"ACTIVO","actualizado":"2023/08/01 19:00:00.000","fuente":"MINSA","urlRenipr":"http://app20.susalud.gob.pe:8080/registro-renipress-webapp/ipress.htm?action=mostrarVer&idipress=00000219"}},{"type":"Feature","geometry":{"type":"Point","coordinates":[-75.96523940999998,-5.954675669999972]},"properties":{"objectid":28939,"nombre":"P.S. I-1 CUIPARI","departamento":"LORETO","provincia":"ALTO AMAZONAS","distrito":"TENIENTE CESAR LOPEZ ROJAS","institucion":"GOBIERNO REGIONAL","codigoMinsa":207,"direccion":"OTROS COMUNIDAD CUIPARI DISTRITO TENIENTE CESAR LOPEZ ROJAS PROVINCIA ALTO AMAZONAS DEPARTAMENTO LORETO","disa":"LORETO","red":"ALTO AMAZONAS","microrred":"TENIENTE CESAR LOPEZ ROJAS","categoria":"ESTABLECIMIENTO DE SALUD SIN INTERNAMIENTO","condicion":"ACTIVO","actualizado":"2023/08/01 19:00:00.000","fuente":"MINSA","urlRenipr":"http://app20.susalud.gob.pe:8080/registro-renipress-webapp/ipress.htm?action=mostrarVer&idipress=00000207"}},{"type":"Feature","geometry":{"type":"Point","coordinates":[-77.31852499999997,-3.653163329999927]},"properties":{"objectid":28940,"nombre":"INCA ROCA","departamento":"LORETO","provincia":"DATEM DEL MARAÑON","distrito":"MORONA","institucion":"GOBIERNO REGIONAL","codigoMinsa":11691,"direccion":"OTROS QUEBRADA DE SICUANGA DISTRITO MORONA PROVINCIA DATEM DEL MARAÑON DEPARTAMENTO LORETO","disa":"LORETO","red":"DATEM DEL MARAÑON","microrred":"MORONA","categoria":"ESTABLECIMIENTO DE SALUD SIN INTERNAMIENTO","condicion":"ACTIVO","actualizado":"2023/08/01 19:00:00.000","fuente":"MINSA","urlRenipr":"http://app20.susalud.gob.pe:8080/registro-renipress-webapp/ipress.htm?action=mostrarVer&idipress=00011691"}},{"type":"Feature","geometry":{"type":"Point","coordinates":[-76.23983999999996,-5.7390799999999444]},"properties":{"objectid":28941,"nombre":"P.S. I-1 JEBERILLOS","departamento":"LORETO","provincia":"ALTO AMAZONAS","distrito":"YURIMAGUAS","institucion":"GOBIERNO REGIONAL","codigoMinsa":220,"direccion":"OTROS COMUNIDAD DE JEBERILLOS DISTRITO YURIMAGUAS PROVINCIA ALTO AMAZONAS DEPARTAMENTO LORETO","disa":"LORETO","red":"ALTO AMAZONAS","microrred":"YURIMAGUAS","categoria":"ESTABLECIMIENTO DE SALUD SIN INTERNAMIENTO","condicion":"ACTIVO","actualizado":"2023/08/01 19:00:00.000","fuente":"MINSA","urlRenipr":"http://app20.susalud.gob.pe:8080/registro-renipress-webapp/ipress.htm?action=mostrarVer&idipress=00000220"}},{"type":"Feature","geometry":{"type":"Point","coordinates":[-73.27252944999998,-3.7651337599999692]},"properties":{"objectid":28977,"nombre":"WISAR SALUD","departamento":"LORETO","provincia":"MAYNAS","distrito":"SAN JUAN BAUTISTA","institucion":"PRIVADO","codigoMinsa":26966,"direccion":"PASAJE SAN LORENZO NÚMERO 288 DISTRITO SAN JUAN BAUTISTA PROVINCIA MAYNAS DEPARTAMENTO LORETO","disa":"LORETO","red":"","microrred":"","categoria":"ESTABLECIMIENTO DE SALUD SIN INTERNAMIENTO","condicion":"ACTIVO","actualizado":"2023/08/01 19:00:00.000","fuente":"MINSA","urlRenipr":"http://app20.susalud.gob.pe:8080/registro-renipress-webapp/ipress.htm?action=mostrarVer&idipress=00026966"}},{"type":"Feature","geometry":{"type":"Point","coordinates":[-73.27311358999998,-3.7697368599999663]},"properties":{"objectid":29040,"nombre":"CENTRO MEDICO DEL ESTABLECIMIENTO PENITENCIARIO IQUITOS","departamento":"LORETO","provincia":"MAYNAS","distrito":"BELEN","institucion":"INPE","codigoMinsa":18832,"direccion":"AVENIDA AV. GUARDIA REPUBLICANA S/N NÚMERO S/N DISTRITO BELEN PROVINCIA MAYNAS DEPARTAMENTO LORETO","disa":"LORETO","red":"NO PERTENECE A NINGUNA RED","microrred":"NO PERTENECE A NINGUNA MICRORED","categoria":"ESTABLECIMIENTO DE SALUD SIN INTERNAMIENTO","condicion":"ACTIVO","actualizado":"2023/08/01 19:00:00.000","fuente":"MINSA","urlRenipr":"http://app20.susalud.gob.pe:8080/registro-renipress-webapp/ipress.htm?action=mostrarVer&idipress=00018832"}},{"type":"Feature","geometry":{"type":"Point","coordinates":[-73.36978099999999,-5.99499099999997]},"properties":{"objectid":29071,"nombre":"BUENAS LOMAS","departamento":"LORETO","provincia":"REQUENA","distrito":"YAQUERANA","institucion":"GOBIERNO REGIONAL","codigoMinsa":278,"direccion":"ACTUALIZAR","disa":"LORETO","red":"MAYNAS PERIFERIE","microrred":"ANGAMOS","categoria":"ESTABLECIMIENTO DE SALUD SIN INTERNAMIENTO","condicion":"ACTIVO","actualizado":"2023/08/01 19:00:00.000","fuente":"MINSA","urlRenipr":"http://app20.susalud.gob.pe:8080/registro-renipress-webapp/ipress.htm?action=mostrarVer&idipress=00000278"}},{"type":"Feature","geometry":{"type":"Point","coordinates":[-73.31178387999995,-3.780812859999969]},"properties":{"objectid":29072,"nombre":"CENTRO DE SALUD COMUNITARIO UKA YAKI TSA WA","departamento":"LORETO","provincia":"MAYNAS","distrito":"SAN JUAN BAUTISTA","institucion":"GOBIERNO REGIONAL","codigoMinsa":26052,"direccion":"CALLE 22 junio 60 carretera santa clara SAN JUAN BAUTISTA MAYNAS LORETO","disa":"LORETO","red":"MAYNAS CIUDAD","microrred":"IQUITOS SUR","categoria":"ESTABLECIMIENTO DE SALUD SIN INTERNAMIENTO","condicion":"ACTIVO","actualizado":"2023/08/01 19:00:00.000","fuente":"MINSA","urlRenipr":"http://app20.susalud.gob.pe:8080/registro-renipress-webapp/ipress.htm?action=mostrarVer&idipress=00026052"}},{"type":"Feature","geometry":{"type":"Point","coordinates":[-73.46230999999995,-3.8305499999999597]},"properties":{"objectid":29073,"nombre":"FERNANDO LORES","departamento":"LORETO","provincia":"MAYNAS","distrito":"IQUITOS","institucion":"GOBIERNO REGIONAL","codigoMinsa":14,"direccion":"PROLONGACIÓN PROLONGACION PUTUMAYO PROLONGACION PUTUMAYO IQUITOS MAYNAS LORETO","disa":"LORETO","red":"MAYNAS CIUDAD","microrred":"PUNCHANA","categoria":"ESTABLECIMIENTO DE SALUD SIN INTERNAMIENTO","condicion":"ACTIVO","actualizado":"2023/08/01 19:00:00.000","fuente":"MINSA","urlRenipr":"http://app20.susalud.gob.pe:8080/registro-renipress-webapp/ipress.htm?action=mostrarVer&idipress=00000014"}},{"type":"Feature","geometry":{"type":"Point","coordinates":[-74.68063237999996,-5.659164159999932]},"properties":{"objectid":29074,"nombre":"VICTORIA","departamento":"LORETO","provincia":"REQUENA","distrito":"MAQUIA","institucion":"GOBIERNO REGIONAL","codigoMinsa":143,"direccion":"OTROS CASERIO DE VICTORIA DISTRITO MAQUIA PROVINCIA REQUENA DEPARTAMENTO LORETO","disa":"LORETO","red":"REQUENA","microrred":"BRETAÑA","categoria":"ESTABLECIMIENTO DE SALUD SIN INTERNAMIENTO","condicion":"ACTIVO","actualizado":"2023/08/01 19:00:00.000","fuente":"MINSA","urlRenipr":"http://app20.susalud.gob.pe:8080/registro-renipress-webapp/ipress.htm?action=mostrarVer&idipress=00000143"}},{"type":"Feature","geometry":{"type":"Point","coordinates":[-74.15770232999995,-5.404602299999965]},"properties":{"objectid":29076,"nombre":"FLOR DE PUNGA","departamento":"LORETO","provincia":"REQUENA","distrito":"CAPELO","institucion":"GOBIERNO REGIONAL","codigoMinsa":132,"direccion":"OTROS CASERIO DE FLOR DE PUNGA DISTRITO CAPELO PROVINCIA REQUENA DEPARTAMENTO LORETO","disa":"LORETO","red":"REQUENA","microrred":"SAN MARTIN CAPELO","categoria":"ESTABLECIMIENTO DE SALUD SIN INTERNAMIENTO","condicion":"ACTIVO","actualizado":"2023/08/01 19:00:00.000","fuente":"MINSA","urlRenipr":"http://app20.susalud.gob.pe:8080/registro-renipress-webapp/ipress.htm?action=mostrarVer&idipress=00000132"}},{"type":"Feature","geometry":{"type":"Point","coordinates":[-71.62636332999995,-3.7601733299999296]},"properties":{"objectid":29077,"nombre":"SAN JOSE DE COCHIQUINAS","departamento":"LORETO","provincia":"MARISCAL RAMON CASTILLA","distrito":"PEBAS","institucion":"GOBIERNO REGIONAL","codigoMinsa":10488,"direccion":"OTROS PEVAS S/N NÚMERO S/N DISTRITO PEBAS PROVINCIA MARISCAL RAMON CASTILLA DEPARTAMENTO LORETO","disa":"LORETO","red":"RAMON CASTILLA","microrred":"PEVAS","categoria":"ESTABLECIMIENTO DE SALUD SIN INTERNAMIENTO","condicion":"ACTIVO","actualizado":"2023/08/01 19:00:00.000","fuente":"MINSA","urlRenipr":"http://app20.susalud.gob.pe:8080/registro-renipress-webapp/ipress.htm?action=mostrarVer&idipress=00010488"}},{"type":"Feature","geometry":{"type":"Point","coordinates":[-71.86058166999999,-3.3196733299999437]},"properties":{"objectid":29078,"nombre":"CENTRO DE SALUD I-3 PEVAS","departamento":"LORETO","provincia":"MARISCAL RAMON CASTILLA","distrito":"PEBAS","institucion":"GOBIERNO REGIONAL","codigoMinsa":113,"direccion":"OTROS COMUNIDAD DE PEVAS RIO AMAZONAS COMUNIDAD DE PEVAS RIO AMAZONAS PEBAS MARISCAL RAMON CASTILLA LORETO","disa":"LORETO","red":"RAMON CASTILLA","microrred":"PEVAS","categoria":"ESTABLECIMIENTO DE SALUD SIN INTERNAMIENTO","condicion":"ACTIVO","actualizado":"2023/08/01 19:00:00.000","fuente":"MINSA","urlRenipr":"http://app20.susalud.gob.pe:8080/registro-renipress-webapp/ipress.htm?action=mostrarVer&idipress=00000113"}},{"type":"Feature","geometry":{"type":"Point","coordinates":[-73.25163549999996,-3.7542221999999583]},"properties":{"objectid":29079,"nombre":"SAMU GERESA LORETO.-CPCED","departamento":"LORETO","provincia":"MAYNAS","distrito":"PUNCHANA","institucion":"GOBIERNO REGIONAL","codigoMinsa":21146,"direccion":"AVENIDA AV 28 DE JULIO S/N S/N AV 28 DE JULIO S/N PUNCHANA MAYNAS LORETO","disa":"LORETO","red":"NO PERTENECE A NINGUNA RED","microrred":"NO PERTENECE A NINGUNA MICRORED","categoria":"SERVICIO MÉDICO DE APOYO","condicion":"ACTIVO","actualizado":"2023/08/01 19:00:00.000","fuente":"MINSA","urlRenipr":"http://app20.susalud.gob.pe:8080/registro-renipress-webapp/ipress.htm?action=mostrarVer&idipress=00021146"}},{"type":"Feature","geometry":{"type":"Point","coordinates":[-73.34619999999995,-3.7832899999999654]},"properties":{"objectid":29081,"nombre":"VARGAS GUERRA","departamento":"LORETO","provincia":"MAYNAS","distrito":"IQUITOS","institucion":"GOBIERNO REGIONAL","codigoMinsa":11,"direccion":"OTROS CASERIO VARGAS GUERRA CASERIO VARGAS GUERRA IQUITOS MAYNAS LORETO","disa":"LORETO","red":"MAYNAS CIUDAD","microrred":"IQUITOS NORTE","categoria":"ESTABLECIMIENTO DE SALUD SIN INTERNAMIENTO","condicion":"ACTIVO","actualizado":"2023/08/01 19:00:00.000","fuente":"MINSA","urlRenipr":"http://app20.susalud.gob.pe:8080/registro-renipress-webapp/ipress.htm?action=mostrarVer&idipress=00000011"}},{"type":"Feature","geometry":{"type":"Point","coordinates":[-73.06511421999994,-3.3606098099999713]},"properties":{"objectid":29082,"nombre":"PUESTO DE SALUD I-1 URCO MIRAÑO","departamento":"LORETO","provincia":"MAYNAS","distrito":"MAZAN","institucion":"GOBIERNO REGIONAL","codigoMinsa":28965,"direccion":"OTROS COMUNIDAD DE URCO MIRAÑO NÚMERO S/N DISTRITO MAZAN PROVINCIA MAYNAS DEPARTAMENTO LORETO","disa":"LORETO","red":"MAYNAS PERIFERIE","microrred":"MAZAN","categoria":"ESTABLECIMIENTO DE SALUD SIN INTERNAMIENTO","condicion":"ACTIVO","actualizado":"2023/08/01 19:00:00.000","fuente":"MINSA","urlRenipr":"http://app20.susalud.gob.pe:8080/registro-renipress-webapp/ipress.htm?action=mostrarVer&idipress=00028965"}},{"type":"Feature","geometry":{"type":"Point","coordinates":[-73.69254899999999,-6.00834599999996]},"properties":{"objectid":29083,"nombre":"CURINGA","departamento":"LORETO","provincia":"REQUENA","distrito":"SOPLIN","institucion":"GOBIERNO REGIONAL","codigoMinsa":157,"direccion":"ACTUALIZAR","disa":"LORETO","red":"REQUENA","microrred":"REQUENA","categoria":"ESTABLECIMIENTO DE SALUD SIN INTERNAMIENTO","condicion":"ACTIVO","actualizado":"2023/08/01 19:00:00.000","fuente":"MINSA","urlRenipr":"http://app20.susalud.gob.pe:8080/registro-renipress-webapp/ipress.htm?action=mostrarVer&idipress=00000157"}},{"type":"Feature","geometry":{"type":"Point","coordinates":[-73.85693419999996,-5.062881549999929]},"properties":{"objectid":29084,"nombre":"C.S. I-4 REQUENA","departamento":"LORETO","provincia":"REQUENA","distrito":"REQUENA","institucion":"GOBIERNO REGIONAL","codigoMinsa":150,"direccion":"OTROS MARTIRES DEL PETROLEO S/N S/N MARTIRES DEL PETROLEO S/N REQUENA REQUENA LORETO","disa":"LORETO","red":"REQUENA","microrred":"REQUENA","categoria":"ESTABLECIMIENTO DE SALUD CON INTERNAMIENTO","condicion":"ACTIVO","actualizado":"2023/08/01 19:00:00.000","fuente":"MINSA","urlRenipr":"http://app20.susalud.gob.pe:8080/registro-renipress-webapp/ipress.htm?action=mostrarVer&idipress=00000150"}},{"type":"Feature","geometry":{"type":"Point","coordinates":[-71.99419499999993,-3.2262433299999316]},"properties":{"objectid":29085,"nombre":"BRILLO NUEVO","departamento":"LORETO","provincia":"MARISCAL RAMON CASTILLA","distrito":"PEBAS","institucion":"GOBIERNO REGIONAL","codigoMinsa":116,"direccion":"OTROS ACTUALIZAR DISTRITO PEBAS PROVINCIA MARISCAL RAMON CASTILLA DEPARTAMENTO LORETO","disa":"LORETO","red":"RAMON CASTILLA","microrred":"PEVAS","categoria":"ESTABLECIMIENTO DE SALUD SIN INTERNAMIENTO","condicion":"ACTIVO","actualizado":"2023/08/01 19:00:00.000","fuente":"MINSA","urlRenipr":"http://app20.susalud.gob.pe:8080/registro-renipress-webapp/ipress.htm?action=mostrarVer&idipress=00000116"}},{"type":"Feature","geometry":{"type":"Point","coordinates":[-73.24118166999995,-3.731728329999953]},"properties":{"objectid":29154,"nombre":"CLÍNICA NAVAL DE IQUITOS","departamento":"LORETO","provincia":"MAYNAS","distrito":"PUNCHANA","institucion":"SANIDAD DE LA MARINA DE GUERRA DEL PERU","codigoMinsa":10736,"direccion":"AVENIDA AVENIDA DE LA MARINA S/N NÚMERO S/N DISTRITO PUNCHANA PROVINCIA MAYNAS DEPARTAMENTO LORETO","disa":"LORETO","red":"NO PERTENECE A NINGUNA RED","microrred":"NO PERTENECE A NINGUNA MICRORED","categoria":"ESTABLECIMIENTO DE SALUD CON INTERNAMIENTO","condicion":"ACTIVO","actualizado":"2023/08/01 19:00:00.000","fuente":"MINSA","urlRenipr":"http://app20.susalud.gob.pe:8080/registro-renipress-webapp/ipress.htm?action=mostrarVer&idipress=00010736"}},{"type":"Feature","geometry":{"type":"Point","coordinates":[-77.42026666999999,-4.5678766699999755]},"properties":{"objectid":29274,"nombre":"C.S. I-3 SARAMIRIZA","departamento":"LORETO","provincia":"DATEM DEL MARAÑON","distrito":"MANSERICHE","institucion":"GOBIERNO REGIONAL","codigoMinsa":246,"direccion":"OTROS LOCALIDAD SARAMIRIZA LOCALIDAD SARAMIRIZA MANSERICHE DATEM DEL MARAÑON LORETO","disa":"LORETO","red":"DATEM DEL MARAÑON","microrred":"MANSERICHE","categoria":"ESTABLECIMIENTO DE SALUD SIN INTERNAMIENTO","condicion":"ACTIVO","actualizado":"2023/08/01 19:00:00.000","fuente":"MINSA","urlRenipr":"http://app20.susalud.gob.pe:8080/registro-renipress-webapp/ipress.htm?action=mostrarVer&idipress=00000246"}},{"type":"Feature","geometry":{"type":"Point","coordinates":[-76.82301832999997,-4.810501669999951]},"properties":{"objectid":29275,"nombre":"P.S. I-1 TIGRE PLAYA","departamento":"LORETO","provincia":"DATEM DEL MARAÑON","distrito":"BARRANCA","institucion":"GOBIERNO REGIONAL","codigoMinsa":238,"direccion":"OTROS COMUNIDAD TIGRE PLAYA DISTRITO BARRANCA PROVINCIA DATEM DEL MARAÑON DEPARTAMENTO LORETO","disa":"LORETO","red":"DATEM DEL MARAÑON","microrred":"BARRANCA","categoria":"ESTABLECIMIENTO DE SALUD SIN INTERNAMIENTO","condicion":"ACTIVO","actualizado":"2023/08/01 19:00:00.000","fuente":"MINSA","urlRenipr":"http://app20.susalud.gob.pe:8080/registro-renipress-webapp/ipress.htm?action=mostrarVer&idipress=00000238"}},{"type":"Feature","geometry":{"type":"Point","coordinates":[-73.25365290999997,-3.762989579999953]},"properties":{"objectid":29432,"nombre":"POLICLINICO SEÑOR DE LUREN","departamento":"LORETO","provincia":"MAYNAS","distrito":"BELEN","institucion":"PRIVADO","codigoMinsa":27980,"direccion":"CALLE CORNEJO PORTUGAL NÚMERO 1659 DISTRITO BELEN PROVINCIA MAYNAS DEPARTAMENTO LORETO","disa":"LORETO","red":"NO PERTENECE A NINGUNA RED","microrred":"NO PERTENECE A NINGUNA MICRORED","categoria":"SERVICIO MÉDICO DE APOYO","condicion":"ACTIVO","actualizado":"2023/08/01 19:00:00.000","fuente":"MINSA","urlRenipr":"http://app20.susalud.gob.pe:8080/registro-renipress-webapp/ipress.htm?action=mostrarVer&idipress=00027980"}},{"type":"Feature","geometry":{"type":"Point","coordinates":[-75.00561859999993,-7.347284099999968]},"properties":{"objectid":29638,"nombre":"IPRESS SANTA ANA","departamento":"LORETO","provincia":"UCAYALI","distrito":"PADRE MARQUEZ","institucion":"GOBIERNO REGIONAL","codigoMinsa":26298,"direccion":"OTROS RIO UCAYALI PADRE MARQUEZ UCAYALI LORETO","disa":"LORETO","red":"UCAYALI","microrred":"PADRE MARQUEZ","categoria":"ESTABLECIMIENTO DE SALUD SIN INTERNAMIENTO","condicion":"ACTIVO","actualizado":"2023/08/01 19:00:00.000","fuente":"MINSA","urlRenipr":"http://app20.susalud.gob.pe:8080/registro-renipress-webapp/ipress.htm?action=mostrarVer&idipress=00026298"}},{"type":"Feature","geometry":{"type":"Point","coordinates":[-75.15865946999998,-6.914767969999957]},"properties":{"objectid":29639,"nombre":"CENTRO DE SALUD I-4 ORELLANA","departamento":"LORETO","provincia":"UCAYALI","distrito":"VARGAS GUERRA","institucion":"GOBIERNO REGIONAL","codigoMinsa":185,"direccion":"OTROS LOCALIDAD DE ORELLANA LOCALIDAD DE ORELLANA VARGAS GUERRA UCAYALI LORETO","disa":"LORETO","red":"UCAYALI","microrred":"CONTAMANA","categoria":"ESTABLECIMIENTO DE SALUD SIN INTERNAMIENTO","condicion":"ACTIVO","actualizado":"2023/08/01 19:00:00.000","fuente":"MINSA","urlRenipr":"http://app20.susalud.gob.pe:8080/registro-renipress-webapp/ipress.htm?action=mostrarVer&idipress=00000185"}},{"type":"Feature","geometry":{"type":"Point","coordinates":[-74.83960590999999,-5.922626979999961]},"properties":{"objectid":29640,"nombre":"PUESTO DE SALUD I-1 PUERTO ENRIQUE","departamento":"LORETO","provincia":"UCAYALI","distrito":"SARAYACU","institucion":"GOBIERNO REGIONAL","codigoMinsa":184,"direccion":"OTROS ACTUALIZAR DISTRITO SARAYACU PROVINCIA UCAYALI DEPARTAMENTO LORETO","disa":"LORETO","red":"UCAYALI","microrred":"SARAYACU","categoria":"ESTABLECIMIENTO DE SALUD SIN INTERNAMIENTO","condicion":"ACTIVO","actualizado":"2023/08/01 19:00:00.000","fuente":"MINSA","urlRenipr":"http://app20.susalud.gob.pe:8080/registro-renipress-webapp/ipress.htm?action=mostrarVer&idipress=00000184"}},{"type":"Feature","geometry":{"type":"Point","coordinates":[-73.25163259999994,-3.743673499999943]},"properties":{"objectid":30212,"nombre":"QUEIROLO","departamento":"LORETO","provincia":"MAYNAS","distrito":"IQUITOS","institucion":"PRIVADO","codigoMinsa":27433,"direccion":"CALLE LOURDES NÚMERO 189 PISO 1 DISTRITO IQUITOS PROVINCIA MAYNAS DEPARTAMENTO LORETO","disa":"LORETO","red":"NO PERTENECE A NINGUNA RED","microrred":"NO PERTENECE A NINGUNA MICRORED","categoria":"ESTABLECIMIENTO DE SALUD SIN INTERNAMIENTO","condicion":"ACTIVO","actualizado":"2023/08/01 19:00:00.000","fuente":"MINSA","urlRenipr":"http://app20.susalud.gob.pe:8080/registro-renipress-webapp/ipress.htm?action=mostrarVer&idipress=00027433"}},{"type":"Feature","geometry":{"type":"Point","coordinates":[-73.25181570999996,-3.7509267799999293]},"properties":{"objectid":30513,"nombre":"CENTRO DE DIAGNOSTICO BIOHERSA","departamento":"LORETO","provincia":"MAYNAS","distrito":"IQUITOS","institucion":"PRIVADO","codigoMinsa":28061,"direccion":"JIRÓN RICARDO PALMA NÚMERO 779 PISO 1 DISTRITO IQUITOS PROVINCIA MAYNAS DEPARTAMENTO LORETO","disa":"LORETO","red":"NO PERTENECE A NINGUNA RED","microrred":"NO PERTENECE A NINGUNA MICRORED","categoria":"SERVICIO MÉDICO DE APOYO","condicion":"ACTIVO","actualizado":"2023/08/01 19:00:00.000","fuente":"MINSA","urlRenipr":"http://app20.susalud.gob.pe:8080/registro-renipress-webapp/ipress.htm?action=mostrarVer&idipress=00028061"}},{"type":"Feature","geometry":{"type":"Point","coordinates":[-73.25385529999994,-3.7264357999999334]},"properties":{"objectid":30600,"nombre":"CLINICA ESPECIALIZADA EMANUEL I-3","departamento":"LORETO","provincia":"MAYNAS","distrito":"PUNCHANA","institucion":"PRIVADO","codigoMinsa":25883,"direccion":"OTROS CALLE AMAZONAS S/N 1 C 32 AL FRENTE DE LA PUERTA DE EMERGENCIA DEL HOSPITAL REGIONAL PUNCHANA MAYNAS LORETO","disa":"LORETO","red":"NO PERTENECE A NINGUNA RED","microrred":"NO PERTENECE A NINGUNA MICRORED","categoria":"ESTABLECIMIENTO DE SALUD SIN INTERNAMIENTO","condicion":"ACTIVO","actualizado":"2023/08/01 19:00:00.000","fuente":"MINSA","urlRenipr":"http://app20.susalud.gob.pe:8080/registro-renipress-webapp/ipress.htm?action=mostrarVer&idipress=00025883"}},{"type":"Feature","geometry":{"type":"Point","coordinates":[-76.11707149999995,-5.908577099999945]},"properties":{"objectid":30601,"nombre":"CENTRO MEDICO FDA BIOSERVICES","departamento":"LORETO","provincia":"ALTO AMAZONAS","distrito":"YURIMAGUAS","institucion":"PRIVADO","codigoMinsa":28559,"direccion":"CALLE ANGAMOS NÚMERO 214 URBANIZACIÓN CERCADO DISTRITO YURIMAGUAS PROVINCIA ALTO AMAZONAS DEPARTAMENTO LORETO","disa":"LORETO","red":"NO PERTENECE A NINGUNA RED","microrred":"NO PERTENECE A NINGUNA MICRORED","categoria":"ESTABLECIMIENTO DE SALUD SIN INTERNAMIENTO","condicion":"ACTIVO","actualizado":"2023/08/01 19:00:00.000","fuente":"MINSA","urlRenipr":"http://app20.susalud.gob.pe:8080/registro-renipress-webapp/ipress.htm?action=mostrarVer&idipress=00028559"}},{"type":"Feature","geometry":{"type":"Point","coordinates":[-73.24453079999995,-3.73956869999995]},"properties":{"objectid":30796,"nombre":"DENTALIS ODONTOLOGIA INTEGRAL E.I.R.L","departamento":"LORETO","provincia":"MAYNAS","distrito":"IQUITOS","institucion":"PRIVADO","codigoMinsa":25786,"direccion":"AVENIDA FREYRE NÚMERO 564 DISTRITO IQUITOS PROVINCIA MAYNAS DEPARTAMENTO LORETO","disa":"LORETO","red":"NO PERTENECE A NINGUNA RED","microrred":"NO PERTENECE A NINGUNA MICRORED","categoria":"ESTABLECIMIENTO DE SALUD SIN INTERNAMIENTO","condicion":"ACTIVO","actualizado":"2023/08/01 19:00:00.000","fuente":"MINSA","urlRenipr":"http://app20.susalud.gob.pe:8080/registro-renipress-webapp/ipress.htm?action=mostrarVer&idipress=00025786"}},{"type":"Feature","geometry":{"type":"Point","coordinates":[-73.25091272999998,-3.7553603799999564]},"properties":{"objectid":30802,"nombre":"\"DENTAL CENTRE\"","departamento":"LORETO","provincia":"MAYNAS","distrito":"IQUITOS","institucion":"PRIVADO","codigoMinsa":26309,"direccion":"CALLE FRANCISCO GARCÍA SAENZ N?ERO 543 DISTRITO IQUITOS PROVINCIA MAYNAS DEPARTAMENTO LORETO","disa":"LORETO","red":"NO PERTENECE A NINGUNA RED","microrred":"NO PERTENECE A NINGUNA MICRORED","categoria":"ESTABLECIMIENTO DE SALUD SIN INTERNAMIENTO","condicion":"ACTIVO","actualizado":"2023/08/01 19:00:00.000","fuente":"MINSA","urlRenipr":"http://app20.susalud.gob.pe:8080/registro-renipress-webapp/ipress.htm?action=mostrarVer&idipress=00026309"}},{"type":"Feature","geometry":{"type":"Point","coordinates":[-76.17694999999998,-6.046289999999942]},"properties":{"objectid":30838,"nombre":"P.S. I-1 PUERTO PERU","departamento":"LORETO","provincia":"ALTO AMAZONAS","distrito":"YURIMAGUAS","institucion":"GOBIERNO REGIONAL","codigoMinsa":226,"direccion":"OTROS COMUNIDAD PUERTO PERU DISTRITO YURIMAGUAS PROVINCIA ALTO AMAZONAS DEPARTAMENTO LORETO","disa":"LORETO","red":"ALTO AMAZONAS","microrred":"YURIMAGUAS","categoria":"ESTABLECIMIENTO DE SALUD SIN INTERNAMIENTO","condicion":"ACTIVO","actualizado":"2023/08/01 19:00:00.000","fuente":"MINSA","urlRenipr":"http://app20.susalud.gob.pe:8080/registro-renipress-webapp/ipress.htm?action=mostrarVer&idipress=00000226"}},{"type":"Feature","geometry":{"type":"Point","coordinates":[-76.12677999999994,-5.827409999999929]},"properties":{"objectid":30839,"nombre":"P.S. I-1 DOS DE MAYO DE YURIMAGUAS","departamento":"LORETO","provincia":"ALTO AMAZONAS","distrito":"YURIMAGUAS","institucion":"GOBIERNO REGIONAL","codigoMinsa":7131,"direccion":"OTROS COMUNIDAD DE DOS DE MAYO DISTRITO YURIMAGUAS PROVINCIA ALTO AMAZONAS DEPARTAMENTO LORETO","disa":"LORETO","red":"ALTO AMAZONAS","microrred":"YURIMAGUAS","categoria":"ESTABLECIMIENTO DE SALUD SIN INTERNAMIENTO","condicion":"ACTIVO","actualizado":"2023/08/01 19:00:00.000","fuente":"MINSA","urlRenipr":"http://app20.susalud.gob.pe:8080/registro-renipress-webapp/ipress.htm?action=mostrarVer&idipress=00007131"}},{"type":"Feature","geometry":{"type":"Point","coordinates":[-76.11290479999997,-5.90077169999995]},"properties":{"objectid":30857,"nombre":"P.S. I-1 SELVA ALEGRE DE SANTA CRUZ","departamento":"LORETO","provincia":"ALTO AMAZONAS","distrito":"SANTA CRUZ","institucion":"GOBIERNO REGIONAL","codigoMinsa":31239,"direccion":"OTROS COMUNIDAD SELVA ALEGRE NÚMERO S/N DISTRITO SANTA CRUZ PROVINCIA ALTO AMAZONAS DEPARTAMENTO LORETO","disa":"LORETO","red":"ALTO AMAZONAS","microrred":"SANTA CRUZ","categoria":"ESTABLECIMIENTO DE SALUD SIN INTERNAMIENTO","condicion":"ACTIVO","actualizado":"2023/08/01 19:00:00.000","fuente":"MINSA","urlRenipr":"http://app20.susalud.gob.pe:8080/registro-renipress-webapp/ipress.htm?action=mostrarVer&idipress=00031239"}},{"type":"Feature","geometry":{"type":"Point","coordinates":[-76.11290479999997,-5.90077169999995]},"properties":{"objectid":30871,"nombre":"CONSULTORIO MÉDICOS: DRA LIDIA NAVARRO","departamento":"LORETO","provincia":"ALTO AMAZONAS","distrito":"YURIMAGUAS","institucion":"PRIVADO","codigoMinsa":25457,"direccion":"CALLE PROGRESO NÚMERO 310 DISTRITO YURIMAGUAS PROVINCIA ALTO AMAZONAS DEPARTAMENTO LORETO","disa":"LORETO","red":"NO PERTENECE A NINGUNA RED","microrred":"NO PERTENECE A NINGUNA MICRORED","categoria":"ESTABLECIMIENTO DE SALUD SIN INTERNAMIENTO","condicion":"ACTIVO","actualizado":"2023/08/01 19:00:00.000","fuente":"MINSA","urlRenipr":"http://app20.susalud.gob.pe:8080/registro-renipress-webapp/ipress.htm?action=mostrarVer&idipress=00025457"}},{"type":"Feature","geometry":{"type":"Point","coordinates":[-73.26024929999994,-3.731152799999961]},"properties":{"objectid":30978,"nombre":"CARDIORED SAC.","departamento":"LORETO","provincia":"MAYNAS","distrito":"IQUITOS","institucion":"PRIVADO","codigoMinsa":18344,"direccion":"JIRÓN JIRON SAN MARTIN N° 183 DISTRITO IQUITOS PROVINCIA MAYNAS DEPARTAMENTO LORETO","disa":"LORETO","red":"NO PERTENECE A NINGUNA RED","microrred":"NO PERTENECE A NINGUNA MICRORED","categoria":"ESTABLECIMIENTO DE SALUD SIN INTERNAMIENTO","condicion":"ACTIVO","actualizado":"2023/08/01 19:00:00.000","fuente":"MINSA","urlRenipr":"http://app20.susalud.gob.pe:8080/registro-renipress-webapp/ipress.htm?action=mostrarVer&idipress=00018344"}},{"type":"Feature","geometry":{"type":"Point","coordinates":[-75.00911887999996,-7.3486886799999525]},"properties":{"objectid":30986,"nombre":"FENIX EMERGENCY GROUP","departamento":"LORETO","provincia":"UCAYALI","distrito":"CONTAMANA","institucion":"PRIVADO","codigoMinsa":28363,"direccion":"CALLE CORNEJO PORTUGAL NÚMERO 18 PISO 1 DISTRITO CONTAMANA PROVINCIA UCAYALI DEPARTAMENTO LORETO","disa":"LORETO","red":"NO PERTENECE A NINGUNA RED","microrred":"NO PERTENECE A NINGUNA MICRORED","categoria":"SERVICIO MÉDICO DE APOYO","condicion":"ACTIVO","actualizado":"2023/08/01 19:00:00.000","fuente":"MINSA","urlRenipr":"http://app20.susalud.gob.pe:8080/registro-renipress-webapp/ipress.htm?action=mostrarVer&idipress=00028363"}},{"type":"Feature","geometry":{"type":"Point","coordinates":[-76.07032999999996,-5.898799999999937]},"properties":{"objectid":30998,"nombre":"P.S. I-1 ZAPOTE","departamento":"LORETO","provincia":"ALTO AMAZONAS","distrito":"YURIMAGUAS","institucion":"GOBIERNO REGIONAL","codigoMinsa":216,"direccion":"OTROS COMUNIDAD DE ZAPOTE DISTRITO YURIMAGUAS PROVINCIA ALTO AMAZONAS DEPARTAMENTO LORETO","disa":"LORETO","red":"ALTO AMAZONAS","microrred":"YURIMAGUAS","categoria":"ESTABLECIMIENTO DE SALUD SIN INTERNAMIENTO","condicion":"ACTIVO","actualizado":"2023/08/01 19:00:00.000","fuente":"MINSA","urlRenipr":"http://app20.susalud.gob.pe:8080/registro-renipress-webapp/ipress.htm?action=mostrarVer&idipress=00000216"}},{"type":"Feature","geometry":{"type":"Point","coordinates":[-76.27397949999994,-6.1150230999999735]},"properties":{"objectid":30999,"nombre":"P.S. NUEVO PIJUAYAL DE YURIMAGUAS","departamento":"LORETO","provincia":"ALTO AMAZONAS","distrito":"YURIMAGUAS","institucion":"GOBIERNO REGIONAL","codigoMinsa":26697,"direccion":"CAMINO RURAL COMUNIDAD DE NUEVO PIJUAYAL N?ERO S/N DISTRITO YURIMAGUAS PROVINCIA ALTO AMAZONAS DEPARTAMENTO LORETO","disa":"LORETO","red":"ALTO AMAZONAS","microrred":"YURIMAGUAS","categoria":"ESTABLECIMIENTO DE SALUD SIN INTERNAMIENTO","condicion":"ACTIVO","actualizado":"2023/08/01 19:00:00.000","fuente":"MINSA","urlRenipr":"http://app20.susalud.gob.pe:8080/registro-renipress-webapp/ipress.htm?action=mostrarVer&idipress=00026697"}},{"type":"Feature","geometry":{"type":"Point","coordinates":[-76.93876166999996,-5.128371669999979]},"properties":{"objectid":31000,"nombre":"BARRANQUITA DE CAHUAPANAS","departamento":"LORETO","provincia":"DATEM DEL MARAÑON","distrito":"CAHUAPANAS","institucion":"GOBIERNO REGIONAL","codigoMinsa":241,"direccion":"OTROS COMUNIDAD BARRANQUITA DISTRITO CAHUAPANAS PROVINCIA DATEM DEL MARAÑON DEPARTAMENTO LORETO","disa":"LORETO","red":"DATEM DEL MARAÑON","microrred":"CAHUAPANAS","categoria":"ESTABLECIMIENTO DE SALUD SIN INTERNAMIENTO","condicion":"ACTIVO","actualizado":"2023/08/01 19:00:00.000","fuente":"MINSA","urlRenipr":"http://app20.susalud.gob.pe:8080/registro-renipress-webapp/ipress.htm?action=mostrarVer&idipress=00000241"}},{"type":"Feature","geometry":{"type":"Point","coordinates":[-77.06634832999998,-3.2021799999999416]},"properties":{"objectid":31001,"nombre":"UWIJINT","departamento":"LORETO","provincia":"DATEM DEL MARAÑON","distrito":"PASTAZA","institucion":"GOBIERNO REGIONAL","codigoMinsa":269,"direccion":"OTROS COMUNIDAD UWIJINT DISTRITO PASTAZA PROVINCIA DATEM DEL MARAÑON DEPARTAMENTO LORETO","disa":"LORETO","red":"DATEM DEL MARAÑON","microrred":"PASTAZA","categoria":"ESTABLECIMIENTO DE SALUD SIN INTERNAMIENTO","condicion":"ACTIVO","actualizado":"2023/08/01 19:00:00.000","fuente":"MINSA","urlRenipr":"http://app20.susalud.gob.pe:8080/registro-renipress-webapp/ipress.htm?action=mostrarVer&idipress=00000269"}},{"type":"Feature","geometry":{"type":"Point","coordinates":[-76.78570832999998,-5.245693329999938]},"properties":{"objectid":31002,"nombre":"PALMICHE","departamento":"LORETO","provincia":"DATEM DEL MARAÑON","distrito":"CAHUAPANAS","institucion":"GOBIERNO REGIONAL","codigoMinsa":243,"direccion":"OTROS COMUNIDAD PALMICHE DISTRITO CAHUAPANAS PROVINCIA DATEM DEL MARAÑON DEPARTAMENTO LORETO","disa":"LORETO","red":"DATEM DEL MARAÑON","microrred":"CAHUAPANAS","categoria":"ESTABLECIMIENTO DE SALUD SIN INTERNAMIENTO","condicion":"ACTIVO","actualizado":"2023/08/01 19:00:00.000","fuente":"MINSA","urlRenipr":"http://app20.susalud.gob.pe:8080/registro-renipress-webapp/ipress.htm?action=mostrarVer&idipress=00000243"}},{"type":"Feature","geometry":{"type":"Point","coordinates":[-77.28674499999994,-3.8434299999999553]},"properties":{"objectid":31003,"nombre":"CABALLITO","departamento":"LORETO","provincia":"DATEM DEL MARAÑON","distrito":"MORONA","institucion":"GOBIERNO REGIONAL","codigoMinsa":254,"direccion":"OTROS COMUNIDAD CABALLITO DISTRITO MORONA PROVINCIA DATEM DEL MARAÑON DEPARTAMENTO LORETO","disa":"LORETO","red":"DATEM DEL MARAÑON","microrred":"MORONA","categoria":"ESTABLECIMIENTO DE SALUD SIN INTERNAMIENTO","condicion":"ACTIVO","actualizado":"2023/08/01 19:00:00.000","fuente":"MINSA","urlRenipr":"http://app20.susalud.gob.pe:8080/registro-renipress-webapp/ipress.htm?action=mostrarVer&idipress=00000254"}},{"type":"Feature","geometry":{"type":"Point","coordinates":[-76.65709166999994,-4.449923329999933]},"properties":{"objectid":31004,"nombre":"P.S. I-2 MUSAKARUSHA","departamento":"LORETO","provincia":"DATEM DEL MARAÑON","distrito":"PASTAZA","institucion":"GOBIERNO REGIONAL","codigoMinsa":261,"direccion":"OTROS COMUNIDAD MUSAKARUSHA DISTRITO PASTAZA PROVINCIA DATEM DEL MARAÑON DEPARTAMENTO LORETO","disa":"LORETO","red":"DATEM DEL MARAÑON","microrred":"PASTAZA","categoria":"ESTABLECIMIENTO DE SALUD SIN INTERNAMIENTO","condicion":"ACTIVO","actualizado":"2023/08/01 19:00:00.000","fuente":"MINSA","urlRenipr":"http://app20.susalud.gob.pe:8080/registro-renipress-webapp/ipress.htm?action=mostrarVer&idipress=00000261"}},{"type":"Feature","geometry":{"type":"Point","coordinates":[-77.45123166999997,-3.0538066699999717]},"properties":{"objectid":31005,"nombre":"PANINTZA","departamento":"LORETO","provincia":"DATEM DEL MARAÑON","distrito":"MORONA","institucion":"GOBIERNO REGIONAL","codigoMinsa":256,"direccion":"OTROS COMUNIDAD PANINTZA DISTRITO MORONA PROVINCIA DATEM DEL MARAÑON DEPARTAMENTO LORETO","disa":"LORETO","red":"DATEM DEL MARAÑON","microrred":"MORONA","categoria":"ESTABLECIMIENTO DE SALUD SIN INTERNAMIENTO","condicion":"ACTIVO","actualizado":"2023/08/01 19:00:00.000","fuente":"MINSA","urlRenipr":"http://app20.susalud.gob.pe:8080/registro-renipress-webapp/ipress.htm?action=mostrarVer&idipress=00000256"}},{"type":"Feature","geometry":{"type":"Point","coordinates":[-73.24593376999997,-3.75083283999993]},"properties":{"objectid":31023,"nombre":"ÓPTICA GRAND VISIÓN LENS S.A.C.","departamento":"LORETO","provincia":"MAYNAS","distrito":"IQUITOS","institucion":"PRIVADO","codigoMinsa":26119,"direccion":"JIRÓN ARICA N?ERO 321 DISTRITO IQUITOS PROVINCIA MAYNAS DEPARTAMENTO LORETO","disa":"LORETO","red":"NO PERTENECE A NINGUNA RED","microrred":"NO PERTENECE A NINGUNA MICRORED","categoria":"SERVICIO MÉDICO DE APOYO","condicion":"ACTIVO","actualizado":"2023/08/01 19:00:00.000","fuente":"MINSA","urlRenipr":"http://app20.susalud.gob.pe:8080/registro-renipress-webapp/ipress.htm?action=mostrarVer&idipress=00026119"}},{"type":"Feature","geometry":{"type":"Point","coordinates":[-73.25609588999998,-3.731447689999925]},"properties":{"objectid":31026,"nombre":"NEXLAB S.A.C.","departamento":"LORETO","provincia":"MAYNAS","distrito":"PUNCHANA","institucion":"PRIVADO","codigoMinsa":26054,"direccion":"CALLE MONITOR HUASCA NÚMERO 792 PISO 2 DISTRITO PUNCHANA PROVINCIA MAYNAS DEPARTAMENTO LORETO","disa":"LORETO","red":"NO PERTENECE A NINGUNA RED","microrred":"NO PERTENECE A NINGUNA MICRORED","categoria":"SERVICIO MÉDICO DE APOYO","condicion":"ACTIVO","actualizado":"2023/08/01 19:00:00.000","fuente":"MINSA","urlRenipr":"http://app20.susalud.gob.pe:8080/registro-renipress-webapp/ipress.htm?action=mostrarVer&idipress=00026054"}},{"type":"Feature","geometry":{"type":"Point","coordinates":[-73.29865037999997,-3.784218639999949]},"properties":{"objectid":31132,"nombre":"HOGARES PROTEGIDOS SAN JUAN","departamento":"LORETO","provincia":"MAYNAS","distrito":"SAN JUAN BAUTISTA","institucion":"GOBIERNO REGIONAL","codigoMinsa":30484,"direccion":"CALLE SANTA TERESA MANZANA B LOTE 2 URBANIZACIÓN ZONA HABILITACION SANTA SOFIA DISTRITO SAN JUAN BAUTISTA PROVINCIA MAYNAS DEPARTAMENTO LORETO","disa":"LORETO","red":"MAYNAS CIUDAD","microrred":"IQUITOS SUR","categoria":"SERVICIO MÉDICO DE APOYO","condicion":"ACTIVO","actualizado":"2023/08/01 19:00:00.000","fuente":"MINSA","urlRenipr":"http://app20.susalud.gob.pe:8080/registro-renipress-webapp/ipress.htm?action=mostrarVer&idipress=00030484"}},{"type":"Feature","geometry":{"type":"Point","coordinates":[-73.24841394999999,-3.74354502999995]},"properties":{"objectid":31133,"nombre":"HOGAR PROTEGIDO DE IQUITOS","departamento":"LORETO","provincia":"MAYNAS","distrito":"IQUITOS","institucion":"GOBIERNO REGIONAL","codigoMinsa":30485,"direccion":"CALLE NAUTA NÚMERO 765 DISTRITO IQUITOS PROVINCIA MAYNAS DEPARTAMENTO LORETO","disa":"LORETO","red":"MAYNAS CIUDAD","microrred":"IQUITOS NORTE","categoria":"SERVICIO MÉDICO DE APOYO","condicion":"ACTIVO","actualizado":"2023/08/01 19:00:00.000","fuente":"MINSA","urlRenipr":"http://app20.susalud.gob.pe:8080/registro-renipress-webapp/ipress.htm?action=mostrarVer&idipress=00030485"}},{"type":"Feature","geometry":{"type":"Point","coordinates":[-74.40770499999996,-3.7999719999999684]},"properties":{"objectid":31134,"nombre":"LIBERTAD DEL TIGRE","departamento":"LORETO","provincia":"LORETO","distrito":"TIGRE","institucion":"GOBIERNO REGIONAL","codigoMinsa":102,"direccion":"OTROS ACTUALIZAR ACTUALIZAR TIGRE LORETO LORETO","disa":"LORETO","red":"LORETO","microrred":"INTUTO","categoria":"ESTABLECIMIENTO DE SALUD SIN INTERNAMIENTO","condicion":"ACTIVO","actualizado":"2023/08/01 19:00:00.000","fuente":"MINSA","urlRenipr":"http://app20.susalud.gob.pe:8080/registro-renipress-webapp/ipress.htm?action=mostrarVer&idipress=00000102"}},{"type":"Feature","geometry":{"type":"Point","coordinates":[-74.05102109999996,-5.118134879999957]},"properties":{"objectid":31135,"nombre":"CAROCURAHUAYTE","departamento":"LORETO","provincia":"REQUENA","distrito":"REQUENA","institucion":"GOBIERNO REGIONAL","codigoMinsa":293,"direccion":"OTROS ACTUALIZAR DISTRITO REQUENA PROVINCIA REQUENA DEPARTAMENTO LORETO","disa":"LORETO","red":"REQUENA","microrred":"REQUENA","categoria":"ESTABLECIMIENTO DE SALUD SIN INTERNAMIENTO","condicion":"ACTIVO","actualizado":"2023/08/01 19:00:00.000","fuente":"MINSA","urlRenipr":"http://app20.susalud.gob.pe:8080/registro-renipress-webapp/ipress.htm?action=mostrarVer&idipress=00000293"}},{"type":"Feature","geometry":{"type":"Point","coordinates":[-74.82083558999994,-3.4432601499999578]},"properties":{"objectid":31136,"nombre":"PUESTO DE SALUD I-1 MARSELLA","departamento":"LORETO","provincia":"LORETO","distrito":"TIGRE","institucion":"GOBIERNO REGIONAL","codigoMinsa":26839,"direccion":"OTROS COMUNIDAD DE MARSELLA MICRO RED INTUTO TIGRE LORETO LORETO","disa":"LORETO","red":"LORETO","microrred":"INTUTO","categoria":"ESTABLECIMIENTO DE SALUD SIN INTERNAMIENTO","condicion":"ACTIVO","actualizado":"2023/08/01 19:00:00.000","fuente":"MINSA","urlRenipr":"http://app20.susalud.gob.pe:8080/registro-renipress-webapp/ipress.htm?action=mostrarVer&idipress=00026839"}},{"type":"Feature","geometry":{"type":"Point","coordinates":[-75.80233999999996,-2.3876899999999637]},"properties":{"objectid":31137,"nombre":"CENTRO DE SALUD 12 DE OCTUBRE","departamento":"LORETO","provincia":"LORETO","distrito":"TIGRE","institucion":"GOBIERNO REGIONAL","codigoMinsa":104,"direccion":"OTROS ACTUALIZAR ACTUALIZAR TIGRE LORETO LORETO","disa":"LORETO","red":"LORETO","microrred":"INTUTO","categoria":"ESTABLECIMIENTO DE SALUD SIN INTERNAMIENTO","condicion":"ACTIVO","actualizado":"2023/08/01 19:00:00.000","fuente":"MINSA","urlRenipr":"http://app20.susalud.gob.pe:8080/registro-renipress-webapp/ipress.htm?action=mostrarVer&idipress=00000104"}},{"type":"Feature","geometry":{"type":"Point","coordinates":[-73.69678535999998,-3.8889977199999635]},"properties":{"objectid":31138,"nombre":"C.S. I-3 SANTA MARIA DE NANAY","departamento":"LORETO","provincia":"MAYNAS","distrito":"ALTO NANAY","institucion":"GOBIERNO REGIONAL","codigoMinsa":4,"direccion":"OTROS CASERIO DE SANTA MARIA DE NANAY CASERIO DE SANTA MARIA DE NANAY ALTO NANAY MAYNAS LORETO","disa":"LORETO","red":"MAYNAS CIUDAD","microrred":"IQUITOS NORTE","categoria":"ESTABLECIMIENTO DE SALUD SIN INTERNAMIENTO","condicion":"ACTIVO","actualizado":"2023/08/01 19:00:00.000","fuente":"MINSA","urlRenipr":"http://app20.susalud.gob.pe:8080/registro-renipress-webapp/ipress.htm?action=mostrarVer&idipress=00000004"}},{"type":"Feature","geometry":{"type":"Point","coordinates":[-77.51197731999997,-4.442061889999934]},"properties":{"objectid":31139,"nombre":"PUESTO DE SALUD I-1 NUEVA ALEGRÍA","departamento":"LORETO","provincia":"DATEM DEL MARAÑON","distrito":"MANSERICHE","institucion":"GOBIERNO REGIONAL","codigoMinsa":26740,"direccion":"OTROS COMUNIDAD NATIVA DE NUEVA ALEGRIA RED DEL MENSERICHE MANSERICHE DATEM DEL MARAÑON LORETO","disa":"LORETO","red":"DATEM DEL MARAÑON","microrred":"MANSERICHE","categoria":"ESTABLECIMIENTO DE SALUD SIN INTERNAMIENTO","condicion":"ACTIVO","actualizado":"2023/08/01 19:00:00.000","fuente":"MINSA","urlRenipr":"http://app20.susalud.gob.pe:8080/registro-renipress-webapp/ipress.htm?action=mostrarVer&idipress=00026740"}},{"type":"Feature","geometry":{"type":"Point","coordinates":[-73.47772991999994,-2.5936062299999776]},"properties":{"objectid":31140,"nombre":"AISPED ANGAMOS","departamento":"LORETO","provincia":"MAYNAS","distrito":"BELEN","institucion":"GOBIERNO REGIONAL","codigoMinsa":25410,"direccion":"AVENIDA JOSE ABELARDO QUIÑONES SN BELEN MAYNAS LORETO","disa":"","red":"","microrred":"","categoria":"OFERTA FLEXIBLE","condicion":"RETIRO VOLUNTARIO","actualizado":"2023/08/01 19:00:00.000","fuente":"MINSA","urlRenipr":"http://app20.susalud.gob.pe:8080/registro-renipress-webapp/ipress.htm?action=mostrarVer&idipress=00025410"}},{"type":"Feature","geometry":{"type":"Point","coordinates":[-73.25462889999994,-3.7323304999999323]},"properties":{"objectid":31141,"nombre":"PUESTO DE SALUD I-1 SAN JUAN DE PURITANIA","departamento":"LORETO","provincia":"LORETO","distrito":"NAUTA","institucion":"GOBIERNO REGIONAL","codigoMinsa":25590,"direccion":"CARRETERA KILOMETRO 79 79 IQUITOS NAUTA NAUTA LORETO LORETO","disa":"LORETO","red":"LORETO","microrred":"NAUTA","categoria":"ESTABLECIMIENTO DE SALUD SIN INTERNAMIENTO","condicion":"ACTIVO","actualizado":"2023/08/01 19:00:00.000","fuente":"MINSA","urlRenipr":"http://app20.susalud.gob.pe:8080/registro-renipress-webapp/ipress.htm?action=mostrarVer&idipress=00025590"}},{"type":"Feature","geometry":{"type":"Point","coordinates":[-73.80903637999995,-4.647265029999971]},"properties":{"objectid":31142,"nombre":"AISPED LORETO NAUTA","departamento":"LORETO","provincia":"MAYNAS","distrito":"BELEN","institucion":"GOBIERNO REGIONAL","codigoMinsa":25412,"direccion":"AVENIDA JOSE ABELARDO QUIÑONES SN BELEN MAYNAS LORETO","disa":"","red":"","microrred":"","categoria":"OFERTA FLEXIBLE","condicion":"RETIRO VOLUNTARIO","actualizado":"2023/08/01 19:00:00.000","fuente":"MINSA","urlRenipr":"http://app20.susalud.gob.pe:8080/registro-renipress-webapp/ipress.htm?action=mostrarVer&idipress=00025412"}},{"type":"Feature","geometry":{"type":"Point","coordinates":[-73.33191099999993,-4.171473999999932]},"properties":{"objectid":31143,"nombre":"YACAPANA I ZONA","departamento":"LORETO","provincia":"MAYNAS","distrito":"FERNANDO LORES","institucion":"GOBIERNO REGIONAL","codigoMinsa":45,"direccion":"ACTUALIZAR","disa":"LORETO","red":"MAYNAS PERIFERIE","microrred":"TAMSHIYACU","categoria":"ESTABLECIMIENTO DE SALUD SIN INTERNAMIENTO","condicion":"ACTIVO","actualizado":"2023/08/01 19:00:00.000","fuente":"MINSA","urlRenipr":"http://app20.susalud.gob.pe:8080/registro-renipress-webapp/ipress.htm?action=mostrarVer&idipress=00000045"}},{"type":"Feature","geometry":{"type":"Point","coordinates":[-73.51422999999994,-3.8311599999999544]},"properties":{"objectid":31144,"nombre":"P.S. I-1 PORVENIR DE IQUITOS","departamento":"LORETO","provincia":"MAYNAS","distrito":"IQUITOS","institucion":"GOBIERNO REGIONAL","codigoMinsa":15,"direccion":"OTROS AA.HH. PORVENIR SIN NUMERO AA.HH. PORVENIR SIN NUMERO IQUITOS MAYNAS LORETO","disa":"LORETO","red":"MAYNAS CIUDAD","microrred":"IQUITOS NORTE","categoria":"ESTABLECIMIENTO DE SALUD SIN INTERNAMIENTO","condicion":"ACTIVO","actualizado":"2023/08/01 19:00:00.000","fuente":"MINSA","urlRenipr":"http://app20.susalud.gob.pe:8080/registro-renipress-webapp/ipress.htm?action=mostrarVer&idipress=00000015"}},{"type":"Feature","geometry":{"type":"Point","coordinates":[-73.08952952999994,-4.064495989999955]},"properties":{"objectid":31145,"nombre":"P.S I-1 CONSTANCIA","departamento":"LORETO","provincia":"MAYNAS","distrito":"FERNANDO LORES","institucion":"GOBIERNO REGIONAL","codigoMinsa":24407,"direccion":"OTROS COMUNIDAD CAMPESINA CONSTANCIA ENTRANDO QUEBRADA TAMSHIYACU FERNANDO LORES MAYNAS LORETO","disa":"LORETO","red":"MAYNAS PERIFERIE","microrred":"TAMSHIYACU","categoria":"ESTABLECIMIENTO DE SALUD SIN INTERNAMIENTO","condicion":"ACTIVO","actualizado":"2023/08/01 19:00:00.000","fuente":"MINSA","urlRenipr":"http://app20.susalud.gob.pe:8080/registro-renipress-webapp/ipress.htm?action=mostrarVer&idipress=00024407"}},{"type":"Feature","geometry":{"type":"Point","coordinates":[-74.59743522999997,-5.832180909999977]},"properties":{"objectid":31146,"nombre":"SAN ROQUE DE MAQUIA","departamento":"LORETO","provincia":"REQUENA","distrito":"MAQUIA","institucion":"GOBIERNO REGIONAL","codigoMinsa":137,"direccion":"OTROS ACTUALIZAR ACTUALIZAR MAQUIA REQUENA LORETO","disa":"LORETO","red":"REQUENA","microrred":"REQUENA","categoria":"ESTABLECIMIENTO DE SALUD SIN INTERNAMIENTO","condicion":"ACTIVO","actualizado":"2023/08/01 19:00:00.000","fuente":"MINSA","urlRenipr":"http://app20.susalud.gob.pe:8080/registro-renipress-webapp/ipress.htm?action=mostrarVer&idipress=00000137"}},{"type":"Feature","geometry":{"type":"Point","coordinates":[-73.34815494999998,-3.873700259999964]},"properties":{"objectid":31147,"nombre":"PEÑA NEGRA","departamento":"LORETO","provincia":"MAYNAS","distrito":"SAN JUAN BAUTISTA","institucion":"GOBIERNO REGIONAL","codigoMinsa":17213,"direccion":"CARRETERA CARRETERA IQUITOS NAUTA KM. 9 DISTRITO SAN JUAN BAUTISTA PROVINCIA MAYNAS DEPARTAMENTO LORETO","disa":"LORETO","red":"MAYNAS CIUDAD","microrred":"IQUITOS SUR","categoria":"ESTABLECIMIENTO DE SALUD SIN INTERNAMIENTO","condicion":"ACTIVO","actualizado":"2023/08/01 19:00:00.000","fuente":"MINSA","urlRenipr":"http://app20.susalud.gob.pe:8080/registro-renipress-webapp/ipress.htm?action=mostrarVer&idipress=00017213"}},{"type":"Feature","geometry":{"type":"Point","coordinates":[-73.33914567999994,-3.785671539999953]},"properties":{"objectid":31148,"nombre":"SANTA CLARA DE NANAY","departamento":"LORETO","provincia":"MAYNAS","distrito":"SAN JUAN BAUTISTA","institucion":"GOBIERNO REGIONAL","codigoMinsa":29,"direccion":"OTROS CASERIO DE SANTA CLARA DE NANAY SIN NUMERO DISTRITO SAN JUAN BAUTISTA PROVINCIA MAYNAS DEPARTAMENTO LORETO","disa":"LORETO","red":"MAYNAS CIUDAD","microrred":"IQUITOS SUR","categoria":"ESTABLECIMIENTO DE SALUD SIN INTERNAMIENTO","condicion":"ACTIVO","actualizado":"2023/08/01 19:00:00.000","fuente":"MINSA","urlRenipr":"http://app20.susalud.gob.pe:8080/registro-renipress-webapp/ipress.htm?action=mostrarVer&idipress=00000029"}},{"type":"Feature","geometry":{"type":"Point","coordinates":[-74.04504942999995,-5.834139989999926]},"properties":{"objectid":31149,"nombre":"SAN PEDRO","departamento":"LORETO","provincia":"REQUENA","distrito":"TAPICHE","institucion":"GOBIERNO REGIONAL","codigoMinsa":159,"direccion":"OTROS ACTUALIZAR DISTRITO TAPICHE PROVINCIA REQUENA DEPARTAMENTO LORETO","disa":"LORETO","red":"REQUENA","microrred":"REQUENA","categoria":"ESTABLECIMIENTO DE SALUD SIN INTERNAMIENTO","condicion":"ACTIVO","actualizado":"2023/08/01 19:00:00.000","fuente":"MINSA","urlRenipr":"http://app20.susalud.gob.pe:8080/registro-renipress-webapp/ipress.htm?action=mostrarVer&idipress=00000159"}},{"type":"Feature","geometry":{"type":"Point","coordinates":[-73.79971399999994,-6.444074999999941]},"properties":{"objectid":31150,"nombre":"CAPANAHUA","departamento":"LORETO","provincia":"REQUENA","distrito":"SOPLIN","institucion":"GOBIERNO REGIONAL","codigoMinsa":158,"direccion":"ACTUALIZAR","disa":"LORETO","red":"REQUENA","microrred":"REQUENA","categoria":"ESTABLECIMIENTO DE SALUD SIN INTERNAMIENTO","condicion":"ACTIVO","actualizado":"2023/08/01 19:00:00.000","fuente":"MINSA","urlRenipr":"http://app20.susalud.gob.pe:8080/registro-renipress-webapp/ipress.htm?action=mostrarVer&idipress=00000158"}},{"type":"Feature","geometry":{"type":"Point","coordinates":[-70.51591378999996,-4.139838349999934]},"properties":{"objectid":31151,"nombre":"SANTA TERESA","departamento":"LORETO","provincia":"MARISCAL RAMON CASTILLA","distrito":"YAVARI","institucion":"GOBIERNO REGIONAL","codigoMinsa":127,"direccion":"OTROS COMUNIDAD DE SANTA TERESA DISTRITO YAVARI PROVINCIA MARISCAL RAMON CASTILLA DEPARTAMENTO LORETO","disa":"LORETO","red":"RAMON CASTILLA","microrred":"ISLANDIA","categoria":"ESTABLECIMIENTO DE SALUD SIN INTERNAMIENTO","condicion":"ACTIVO","actualizado":"2023/08/01 19:00:00.000","fuente":"MINSA","urlRenipr":"http://app20.susalud.gob.pe:8080/registro-renipress-webapp/ipress.htm?action=mostrarVer&idipress=00000127"}},{"type":"Feature","geometry":{"type":"Point","coordinates":[-73.32605560999997,-3.8230562399999712]},"properties":{"objectid":31152,"nombre":"QUISTOCOCHA","departamento":"LORETO","provincia":"MAYNAS","distrito":"SAN JUAN BAUTISTA","institucion":"GOBIERNO REGIONAL","codigoMinsa":32,"direccion":"OTROS CASERIO DE QUISTOCOHA SIN NUMERO CASERIO DE QUISTOCOHA SIN NUMERO SAN JUAN BAUTISTA MAYNAS LORETO","disa":"LORETO","red":"MAYNAS CIUDAD","microrred":"IQUITOS SUR","categoria":"ESTABLECIMIENTO DE SALUD SIN INTERNAMIENTO","condicion":"ACTIVO","actualizado":"2023/08/01 19:00:00.000","fuente":"MINSA","urlRenipr":"http://app20.susalud.gob.pe:8080/registro-renipress-webapp/ipress.htm?action=mostrarVer&idipress=00000032"}},{"type":"Feature","geometry":{"type":"Point","coordinates":[-73.34679999999997,-3.4752999999999474]},"properties":{"objectid":31268,"nombre":"BELLAVISTA NANAY","departamento":"LORETO","provincia":"MAYNAS","distrito":"PUNCHANA","institucion":"GOBIERNO REGIONAL","codigoMinsa":16,"direccion":"AVENIDA AV. LA MARINA Nº2880 AV. LA MARINA Nº2880 PUNCHANA MAYNAS LORETO","disa":"LORETO","red":"MAYNAS CIUDAD","microrred":"PUNCHANA","categoria":"ESTABLECIMIENTO DE SALUD CON INTERNAMIENTO","condicion":"ACTIVO","actualizado":"2023/08/01 19:00:00.000","fuente":"MINSA","urlRenipr":"http://app20.susalud.gob.pe:8080/registro-renipress-webapp/ipress.htm?action=mostrarVer&idipress=00000016"}},{"type":"Feature","geometry":{"type":"Point","coordinates":[-73.24827581999995,-3.742570789999945]},"properties":{"objectid":31271,"nombre":"CENTRO ODONTOLOGICO GEA DENT","departamento":"LORETO","provincia":"MAYNAS","distrito":"IQUITOS","institucion":"PRIVADO","codigoMinsa":30806,"direccion":"JIRÓN LORETO NÚMERO 931 DISTRITO IQUITOS PROVINCIA MAYNAS DEPARTAMENTO LORETO","disa":"LORETO","red":"","microrred":"","categoria":"ESTABLECIMIENTO DE SALUD SIN INTERNAMIENTO","condicion":"ACTIVO","actualizado":"2023/08/01 19:00:00.000","fuente":"MINSA","urlRenipr":"http://app20.susalud.gob.pe:8080/registro-renipress-webapp/ipress.htm?action=mostrarVer&idipress=00030806"}},{"type":"Feature","geometry":{"type":"Point","coordinates":[-73.25163259999994,-3.7386845199999357]},"properties":{"objectid":31528,"nombre":"BENEDICTO XVI SERVICIOS MÉDICOS IQUITOS E.I.RL","departamento":"LORETO","provincia":"MAYNAS","distrito":"IQUITOS","institucion":"PRIVADO","codigoMinsa":18246,"direccion":"OTROS URBANIZACIÓN VIRGEN DE LORETO L-10A DISTRITO IQUITOS PROVINCIA MAYNAS DEPARTAMENTO LORETO","disa":"LORETO","red":"NO PERTENECE A NINGUNA RED","microrred":"NO PERTENECE A NINGUNA MICRORED","categoria":"ESTABLECIMIENTO DE SALUD SIN INTERNAMIENTO","condicion":"ACTIVO","actualizado":"2023/08/01 19:00:00.000","fuente":"MINSA","urlRenipr":"http://app20.susalud.gob.pe:8080/registro-renipress-webapp/ipress.htm?action=mostrarVer&idipress=00018246"}},{"type":"Feature","geometry":{"type":"Point","coordinates":[-74.78614249999998,-7.999123379999958]},"properties":{"objectid":31741,"nombre":"PUESTO DE SALUD I-1 MARISCAL CASTILLA DE PADRE MARQUEZ","departamento":"LORETO","provincia":"UCAYALI","distrito":"PADRE MARQUEZ","institucion":"GOBIERNO REGIONAL","codigoMinsa":174,"direccion":"OTROS ACTUALIZAR DISTRITO PADRE MARQUEZ PROVINCIA UCAYALI DEPARTAMENTO LORETO","disa":"LORETO","red":"UCAYALI","microrred":"PADRE MARQUEZ","categoria":"ESTABLECIMIENTO DE SALUD SIN INTERNAMIENTO","condicion":"ACTIVO","actualizado":"2023/08/01 19:00:00.000","fuente":"MINSA","urlRenipr":"http://app20.susalud.gob.pe:8080/registro-renipress-webapp/ipress.htm?action=mostrarVer&idipress=00000174"}},{"type":"Feature","geometry":{"type":"Point","coordinates":[-74.85340812999993,-6.031940089999978]},"properties":{"objectid":31742,"nombre":"CENTRO DE SALUD I-3 JUANCITO DE SARAYACU","departamento":"LORETO","provincia":"UCAYALI","distrito":"SARAYACU","institucion":"GOBIERNO REGIONAL","codigoMinsa":161,"direccion":"OTROS ACTUALIZAR DISTRITO SARAYACU PROVINCIA UCAYALI DEPARTAMENTO LORETO","disa":"LORETO","red":"UCAYALI","microrred":"SARAYACU","categoria":"ESTABLECIMIENTO DE SALUD SIN INTERNAMIENTO","condicion":"ACTIVO","actualizado":"2023/08/01 19:00:00.000","fuente":"MINSA","urlRenipr":"http://app20.susalud.gob.pe:8080/registro-renipress-webapp/ipress.htm?action=mostrarVer&idipress=00000161"}},{"type":"Feature","geometry":{"type":"Point","coordinates":[-73.24246379999994,-3.749238699999978]},"properties":{"objectid":31831,"nombre":"CENTRO MEDICO OBSTETRICO MARIA FE S.A.C.","departamento":"LORETO","provincia":"MAYNAS","distrito":"IQUITOS","institucion":"PRIVADO","codigoMinsa":26042,"direccion":"CALLE CORNEJO PORTUGAL N?ERO 1818 DISTRITO IQUITOS PROVINCIA MAYNAS DEPARTAMENTO LORETO","disa":"LORETO","red":"NO PERTENECE A NINGUNA RED","microrred":"NO PERTENECE A NINGUNA MICRORED","categoria":"ESTABLECIMIENTO DE SALUD SIN INTERNAMIENTO","condicion":"ACTIVO","actualizado":"2023/08/01 19:00:00.000","fuente":"MINSA","urlRenipr":"http://app20.susalud.gob.pe:8080/registro-renipress-webapp/ipress.htm?action=mostrarVer&idipress=00026042"}},{"type":"Feature","geometry":{"type":"Point","coordinates":[-73.26550817999998,-3.747228029999974]},"properties":{"objectid":31930,"nombre":"RENOSALUD","departamento":"LORETO","provincia":"MAYNAS","distrito":"IQUITOS","institucion":"PRIVADO","codigoMinsa":11623,"direccion":"PASAJE PASAJE JORGE CHAVEZ N° 347 DISTRITO IQUITOS PROVINCIA MAYNAS DEPARTAMENTO LORETO","disa":"LORETO","red":"NO PERTENECE A NINGUNA RED","microrred":"NO PERTENECE A NINGUNA MICRORED","categoria":"SERVICIO MÉDICO DE APOYO","condicion":"ACTIVO","actualizado":"2023/08/01 19:00:00.000","fuente":"MINSA","urlRenipr":"http://app20.susalud.gob.pe:8080/registro-renipress-webapp/ipress.htm?action=mostrarVer&idipress=00011623"}},{"type":"Feature","geometry":{"type":"Point","coordinates":[-73.25139985999994,-3.758977199999947]},"properties":{"objectid":32098,"nombre":"CENTRO MEDICO POPULAR","departamento":"LORETO","provincia":"MAYNAS","distrito":"IQUITOS","institucion":"PRIVADO","codigoMinsa":26292,"direccion":"CALLE ELIAS AGUIRRE NÚMERO 1272 DISTRITO IQUITOS PROVINCIA MAYNAS DEPARTAMENTO LORETO","disa":"LORETO","red":"NO PERTENECE A NINGUNA RED","microrred":"NO PERTENECE A NINGUNA MICRORED","categoria":"ESTABLECIMIENTO DE SALUD SIN INTERNAMIENTO","condicion":"ACTIVO","actualizado":"2023/08/01 19:00:00.000","fuente":"MINSA","urlRenipr":"http://app20.susalud.gob.pe:8080/registro-renipress-webapp/ipress.htm?action=mostrarVer&idipress=00026292"}},{"type":"Feature","geometry":{"type":"Point","coordinates":[-73.25191432999998,-3.7262993799999435]},"properties":{"objectid":32174,"nombre":"ESTABLECIMIENTO DE SALUD ACSA","departamento":"LORETO","provincia":"MAYNAS","distrito":"PUNCHANA","institucion":"PRIVADO","codigoMinsa":29677,"direccion":"CALLE FAUSTINO SANCHEZ CARRION NÚMERO S/N PISO 1 MANZANA B LOTE 03 DISTRITO PUNCHANA PROVINCIA MAYNAS DEPARTAMENTO LORETO","disa":"LORETO","red":"","microrred":"","categoria":"ESTABLECIMIENTO DE SALUD SIN INTERNAMIENTO","condicion":"ACTIVO","actualizado":"2023/08/01 19:00:00.000","fuente":"MINSA","urlRenipr":"http://app20.susalud.gob.pe:8080/registro-renipress-webapp/ipress.htm?action=mostrarVer&idipress=00029677"}},{"type":"Feature","geometry":{"type":"Point","coordinates":[-73.28941955999994,-3.7742437799999493]},"properties":{"objectid":32715,"nombre":"CLÍNICA ESPECIALIZADA EMANUEL","departamento":"LORETO","provincia":"MAYNAS","distrito":"SAN JUAN BAUTISTA","institucion":"PRIVADO","codigoMinsa":24041,"direccion":"CALLE LAS AZUCENAS NÚMERO 203 PISO 2 DISTRITO SAN JUAN BAUTISTA PROVINCIA MAYNAS DEPARTAMENTO LORETO","disa":"LORETO","red":"NO PERTENECE A NINGUNA RED","microrred":"NO PERTENECE A NINGUNA MICRORED","categoria":"ESTABLECIMIENTO DE SALUD CON INTERNAMIENTO","condicion":"ACTIVO","actualizado":"2023/08/01 19:00:00.000","fuente":"MINSA","urlRenipr":"http://app20.susalud.gob.pe:8080/registro-renipress-webapp/ipress.htm?action=mostrarVer&idipress=00024041"}},{"type":"Feature","geometry":{"type":"Point","coordinates":[-73.24735519999996,-3.73122479999995]},"properties":{"objectid":32894,"nombre":"CENTRO DE ATENCION PRIMARIA III PUNCHANA","departamento":"LORETO","provincia":"MAYNAS","distrito":"PUNCHANA","institucion":"ESSALUD","codigoMinsa":11397,"direccion":"CALLE CALLE TRUJILLO 625 DISTRITO PUNCHANA PROVINCIA MAYNAS DEPARTAMENTO LORETO","disa":"LORETO","red":"LORETO","microrred":"","categoria":"ESTABLECIMIENTO DE SALUD SIN INTERNAMIENTO","condicion":"ACTIVO","actualizado":"2023/08/01 19:00:00.000","fuente":"MINSA","urlRenipr":"http://app20.susalud.gob.pe:8080/registro-renipress-webapp/ipress.htm?action=mostrarVer&idipress=00011397"}},{"type":"Feature","geometry":{"type":"Point","coordinates":[-73.24126193999996,-3.7298667299999693]},"properties":{"objectid":32909,"nombre":"CONSULTORIO ESPECIALIZADO UROLOGICO EMPRESA INDIVIDUAL DE RESPONSABILIDAD LIMITADA","departamento":"LORETO","provincia":"MAYNAS","distrito":"PUNCHANA","institucion":"PRIVADO","codigoMinsa":26164,"direccion":"PASAJE SAN JOSE N?ERO 1069 DISTRITO PUNCHANA PROVINCIA MAYNAS DEPARTAMENTO LORETO","disa":"LORETO","red":"NO PERTENECE A NINGUNA RED","microrred":"NO PERTENECE A NINGUNA MICRORED","categoria":"ESTABLECIMIENTO DE SALUD SIN INTERNAMIENTO","condicion":"ACTIVO","actualizado":"2023/08/01 19:00:00.000","fuente":"MINSA","urlRenipr":"http://app20.susalud.gob.pe:8080/registro-renipress-webapp/ipress.htm?action=mostrarVer&idipress=00026164"}},{"type":"Feature","geometry":{"type":"Point","coordinates":[-76.70619376999997,-4.31652553999993]},"properties":{"objectid":32940,"nombre":"PUESTO DE SALUD I-1 PUERTO REQUENA","departamento":"LORETO","provincia":"DATEM DEL MARAÑON","distrito":"PASTAZA","institucion":"GOBIERNO REGIONAL","codigoMinsa":29014,"direccion":"OTROS COMUNIDAD NATIVA DE PUERTO REQUENA S/N QUEBRADA CHUINDAR PASTAZA DATEM DEL MARAÑON LORETO","disa":"LORETO","red":"DATEM DEL MARAÑON","microrred":"PASTAZA","categoria":"ESTABLECIMIENTO DE SALUD SIN INTERNAMIENTO","condicion":"ACTIVO","actualizado":"2023/08/01 19:00:00.000","fuente":"MINSA","urlRenipr":"http://app20.susalud.gob.pe:8080/registro-renipress-webapp/ipress.htm?action=mostrarVer&idipress=00029014"}},{"type":"Feature","geometry":{"type":"Point","coordinates":[-75.82048757999996,-5.312124919999974]},"properties":{"objectid":32942,"nombre":"P.S. I-1 TAMARATE","departamento":"LORETO","provincia":"ALTO AMAZONAS","distrito":"LAGUNAS","institucion":"GOBIERNO REGIONAL","codigoMinsa":201,"direccion":"OTROS COMUNIDAD TAMARATE DISTRITO LAGUNAS PROVINCIA ALTO AMAZONAS DEPARTAMENTO LORETO","disa":"LORETO","red":"ALTO AMAZONAS","microrred":"LAGUNAS","categoria":"ESTABLECIMIENTO DE SALUD SIN INTERNAMIENTO","condicion":"ACTIVO","actualizado":"2023/08/01 19:00:00.000","fuente":"MINSA","urlRenipr":"http://app20.susalud.gob.pe:8080/registro-renipress-webapp/ipress.htm?action=mostrarVer&idipress=00000201"}},{"type":"Feature","geometry":{"type":"Point","coordinates":[-75.72586716999996,-5.310905529999957]},"properties":{"objectid":32943,"nombre":"P.S. I-1 ARAHUANTE","departamento":"LORETO","provincia":"ALTO AMAZONAS","distrito":"LAGUNAS","institucion":"GOBIERNO REGIONAL","codigoMinsa":196,"direccion":"OTROS COMUNIDAD ARAHUANTE DISTRITO LAGUNAS PROVINCIA ALTO AMAZONAS DEPARTAMENTO LORETO","disa":"LORETO","red":"ALTO AMAZONAS","microrred":"LAGUNAS","categoria":"ESTABLECIMIENTO DE SALUD SIN INTERNAMIENTO","condicion":"ACTIVO","actualizado":"2023/08/01 19:00:00.000","fuente":"MINSA","urlRenipr":"http://app20.susalud.gob.pe:8080/registro-renipress-webapp/ipress.htm?action=mostrarVer&idipress=00000196"}},{"type":"Feature","geometry":{"type":"Point","coordinates":[-76.46456036999996,-5.30451273999995]},"properties":{"objectid":32944,"nombre":"P.S. I-1 BELLAVISTA DE JEBEROS","departamento":"LORETO","provincia":"ALTO AMAZONAS","distrito":"JEBEROS","institucion":"GOBIERNO REGIONAL","codigoMinsa":192,"direccion":"OTROS COMUNIDAD BELLAVISTA DISTRITO JEBEROS PROVINCIA ALTO AMAZONAS DEPARTAMENTO LORETO","disa":"LORETO","red":"ALTO AMAZONAS","microrred":"JEBEROS","categoria":"ESTABLECIMIENTO DE SALUD SIN INTERNAMIENTO","condicion":"ACTIVO","actualizado":"2023/08/01 19:00:00.000","fuente":"MINSA","urlRenipr":"http://app20.susalud.gob.pe:8080/registro-renipress-webapp/ipress.htm?action=mostrarVer&idipress=00000192"}},{"type":"Feature","geometry":{"type":"Point","coordinates":[-76.11332999999996,-5.980189999999936]},"properties":{"objectid":33084,"nombre":"P.S. I-1 TUPAC AMARU DE YURIMAGUAS","departamento":"LORETO","provincia":"ALTO AMAZONAS","distrito":"YURIMAGUAS","institucion":"GOBIERNO REGIONAL","codigoMinsa":225,"direccion":"OTROS COMUNIDAD TUPAC AMARU DISTRITO YURIMAGUAS PROVINCIA ALTO AMAZONAS DEPARTAMENTO LORETO","disa":"LORETO","red":"ALTO AMAZONAS","microrred":"YURIMAGUAS","categoria":"ESTABLECIMIENTO DE SALUD SIN INTERNAMIENTO","condicion":"ACTIVO","actualizado":"2023/08/01 19:00:00.000","fuente":"MINSA","urlRenipr":"http://app20.susalud.gob.pe:8080/registro-renipress-webapp/ipress.htm?action=mostrarVer&idipress=00000225"}},{"type":"Feature","geometry":{"type":"Point","coordinates":[-75.71243583999996,-6.136529449999955]},"properties":{"objectid":33085,"nombre":"P.S. I-1 NUEVO PAPAPLAYA","departamento":"LORETO","provincia":"ALTO AMAZONAS","distrito":"TENIENTE CESAR LOPEZ ROJAS","institucion":"GOBIERNO REGIONAL","codigoMinsa":6992,"direccion":"OTROS COMUNIDAD NUEVO PAPAPLAYA DISTRITO TENIENTE CESAR LOPEZ ROJAS PROVINCIA ALTO AMAZONAS DEPARTAMENTO LORETO","disa":"LORETO","red":"ALTO AMAZONAS","microrred":"TENIENTE CESAR LOPEZ ROJAS","categoria":"ESTABLECIMIENTO DE SALUD SIN INTERNAMIENTO","condicion":"ACTIVO","actualizado":"2023/08/01 19:00:00.000","fuente":"MINSA","urlRenipr":"http://app20.susalud.gob.pe:8080/registro-renipress-webapp/ipress.htm?action=mostrarVer&idipress=00006992"}},{"type":"Feature","geometry":{"type":"Point","coordinates":[-77.03790499999997,-5.248146669999926]},"properties":{"objectid":33086,"nombre":"P.S. I-2 SANTA MARIA DE CAHUAPANAS","departamento":"LORETO","provincia":"DATEM DEL MARAÑON","distrito":"CAHUAPANAS","institucion":"GOBIERNO REGIONAL","codigoMinsa":240,"direccion":"OTROS LOCALIDAD SANTA MARIA DE CAHUAPANAS DISTRITO CAHUAPANAS PROVINCIA DATEM DEL MARAÑON DEPARTAMENTO LORETO","disa":"LORETO","red":"DATEM DEL MARAÑON","microrred":"CAHUAPANAS","categoria":"ESTABLECIMIENTO DE SALUD SIN INTERNAMIENTO","condicion":"ACTIVO","actualizado":"2023/08/01 19:00:00.000","fuente":"MINSA","urlRenipr":"http://app20.susalud.gob.pe:8080/registro-renipress-webapp/ipress.htm?action=mostrarVer&idipress=00000240"}},{"type":"Feature","geometry":{"type":"Point","coordinates":[-76.13539332999994,-5.002871669999934]},"properties":{"objectid":33087,"nombre":"P.S. I-1 LIBERTAD DE BARRANCA","departamento":"LORETO","provincia":"DATEM DEL MARAÑON","distrito":"BARRANCA","institucion":"GOBIERNO REGIONAL","codigoMinsa":236,"direccion":"OTROS COMUNIDAD DE BARRANCA DISTRITO BARRANCA PROVINCIA DATEM DEL MARAÑON DEPARTAMENTO LORETO","disa":"LORETO","red":"DATEM DEL MARAÑON","microrred":"BARRANCA","categoria":"ESTABLECIMIENTO DE SALUD SIN INTERNAMIENTO","condicion":"ACTIVO","actualizado":"2023/08/01 19:00:00.000","fuente":"MINSA","urlRenipr":"http://app20.susalud.gob.pe:8080/registro-renipress-webapp/ipress.htm?action=mostrarVer&idipress=00000236"}},{"type":"Feature","geometry":{"type":"Point","coordinates":[-76.30995999999999,-5.869119999999953]},"properties":{"objectid":33088,"nombre":"P.S. I-1 VARADERILLO","departamento":"LORETO","provincia":"ALTO AMAZONAS","distrito":"YURIMAGUAS","institucion":"GOBIERNO REGIONAL","codigoMinsa":223,"direccion":"OTROS COMUNIDAD VARADERILLO DISTRITO YURIMAGUAS PROVINCIA ALTO AMAZONAS DEPARTAMENTO LORETO","disa":"LORETO","red":"ALTO AMAZONAS","microrred":"YURIMAGUAS","categoria":"ESTABLECIMIENTO DE SALUD SIN INTERNAMIENTO","condicion":"ACTIVO","actualizado":"2023/08/01 19:00:00.000","fuente":"MINSA","urlRenipr":"http://app20.susalud.gob.pe:8080/registro-renipress-webapp/ipress.htm?action=mostrarVer&idipress=00000223"}},{"type":"Feature","geometry":{"type":"Point","coordinates":[-75.94581545999995,-5.636198909999962]},"properties":{"objectid":33089,"nombre":"P.S. I-2 PROGRESO DE SANTA CRUZ","departamento":"LORETO","provincia":"ALTO AMAZONAS","distrito":"SANTA CRUZ","institucion":"GOBIERNO REGIONAL","codigoMinsa":15657,"direccion":"OTROS CASERIO PROGRESO DISTRITO SANTA CRUZ PROVINCIA ALTO AMAZONAS DEPARTAMENTO LORETO","disa":"LORETO","red":"ALTO AMAZONAS","microrred":"SANTA CRUZ","categoria":"ESTABLECIMIENTO DE SALUD SIN INTERNAMIENTO","condicion":"ACTIVO","actualizado":"2023/08/01 19:00:00.000","fuente":"MINSA","urlRenipr":"http://app20.susalud.gob.pe:8080/registro-renipress-webapp/ipress.htm?action=mostrarVer&idipress=00015657"}},{"type":"Feature","geometry":{"type":"Point","coordinates":[-76.35597658999995,-5.876443939999945]},"properties":{"objectid":33090,"nombre":"P.S. I-1 SAN JUAN DE BALSAPUERTO","departamento":"LORETO","provincia":"ALTO AMAZONAS","distrito":"BALSAPUERTO","institucion":"GOBIERNO REGIONAL","codigoMinsa":10259,"direccion":"OTROS QUEBRADA DE ARMANAYACU DISTRITO BALSAPUERTO PROVINCIA ALTO AMAZONAS DEPARTAMENTO LORETO","disa":"LORETO","red":"ALTO AMAZONAS","microrred":"YURIMAGUAS","categoria":"ESTABLECIMIENTO DE SALUD SIN INTERNAMIENTO","condicion":"ACTIVO","actualizado":"2023/08/01 19:00:00.000","fuente":"MINSA","urlRenipr":"http://app20.susalud.gob.pe:8080/registro-renipress-webapp/ipress.htm?action=mostrarVer&idipress=00010259"}},{"type":"Feature","geometry":{"type":"Point","coordinates":[-76.34032030999998,-6.002460939999935]},"properties":{"objectid":33091,"nombre":"P.S. I-1 LAS AMAZONAS","departamento":"LORETO","provincia":"ALTO AMAZONAS","distrito":"YURIMAGUAS","institucion":"GOBIERNO REGIONAL","codigoMinsa":7458,"direccion":"OTROS MARGEN DERECHA DE LA QUEBRADA DE YANAYACU-BAJO PARANAPURA DISTRITO YURIMAGUAS PROVINCIA ALTO AMAZONAS DEPARTAMENTO LORETO","disa":"LORETO","red":"ALTO AMAZONAS","microrred":"YURIMAGUAS","categoria":"ESTABLECIMIENTO DE SALUD SIN INTERNAMIENTO","condicion":"ACTIVO","actualizado":"2023/08/01 19:00:00.000","fuente":"MINSA","urlRenipr":"http://app20.susalud.gob.pe:8080/registro-renipress-webapp/ipress.htm?action=mostrarVer&idipress=00007458"}},{"type":"Feature","geometry":{"type":"Point","coordinates":[-77.23176332999998,-5.107513329999961]},"properties":{"objectid":33092,"nombre":"P.S. I-1 PORVENIR DE BARRANCA","departamento":"LORETO","provincia":"DATEM DEL MARAÑON","distrito":"BARRANCA","institucion":"GOBIERNO REGIONAL","codigoMinsa":6765,"direccion":"OTROS COMUNIDAD PORVENIR DISTRITO BARRANCA PROVINCIA DATEM DEL MARAÑON DEPARTAMENTO LORETO","disa":"LORETO","red":"DATEM DEL MARAÑON","microrred":"BARRANCA","categoria":"ESTABLECIMIENTO DE SALUD SIN INTERNAMIENTO","condicion":"ACTIVO","actualizado":"2023/08/01 19:00:00.000","fuente":"MINSA","urlRenipr":"http://app20.susalud.gob.pe:8080/registro-renipress-webapp/ipress.htm?action=mostrarVer&idipress=00006765"}},{"type":"Feature","geometry":{"type":"Point","coordinates":[-77.48568999999998,-4.851606669999967]},"properties":{"objectid":33093,"nombre":"ATAHUALPA","departamento":"LORETO","provincia":"DATEM DEL MARAÑON","distrito":"MANSERICHE","institucion":"GOBIERNO REGIONAL","codigoMinsa":250,"direccion":"OTROS LOCALIDAD ATAHUALPA DISTRITO MANSERICHE PROVINCIA DATEM DEL MARAÑON DEPARTAMENTO LORETO","disa":"LORETO","red":"DATEM DEL MARAÑON","microrred":"MANSERICHE","categoria":"ESTABLECIMIENTO DE SALUD SIN INTERNAMIENTO","condicion":"ACTIVO","actualizado":"2023/08/01 19:00:00.000","fuente":"MINSA","urlRenipr":"http://app20.susalud.gob.pe:8080/registro-renipress-webapp/ipress.htm?action=mostrarVer&idipress=00000250"}},{"type":"Feature","geometry":{"type":"Point","coordinates":[-76.35155890999994,-5.789460049999946]},"properties":{"objectid":33094,"nombre":"P.S. I-1 CENTRO AMERICA","departamento":"LORETO","provincia":"ALTO AMAZONAS","distrito":"BALSAPUERTO","institucion":"GOBIERNO REGIONAL","codigoMinsa":304,"direccion":"OTROS COMUNIDAD CENTRO AMERICA DISTRITO BALSAPUERTO PROVINCIA ALTO AMAZONAS DEPARTAMENTO LORETO","disa":"LORETO","red":"ALTO AMAZONAS","microrred":"BALSAPUERTO","categoria":"ESTABLECIMIENTO DE SALUD SIN INTERNAMIENTO","condicion":"ACTIVO","actualizado":"2023/08/01 19:00:00.000","fuente":"MINSA","urlRenipr":"http://app20.susalud.gob.pe:8080/registro-renipress-webapp/ipress.htm?action=mostrarVer&idipress=00000304"}},{"type":"Feature","geometry":{"type":"Point","coordinates":[-75.86779999999999,-5.701539999999966]},"properties":{"objectid":33095,"nombre":"C.S. I-3 CARRETERA KM 1.5","departamento":"LORETO","provincia":"ALTO AMAZONAS","distrito":"YURIMAGUAS","institucion":"GOBIERNO REGIONAL","codigoMinsa":228,"direccion":"CARRETERA BARRIO LA CARRETERA - YURIMAGUAS DISTRITO YURIMAGUAS PROVINCIA ALTO AMAZONAS DEPARTAMENTO LORETO","disa":"LORETO","red":"ALTO AMAZONAS","microrred":"YURIMAGUAS","categoria":"ESTABLECIMIENTO DE SALUD SIN INTERNAMIENTO","condicion":"ACTIVO","actualizado":"2023/08/01 19:00:00.000","fuente":"MINSA","urlRenipr":"http://app20.susalud.gob.pe:8080/registro-renipress-webapp/ipress.htm?action=mostrarVer&idipress=00000228"}},{"type":"Feature","geometry":{"type":"Point","coordinates":[-76.06416999999993,-5.94154999999995]},"properties":{"objectid":33096,"nombre":"P.S. I-1 LAGO SANANGO","departamento":"LORETO","provincia":"ALTO AMAZONAS","distrito":"YURIMAGUAS","institucion":"GOBIERNO REGIONAL","codigoMinsa":217,"direccion":"OTROS COMUNIDAD LAGO SANANGO DISTRITO YURIMAGUAS PROVINCIA ALTO AMAZONAS DEPARTAMENTO LORETO","disa":"LORETO","red":"ALTO AMAZONAS","microrred":"YURIMAGUAS","categoria":"ESTABLECIMIENTO DE SALUD SIN INTERNAMIENTO","condicion":"ACTIVO","actualizado":"2023/08/01 19:00:00.000","fuente":"MINSA","urlRenipr":"http://app20.susalud.gob.pe:8080/registro-renipress-webapp/ipress.htm?action=mostrarVer&idipress=00000217"}},{"type":"Feature","geometry":{"type":"Point","coordinates":[-73.25642519999997,-3.762603199999944]},"properties":{"objectid":33103,"nombre":"CENTRO MÉDICO GINECO OBSTETRICO LORETO S.R.L","departamento":"LORETO","provincia":"MAYNAS","distrito":"IQUITOS","institucion":"PRIVADO","codigoMinsa":30071,"direccion":"JIRÓN LIBERTAD NÚMERO 444 DISTRITO IQUITOS PROVINCIA MAYNAS DEPARTAMENTO LORETO","disa":"LORETO","red":"","microrred":"","categoria":"ESTABLECIMIENTO DE SALUD SIN INTERNAMIENTO","condicion":"ACTIVO","actualizado":"2023/08/01 19:00:00.000","fuente":"MINSA","urlRenipr":"http://app20.susalud.gob.pe:8080/registro-renipress-webapp/ipress.htm?action=mostrarVer&idipress=00030071"}},{"type":"Feature","geometry":{"type":"Point","coordinates":[-73.24695300999997,-3.7527491899999745]},"properties":{"objectid":33126,"nombre":"ÓPTICA ROMERO","departamento":"LORETO","provincia":"MAYNAS","distrito":"IQUITOS","institucion":"PRIVADO","codigoMinsa":26118,"direccion":"JIRÓN ARICA N?ERO 516 DISTRITO IQUITOS PROVINCIA MAYNAS DEPARTAMENTO LORETO","disa":"LORETO","red":"NO PERTENECE A NINGUNA RED","microrred":"NO PERTENECE A NINGUNA MICRORED","categoria":"SERVICIO MÉDICO DE APOYO","condicion":"ACTIVO","actualizado":"2023/08/01 19:00:00.000","fuente":"MINSA","urlRenipr":"http://app20.susalud.gob.pe:8080/registro-renipress-webapp/ipress.htm?action=mostrarVer&idipress=00026118"}},{"type":"Feature","geometry":{"type":"Point","coordinates":[-73.27351198999997,-3.7703845199999364]},"properties":{"objectid":33184,"nombre":"LA DIVINA MISERICORDIA","departamento":"LORETO","provincia":"MAYNAS","distrito":"BELEN","institucion":"INPE","codigoMinsa":27696,"direccion":"AVENIDA GUARDIA REPUBLICANA NÚMERO 700 PISO 1 DEPARTAMENTO 1 INTERIOR 1 MANZANA A LOTE A KILOMETRO 18200 URBANIZACIÓN GUARDIA REPUBLICANA DISTRITO BELEN PROVINCIA MAYNAS DEPARTAMENTO LORETO","disa":"LORETO","red":"NO PERTENECE A NINGUNA RED","microrred":"NO PERTENECE A NINGUNA MICRORED","categoria":"SERVICIO MÉDICO DE APOYO","condicion":"ACTIVO","actualizado":"2023/08/01 19:00:00.000","fuente":"MINSA","urlRenipr":"http://app20.susalud.gob.pe:8080/registro-renipress-webapp/ipress.htm?action=mostrarVer&idipress=00027696"}},{"type":"Feature","geometry":{"type":"Point","coordinates":[-73.46230999999995,-3.8305499999999597]},"properties":{"objectid":33224,"nombre":"NUEVO LIBERTAD","departamento":"LORETO","provincia":"MAYNAS","distrito":"IQUITOS","institucion":"GOBIERNO REGIONAL","codigoMinsa":6945,"direccion":"CASERIO NUEVO LIBERTAD","disa":"LORETO","red":"MAYNAS CIUDAD","microrred":"IQUITOS NORTE","categoria":"ESTABLECIMIENTO DE SALUD SIN INTERNAMIENTO","condicion":"ACTIVO","actualizado":"2023/08/01 19:00:00.000","fuente":"MINSA","urlRenipr":"http://app20.susalud.gob.pe:8080/registro-renipress-webapp/ipress.htm?action=mostrarVer&idipress=00006945"}},{"type":"Feature","geometry":{"type":"Point","coordinates":[-70.25111999999996,-4.052566669999976]},"properties":{"objectid":33225,"nombre":"BELLAVISTA CALLARU","departamento":"LORETO","provincia":"MARISCAL RAMON CASTILLA","distrito":"RAMON CASTILLA","institucion":"GOBIERNO REGIONAL","codigoMinsa":122,"direccion":"OTROS ACTUALIZAR ACTUALIZAR RAMON CASTILLA MARISCAL RAMON CASTILLA LORETO","disa":"LORETO","red":"RAMON CASTILLA","microrred":"ISLANDIA","categoria":"ESTABLECIMIENTO DE SALUD SIN INTERNAMIENTO","condicion":"ACTIVO","actualizado":"2023/08/01 19:00:00.000","fuente":"MINSA","urlRenipr":"http://app20.susalud.gob.pe:8080/registro-renipress-webapp/ipress.htm?action=mostrarVer&idipress=00000122"}},{"type":"Feature","geometry":{"type":"Point","coordinates":[-76.95198166999995,-4.19097499999998]},"properties":{"objectid":33226,"nombre":"BARRANQUILLO - CHAPURI","departamento":"LORETO","provincia":"DATEM DEL MARAÑON","distrito":"PASTAZA","institucion":"GOBIERNO REGIONAL","codigoMinsa":15140,"direccion":"OTROS RIO PASTAZA DISTRITO PASTAZA PROVINCIA DATEM DEL MARAÑON DEPARTAMENTO LORETO","disa":"LORETO","red":"DATEM DEL MARAÑON","microrred":"PASTAZA","categoria":"ESTABLECIMIENTO DE SALUD SIN INTERNAMIENTO","condicion":"ACTIVO","actualizado":"2023/08/01 19:00:00.000","fuente":"MINSA","urlRenipr":"http://app20.susalud.gob.pe:8080/registro-renipress-webapp/ipress.htm?action=mostrarVer&idipress=00015140"}},{"type":"Feature","geometry":{"type":"Point","coordinates":[-73.15794799999998,-4.0033319999999435]},"properties":{"objectid":33227,"nombre":"TAMSHIYACU","departamento":"LORETO","provincia":"MAYNAS","distrito":"FERNANDO LORES","institucion":"GOBIERNO REGIONAL","codigoMinsa":37,"direccion":"OTROS ACTUALIZAR S/N ACTUALIZAR FERNANDO LORES MAYNAS LORETO","disa":"LORETO","red":"MAYNAS PERIFERIE","microrred":"TAMSHIYACU","categoria":"ESTABLECIMIENTO DE SALUD SIN INTERNAMIENTO","condicion":"ACTIVO","actualizado":"2023/08/01 19:00:00.000","fuente":"MINSA","urlRenipr":"http://app20.susalud.gob.pe:8080/registro-renipress-webapp/ipress.htm?action=mostrarVer&idipress=00000037"}},{"type":"Feature","geometry":{"type":"Point","coordinates":[-73.29931007999994,-3.787881949999928]},"properties":{"objectid":33228,"nombre":"AMERICA DE SAN JUAN BAUTISTA","departamento":"LORETO","provincia":"MAYNAS","distrito":"SAN JUAN BAUTISTA","institucion":"GOBIERNO REGIONAL","codigoMinsa":27,"direccion":"PASAJE PASAJE 12 OCTUBRE AA.HH AMERICA PASAJE 12 OCTUBRE AA.HH AMERICA SAN JUAN BAUTISTA MAYNAS LORETO","disa":"LORETO","red":"MAYNAS CIUDAD","microrred":"IQUITOS SUR","categoria":"ESTABLECIMIENTO DE SALUD SIN INTERNAMIENTO","condicion":"ACTIVO","actualizado":"2023/08/01 19:00:00.000","fuente":"MINSA","urlRenipr":"http://app20.susalud.gob.pe:8080/registro-renipress-webapp/ipress.htm?action=mostrarVer&idipress=00000027"}},{"type":"Feature","geometry":{"type":"Point","coordinates":[-73.13631238999994,-3.5871049299999527]},"properties":{"objectid":33229,"nombre":"SINCHICUY","departamento":"LORETO","provincia":"MAYNAS","distrito":"INDIANA","institucion":"GOBIERNO REGIONAL","codigoMinsa":59,"direccion":"OTROS CASERIO DE SINCHICUY DISTRITO INDIANA PROVINCIA MAYNAS DEPARTAMENTO LORETO","disa":"LORETO","red":"MAYNAS PERIFERIE","microrred":"MAZAN","categoria":"ESTABLECIMIENTO DE SALUD SIN INTERNAMIENTO","condicion":"ACTIVO","actualizado":"2023/08/01 19:00:00.000","fuente":"MINSA","urlRenipr":"http://app20.susalud.gob.pe:8080/registro-renipress-webapp/ipress.htm?action=mostrarVer&idipress=00000059"}},{"type":"Feature","geometry":{"type":"Point","coordinates":[-74.79980706999999,-3.4623228099999324]},"properties":{"objectid":33230,"nombre":"P.S.I-1 BELLAVISTA DEL RIO TIGRE","departamento":"LORETO","provincia":"LORETO","distrito":"TIGRE","institucion":"GOBIERNO REGIONAL","codigoMinsa":26116,"direccion":"OTROS RIO TIGRE S/N RIO TIGRE TIGRE LORETO LORETO","disa":"LORETO","red":"LORETO","microrred":"INTUTO","categoria":"ESTABLECIMIENTO DE SALUD SIN INTERNAMIENTO","condicion":"ACTIVO","actualizado":"2023/08/01 19:00:00.000","fuente":"MINSA","urlRenipr":"http://app20.susalud.gob.pe:8080/registro-renipress-webapp/ipress.htm?action=mostrarVer&idipress=00026116"}},{"type":"Feature","geometry":{"type":"Point","coordinates":[-74.11151047999994,-2.3637787999999773]},"properties":{"objectid":33231,"nombre":"P.S. I-2 SAN RAFAEL","departamento":"LORETO","provincia":"MAYNAS","distrito":"NAPO","institucion":"GOBIERNO REGIONAL","codigoMinsa":285,"direccion":"OTROS ACTUALIZAR DISTRITO NAPO PROVINCIA MAYNAS DEPARTAMENTO LORETO","disa":"LORETO","red":"MAYNAS PERIFERIE","microrred":"SANTA CLOTILDE","categoria":"ESTABLECIMIENTO DE SALUD SIN INTERNAMIENTO","condicion":"ACTIVO","actualizado":"2023/08/01 19:00:00.000","fuente":"MINSA","urlRenipr":"http://app20.susalud.gob.pe:8080/registro-renipress-webapp/ipress.htm?action=mostrarVer&idipress=00000285"}},{"type":"Feature","geometry":{"type":"Point","coordinates":[-73.35468999999995,-3.7805399999999736]},"properties":{"objectid":33232,"nombre":"1RO. DE ENERO","departamento":"LORETO","provincia":"MAYNAS","distrito":"IQUITOS","institucion":"GOBIERNO REGIONAL","codigoMinsa":10,"direccion":"PROLONGACIÓN PROLONGACION PUTUMAYO S/N S/N PROLONGACION PUTUMAYO S/N IQUITOS MAYNAS LORETO","disa":"LORETO","red":"MAYNAS CIUDAD","microrred":"PUNCHANA","categoria":"ESTABLECIMIENTO DE SALUD SIN INTERNAMIENTO","condicion":"ACTIVO","actualizado":"2023/08/01 19:00:00.000","fuente":"MINSA","urlRenipr":"http://app20.susalud.gob.pe:8080/registro-renipress-webapp/ipress.htm?action=mostrarVer&idipress=00000010"}},{"type":"Feature","geometry":{"type":"Point","coordinates":[-71.31220238999998,-3.8813286599999515]},"properties":{"objectid":33233,"nombre":"SAN FELIPE","departamento":"LORETO","provincia":"MARISCAL RAMON CASTILLA","distrito":"SAN PABLO","institucion":"GOBIERNO REGIONAL","codigoMinsa":21348,"direccion":"OTROS COMUNIDAD SAN FELIPE RIO AMAZONAS COMUNIDAD SAN FELIPE RIO AMAZONAS SAN PABLO MARISCAL RAMON CASTILLA LORETO","disa":"LORETO","red":"RAMON CASTILLA","microrred":"SAN PABLO","categoria":"ESTABLECIMIENTO DE SALUD SIN INTERNAMIENTO","condicion":"ACTIVO","actualizado":"2023/08/01 19:00:00.000","fuente":"MINSA","urlRenipr":"http://app20.susalud.gob.pe:8080/registro-renipress-webapp/ipress.htm?action=mostrarVer&idipress=00021348"}},{"type":"Feature","geometry":{"type":"Point","coordinates":[-70.77975332999995,-3.9301216699999486]},"properties":{"objectid":33236,"nombre":"CHIMBOTE","departamento":"LORETO","provincia":"MARISCAL RAMON CASTILLA","distrito":"RAMON CASTILLA","institucion":"GOBIERNO REGIONAL","codigoMinsa":119,"direccion":"ACTUALIZAR","disa":"LORETO","red":"RAMON CASTILLA","microrred":"CABALLO COCHA","categoria":"ESTABLECIMIENTO DE SALUD SIN INTERNAMIENTO","condicion":"ACTIVO","actualizado":"2023/08/01 19:00:00.000","fuente":"MINSA","urlRenipr":"http://app20.susalud.gob.pe:8080/registro-renipress-webapp/ipress.htm?action=mostrarVer&idipress=00000119"}},{"type":"Feature","geometry":{"type":"Point","coordinates":[-74.41236199999997,-4.115926999999942]},"properties":{"objectid":33237,"nombre":"PIURA","departamento":"LORETO","provincia":"LORETO","distrito":"TIGRE","institucion":"GOBIERNO REGIONAL","codigoMinsa":289,"direccion":"OTROS ACTUALIZAR ACTUALIZAR TIGRE LORETO LORETO","disa":"LORETO","red":"LORETO","microrred":"INTUTO","categoria":"ESTABLECIMIENTO DE SALUD SIN INTERNAMIENTO","condicion":"ACTIVO","actualizado":"2023/08/01 19:00:00.000","fuente":"MINSA","urlRenipr":"http://app20.susalud.gob.pe:8080/registro-renipress-webapp/ipress.htm?action=mostrarVer&idipress=00000289"}},{"type":"Feature","geometry":{"type":"Point","coordinates":[-74.92900609999998,-4.714674539999976]},"properties":{"objectid":33238,"nombre":"SAN JOSE DE SARAMURO","departamento":"LORETO","provincia":"LORETO","distrito":"URARINAS","institucion":"GOBIERNO REGIONAL","codigoMinsa":288,"direccion":"OTROS ACTUALIZAR ACTUALIZAR URARINAS LORETO LORETO","disa":"LORETO","red":"LORETO","microrred":"MAYPUCO","categoria":"ESTABLECIMIENTO DE SALUD SIN INTERNAMIENTO","condicion":"ACTIVO","actualizado":"2023/08/01 19:00:00.000","fuente":"MINSA","urlRenipr":"http://app20.susalud.gob.pe:8080/registro-renipress-webapp/ipress.htm?action=mostrarVer&idipress=00000288"}},{"type":"Feature","geometry":{"type":"Point","coordinates":[-73.40498999999994,-3.8050699999999438]},"properties":{"objectid":33239,"nombre":"P.S I-2 MAYNAS","departamento":"LORETO","provincia":"MAYNAS","distrito":"IQUITOS","institucion":"GOBIERNO REGIONAL","codigoMinsa":13,"direccion":"OTROS SAN ANTONIO S/N S/N SAN ANTONIO S/N IQUITOS MAYNAS LORETO","disa":"LORETO","red":"MAYNAS CIUDAD","microrred":"PUNCHANA","categoria":"ESTABLECIMIENTO DE SALUD SIN INTERNAMIENTO","condicion":"ACTIVO","actualizado":"2023/08/01 19:00:00.000","fuente":"MINSA","urlRenipr":"http://app20.susalud.gob.pe:8080/registro-renipress-webapp/ipress.htm?action=mostrarVer&idipress=00000013"}},{"type":"Feature","geometry":{"type":"Point","coordinates":[-73.53343999999998,-4.725471999999968]},"properties":{"objectid":33240,"nombre":"BAGAZAN DE SAPUENA","departamento":"LORETO","provincia":"REQUENA","distrito":"SAQUENA","institucion":"GOBIERNO REGIONAL","codigoMinsa":155,"direccion":"OTROS CASERIO DE BAGAZAN DISTRITO SAQUENA PROVINCIA REQUENA DEPARTAMENTO LORETO","disa":"LORETO","red":"REQUENA","microrred":"REQUENA","categoria":"ESTABLECIMIENTO DE SALUD SIN INTERNAMIENTO","condicion":"ACTIVO","actualizado":"2023/08/01 19:00:00.000","fuente":"MINSA","urlRenipr":"http://app20.susalud.gob.pe:8080/registro-renipress-webapp/ipress.htm?action=mostrarVer&idipress=00000155"}},{"type":"Feature","geometry":{"type":"Point","coordinates":[-71.91656499999993,-3.3336283299999536]},"properties":{"objectid":33241,"nombre":"PUCAURQUILLO","departamento":"LORETO","provincia":"MARISCAL RAMON CASTILLA","distrito":"PEBAS","institucion":"GOBIERNO REGIONAL","codigoMinsa":115,"direccion":"OTROS ACTUALIZAR DISTRITO PEBAS PROVINCIA MARISCAL RAMON CASTILLA DEPARTAMENTO LORETO","disa":"LORETO","red":"RAMON CASTILLA","microrred":"PEVAS","categoria":"ESTABLECIMIENTO DE SALUD SIN INTERNAMIENTO","condicion":"ACTIVO","actualizado":"2023/08/01 19:00:00.000","fuente":"MINSA","urlRenipr":"http://app20.susalud.gob.pe:8080/registro-renipress-webapp/ipress.htm?action=mostrarVer&idipress=00000115"}},{"type":"Feature","geometry":{"type":"Point","coordinates":[-72.83957498999996,-3.5202004799999713]},"properties":{"objectid":33242,"nombre":"MANITI I ZONA","departamento":"LORETO","provincia":"MAYNAS","distrito":"INDIANA","institucion":"GOBIERNO REGIONAL","codigoMinsa":55,"direccion":"OTROS CASERIO MANITI I ZONA DISTRITO INDIANA PROVINCIA MAYNAS DEPARTAMENTO LORETO","disa":"LORETO","red":"MAYNAS PERIFERIE","microrred":"MAZAN","categoria":"ESTABLECIMIENTO DE SALUD SIN INTERNAMIENTO","condicion":"ACTIVO","actualizado":"2023/08/01 19:00:00.000","fuente":"MINSA","urlRenipr":"http://app20.susalud.gob.pe:8080/registro-renipress-webapp/ipress.htm?action=mostrarVer&idipress=00000055"}},{"type":"Feature","geometry":{"type":"Point","coordinates":[-73.15583099999998,-4.134469999999965]},"properties":{"objectid":33243,"nombre":"NUEVO VALENTIN","departamento":"LORETO","provincia":"MAYNAS","distrito":"FERNANDO LORES","institucion":"GOBIERNO REGIONAL","codigoMinsa":46,"direccion":"ACTUALIZAR","disa":"LORETO","red":"MAYNAS PERIFERIE","microrred":"TAMSHIYACU","categoria":"ESTABLECIMIENTO DE SALUD SIN INTERNAMIENTO","condicion":"ACTIVO","actualizado":"2023/08/01 19:00:00.000","fuente":"MINSA","urlRenipr":"http://app20.susalud.gob.pe:8080/registro-renipress-webapp/ipress.htm?action=mostrarVer&idipress=00000046"}},{"type":"Feature","geometry":{"type":"Point","coordinates":[-73.25163259999994,-3.743673499999943]},"properties":{"objectid":33258,"nombre":"SERVICIOS GENERALES CICABA SAC","departamento":"LORETO","provincia":"MAYNAS","distrito":"IQUITOS","institucion":"PRIVADO","codigoMinsa":28463,"direccion":"OTROS P.J. SAN ANTONIO MANZANA E LOTE 2 DISTRITO IQUITOS PROVINCIA MAYNAS DEPARTAMENTO LORETO","disa":"LORETO","red":"NO PERTENECE A NINGUNA RED","microrred":"NO PERTENECE A NINGUNA MICRORED","categoria":"SERVICIO MÉDICO DE APOYO","condicion":"ACTIVO","actualizado":"2023/08/01 19:00:00.000","fuente":"MINSA","urlRenipr":"http://app20.susalud.gob.pe:8080/registro-renipress-webapp/ipress.htm?action=mostrarVer&idipress=00028463"}},{"type":"Feature","geometry":{"type":"Point","coordinates":[-75.00561859999993,-7.347284099999968]},"properties":{"objectid":33329,"nombre":"BTH RAUMIS","departamento":"LORETO","provincia":"MAYNAS","distrito":"PUNCHANA","institucion":"SANIDAD DE LA MARINA DE GUERRA DEL PERU","codigoMinsa":29311,"direccion":"AVENIDA LA MARINA DISTRITO PUNCHANA PROVINCIA MAYNAS DEPARTAMENTO LORETO","disa":"LORETO","red":"","microrred":"NO PERTENECE A NINGUNA MICRORED","categoria":"OFERTA FLEXIBLE","condicion":"ACTIVO","actualizado":"2023/08/01 19:00:00.000","fuente":"MINSA","urlRenipr":"http://app20.susalud.gob.pe:8080/registro-renipress-webapp/ipress.htm?action=mostrarVer&idipress=00029311"}},{"type":"Feature","geometry":{"type":"Point","coordinates":[-73.25475669999997,-3.7623890999999503]},"properties":{"objectid":33338,"nombre":"CENTRO MEDICO GASTROARIAS","departamento":"LORETO","provincia":"MAYNAS","distrito":"IQUITOS","institucion":"PRIVADO","codigoMinsa":31613,"direccion":"AVENIDA GRAU NÚMERO 1720 DISTRITO IQUITOS PROVINCIA MAYNAS DEPARTAMENTO LORETO","disa":"LORETO","red":"","microrred":"","categoria":"ESTABLECIMIENTO DE SALUD SIN INTERNAMIENTO","condicion":"ACTIVO","actualizado":"2023/08/01 19:00:00.000","fuente":"MINSA","urlRenipr":"http://app20.susalud.gob.pe:8080/registro-renipress-webapp/ipress.htm?action=mostrarVer&idipress=00031613"}},{"type":"Feature","geometry":{"type":"Point","coordinates":[-73.58098679999995,-4.505358799999954]},"properties":{"objectid":33368,"nombre":"ALMERSA","departamento":"LORETO","provincia":"MAYNAS","distrito":"IQUITOS","institucion":"PRIVADO","codigoMinsa":30865,"direccion":"CALLE TARAPACA NÚMERO S/N DISTRITO IQUITOS PROVINCIA MAYNAS DEPARTAMENTO LORETO","disa":"LORETO","red":"","microrred":"","categoria":"ESTABLECIMIENTO DE SALUD SIN INTERNAMIENTO","condicion":"ACTIVO","actualizado":"2023/08/01 19:00:00.000","fuente":"MINSA","urlRenipr":"http://app20.susalud.gob.pe:8080/registro-renipress-webapp/ipress.htm?action=mostrarVer&idipress=00030865"}}]}