{"type":"FeatureCollection","features":[{"type":"Feature","geometry":{"type":"Point","coordinates":[-69.17907042999997,-12.59541902999996]},"properties":{"objectid":293,"nombre":"OPTICAS DE RIVERO","departamento":"MADRE DE DIOS","provincia":"TAMBOPATA","distrito":"TAMBOPATA","institucion":"PRIVADO","codigoMinsa":9265,"direccion":"AVENIDA AV. DOS DE MAYO Nº 352 DISTRITO TAMBOPATA PROVINCIA TAMBOPATA DEPARTAMENTO MADRE DE DIOS","disa":"MADRE DE DIOS","red":"NO PERTENECE A NINGUNA RED","microrred":"NO PERTENECE A NINGUNA MICRORED","categoria":"SERVICIO MÉDICO DE APOYO","condicion":"ACTIVO","actualizado":"2023/08/01 19:00:00.000","fuente":"MINSA","urlRenipr":"http://app20.susalud.gob.pe:8080/registro-renipress-webapp/ipress.htm?action=mostrarVer&idipress=00009265"}},{"type":"Feature","geometry":{"type":"Point","coordinates":[-70.90872344999997,-12.252545759999975]},"properties":{"objectid":2975,"nombre":"SHIPETIARI","departamento":"MADRE DE DIOS","provincia":"MANU","distrito":"MANU","institucion":"GOBIERNO REGIONAL","codigoMinsa":28935,"direccion":"CAMINO RURAL Comunidad Shipetiari MANU MANU MADRE DE DIOS","disa":"MADRE DE DIOS","red":"MADRE DE DIOS","microrred":"SALVACION","categoria":"ESTABLECIMIENTO DE SALUD SIN INTERNAMIENTO","condicion":"ACTIVO","actualizado":"2023/08/01 19:00:00.000","fuente":"MINSA","urlRenipr":"http://app20.susalud.gob.pe:8080/registro-renipress-webapp/ipress.htm?action=mostrarVer&idipress=00028935"}},{"type":"Feature","geometry":{"type":"Point","coordinates":[-69.22686281999995,-12.595872029999953]},"properties":{"objectid":30057,"nombre":"VILLA NUEVA VICTORIA","departamento":"MADRE DE DIOS","provincia":"TAMBOPATA","distrito":"TAMBOPATA","institucion":"GOBIERNO REGIONAL","codigoMinsa":31536,"direccion":"CARRETERA interoceanica km 6300 salida al cusco KILOMETRO 6300 DISTRITO TAMBOPATA PROVINCIA TAMBOPATA DEPARTAMENTO MADRE DE DIOS","disa":"MADRE DE DIOS","red":"MADRE DE DIOS","microrred":"JORGE CHAVEZ","categoria":"ESTABLECIMIENTO DE SALUD SIN INTERNAMIENTO","condicion":"ACTIVO","actualizado":"2023/08/01 19:00:00.000","fuente":"MINSA","urlRenipr":"http://app20.susalud.gob.pe:8080/registro-renipress-webapp/ipress.htm?action=mostrarVer&idipress=00031536"}},{"type":"Feature","geometry":{"type":"Point","coordinates":[-70.36249999999995,-12.907607499999926]},"properties":{"objectid":30058,"nombre":"BAJO PUQUIRI","departamento":"MADRE DE DIOS","provincia":"MANU","distrito":"MADRE DE DIOS","institucion":"GOBIERNO REGIONAL","codigoMinsa":7715,"direccion":"AVENIDA AV. FITZCARRALD CON AV COLORADO AV. FITZCARRALD CON AV COLORADO MADRE DE DIOS MANU MADRE DE DIOS","disa":"MADRE DE DIOS","red":"MADRE DE DIOS","microrred":"BOCA COLORADO","categoria":"ESTABLECIMIENTO DE SALUD SIN INTERNAMIENTO","condicion":"ACTIVO","actualizado":"2023/08/01 19:00:00.000","fuente":"MINSA","urlRenipr":"http://app20.susalud.gob.pe:8080/registro-renipress-webapp/ipress.htm?action=mostrarVer&idipress=00007715"}},{"type":"Feature","geometry":{"type":"Point","coordinates":[-69.20324249999999,-12.58087489999997]},"properties":{"objectid":30059,"nombre":"CONSULTORIO MEDICO","departamento":"MADRE DE DIOS","provincia":"TAMBOPATA","distrito":"TAMBOPATA","institucion":"PRIVADO","codigoMinsa":27689,"direccion":"AVENIDA LEON VELARDE NÚMERO 940 PISO 1 DEPARTAMENTO 1 DISTRITO TAMBOPATA PROVINCIA TAMBOPATA DEPARTAMENTO MADRE DE DIOS","disa":"MADRE DE DIOS","red":"NO PERTENECE A NINGUNA RED","microrred":"NO PERTENECE A NINGUNA MICRORED","categoria":"ESTABLECIMIENTO DE SALUD SIN INTERNAMIENTO","condicion":"ACTIVO","actualizado":"2023/08/01 19:00:00.000","fuente":"MINSA","urlRenipr":"http://app20.susalud.gob.pe:8080/registro-renipress-webapp/ipress.htm?action=mostrarVer&idipress=00027689"}},{"type":"Feature","geometry":{"type":"Point","coordinates":[-69.17982681999996,-12.594806499999947]},"properties":{"objectid":514,"nombre":"CONSULTORIO DENTAL ESPINOZA","departamento":"MADRE DE DIOS","provincia":"TAMBOPATA","distrito":"TAMBOPATA","institucion":"PRIVADO","codigoMinsa":14519,"direccion":"AVENIDA AV. DOS DE MAYO N°466 DISTRITO TAMBOPATA PROVINCIA TAMBOPATA DEPARTAMENTO MADRE DE DIOS","disa":"MADRE DE DIOS","red":"NO PERTENECE A NINGUNA RED","microrred":"NO PERTENECE A NINGUNA MICRORED","categoria":"ESTABLECIMIENTO DE SALUD SIN INTERNAMIENTO","condicion":"ACTIVO","actualizado":"2023/08/01 19:00:00.000","fuente":"MINSA","urlRenipr":"http://app20.susalud.gob.pe:8080/registro-renipress-webapp/ipress.htm?action=mostrarVer&idipress=00014519"}},{"type":"Feature","geometry":{"type":"Point","coordinates":[-68.65997815999998,-12.503944659999945]},"properties":{"objectid":830,"nombre":"PUERTO PARDO","departamento":"MADRE DE DIOS","provincia":"TAMBOPATA","distrito":"TAMBOPATA","institucion":"GOBIERNO REGIONAL","codigoMinsa":2699,"direccion":"OTROS COMUNIDAD PUERTO PARDO COMUNIDAD PUERTO PARDO TAMBOPATA TAMBOPATA MADRE DE DIOS","disa":"MADRE DE DIOS","red":"MADRE DE DIOS","microrred":"JORGE CHAVEZ","categoria":"ESTABLECIMIENTO DE SALUD SIN INTERNAMIENTO","condicion":"ACTIVO","actualizado":"2023/08/01 19:00:00.000","fuente":"MINSA","urlRenipr":"http://app20.susalud.gob.pe:8080/registro-renipress-webapp/ipress.htm?action=mostrarVer&idipress=00002699"}},{"type":"Feature","geometry":{"type":"Point","coordinates":[-70.64723332999995,-12.969898329999978]},"properties":{"objectid":831,"nombre":"SETAPO","departamento":"MADRE DE DIOS","provincia":"MANU","distrito":"HUEPETUHE","institucion":"GOBIERNO REGIONAL","codigoMinsa":6969,"direccion":"COMUNIDAD SETAPO","disa":"","red":"","microrred":"","categoria":"ESTABLECIMIENTO DE SALUD SIN INTERNAMIENTO","condicion":"CIERRE TEMPORAL","actualizado":"2023/08/01 19:00:00.000","fuente":"MINSA","urlRenipr":"http://app20.susalud.gob.pe:8080/registro-renipress-webapp/ipress.htm?action=mostrarVer&idipress=00006969"}},{"type":"Feature","geometry":{"type":"Point","coordinates":[-70.36835499999995,-13.101278689999958]},"properties":{"objectid":832,"nombre":"SALUD MENTAL COMUNITARIO MAZUKO","departamento":"MADRE DE DIOS","provincia":"TAMBOPATA","distrito":"INAMBARI","institucion":"GOBIERNO REGIONAL","codigoMinsa":28682,"direccion":"JIRÓN FRANCISCO BOLOGNESI CON JR ALFONSO UGARTE S/N INAMBARI TAMBOPATA MADRE DE DIOS","disa":"MADRE DE DIOS","red":"NO PERTENECE A NINGUNA RED","microrred":"NO PERTENECE A NINGUNA MICRORED","categoria":"ESTABLECIMIENTO DE SALUD SIN INTERNAMIENTO","condicion":"ACTIVO","actualizado":"2023/08/01 19:00:00.000","fuente":"MINSA","urlRenipr":"http://app20.susalud.gob.pe:8080/registro-renipress-webapp/ipress.htm?action=mostrarVer&idipress=00028682"}},{"type":"Feature","geometry":{"type":"Point","coordinates":[-69.22824066999993,-12.729605159999949]},"properties":{"objectid":833,"nombre":"INFIERNO","departamento":"MADRE DE DIOS","provincia":"TAMBOPATA","distrito":"TAMBOPATA","institucion":"GOBIERNO REGIONAL","codigoMinsa":2724,"direccion":"OTROS COMUNIDAD NATIVA DE INFIERNO COMUNIDAD NATIVA DE INFIERNO TAMBOPATA TAMBOPATA MADRE DE DIOS","disa":"MADRE DE DIOS","red":"MADRE DE DIOS","microrred":"NUEVO MILENIO","categoria":"ESTABLECIMIENTO DE SALUD SIN INTERNAMIENTO","condicion":"ACTIVO","actualizado":"2023/08/01 19:00:00.000","fuente":"MINSA","urlRenipr":"http://app20.susalud.gob.pe:8080/registro-renipress-webapp/ipress.htm?action=mostrarVer&idipress=00002724"}},{"type":"Feature","geometry":{"type":"Point","coordinates":[-69.20016331999994,-12.59125167999997]},"properties":{"objectid":834,"nombre":"CENTRO DE SALUD MENTAL COMUNITARIO PUERTO MALDONADO","departamento":"MADRE DE DIOS","provincia":"TAMBOPATA","distrito":"TAMBOPATA","institucion":"GOBIERNO REGIONAL","codigoMinsa":26671,"direccion":"JIRÓN IGNACIO MERINO NÚMERO S/N DISTRITO TAMBOPATA PROVINCIA TAMBOPATA DEPARTAMENTO MADRE DE DIOS","disa":"MADRE DE DIOS","red":"NO PERTENECE A NINGUNA RED","microrred":"NO PERTENECE A NINGUNA MICRORED","categoria":"ESTABLECIMIENTO DE SALUD SIN INTERNAMIENTO","condicion":"ACTIVO","actualizado":"2023/08/01 19:00:00.000","fuente":"MINSA","urlRenipr":"http://app20.susalud.gob.pe:8080/registro-renipress-webapp/ipress.htm?action=mostrarVer&idipress=00026671"}},{"type":"Feature","geometry":{"type":"Point","coordinates":[-70.23202375999995,-12.631269569999972]},"properties":{"objectid":835,"nombre":"GUACAMAYO PACAL","departamento":"MADRE DE DIOS","provincia":"MANU","distrito":"MADRE DE DIOS","institucion":"GOBIERNO REGIONAL","codigoMinsa":2769,"direccion":"OTROS CENTRO POBLADOR GUACAMAYO PACAL CENTRO POBLADOR GUACAMAYO PACAL MADRE DE DIOS MANU MADRE DE DIOS","disa":"MADRE DE DIOS","red":"MADRE DE DIOS","microrred":"BOCA COLORADO","categoria":"ESTABLECIMIENTO DE SALUD SIN INTERNAMIENTO","condicion":"ACTIVO","actualizado":"2023/08/01 19:00:00.000","fuente":"MINSA","urlRenipr":"http://app20.susalud.gob.pe:8080/registro-renipress-webapp/ipress.htm?action=mostrarVer&idipress=00002769"}},{"type":"Feature","geometry":{"type":"Point","coordinates":[-69.58775787999997,-12.717671099999961]},"properties":{"objectid":836,"nombre":"LABERINTO","departamento":"MADRE DE DIOS","provincia":"TAMBOPATA","distrito":"LABERINTO","institucion":"GOBIERNO REGIONAL","codigoMinsa":2758,"direccion":"AVENIDA AV. TAMBOPATA C-1 AV. TAMBOPATA C-1 LABERINTO TAMBOPATA MADRE DE DIOS","disa":"MADRE DE DIOS","red":"MADRE DE DIOS","microrred":"LABERINTO","categoria":"ESTABLECIMIENTO DE SALUD SIN INTERNAMIENTO","condicion":"ACTIVO","actualizado":"2023/08/01 19:00:00.000","fuente":"MINSA","urlRenipr":"http://app20.susalud.gob.pe:8080/registro-renipress-webapp/ipress.htm?action=mostrarVer&idipress=00002758"}},{"type":"Feature","geometry":{"type":"Point","coordinates":[-69.00601555999998,-11.89472627999993]},"properties":{"objectid":837,"nombre":"SANTA MARIA","departamento":"MADRE DE DIOS","provincia":"TAHUAMANU","distrito":"TAHUAMANU","institucion":"GOBIERNO REGIONAL","codigoMinsa":2807,"direccion":"CARRETERA CARRETERA IBERIA KM. 85 CARRETERA IBERIA KM. 85 TAHUAMANU TAHUAMANU MADRE DE DIOS","disa":"MADRE DE DIOS","red":"MADRE DE DIOS","microrred":"IBERIA","categoria":"ESTABLECIMIENTO DE SALUD SIN INTERNAMIENTO","condicion":"ACTIVO","actualizado":"2023/08/01 19:00:00.000","fuente":"MINSA","urlRenipr":"http://app20.susalud.gob.pe:8080/registro-renipress-webapp/ipress.htm?action=mostrarVer&idipress=00002807"}},{"type":"Feature","geometry":{"type":"Point","coordinates":[-69.61412570999994,-11.333143269999937]},"properties":{"objectid":838,"nombre":"FLOR DE ACRE","departamento":"MADRE DE DIOS","provincia":"TAHUAMANU","distrito":"IBERIA","institucion":"GOBIERNO REGIONAL","codigoMinsa":2800,"direccion":"OTROS COMUNIDAD ALTA PACAHUARA COMUNIDAD ALTA PACAHUARA IBERIA TAHUAMANU MADRE DE DIOS","disa":"MADRE DE DIOS","red":"MADRE DE DIOS","microrred":"IBERIA","categoria":"ESTABLECIMIENTO DE SALUD SIN INTERNAMIENTO","condicion":"ACTIVO","actualizado":"2023/08/01 19:00:00.000","fuente":"MINSA","urlRenipr":"http://app20.susalud.gob.pe:8080/registro-renipress-webapp/ipress.htm?action=mostrarVer&idipress=00002800"}},{"type":"Feature","geometry":{"type":"Point","coordinates":[-68.80304322999996,-12.406149079999977]},"properties":{"objectid":839,"nombre":"LAGO VALENCIA","departamento":"MADRE DE DIOS","provincia":"TAMBOPATA","distrito":"LAS PIEDRAS","institucion":"GOBIERNO REGIONAL","codigoMinsa":2749,"direccion":"OTROS COMUNIDAD LAGO VALENCIA COMUNIDAD LAGO VALENCIA LAS PIEDRAS TAMBOPATA MADRE DE DIOS","disa":"MADRE DE DIOS","red":"MADRE DE DIOS","microrred":"JORGE CHAVEZ","categoria":"ESTABLECIMIENTO DE SALUD SIN INTERNAMIENTO","condicion":"ACTIVO","actualizado":"2023/08/01 19:00:00.000","fuente":"MINSA","urlRenipr":"http://app20.susalud.gob.pe:8080/registro-renipress-webapp/ipress.htm?action=mostrarVer&idipress=00002749"}},{"type":"Feature","geometry":{"type":"Point","coordinates":[-69.82848926999998,-12.880488089999972]},"properties":{"objectid":840,"nombre":"UNION PROGRESO","departamento":"MADRE DE DIOS","provincia":"TAMBOPATA","distrito":"INAMBARI","institucion":"GOBIERNO REGIONAL","codigoMinsa":2738,"direccion":"OTROS COMUNIDAD UNION PROGRESO KM 83 COMUNIDAD UNION PROGRESO KM 83 INAMBARI TAMBOPATA MADRE DE DIOS","disa":"MADRE DE DIOS","red":"MADRE DE DIOS","microrred":"MAZUKO","categoria":"ESTABLECIMIENTO DE SALUD SIN INTERNAMIENTO","condicion":"ACTIVO","actualizado":"2023/08/01 19:00:00.000","fuente":"MINSA","urlRenipr":"http://app20.susalud.gob.pe:8080/registro-renipress-webapp/ipress.htm?action=mostrarVer&idipress=00002738"}},{"type":"Feature","geometry":{"type":"Point","coordinates":[-69.19858081999996,-12.58399006999997]},"properties":{"objectid":944,"nombre":"CENTRO MEDICO SANTA EMILIA","departamento":"MADRE DE DIOS","provincia":"TAMBOPATA","distrito":"TAMBOPATA","institucion":"PRIVADO","codigoMinsa":18579,"direccion":"AVENIDA AV. ANDRES MALLEA MZ. D LOTE 14 AA.HH.MARCO RUIZ DISTRITO TAMBOPATA PROVINCIA TAMBOPATA DEPARTAMENTO MADRE DE DIOS","disa":"MADRE DE DIOS","red":"NO PERTENECE A NINGUNA RED","microrred":"NO PERTENECE A NINGUNA MICRORED","categoria":"ESTABLECIMIENTO DE SALUD SIN INTERNAMIENTO","condicion":"ACTIVO","actualizado":"2023/08/01 19:00:00.000","fuente":"MINSA","urlRenipr":"http://app20.susalud.gob.pe:8080/registro-renipress-webapp/ipress.htm?action=mostrarVer&idipress=00018579"}},{"type":"Feature","geometry":{"type":"Point","coordinates":[-69.18798151999994,-12.59336430999997]},"properties":{"objectid":1410,"nombre":"CENTRO MEDICO SERSA SAN SEBASTIAN","departamento":"MADRE DE DIOS","provincia":"TAMBOPATA","distrito":"TAMBOPATA","institucion":"PRIVADO","codigoMinsa":27675,"direccion":"JIRÓN ICA N?ERO 872 DISTRITO TAMBOPATA PROVINCIA TAMBOPATA DEPARTAMENTO MADRE DE DIOS","disa":"MADRE DE DIOS","red":"NO PERTENECE A NINGUNA RED","microrred":"NO PERTENECE A NINGUNA MICRORED","categoria":"ESTABLECIMIENTO DE SALUD SIN INTERNAMIENTO","condicion":"ACTIVO","actualizado":"2023/08/01 19:00:00.000","fuente":"MINSA","urlRenipr":"http://app20.susalud.gob.pe:8080/registro-renipress-webapp/ipress.htm?action=mostrarVer&idipress=00027675"}},{"type":"Feature","geometry":{"type":"Point","coordinates":[-68.93069332999994,-12.159251669999946]},"properties":{"objectid":1597,"nombre":"BAJO ALEGRIA","departamento":"MADRE DE DIOS","provincia":"TAMBOPATA","distrito":"LAS PIEDRAS","institucion":"GOBIERNO REGIONAL","codigoMinsa":2757,"direccion":"OTROS CENTRO POBLADO ALEGRIA CENTRO POBLADO ALEGRIA LAS PIEDRAS TAMBOPATA MADRE DE DIOS","disa":"","red":"","microrred":"","categoria":"ESTABLECIMIENTO DE SALUD SIN INTERNAMIENTO","condicion":"RETIRO VOLUNTARIO","actualizado":"2023/08/01 19:00:00.000","fuente":"MINSA","urlRenipr":"http://app20.susalud.gob.pe:8080/registro-renipress-webapp/ipress.htm?action=mostrarVer&idipress=00002757"}},{"type":"Feature","geometry":{"type":"Point","coordinates":[-69.18407085999996,-12.592749149999975]},"properties":{"objectid":1904,"nombre":"CONSULTORIO DENTAL","departamento":"MADRE DE DIOS","provincia":"TAMBOPATA","distrito":"TAMBOPATA","institucion":"PRIVADO","codigoMinsa":28523,"direccion":"JIRÓN JR. GONZALES PRADA NÚMERO 849 PISO 1 DISTRITO TAMBOPATA PROVINCIA TAMBOPATA DEPARTAMENTO MADRE DE DIOS","disa":"MADRE DE DIOS","red":"NO PERTENECE A NINGUNA RED","microrred":"NO PERTENECE A NINGUNA MICRORED","categoria":"ESTABLECIMIENTO DE SALUD SIN INTERNAMIENTO","condicion":"ACTIVO","actualizado":"2023/08/01 19:00:00.000","fuente":"MINSA","urlRenipr":"http://app20.susalud.gob.pe:8080/registro-renipress-webapp/ipress.htm?action=mostrarVer&idipress=00028523"}},{"type":"Feature","geometry":{"type":"Point","coordinates":[-69.18746037999995,-12.59535619999997]},"properties":{"objectid":2320,"nombre":"CONSULTORIO DENTAL \" LOS ANGELES \"","departamento":"MADRE DE DIOS","provincia":"TAMBOPATA","distrito":"TAMBOPATA","institucion":"PRIVADO","codigoMinsa":28521,"direccion":"AVENIDA FITZCARRALD NÚMERO 806 DISTRITO TAMBOPATA PROVINCIA TAMBOPATA DEPARTAMENTO MADRE DE DIOS","disa":"MADRE DE DIOS","red":"NO PERTENECE A NINGUNA RED","microrred":"NO PERTENECE A NINGUNA MICRORED","categoria":"ESTABLECIMIENTO DE SALUD SIN INTERNAMIENTO","condicion":"ACTIVO","actualizado":"2023/08/01 19:00:00.000","fuente":"MINSA","urlRenipr":"http://app20.susalud.gob.pe:8080/registro-renipress-webapp/ipress.htm?action=mostrarVer&idipress=00028521"}},{"type":"Feature","geometry":{"type":"Point","coordinates":[-69.17940112999997,-12.596882449999953]},"properties":{"objectid":2406,"nombre":"POLICLINICO ANDRALEX E.I.R.L","departamento":"MADRE DE DIOS","provincia":"TAMBOPATA","distrito":"TAMBOPATA","institucion":"PRIVADO","codigoMinsa":10381,"direccion":"JIRÓN JR. GONZALES PRADA Nº 283 DISTRITO TAMBOPATA PROVINCIA TAMBOPATA DEPARTAMENTO MADRE DE DIOS","disa":"","red":"","microrred":"","categoria":"ESTABLECIMIENTO DE SALUD SIN INTERNAMIENTO","condicion":"ACTIVO","actualizado":"2023/08/01 19:00:00.000","fuente":"MINSA","urlRenipr":"http://app20.susalud.gob.pe:8080/registro-renipress-webapp/ipress.htm?action=mostrarVer&idipress=00010381"}},{"type":"Feature","geometry":{"type":"Point","coordinates":[-69.44629447999995,-12.705483159999972]},"properties":{"objectid":2976,"nombre":"LAS MERCEDES","departamento":"MADRE DE DIOS","provincia":"TAMBOPATA","distrito":"LABERINTO","institucion":"GOBIERNO REGIONAL","codigoMinsa":2759,"direccion":"OTROS COMUNIDAD LAS MERCEDES KM, 35 COMUNIDAD LAS MERCEDES KM, 35 LABERINTO TAMBOPATA MADRE DE DIOS","disa":"MADRE DE DIOS","red":"MADRE DE DIOS","microrred":"LABERINTO","categoria":"ESTABLECIMIENTO DE SALUD SIN INTERNAMIENTO","condicion":"ACTIVO","actualizado":"2023/08/01 19:00:00.000","fuente":"MINSA","urlRenipr":"http://app20.susalud.gob.pe:8080/registro-renipress-webapp/ipress.htm?action=mostrarVer&idipress=00002759"}},{"type":"Feature","geometry":{"type":"Point","coordinates":[-69.17009241999995,-12.53727527999996]},"properties":{"objectid":2979,"nombre":"CACHUELA","departamento":"MADRE DE DIOS","provincia":"TAMBOPATA","distrito":"TAMBOPATA","institucion":"GOBIERNO REGIONAL","codigoMinsa":2700,"direccion":"CALLE CALLE FAUSTINO MALDONADO CUADRA N° 2 CALLE FAUSTINO MALDONADO CUADRA N° 2 TAMBOPATA TAMBOPATA MADRE DE DIOS","disa":"MADRE DE DIOS","red":"MADRE DE DIOS","microrred":"JORGE CHAVEZ","categoria":"ESTABLECIMIENTO DE SALUD SIN INTERNAMIENTO","condicion":"ACTIVO","actualizado":"2023/08/01 19:00:00.000","fuente":"MINSA","urlRenipr":"http://app20.susalud.gob.pe:8080/registro-renipress-webapp/ipress.htm?action=mostrarVer&idipress=00002700"}},{"type":"Feature","geometry":{"type":"Point","coordinates":[-69.19211375999998,-12.58412321999998]},"properties":{"objectid":3011,"nombre":"CONSULTORIO MEDICO CRUZ DE MOTUPE","departamento":"MADRE DE DIOS","provincia":"TAMBOPATA","distrito":"TAMBOPATA","institucion":"PRIVADO","codigoMinsa":17942,"direccion":"AVENIDA AV. 2 DE MAYO 1823 DISTRITO TAMBOPATA PROVINCIA TAMBOPATA DEPARTAMENTO MADRE DE DIOS","disa":"","red":"","microrred":"","categoria":"ESTABLECIMIENTO DE SALUD SIN INTERNAMIENTO","condicion":"RETIRO VOLUNTARIO","actualizado":"2023/08/01 19:00:00.000","fuente":"MINSA","urlRenipr":"http://app20.susalud.gob.pe:8080/registro-renipress-webapp/ipress.htm?action=mostrarVer&idipress=00017942"}},{"type":"Feature","geometry":{"type":"Point","coordinates":[-69.18688039999995,-12.591568399999971]},"properties":{"objectid":3215,"nombre":"CONSULTORIO DENTAL FUENTES","departamento":"MADRE DE DIOS","provincia":"TAMBOPATA","distrito":"TAMBOPATA","institucion":"PRIVADO","codigoMinsa":27690,"direccion":"JIRÓN ICA NÚMERO 634 PISO 01 DISTRITO TAMBOPATA PROVINCIA TAMBOPATA DEPARTAMENTO MADRE DE DIOS","disa":"MADRE DE DIOS","red":"NO PERTENECE A NINGUNA RED","microrred":"NO PERTENECE A NINGUNA MICRORED","categoria":"ESTABLECIMIENTO DE SALUD SIN INTERNAMIENTO","condicion":"ACTIVO","actualizado":"2023/08/01 19:00:00.000","fuente":"MINSA","urlRenipr":"http://app20.susalud.gob.pe:8080/registro-renipress-webapp/ipress.htm?action=mostrarVer&idipress=00027690"}},{"type":"Feature","geometry":{"type":"Point","coordinates":[-69.19327619999996,-12.582529499999964]},"properties":{"objectid":3916,"nombre":"ÓPTICAS PoP","departamento":"MADRE DE DIOS","provincia":"TAMBOPATA","distrito":"TAMBOPATA","institucion":"PRIVADO","codigoMinsa":28825,"direccion":"AVENIDA ERNESTO RIVERO 607 NÚMERO 6 PISO 1 MANZANA 1 LOTE 4 DISTRITO TAMBOPATA PROVINCIA TAMBOPATA DEPARTAMENTO MADRE DE DIOS","disa":"MADRE DE DIOS","red":"NO PERTENECE A NINGUNA RED","microrred":"NO PERTENECE A NINGUNA MICRORED","categoria":"SERVICIO MÉDICO DE APOYO","condicion":"ACTIVO","actualizado":"2023/08/01 19:00:00.000","fuente":"MINSA","urlRenipr":"http://app20.susalud.gob.pe:8080/registro-renipress-webapp/ipress.htm?action=mostrarVer&idipress=00028825"}},{"type":"Feature","geometry":{"type":"Point","coordinates":[-69.19468167999997,-12.600651829999947]},"properties":{"objectid":3998,"nombre":"CONSULTORIO MEDICO PEDIÁTRICO","departamento":"MADRE DE DIOS","provincia":"TAMBOPATA","distrito":"TAMBOPATA","institucion":"PRIVADO","codigoMinsa":27680,"direccion":"PASAJE LOS ÁLAMOS MANZANA G LOTE 27 URBANIZACI? LOS CASTAÑOS DISTRITO TAMBOPATA PROVINCIA TAMBOPATA DEPARTAMENTO MADRE DE DIOS","disa":"MADRE DE DIOS","red":"NO PERTENECE A NINGUNA RED","microrred":"NO PERTENECE A NINGUNA MICRORED","categoria":"ESTABLECIMIENTO DE SALUD SIN INTERNAMIENTO","condicion":"ACTIVO","actualizado":"2023/08/01 19:00:00.000","fuente":"MINSA","urlRenipr":"http://app20.susalud.gob.pe:8080/registro-renipress-webapp/ipress.htm?action=mostrarVer&idipress=00027680"}},{"type":"Feature","geometry":{"type":"Point","coordinates":[-69.18525672999994,-12.596278899999959]},"properties":{"objectid":4975,"nombre":"CENTRO ODONTOLOGICO MALDONADO","departamento":"MADRE DE DIOS","provincia":"TAMBOPATA","distrito":"TAMBOPATA","institucion":"PRIVADO","codigoMinsa":8989,"direccion":"JIRÓN JR. PIURA 820 DISTRITO TAMBOPATA PROVINCIA TAMBOPATA DEPARTAMENTO MADRE DE DIOS","disa":"MADRE DE DIOS","red":"NO PERTENECE A NINGUNA RED","microrred":"NO PERTENECE A NINGUNA MICRORED","categoria":"ESTABLECIMIENTO DE SALUD SIN INTERNAMIENTO","condicion":"ACTIVO","actualizado":"2023/08/01 19:00:00.000","fuente":"MINSA","urlRenipr":"http://app20.susalud.gob.pe:8080/registro-renipress-webapp/ipress.htm?action=mostrarVer&idipress=00008989"}},{"type":"Feature","geometry":{"type":"Point","coordinates":[-69.19773402999994,-12.576052999999945]},"properties":{"objectid":5074,"nombre":"CENTRO MEDICO DEL DIABETICO","departamento":"MADRE DE DIOS","provincia":"TAMBOPATA","distrito":"TAMBOPATA","institucion":"PRIVADO","codigoMinsa":31577,"direccion":"PASAJE LAS CAPIRONAS NÚMERO S/N PISO 1 DISTRITO TAMBOPATA PROVINCIA TAMBOPATA DEPARTAMENTO MADRE DE DIOS","disa":"MADRE DE DIOS","red":"","microrred":"","categoria":"ESTABLECIMIENTO DE SALUD SIN INTERNAMIENTO","condicion":"ACTIVO","actualizado":"2023/08/01 19:00:00.000","fuente":"MINSA","urlRenipr":"http://app20.susalud.gob.pe:8080/registro-renipress-webapp/ipress.htm?action=mostrarVer&idipress=00031577"}},{"type":"Feature","geometry":{"type":"Point","coordinates":[-71.90907730999999,-11.802475839999943]},"properties":{"objectid":5075,"nombre":"YOMIBATO","departamento":"MADRE DE DIOS","provincia":"MANU","distrito":"FITZCARRALD","institucion":"GOBIERNO REGIONAL","codigoMinsa":2772,"direccion":"OTROS COMUNIDAD NATIVA YOMIBATO COMUNIDAD NATIVA YOMIBATO FITZCARRALD MANU MADRE DE DIOS","disa":"MADRE DE DIOS","red":"MADRE DE DIOS","microrred":"SALVACION","categoria":"ESTABLECIMIENTO DE SALUD SIN INTERNAMIENTO","condicion":"ACTIVO","actualizado":"2023/08/01 19:00:00.000","fuente":"MINSA","urlRenipr":"http://app20.susalud.gob.pe:8080/registro-renipress-webapp/ipress.htm?action=mostrarVer&idipress=00002772"}},{"type":"Feature","geometry":{"type":"Point","coordinates":[-70.54423999999995,-12.69996999999995]},"properties":{"objectid":5076,"nombre":"SAN JOSE DE KARENE","departamento":"MADRE DE DIOS","provincia":"MANU","distrito":"MADRE DE DIOS","institucion":"GOBIERNO REGIONAL","codigoMinsa":2779,"direccion":"OTROS COMUNIDAD NATIVA SAN JOSE DE KARENE COMUNIDAD NATIVA SAN JOSE DE KARENE MADRE DE DIOS MANU MADRE DE DIOS","disa":"MADRE DE DIOS","red":"MADRE DE DIOS","microrred":"BOCA COLORADO","categoria":"ESTABLECIMIENTO DE SALUD SIN INTERNAMIENTO","condicion":"ACTIVO","actualizado":"2023/08/01 19:00:00.000","fuente":"MINSA","urlRenipr":"http://app20.susalud.gob.pe:8080/registro-renipress-webapp/ipress.htm?action=mostrarVer&idipress=00002779"}},{"type":"Feature","geometry":{"type":"Point","coordinates":[-69.56472999999994,-11.390329999999949]},"properties":{"objectid":5077,"nombre":"OCEANIA","departamento":"MADRE DE DIOS","provincia":"TAHUAMANU","distrito":"IBERIA","institucion":"GOBIERNO REGIONAL","codigoMinsa":2799,"direccion":"COMUNIDAD DE OCEANIA","disa":"","red":"","microrred":"","categoria":"ESTABLECIMIENTO DE SALUD SIN INTERNAMIENTO","condicion":"RETIRO VOLUNTARIO","actualizado":"2023/08/01 19:00:00.000","fuente":"MINSA","urlRenipr":"http://app20.susalud.gob.pe:8080/registro-renipress-webapp/ipress.htm?action=mostrarVer&idipress=00002799"}},{"type":"Feature","geometry":{"type":"Point","coordinates":[-70.53422321999994,-12.997989729999972]},"properties":{"objectid":5078,"nombre":"HUEPETUHE","departamento":"MADRE DE DIOS","provincia":"MANU","distrito":"HUEPETUHE","institucion":"GOBIERNO REGIONAL","codigoMinsa":2775,"direccion":"AVENIDA AV. BANCOPATA S/N S/N AV. BANCOPATA S/N HUEPETUHE MANU MADRE DE DIOS","disa":"MADRE DE DIOS","red":"MADRE DE DIOS","microrred":"HUEPETUHE","categoria":"ESTABLECIMIENTO DE SALUD SIN INTERNAMIENTO","condicion":"ACTIVO","actualizado":"2023/08/01 19:00:00.000","fuente":"MINSA","urlRenipr":"http://app20.susalud.gob.pe:8080/registro-renipress-webapp/ipress.htm?action=mostrarVer&idipress=00002775"}},{"type":"Feature","geometry":{"type":"Point","coordinates":[-69.29518558999996,-12.128698429999929]},"properties":{"objectid":5080,"nombre":"TIPISHCA","departamento":"MADRE DE DIOS","provincia":"TAMBOPATA","distrito":"LAS PIEDRAS","institucion":"GOBIERNO REGIONAL","codigoMinsa":2755,"direccion":"CARRETERA CARRETERA MALDONADO IBERIA DISTRITO LAS PIEDRAS PROVINCIA TAMBOPATA DEPARTAMENTO MADRE DE DIOS","disa":"","red":"","microrred":"","categoria":"ESTABLECIMIENTO DE SALUD SIN INTERNAMIENTO","condicion":"RETIRO VOLUNTARIO","actualizado":"2023/08/01 19:00:00.000","fuente":"MINSA","urlRenipr":"http://app20.susalud.gob.pe:8080/registro-renipress-webapp/ipress.htm?action=mostrarVer&idipress=00002755"}},{"type":"Feature","geometry":{"type":"Point","coordinates":[-70.11082913999996,-12.90958164999995]},"properties":{"objectid":5081,"nombre":"P.S PRIMAVERA BAJA","departamento":"MADRE DE DIOS","provincia":"TAMBOPATA","distrito":"INAMBARI","institucion":"GOBIERNO REGIONAL","codigoMinsa":2742,"direccion":"OTROS COMUNIDAD PRIMAVERA BAJA KM 119 COMUNIDAD PRIMAVERA BAJA KM 119 INAMBARI TAMBOPATA MADRE DE DIOS","disa":"MADRE DE DIOS","red":"MADRE DE DIOS","microrred":"MAZUKO","categoria":"ESTABLECIMIENTO DE SALUD SIN INTERNAMIENTO","condicion":"ACTIVO","actualizado":"2023/08/01 19:00:00.000","fuente":"MINSA","urlRenipr":"http://app20.susalud.gob.pe:8080/registro-renipress-webapp/ipress.htm?action=mostrarVer&idipress=00002742"}},{"type":"Feature","geometry":{"type":"Point","coordinates":[-69.39943650999999,-12.68726401999993]},"properties":{"objectid":5082,"nombre":"SAN BERNARDO","departamento":"MADRE DE DIOS","provincia":"TAMBOPATA","distrito":"TAMBOPATA","institucion":"GOBIERNO REGIONAL","codigoMinsa":2717,"direccion":"CARRETERA CARRETERA QUINCE MIL- CUZCO CARRETERA QUINCE MIL- CUZCO TAMBOPATA TAMBOPATA MADRE DE DIOS","disa":"MADRE DE DIOS","red":"MADRE DE DIOS","microrred":"NUEVO MILENIO","categoria":"ESTABLECIMIENTO DE SALUD SIN INTERNAMIENTO","condicion":"ACTIVO","actualizado":"2023/08/01 19:00:00.000","fuente":"MINSA","urlRenipr":"http://app20.susalud.gob.pe:8080/registro-renipress-webapp/ipress.htm?action=mostrarVer&idipress=00002717"}},{"type":"Feature","geometry":{"type":"Point","coordinates":[-70.36719439999996,-13.100929859999951]},"properties":{"objectid":5083,"nombre":"MAZUKO","departamento":"MADRE DE DIOS","provincia":"TAMBOPATA","distrito":"INAMBARI","institucion":"GOBIERNO REGIONAL","codigoMinsa":2729,"direccion":"AVENIDA AV. INAMBARI S/N KM 173 PTO MALD-CUSCO S/N AV. INAMBARI S/N KM 173 PTO MALD-CUSCO INAMBARI TAMBOPATA MADRE DE DIOS","disa":"MADRE DE DIOS","red":"MADRE DE DIOS","microrred":"MAZUKO","categoria":"ESTABLECIMIENTO DE SALUD SIN INTERNAMIENTO","condicion":"ACTIVO","actualizado":"2023/08/01 19:00:00.000","fuente":"MINSA","urlRenipr":"http://app20.susalud.gob.pe:8080/registro-renipress-webapp/ipress.htm?action=mostrarVer&idipress=00002729"}},{"type":"Feature","geometry":{"type":"Point","coordinates":[-69.20131789999994,-12.57937389999995]},"properties":{"objectid":5826,"nombre":"CONSULTORIO ODONTOLOGICO RODEN","departamento":"MADRE DE DIOS","provincia":"TAMBOPATA","distrito":"TAMBOPATA","institucion":"PRIVADO","codigoMinsa":27673,"direccion":"JIRÓN ICA DISTRITO TAMBOPATA PROVINCIA TAMBOPATA DEPARTAMENTO MADRE DE DIOS","disa":"MADRE DE DIOS","red":"NO PERTENECE A NINGUNA RED","microrred":"NO PERTENECE A NINGUNA MICRORED","categoria":"ESTABLECIMIENTO DE SALUD SIN INTERNAMIENTO","condicion":"ACTIVO","actualizado":"2023/08/01 19:00:00.000","fuente":"MINSA","urlRenipr":"http://app20.susalud.gob.pe:8080/registro-renipress-webapp/ipress.htm?action=mostrarVer&idipress=00027673"}},{"type":"Feature","geometry":{"type":"Point","coordinates":[-69.49053762999995,-11.410156299999926]},"properties":{"objectid":5853,"nombre":"POSTA MEDICA IBERIA","departamento":"MADRE DE DIOS","provincia":"TAHUAMANU","distrito":"IBERIA","institucion":"ESSALUD","codigoMinsa":9317,"direccion":"AVENIDA AV. MOCOPATA S/N BARRIO EMPLEADOS NÚMERO S/N DISTRITO IBERIA PROVINCIA TAHUAMANU DEPARTAMENTO MADRE DE DIOS","disa":"MADRE DE DIOS","red":"NO PERTENECE A NINGUNA RED","microrred":"NO PERTENECE A NINGUNA MICRORED","categoria":"ESTABLECIMIENTO DE SALUD SIN INTERNAMIENTO","condicion":"ACTIVO","actualizado":"2023/08/01 19:00:00.000","fuente":"MINSA","urlRenipr":"http://app20.susalud.gob.pe:8080/registro-renipress-webapp/ipress.htm?action=mostrarVer&idipress=00009317"}},{"type":"Feature","geometry":{"type":"Point","coordinates":[-69.57712981999998,-10.946408229999975]},"properties":{"objectid":6015,"nombre":"Consultorio Medico TORRES","departamento":"MADRE DE DIOS","provincia":"TAHUAMANU","distrito":"IÑAPARI","institucion":"PRIVADO","codigoMinsa":28951,"direccion":"AVENIDA BRASIL MANZANA K LOTE 7 DISTRITO IÑAPARI PROVINCIA TAHUAMANU DEPARTAMENTO MADRE DE DIOS","disa":"","red":"","microrred":"","categoria":"ESTABLECIMIENTO DE SALUD SIN INTERNAMIENTO","condicion":"RUC INACTIVO EN SUNAT","actualizado":"2023/08/01 19:00:00.000","fuente":"MINSA","urlRenipr":"http://app20.susalud.gob.pe:8080/registro-renipress-webapp/ipress.htm?action=mostrarVer&idipress=00028951"}},{"type":"Feature","geometry":{"type":"Point","coordinates":[-69.27062939999996,-12.614479099999926]},"properties":{"objectid":6199,"nombre":"CM VIRGEN DEL COBRE E.I.R.L.","departamento":"MADRE DE DIOS","provincia":"TAMBOPATA","distrito":"TAMBOPATA","institucion":"PRIVADO","codigoMinsa":28930,"direccion":"JIRÓN LOS PINOS NÚMERO 113 URBANIZACIÓN LOS CASTAÑOS DISTRITO TAMBOPATA PROVINCIA TAMBOPATA DEPARTAMENTO MADRE DE DIOS","disa":"MADRE DE DIOS","red":"NO PERTENECE A NINGUNA RED","microrred":"NO PERTENECE A NINGUNA MICRORED","categoria":"ESTABLECIMIENTO DE SALUD SIN INTERNAMIENTO","condicion":"ACTIVO","actualizado":"2023/08/01 19:00:00.000","fuente":"MINSA","urlRenipr":"http://app20.susalud.gob.pe:8080/registro-renipress-webapp/ipress.htm?action=mostrarVer&idipress=00028930"}},{"type":"Feature","geometry":{"type":"Point","coordinates":[-69.18325467999995,-12.58841407999995]},"properties":{"objectid":6314,"nombre":"POSTA MEDICA DE LA 6ta BRIGADA DE FUERZAS ESPECIALES","departamento":"MADRE DE DIOS","provincia":"TAMBOPATA","distrito":"TAMBOPATA","institucion":"SANIDAD DEL EJERCITO DEL PERU","codigoMinsa":9323,"direccion":"JIRÓN JR. CUSCO CUADRA 10 S/N NÚMERO S/N DISTRITO TAMBOPATA PROVINCIA TAMBOPATA DEPARTAMENTO MADRE DE DIOS","disa":"MADRE DE DIOS","red":"NO PERTENECE A NINGUNA RED","microrred":"NO PERTENECE A NINGUNA MICRORED","categoria":"ESTABLECIMIENTO DE SALUD SIN INTERNAMIENTO","condicion":"ACTIVO","actualizado":"2023/08/01 19:00:00.000","fuente":"MINSA","urlRenipr":"http://app20.susalud.gob.pe:8080/registro-renipress-webapp/ipress.htm?action=mostrarVer&idipress=00009323"}},{"type":"Feature","geometry":{"type":"Point","coordinates":[-69.73117421999996,-10.973147499999982]},"properties":{"objectid":7135,"nombre":"BELGICA","departamento":"MADRE DE DIOS","provincia":"TAHUAMANU","distrito":"IÑAPARI","institucion":"GOBIERNO REGIONAL","codigoMinsa":2790,"direccion":"OTROS COMUNIDAD NATIVA BELGICA S/N S/N COMUNIDAD NATIVA BELGICA S/N IÑAPARI TAHUAMANU MADRE DE DIOS","disa":"MADRE DE DIOS","red":"MADRE DE DIOS","microrred":"IBERIA","categoria":"ESTABLECIMIENTO DE SALUD SIN INTERNAMIENTO","condicion":"ACTIVO","actualizado":"2023/08/01 19:00:00.000","fuente":"MINSA","urlRenipr":"http://app20.susalud.gob.pe:8080/registro-renipress-webapp/ipress.htm?action=mostrarVer&idipress=00002790"}},{"type":"Feature","geometry":{"type":"Point","coordinates":[-69.17760799999996,-12.59284299999996]},"properties":{"objectid":7137,"nombre":"LABORATORIO REFERENCIAL REGIONAL DE LA DIRECCION REGIONAL DE SALUD MADRE DE DIOS","departamento":"MADRE DE DIOS","provincia":"TAMBOPATA","distrito":"TAMBOPATA","institucion":"GOBIERNO REGIONAL","codigoMinsa":14807,"direccion":"JIRÓN JR. PUNO Nº222 JR. PUNO Nº222 TAMBOPATA TAMBOPATA MADRE DE DIOS","disa":"MADRE DE DIOS","red":"NO PERTENECE A NINGUNA RED","microrred":"NO PERTENECE A NINGUNA MICRORED","categoria":"SERVICIO MÉDICO DE APOYO","condicion":"ACTIVO","actualizado":"2023/08/01 19:00:00.000","fuente":"MINSA","urlRenipr":"http://app20.susalud.gob.pe:8080/registro-renipress-webapp/ipress.htm?action=mostrarVer&idipress=00014807"}},{"type":"Feature","geometry":{"type":"Point","coordinates":[-69.96494730999996,-13.005643669999927]},"properties":{"objectid":7138,"nombre":"AMAYTUS","departamento":"MADRE DE DIOS","provincia":"TAMBOPATA","distrito":"INAMBARI","institucion":"GOBIERNO REGIONAL","codigoMinsa":6967,"direccion":"COMUNIDAD ALTO MALINOSWKI AMAYTUS-ACEPON","disa":"","red":"","microrred":"","categoria":"ESTABLECIMIENTO DE SALUD SIN INTERNAMIENTO","condicion":"RETIRO VOLUNTARIO","actualizado":"2023/08/01 19:00:00.000","fuente":"MINSA","urlRenipr":"http://app20.susalud.gob.pe:8080/registro-renipress-webapp/ipress.htm?action=mostrarVer&idipress=00006967"}},{"type":"Feature","geometry":{"type":"Point","coordinates":[-71.35287169999998,-12.749716569999975]},"properties":{"objectid":7139,"nombre":"MANSILLA","departamento":"MADRE DE DIOS","provincia":"MANU","distrito":"MANU","institucion":"GOBIERNO REGIONAL","codigoMinsa":2781,"direccion":"OTROS COMUNIDAD MANSILLA COMUNIDAD MANSILLA MANU MANU MADRE DE DIOS","disa":"MADRE DE DIOS","red":"MADRE DE DIOS","microrred":"SALVACION","categoria":"ESTABLECIMIENTO DE SALUD SIN INTERNAMIENTO","condicion":"ACTIVO","actualizado":"2023/08/01 19:00:00.000","fuente":"MINSA","urlRenipr":"http://app20.susalud.gob.pe:8080/registro-renipress-webapp/ipress.htm?action=mostrarVer&idipress=00002781"}},{"type":"Feature","geometry":{"type":"Point","coordinates":[-69.74177822999997,-12.704006019999952]},"properties":{"objectid":7140,"nombre":"HORACIO CEVALLOS","departamento":"MADRE DE DIOS","provincia":"TAMBOPATA","distrito":"LABERINTO","institucion":"GOBIERNO REGIONAL","codigoMinsa":2764,"direccion":"OTROS COMUNIDAD HORACIO CEVALLOS COMUNIDAD HORACIO CEVALLOS LABERINTO TAMBOPATA MADRE DE DIOS","disa":"","red":"","microrred":"","categoria":"ESTABLECIMIENTO DE SALUD SIN INTERNAMIENTO","condicion":"RETIRO VOLUNTARIO","actualizado":"2023/08/01 19:00:00.000","fuente":"MINSA","urlRenipr":"http://app20.susalud.gob.pe:8080/registro-renipress-webapp/ipress.htm?action=mostrarVer&idipress=00002764"}},{"type":"Feature","geometry":{"type":"Point","coordinates":[-69.18304869999997,-12.600593299999957]},"properties":{"objectid":7311,"nombre":"CENTRO MEDICO \"GALENO\"","departamento":"MADRE DE DIOS","provincia":"TAMBOPATA","distrito":"TAMBOPATA","institucion":"PRIVADO","codigoMinsa":28932,"direccion":"AVENIDA LEON VELARDE NÚMERO 1094 DEPARTAMENTO 1 DISTRITO TAMBOPATA PROVINCIA TAMBOPATA DEPARTAMENTO MADRE DE DIOS","disa":"MADRE DE DIOS","red":"NO PERTENECE A NINGUNA RED","microrred":"NO PERTENECE A NINGUNA MICRORED","categoria":"ESTABLECIMIENTO DE SALUD SIN INTERNAMIENTO","condicion":"ACTIVO","actualizado":"2023/08/01 19:00:00.000","fuente":"MINSA","urlRenipr":"http://app20.susalud.gob.pe:8080/registro-renipress-webapp/ipress.htm?action=mostrarVer&idipress=00028932"}},{"type":"Feature","geometry":{"type":"Point","coordinates":[-69.18163679999998,-12.596112399999981]},"properties":{"objectid":8204,"nombre":"Florencia Salud","departamento":"MADRE DE DIOS","provincia":"TAMBOPATA","distrito":"TAMBOPATA","institucion":"PRIVADO","codigoMinsa":27688,"direccion":"JIRÓN JAIME TRONCOSO NÚMERO 442 DISTRITO TAMBOPATA PROVINCIA TAMBOPATA DEPARTAMENTO MADRE DE DIOS","disa":"MADRE DE DIOS","red":"NO PERTENECE A NINGUNA RED","microrred":"NO PERTENECE A NINGUNA MICRORED","categoria":"ESTABLECIMIENTO DE SALUD SIN INTERNAMIENTO","condicion":"ACTIVO","actualizado":"2023/08/01 19:00:00.000","fuente":"MINSA","urlRenipr":"http://app20.susalud.gob.pe:8080/registro-renipress-webapp/ipress.htm?action=mostrarVer&idipress=00027688"}},{"type":"Feature","geometry":{"type":"Point","coordinates":[-70.19549144999996,-12.914305559999946]},"properties":{"objectid":9256,"nombre":"SANTA RITA","departamento":"MADRE DE DIOS","provincia":"TAMBOPATA","distrito":"INAMBARI","institucion":"GOBIERNO REGIONAL","codigoMinsa":2730,"direccion":"CARRETERA KM 129 CARRETERA PTOMALDONADO-CUSCO KM 129 CARRETERA PTOMALDONADO-CUSCO INAMBARI TAMBOPATA MADRE DE DIOS","disa":"MADRE DE DIOS","red":"MADRE DE DIOS","microrred":"MAZUKO","categoria":"ESTABLECIMIENTO DE SALUD SIN INTERNAMIENTO","condicion":"ACTIVO","actualizado":"2023/08/01 19:00:00.000","fuente":"MINSA","urlRenipr":"http://app20.susalud.gob.pe:8080/registro-renipress-webapp/ipress.htm?action=mostrarVer&idipress=00002730"}},{"type":"Feature","geometry":{"type":"Point","coordinates":[-70.30156406999998,-12.925804999999968]},"properties":{"objectid":9259,"nombre":"SANTA ROSA","departamento":"MADRE DE DIOS","provincia":"TAMBOPATA","distrito":"INAMBARI","institucion":"GOBIERNO REGIONAL","codigoMinsa":2737,"direccion":"CARRETERA CARRETERA CUSCO PTO MALDONADO KM. 129 CARRETERA CUSCO PTO MALDONADO KM. 129 INAMBARI TAMBOPATA MADRE DE DIOS","disa":"MADRE DE DIOS","red":"MADRE DE DIOS","microrred":"MAZUKO","categoria":"ESTABLECIMIENTO DE SALUD SIN INTERNAMIENTO","condicion":"ACTIVO","actualizado":"2023/08/01 19:00:00.000","fuente":"MINSA","urlRenipr":"http://app20.susalud.gob.pe:8080/registro-renipress-webapp/ipress.htm?action=mostrarVer&idipress=00002737"}},{"type":"Feature","geometry":{"type":"Point","coordinates":[-69.90288883999995,-12.635235419999958]},"properties":{"objectid":9260,"nombre":"VUELTA GRANDE","departamento":"MADRE DE DIOS","provincia":"TAMBOPATA","distrito":"LABERINTO","institucion":"GOBIERNO REGIONAL","codigoMinsa":11412,"direccion":"OTROS COMUNIDAD NATIVA DE SHIRINGAYOC COMUNIDAD NATIVA DE SHIRINGAYOC LABERINTO TAMBOPATA MADRE DE DIOS","disa":"MADRE DE DIOS","red":"MADRE DE DIOS","microrred":"LABERINTO","categoria":"ESTABLECIMIENTO DE SALUD SIN INTERNAMIENTO","condicion":"ACTIVO","actualizado":"2023/08/01 19:00:00.000","fuente":"MINSA","urlRenipr":"http://app20.susalud.gob.pe:8080/registro-renipress-webapp/ipress.htm?action=mostrarVer&idipress=00011412"}},{"type":"Feature","geometry":{"type":"Point","coordinates":[-69.32168962999998,-11.45530875999998]},"properties":{"objectid":9261,"nombre":"SAN LORENZO","departamento":"MADRE DE DIOS","provincia":"TAHUAMANU","distrito":"TAHUAMANU","institucion":"GOBIERNO REGIONAL","codigoMinsa":2805,"direccion":"OTROS COMUNIDAD SAN LORENZO COMUNIDAD SAN LORENZO TAHUAMANU TAHUAMANU MADRE DE DIOS","disa":"MADRE DE DIOS","red":"MADRE DE DIOS","microrred":"IBERIA","categoria":"ESTABLECIMIENTO DE SALUD SIN INTERNAMIENTO","condicion":"ACTIVO","actualizado":"2023/08/01 19:00:00.000","fuente":"MINSA","urlRenipr":"http://app20.susalud.gob.pe:8080/registro-renipress-webapp/ipress.htm?action=mostrarVer&idipress=00002805"}},{"type":"Feature","geometry":{"type":"Point","coordinates":[-69.39383089999995,-11.414693669999963]},"properties":{"objectid":9263,"nombre":"ABEJA","departamento":"MADRE DE DIOS","provincia":"TAHUAMANU","distrito":"IBERIA","institucion":"GOBIERNO REGIONAL","codigoMinsa":2796,"direccion":"CARRETERA CARRETERA INTEROCIANICA PUERTO - IBERIA CARRETERA INTEROCIANICA PUERTO - IBERIA IBERIA TAHUAMANU MADRE DE DIOS","disa":"","red":"","microrred":"","categoria":"ESTABLECIMIENTO DE SALUD SIN INTERNAMIENTO","condicion":"ACTIVO","actualizado":"2023/08/01 19:00:00.000","fuente":"MINSA","urlRenipr":"http://app20.susalud.gob.pe:8080/registro-renipress-webapp/ipress.htm?action=mostrarVer&idipress=00002796"}},{"type":"Feature","geometry":{"type":"Point","coordinates":[-70.25136717999999,-13.106016099999977]},"properties":{"objectid":9265,"nombre":"CABECERA MALINOSKI","departamento":"MADRE DE DIOS","provincia":"TAMBOPATA","distrito":"INAMBARI","institucion":"GOBIERNO REGIONAL","codigoMinsa":2732,"direccion":"OTROS COMUNIDAD MALINOSKI COMUNIDAD MALINOSKI INAMBARI TAMBOPATA MADRE DE DIOS","disa":"MADRE DE DIOS","red":"MADRE DE DIOS","microrred":"MAZUKO","categoria":"ESTABLECIMIENTO DE SALUD SIN INTERNAMIENTO","condicion":"ACTIVO","actualizado":"2023/08/01 19:00:00.000","fuente":"MINSA","urlRenipr":"http://app20.susalud.gob.pe:8080/registro-renipress-webapp/ipress.htm?action=mostrarVer&idipress=00002732"}},{"type":"Feature","geometry":{"type":"Point","coordinates":[-69.37050378999999,-12.548381549999931]},"properties":{"objectid":9266,"nombre":"TRES ISLAS","departamento":"MADRE DE DIOS","provincia":"TAMBOPATA","distrito":"TAMBOPATA","institucion":"GOBIERNO REGIONAL","codigoMinsa":2701,"direccion":"CARRETERA KM 18.5 CARRETERA TRES ISLAS KM 18.5 CARRETERA TRES ISLAS TAMBOPATA TAMBOPATA MADRE DE DIOS","disa":"MADRE DE DIOS","red":"MADRE DE DIOS","microrred":"JORGE CHAVEZ","categoria":"ESTABLECIMIENTO DE SALUD SIN INTERNAMIENTO","condicion":"ACTIVO","actualizado":"2023/08/01 19:00:00.000","fuente":"MINSA","urlRenipr":"http://app20.susalud.gob.pe:8080/registro-renipress-webapp/ipress.htm?action=mostrarVer&idipress=00002701"}},{"type":"Feature","geometry":{"type":"Point","coordinates":[-69.20324249999999,-12.58087489999997]},"properties":{"objectid":9939,"nombre":"CONSULTORIO DENTAL CARBAJAL","departamento":"MADRE DE DIOS","provincia":"TAMBOPATA","distrito":"TAMBOPATA","institucion":"PRIVADO","codigoMinsa":28625,"direccion":"AVENIDA Leon velarde NÚMERO 1102 PISO 1 DEPARTAMENTO 1 INTERIOR 1 DISTRITO TAMBOPATA PROVINCIA TAMBOPATA DEPARTAMENTO MADRE DE DIOS","disa":"MADRE DE DIOS","red":"NO PERTENECE A NINGUNA RED","microrred":"NO PERTENECE A NINGUNA MICRORED","categoria":"ESTABLECIMIENTO DE SALUD SIN INTERNAMIENTO","condicion":"ACTIVO","actualizado":"2023/08/01 19:00:00.000","fuente":"MINSA","urlRenipr":"http://app20.susalud.gob.pe:8080/registro-renipress-webapp/ipress.htm?action=mostrarVer&idipress=00028625"}},{"type":"Feature","geometry":{"type":"Point","coordinates":[-69.19880166999997,-12.581396669999947]},"properties":{"objectid":10035,"nombre":"HOSPITAL I VICTOR ALFREDO LAZO PERALTA","departamento":"MADRE DE DIOS","provincia":"TAMBOPATA","distrito":"TAMBOPATA","institucion":"ESSALUD","codigoMinsa":9319,"direccion":"AVENIDA AV. ANDRES AVELINO CACERES Nº 560 DISTRITO TAMBOPATA PROVINCIA TAMBOPATA DEPARTAMENTO MADRE DE DIOS","disa":"MADRE DE DIOS","red":"NO PERTENECE A NINGUNA RED","microrred":"NO PERTENECE A NINGUNA MICRORED","categoria":"ESTABLECIMIENTO DE SALUD CON INTERNAMIENTO","condicion":"ACTIVO","actualizado":"2023/08/01 19:00:00.000","fuente":"MINSA","urlRenipr":"http://app20.susalud.gob.pe:8080/registro-renipress-webapp/ipress.htm?action=mostrarVer&idipress=00009319"}},{"type":"Feature","geometry":{"type":"Point","coordinates":[-69.19880189999998,-12.60545639999998]},"properties":{"objectid":10221,"nombre":"CONSULTORIO ODONTOLOGICO \"SERVICIOS ODONTOLOGICOS STA. MADRE DE DIOS\"","departamento":"MADRE DE DIOS","provincia":"TAMBOPATA","distrito":"TAMBOPATA","institucion":"PRIVADO","codigoMinsa":26086,"direccion":"AVENIDA 28 DE JULIO 707 1 1 cercado A media cuadra de la oficina del abogado Grimaldo Achahui TAMBOPATA TAMBOPATA MADRE DE DIOS","disa":"MADRE DE DIOS","red":"NO PERTENECE A NINGUNA RED","microrred":"NO PERTENECE A NINGUNA MICRORED","categoria":"ESTABLECIMIENTO DE SALUD SIN INTERNAMIENTO","condicion":"ACTIVO","actualizado":"2023/08/01 19:00:00.000","fuente":"MINSA","urlRenipr":"http://app20.susalud.gob.pe:8080/registro-renipress-webapp/ipress.htm?action=mostrarVer&idipress=00026086"}},{"type":"Feature","geometry":{"type":"Point","coordinates":[-69.18621213999995,-12.596804279999958]},"properties":{"objectid":10791,"nombre":"CENTRO MEDICO ESPECIALIZADO \"SÁNCHEZ\"","departamento":"MADRE DE DIOS","provincia":"TAMBOPATA","distrito":"TAMBOPATA","institucion":"PRIVADO","codigoMinsa":27685,"direccion":"AVENIDA FITZCARRALD NÚMERO 651 DISTRITO TAMBOPATA PROVINCIA TAMBOPATA DEPARTAMENTO MADRE DE DIOS","disa":"MADRE DE DIOS","red":"NO PERTENECE A NINGUNA RED","microrred":"NO PERTENECE A NINGUNA MICRORED","categoria":"ESTABLECIMIENTO DE SALUD SIN INTERNAMIENTO","condicion":"ACTIVO","actualizado":"2023/08/01 19:00:00.000","fuente":"MINSA","urlRenipr":"http://app20.susalud.gob.pe:8080/registro-renipress-webapp/ipress.htm?action=mostrarVer&idipress=00027685"}},{"type":"Feature","geometry":{"type":"Point","coordinates":[-69.18988357999996,-12.593492899999944]},"properties":{"objectid":11067,"nombre":"CONSULTORIO DENTAL VITAL DENT","departamento":"MADRE DE DIOS","provincia":"TAMBOPATA","distrito":"TAMBOPATA","institucion":"PRIVADO","codigoMinsa":26085,"direccion":"AVENIDA Fitzcarrald NÚMERO J7 PISO 1 DEPARTAMENTO 1 INTERIOR 1 MANZANA j LOTE 7 DISTRITO TAMBOPATA PROVINCIA TAMBOPATA DEPARTAMENTO MADRE DE DIOS","disa":"MADRE DE DIOS","red":"NO PERTENECE A NINGUNA RED","microrred":"NO PERTENECE A NINGUNA MICRORED","categoria":"ESTABLECIMIENTO DE SALUD SIN INTERNAMIENTO","condicion":"ACTIVO","actualizado":"2023/08/01 19:00:00.000","fuente":"MINSA","urlRenipr":"http://app20.susalud.gob.pe:8080/registro-renipress-webapp/ipress.htm?action=mostrarVer&idipress=00026085"}},{"type":"Feature","geometry":{"type":"Point","coordinates":[-69.16933812999997,-12.585546179999938]},"properties":{"objectid":11389,"nombre":"EL TRIUNFO","departamento":"MADRE DE DIOS","provincia":"TAMBOPATA","distrito":"LAS PIEDRAS","institucion":"GOBIERNO REGIONAL","codigoMinsa":2746,"direccion":"CARRETERA CARRETERA MALDONADO-IBERIA KM 1 S/N S/N CARRETERA MALDONADO-IBERIA KM 1 S/N LAS PIEDRAS TAMBOPATA MADRE DE DIOS","disa":"MADRE DE DIOS","red":"MADRE DE DIOS","microrred":"JORGE CHAVEZ","categoria":"ESTABLECIMIENTO DE SALUD SIN INTERNAMIENTO","condicion":"ACTIVO","actualizado":"2023/08/01 19:00:00.000","fuente":"MINSA","urlRenipr":"http://app20.susalud.gob.pe:8080/registro-renipress-webapp/ipress.htm?action=mostrarVer&idipress=00002746"}},{"type":"Feature","geometry":{"type":"Point","coordinates":[-69.12305999999995,-12.121242059999929]},"properties":{"objectid":11390,"nombre":"ALEGRIA","departamento":"MADRE DE DIOS","provincia":"TAMBOPATA","distrito":"LAS PIEDRAS","institucion":"GOBIERNO REGIONAL","codigoMinsa":2748,"direccion":"CARRETERA CPM ALEGRIA KM. 59 CARRETERA A IBERIA CPM ALEGRIA KM. 59 CARRETERA A IBERIA LAS PIEDRAS TAMBOPATA MADRE DE DIOS","disa":"MADRE DE DIOS","red":"MADRE DE DIOS","microrred":"PLANCHON","categoria":"ESTABLECIMIENTO DE SALUD SIN INTERNAMIENTO","condicion":"ACTIVO","actualizado":"2023/08/01 19:00:00.000","fuente":"MINSA","urlRenipr":"http://app20.susalud.gob.pe:8080/registro-renipress-webapp/ipress.htm?action=mostrarVer&idipress=00002748"}},{"type":"Feature","geometry":{"type":"Point","coordinates":[-69.54877980999998,-11.217292509999936]},"properties":{"objectid":11391,"nombre":"CHILINA","departamento":"MADRE DE DIOS","provincia":"TAHUAMANU","distrito":"IBERIA","institucion":"GOBIERNO REGIONAL","codigoMinsa":2794,"direccion":"OTROS SAN ISIDRO KM. 24 SAN ISIDRO KM. 24 IBERIA TAHUAMANU MADRE DE DIOS","disa":"MADRE DE DIOS","red":"MADRE DE DIOS","microrred":"IBERIA","categoria":"ESTABLECIMIENTO DE SALUD SIN INTERNAMIENTO","condicion":"ACTIVO","actualizado":"2023/08/01 19:00:00.000","fuente":"MINSA","urlRenipr":"http://app20.susalud.gob.pe:8080/registro-renipress-webapp/ipress.htm?action=mostrarVer&idipress=00002794"}},{"type":"Feature","geometry":{"type":"Point","coordinates":[-69.48750261999999,-11.412301059999947]},"properties":{"objectid":11392,"nombre":"SAN MARTIN DE PORRES DE IBERIA","departamento":"MADRE DE DIOS","provincia":"TAHUAMANU","distrito":"IBERIA","institucion":"GOBIERNO REGIONAL","codigoMinsa":2793,"direccion":"CALLE CALLE MOCOPATA S/N S/N CALLE MOCOPATA S/N IBERIA TAHUAMANU MADRE DE DIOS","disa":"MADRE DE DIOS","red":"MADRE DE DIOS","microrred":"IBERIA","categoria":"ESTABLECIMIENTO DE SALUD CON INTERNAMIENTO","condicion":"ACTIVO","actualizado":"2023/08/01 19:00:00.000","fuente":"MINSA","urlRenipr":"http://app20.susalud.gob.pe:8080/registro-renipress-webapp/ipress.htm?action=mostrarVer&idipress=00002793"}},{"type":"Feature","geometry":{"type":"Point","coordinates":[-71.34952907999997,-12.88834645999998]},"properties":{"objectid":11393,"nombre":"GAMITANA","departamento":"MADRE DE DIOS","provincia":"MANU","distrito":"MANU","institucion":"GOBIERNO REGIONAL","codigoMinsa":2782,"direccion":"OTROS CENTRO POBLADO GAMITANA CENTRO POBLADO GAMITANA MANU MANU MADRE DE DIOS","disa":"MADRE DE DIOS","red":"MADRE DE DIOS","microrred":"SALVACION","categoria":"ESTABLECIMIENTO DE SALUD SIN INTERNAMIENTO","condicion":"ACTIVO","actualizado":"2023/08/01 19:00:00.000","fuente":"MINSA","urlRenipr":"http://app20.susalud.gob.pe:8080/registro-renipress-webapp/ipress.htm?action=mostrarVer&idipress=00002782"}},{"type":"Feature","geometry":{"type":"Point","coordinates":[-69.35700896999998,-12.225415889999965]},"properties":{"objectid":11394,"nombre":"MONTE SALVADO","departamento":"MADRE DE DIOS","provincia":"TAMBOPATA","distrito":"LAS PIEDRAS","institucion":"GOBIERNO REGIONAL","codigoMinsa":2753,"direccion":"OTROS COMUNIDAD NATIVA MONTE SALVADO COMUNIDAD NATIVA MONTE SALVADO LAS PIEDRAS TAMBOPATA MADRE DE DIOS","disa":"MADRE DE DIOS","red":"MADRE DE DIOS","microrred":"PLANCHON","categoria":"ESTABLECIMIENTO DE SALUD SIN INTERNAMIENTO","condicion":"ACTIVO","actualizado":"2023/08/01 19:00:00.000","fuente":"MINSA","urlRenipr":"http://app20.susalud.gob.pe:8080/registro-renipress-webapp/ipress.htm?action=mostrarVer&idipress=00002753"}},{"type":"Feature","geometry":{"type":"Point","coordinates":[-69.47066166999997,-12.097949999999969]},"properties":{"objectid":11395,"nombre":"LUCERNA","departamento":"MADRE DE DIOS","provincia":"TAMBOPATA","distrito":"LAS PIEDRAS","institucion":"GOBIERNO REGIONAL","codigoMinsa":2751,"direccion":"CARRETERA CARRETERA VARSOVIA,LUCERNA CARRETERA VARSOVIA,LUCERNA LAS PIEDRAS TAMBOPATA MADRE DE DIOS","disa":"MADRE DE DIOS","red":"MADRE DE DIOS","microrred":"PLANCHON","categoria":"ESTABLECIMIENTO DE SALUD SIN INTERNAMIENTO","condicion":"ACTIVO","actualizado":"2023/08/01 19:00:00.000","fuente":"MINSA","urlRenipr":"http://app20.susalud.gob.pe:8080/registro-renipress-webapp/ipress.htm?action=mostrarVer&idipress=00002751"}},{"type":"Feature","geometry":{"type":"Point","coordinates":[-69.11884565999998,-11.935530859999972]},"properties":{"objectid":11396,"nombre":"MAVILA","departamento":"MADRE DE DIOS","provincia":"TAMBOPATA","distrito":"LAS PIEDRAS","institucion":"GOBIERNO REGIONAL","codigoMinsa":2745,"direccion":"CARRETERA CARRETERA MALDONADO IBERIA KM. 80 CARRETERA MALDONADO IBERIA KM. 80 LAS PIEDRAS TAMBOPATA MADRE DE DIOS","disa":"MADRE DE DIOS","red":"MADRE DE DIOS","microrred":"PLANCHON","categoria":"ESTABLECIMIENTO DE SALUD SIN INTERNAMIENTO","condicion":"ACTIVO","actualizado":"2023/08/01 19:00:00.000","fuente":"MINSA","urlRenipr":"http://app20.susalud.gob.pe:8080/registro-renipress-webapp/ipress.htm?action=mostrarVer&idipress=00002745"}},{"type":"Feature","geometry":{"type":"Point","coordinates":[-69.27250038999995,-12.320245419999935]},"properties":{"objectid":11397,"nombre":"SABALUYOC","departamento":"MADRE DE DIOS","provincia":"TAMBOPATA","distrito":"LAS PIEDRAS","institucion":"GOBIERNO REGIONAL","codigoMinsa":2726,"direccion":"OTROS COMUNIDAD SABALUYOC COMUNIDAD SABALUYOC LAS PIEDRAS TAMBOPATA MADRE DE DIOS","disa":"MADRE DE DIOS","red":"MADRE DE DIOS","microrred":"PLANCHON","categoria":"ESTABLECIMIENTO DE SALUD SIN INTERNAMIENTO","condicion":"ACTIVO","actualizado":"2023/08/01 19:00:00.000","fuente":"MINSA","urlRenipr":"http://app20.susalud.gob.pe:8080/registro-renipress-webapp/ipress.htm?action=mostrarVer&idipress=00002726"}},{"type":"Feature","geometry":{"type":"Point","coordinates":[-69.20324249999999,-12.58087489999997]},"properties":{"objectid":11525,"nombre":"CENTRO MEDICO BLV","departamento":"MADRE DE DIOS","provincia":"TAMBOPATA","distrito":"TAMBOPATA","institucion":"PRIVADO","codigoMinsa":12371,"direccion":"JIRÓN JR. GONZALES PRADA N° 308 DISTRITO TAMBOPATA PROVINCIA TAMBOPATA DEPARTAMENTO MADRE DE DIOS","disa":"MADRE DE DIOS","red":"NO PERTENECE A NINGUNA RED","microrred":"NO PERTENECE A NINGUNA MICRORED","categoria":"ESTABLECIMIENTO DE SALUD SIN INTERNAMIENTO","condicion":"ACTIVO","actualizado":"2023/08/01 19:00:00.000","fuente":"MINSA","urlRenipr":"http://app20.susalud.gob.pe:8080/registro-renipress-webapp/ipress.htm?action=mostrarVer&idipress=00012371"}},{"type":"Feature","geometry":{"type":"Point","coordinates":[-69.18337269999995,-12.600832289999971]},"properties":{"objectid":11550,"nombre":"SERVICIO MEDICO DE APOYO DE TRASLADO DE PACIENTES IROMEDIC","departamento":"MADRE DE DIOS","provincia":"TAMBOPATA","distrito":"TAMBOPATA","institucion":"PRIVADO","codigoMinsa":28502,"direccion":"AVENIDA LEON VELARDE NÚMERO 1102 DISTRITO TAMBOPATA PROVINCIA TAMBOPATA DEPARTAMENTO MADRE DE DIOS","disa":"MADRE DE DIOS","red":"NO PERTENECE A NINGUNA RED","microrred":"NO PERTENECE A NINGUNA MICRORED","categoria":"SERVICIO MÉDICO DE APOYO","condicion":"ACTIVO","actualizado":"2023/08/01 19:00:00.000","fuente":"MINSA","urlRenipr":"http://app20.susalud.gob.pe:8080/registro-renipress-webapp/ipress.htm?action=mostrarVer&idipress=00028502"}},{"type":"Feature","geometry":{"type":"Point","coordinates":[-69.18968471999995,-12.59361821999994]},"properties":{"objectid":11933,"nombre":"DENTAL TAMBOPATA","departamento":"MADRE DE DIOS","provincia":"TAMBOPATA","distrito":"TAMBOPATA","institucion":"PRIVADO","codigoMinsa":27682,"direccion":"AVENIDA FITZCARRALD MANZANA I LOTE 9B DISTRITO TAMBOPATA PROVINCIA TAMBOPATA DEPARTAMENTO MADRE DE DIOS","disa":"","red":"","microrred":"","categoria":"ESTABLECIMIENTO DE SALUD SIN INTERNAMIENTO","condicion":"RUC INACTIVO EN SUNAT","actualizado":"2023/08/01 19:00:00.000","fuente":"MINSA","urlRenipr":"http://app20.susalud.gob.pe:8080/registro-renipress-webapp/ipress.htm?action=mostrarVer&idipress=00027682"}},{"type":"Feature","geometry":{"type":"Point","coordinates":[-69.18570163999993,-12.602672609999956]},"properties":{"objectid":11984,"nombre":"Consultorio Dermatologico Dra Pierina Chavez","departamento":"MADRE DE DIOS","provincia":"TAMBOPATA","distrito":"TAMBOPATA","institucion":"PRIVADO","codigoMinsa":28931,"direccion":"JIRÓN Junin Cuadra 1 NÚMERO S/N DISTRITO TAMBOPATA PROVINCIA TAMBOPATA DEPARTAMENTO MADRE DE DIOS","disa":"MADRE DE DIOS","red":"NO PERTENECE A NINGUNA RED","microrred":"NO PERTENECE A NINGUNA MICRORED","categoria":"ESTABLECIMIENTO DE SALUD SIN INTERNAMIENTO","condicion":"ACTIVO","actualizado":"2023/08/01 19:00:00.000","fuente":"MINSA","urlRenipr":"http://app20.susalud.gob.pe:8080/registro-renipress-webapp/ipress.htm?action=mostrarVer&idipress=00028931"}},{"type":"Feature","geometry":{"type":"Point","coordinates":[-69.18275388999996,-12.600136159999977]},"properties":{"objectid":11985,"nombre":"CONSULTORIO MEDICO MI SALUD SERVICIOS MEDICOS BLAS","departamento":"MADRE DE DIOS","provincia":"TAMBOPATA","distrito":"TAMBOPATA","institucion":"PRIVADO","codigoMinsa":27674,"direccion":"AVENIDA LEON VELARDE NÚMERO 1014 DISTRITO TAMBOPATA PROVINCIA TAMBOPATA DEPARTAMENTO MADRE DE DIOS","disa":"MADRE DE DIOS","red":"NO PERTENECE A NINGUNA RED","microrred":"NO PERTENECE A NINGUNA MICRORED","categoria":"ESTABLECIMIENTO DE SALUD SIN INTERNAMIENTO","condicion":"ACTIVO","actualizado":"2023/08/01 19:00:00.000","fuente":"MINSA","urlRenipr":"http://app20.susalud.gob.pe:8080/registro-renipress-webapp/ipress.htm?action=mostrarVer&idipress=00027674"}},{"type":"Feature","geometry":{"type":"Point","coordinates":[-69.23130784999995,-12.62975038999997]},"properties":{"objectid":12649,"nombre":"SANIDAD BAMAL","departamento":"MADRE DE DIOS","provincia":"TAMBOPATA","distrito":"TAMBOPATA","institucion":"SANIDAD DE LA FUERZA AEREA DEL PERU","codigoMinsa":18451,"direccion":"OTROS BASE AÉREA DE PUERTO MALDONADO S/N NÚMERO S/N DISTRITO TAMBOPATA PROVINCIA TAMBOPATA DEPARTAMENTO MADRE DE DIOS","disa":"MADRE DE DIOS","red":"NO PERTENECE A NINGUNA RED","microrred":"NO PERTENECE A NINGUNA MICRORED","categoria":"ESTABLECIMIENTO DE SALUD SIN INTERNAMIENTO","condicion":"ACTIVO","actualizado":"2023/08/01 19:00:00.000","fuente":"MINSA","urlRenipr":"http://app20.susalud.gob.pe:8080/registro-renipress-webapp/ipress.htm?action=mostrarVer&idipress=00018451"}},{"type":"Feature","geometry":{"type":"Point","coordinates":[-69.18622734999997,-12.596780359999968]},"properties":{"objectid":13028,"nombre":"CONSULTORIO MEDICO SANTISIMA TRINIDAD E.I.R.L.","departamento":"MADRE DE DIOS","provincia":"TAMBOPATA","distrito":"TAMBOPATA","institucion":"PRIVADO","codigoMinsa":11858,"direccion":"AVENIDA AV. FITZCARRALD Nº 635 DISTRITO TAMBOPATA PROVINCIA TAMBOPATA DEPARTAMENTO MADRE DE DIOS","disa":"MADRE DE DIOS","red":"NO PERTENECE A NINGUNA RED","microrred":"NO PERTENECE A NINGUNA MICRORED","categoria":"ESTABLECIMIENTO DE SALUD SIN INTERNAMIENTO","condicion":"ACTIVO","actualizado":"2023/08/01 19:00:00.000","fuente":"MINSA","urlRenipr":"http://app20.susalud.gob.pe:8080/registro-renipress-webapp/ipress.htm?action=mostrarVer&idipress=00011858"}},{"type":"Feature","geometry":{"type":"Point","coordinates":[-69.18308832999998,-12.60136166999996]},"properties":{"objectid":13490,"nombre":"SANTA ROSA","departamento":"MADRE DE DIOS","provincia":"TAMBOPATA","distrito":"TAMBOPATA","institucion":"GOBIERNO REGIONAL","codigoMinsa":2698,"direccion":"JIRÓN JR. CAJAMARCA Nº 171 JR. CAJAMARCA Nº 171 TAMBOPATA TAMBOPATA MADRE DE DIOS","disa":"MADRE DE DIOS","red":"NO PERTENECE A NINGUNA RED","microrred":"NO PERTENECE A NINGUNA MICRORED","categoria":"ESTABLECIMIENTO DE SALUD CON INTERNAMIENTO","condicion":"ACTIVO","actualizado":"2023/08/01 19:00:00.000","fuente":"MINSA","urlRenipr":"http://app20.susalud.gob.pe:8080/registro-renipress-webapp/ipress.htm?action=mostrarVer&idipress=00002698"}},{"type":"Feature","geometry":{"type":"Point","coordinates":[-71.29464999999993,-12.669178329999966]},"properties":{"objectid":13492,"nombre":"SHINTUYA","departamento":"MADRE DE DIOS","provincia":"MANU","distrito":"MANU","institucion":"GOBIERNO REGIONAL","codigoMinsa":2776,"direccion":"OTROS COMUNIDAD SHINTUYA COMUNIDAD SHINTUYA MANU MANU MADRE DE DIOS","disa":"MADRE DE DIOS","red":"MADRE DE DIOS","microrred":"SALVACION","categoria":"ESTABLECIMIENTO DE SALUD SIN INTERNAMIENTO","condicion":"ACTIVO","actualizado":"2023/08/01 19:00:00.000","fuente":"MINSA","urlRenipr":"http://app20.susalud.gob.pe:8080/registro-renipress-webapp/ipress.htm?action=mostrarVer&idipress=00002776"}},{"type":"Feature","geometry":{"type":"Point","coordinates":[-69.94556416999995,-12.898520099999928]},"properties":{"objectid":13493,"nombre":"ALTO LIBERTAD","departamento":"MADRE DE DIOS","provincia":"TAMBOPATA","distrito":"INAMBARI","institucion":"GOBIERNO REGIONAL","codigoMinsa":2739,"direccion":"OTROS COMUNIDAD ALTO LIBERTAD KM 98 COMUNIDAD ALTO LIBERTAD KM 98 INAMBARI TAMBOPATA MADRE DE DIOS","disa":"MADRE DE DIOS","red":"MADRE DE DIOS","microrred":"MAZUKO","categoria":"ESTABLECIMIENTO DE SALUD SIN INTERNAMIENTO","condicion":"ACTIVO","actualizado":"2023/08/01 19:00:00.000","fuente":"MINSA","urlRenipr":"http://app20.susalud.gob.pe:8080/registro-renipress-webapp/ipress.htm?action=mostrarVer&idipress=00002739"}},{"type":"Feature","geometry":{"type":"Point","coordinates":[-69.83189999999996,-12.653798329999972]},"properties":{"objectid":13494,"nombre":"LAGARTO","departamento":"MADRE DE DIOS","provincia":"TAMBOPATA","distrito":"LABERINTO","institucion":"GOBIERNO REGIONAL","codigoMinsa":2760,"direccion":"OTROS COMUNIDAD LAGARTO DISTRITO LABERINTO PROVINCIA TAMBOPATA DEPARTAMENTO MADRE DE DIOS","disa":"MADRE DE DIOS","red":"MADRE DE DIOS","microrred":"LABERINTO","categoria":"ESTABLECIMIENTO DE SALUD SIN INTERNAMIENTO","condicion":"ACTIVO","actualizado":"2023/08/01 19:00:00.000","fuente":"MINSA","urlRenipr":"http://app20.susalud.gob.pe:8080/registro-renipress-webapp/ipress.htm?action=mostrarVer&idipress=00002760"}},{"type":"Feature","geometry":{"type":"Point","coordinates":[-69.13774376999999,-11.86718559999997]},"properties":{"objectid":13495,"nombre":"LA NOVIA","departamento":"MADRE DE DIOS","provincia":"TAHUAMANU","distrito":"TAHUAMANU","institucion":"GOBIERNO REGIONAL","codigoMinsa":2806,"direccion":"CARRETERA CARRETERA IBERIA KM 80 DISTRITO TAHUAMANU PROVINCIA TAHUAMANU DEPARTAMENTO MADRE DE DIOS","disa":"MADRE DE DIOS","red":"MADRE DE DIOS","microrred":"IBERIA","categoria":"ESTABLECIMIENTO DE SALUD SIN INTERNAMIENTO","condicion":"ACTIVO","actualizado":"2023/08/01 19:00:00.000","fuente":"MINSA","urlRenipr":"http://app20.susalud.gob.pe:8080/registro-renipress-webapp/ipress.htm?action=mostrarVer&idipress=00002806"}},{"type":"Feature","geometry":{"type":"Point","coordinates":[-70.59114914999998,-12.98374930999995]},"properties":{"objectid":13496,"nombre":"CHOQUE","departamento":"MADRE DE DIOS","provincia":"MANU","distrito":"HUEPETUHE","institucion":"GOBIERNO REGIONAL","codigoMinsa":2785,"direccion":"OTROS CENTRO POBLADO CHOQUE CENTRO POBLADO CHOQUE HUEPETUHE MANU MADRE DE DIOS","disa":"MADRE DE DIOS","red":"MADRE DE DIOS","microrred":"HUEPETUHE","categoria":"ESTABLECIMIENTO DE SALUD SIN INTERNAMIENTO","condicion":"ACTIVO","actualizado":"2023/08/01 19:00:00.000","fuente":"MINSA","urlRenipr":"http://app20.susalud.gob.pe:8080/registro-renipress-webapp/ipress.htm?action=mostrarVer&idipress=00002785"}},{"type":"Feature","geometry":{"type":"Point","coordinates":[-69.66358464999996,-12.823733619999928]},"properties":{"objectid":13497,"nombre":"VIRGENES DEL SOL","departamento":"MADRE DE DIOS","provincia":"TAMBOPATA","distrito":"LABERINTO","institucion":"GOBIERNO REGIONAL","codigoMinsa":2765,"direccion":"OTROS COMUNIDAD VIRGENES DEL SOL COMUNIDAD VIRGENES DEL SOL LABERINTO TAMBOPATA MADRE DE DIOS","disa":"MADRE DE DIOS","red":"MADRE DE DIOS","microrred":"LABERINTO","categoria":"ESTABLECIMIENTO DE SALUD SIN INTERNAMIENTO","condicion":"ACTIVO","actualizado":"2023/08/01 19:00:00.000","fuente":"MINSA","urlRenipr":"http://app20.susalud.gob.pe:8080/registro-renipress-webapp/ipress.htm?action=mostrarVer&idipress=00002765"}},{"type":"Feature","geometry":{"type":"Point","coordinates":[-69.67344198999996,-12.707676929999934]},"properties":{"objectid":13498,"nombre":"BOCA UNION","departamento":"MADRE DE DIOS","provincia":"TAMBOPATA","distrito":"LABERINTO","institucion":"GOBIERNO REGIONAL","codigoMinsa":2763,"direccion":"OTROS COMUNIDAD BOCA UNION COMUNIDAD BOCA UNION LABERINTO TAMBOPATA MADRE DE DIOS","disa":"MADRE DE DIOS","red":"MADRE DE DIOS","microrred":"LABERINTO","categoria":"ESTABLECIMIENTO DE SALUD SIN INTERNAMIENTO","condicion":"ACTIVO","actualizado":"2023/08/01 19:00:00.000","fuente":"MINSA","urlRenipr":"http://app20.susalud.gob.pe:8080/registro-renipress-webapp/ipress.htm?action=mostrarVer&idipress=00002763"}},{"type":"Feature","geometry":{"type":"Point","coordinates":[-71.22761999999994,-12.631969999999967]},"properties":{"objectid":13499,"nombre":"LA JOYA","departamento":"MADRE DE DIOS","provincia":"TAMBOPATA","distrito":"TAMBOPATA","institucion":"GOBIERNO REGIONAL","codigoMinsa":2704,"direccion":"AVENIDA AV. CENTENARIO S/N S/N AV. CENTENARIO S/N TAMBOPATA TAMBOPATA MADRE DE DIOS","disa":"MADRE DE DIOS","red":"MADRE DE DIOS","microrred":"NUEVO MILENIO","categoria":"ESTABLECIMIENTO DE SALUD SIN INTERNAMIENTO","condicion":"ACTIVO","actualizado":"2023/08/01 19:00:00.000","fuente":"MINSA","urlRenipr":"http://app20.susalud.gob.pe:8080/registro-renipress-webapp/ipress.htm?action=mostrarVer&idipress=00002704"}},{"type":"Feature","geometry":{"type":"Point","coordinates":[-69.19471625999995,-12.593253119999929]},"properties":{"objectid":13857,"nombre":"CONSULTORIO MEDICO Y OBSTETRICO LA FAMILIA","departamento":"MADRE DE DIOS","provincia":"TAMBOPATA","distrito":"TAMBOPATA","institucion":"PRIVADO","codigoMinsa":27676,"direccion":"AVENIDA TAMBOPATA NÚMERO 1183 DISTRITO TAMBOPATA PROVINCIA TAMBOPATA DEPARTAMENTO MADRE DE DIOS","disa":"MADRE DE DIOS","red":"NO PERTENECE A NINGUNA RED","microrred":"NO PERTENECE A NINGUNA MICRORED","categoria":"ESTABLECIMIENTO DE SALUD SIN INTERNAMIENTO","condicion":"ACTIVO","actualizado":"2023/08/01 19:00:00.000","fuente":"MINSA","urlRenipr":"http://app20.susalud.gob.pe:8080/registro-renipress-webapp/ipress.htm?action=mostrarVer&idipress=00027676"}},{"type":"Feature","geometry":{"type":"Point","coordinates":[-69.57827779999997,-10.949054799999942]},"properties":{"objectid":14052,"nombre":"CONSULTORIO MEDICO SAUDE","departamento":"MADRE DE DIOS","provincia":"TAHUAMANU","distrito":"IÑAPARI","institucion":"PRIVADO","codigoMinsa":28696,"direccion":"AVENIDA LEON VELARDE DISTRITO IÑAPARI PROVINCIA TAHUAMANU DEPARTAMENTO MADRE DE DIOS","disa":"MADRE DE DIOS","red":"NO PERTENECE A NINGUNA RED","microrred":"NO PERTENECE A NINGUNA MICRORED","categoria":"ESTABLECIMIENTO DE SALUD SIN INTERNAMIENTO","condicion":"ACTIVO","actualizado":"2023/08/01 19:00:00.000","fuente":"MINSA","urlRenipr":"http://app20.susalud.gob.pe:8080/registro-renipress-webapp/ipress.htm?action=mostrarVer&idipress=00028696"}},{"type":"Feature","geometry":{"type":"Point","coordinates":[-69.17472502999993,-12.593752819999963]},"properties":{"objectid":14654,"nombre":"ENFERMERÍA SERVICIOS DE SANIDAD NAVAL","departamento":"MADRE DE DIOS","provincia":"TAMBOPATA","distrito":"TAMBOPATA","institucion":"SANIDAD DE LA MARINA DE GUERRA DEL PERU","codigoMinsa":9322,"direccion":"JIRÓN JR. BILLINGHURST CUADRA 1 DISTRITO TAMBOPATA PROVINCIA TAMBOPATA DEPARTAMENTO MADRE DE DIOS","disa":"MADRE DE DIOS","red":"NO PERTENECE A NINGUNA RED","microrred":"NO PERTENECE A NINGUNA MICRORED","categoria":"ESTABLECIMIENTO DE SALUD SIN INTERNAMIENTO","condicion":"ACTIVO","actualizado":"2023/08/01 19:00:00.000","fuente":"MINSA","urlRenipr":"http://app20.susalud.gob.pe:8080/registro-renipress-webapp/ipress.htm?action=mostrarVer&idipress=00009322"}},{"type":"Feature","geometry":{"type":"Point","coordinates":[-69.18607609999998,-12.595058799999947]},"properties":{"objectid":15092,"nombre":"CONSULTORIO DENTAL LASER","departamento":"MADRE DE DIOS","provincia":"TAMBOPATA","distrito":"TAMBOPATA","institucion":"PRIVADO","codigoMinsa":26084,"direccion":"JIRÓN ICA NÚMERO 630 DISTRITO TAMBOPATA PROVINCIA TAMBOPATA DEPARTAMENTO MADRE DE DIOS","disa":"MADRE DE DIOS","red":"NO PERTENECE A NINGUNA RED","microrred":"NO PERTENECE A NINGUNA MICRORED","categoria":"ESTABLECIMIENTO DE SALUD SIN INTERNAMIENTO","condicion":"ACTIVO","actualizado":"2023/08/01 19:00:00.000","fuente":"MINSA","urlRenipr":"http://app20.susalud.gob.pe:8080/registro-renipress-webapp/ipress.htm?action=mostrarVer&idipress=00026084"}},{"type":"Feature","geometry":{"type":"Point","coordinates":[-69.18286965999994,-12.599387579999927]},"properties":{"objectid":15364,"nombre":"CENTRO MEDICO SANTA ROSA","departamento":"MADRE DE DIOS","provincia":"TAMBOPATA","distrito":"TAMBOPATA","institucion":"PRIVADO","codigoMinsa":28832,"direccion":"AVENIDA FITZCARRALD NÚMERO 252 PISO 1 DISTRITO TAMBOPATA PROVINCIA TAMBOPATA DEPARTAMENTO MADRE DE DIOS","disa":"MADRE DE DIOS","red":"NO PERTENECE A NINGUNA RED","microrred":"NO PERTENECE A NINGUNA MICRORED","categoria":"ESTABLECIMIENTO DE SALUD SIN INTERNAMIENTO","condicion":"ACTIVO","actualizado":"2023/08/01 19:00:00.000","fuente":"MINSA","urlRenipr":"http://app20.susalud.gob.pe:8080/registro-renipress-webapp/ipress.htm?action=mostrarVer&idipress=00028832"}},{"type":"Feature","geometry":{"type":"Point","coordinates":[-69.34653207999997,-12.66943938999998]},"properties":{"objectid":15555,"nombre":"FITZCARRALD","departamento":"MADRE DE DIOS","provincia":"TAMBOPATA","distrito":"TAMBOPATA","institucion":"GOBIERNO REGIONAL","codigoMinsa":2711,"direccion":"CARRETERA CARRETERA PTO. CUSCO KM. 23 DISTRITO TAMBOPATA PROVINCIA TAMBOPATA DEPARTAMENTO MADRE DE DIOS","disa":"MADRE DE DIOS","red":"MADRE DE DIOS","microrred":"NUEVO MILENIO","categoria":"ESTABLECIMIENTO DE SALUD SIN INTERNAMIENTO","condicion":"ACTIVO","actualizado":"2023/08/01 19:00:00.000","fuente":"MINSA","urlRenipr":"http://app20.susalud.gob.pe:8080/registro-renipress-webapp/ipress.htm?action=mostrarVer&idipress=00002711"}},{"type":"Feature","geometry":{"type":"Point","coordinates":[-69.94925980999994,-12.771812759999932]},"properties":{"objectid":15556,"nombre":"JAYAVE","departamento":"MADRE DE DIOS","provincia":"TAMBOPATA","distrito":"INAMBARI","institucion":"GOBIERNO REGIONAL","codigoMinsa":2731,"direccion":"OTROS COMUNIDAD JAYAVE RIO INAMBARI COMUNIDAD JAYAVE RIO INAMBARI INAMBARI TAMBOPATA MADRE DE DIOS","disa":"MADRE DE DIOS","red":"MADRE DE DIOS","microrred":"MAZUKO","categoria":"ESTABLECIMIENTO DE SALUD SIN INTERNAMIENTO","condicion":"ACTIVO","actualizado":"2023/08/01 19:00:00.000","fuente":"MINSA","urlRenipr":"http://app20.susalud.gob.pe:8080/registro-renipress-webapp/ipress.htm?action=mostrarVer&idipress=00002731"}},{"type":"Feature","geometry":{"type":"Point","coordinates":[-69.19167768999995,-12.591539249999926]},"properties":{"objectid":15557,"nombre":"BOCA AMIGO","departamento":"MADRE DE DIOS","provincia":"MANU","distrito":"MADRE DE DIOS","institucion":"GOBIERNO REGIONAL","codigoMinsa":2743,"direccion":"OTROS COMUNIDAD DE BOCA AMIGO COMUNIDAD DE BOCA AMIGO MADRE DE DIOS MANU MADRE DE DIOS","disa":"MADRE DE DIOS","red":"MADRE DE DIOS","microrred":"BOCA COLORADO","categoria":"ESTABLECIMIENTO DE SALUD SIN INTERNAMIENTO","condicion":"ACTIVO","actualizado":"2023/08/01 19:00:00.000","fuente":"MINSA","urlRenipr":"http://app20.susalud.gob.pe:8080/registro-renipress-webapp/ipress.htm?action=mostrarVer&idipress=00002743"}},{"type":"Feature","geometry":{"type":"Point","coordinates":[-70.03727417999994,-12.796680369999933]},"properties":{"objectid":15558,"nombre":"SARAYACU","departamento":"MADRE DE DIOS","provincia":"TAMBOPATA","distrito":"INAMBARI","institucion":"GOBIERNO REGIONAL","codigoMinsa":2736,"direccion":"OTROS COMUNIDAD SARAYACU COMUNIDAD SARAYACU INAMBARI TAMBOPATA MADRE DE DIOS","disa":"MADRE DE DIOS","red":"MADRE DE DIOS","microrred":"MAZUKO","categoria":"ESTABLECIMIENTO DE SALUD SIN INTERNAMIENTO","condicion":"ACTIVO","actualizado":"2023/08/01 19:00:00.000","fuente":"MINSA","urlRenipr":"http://app20.susalud.gob.pe:8080/registro-renipress-webapp/ipress.htm?action=mostrarVer&idipress=00002736"}},{"type":"Feature","geometry":{"type":"Point","coordinates":[-70.53319666999994,-12.812176669999928]},"properties":{"objectid":15559,"nombre":"PUQUIRI","departamento":"MADRE DE DIOS","provincia":"MANU","distrito":"HUEPETUHE","institucion":"GOBIERNO REGIONAL","codigoMinsa":2783,"direccion":"DELTA 2 TROCHA","disa":"","red":"","microrred":"","categoria":"ESTABLECIMIENTO DE SALUD SIN INTERNAMIENTO","condicion":"CIERRE TEMPORAL","actualizado":"2023/08/01 19:00:00.000","fuente":"MINSA","urlRenipr":"http://app20.susalud.gob.pe:8080/registro-renipress-webapp/ipress.htm?action=mostrarVer&idipress=00002783"}},{"type":"Feature","geometry":{"type":"Point","coordinates":[-69.21706178999995,-12.58502625999995]},"properties":{"objectid":15562,"nombre":"ALTA PASTORA","departamento":"MADRE DE DIOS","provincia":"TAMBOPATA","distrito":"TAMBOPATA","institucion":"GOBIERNO REGIONAL","codigoMinsa":2706,"direccion":"OTROS PUERTO PASTORA KM 4.5 PUERTO PASTORA KM 4.5 TAMBOPATA TAMBOPATA MADRE DE DIOS","disa":"MADRE DE DIOS","red":"MADRE DE DIOS","microrred":"JORGE CHAVEZ","categoria":"ESTABLECIMIENTO DE SALUD SIN INTERNAMIENTO","condicion":"ACTIVO","actualizado":"2023/08/01 19:00:00.000","fuente":"MINSA","urlRenipr":"http://app20.susalud.gob.pe:8080/registro-renipress-webapp/ipress.htm?action=mostrarVer&idipress=00002706"}},{"type":"Feature","geometry":{"type":"Point","coordinates":[-69.18271398999997,-12.596849549999945]},"properties":{"objectid":16079,"nombre":"CONSULTORIO DENTAL DENTIDENT","departamento":"MADRE DE DIOS","provincia":"TAMBOPATA","distrito":"TAMBOPATA","institucion":"PRIVADO","codigoMinsa":28962,"direccion":"JIRÓN TACNA NÚMERO 311 PISO 1 DISTRITO TAMBOPATA PROVINCIA TAMBOPATA DEPARTAMENTO MADRE DE DIOS","disa":"MADRE DE DIOS","red":"NO PERTENECE A NINGUNA RED","microrred":"NO PERTENECE A NINGUNA MICRORED","categoria":"ESTABLECIMIENTO DE SALUD SIN INTERNAMIENTO","condicion":"ACTIVO","actualizado":"2023/08/01 19:00:00.000","fuente":"MINSA","urlRenipr":"http://app20.susalud.gob.pe:8080/registro-renipress-webapp/ipress.htm?action=mostrarVer&idipress=00028962"}},{"type":"Feature","geometry":{"type":"Point","coordinates":[-69.20636703999998,-12.589282829999945]},"properties":{"objectid":16175,"nombre":"TOPICO ANGELITO","departamento":"MADRE DE DIOS","provincia":"TAMBOPATA","distrito":"TAMBOPATA","institucion":"PRIVADO","codigoMinsa":30795,"direccion":"JIRÓN JORGE CHAVEZ SN DISTRITO TAMBOPATA PROVINCIA TAMBOPATA DEPARTAMENTO MADRE DE DIOS","disa":"MADRE DE DIOS","red":"","microrred":"","categoria":"ESTABLECIMIENTO DE SALUD SIN INTERNAMIENTO","condicion":"ACTIVO","actualizado":"2023/08/01 19:00:00.000","fuente":"MINSA","urlRenipr":"http://app20.susalud.gob.pe:8080/registro-renipress-webapp/ipress.htm?action=mostrarVer&idipress=00030795"}},{"type":"Feature","geometry":{"type":"Point","coordinates":[-69.17750108999996,-12.592677959999946]},"properties":{"objectid":16650,"nombre":"POSTA MEDICA DE LA PNP","departamento":"MADRE DE DIOS","provincia":"TAMBOPATA","distrito":"TAMBOPATA","institucion":"SANIDAD DE LA POLICIA NACIONAL DEL PERU","codigoMinsa":9320,"direccion":"JIRÓN JR. PUNO CON JR. LORETO DISTRITO TAMBOPATA PROVINCIA TAMBOPATA DEPARTAMENTO MADRE DE DIOS","disa":"MADRE DE DIOS","red":"NO PERTENECE A NINGUNA RED","microrred":"NO PERTENECE A NINGUNA MICRORED","categoria":"ESTABLECIMIENTO DE SALUD SIN INTERNAMIENTO","condicion":"ACTIVO","actualizado":"2023/08/01 19:00:00.000","fuente":"MINSA","urlRenipr":"http://app20.susalud.gob.pe:8080/registro-renipress-webapp/ipress.htm?action=mostrarVer&idipress=00009320"}},{"type":"Feature","geometry":{"type":"Point","coordinates":[-69.06461244999997,-12.01178755999996]},"properties":{"objectid":16862,"nombre":"PIÑAL","departamento":"MADRE DE DIOS","provincia":"TAMBOPATA","distrito":"LAS PIEDRAS","institucion":"GOBIERNO REGIONAL","codigoMinsa":2747,"direccion":"COMUNIDAD PIÑAL","disa":"","red":"","microrred":"","categoria":"ESTABLECIMIENTO DE SALUD SIN INTERNAMIENTO","condicion":"RETIRO VOLUNTARIO","actualizado":"2023/08/01 19:00:00.000","fuente":"MINSA","urlRenipr":"http://app20.susalud.gob.pe:8080/registro-renipress-webapp/ipress.htm?action=mostrarVer&idipress=00002747"}},{"type":"Feature","geometry":{"type":"Point","coordinates":[-69.18226363999997,-12.59988113999998]},"properties":{"objectid":17249,"nombre":"CENTRO DE RAYOS X SEÑOR DE HUANCA","departamento":"MADRE DE DIOS","provincia":"TAMBOPATA","distrito":"TAMBOPATA","institucion":"PRIVADO","codigoMinsa":27667,"direccion":"AVENIDA LEÓN VELARDE N?ERO 999 DISTRITO TAMBOPATA PROVINCIA TAMBOPATA DEPARTAMENTO MADRE DE DIOS","disa":"MADRE DE DIOS","red":"NO PERTENECE A NINGUNA RED","microrred":"NO PERTENECE A NINGUNA MICRORED","categoria":"SERVICIO MÉDICO DE APOYO","condicion":"ACTIVO","actualizado":"2023/08/01 19:00:00.000","fuente":"MINSA","urlRenipr":"http://app20.susalud.gob.pe:8080/registro-renipress-webapp/ipress.htm?action=mostrarVer&idipress=00027667"}},{"type":"Feature","geometry":{"type":"Point","coordinates":[-69.20015795999996,-12.579393219999929]},"properties":{"objectid":17608,"nombre":"HOGAR PROTEGIDO NUEVA ESPERANZA","departamento":"MADRE DE DIOS","provincia":"TAMBOPATA","distrito":"TAMBOPATA","institucion":"GOBIERNO REGIONAL","codigoMinsa":30546,"direccion":"PASAJE 29 DE ABRIL MANZANA 16 D LOTE 03 DISTRITO TAMBOPATA PROVINCIA TAMBOPATA DEPARTAMENTO MADRE DE DIOS","disa":"MADRE DE DIOS","red":"MADRE DE DIOS","microrred":"NO PERTENECE A NINGUNA MICRORED","categoria":"SERVICIO MÉDICO DE APOYO","condicion":"ACTIVO","actualizado":"2023/08/01 19:00:00.000","fuente":"MINSA","urlRenipr":"http://app20.susalud.gob.pe:8080/registro-renipress-webapp/ipress.htm?action=mostrarVer&idipress=00030546"}},{"type":"Feature","geometry":{"type":"Point","coordinates":[-70.54463999999996,-12.852498329999946]},"properties":{"objectid":17609,"nombre":"ALTO PUQUIRI","departamento":"MADRE DE DIOS","provincia":"MANU","distrito":"MADRE DE DIOS","institucion":"GOBIERNO REGIONAL","codigoMinsa":6968,"direccion":"AVENIDA AVENIDA BANCOPATA S/N S/N AVENIDA BANCOPATA S/N MADRE DE DIOS MANU MADRE DE DIOS","disa":"MADRE DE DIOS","red":"MADRE DE DIOS","microrred":"HUEPETUHE","categoria":"ESTABLECIMIENTO DE SALUD SIN INTERNAMIENTO","condicion":"ACTIVO","actualizado":"2023/08/01 19:00:00.000","fuente":"MINSA","urlRenipr":"http://app20.susalud.gob.pe:8080/registro-renipress-webapp/ipress.htm?action=mostrarVer&idipress=00006968"}},{"type":"Feature","geometry":{"type":"Point","coordinates":[-69.18551405999995,-12.62974620999995]},"properties":{"objectid":17610,"nombre":"BAJO TAMBOPATA","departamento":"MADRE DE DIOS","provincia":"TAMBOPATA","distrito":"TAMBOPATA","institucion":"GOBIERNO REGIONAL","codigoMinsa":2705,"direccion":"CARRETERA CARRETERA BAJO TAMBOPATA KM4 CARRETERA BAJO TAMBOPATA KM4 TAMBOPATA TAMBOPATA MADRE DE DIOS","disa":"MADRE DE DIOS","red":"MADRE DE DIOS","microrred":"NUEVO MILENIO","categoria":"ESTABLECIMIENTO DE SALUD SIN INTERNAMIENTO","condicion":"ACTIVO","actualizado":"2023/08/01 19:00:00.000","fuente":"MINSA","urlRenipr":"http://app20.susalud.gob.pe:8080/registro-renipress-webapp/ipress.htm?action=mostrarVer&idipress=00002705"}},{"type":"Feature","geometry":{"type":"Point","coordinates":[-70.42697499999997,-13.08808332999996]},"properties":{"objectid":17612,"nombre":"QUIMIRI","departamento":"MADRE DE DIOS","provincia":"MANU","distrito":"HUEPETUHE","institucion":"GOBIERNO REGIONAL","codigoMinsa":2777,"direccion":"COMUNIDAD QUIMIRI","disa":"","red":"","microrred":"","categoria":"ESTABLECIMIENTO DE SALUD SIN INTERNAMIENTO","condicion":"RETIRO VOLUNTARIO","actualizado":"2023/08/01 19:00:00.000","fuente":"MINSA","urlRenipr":"http://app20.susalud.gob.pe:8080/registro-renipress-webapp/ipress.htm?action=mostrarVer&idipress=00002777"}},{"type":"Feature","geometry":{"type":"Point","coordinates":[-69.14791666999997,-12.379259999999931]},"properties":{"objectid":17614,"nombre":"SUDADERO","departamento":"MADRE DE DIOS","provincia":"TAMBOPATA","distrito":"LAS PIEDRAS","institucion":"GOBIERNO REGIONAL","codigoMinsa":2752,"direccion":"CARRETERA KM 26.5 CARRETERA PTO MALDONADO - IBERIA COMUNIDAD SUDADERO KM 26.5 CARRETERA PTO MALDONADO - IBERIA COMUNIDAD SUDADERO LAS PIEDRAS TAMBOPATA MADRE DE DIOS","disa":"MADRE DE DIOS","red":"MADRE DE DIOS","microrred":"PLANCHON","categoria":"ESTABLECIMIENTO DE SALUD SIN INTERNAMIENTO","condicion":"ACTIVO","actualizado":"2023/08/01 19:00:00.000","fuente":"MINSA","urlRenipr":"http://app20.susalud.gob.pe:8080/registro-renipress-webapp/ipress.htm?action=mostrarVer&idipress=00002752"}},{"type":"Feature","geometry":{"type":"Point","coordinates":[-69.80371330999998,-12.722294699999964]},"properties":{"objectid":17615,"nombre":"LAGO INAMBARILLO","departamento":"MADRE DE DIOS","provincia":"TAMBOPATA","distrito":"INAMBARI","institucion":"GOBIERNO REGIONAL","codigoMinsa":2740,"direccion":"OTROS COMUNIDAD LAGO INAMBARRILLO COMUNIDAD LAGO INAMBARRILLO INAMBARI TAMBOPATA MADRE DE DIOS","disa":"MADRE DE DIOS","red":"MADRE DE DIOS","microrred":"LABERINTO","categoria":"ESTABLECIMIENTO DE SALUD SIN INTERNAMIENTO","condicion":"ACTIVO","actualizado":"2023/08/01 19:00:00.000","fuente":"MINSA","urlRenipr":"http://app20.susalud.gob.pe:8080/registro-renipress-webapp/ipress.htm?action=mostrarVer&idipress=00002740"}},{"type":"Feature","geometry":{"type":"Point","coordinates":[-69.18659749999995,-12.596044799999959]},"properties":{"objectid":17904,"nombre":"CONSULTORIO MEDICO OBSTETRICO BEDREGAL","departamento":"MADRE DE DIOS","provincia":"TAMBOPATA","distrito":"TAMBOPATA","institucion":"PRIVADO","codigoMinsa":30492,"direccion":"AVENIDA FITZCARRALD NÚMERO 704 PISO 1 MANZANA 3S LOTE 1A1 DISTRITO TAMBOPATA PROVINCIA TAMBOPATA DEPARTAMENTO MADRE DE DIOS","disa":"MADRE DE DIOS","red":"","microrred":"","categoria":"ESTABLECIMIENTO DE SALUD SIN INTERNAMIENTO","condicion":"ACTIVO","actualizado":"2023/08/01 19:00:00.000","fuente":"MINSA","urlRenipr":"http://app20.susalud.gob.pe:8080/registro-renipress-webapp/ipress.htm?action=mostrarVer&idipress=00030492"}},{"type":"Feature","geometry":{"type":"Point","coordinates":[-69.20324249999999,-12.58087489999997]},"properties":{"objectid":17953,"nombre":"CONSULTORIO ODONTOLOGICO MY DENTIS","departamento":"MADRE DE DIOS","provincia":"TAMBOPATA","distrito":"TAMBOPATA","institucion":"PRIVADO","codigoMinsa":28626,"direccion":"JIRÓN PIURA NÚMERO 391 PISO 2 DEPARTAMENTO 201 INTERIOR 201 DISTRITO TAMBOPATA PROVINCIA TAMBOPATA DEPARTAMENTO MADRE DE DIOS","disa":"MADRE DE DIOS","red":"NO PERTENECE A NINGUNA RED","microrred":"NO PERTENECE A NINGUNA MICRORED","categoria":"ESTABLECIMIENTO DE SALUD SIN INTERNAMIENTO","condicion":"ACTIVO","actualizado":"2023/08/01 19:00:00.000","fuente":"MINSA","urlRenipr":"http://app20.susalud.gob.pe:8080/registro-renipress-webapp/ipress.htm?action=mostrarVer&idipress=00028626"}},{"type":"Feature","geometry":{"type":"Point","coordinates":[-69.18683999999996,-12.594560999999942]},"properties":{"objectid":17955,"nombre":"CONSULTORIO MATER DEI","departamento":"MADRE DE DIOS","provincia":"TAMBOPATA","distrito":"TAMBOPATA","institucion":"PRIVADO","codigoMinsa":28627,"direccion":"JIRÓN ICA NÚMERO 726 DISTRITO TAMBOPATA PROVINCIA TAMBOPATA DEPARTAMENTO MADRE DE DIOS","disa":"MADRE DE DIOS","red":"NO PERTENECE A NINGUNA RED","microrred":"NO PERTENECE A NINGUNA MICRORED","categoria":"ESTABLECIMIENTO DE SALUD SIN INTERNAMIENTO","condicion":"ACTIVO","actualizado":"2023/08/01 19:00:00.000","fuente":"MINSA","urlRenipr":"http://app20.susalud.gob.pe:8080/registro-renipress-webapp/ipress.htm?action=mostrarVer&idipress=00028627"}},{"type":"Feature","geometry":{"type":"Point","coordinates":[-70.36801036999998,-13.10284108999997]},"properties":{"objectid":18345,"nombre":"POSTA MEDICA MAZUKO","departamento":"MADRE DE DIOS","provincia":"TAMBOPATA","distrito":"INAMBARI","institucion":"ESSALUD","codigoMinsa":9318,"direccion":"AVENIDA AV. INAMBARI CON RAMON CASTILLA DISTRITO INAMBARI PROVINCIA TAMBOPATA DEPARTAMENTO MADRE DE DIOS","disa":"MADRE DE DIOS","red":"MADRE DE DIOS","microrred":"","categoria":"ESTABLECIMIENTO DE SALUD SIN INTERNAMIENTO","condicion":"ACTIVO","actualizado":"2023/08/01 19:00:00.000","fuente":"MINSA","urlRenipr":"http://app20.susalud.gob.pe:8080/registro-renipress-webapp/ipress.htm?action=mostrarVer&idipress=00009318"}},{"type":"Feature","geometry":{"type":"Point","coordinates":[-69.18045523999996,-12.593042329999946]},"properties":{"objectid":18682,"nombre":"GLOBAL LASER","departamento":"MADRE DE DIOS","provincia":"TAMBOPATA","distrito":"TAMBOPATA","institucion":"PRIVADO","codigoMinsa":28505,"direccion":"AVENIDA ERNESTO RIVERO NÚMERO 307 PISO 1 DISTRITO TAMBOPATA PROVINCIA TAMBOPATA DEPARTAMENTO MADRE DE DIOS","disa":"MADRE DE DIOS","red":"NO PERTENECE A NINGUNA RED","microrred":"NO PERTENECE A NINGUNA MICRORED","categoria":"SERVICIO MÉDICO DE APOYO","condicion":"ACTIVO","actualizado":"2023/08/01 19:00:00.000","fuente":"MINSA","urlRenipr":"http://app20.susalud.gob.pe:8080/registro-renipress-webapp/ipress.htm?action=mostrarVer&idipress=00028505"}},{"type":"Feature","geometry":{"type":"Point","coordinates":[-69.18967239999995,-12.606106699999941]},"properties":{"objectid":18740,"nombre":"CENTRO MEDICO TAMBOPATA E.I.R.L","departamento":"MADRE DE DIOS","provincia":"TAMBOPATA","distrito":"TAMBOPATA","institucion":"PRIVADO","codigoMinsa":30629,"direccion":"JIRÓN PUNO NÚMERO 167 PISO 1 DISTRITO TAMBOPATA PROVINCIA TAMBOPATA DEPARTAMENTO MADRE DE DIOS","disa":"MADRE DE DIOS","red":"","microrred":"","categoria":"ESTABLECIMIENTO DE SALUD SIN INTERNAMIENTO","condicion":"ACTIVO","actualizado":"2023/08/01 19:00:00.000","fuente":"MINSA","urlRenipr":"http://app20.susalud.gob.pe:8080/registro-renipress-webapp/ipress.htm?action=mostrarVer&idipress=00030629"}},{"type":"Feature","geometry":{"type":"Point","coordinates":[-69.19005650999998,-12.595224959999939]},"properties":{"objectid":18911,"nombre":"FMC MEDICAL CENTER CENTRO DE DIAGNOSTICO S.A.C.","departamento":"MADRE DE DIOS","provincia":"TAMBOPATA","distrito":"TAMBOPATA","institucion":"PRIVADO","codigoMinsa":17380,"direccion":"AVENIDA AV. MADRE DE DIOS N° 721 DISTRITO TAMBOPATA PROVINCIA TAMBOPATA DEPARTAMENTO MADRE DE DIOS","disa":"","red":"","microrred":"","categoria":"ESTABLECIMIENTO DE SALUD SIN INTERNAMIENTO","condicion":"ACTIVO","actualizado":"2023/08/01 19:00:00.000","fuente":"MINSA","urlRenipr":"http://app20.susalud.gob.pe:8080/registro-renipress-webapp/ipress.htm?action=mostrarVer&idipress=00017380"}},{"type":"Feature","geometry":{"type":"Point","coordinates":[-69.19414449999994,-12.592450099999951]},"properties":{"objectid":18914,"nombre":"CONSULTORIO ODONTOLOGICO KEYNDENTAL E.I.R.L","departamento":"MADRE DE DIOS","provincia":"TAMBOPATA","distrito":"TAMBOPATA","institucion":"PRIVADO","codigoMinsa":27672,"direccion":"AVENIDA DOS DE MAYO NÚMERO 1316 DISTRITO TAMBOPATA PROVINCIA TAMBOPATA DEPARTAMENTO MADRE DE DIOS","disa":"MADRE DE DIOS","red":"NO PERTENECE A NINGUNA RED","microrred":"NO PERTENECE A NINGUNA MICRORED","categoria":"ESTABLECIMIENTO DE SALUD SIN INTERNAMIENTO","condicion":"ACTIVO","actualizado":"2023/08/01 19:00:00.000","fuente":"MINSA","urlRenipr":"http://app20.susalud.gob.pe:8080/registro-renipress-webapp/ipress.htm?action=mostrarVer&idipress=00027672"}},{"type":"Feature","geometry":{"type":"Point","coordinates":[-69.18196135999995,-12.599314819999961]},"properties":{"objectid":18990,"nombre":"Consultorio Dental \"Encinas\"","departamento":"MADRE DE DIOS","provincia":"TAMBOPATA","distrito":"TAMBOPATA","institucion":"PRIVADO","codigoMinsa":28522,"direccion":"AVENIDA León Velarde NÚMERO 926 DISTRITO TAMBOPATA PROVINCIA TAMBOPATA DEPARTAMENTO MADRE DE DIOS","disa":"MADRE DE DIOS","red":"NO PERTENECE A NINGUNA RED","microrred":"NO PERTENECE A NINGUNA MICRORED","categoria":"ESTABLECIMIENTO DE SALUD SIN INTERNAMIENTO","condicion":"ACTIVO","actualizado":"2023/08/01 19:00:00.000","fuente":"MINSA","urlRenipr":"http://app20.susalud.gob.pe:8080/registro-renipress-webapp/ipress.htm?action=mostrarVer&idipress=00028522"}},{"type":"Feature","geometry":{"type":"Point","coordinates":[-69.18247146999994,-12.594874549999929]},"properties":{"objectid":19059,"nombre":"CONSULTORIO DENTAL SALUDENT","departamento":"MADRE DE DIOS","provincia":"TAMBOPATA","distrito":"TAMBOPATA","institucion":"PRIVADO","codigoMinsa":28520,"direccion":"AVENIDA ERNESTO RIVERO NÚMERO 560 DISTRITO TAMBOPATA PROVINCIA TAMBOPATA DEPARTAMENTO MADRE DE DIOS","disa":"MADRE DE DIOS","red":"NO PERTENECE A NINGUNA RED","microrred":"NO PERTENECE A NINGUNA MICRORED","categoria":"ESTABLECIMIENTO DE SALUD SIN INTERNAMIENTO","condicion":"ACTIVO","actualizado":"2023/08/01 19:00:00.000","fuente":"MINSA","urlRenipr":"http://app20.susalud.gob.pe:8080/registro-renipress-webapp/ipress.htm?action=mostrarVer&idipress=00028520"}},{"type":"Feature","geometry":{"type":"Point","coordinates":[-71.36059930999994,-12.835618739999973]},"properties":{"objectid":19747,"nombre":"SALVACION","departamento":"MADRE DE DIOS","provincia":"MANU","distrito":"MANU","institucion":"GOBIERNO REGIONAL","codigoMinsa":2773,"direccion":"OTROS BARRIO NUEVA ESPERANZA LOTE Nº06MZNA.J BARRIO NUEVA ESPERANZA LOTE Nº06MZNA.J MANU MANU MADRE DE DIOS","disa":"MADRE DE DIOS","red":"MADRE DE DIOS","microrred":"SALVACION","categoria":"ESTABLECIMIENTO DE SALUD SIN INTERNAMIENTO","condicion":"ACTIVO","actualizado":"2023/08/01 19:00:00.000","fuente":"MINSA","urlRenipr":"http://app20.susalud.gob.pe:8080/registro-renipress-webapp/ipress.htm?action=mostrarVer&idipress=00002773"}},{"type":"Feature","geometry":{"type":"Point","coordinates":[-70.90774166999995,-12.263166669999976]},"properties":{"objectid":19748,"nombre":"BOCA MANU","departamento":"MADRE DE DIOS","provincia":"MANU","distrito":"FITZCARRALD","institucion":"GOBIERNO REGIONAL","codigoMinsa":2767,"direccion":"AVENIDA AV. PRINCIPAL S/N FITZCARRALD S/N AV. PRINCIPAL S/N FITZCARRALD FITZCARRALD MANU MADRE DE DIOS","disa":"MADRE DE DIOS","red":"MADRE DE DIOS","microrred":"SALVACION","categoria":"ESTABLECIMIENTO DE SALUD SIN INTERNAMIENTO","condicion":"ACTIVO","actualizado":"2023/08/01 19:00:00.000","fuente":"MINSA","urlRenipr":"http://app20.susalud.gob.pe:8080/registro-renipress-webapp/ipress.htm?action=mostrarVer&idipress=00002767"}},{"type":"Feature","geometry":{"type":"Point","coordinates":[-69.19926054999996,-12.593878549999943]},"properties":{"objectid":19750,"nombre":"NUEVO MILENIO","departamento":"MADRE DE DIOS","provincia":"TAMBOPATA","distrito":"TAMBOPATA","institucion":"GOBIERNO REGIONAL","codigoMinsa":7704,"direccion":"PASAJE AA.HH. SEÑOR DE LOS MILAGROS / PASAJE JOSE MARIA ARGUEDAS I-12 AA.HH. SEÑOR DE LOS MILAGROS / PASAJE JOSE MARIA ARGUEDAS I-12 TAMBOPATA TAMBOPATA MADRE DE DIOS","disa":"MADRE DE DIOS","red":"MADRE DE DIOS","microrred":"NUEVO MILENIO","categoria":"ESTABLECIMIENTO DE SALUD SIN INTERNAMIENTO","condicion":"ACTIVO","actualizado":"2023/08/01 19:00:00.000","fuente":"MINSA","urlRenipr":"http://app20.susalud.gob.pe:8080/registro-renipress-webapp/ipress.htm?action=mostrarVer&idipress=00007704"}},{"type":"Feature","geometry":{"type":"Point","coordinates":[-70.39459922999998,-12.61959737999996]},"properties":{"objectid":19751,"nombre":"BOCA COLORADO","departamento":"MADRE DE DIOS","provincia":"MANU","distrito":"MADRE DE DIOS","institucion":"GOBIERNO REGIONAL","codigoMinsa":2774,"direccion":"AVENIDA AV. FITZCARRALD CON AV.COLORADO AV. FITZCARRALD CON AV.COLORADO MADRE DE DIOS MANU MADRE DE DIOS","disa":"MADRE DE DIOS","red":"MADRE DE DIOS","microrred":"BOCA COLORADO","categoria":"ESTABLECIMIENTO DE SALUD SIN INTERNAMIENTO","condicion":"ACTIVO","actualizado":"2023/08/01 19:00:00.000","fuente":"MINSA","urlRenipr":"http://app20.susalud.gob.pe:8080/registro-renipress-webapp/ipress.htm?action=mostrarVer&idipress=00002774"}},{"type":"Feature","geometry":{"type":"Point","coordinates":[-69.19325638999999,-12.60277525999993]},"properties":{"objectid":19752,"nombre":"VILLA SANTA ROSA","departamento":"MADRE DE DIOS","provincia":"TAMBOPATA","distrito":"TAMBOPATA","institucion":"GOBIERNO REGIONAL","codigoMinsa":2714,"direccion":"JR LOS ROBLES S/N AA.HH SANTA ROSA","disa":"","red":"","microrred":"","categoria":"ESTABLECIMIENTO DE SALUD SIN INTERNAMIENTO","condicion":"RETIRO VOLUNTARIO","actualizado":"2023/08/01 19:00:00.000","fuente":"MINSA","urlRenipr":"http://app20.susalud.gob.pe:8080/registro-renipress-webapp/ipress.htm?action=mostrarVer&idipress=00002714"}},{"type":"Feature","geometry":{"type":"Point","coordinates":[-69.20324249999999,-12.58087489999997]},"properties":{"objectid":20079,"nombre":"CONSULTORIO DENTAL \"AGRAMONTE\"","departamento":"MADRE DE DIOS","provincia":"TAMBOPATA","distrito":"TAMBOPATA","institucion":"PRIVADO","codigoMinsa":26088,"direccion":"JIRÓN SAN MARTIN MANZANA 1N LOTE 4C DISTRITO TAMBOPATA PROVINCIA TAMBOPATA DEPARTAMENTO MADRE DE DIOS","disa":"MADRE DE DIOS","red":"NO PERTENECE A NINGUNA RED","microrred":"NO PERTENECE A NINGUNA MICRORED","categoria":"ESTABLECIMIENTO DE SALUD SIN INTERNAMIENTO","condicion":"ACTIVO","actualizado":"2023/08/01 19:00:00.000","fuente":"MINSA","urlRenipr":"http://app20.susalud.gob.pe:8080/registro-renipress-webapp/ipress.htm?action=mostrarVer&idipress=00026088"}},{"type":"Feature","geometry":{"type":"Point","coordinates":[-69.18500515999995,-12.595964979999962]},"properties":{"objectid":20254,"nombre":"ODONTOFRESH","departamento":"MADRE DE DIOS","provincia":"TAMBOPATA","distrito":"TAMBOPATA","institucion":"PRIVADO","codigoMinsa":27684,"direccion":"JIRÓN PIURA NÚMERO 796 PISO 2 DEPARTAMENTO 200 DISTRITO TAMBOPATA PROVINCIA TAMBOPATA DEPARTAMENTO MADRE DE DIOS","disa":"MADRE DE DIOS","red":"NO PERTENECE A NINGUNA RED","microrred":"NO PERTENECE A NINGUNA MICRORED","categoria":"ESTABLECIMIENTO DE SALUD SIN INTERNAMIENTO","condicion":"ACTIVO","actualizado":"2023/08/01 19:00:00.000","fuente":"MINSA","urlRenipr":"http://app20.susalud.gob.pe:8080/registro-renipress-webapp/ipress.htm?action=mostrarVer&idipress=00027684"}},{"type":"Feature","geometry":{"type":"Point","coordinates":[-69.20021449999996,-12.599033499999962]},"properties":{"objectid":20663,"nombre":"PUESTO DE SALUD DEL ESTABLECIMIENTO PENITENCIARIO DE PUERTO MALDONADO","departamento":"MADRE DE DIOS","provincia":"TAMBOPATA","distrito":"TAMBOPATA","institucion":"INPE","codigoMinsa":9321,"direccion":"CARRETERA KM 3 CARRETERA LA JOYA DISTRITO TAMBOPATA PROVINCIA TAMBOPATA DEPARTAMENTO MADRE DE DIOS","disa":"MADRE DE DIOS","red":"NO PERTENECE A NINGUNA RED","microrred":"NO PERTENECE A NINGUNA MICRORED","categoria":"ESTABLECIMIENTO DE SALUD SIN INTERNAMIENTO","condicion":"ACTIVO","actualizado":"2023/08/01 19:00:00.000","fuente":"MINSA","urlRenipr":"http://app20.susalud.gob.pe:8080/registro-renipress-webapp/ipress.htm?action=mostrarVer&idipress=00009321"}},{"type":"Feature","geometry":{"type":"Point","coordinates":[-71.36061897999997,-12.835597589999963]},"properties":{"objectid":21293,"nombre":"POSTA MEDICA SALVACION-ESSALUD","departamento":"MADRE DE DIOS","provincia":"MANU","distrito":"MANU","institucion":"ESSALUD","codigoMinsa":14339,"direccion":"OTROS BARRIO NUEVA ESPERANZA,MZ.\"L\" LOTE N-03 NÚMERO S/N DISTRITO MANU PROVINCIA MANU DEPARTAMENTO MADRE DE DIOS","disa":"MADRE DE DIOS","red":"NO PERTENECE A NINGUNA RED","microrred":"NO PERTENECE A NINGUNA MICRORED","categoria":"ESTABLECIMIENTO DE SALUD SIN INTERNAMIENTO","condicion":"ACTIVO","actualizado":"2023/08/01 19:00:00.000","fuente":"MINSA","urlRenipr":"http://app20.susalud.gob.pe:8080/registro-renipress-webapp/ipress.htm?action=mostrarVer&idipress=00014339"}},{"type":"Feature","geometry":{"type":"Point","coordinates":[-69.19005799999996,-12.596851999999956]},"properties":{"objectid":21662,"nombre":"Clínica Dental Sota","departamento":"MADRE DE DIOS","provincia":"TAMBOPATA","distrito":"TAMBOPATA","institucion":"PRIVADO","codigoMinsa":28524,"direccion":"JIRÓN Ancash NÚMERO 951 PISO 1 DISTRITO TAMBOPATA PROVINCIA TAMBOPATA DEPARTAMENTO MADRE DE DIOS","disa":"MADRE DE DIOS","red":"NO PERTENECE A NINGUNA RED","microrred":"NO PERTENECE A NINGUNA MICRORED","categoria":"ESTABLECIMIENTO DE SALUD SIN INTERNAMIENTO","condicion":"ACTIVO","actualizado":"2023/08/01 19:00:00.000","fuente":"MINSA","urlRenipr":"http://app20.susalud.gob.pe:8080/registro-renipress-webapp/ipress.htm?action=mostrarVer&idipress=00028524"}},{"type":"Feature","geometry":{"type":"Point","coordinates":[-69.60251999999997,-11.015479999999968]},"properties":{"objectid":21762,"nombre":"NUEVA ESPERANZA","departamento":"MADRE DE DIOS","provincia":"TAHUAMANU","distrito":"IÑAPARI","institucion":"GOBIERNO REGIONAL","codigoMinsa":2792,"direccion":"COMUNIDAD NUEVA ESPERANZA S/N","disa":"","red":"","microrred":"","categoria":"ESTABLECIMIENTO DE SALUD SIN INTERNAMIENTO","condicion":"RETIRO VOLUNTARIO","actualizado":"2023/08/01 19:00:00.000","fuente":"MINSA","urlRenipr":"http://app20.susalud.gob.pe:8080/registro-renipress-webapp/ipress.htm?action=mostrarVer&idipress=00002792"}},{"type":"Feature","geometry":{"type":"Point","coordinates":[-71.35620666999995,-12.663269999999955]},"properties":{"objectid":21763,"nombre":"PALOTOA","departamento":"MADRE DE DIOS","provincia":"MANU","distrito":"MANU","institucion":"GOBIERNO REGIONAL","codigoMinsa":2770,"direccion":"OTROS COMUNIDAD DE PALOTOA COMUNIDAD DE PALOTOA MANU MANU MADRE DE DIOS","disa":"MADRE DE DIOS","red":"MADRE DE DIOS","microrred":"SALVACION","categoria":"ESTABLECIMIENTO DE SALUD SIN INTERNAMIENTO","condicion":"ACTIVO","actualizado":"2023/08/01 19:00:00.000","fuente":"MINSA","urlRenipr":"http://app20.susalud.gob.pe:8080/registro-renipress-webapp/ipress.htm?action=mostrarVer&idipress=00002770"}},{"type":"Feature","geometry":{"type":"Point","coordinates":[-69.17877831999994,-12.600721299999975]},"properties":{"objectid":21765,"nombre":"UNION","departamento":"MADRE DE DIOS","provincia":"TAMBOPATA","distrito":"TAMBOPATA","institucion":"GOBIERNO REGIONAL","codigoMinsa":2721,"direccion":"JIRÓN JIRON BRASIL S/N S/N JIRON BRASIL S/N TAMBOPATA TAMBOPATA MADRE DE DIOS","disa":"MADRE DE DIOS","red":"MADRE DE DIOS","microrred":"JORGE CHAVEZ","categoria":"ESTABLECIMIENTO DE SALUD SIN INTERNAMIENTO","condicion":"ACTIVO","actualizado":"2023/08/01 19:00:00.000","fuente":"MINSA","urlRenipr":"http://app20.susalud.gob.pe:8080/registro-renipress-webapp/ipress.htm?action=mostrarVer&idipress=00002721"}},{"type":"Feature","geometry":{"type":"Point","coordinates":[-69.18512499999997,-12.600671999999975]},"properties":{"objectid":21919,"nombre":"SERVICIOS MEDICOS DIVINO NIÑO JESUS E.I.R.L","departamento":"MADRE DE DIOS","provincia":"TAMBOPATA","distrito":"TAMBOPATA","institucion":"PRIVADO","codigoMinsa":26078,"direccion":"JIRÓN SAN MARTIN NÚMERO 227 DISTRITO TAMBOPATA PROVINCIA TAMBOPATA DEPARTAMENTO MADRE DE DIOS","disa":"MADRE DE DIOS","red":"NO PERTENECE A NINGUNA RED","microrred":"NO PERTENECE A NINGUNA MICRORED","categoria":"ESTABLECIMIENTO DE SALUD SIN INTERNAMIENTO","condicion":"ACTIVO","actualizado":"2023/08/01 19:00:00.000","fuente":"MINSA","urlRenipr":"http://app20.susalud.gob.pe:8080/registro-renipress-webapp/ipress.htm?action=mostrarVer&idipress=00026078"}},{"type":"Feature","geometry":{"type":"Point","coordinates":[-69.18023634999997,-12.59605474999995]},"properties":{"objectid":22104,"nombre":"PSICODENTAL","departamento":"MADRE DE DIOS","provincia":"TAMBOPATA","distrito":"TAMBOPATA","institucion":"PRIVADO","codigoMinsa":31477,"direccion":"JIRÓN PUNO NÚMERO 607 PISO 2 DEPARTAMENTO 1 DISTRITO TAMBOPATA PROVINCIA TAMBOPATA DEPARTAMENTO MADRE DE DIOS","disa":"MADRE DE DIOS","red":"","microrred":"","categoria":"ESTABLECIMIENTO DE SALUD SIN INTERNAMIENTO","condicion":"ACTIVO","actualizado":"2023/08/01 19:00:00.000","fuente":"MINSA","urlRenipr":"http://app20.susalud.gob.pe:8080/registro-renipress-webapp/ipress.htm?action=mostrarVer&idipress=00031477"}},{"type":"Feature","geometry":{"type":"Point","coordinates":[-69.48670332999995,-11.979913329999931]},"properties":{"objectid":22516,"nombre":"LORETO","departamento":"MADRE DE DIOS","provincia":"TAMBOPATA","distrito":"LAS PIEDRAS","institucion":"GOBIERNO REGIONAL","codigoMinsa":6965,"direccion":"COMUNIDAD LORETO DISTRITO LAS PIEDRAS PROVINCIA TAMBOPATA DEPARTAMENTO MADRE DE DIOS","disa":"","red":"","microrred":"","categoria":"ESTABLECIMIENTO DE SALUD SIN INTERNAMIENTO","condicion":"RETIRO VOLUNTARIO","actualizado":"2023/08/01 19:00:00.000","fuente":"MINSA","urlRenipr":"http://app20.susalud.gob.pe:8080/registro-renipress-webapp/ipress.htm?action=mostrarVer&idipress=00006965"}},{"type":"Feature","geometry":{"type":"Point","coordinates":[-69.17947275999995,-12.596576029999937]},"properties":{"objectid":22729,"nombre":"CONSULTORIO DE ODONTOLOGÍA INTEGRAL EGOVIDENT","departamento":"MADRE DE DIOS","provincia":"TAMBOPATA","distrito":"TAMBOPATA","institucion":"PRIVADO","codigoMinsa":28519,"direccion":"JIRÓN GONZALES PRADA MANZANA S-4B DISTRITO TAMBOPATA PROVINCIA TAMBOPATA DEPARTAMENTO MADRE DE DIOS","disa":"MADRE DE DIOS","red":"NO PERTENECE A NINGUNA RED","microrred":"NO PERTENECE A NINGUNA MICRORED","categoria":"ESTABLECIMIENTO DE SALUD SIN INTERNAMIENTO","condicion":"ACTIVO","actualizado":"2023/08/01 19:00:00.000","fuente":"MINSA","urlRenipr":"http://app20.susalud.gob.pe:8080/registro-renipress-webapp/ipress.htm?action=mostrarVer&idipress=00028519"}},{"type":"Feature","geometry":{"type":"Point","coordinates":[-69.18281484999994,-12.595617489999938]},"properties":{"objectid":23050,"nombre":"OPTIMETRICS","departamento":"MADRE DE DIOS","provincia":"TAMBOPATA","distrito":"TAMBOPATA","institucion":"PRIVADO","codigoMinsa":10091,"direccion":"AVENIDA AV. ERNESTO RIVERO C - 6 DISTRITO TAMBOPATA PROVINCIA TAMBOPATA DEPARTAMENTO MADRE DE DIOS","disa":"MADRE DE DIOS","red":"NO PERTENECE A NINGUNA RED","microrred":"NO PERTENECE A NINGUNA MICRORED","categoria":"SERVICIO MÉDICO DE APOYO","condicion":"ACTIVO","actualizado":"2023/08/01 19:00:00.000","fuente":"MINSA","urlRenipr":"http://app20.susalud.gob.pe:8080/registro-renipress-webapp/ipress.htm?action=mostrarVer&idipress=00010091"}},{"type":"Feature","geometry":{"type":"Point","coordinates":[-77.05684379999997,-12.066207099999929]},"properties":{"objectid":23503,"nombre":"CONSULTORIO MEDICO OBSTETRICO Y LABORATORIO SAN ANTONIO","departamento":"MADRE DE DIOS","provincia":"TAMBOPATA","distrito":"TAMBOPATA","institucion":"PRIVADO","codigoMinsa":28952,"direccion":"JIRÓN CAJAMARCA NÚMERO 214 PISO 1 DEPARTAMENTO 1 DISTRITO TAMBOPATA PROVINCIA TAMBOPATA DEPARTAMENTO MADRE DE DIOS","disa":"MADRE DE DIOS","red":"NO PERTENECE A NINGUNA RED","microrred":"NO PERTENECE A NINGUNA MICRORED","categoria":"ESTABLECIMIENTO DE SALUD SIN INTERNAMIENTO","condicion":"ACTIVO","actualizado":"2023/08/01 19:00:00.000","fuente":"MINSA","urlRenipr":"http://app20.susalud.gob.pe:8080/registro-renipress-webapp/ipress.htm?action=mostrarVer&idipress=00028952"}},{"type":"Feature","geometry":{"type":"Point","coordinates":[-69.11702506999995,-11.83918314999994]},"properties":{"objectid":23857,"nombre":"NUEVO PACARAN","departamento":"MADRE DE DIOS","provincia":"TAHUAMANU","distrito":"TAHUAMANU","institucion":"GOBIERNO REGIONAL","codigoMinsa":2803,"direccion":"CARRETERA CARRETERA IBERIA KM 87 CARRETERA IBERIA KM 87 TAHUAMANU TAHUAMANU MADRE DE DIOS","disa":"MADRE DE DIOS","red":"MADRE DE DIOS","microrred":"IBERIA","categoria":"ESTABLECIMIENTO DE SALUD SIN INTERNAMIENTO","condicion":"ACTIVO","actualizado":"2023/08/01 19:00:00.000","fuente":"MINSA","urlRenipr":"http://app20.susalud.gob.pe:8080/registro-renipress-webapp/ipress.htm?action=mostrarVer&idipress=00002803"}},{"type":"Feature","geometry":{"type":"Point","coordinates":[-69.57182445999996,-11.042252429999962]},"properties":{"objectid":23859,"nombre":"PRIMAVERA","departamento":"MADRE DE DIOS","provincia":"TAHUAMANU","distrito":"IÑAPARI","institucion":"GOBIERNO REGIONAL","codigoMinsa":2791,"direccion":"OTROS COMUNIDAD NATIVA BELGICA S/N S/N COMUNIDAD NATIVA BELGICA S/N IÑAPARI TAHUAMANU MADRE DE DIOS","disa":"MADRE DE DIOS","red":"MADRE DE DIOS","microrred":"IBERIA","categoria":"ESTABLECIMIENTO DE SALUD SIN INTERNAMIENTO","condicion":"ACTIVO","actualizado":"2023/08/01 19:00:00.000","fuente":"MINSA","urlRenipr":"http://app20.susalud.gob.pe:8080/registro-renipress-webapp/ipress.htm?action=mostrarVer&idipress=00002791"}},{"type":"Feature","geometry":{"type":"Point","coordinates":[-69.57684275999998,-10.945933749999938]},"properties":{"objectid":23860,"nombre":"IÑAPARI","departamento":"MADRE DE DIOS","provincia":"TAHUAMANU","distrito":"IÑAPARI","institucion":"GOBIERNO REGIONAL","codigoMinsa":2789,"direccion":"AVENIDA AV BRASIL S/N IÑAPARI S/N AV BRASIL S/N IÑAPARI IÑAPARI TAHUAMANU MADRE DE DIOS","disa":"MADRE DE DIOS","red":"MADRE DE DIOS","microrred":"IBERIA","categoria":"ESTABLECIMIENTO DE SALUD SIN INTERNAMIENTO","condicion":"ACTIVO","actualizado":"2023/08/01 19:00:00.000","fuente":"MINSA","urlRenipr":"http://app20.susalud.gob.pe:8080/registro-renipress-webapp/ipress.htm?action=mostrarVer&idipress=00002789"}},{"type":"Feature","geometry":{"type":"Point","coordinates":[-70.59613999999993,-12.745489999999961]},"properties":{"objectid":23861,"nombre":"PUERTO LUZ","departamento":"MADRE DE DIOS","provincia":"MANU","distrito":"MADRE DE DIOS","institucion":"GOBIERNO REGIONAL","codigoMinsa":2788,"direccion":"AVENIDA AV. FITZCARRALD CON AV. COLORADO AV. FITZCARRALD CON AV. COLORADO MADRE DE DIOS MANU MADRE DE DIOS","disa":"MADRE DE DIOS","red":"MADRE DE DIOS","microrred":"BOCA COLORADO","categoria":"ESTABLECIMIENTO DE SALUD SIN INTERNAMIENTO","condicion":"ACTIVO","actualizado":"2023/08/01 19:00:00.000","fuente":"MINSA","urlRenipr":"http://app20.susalud.gob.pe:8080/registro-renipress-webapp/ipress.htm?action=mostrarVer&idipress=00002788"}},{"type":"Feature","geometry":{"type":"Point","coordinates":[-71.22429832999995,-12.637596669999937]},"properties":{"objectid":23863,"nombre":"ITAHUANIA","departamento":"MADRE DE DIOS","provincia":"MANU","distrito":"MANU","institucion":"GOBIERNO REGIONAL","codigoMinsa":2780,"direccion":"OTROS CENTRO POBLADO ITAHUANIA CENTRO POBLADO ITAHUANIA MANU MANU MADRE DE DIOS","disa":"MADRE DE DIOS","red":"MADRE DE DIOS","microrred":"SALVACION","categoria":"ESTABLECIMIENTO DE SALUD SIN INTERNAMIENTO","condicion":"ACTIVO","actualizado":"2023/08/01 19:00:00.000","fuente":"MINSA","urlRenipr":"http://app20.susalud.gob.pe:8080/registro-renipress-webapp/ipress.htm?action=mostrarVer&idipress=00002780"}},{"type":"Feature","geometry":{"type":"Point","coordinates":[-69.63664433999998,-12.699664689999963]},"properties":{"objectid":23864,"nombre":"FORTUNA","departamento":"MADRE DE DIOS","provincia":"TAMBOPATA","distrito":"LABERINTO","institucion":"GOBIERNO REGIONAL","codigoMinsa":2762,"direccion":"OTROS COMUNIDAD FORTUNA MARGEN IZQUIERDA COMUNIDAD FORTUNA MARGEN IZQUIERDA LABERINTO TAMBOPATA MADRE DE DIOS","disa":"MADRE DE DIOS","red":"MADRE DE DIOS","microrred":"LABERINTO","categoria":"ESTABLECIMIENTO DE SALUD SIN INTERNAMIENTO","condicion":"ACTIVO","actualizado":"2023/08/01 19:00:00.000","fuente":"MINSA","urlRenipr":"http://app20.susalud.gob.pe:8080/registro-renipress-webapp/ipress.htm?action=mostrarVer&idipress=00002762"}},{"type":"Feature","geometry":{"type":"Point","coordinates":[-69.15350043999996,-12.279475629999979]},"properties":{"objectid":23865,"nombre":"PLANCHON","departamento":"MADRE DE DIOS","provincia":"TAMBOPATA","distrito":"LAS PIEDRAS","institucion":"GOBIERNO REGIONAL","codigoMinsa":2744,"direccion":"JIRÓN JR. REAÑO MONCADA MZ.B LT.3 JR. REAÑO MONCADA MZ.B LT.3 LAS PIEDRAS TAMBOPATA MADRE DE DIOS","disa":"MADRE DE DIOS","red":"MADRE DE DIOS","microrred":"PLANCHON","categoria":"ESTABLECIMIENTO DE SALUD SIN INTERNAMIENTO","condicion":"ACTIVO","actualizado":"2023/08/01 19:00:00.000","fuente":"MINSA","urlRenipr":"http://app20.susalud.gob.pe:8080/registro-renipress-webapp/ipress.htm?action=mostrarVer&idipress=00002744"}},{"type":"Feature","geometry":{"type":"Point","coordinates":[-69.11937066999997,-12.66857368999996]},"properties":{"objectid":23866,"nombre":"JORGE CHAVEZ","departamento":"MADRE DE DIOS","provincia":"TAMBOPATA","distrito":"TAMBOPATA","institucion":"GOBIERNO REGIONAL","codigoMinsa":2718,"direccion":"OTROS COMUNIDAD DE JORGE CHAVEZ COMUNIDAD DE JORGE CHAVEZ TAMBOPATA TAMBOPATA MADRE DE DIOS","disa":"MADRE DE DIOS","red":"MADRE DE DIOS","microrred":"NUEVO MILENIO","categoria":"ESTABLECIMIENTO DE SALUD SIN INTERNAMIENTO","condicion":"ACTIVO","actualizado":"2023/08/01 19:00:00.000","fuente":"MINSA","urlRenipr":"http://app20.susalud.gob.pe:8080/registro-renipress-webapp/ipress.htm?action=mostrarVer&idipress=00002718"}},{"type":"Feature","geometry":{"type":"Point","coordinates":[-69.19209099999995,-12.584116999999935]},"properties":{"objectid":24412,"nombre":"CONSULTORIO MEDICO SANTÍSIMA CRUZ DE MOTUPE","departamento":"MADRE DE DIOS","provincia":"TAMBOPATA","distrito":"TAMBOPATA","institucion":"PRIVADO","codigoMinsa":27677,"direccion":"AVENIDA DOS DE MAYO NÚMERO 1813 PISO 1 MANZANA K LOTE 7 DISTRITO TAMBOPATA PROVINCIA TAMBOPATA DEPARTAMENTO MADRE DE DIOS","disa":"","red":"","microrred":"","categoria":"ESTABLECIMIENTO DE SALUD SIN INTERNAMIENTO","condicion":"RETIRO VOLUNTARIO","actualizado":"2023/08/01 19:00:00.000","fuente":"MINSA","urlRenipr":"http://app20.susalud.gob.pe:8080/registro-renipress-webapp/ipress.htm?action=mostrarVer&idipress=00027677"}},{"type":"Feature","geometry":{"type":"Point","coordinates":[-69.18141710999998,-12.598976039999968]},"properties":{"objectid":24614,"nombre":"CENTRO MEDICO BUEN SUCESO","departamento":"MADRE DE DIOS","provincia":"TAMBOPATA","distrito":"TAMBOPATA","institucion":"PRIVADO","codigoMinsa":16077,"direccion":"AVENIDA AV. LEON VELARDE N° 867 DISTRITO TAMBOPATA PROVINCIA TAMBOPATA DEPARTAMENTO MADRE DE DIOS","disa":"MADRE DE DIOS","red":"NO PERTENECE A NINGUNA RED","microrred":"NO PERTENECE A NINGUNA MICRORED","categoria":"ESTABLECIMIENTO DE SALUD SIN INTERNAMIENTO","condicion":"ACTIVO","actualizado":"2023/08/01 19:00:00.000","fuente":"MINSA","urlRenipr":"http://app20.susalud.gob.pe:8080/registro-renipress-webapp/ipress.htm?action=mostrarVer&idipress=00016077"}},{"type":"Feature","geometry":{"type":"Point","coordinates":[-69.19021847999994,-12.59139056999993]},"properties":{"objectid":25040,"nombre":"CONSULTORIO MEDICO ODONTOLOGICO SEÑAL DE VIDA","departamento":"MADRE DE DIOS","provincia":"TAMBOPATA","distrito":"TAMBOPATA","institucion":"PRIVADO","codigoMinsa":31447,"direccion":"AVENIDA 15 DE AGOSTO NÚMERO 598 DISTRITO TAMBOPATA PROVINCIA TAMBOPATA DEPARTAMENTO MADRE DE DIOS","disa":"MADRE DE DIOS","red":"","microrred":"","categoria":"ESTABLECIMIENTO DE SALUD SIN INTERNAMIENTO","condicion":"ACTIVO","actualizado":"2023/08/01 19:00:00.000","fuente":"MINSA","urlRenipr":"http://app20.susalud.gob.pe:8080/registro-renipress-webapp/ipress.htm?action=mostrarVer&idipress=00031447"}},{"type":"Feature","geometry":{"type":"Point","coordinates":[-69.17658245999996,-12.604492949999951]},"properties":{"objectid":25239,"nombre":"consultorio dental \"CLINIDENT\"","departamento":"MADRE DE DIOS","provincia":"TAMBOPATA","distrito":"TAMBOPATA","institucion":"PRIVADO","codigoMinsa":26087,"direccion":"AVENIDA fitzcarrald NÚMERO 621 PISO 2 DISTRITO TAMBOPATA PROVINCIA TAMBOPATA DEPARTAMENTO MADRE DE DIOS","disa":"MADRE DE DIOS","red":"NO PERTENECE A NINGUNA RED","microrred":"NO PERTENECE A NINGUNA MICRORED","categoria":"ESTABLECIMIENTO DE SALUD SIN INTERNAMIENTO","condicion":"ACTIVO","actualizado":"2023/08/01 19:00:00.000","fuente":"MINSA","urlRenipr":"http://app20.susalud.gob.pe:8080/registro-renipress-webapp/ipress.htm?action=mostrarVer&idipress=00026087"}},{"type":"Feature","geometry":{"type":"Point","coordinates":[-69.18594839999997,-12.593974229999958]},"properties":{"objectid":25328,"nombre":"CONSULTORIO DENTAL MEDIDENT","departamento":"MADRE DE DIOS","provincia":"TAMBOPATA","distrito":"TAMBOPATA","institucion":"PRIVADO","codigoMinsa":12630,"direccion":"JIRÓN JR. TACNA Nº699 DISTRITO TAMBOPATA PROVINCIA TAMBOPATA DEPARTAMENTO MADRE DE DIOS","disa":"","red":"","microrred":"","categoria":"ESTABLECIMIENTO DE SALUD SIN INTERNAMIENTO","condicion":"RETIRO VOLUNTARIO","actualizado":"2023/08/01 19:00:00.000","fuente":"MINSA","urlRenipr":"http://app20.susalud.gob.pe:8080/registro-renipress-webapp/ipress.htm?action=mostrarVer&idipress=00012630"}},{"type":"Feature","geometry":{"type":"Point","coordinates":[-69.19625959999996,-12.58920349999994]},"properties":{"objectid":25620,"nombre":"MAS SALUD CENTRO MEDICO DE ESPECIALIDADES Y DIAGNOSTICO","departamento":"MADRE DE DIOS","provincia":"TAMBOPATA","distrito":"TAMBOPATA","institucion":"PRIVADO","codigoMinsa":28526,"direccion":"JIRÓN CAJAMARCA NÚMERO 238 DISTRITO TAMBOPATA PROVINCIA TAMBOPATA DEPARTAMENTO MADRE DE DIOS","disa":"MADRE DE DIOS","red":"NO PERTENECE A NINGUNA RED","microrred":"NO PERTENECE A NINGUNA MICRORED","categoria":"ESTABLECIMIENTO DE SALUD SIN INTERNAMIENTO","condicion":"ACTIVO","actualizado":"2023/08/01 19:00:00.000","fuente":"MINSA","urlRenipr":"http://app20.susalud.gob.pe:8080/registro-renipress-webapp/ipress.htm?action=mostrarVer&idipress=00028526"}},{"type":"Feature","geometry":{"type":"Point","coordinates":[-69.23396243999997,-11.657726539999942]},"properties":{"objectid":25937,"nombre":"ALERTA","departamento":"MADRE DE DIOS","provincia":"TAHUAMANU","distrito":"TAHUAMANU","institucion":"GOBIERNO REGIONAL","codigoMinsa":2801,"direccion":"OTROS COMUNIDAD DE ALERTA COMUNIDAD DE ALERTA TAHUAMANU TAHUAMANU MADRE DE DIOS","disa":"MADRE DE DIOS","red":"MADRE DE DIOS","microrred":"IBERIA","categoria":"ESTABLECIMIENTO DE SALUD SIN INTERNAMIENTO","condicion":"ACTIVO","actualizado":"2023/08/01 19:00:00.000","fuente":"MINSA","urlRenipr":"http://app20.susalud.gob.pe:8080/registro-renipress-webapp/ipress.htm?action=mostrarVer&idipress=00002801"}},{"type":"Feature","geometry":{"type":"Point","coordinates":[-69.17360576999994,-12.596038049999947]},"properties":{"objectid":25938,"nombre":"AA.HH. PUEBLO VIEJO","departamento":"MADRE DE DIOS","provincia":"TAMBOPATA","distrito":"TAMBOPATA","institucion":"GOBIERNO REGIONAL","codigoMinsa":2722,"direccion":"CALLE CALLE FAUSTINO MALDONADO CUADRA N° 2 DISTRITO TAMBOPATA PROVINCIA TAMBOPATA DEPARTAMENTO MADRE DE DIOS","disa":"MADRE DE DIOS","red":"MADRE DE DIOS","microrred":"JORGE CHAVEZ","categoria":"ESTABLECIMIENTO DE SALUD SIN INTERNAMIENTO","condicion":"ACTIVO","actualizado":"2023/08/01 19:00:00.000","fuente":"MINSA","urlRenipr":"http://app20.susalud.gob.pe:8080/registro-renipress-webapp/ipress.htm?action=mostrarVer&idipress=00002722"}},{"type":"Feature","geometry":{"type":"Point","coordinates":[-70.39786250999998,-12.62196167999997]},"properties":{"objectid":25939,"nombre":"PUNQUIRI CHICO","departamento":"MADRE DE DIOS","provincia":"MANU","distrito":"MADRE DE DIOS","institucion":"GOBIERNO REGIONAL","codigoMinsa":7702,"direccion":"AVENIDA AV. PRINCIPAL S/N S/N AV. PRINCIPAL S/N MADRE DE DIOS MANU MADRE DE DIOS","disa":"MADRE DE DIOS","red":"MADRE DE DIOS","microrred":"BOCA COLORADO","categoria":"ESTABLECIMIENTO DE SALUD SIN INTERNAMIENTO","condicion":"ACTIVO","actualizado":"2023/08/01 19:00:00.000","fuente":"MINSA","urlRenipr":"http://app20.susalud.gob.pe:8080/registro-renipress-webapp/ipress.htm?action=mostrarVer&idipress=00007702"}},{"type":"Feature","geometry":{"type":"Point","coordinates":[-69.19011753999996,-12.59475305999996]},"properties":{"objectid":26472,"nombre":"Consultorio de Diagnostico Especializado NATAL E.I.R.L.","departamento":"MADRE DE DIOS","provincia":"TAMBOPATA","distrito":"TAMBOPATA","institucion":"PRIVADO","codigoMinsa":30749,"direccion":"AVENIDA Madre de Dios PISO 1 MANZANA H LOTE 13-B URBANIZACIÓN FONAVI DISTRITO TAMBOPATA PROVINCIA TAMBOPATA DEPARTAMENTO MADRE DE DIOS","disa":"","red":"","microrred":"","categoria":"ESTABLECIMIENTO DE SALUD SIN INTERNAMIENTO","condicion":"ACTIVO","actualizado":"2023/08/01 19:00:00.000","fuente":"MINSA","urlRenipr":"http://app20.susalud.gob.pe:8080/registro-renipress-webapp/ipress.htm?action=mostrarVer&idipress=00030749"}},{"type":"Feature","geometry":{"type":"Point","coordinates":[-69.18616867999998,-12.596810279999943]},"properties":{"objectid":26530,"nombre":"CENTRO MEDICO SANTA FE","departamento":"MADRE DE DIOS","provincia":"TAMBOPATA","distrito":"TAMBOPATA","institucion":"PRIVADO","codigoMinsa":28628,"direccion":"AVENIDA FITZCARRALD NÚMERO 633 PISO 2 URBANIZACIÓN PUERTO MALDONADO DISTRITO TAMBOPATA PROVINCIA TAMBOPATA DEPARTAMENTO MADRE DE DIOS","disa":"MADRE DE DIOS","red":"NO PERTENECE A NINGUNA RED","microrred":"NO PERTENECE A NINGUNA MICRORED","categoria":"ESTABLECIMIENTO DE SALUD SIN INTERNAMIENTO","condicion":"ACTIVO","actualizado":"2023/08/01 19:00:00.000","fuente":"MINSA","urlRenipr":"http://app20.susalud.gob.pe:8080/registro-renipress-webapp/ipress.htm?action=mostrarVer&idipress=00028628"}},{"type":"Feature","geometry":{"type":"Point","coordinates":[-69.18957289999997,-12.587567399999955]},"properties":{"objectid":26861,"nombre":"POLICLINICO D´DANNALEX","departamento":"MADRE DE DIOS","provincia":"TAMBOPATA","distrito":"TAMBOPATA","institucion":"PRIVADO","codigoMinsa":26032,"direccion":"JIRÓN GONZALES PRADA NÚMERO SIN NUMERO PISO 1 MANZANA MZ- M LOTE LT - 01 DISTRITO TAMBOPATA PROVINCIA TAMBOPATA DEPARTAMENTO MADRE DE DIOS","disa":"","red":"","microrred":"","categoria":"ESTABLECIMIENTO DE SALUD SIN INTERNAMIENTO","condicion":"RETIRO VOLUNTARIO","actualizado":"2023/08/01 19:00:00.000","fuente":"MINSA","urlRenipr":"http://app20.susalud.gob.pe:8080/registro-renipress-webapp/ipress.htm?action=mostrarVer&idipress=00026032"}},{"type":"Feature","geometry":{"type":"Point","coordinates":[-69.19327619999996,-12.582529499999964]},"properties":{"objectid":26895,"nombre":"OPTICAS POP 2","departamento":"MADRE DE DIOS","provincia":"TAMBOPATA","distrito":"TAMBOPATA","institucion":"PRIVADO","codigoMinsa":28823,"direccion":"AVENIDA 2 DE MAYO NÚMERO 398 PISO 1 DISTRITO TAMBOPATA PROVINCIA TAMBOPATA DEPARTAMENTO MADRE DE DIOS","disa":"MADRE DE DIOS","red":"NO PERTENECE A NINGUNA RED","microrred":"NO PERTENECE A NINGUNA MICRORED","categoria":"SERVICIO MÉDICO DE APOYO","condicion":"ACTIVO","actualizado":"2023/08/01 19:00:00.000","fuente":"MINSA","urlRenipr":"http://app20.susalud.gob.pe:8080/registro-renipress-webapp/ipress.htm?action=mostrarVer&idipress=00028823"}},{"type":"Feature","geometry":{"type":"Point","coordinates":[-69.19327619999996,-12.582529499999964]},"properties":{"objectid":26915,"nombre":"CONSULTORIO ODONTOLOGICO ASSIS \"COASSIS\"","departamento":"MADRE DE DIOS","provincia":"TAMBOPATA","distrito":"TAMBOPATA","institucion":"PRIVADO","codigoMinsa":27679,"direccion":"AVENIDA FITZCARRAL CON PASAJE JOSE CARLOS MARIATEGUI NÚMERO 1363 PISO 1 DEPARTAMENTO 1 INTERIOR 01 MANZANA 6A LOTE 11 URBANIZACIÓN HUERTO FAMILIAR DISTRITO TAMBOPATA PROVINCIA TAMBOPATA DEPARTAMENTO MADRE DE DIOS","disa":"MADRE DE DIOS","red":"NO PERTENECE A NINGUNA RED","microrred":"NO PERTENECE A NINGUNA MICRORED","categoria":"ESTABLECIMIENTO DE SALUD SIN INTERNAMIENTO","condicion":"ACTIVO","actualizado":"2023/08/01 19:00:00.000","fuente":"MINSA","urlRenipr":"http://app20.susalud.gob.pe:8080/registro-renipress-webapp/ipress.htm?action=mostrarVer&idipress=00027679"}},{"type":"Feature","geometry":{"type":"Point","coordinates":[-69.18533881999997,-12.600387939999962]},"properties":{"objectid":27414,"nombre":"CONSULTORIO DENTAL BOCCOLINI","departamento":"MADRE DE DIOS","provincia":"TAMBOPATA","distrito":"TAMBOPATA","institucion":"PRIVADO","codigoMinsa":16448,"direccion":"JIRÓN JIRON SAN MARTIN Nº253 DISTRITO TAMBOPATA PROVINCIA TAMBOPATA DEPARTAMENTO MADRE DE DIOS","disa":"MADRE DE DIOS","red":"NO PERTENECE A NINGUNA RED","microrred":"NO PERTENECE A NINGUNA MICRORED","categoria":"ESTABLECIMIENTO DE SALUD SIN INTERNAMIENTO","condicion":"ACTIVO","actualizado":"2023/08/01 19:00:00.000","fuente":"MINSA","urlRenipr":"http://app20.susalud.gob.pe:8080/registro-renipress-webapp/ipress.htm?action=mostrarVer&idipress=00016448"}},{"type":"Feature","geometry":{"type":"Point","coordinates":[-69.18274047999995,-12.600062869999931]},"properties":{"objectid":27650,"nombre":"CENTRO MEDICO ESPECIALIZADO BALBIN","departamento":"MADRE DE DIOS","provincia":"TAMBOPATA","distrito":"TAMBOPATA","institucion":"PRIVADO","codigoMinsa":28929,"direccion":"AVENIDA LEON VELARDE NÚMERO 1030 DISTRITO TAMBOPATA PROVINCIA TAMBOPATA DEPARTAMENTO MADRE DE DIOS","disa":"MADRE DE DIOS","red":"NO PERTENECE A NINGUNA RED","microrred":"NO PERTENECE A NINGUNA MICRORED","categoria":"ESTABLECIMIENTO DE SALUD SIN INTERNAMIENTO","condicion":"ACTIVO","actualizado":"2023/08/01 19:00:00.000","fuente":"MINSA","urlRenipr":"http://app20.susalud.gob.pe:8080/registro-renipress-webapp/ipress.htm?action=mostrarVer&idipress=00028929"}},{"type":"Feature","geometry":{"type":"Point","coordinates":[-70.22333025999995,-12.640417319999926]},"properties":{"objectid":27971,"nombre":"NUEVO SAN JUAN","departamento":"MADRE DE DIOS","provincia":"MANU","distrito":"MADRE DE DIOS","institucion":"GOBIERNO REGIONAL","codigoMinsa":28922,"direccion":"AVENIDA MANU CON JR SAN JUAN S/N MADRE DE DIOS MANU MADRE DE DIOS","disa":"MADRE DE DIOS","red":"MADRE DE DIOS","microrred":"BOCA COLORADO","categoria":"ESTABLECIMIENTO DE SALUD SIN INTERNAMIENTO","condicion":"ACTIVO","actualizado":"2023/08/01 19:00:00.000","fuente":"MINSA","urlRenipr":"http://app20.susalud.gob.pe:8080/registro-renipress-webapp/ipress.htm?action=mostrarVer&idipress=00028922"}},{"type":"Feature","geometry":{"type":"Point","coordinates":[-69.15873471999998,-12.664604699999927]},"properties":{"objectid":27972,"nombre":"LOERO","departamento":"MADRE DE DIOS","provincia":"TAMBOPATA","distrito":"TAMBOPATA","institucion":"GOBIERNO REGIONAL","codigoMinsa":2703,"direccion":"OTROS COMUNIDAD DE LOERO. RIVERA TAMBOPATA COMUNIDAD DE LOERO. RIVERA TAMBOPATA TAMBOPATA TAMBOPATA MADRE DE DIOS","disa":"MADRE DE DIOS","red":"MADRE DE DIOS","microrred":"NUEVO MILENIO","categoria":"ESTABLECIMIENTO DE SALUD SIN INTERNAMIENTO","condicion":"ACTIVO","actualizado":"2023/08/01 19:00:00.000","fuente":"MINSA","urlRenipr":"http://app20.susalud.gob.pe:8080/registro-renipress-webapp/ipress.htm?action=mostrarVer&idipress=00002703"}},{"type":"Feature","geometry":{"type":"Point","coordinates":[-70.42711402999998,-13.035794289999956]},"properties":{"objectid":27973,"nombre":"CAYCHIHUE","departamento":"MADRE DE DIOS","provincia":"MANU","distrito":"HUEPETUHE","institucion":"GOBIERNO REGIONAL","codigoMinsa":2784,"direccion":"AVENIDA AV. 28 DE JULIO KM 09 CENTRO POBLADO MENOR CAYCHIHUE AV. 28 DE JULIO KM 09 CENTRO POBLADO MENOR CAYCHIHUE HUEPETUHE MANU MADRE DE DIOS","disa":"MADRE DE DIOS","red":"MADRE DE DIOS","microrred":"HUEPETUHE","categoria":"ESTABLECIMIENTO DE SALUD SIN INTERNAMIENTO","condicion":"ACTIVO","actualizado":"2023/08/01 19:00:00.000","fuente":"MINSA","urlRenipr":"http://app20.susalud.gob.pe:8080/registro-renipress-webapp/ipress.htm?action=mostrarVer&idipress=00002784"}},{"type":"Feature","geometry":{"type":"Point","coordinates":[-69.18803057999997,-12.593500229999961]},"properties":{"objectid":29511,"nombre":"CENTRO MEDICO CAYETANO","departamento":"MADRE DE DIOS","provincia":"TAMBOPATA","distrito":"TAMBOPATA","institucion":"PRIVADO","codigoMinsa":10117,"direccion":"JIRÓN JR. ICA Nº 865 DISTRITO TAMBOPATA PROVINCIA TAMBOPATA DEPARTAMENTO MADRE DE DIOS","disa":"MADRE DE DIOS","red":"NO PERTENECE A NINGUNA RED","microrred":"NO PERTENECE A NINGUNA MICRORED","categoria":"ESTABLECIMIENTO DE SALUD SIN INTERNAMIENTO","condicion":"ACTIVO","actualizado":"2023/08/01 19:00:00.000","fuente":"MINSA","urlRenipr":"http://app20.susalud.gob.pe:8080/registro-renipress-webapp/ipress.htm?action=mostrarVer&idipress=00010117"}},{"type":"Feature","geometry":{"type":"Point","coordinates":[-69.18137791999999,-12.598963469999944]},"properties":{"objectid":29579,"nombre":"CONSULTORIO MEDICO ESPECIALIZADO CENTRAL MEDICA MADRE DE DIOS","departamento":"MADRE DE DIOS","provincia":"TAMBOPATA","distrito":"TAMBOPATA","institucion":"PRIVADO","codigoMinsa":28961,"direccion":"AVENIDA LEON VELARDE NÚMERO 857 DISTRITO TAMBOPATA PROVINCIA TAMBOPATA DEPARTAMENTO MADRE DE DIOS","disa":"MADRE DE DIOS","red":"NO PERTENECE A NINGUNA RED","microrred":"NO PERTENECE A NINGUNA MICRORED","categoria":"ESTABLECIMIENTO DE SALUD SIN INTERNAMIENTO","condicion":"ACTIVO","actualizado":"2023/08/01 19:00:00.000","fuente":"MINSA","urlRenipr":"http://app20.susalud.gob.pe:8080/registro-renipress-webapp/ipress.htm?action=mostrarVer&idipress=00028961"}},{"type":"Feature","geometry":{"type":"Point","coordinates":[-69.19419522999993,-12.542844359999947]},"properties":{"objectid":30060,"nombre":"EL PRADO","departamento":"MADRE DE DIOS","provincia":"TAMBOPATA","distrito":"TAMBOPATA","institucion":"GOBIERNO REGIONAL","codigoMinsa":2702,"direccion":"OTROS COMUNIDAD EL PRADO KM 8 COMUNIDAD EL PRADO KM 8 TAMBOPATA TAMBOPATA MADRE DE DIOS","disa":"MADRE DE DIOS","red":"MADRE DE DIOS","microrred":"JORGE CHAVEZ","categoria":"ESTABLECIMIENTO DE SALUD SIN INTERNAMIENTO","condicion":"ACTIVO","actualizado":"2023/08/01 19:00:00.000","fuente":"MINSA","urlRenipr":"http://app20.susalud.gob.pe:8080/registro-renipress-webapp/ipress.htm?action=mostrarVer&idipress=00002702"}},{"type":"Feature","geometry":{"type":"Point","coordinates":[-69.26805081999998,-12.426511689999927]},"properties":{"objectid":30061,"nombre":"PARIAMARCA","departamento":"MADRE DE DIOS","provincia":"TAMBOPATA","distrito":"TAMBOPATA","institucion":"GOBIERNO REGIONAL","codigoMinsa":2712,"direccion":"OTROS COMUNIDAD NATIVA DE PARIAMARCA COMUNIDAD NATIVA DE PARIAMARCA TAMBOPATA TAMBOPATA MADRE DE DIOS","disa":"MADRE DE DIOS","red":"MADRE DE DIOS","microrred":"PLANCHON","categoria":"ESTABLECIMIENTO DE SALUD SIN INTERNAMIENTO","condicion":"ACTIVO","actualizado":"2023/08/01 19:00:00.000","fuente":"MINSA","urlRenipr":"http://app20.susalud.gob.pe:8080/registro-renipress-webapp/ipress.htm?action=mostrarVer&idipress=00002712"}},{"type":"Feature","geometry":{"type":"Point","coordinates":[-69.48814568999995,-11.403082669999947]},"properties":{"objectid":30062,"nombre":"SAN MARTIN DE PORRES","departamento":"MADRE DE DIOS","provincia":"TAHUAMANU","distrito":"IBERIA","institucion":"GOBIERNO REGIONAL","codigoMinsa":2798,"direccion":"OTROS BARRIO MONTERRICO BARRIO MONTERRICO IBERIA TAHUAMANU MADRE DE DIOS","disa":"MADRE DE DIOS","red":"MADRE DE DIOS","microrred":"IBERIA","categoria":"ESTABLECIMIENTO DE SALUD SIN INTERNAMIENTO","condicion":"ACTIVO","actualizado":"2023/08/01 19:00:00.000","fuente":"MINSA","urlRenipr":"http://app20.susalud.gob.pe:8080/registro-renipress-webapp/ipress.htm?action=mostrarVer&idipress=00002798"}},{"type":"Feature","geometry":{"type":"Point","coordinates":[-69.08459685999998,-11.90362086999994]},"properties":{"objectid":30063,"nombre":"SHIRINGAYOC","departamento":"MADRE DE DIOS","provincia":"TAHUAMANU","distrito":"TAHUAMANU","institucion":"GOBIERNO REGIONAL","codigoMinsa":2802,"direccion":"OTROS COMUNIDAD SHIRINGAYOC COMUNIDAD SHIRINGAYOC TAHUAMANU TAHUAMANU MADRE DE DIOS","disa":"MADRE DE DIOS","red":"MADRE DE DIOS","microrred":"IBERIA","categoria":"ESTABLECIMIENTO DE SALUD SIN INTERNAMIENTO","condicion":"ACTIVO","actualizado":"2023/08/01 19:00:00.000","fuente":"MINSA","urlRenipr":"http://app20.susalud.gob.pe:8080/registro-renipress-webapp/ipress.htm?action=mostrarVer&idipress=00002802"}},{"type":"Feature","geometry":{"type":"Point","coordinates":[-68.77591419999999,-12.511412809999968]},"properties":{"objectid":30064,"nombre":"PALMA REAL","departamento":"MADRE DE DIOS","provincia":"TAMBOPATA","distrito":"TAMBOPATA","institucion":"GOBIERNO REGIONAL","codigoMinsa":2707,"direccion":"OTROS COMUNIDAD PALMA REAL DISTRITO TAMBOPATA PROVINCIA TAMBOPATA DEPARTAMENTO MADRE DE DIOS","disa":"MADRE DE DIOS","red":"MADRE DE DIOS","microrred":"JORGE CHAVEZ","categoria":"ESTABLECIMIENTO DE SALUD SIN INTERNAMIENTO","condicion":"ACTIVO","actualizado":"2023/08/01 19:00:00.000","fuente":"MINSA","urlRenipr":"http://app20.susalud.gob.pe:8080/registro-renipress-webapp/ipress.htm?action=mostrarVer&idipress=00002707"}},{"type":"Feature","geometry":{"type":"Point","coordinates":[-69.18577716999994,-11.785091919999957]},"properties":{"objectid":30065,"nombre":"VILLA ROCIO","departamento":"MADRE DE DIOS","provincia":"TAHUAMANU","distrito":"TAHUAMANU","institucion":"GOBIERNO REGIONAL","codigoMinsa":2804,"direccion":"CARRETERA COMUNIDAD VILLA ROCIO KM 100 CARRETERA IBERIA COMUNIDAD VILLA ROCIO KM 100 CARRETERA IBERIA TAHUAMANU TAHUAMANU MADRE DE DIOS","disa":"MADRE DE DIOS","red":"MADRE DE DIOS","microrred":"IBERIA","categoria":"ESTABLECIMIENTO DE SALUD SIN INTERNAMIENTO","condicion":"ACTIVO","actualizado":"2023/08/01 19:00:00.000","fuente":"MINSA","urlRenipr":"http://app20.susalud.gob.pe:8080/registro-renipress-webapp/ipress.htm?action=mostrarVer&idipress=00002804"}},{"type":"Feature","geometry":{"type":"Point","coordinates":[-69.46124423999998,-11.341652809999971]},"properties":{"objectid":30066,"nombre":"ARROZAL","departamento":"MADRE DE DIOS","provincia":"TAHUAMANU","distrito":"IBERIA","institucion":"GOBIERNO REGIONAL","codigoMinsa":2795,"direccion":"OTROS COMUNIDAD DE ARROZAL KM 8 COMUNIDAD DE ARROZAL KM 8 IBERIA TAHUAMANU MADRE DE DIOS","disa":"","red":"","microrred":"","categoria":"ESTABLECIMIENTO DE SALUD SIN INTERNAMIENTO","condicion":"ACTIVO","actualizado":"2023/08/01 19:00:00.000","fuente":"MINSA","urlRenipr":"http://app20.susalud.gob.pe:8080/registro-renipress-webapp/ipress.htm?action=mostrarVer&idipress=00002795"}},{"type":"Feature","geometry":{"type":"Point","coordinates":[-70.50348663999995,-13.024503699999968]},"properties":{"objectid":30067,"nombre":"QUEBRADA NUEVA","departamento":"MADRE DE DIOS","provincia":"MANU","distrito":"HUEPETUHE","institucion":"GOBIERNO REGIONAL","codigoMinsa":2786,"direccion":"AVENIDA AV.PAQUE INDUSTRIAL S/N CENTRO POBLADO QUEBRADA NUEVA S/N AV.PAQUE INDUSTRIAL S/N CENTRO POBLADO QUEBRADA NUEVA HUEPETUHE MANU MADRE DE DIOS","disa":"MADRE DE DIOS","red":"MADRE DE DIOS","microrred":"HUEPETUHE","categoria":"ESTABLECIMIENTO DE SALUD SIN INTERNAMIENTO","condicion":"ACTIVO","actualizado":"2023/08/01 19:00:00.000","fuente":"MINSA","urlRenipr":"http://app20.susalud.gob.pe:8080/registro-renipress-webapp/ipress.htm?action=mostrarVer&idipress=00002786"}},{"type":"Feature","geometry":{"type":"Point","coordinates":[-70.39586882999998,-13.066555059999928]},"properties":{"objectid":30068,"nombre":"PUNQUIRI","departamento":"MADRE DE DIOS","provincia":"MANU","distrito":"HUEPETUHE","institucion":"GOBIERNO REGIONAL","codigoMinsa":2778,"direccion":"OTROS COMUNIDAD PUNQUIRI COMUNIDAD PUNQUIRI HUEPETUHE MANU MADRE DE DIOS","disa":"MADRE DE DIOS","red":"MADRE DE DIOS","microrred":"HUEPETUHE","categoria":"ESTABLECIMIENTO DE SALUD SIN INTERNAMIENTO","condicion":"ACTIVO","actualizado":"2023/08/01 19:00:00.000","fuente":"MINSA","urlRenipr":"http://app20.susalud.gob.pe:8080/registro-renipress-webapp/ipress.htm?action=mostrarVer&idipress=00002778"}},{"type":"Feature","geometry":{"type":"Point","coordinates":[-70.38579054999997,-13.186636489999955]},"properties":{"objectid":30069,"nombre":"PUENTE INAMBARI","departamento":"MADRE DE DIOS","provincia":"TAMBOPATA","distrito":"INAMBARI","institucion":"GOBIERNO REGIONAL","codigoMinsa":2735,"direccion":"CARRETERA COMUNIDAD PUENTE INAMBARI KM 187 CARRETERA INTEROCEANICA COMUNIDAD PUENTE INAMBARI KM 187 CARRETERA INTEROCEANICA INAMBARI TAMBOPATA MADRE DE DIOS","disa":"MADRE DE DIOS","red":"MADRE DE DIOS","microrred":"MAZUKO","categoria":"ESTABLECIMIENTO DE SALUD SIN INTERNAMIENTO","condicion":"ACTIVO","actualizado":"2023/08/01 19:00:00.000","fuente":"MINSA","urlRenipr":"http://app20.susalud.gob.pe:8080/registro-renipress-webapp/ipress.htm?action=mostrarVer&idipress=00002735"}},{"type":"Feature","geometry":{"type":"Point","coordinates":[-69.18302459999995,-12.601494599999967]},"properties":{"objectid":30196,"nombre":"CONSULTORIO MEDICO SOLIDARIEDADE","departamento":"MADRE DE DIOS","provincia":"TAMBOPATA","distrito":"TAMBOPATA","institucion":"PRIVADO","codigoMinsa":31578,"direccion":"AVENIDA león Velarde NÚMERO 1102 PISO 1 MANZANA 11 DISTRITO TAMBOPATA PROVINCIA TAMBOPATA DEPARTAMENTO MADRE DE DIOS","disa":"MADRE DE DIOS","red":"","microrred":"","categoria":"ESTABLECIMIENTO DE SALUD SIN INTERNAMIENTO","condicion":"ACTIVO","actualizado":"2023/08/01 19:00:00.000","fuente":"MINSA","urlRenipr":"http://app20.susalud.gob.pe:8080/registro-renipress-webapp/ipress.htm?action=mostrarVer&idipress=00031578"}},{"type":"Feature","geometry":{"type":"Point","coordinates":[-69.18568919999996,-12.590481059999945]},"properties":{"objectid":30692,"nombre":"CLÍNICA DE DIOS","departamento":"MADRE DE DIOS","provincia":"TAMBOPATA","distrito":"TAMBOPATA","institucion":"PRIVADO","codigoMinsa":28527,"direccion":"AVENIDA MADRE DE DIOS NÚMERO 255 PISO 1 DISTRITO TAMBOPATA PROVINCIA TAMBOPATA DEPARTAMENTO MADRE DE DIOS","disa":"MADRE DE DIOS","red":"NO PERTENECE A NINGUNA RED","microrred":"NO PERTENECE A NINGUNA MICRORED","categoria":"ESTABLECIMIENTO DE SALUD SIN INTERNAMIENTO","condicion":"ACTIVO","actualizado":"2023/08/01 19:00:00.000","fuente":"MINSA","urlRenipr":"http://app20.susalud.gob.pe:8080/registro-renipress-webapp/ipress.htm?action=mostrarVer&idipress=00028527"}},{"type":"Feature","geometry":{"type":"Point","coordinates":[-69.18152372999998,-12.593492179999942]},"properties":{"objectid":31098,"nombre":"OdontoEsthetic","departamento":"MADRE DE DIOS","provincia":"TAMBOPATA","distrito":"TAMBOPATA","institucion":"PRIVADO","codigoMinsa":28525,"direccion":"AVENIDA 2 de mayo NÚMERO 639 PISO 1 DISTRITO TAMBOPATA PROVINCIA TAMBOPATA DEPARTAMENTO MADRE DE DIOS","disa":"MADRE DE DIOS","red":"NO PERTENECE A NINGUNA RED","microrred":"NO PERTENECE A NINGUNA MICRORED","categoria":"ESTABLECIMIENTO DE SALUD SIN INTERNAMIENTO","condicion":"ACTIVO","actualizado":"2023/08/01 19:00:00.000","fuente":"MINSA","urlRenipr":"http://app20.susalud.gob.pe:8080/registro-renipress-webapp/ipress.htm?action=mostrarVer&idipress=00028525"}},{"type":"Feature","geometry":{"type":"Point","coordinates":[-69.18268116999997,-12.600152709999975]},"properties":{"objectid":31438,"nombre":"CLINICA MI SALUD","departamento":"MADRE DE DIOS","provincia":"TAMBOPATA","distrito":"TAMBOPATA","institucion":"PRIVADO","codigoMinsa":9002,"direccion":"AV. LEON VELARDE 1014","disa":"","red":"","microrred":"","categoria":"ESTABLECIMIENTO DE SALUD CON INTERNAMIENTO","condicion":"RETIRO VOLUNTARIO","actualizado":"2023/08/01 19:00:00.000","fuente":"MINSA","urlRenipr":"http://app20.susalud.gob.pe:8080/registro-renipress-webapp/ipress.htm?action=mostrarVer&idipress=00009002"}},{"type":"Feature","geometry":{"type":"Point","coordinates":[-68.70153944999998,-12.570804499999952]},"properties":{"objectid":32131,"nombre":"SONENE","departamento":"MADRE DE DIOS","provincia":"TAMBOPATA","distrito":"TAMBOPATA","institucion":"GOBIERNO REGIONAL","codigoMinsa":2710,"direccion":"OTROS COMUNIDAD NATIVA SONENE COMUNIDAD NATIVA SONENE TAMBOPATA TAMBOPATA MADRE DE DIOS","disa":"MADRE DE DIOS","red":"MADRE DE DIOS","microrred":"JORGE CHAVEZ","categoria":"ESTABLECIMIENTO DE SALUD SIN INTERNAMIENTO","condicion":"ACTIVO","actualizado":"2023/08/01 19:00:00.000","fuente":"MINSA","urlRenipr":"http://app20.susalud.gob.pe:8080/registro-renipress-webapp/ipress.htm?action=mostrarVer&idipress=00002710"}},{"type":"Feature","geometry":{"type":"Point","coordinates":[-69.19758080999998,-12.58541882999998]},"properties":{"objectid":32132,"nombre":"JORGE CHAVEZ","departamento":"MADRE DE DIOS","provincia":"TAMBOPATA","distrito":"TAMBOPATA","institucion":"GOBIERNO REGIONAL","codigoMinsa":2708,"direccion":"JIRÓN JIRON MANCO YNCA S/N S/N JIRON MANCO YNCA S/N TAMBOPATA TAMBOPATA MADRE DE DIOS","disa":"MADRE DE DIOS","red":"MADRE DE DIOS","microrred":"JORGE CHAVEZ","categoria":"ESTABLECIMIENTO DE SALUD SIN INTERNAMIENTO","condicion":"ACTIVO","actualizado":"2023/08/01 19:00:00.000","fuente":"MINSA","urlRenipr":"http://app20.susalud.gob.pe:8080/registro-renipress-webapp/ipress.htm?action=mostrarVer&idipress=00002708"}},{"type":"Feature","geometry":{"type":"Point","coordinates":[-70.95682564999998,-12.334973069999933]},"properties":{"objectid":32133,"nombre":"DIAMANTE","departamento":"MADRE DE DIOS","provincia":"MANU","distrito":"FITZCARRALD","institucion":"GOBIERNO REGIONAL","codigoMinsa":2787,"direccion":"OTROS COMUNIDAD NATIVA DIAMANTE DISTRITO FITZCARRALD PROVINCIA MANU DEPARTAMENTO MADRE DE DIOS","disa":"MADRE DE DIOS","red":"MADRE DE DIOS","microrred":"SALVACION","categoria":"ESTABLECIMIENTO DE SALUD SIN INTERNAMIENTO","condicion":"ACTIVO","actualizado":"2023/08/01 19:00:00.000","fuente":"MINSA","urlRenipr":"http://app20.susalud.gob.pe:8080/registro-renipress-webapp/ipress.htm?action=mostrarVer&idipress=00002787"}},{"type":"Feature","geometry":{"type":"Point","coordinates":[-69.18164768999998,-12.594326939999974]},"properties":{"objectid":32134,"nombre":"SISTEMA DE ATENCIÓN MÓVIL DE URGENCIAS MADRE DE DIOS","departamento":"MADRE DE DIOS","provincia":"TAMBOPATA","distrito":"TAMBOPATA","institucion":"GOBIERNO REGIONAL","codigoMinsa":26533,"direccion":"AVENIDA ERNESTO RIVERO N?ERO 475 DISTRITO TAMBOPATA PROVINCIA TAMBOPATA DEPARTAMENTO MADRE DE DIOS","disa":"MADRE DE DIOS","red":"NO PERTENECE A NINGUNA RED","microrred":"NO PERTENECE A NINGUNA MICRORED","categoria":"SERVICIO MÉDICO DE APOYO","condicion":"ACTIVO","actualizado":"2023/08/01 19:00:00.000","fuente":"MINSA","urlRenipr":"http://app20.susalud.gob.pe:8080/registro-renipress-webapp/ipress.htm?action=mostrarVer&idipress=00026533"}},{"type":"Feature","geometry":{"type":"Point","coordinates":[-69.21164155999998,-12.530010309999966]},"properties":{"objectid":32135,"nombre":"OTILIA","departamento":"MADRE DE DIOS","provincia":"TAMBOPATA","distrito":"TAMBOPATA","institucion":"GOBIERNO REGIONAL","codigoMinsa":7703,"direccion":"OTROS COMUNIDAD DE OTILIA COMUNIDAD DE OTILIA TAMBOPATA TAMBOPATA MADRE DE DIOS","disa":"MADRE DE DIOS","red":"MADRE DE DIOS","microrred":"JORGE CHAVEZ","categoria":"ESTABLECIMIENTO DE SALUD SIN INTERNAMIENTO","condicion":"ACTIVO","actualizado":"2023/08/01 19:00:00.000","fuente":"MINSA","urlRenipr":"http://app20.susalud.gob.pe:8080/registro-renipress-webapp/ipress.htm?action=mostrarVer&idipress=00007703"}},{"type":"Feature","geometry":{"type":"Point","coordinates":[-71.64455737999998,-11.73052051999997]},"properties":{"objectid":32136,"nombre":"TAYACOME","departamento":"MADRE DE DIOS","provincia":"MANU","distrito":"FITZCARRALD","institucion":"GOBIERNO REGIONAL","codigoMinsa":2771,"direccion":"OTROS COMUNIDAD NATIVA DE TAYACOME COMUNIDAD NATIVA DE TAYACOME FITZCARRALD MANU MADRE DE DIOS","disa":"MADRE DE DIOS","red":"MADRE DE DIOS","microrred":"SALVACION","categoria":"ESTABLECIMIENTO DE SALUD SIN INTERNAMIENTO","condicion":"ACTIVO","actualizado":"2023/08/01 19:00:00.000","fuente":"MINSA","urlRenipr":"http://app20.susalud.gob.pe:8080/registro-renipress-webapp/ipress.htm?action=mostrarVer&idipress=00002771"}},{"type":"Feature","geometry":{"type":"Point","coordinates":[-69.73693270999996,-12.719826059999946]},"properties":{"objectid":32137,"nombre":"AMARACAYRE","departamento":"MADRE DE DIOS","provincia":"TAMBOPATA","distrito":"INAMBARI","institucion":"GOBIERNO REGIONAL","codigoMinsa":2741,"direccion":"OTROS COMUNIDAD AMARACAYRE COMUNIDAD AMARACAYRE INAMBARI TAMBOPATA MADRE DE DIOS","disa":"MADRE DE DIOS","red":"MADRE DE DIOS","microrred":"LABERINTO","categoria":"ESTABLECIMIENTO DE SALUD SIN INTERNAMIENTO","condicion":"ACTIVO","actualizado":"2023/08/01 19:00:00.000","fuente":"MINSA","urlRenipr":"http://app20.susalud.gob.pe:8080/registro-renipress-webapp/ipress.htm?action=mostrarVer&idipress=00002741"}},{"type":"Feature","geometry":{"type":"Point","coordinates":[-69.22802590999999,-12.668666599999938]},"properties":{"objectid":32138,"nombre":"CHONTA","departamento":"MADRE DE DIOS","provincia":"TAMBOPATA","distrito":"TAMBOPATA","institucion":"GOBIERNO REGIONAL","codigoMinsa":2728,"direccion":"OTROS COMUNIDAD DE CHONTA COMUNIDAD DE CHONTA TAMBOPATA TAMBOPATA MADRE DE DIOS","disa":"MADRE DE DIOS","red":"MADRE DE DIOS","microrred":"NUEVO MILENIO","categoria":"ESTABLECIMIENTO DE SALUD SIN INTERNAMIENTO","condicion":"ACTIVO","actualizado":"2023/08/01 19:00:00.000","fuente":"MINSA","urlRenipr":"http://app20.susalud.gob.pe:8080/registro-renipress-webapp/ipress.htm?action=mostrarVer&idipress=00002728"}},{"type":"Feature","geometry":{"type":"Point","coordinates":[-69.18057325999996,-12.594016109999927]},"properties":{"objectid":32731,"nombre":"CONSULTORIO ODONTOLOGÍA SONRÍE SALUD","departamento":"MADRE DE DIOS","provincia":"TAMBOPATA","distrito":"TAMBOPATA","institucion":"PRIVADO","codigoMinsa":27681,"direccion":"AVENIDA DOS DE MAYO NÚMERO 554 DISTRITO TAMBOPATA PROVINCIA TAMBOPATA DEPARTAMENTO MADRE DE DIOS","disa":"MADRE DE DIOS","red":"NO PERTENECE A NINGUNA RED","microrred":"NO PERTENECE A NINGUNA MICRORED","categoria":"ESTABLECIMIENTO DE SALUD SIN INTERNAMIENTO","condicion":"ACTIVO","actualizado":"2023/08/01 19:00:00.000","fuente":"MINSA","urlRenipr":"http://app20.susalud.gob.pe:8080/registro-renipress-webapp/ipress.htm?action=mostrarVer&idipress=00027681"}},{"type":"Feature","geometry":{"type":"Point","coordinates":[-69.18668332999994,-12.594790939999939]},"properties":{"objectid":33138,"nombre":"Servicio de Ambulancia Salud & Fe","departamento":"MADRE DE DIOS","provincia":"TAMBOPATA","distrito":"TAMBOPATA","institucion":"PRIVADO","codigoMinsa":27916,"direccion":"JIRÓN 28 de Julio NÚMERO S/N PISO 1 MANZANA 3-S LOTE 10-A DISTRITO TAMBOPATA PROVINCIA TAMBOPATA DEPARTAMENTO MADRE DE DIOS","disa":"MADRE DE DIOS","red":"NO PERTENECE A NINGUNA RED","microrred":"NO PERTENECE A NINGUNA MICRORED","categoria":"SERVICIO MÉDICO DE APOYO","condicion":"ACTIVO","actualizado":"2023/08/01 19:00:00.000","fuente":"MINSA","urlRenipr":"http://app20.susalud.gob.pe:8080/registro-renipress-webapp/ipress.htm?action=mostrarVer&idipress=00027916"}},{"type":"Feature","geometry":{"type":"Point","coordinates":[-69.19414449999994,-12.592450099999951]},"properties":{"objectid":33160,"nombre":"CLINIC DENT","departamento":"MADRE DE DIOS","provincia":"TAMBOPATA","distrito":"TAMBOPATA","institucion":"PRIVADO","codigoMinsa":27683,"direccion":"JIRÓN LAMBAYEQUE NÚMERO 1051 PISO 1 DISTRITO TAMBOPATA PROVINCIA TAMBOPATA DEPARTAMENTO MADRE DE DIOS","disa":"","red":"","microrred":"","categoria":"ESTABLECIMIENTO DE SALUD SIN INTERNAMIENTO","condicion":"RETIRO VOLUNTARIO","actualizado":"2023/08/01 19:00:00.000","fuente":"MINSA","urlRenipr":"http://app20.susalud.gob.pe:8080/registro-renipress-webapp/ipress.htm?action=mostrarVer&idipress=00027683"}},{"type":"Feature","geometry":{"type":"Point","coordinates":[-69.18608039999998,-12.59520079999993]},"properties":{"objectid":33205,"nombre":"HAPPY MEDIC","departamento":"MADRE DE DIOS","provincia":"TAMBOPATA","distrito":"TAMBOPATA","institucion":"PRIVADO","codigoMinsa":28624,"direccion":"JIRÓN ICA NÚMERO 621 DISTRITO TAMBOPATA PROVINCIA TAMBOPATA DEPARTAMENTO MADRE DE DIOS","disa":"MADRE DE DIOS","red":"NO PERTENECE A NINGUNA RED","microrred":"NO PERTENECE A NINGUNA MICRORED","categoria":"ESTABLECIMIENTO DE SALUD SIN INTERNAMIENTO","condicion":"ACTIVO","actualizado":"2023/08/01 19:00:00.000","fuente":"MINSA","urlRenipr":"http://app20.susalud.gob.pe:8080/registro-renipress-webapp/ipress.htm?action=mostrarVer&idipress=00028624"}}]}