{"type":"FeatureCollection","features":[{"type":"Feature","geometry":{"type":"Point","coordinates":[-76.19160649999998,-10.577194299999974]},"properties":{"objectid":15292,"nombre":"POLICLINICO SALUS LABORIS S.A.C. (ATACOCHA)","departamento":"PASCO","provincia":"PASCO","distrito":"YANACANCHA","institucion":"PRIVADO","codigoMinsa":26129,"direccion":"CARRETERA CARRETERA CENTRAL PARTE ALTA KM. 150 URBANIZACI? CHICRIN DISTRITO YANACANCHA PROVINCIA PASCO DEPARTAMENTO PASCO","disa":"PASCO","red":"NO PERTENECE A NINGUNA RED","microrred":"NO PERTENECE A NINGUNA MICRORED","categoria":"ESTABLECIMIENTO DE SALUD SIN INTERNAMIENTO","condicion":"ACTIVO","actualizado":"2023/08/01 19:00:00.000","fuente":"MINSA","urlRenipr":"http://app20.susalud.gob.pe:8080/registro-renipress-webapp/ipress.htm?action=mostrarVer&idipress=00026129"}},{"type":"Feature","geometry":{"type":"Point","coordinates":[-75.86783433999994,-10.643333759999962]},"properties":{"objectid":5645,"nombre":"QUIPARACRA","departamento":"PASCO","provincia":"PASCO","distrito":"HUACHON","institucion":"GOBIERNO REGIONAL","codigoMinsa":1048,"direccion":"OTROS QUIPARACRA S/N S/N QUIPARACRA S/N HUACHON PASCO PASCO","disa":"PASCO","red":"PASCO","microrred":"MESETA","categoria":"ESTABLECIMIENTO DE SALUD SIN INTERNAMIENTO","condicion":"ACTIVO","actualizado":"2023/08/01 19:00:00.000","fuente":"MINSA","urlRenipr":"http://app20.susalud.gob.pe:8080/registro-renipress-webapp/ipress.htm?action=mostrarVer&idipress=00001048"}},{"type":"Feature","geometry":{"type":"Point","coordinates":[-76.20428761999995,-10.445107229999962]},"properties":{"objectid":5646,"nombre":"JARCAHUACA","departamento":"PASCO","provincia":"PASCO","distrito":"HUARIACA","institucion":"GOBIERNO REGIONAL","codigoMinsa":1028,"direccion":"OTROS JARCAHUACA S/N NÚMERO S/N DISTRITO HUARIACA PROVINCIA PASCO DEPARTAMENTO PASCO","disa":"PASCO","red":"PASCO","microrred":"HUARIACA","categoria":"ESTABLECIMIENTO DE SALUD SIN INTERNAMIENTO","condicion":"ACTIVO","actualizado":"2023/08/01 19:00:00.000","fuente":"MINSA","urlRenipr":"http://app20.susalud.gob.pe:8080/registro-renipress-webapp/ipress.htm?action=mostrarVer&idipress=00001028"}},{"type":"Feature","geometry":{"type":"Point","coordinates":[-76.29233240999997,-10.79366613999997]},"properties":{"objectid":5647,"nombre":"HUARAUCACA","departamento":"PASCO","provincia":"PASCO","distrito":"TINYAHUARCO","institucion":"GOBIERNO REGIONAL","codigoMinsa":1067,"direccion":"OTROS HUARAUCACA DISTRITO TINYAHUARCO PROVINCIA PASCO DEPARTAMENTO PASCO","disa":"PASCO","red":"PASCO","microrred":"MESETA","categoria":"ESTABLECIMIENTO DE SALUD SIN INTERNAMIENTO","condicion":"ACTIVO","actualizado":"2023/08/01 19:00:00.000","fuente":"MINSA","urlRenipr":"http://app20.susalud.gob.pe:8080/registro-renipress-webapp/ipress.htm?action=mostrarVer&idipress=00001067"}},{"type":"Feature","geometry":{"type":"Point","coordinates":[-76.40972382999996,-10.47330489999996]},"properties":{"objectid":5648,"nombre":"GOYLLARISQUIZGA","departamento":"PASCO","provincia":"DANIEL ALCIDES CARRION","distrito":"GOYLLARISQUIZGA","institucion":"GOBIERNO REGIONAL","codigoMinsa":994,"direccion":"OTROS GOYLLARISQUIZGA S/N NÚMERO S/N DISTRITO GOYLLARISQUIZGA PROVINCIA DANIEL ALCIDES CARRION DEPARTAMENTO PASCO","disa":"PASCO","red":"DANIEL CARRION","microrred":"TUSI","categoria":"ESTABLECIMIENTO DE SALUD SIN INTERNAMIENTO","condicion":"ACTIVO","actualizado":"2023/08/01 19:00:00.000","fuente":"MINSA","urlRenipr":"http://app20.susalud.gob.pe:8080/registro-renipress-webapp/ipress.htm?action=mostrarVer&idipress=00000994"}},{"type":"Feature","geometry":{"type":"Point","coordinates":[-76.25713764999995,-10.667764129999966]},"properties":{"objectid":7385,"nombre":"CENTRO MEDICO INTEGRAL PASCO SOCIEDAD ANONIMA CERRADA","departamento":"PASCO","provincia":"PASCO","distrito":"YANACANCHA","institucion":"PRIVADO","codigoMinsa":31022,"direccion":"AVENIDA EL MINERO NÚMERO 583 DISTRITO YANACANCHA PROVINCIA PASCO DEPARTAMENTO PASCO","disa":"PASCO","red":"","microrred":"","categoria":"ESTABLECIMIENTO DE SALUD SIN INTERNAMIENTO","condicion":"ACTIVO","actualizado":"2023/08/01 19:00:00.000","fuente":"MINSA","urlRenipr":"http://app20.susalud.gob.pe:8080/registro-renipress-webapp/ipress.htm?action=mostrarVer&idipress=00031022"}},{"type":"Feature","geometry":{"type":"Point","coordinates":[-76.25925449999994,-10.667734999999936]},"properties":{"objectid":8389,"nombre":"CLINICA B&B","departamento":"PASCO","provincia":"PASCO","distrito":"YANACANCHA","institucion":"PRIVADO","codigoMinsa":30939,"direccion":"AVENIDA EL MINERO NÚMERO 378 DISTRITO YANACANCHA PROVINCIA PASCO DEPARTAMENTO PASCO","disa":"PASCO","red":"","microrred":"","categoria":"ESTABLECIMIENTO DE SALUD SIN INTERNAMIENTO","condicion":"ACTIVO","actualizado":"2023/08/01 19:00:00.000","fuente":"MINSA","urlRenipr":"http://app20.susalud.gob.pe:8080/registro-renipress-webapp/ipress.htm?action=mostrarVer&idipress=00030939"}},{"type":"Feature","geometry":{"type":"Point","coordinates":[-76.43911166999999,-10.43687499999993]},"properties":{"objectid":1332,"nombre":"CHACAYAN","departamento":"PASCO","provincia":"DANIEL ALCIDES CARRION","distrito":"CHACAYAN","institucion":"GOBIERNO REGIONAL","codigoMinsa":993,"direccion":"CARRETERA CARRETERA PRINCIPAL CHACAYAN - VILCABAMBA CARRETERA PRINCIPAL CHACAYAN - VILCABAMBA CHACAYAN DANIEL ALCIDES CARRION PASCO","disa":"PASCO","red":"DANIEL CARRION","microrred":"CHAUPIHUARANGA","categoria":"ESTABLECIMIENTO DE SALUD SIN INTERNAMIENTO","condicion":"ACTIVO","actualizado":"2023/08/01 19:00:00.000","fuente":"MINSA","urlRenipr":"http://app20.susalud.gob.pe:8080/registro-renipress-webapp/ipress.htm?action=mostrarVer&idipress=00000993"}},{"type":"Feature","geometry":{"type":"Point","coordinates":[-75.29559293999995,-10.23594954999993]},"properties":{"objectid":1333,"nombre":"NUEVA ESPERANZA","departamento":"PASCO","provincia":"OXAPAMPA","distrito":"PALCAZU","institucion":"GOBIERNO REGIONAL","codigoMinsa":1141,"direccion":"OTROS NUEVA ESPERANZA S/N NÚMERO S/N DISTRITO PALCAZU PROVINCIA OXAPAMPA DEPARTAMENTO PASCO","disa":"PASCO","red":"OXAPAMPA","microrred":"PALCAZU","categoria":"ESTABLECIMIENTO DE SALUD SIN INTERNAMIENTO","condicion":"ACTIVO","actualizado":"2023/08/01 19:00:00.000","fuente":"MINSA","urlRenipr":"http://app20.susalud.gob.pe:8080/registro-renipress-webapp/ipress.htm?action=mostrarVer&idipress=00001141"}},{"type":"Feature","geometry":{"type":"Point","coordinates":[-75.07465245999998,-10.51829394999993]},"properties":{"objectid":1334,"nombre":"BELLA ESPERANZA","departamento":"PASCO","provincia":"OXAPAMPA","distrito":"VILLA RICA","institucion":"GOBIERNO REGIONAL","codigoMinsa":1190,"direccion":"OTROS BALLA ESPERANZA S/N NÚMERO S/N DISTRITO VILLA RICA PROVINCIA OXAPAMPA DEPARTAMENTO PASCO","disa":"PASCO","red":"OXAPAMPA","microrred":"VILLA RICA","categoria":"ESTABLECIMIENTO DE SALUD SIN INTERNAMIENTO","condicion":"ACTIVO","actualizado":"2023/08/01 19:00:00.000","fuente":"MINSA","urlRenipr":"http://app20.susalud.gob.pe:8080/registro-renipress-webapp/ipress.htm?action=mostrarVer&idipress=00001190"}},{"type":"Feature","geometry":{"type":"Point","coordinates":[-76.29096516999994,-10.70314837999996]},"properties":{"objectid":1335,"nombre":"QUIULACOCHA","departamento":"PASCO","provincia":"PASCO","distrito":"SIMON BOLIVAR","institucion":"GOBIERNO REGIONAL","codigoMinsa":985,"direccion":"AVENIDA AV SAN SEBASTIAN S/N QUIULACOCHA NÚMERO S/N DISTRITO SIMON BOLIVAR PROVINCIA PASCO DEPARTAMENTO PASCO","disa":"PASCO","red":"PASCO","microrred":"SIMON BOLIVAR","categoria":"ESTABLECIMIENTO DE SALUD SIN INTERNAMIENTO","condicion":"ACTIVO","actualizado":"2023/08/01 19:00:00.000","fuente":"MINSA","urlRenipr":"http://app20.susalud.gob.pe:8080/registro-renipress-webapp/ipress.htm?action=mostrarVer&idipress=00000985"}},{"type":"Feature","geometry":{"type":"Point","coordinates":[-75.69721674999994,-9.964950709999925]},"properties":{"objectid":1336,"nombre":"CUSHI","departamento":"PASCO","provincia":"OXAPAMPA","distrito":"POZUZO","institucion":"GOBIERNO REGIONAL","codigoMinsa":1099,"direccion":"OTROS CUSHI S/N S/N CUSHI S/N POZUZO OXAPAMPA PASCO","disa":"PASCO","red":"OXAPAMPA","microrred":"POZUZO","categoria":"ESTABLECIMIENTO DE SALUD SIN INTERNAMIENTO","condicion":"ACTIVO","actualizado":"2023/08/01 19:00:00.000","fuente":"MINSA","urlRenipr":"http://app20.susalud.gob.pe:8080/registro-renipress-webapp/ipress.htm?action=mostrarVer&idipress=00001099"}},{"type":"Feature","geometry":{"type":"Point","coordinates":[-75.16380618999995,-10.738198919999945]},"properties":{"objectid":1337,"nombre":"LOS MELLIZOS","departamento":"PASCO","provincia":"OXAPAMPA","distrito":"VILLA RICA","institucion":"GOBIERNO REGIONAL","codigoMinsa":1178,"direccion":"OTROS CENTRO POBLADO LOS MELLIZOS DISTRITO VILLA RICA PROVINCIA OXAPAMPA DEPARTAMENTO PASCO","disa":"PASCO","red":"OXAPAMPA","microrred":"VILLA RICA","categoria":"ESTABLECIMIENTO DE SALUD SIN INTERNAMIENTO","condicion":"ACTIVO","actualizado":"2023/08/01 19:00:00.000","fuente":"MINSA","urlRenipr":"http://app20.susalud.gob.pe:8080/registro-renipress-webapp/ipress.htm?action=mostrarVer&idipress=00001178"}},{"type":"Feature","geometry":{"type":"Point","coordinates":[-75.38714743999998,-10.648953669999969]},"properties":{"objectid":1338,"nombre":"CANTARIZU","departamento":"PASCO","provincia":"OXAPAMPA","distrito":"OXAPAMPA","institucion":"GOBIERNO REGIONAL","codigoMinsa":1091,"direccion":"OTROS CANTARIZU S/N S/N CANTARIZU S/N OXAPAMPA OXAPAMPA PASCO","disa":"PASCO","red":"OXAPAMPA","microrred":"OXAPAMPA","categoria":"ESTABLECIMIENTO DE SALUD SIN INTERNAMIENTO","condicion":"ACTIVO","actualizado":"2023/08/01 19:00:00.000","fuente":"MINSA","urlRenipr":"http://app20.susalud.gob.pe:8080/registro-renipress-webapp/ipress.htm?action=mostrarVer&idipress=00001091"}},{"type":"Feature","geometry":{"type":"Point","coordinates":[-76.22189126999996,-10.545346379999955]},"properties":{"objectid":1339,"nombre":"MACHCAN","departamento":"PASCO","provincia":"PASCO","distrito":"SAN FRANCISCO DE ASIS DE YARUSYACAN","institucion":"GOBIERNO REGIONAL","codigoMinsa":1018,"direccion":"OTROS CASERIO MACHCAN DISTRITO SAN FCO DE ASIS DE YARUSYACAN PROVINCIA PASCO DEPARTAMENTO PASCO","disa":"PASCO","red":"PASCO","microrred":"CENTRO","categoria":"ESTABLECIMIENTO DE SALUD SIN INTERNAMIENTO","condicion":"ACTIVO","actualizado":"2023/08/01 19:00:00.000","fuente":"MINSA","urlRenipr":"http://app20.susalud.gob.pe:8080/registro-renipress-webapp/ipress.htm?action=mostrarVer&idipress=00001018"}},{"type":"Feature","geometry":{"type":"Point","coordinates":[-76.45851306999998,-10.67929001999994]},"properties":{"objectid":1340,"nombre":"TUNANCANCHA","departamento":"PASCO","provincia":"DANIEL ALCIDES CARRION","distrito":"YANAHUANCA","institucion":"GOBIERNO REGIONAL","codigoMinsa":991,"direccion":"OTROS TUNANCANCHA DISTRITO YANAHUANCA PROVINCIA DANIEL ALCIDES CARRION DEPARTAMENTO PASCO","disa":"PASCO","red":"DANIEL CARRION","microrred":"YANAHUANCA","categoria":"ESTABLECIMIENTO DE SALUD SIN INTERNAMIENTO","condicion":"ACTIVO","actualizado":"2023/08/01 19:00:00.000","fuente":"MINSA","urlRenipr":"http://app20.susalud.gob.pe:8080/registro-renipress-webapp/ipress.htm?action=mostrarVer&idipress=00000991"}},{"type":"Feature","geometry":{"type":"Point","coordinates":[-76.48737618999996,-10.484658919999958]},"properties":{"objectid":1341,"nombre":"ROCCO","departamento":"PASCO","provincia":"DANIEL ALCIDES CARRION","distrito":"YANAHUANCA","institucion":"GOBIERNO REGIONAL","codigoMinsa":1212,"direccion":"OTROS ROCCO S/N NÚMERO S/N DISTRITO YANAHUANCA PROVINCIA DANIEL ALCIDES CARRION DEPARTAMENTO PASCO","disa":"PASCO","red":"DANIEL CARRION","microrred":"YANAHUANCA","categoria":"ESTABLECIMIENTO DE SALUD SIN INTERNAMIENTO","condicion":"ACTIVO","actualizado":"2023/08/01 19:00:00.000","fuente":"MINSA","urlRenipr":"http://app20.susalud.gob.pe:8080/registro-renipress-webapp/ipress.htm?action=mostrarVer&idipress=00001212"}},{"type":"Feature","geometry":{"type":"Point","coordinates":[-76.54685229999995,-10.544867569999951]},"properties":{"objectid":1342,"nombre":"NUMUNYAYOG","departamento":"PASCO","provincia":"DANIEL ALCIDES CARRION","distrito":"YANAHUANCA","institucion":"GOBIERNO REGIONAL","codigoMinsa":1200,"direccion":"OTROS NUMUNYAYOG DISTRITO YANAHUANCA PROVINCIA DANIEL ALCIDES CARRION DEPARTAMENTO PASCO","disa":"PASCO","red":"DANIEL CARRION","microrred":"YANAHUANCA","categoria":"ESTABLECIMIENTO DE SALUD SIN INTERNAMIENTO","condicion":"ACTIVO","actualizado":"2023/08/01 19:00:00.000","fuente":"MINSA","urlRenipr":"http://app20.susalud.gob.pe:8080/registro-renipress-webapp/ipress.htm?action=mostrarVer&idipress=00001200"}},{"type":"Feature","geometry":{"type":"Point","coordinates":[-76.58526520999999,-10.508276099999932]},"properties":{"objectid":1343,"nombre":"CHINCHE TINGO","departamento":"PASCO","provincia":"DANIEL ALCIDES CARRION","distrito":"YANAHUANCA","institucion":"GOBIERNO REGIONAL","codigoMinsa":1195,"direccion":"OTROS CHINCHE TINGO DISTRITO YANAHUANCA PROVINCIA DANIEL ALCIDES CARRION DEPARTAMENTO PASCO","disa":"PASCO","red":"DANIEL CARRION","microrred":"YANAHUANCA","categoria":"ESTABLECIMIENTO DE SALUD SIN INTERNAMIENTO","condicion":"ACTIVO","actualizado":"2023/08/01 19:00:00.000","fuente":"MINSA","urlRenipr":"http://app20.susalud.gob.pe:8080/registro-renipress-webapp/ipress.htm?action=mostrarVer&idipress=00001195"}},{"type":"Feature","geometry":{"type":"Point","coordinates":[-74.92116457999998,-10.51179086999997]},"properties":{"objectid":1344,"nombre":"PUERTO AGUACHINI","departamento":"PASCO","provincia":"OXAPAMPA","distrito":"PUERTO BERMUDEZ","institucion":"GOBIERNO REGIONAL","codigoMinsa":1159,"direccion":"OTROS COMUNIDAD NATIVA DE AGUACHINI COMUNIDAD NATIVA DE AGUACHINI PUERTO BERMUDEZ OXAPAMPA PASCO","disa":"PASCO","red":"OXAPAMPA","microrred":"PUERTO BERMUDEZ","categoria":"ESTABLECIMIENTO DE SALUD SIN INTERNAMIENTO","condicion":"ACTIVO","actualizado":"2023/08/01 19:00:00.000","fuente":"MINSA","urlRenipr":"http://app20.susalud.gob.pe:8080/registro-renipress-webapp/ipress.htm?action=mostrarVer&idipress=00001159"}},{"type":"Feature","geometry":{"type":"Point","coordinates":[-75.28302732999998,-10.160645479999971]},"properties":{"objectid":1345,"nombre":"CENTRO COMPARACHIMAS","departamento":"PASCO","provincia":"OXAPAMPA","distrito":"PALCAZU","institucion":"GOBIERNO REGIONAL","codigoMinsa":1147,"direccion":"OTROS CENTRO COMPARACHIMAS S/N NÚMERO S/N DISTRITO PALCAZU PROVINCIA OXAPAMPA DEPARTAMENTO PASCO","disa":"PASCO","red":"OXAPAMPA","microrred":"PALCAZU","categoria":"ESTABLECIMIENTO DE SALUD SIN INTERNAMIENTO","condicion":"ACTIVO","actualizado":"2023/08/01 19:00:00.000","fuente":"MINSA","urlRenipr":"http://app20.susalud.gob.pe:8080/registro-renipress-webapp/ipress.htm?action=mostrarVer&idipress=00001147"}},{"type":"Feature","geometry":{"type":"Point","coordinates":[-74.99613065999995,-9.965571049999937]},"properties":{"objectid":1346,"nombre":"MOSQUITO PLAYA","departamento":"PASCO","provincia":"OXAPAMPA","distrito":"CONSTITUCION","institucion":"GOBIERNO REGIONAL","codigoMinsa":1119,"direccion":"OTROS CC NN MOSQUITO PLAYA CC NN MOSQUITO PLAYA CONSTITUCION OXAPAMPA PASCO","disa":"PASCO","red":"OXAPAMPA","microrred":"CIUDAD CONSTITUCION","categoria":"ESTABLECIMIENTO DE SALUD SIN INTERNAMIENTO","condicion":"ACTIVO","actualizado":"2023/08/01 19:00:00.000","fuente":"MINSA","urlRenipr":"http://app20.susalud.gob.pe:8080/registro-renipress-webapp/ipress.htm?action=mostrarVer&idipress=00001119"}},{"type":"Feature","geometry":{"type":"Point","coordinates":[-75.91042462999997,-10.857645979999972]},"properties":{"objectid":1347,"nombre":"LA VICTORIA","departamento":"PASCO","provincia":"PASCO","distrito":"PAUCARTAMBO","institucion":"GOBIERNO REGIONAL","codigoMinsa":1112,"direccion":"OTROS LA VICTORIA S/N NÚMERO S/N DISTRITO PAUCARTAMBO PROVINCIA PASCO DEPARTAMENTO PASCO","disa":"PASCO","red":"PASCO","microrred":"PAUCARTAMBO","categoria":"ESTABLECIMIENTO DE SALUD SIN INTERNAMIENTO","condicion":"ACTIVO","actualizado":"2023/08/01 19:00:00.000","fuente":"MINSA","urlRenipr":"http://app20.susalud.gob.pe:8080/registro-renipress-webapp/ipress.htm?action=mostrarVer&idipress=00001112"}},{"type":"Feature","geometry":{"type":"Point","coordinates":[-76.51508194999997,-10.648348419999934]},"properties":{"objectid":1348,"nombre":"UCHUMARCA","departamento":"PASCO","provincia":"DANIEL ALCIDES CARRION","distrito":"YANAHUANCA","institucion":"GOBIERNO REGIONAL","codigoMinsa":1223,"direccion":"OTROS UCHUMARCA DISTRITO YANAHUANCA PROVINCIA DANIEL ALCIDES CARRION DEPARTAMENTO PASCO","disa":"PASCO","red":"DANIEL CARRION","microrred":"YANAHUANCA","categoria":"ESTABLECIMIENTO DE SALUD SIN INTERNAMIENTO","condicion":"ACTIVO","actualizado":"2023/08/01 19:00:00.000","fuente":"MINSA","urlRenipr":"http://app20.susalud.gob.pe:8080/registro-renipress-webapp/ipress.htm?action=mostrarVer&idipress=00001223"}},{"type":"Feature","geometry":{"type":"Point","coordinates":[-76.15260537999995,-10.475792689999935]},"properties":{"objectid":1349,"nombre":"CHINCHAN","departamento":"PASCO","provincia":"PASCO","distrito":"HUARIACA","institucion":"GOBIERNO REGIONAL","codigoMinsa":1027,"direccion":"AVENIDA AV. MARCELO SALVADOR S/N NÚMERO S/N DISTRITO HUARIACA PROVINCIA PASCO DEPARTAMENTO PASCO","disa":"PASCO","red":"PASCO","microrred":"HUARIACA","categoria":"ESTABLECIMIENTO DE SALUD SIN INTERNAMIENTO","condicion":"ACTIVO","actualizado":"2023/08/01 19:00:00.000","fuente":"MINSA","urlRenipr":"http://app20.susalud.gob.pe:8080/registro-renipress-webapp/ipress.htm?action=mostrarVer&idipress=00001027"}},{"type":"Feature","geometry":{"type":"Point","coordinates":[-76.18963919999999,-10.443510999999944]},"properties":{"objectid":1354,"nombre":"CENTRO MEDICO \"SANCHEZ\"","departamento":"PASCO","provincia":"PASCO","distrito":"HUARIACA","institucion":"PRIVADO","codigoMinsa":31341,"direccion":"AVENIDA HUALLAGA NÚMERO 500 DISTRITO HUARIACA PROVINCIA PASCO DEPARTAMENTO PASCO","disa":"","red":"","microrred":"","categoria":"ESTABLECIMIENTO DE SALUD SIN INTERNAMIENTO","condicion":"RUC INACTIVO EN SUNAT","actualizado":"2023/08/01 19:00:00.000","fuente":"MINSA","urlRenipr":"http://app20.susalud.gob.pe:8080/registro-renipress-webapp/ipress.htm?action=mostrarVer&idipress=00031341"}},{"type":"Feature","geometry":{"type":"Point","coordinates":[-76.26408910999999,-10.690326149999976]},"properties":{"objectid":1584,"nombre":"POSTA MEDICA DE HUARON","departamento":"PASCO","provincia":"PASCO","distrito":"HUAYLLAY","institucion":"ESSALUD","codigoMinsa":9756,"direccion":"AVENIDA AV. LA HUECA S/N. DISTRITO DE HUAYLLAY, PROVINCIA Y REGIÓN PASCO NÚMERO S/N DISTRITO HUAYLLAY PROVINCIA PASCO DEPARTAMENTO PASCO","disa":"PASCO","red":"NO PERTENECE A NINGUNA RED","microrred":"NO PERTENECE A NINGUNA MICRORED","categoria":"ESTABLECIMIENTO DE SALUD SIN INTERNAMIENTO","condicion":"ACTIVO","actualizado":"2023/08/01 19:00:00.000","fuente":"MINSA","urlRenipr":"http://app20.susalud.gob.pe:8080/registro-renipress-webapp/ipress.htm?action=mostrarVer&idipress=00009756"}},{"type":"Feature","geometry":{"type":"Point","coordinates":[-76.40719508999996,-11.006471609999949]},"properties":{"objectid":3126,"nombre":"POSTA MÉDICA UNIDAD HUARÓN","departamento":"PASCO","provincia":"PASCO","distrito":"HUAYLLAY","institucion":"PRIVADO","codigoMinsa":12029,"direccion":"OTROS CAMPAMENTO MINERO HUARON S/N NÚMERO S/N DISTRITO HUAYLLAY PROVINCIA PASCO DEPARTAMENTO PASCO","disa":"PASCO","red":"NO PERTENECE A NINGUNA RED","microrred":"NO PERTENECE A NINGUNA MICRORED","categoria":"ESTABLECIMIENTO DE SALUD SIN INTERNAMIENTO","condicion":"ACTIVO","actualizado":"2023/08/01 19:00:00.000","fuente":"MINSA","urlRenipr":"http://app20.susalud.gob.pe:8080/registro-renipress-webapp/ipress.htm?action=mostrarVer&idipress=00012029"}},{"type":"Feature","geometry":{"type":"Point","coordinates":[-76.25663799999995,-10.665554899999961]},"properties":{"objectid":3259,"nombre":"CENTRO MEDICO SAN JUAN BAUTISTA","departamento":"PASCO","provincia":"PASCO","distrito":"YANACANCHA","institucion":"PRIVADO","codigoMinsa":30820,"direccion":"JIRÓN JOSE OLAYA NÚMERO 410 DISTRITO YANACANCHA PROVINCIA PASCO DEPARTAMENTO PASCO","disa":"PASCO","red":"","microrred":"NO PERTENECE A NINGUNA MICRORED","categoria":"ESTABLECIMIENTO DE SALUD SIN INTERNAMIENTO","condicion":"ACTIVO","actualizado":"2023/08/01 19:00:00.000","fuente":"MINSA","urlRenipr":"http://app20.susalud.gob.pe:8080/registro-renipress-webapp/ipress.htm?action=mostrarVer&idipress=00030820"}},{"type":"Feature","geometry":{"type":"Point","coordinates":[-74.81923166999997,-10.493798329999947]},"properties":{"objectid":3472,"nombre":"SAN JUAN DE DIOS","departamento":"PASCO","provincia":"OXAPAMPA","distrito":"PUERTO BERMUDEZ","institucion":"GOBIERNO REGIONAL","codigoMinsa":11573,"direccion":"OTROS ACTUALIZAR ACTUALIZAR PUERTO BERMUDEZ OXAPAMPA PASCO","disa":"PASCO","red":"OXAPAMPA","microrred":"PUERTO BERMUDEZ","categoria":"ESTABLECIMIENTO DE SALUD SIN INTERNAMIENTO","condicion":"ACTIVO","actualizado":"2023/08/01 19:00:00.000","fuente":"MINSA","urlRenipr":"http://app20.susalud.gob.pe:8080/registro-renipress-webapp/ipress.htm?action=mostrarVer&idipress=00011573"}},{"type":"Feature","geometry":{"type":"Point","coordinates":[-75.02671053999995,-10.075112899999965]},"properties":{"objectid":3473,"nombre":"UNION SIRIA","departamento":"PASCO","provincia":"OXAPAMPA","distrito":"CONSTITUCION","institucion":"GOBIERNO REGIONAL","codigoMinsa":1173,"direccion":"OTROS CENTRO POBLADO UNION SIRIA S/N CENTRO POBLADO UNION SIRIA CONSTITUCION OXAPAMPA PASCO","disa":"PASCO","red":"OXAPAMPA","microrred":"CIUDAD CONSTITUCION","categoria":"ESTABLECIMIENTO DE SALUD SIN INTERNAMIENTO","condicion":"ACTIVO","actualizado":"2023/08/01 19:00:00.000","fuente":"MINSA","urlRenipr":"http://app20.susalud.gob.pe:8080/registro-renipress-webapp/ipress.htm?action=mostrarVer&idipress=00001173"}},{"type":"Feature","geometry":{"type":"Point","coordinates":[-74.98601634999994,-10.072072119999973]},"properties":{"objectid":3474,"nombre":"SARGENTO LORENZ","departamento":"PASCO","provincia":"OXAPAMPA","distrito":"PUERTO BERMUDEZ","institucion":"GOBIERNO REGIONAL","codigoMinsa":1163,"direccion":"OTROS CC.NN SARGENTO LORENZ CC.NN SARGENTO LORENZ PUERTO BERMUDEZ OXAPAMPA PASCO","disa":"PASCO","red":"OXAPAMPA","microrred":"PUERTO BERMUDEZ","categoria":"ESTABLECIMIENTO DE SALUD SIN INTERNAMIENTO","condicion":"ACTIVO","actualizado":"2023/08/01 19:00:00.000","fuente":"MINSA","urlRenipr":"http://app20.susalud.gob.pe:8080/registro-renipress-webapp/ipress.htm?action=mostrarVer&idipress=00001163"}},{"type":"Feature","geometry":{"type":"Point","coordinates":[-75.07728132999995,-10.681057189999933]},"properties":{"objectid":3475,"nombre":"UBIRIKI","departamento":"PASCO","provincia":"OXAPAMPA","distrito":"VILLA RICA","institucion":"GOBIERNO REGIONAL","codigoMinsa":1189,"direccion":"OTROS CENTRO POBLADO URIBIKI DISTRITO VILLA RICA PROVINCIA OXAPAMPA DEPARTAMENTO PASCO","disa":"PASCO","red":"OXAPAMPA","microrred":"VILLA RICA","categoria":"ESTABLECIMIENTO DE SALUD SIN INTERNAMIENTO","condicion":"ACTIVO","actualizado":"2023/08/01 19:00:00.000","fuente":"MINSA","urlRenipr":"http://app20.susalud.gob.pe:8080/registro-renipress-webapp/ipress.htm?action=mostrarVer&idipress=00001189"}},{"type":"Feature","geometry":{"type":"Point","coordinates":[-76.64352332999994,-10.420424999999966]},"properties":{"objectid":3476,"nombre":"CACHQUIS","departamento":"PASCO","provincia":"DANIEL ALCIDES CARRION","distrito":"YANAHUANCA","institucion":"GOBIERNO REGIONAL","codigoMinsa":1197,"direccion":"OTROS CACHQUIZ S/N NÚMERO S/N DISTRITO YANAHUANCA PROVINCIA DANIEL ALCIDES CARRION DEPARTAMENTO PASCO","disa":"PASCO","red":"DANIEL CARRION","microrred":"YANAHUANCA","categoria":"ESTABLECIMIENTO DE SALUD SIN INTERNAMIENTO","condicion":"ACTIVO","actualizado":"2023/08/01 19:00:00.000","fuente":"MINSA","urlRenipr":"http://app20.susalud.gob.pe:8080/registro-renipress-webapp/ipress.htm?action=mostrarVer&idipress=00001197"}},{"type":"Feature","geometry":{"type":"Point","coordinates":[-76.28431999999998,-10.561063329999968]},"properties":{"objectid":3477,"nombre":"TACTAYOG","departamento":"PASCO","provincia":"DANIEL ALCIDES CARRION","distrito":"SANTA ANA DE TUSI","institucion":"GOBIERNO REGIONAL","codigoMinsa":1003,"direccion":"OTROS TACTAYOG S/N NÚMERO S/N DISTRITO SANTA ANA DE TUSI PROVINCIA DANIEL ALCIDES CARRION DEPARTAMENTO PASCO","disa":"PASCO","red":"DANIEL CARRION","microrred":"TUSI","categoria":"ESTABLECIMIENTO DE SALUD SIN INTERNAMIENTO","condicion":"ACTIVO","actualizado":"2023/08/01 19:00:00.000","fuente":"MINSA","urlRenipr":"http://app20.susalud.gob.pe:8080/registro-renipress-webapp/ipress.htm?action=mostrarVer&idipress=00001003"}},{"type":"Feature","geometry":{"type":"Point","coordinates":[-75.29593927999997,-10.094426079999948]},"properties":{"objectid":3478,"nombre":"CENTRO LAGARTO","departamento":"PASCO","provincia":"OXAPAMPA","distrito":"PALCAZU","institucion":"GOBIERNO REGIONAL","codigoMinsa":1155,"direccion":"OTROS CENTRO LAGARTO S/N S/N CENTRO LAGARTO S/N PALCAZU OXAPAMPA PASCO","disa":"PASCO","red":"OXAPAMPA","microrred":"PALCAZU","categoria":"ESTABLECIMIENTO DE SALUD SIN INTERNAMIENTO","condicion":"ACTIVO","actualizado":"2023/08/01 19:00:00.000","fuente":"MINSA","urlRenipr":"http://app20.susalud.gob.pe:8080/registro-renipress-webapp/ipress.htm?action=mostrarVer&idipress=00001155"}},{"type":"Feature","geometry":{"type":"Point","coordinates":[-76.31266739999995,-10.748464059999947]},"properties":{"objectid":3479,"nombre":"SACRA FAMILIA","departamento":"PASCO","provincia":"PASCO","distrito":"SIMON BOLIVAR","institucion":"GOBIERNO REGIONAL","codigoMinsa":987,"direccion":"JIRÓN JR HUANUCO S/N SACRA FAMILIA S/N JR HUANUCO S/N SACRA FAMILIA SIMON BOLIVAR PASCO PASCO","disa":"PASCO","red":"PASCO","microrred":"SIMON BOLIVAR","categoria":"ESTABLECIMIENTO DE SALUD SIN INTERNAMIENTO","condicion":"ACTIVO","actualizado":"2023/08/01 19:00:00.000","fuente":"MINSA","urlRenipr":"http://app20.susalud.gob.pe:8080/registro-renipress-webapp/ipress.htm?action=mostrarVer&idipress=00000987"}},{"type":"Feature","geometry":{"type":"Point","coordinates":[-75.33803230999996,-10.624245339999959]},"properties":{"objectid":3480,"nombre":"CHACOS","departamento":"PASCO","provincia":"OXAPAMPA","distrito":"OXAPAMPA","institucion":"GOBIERNO REGIONAL","codigoMinsa":9892,"direccion":"OTROS CENTRO POBLADO CHACOS S/N S/N CENTRO POBLADO CHACOS S/N OXAPAMPA OXAPAMPA PASCO","disa":"PASCO","red":"OXAPAMPA","microrred":"OXAPAMPA","categoria":"ESTABLECIMIENTO DE SALUD SIN INTERNAMIENTO","condicion":"ACTIVO","actualizado":"2023/08/01 19:00:00.000","fuente":"MINSA","urlRenipr":"http://app20.susalud.gob.pe:8080/registro-renipress-webapp/ipress.htm?action=mostrarVer&idipress=00009892"}},{"type":"Feature","geometry":{"type":"Point","coordinates":[-75.44064919999994,-10.543262979999952]},"properties":{"objectid":3481,"nombre":"MIRAFLORES DE TSACHOPEN","departamento":"PASCO","provincia":"OXAPAMPA","distrito":"CHONTABAMBA","institucion":"GOBIERNO REGIONAL","codigoMinsa":9891,"direccion":"OTROS CC.NN.MIRAFLORES DE TSACHOPEN CC.NN.MIRAFLORES DE TSACHOPEN CHONTABAMBA OXAPAMPA PASCO","disa":"PASCO","red":"OXAPAMPA","microrred":"CHONTABAMBA","categoria":"ESTABLECIMIENTO DE SALUD SIN INTERNAMIENTO","condicion":"ACTIVO","actualizado":"2023/08/01 19:00:00.000","fuente":"MINSA","urlRenipr":"http://app20.susalud.gob.pe:8080/registro-renipress-webapp/ipress.htm?action=mostrarVer&idipress=00009891"}},{"type":"Feature","geometry":{"type":"Point","coordinates":[-75.03940088999997,-10.49475769999998]},"properties":{"objectid":3482,"nombre":"SAN PEDRO DE PICHANAZ","departamento":"PASCO","provincia":"OXAPAMPA","distrito":"VILLA RICA","institucion":"GOBIERNO REGIONAL","codigoMinsa":6742,"direccion":"OTROS CCNN SAN PEDRO DE PICHANAZ DISTRITO VILLA RICA PROVINCIA OXAPAMPA DEPARTAMENTO PASCO","disa":"PASCO","red":"OXAPAMPA","microrred":"VILLA RICA","categoria":"ESTABLECIMIENTO DE SALUD SIN INTERNAMIENTO","condicion":"ACTIVO","actualizado":"2023/08/01 19:00:00.000","fuente":"MINSA","urlRenipr":"http://app20.susalud.gob.pe:8080/registro-renipress-webapp/ipress.htm?action=mostrarVer&idipress=00006742"}},{"type":"Feature","geometry":{"type":"Point","coordinates":[-74.83217499999995,-10.370943329999932]},"properties":{"objectid":3483,"nombre":"NUEVO NEVATI","departamento":"PASCO","provincia":"OXAPAMPA","distrito":"PUERTO BERMUDEZ","institucion":"GOBIERNO REGIONAL","codigoMinsa":1170,"direccion":"OTROS NUEVO NEVATI S/N S/N NUEVO NEVATI S/N PUERTO BERMUDEZ OXAPAMPA PASCO","disa":"PASCO","red":"OXAPAMPA","microrred":"PUERTO BERMUDEZ","categoria":"ESTABLECIMIENTO DE SALUD SIN INTERNAMIENTO","condicion":"ACTIVO","actualizado":"2023/08/01 19:00:00.000","fuente":"MINSA","urlRenipr":"http://app20.susalud.gob.pe:8080/registro-renipress-webapp/ipress.htm?action=mostrarVer&idipress=00001170"}},{"type":"Feature","geometry":{"type":"Point","coordinates":[-76.51529847999996,-10.706015369999932]},"properties":{"objectid":3485,"nombre":"ANDES YANAHUANCA","departamento":"PASCO","provincia":"DANIEL ALCIDES CARRION","distrito":"YANAHUANCA","institucion":"GOBIERNO REGIONAL","codigoMinsa":1229,"direccion":"OTROS ANDES YANAHUANCA DISTRITO YANAHUANCA PROVINCIA DANIEL ALCIDES CARRION DEPARTAMENTO PASCO","disa":"PASCO","red":"DANIEL CARRION","microrred":"YANAHUANCA","categoria":"ESTABLECIMIENTO DE SALUD SIN INTERNAMIENTO","condicion":"ACTIVO","actualizado":"2023/08/01 19:00:00.000","fuente":"MINSA","urlRenipr":"http://app20.susalud.gob.pe:8080/registro-renipress-webapp/ipress.htm?action=mostrarVer&idipress=00001229"}},{"type":"Feature","geometry":{"type":"Point","coordinates":[-75.70061992999996,-10.192541499999948]},"properties":{"objectid":3486,"nombre":"CAÑACHACRA","departamento":"PASCO","provincia":"OXAPAMPA","distrito":"POZUZO","institucion":"GOBIERNO REGIONAL","codigoMinsa":1097,"direccion":"OTROS ACTUALIZAR ACTUALIZAR POZUZO OXAPAMPA PASCO","disa":"PASCO","red":"OXAPAMPA","microrred":"POZUZO","categoria":"ESTABLECIMIENTO DE SALUD SIN INTERNAMIENTO","condicion":"ACTIVO","actualizado":"2023/08/01 19:00:00.000","fuente":"MINSA","urlRenipr":"http://app20.susalud.gob.pe:8080/registro-renipress-webapp/ipress.htm?action=mostrarVer&idipress=00001097"}},{"type":"Feature","geometry":{"type":"Point","coordinates":[-76.26187808999998,-10.687763019999977]},"properties":{"objectid":3492,"nombre":"DR.DANIEL ALCIDES CARRION GARCIA.","departamento":"PASCO","provincia":"PASCO","distrito":"YANACANCHA","institucion":"GOBIERNO REGIONAL","codigoMinsa":979,"direccion":"AVENIDA LOS INCAS S/N SAN JUAN AL COSTADO DE LA DISA YANACANCHA PASCO PASCO","disa":"PASCO","red":"NO PERTENECE A NINGUNA RED","microrred":"NO PERTENECE A NINGUNA MICRORED","categoria":"ESTABLECIMIENTO DE SALUD CON INTERNAMIENTO","condicion":"ACTIVO","actualizado":"2023/08/01 19:00:00.000","fuente":"MINSA","urlRenipr":"http://app20.susalud.gob.pe:8080/registro-renipress-webapp/ipress.htm?action=mostrarVer&idipress=00000979"}},{"type":"Feature","geometry":{"type":"Point","coordinates":[-74.88352999999995,-9.815099999999973]},"properties":{"objectid":9821,"nombre":"EL DORADO","departamento":"PASCO","provincia":"OXAPAMPA","distrito":"PUERTO BERMUDEZ","institucion":"GOBIERNO REGIONAL","codigoMinsa":1127,"direccion":"EL DORADO S/N","disa":"","red":"","microrred":"","categoria":"ESTABLECIMIENTO DE SALUD SIN INTERNAMIENTO","condicion":"CIERRE DEFINITIVO","actualizado":"2023/08/01 19:00:00.000","fuente":"MINSA","urlRenipr":"http://app20.susalud.gob.pe:8080/registro-renipress-webapp/ipress.htm?action=mostrarVer&idipress=00001127"}},{"type":"Feature","geometry":{"type":"Point","coordinates":[-76.23403797999998,-10.414950769999962]},"properties":{"objectid":5628,"nombre":"PALLANCHACRA","departamento":"PASCO","provincia":"PASCO","distrito":"PALLANCHACRA","institucion":"GOBIERNO REGIONAL","codigoMinsa":1030,"direccion":"OTROS PALLANCHACRA S/N S/N PALLANCHACRA S/N PALLANCHACRA PASCO PASCO","disa":"PASCO","red":"PASCO","microrred":"HUARIACA","categoria":"ESTABLECIMIENTO DE SALUD SIN INTERNAMIENTO","condicion":"ACTIVO","actualizado":"2023/08/01 19:00:00.000","fuente":"MINSA","urlRenipr":"http://app20.susalud.gob.pe:8080/registro-renipress-webapp/ipress.htm?action=mostrarVer&idipress=00001030"}},{"type":"Feature","geometry":{"type":"Point","coordinates":[-76.23729459999998,-10.537074639999958]},"properties":{"objectid":5629,"nombre":"COCHACHARAO","departamento":"PASCO","provincia":"PASCO","distrito":"SAN FRANCISCO DE ASIS DE YARUSYACAN","institucion":"GOBIERNO REGIONAL","codigoMinsa":1015,"direccion":"CALLE CALLE 6 DE AGOSTO S/N COCHACHARAO NÚMERO S/N DISTRITO SAN FCO DE ASIS DE YARUSYACAN PROVINCIA PASCO DEPARTAMENTO PASCO","disa":"PASCO","red":"PASCO","microrred":"CENTRO","categoria":"ESTABLECIMIENTO DE SALUD SIN INTERNAMIENTO","condicion":"ACTIVO","actualizado":"2023/08/01 19:00:00.000","fuente":"MINSA","urlRenipr":"http://app20.susalud.gob.pe:8080/registro-renipress-webapp/ipress.htm?action=mostrarVer&idipress=00001015"}},{"type":"Feature","geometry":{"type":"Point","coordinates":[-75.34612999999996,-10.760073329999955]},"properties":{"objectid":5630,"nombre":"ALTO CHURUMAZU","departamento":"PASCO","provincia":"OXAPAMPA","distrito":"OXAPAMPA","institucion":"GOBIERNO REGIONAL","codigoMinsa":1087,"direccion":"AVENIDA AV LOS INCAS S/N SAN JUAN S/N AV LOS INCAS S/N SAN JUAN OXAPAMPA OXAPAMPA PASCO","disa":"PASCO","red":"OXAPAMPA","microrred":"OXAPAMPA","categoria":"ESTABLECIMIENTO DE SALUD SIN INTERNAMIENTO","condicion":"ACTIVO","actualizado":"2023/08/01 19:00:00.000","fuente":"MINSA","urlRenipr":"http://app20.susalud.gob.pe:8080/registro-renipress-webapp/ipress.htm?action=mostrarVer&idipress=00001087"}},{"type":"Feature","geometry":{"type":"Point","coordinates":[-76.25205362999998,-10.463548619999926]},"properties":{"objectid":5631,"nombre":"LA MERCED DE JARRIA","departamento":"PASCO","provincia":"PASCO","distrito":"PALLANCHACRA","institucion":"GOBIERNO REGIONAL","codigoMinsa":1033,"direccion":"OTROS LA MERCED DE JARRIA S/N NÚMERO S/N DISTRITO PALLANCHACRA PROVINCIA PASCO DEPARTAMENTO PASCO","disa":"PASCO","red":"PASCO","microrred":"HUARIACA","categoria":"ESTABLECIMIENTO DE SALUD SIN INTERNAMIENTO","condicion":"ACTIVO","actualizado":"2023/08/01 19:00:00.000","fuente":"MINSA","urlRenipr":"http://app20.susalud.gob.pe:8080/registro-renipress-webapp/ipress.htm?action=mostrarVer&idipress=00001033"}},{"type":"Feature","geometry":{"type":"Point","coordinates":[-75.11535648999995,-10.656641029999946]},"properties":{"objectid":5632,"nombre":"SAN JUAN DE CACAZU","departamento":"PASCO","provincia":"OXAPAMPA","distrito":"VILLA RICA","institucion":"GOBIERNO REGIONAL","codigoMinsa":1181,"direccion":"OTROS CENTRO POBLADO SAN JUAN DE CACAZU CENTRO POBLADO SAN JUAN DE CACAZU VILLA RICA OXAPAMPA PASCO","disa":"PASCO","red":"OXAPAMPA","microrred":"VILLA RICA","categoria":"ESTABLECIMIENTO DE SALUD SIN INTERNAMIENTO","condicion":"ACTIVO","actualizado":"2023/08/01 19:00:00.000","fuente":"MINSA","urlRenipr":"http://app20.susalud.gob.pe:8080/registro-renipress-webapp/ipress.htm?action=mostrarVer&idipress=00001181"}},{"type":"Feature","geometry":{"type":"Point","coordinates":[-76.25607166999998,-10.51170166999998]},"properties":{"objectid":5633,"nombre":"SANTA ROSA CHORA","departamento":"PASCO","provincia":"DANIEL ALCIDES CARRION","distrito":"SANTA ANA DE TUSI","institucion":"GOBIERNO REGIONAL","codigoMinsa":1007,"direccion":"OTROS SANTA ROSA DE CHORA S/N NÚMERO S/N DISTRITO SANTA ANA DE TUSI PROVINCIA DANIEL ALCIDES CARRION DEPARTAMENTO PASCO","disa":"PASCO","red":"DANIEL CARRION","microrred":"TUSI","categoria":"ESTABLECIMIENTO DE SALUD SIN INTERNAMIENTO","condicion":"ACTIVO","actualizado":"2023/08/01 19:00:00.000","fuente":"MINSA","urlRenipr":"http://app20.susalud.gob.pe:8080/registro-renipress-webapp/ipress.htm?action=mostrarVer&idipress=00001007"}},{"type":"Feature","geometry":{"type":"Point","coordinates":[-75.55863921999998,-10.390386279999973]},"properties":{"objectid":5634,"nombre":"LANTURACHI","departamento":"PASCO","provincia":"OXAPAMPA","distrito":"HUANCABAMBA","institucion":"GOBIERNO REGIONAL","codigoMinsa":1078,"direccion":"OTROS LANTURACHI S/N S/N LANTURACHI S/N HUANCABAMBA OXAPAMPA PASCO","disa":"PASCO","red":"OXAPAMPA","microrred":"HUANCABAMBA","categoria":"ESTABLECIMIENTO DE SALUD SIN INTERNAMIENTO","condicion":"ACTIVO","actualizado":"2023/08/01 19:00:00.000","fuente":"MINSA","urlRenipr":"http://app20.susalud.gob.pe:8080/registro-renipress-webapp/ipress.htm?action=mostrarVer&idipress=00001078"}},{"type":"Feature","geometry":{"type":"Point","coordinates":[-75.67543843999994,-10.072381979999932]},"properties":{"objectid":5635,"nombre":"BUENA VISTA","departamento":"PASCO","provincia":"OXAPAMPA","distrito":"POZUZO","institucion":"GOBIERNO REGIONAL","codigoMinsa":1098,"direccion":"OTROS CENTRO POBLADO BUENA VISTA CENTRO POBLADO BUENA VISTA POZUZO OXAPAMPA PASCO","disa":"PASCO","red":"OXAPAMPA","microrred":"POZUZO","categoria":"ESTABLECIMIENTO DE SALUD SIN INTERNAMIENTO","condicion":"ACTIVO","actualizado":"2023/08/01 19:00:00.000","fuente":"MINSA","urlRenipr":"http://app20.susalud.gob.pe:8080/registro-renipress-webapp/ipress.htm?action=mostrarVer&idipress=00001098"}},{"type":"Feature","geometry":{"type":"Point","coordinates":[-74.65225741999996,-10.821175279999977]},"properties":{"objectid":5636,"nombre":"P.S. VALLE NASARATEGUI","departamento":"PASCO","provincia":"OXAPAMPA","distrito":"PUERTO BERMUDEZ","institucion":"GOBIERNO REGIONAL","codigoMinsa":17800,"direccion":"OTROS CC.NN NAZARATEGUI S/N S/N CC.NN NAZARATEGUI S/N PUERTO BERMUDEZ OXAPAMPA PASCO","disa":"PASCO","red":"OXAPAMPA","microrred":"PUERTO BERMUDEZ","categoria":"ESTABLECIMIENTO DE SALUD SIN INTERNAMIENTO","condicion":"ACTIVO","actualizado":"2023/08/01 19:00:00.000","fuente":"MINSA","urlRenipr":"http://app20.susalud.gob.pe:8080/registro-renipress-webapp/ipress.htm?action=mostrarVer&idipress=00017800"}},{"type":"Feature","geometry":{"type":"Point","coordinates":[-76.22304111999995,-10.448889939999958]},"properties":{"objectid":5637,"nombre":"HUICHPIN","departamento":"PASCO","provincia":"PASCO","distrito":"PALLANCHACRA","institucion":"GOBIERNO REGIONAL","codigoMinsa":1032,"direccion":"OTROS HUICHPIN S/N NÚMERO S/N DISTRITO PALLANCHACRA PROVINCIA PASCO DEPARTAMENTO PASCO","disa":"PASCO","red":"PASCO","microrred":"HUARIACA","categoria":"ESTABLECIMIENTO DE SALUD SIN INTERNAMIENTO","condicion":"ACTIVO","actualizado":"2023/08/01 19:00:00.000","fuente":"MINSA","urlRenipr":"http://app20.susalud.gob.pe:8080/registro-renipress-webapp/ipress.htm?action=mostrarVer&idipress=00001032"}},{"type":"Feature","geometry":{"type":"Point","coordinates":[-76.08336725999999,-10.715697339999963]},"properties":{"objectid":5638,"nombre":"NUEVA AURORA","departamento":"PASCO","provincia":"PASCO","distrito":"TICLACAYAN","institucion":"GOBIERNO REGIONAL","codigoMinsa":1062,"direccion":"NUEVA AURORA S/N","disa":"PASCO","red":"PASCO","microrred":"HUARIACA","categoria":"ESTABLECIMIENTO DE SALUD SIN INTERNAMIENTO","condicion":"ACTIVO","actualizado":"2023/08/01 19:00:00.000","fuente":"MINSA","urlRenipr":"http://app20.susalud.gob.pe:8080/registro-renipress-webapp/ipress.htm?action=mostrarVer&idipress=00001062"}},{"type":"Feature","geometry":{"type":"Point","coordinates":[-75.58165332999994,-9.849314999999933]},"properties":{"objectid":5639,"nombre":"OSOMAYO","departamento":"PASCO","provincia":"OXAPAMPA","distrito":"POZUZO","institucion":"GOBIERNO REGIONAL","codigoMinsa":11570,"direccion":"OTROS ACTUALIZAR DISTRITO POZUZO PROVINCIA OXAPAMPA DEPARTAMENTO PASCO","disa":"PASCO","red":"OXAPAMPA","microrred":"POZUZO","categoria":"ESTABLECIMIENTO DE SALUD SIN INTERNAMIENTO","condicion":"ACTIVO","actualizado":"2023/08/01 19:00:00.000","fuente":"MINSA","urlRenipr":"http://app20.susalud.gob.pe:8080/registro-renipress-webapp/ipress.htm?action=mostrarVer&idipress=00011570"}},{"type":"Feature","geometry":{"type":"Point","coordinates":[-76.33722945999995,-10.545287819999942]},"properties":{"objectid":5640,"nombre":"POGOG","departamento":"PASCO","provincia":"DANIEL ALCIDES CARRION","distrito":"SANTA ANA DE TUSI","institucion":"GOBIERNO REGIONAL","codigoMinsa":1001,"direccion":"OTROS POGOG S/N NÚMERO S/N DISTRITO SANTA ANA DE TUSI PROVINCIA DANIEL ALCIDES CARRION DEPARTAMENTO PASCO","disa":"PASCO","red":"DANIEL CARRION","microrred":"TUSI","categoria":"ESTABLECIMIENTO DE SALUD SIN INTERNAMIENTO","condicion":"ACTIVO","actualizado":"2023/08/01 19:00:00.000","fuente":"MINSA","urlRenipr":"http://app20.susalud.gob.pe:8080/registro-renipress-webapp/ipress.htm?action=mostrarVer&idipress=00001001"}},{"type":"Feature","geometry":{"type":"Point","coordinates":[-76.42029499999995,-10.579289999999958]},"properties":{"objectid":5641,"nombre":"COCAR","departamento":"PASCO","provincia":"DANIEL ALCIDES CARRION","distrito":"VILCABAMBA","institucion":"GOBIERNO REGIONAL","codigoMinsa":1211,"direccion":"OTROS ACTUALIZAR DISTRITO VILCABAMBA PROVINCIA DANIEL ALCIDES CARRION DEPARTAMENTO PASCO","disa":"PASCO","red":"DANIEL CARRION","microrred":"CHAUPIHUARANGA","categoria":"ESTABLECIMIENTO DE SALUD SIN INTERNAMIENTO","condicion":"ACTIVO","actualizado":"2023/08/01 19:00:00.000","fuente":"MINSA","urlRenipr":"http://app20.susalud.gob.pe:8080/registro-renipress-webapp/ipress.htm?action=mostrarVer&idipress=00001211"}},{"type":"Feature","geometry":{"type":"Point","coordinates":[-74.88153011999998,-10.277867519999973]},"properties":{"objectid":5642,"nombre":"TUPAC AMARU","departamento":"PASCO","provincia":"OXAPAMPA","distrito":"PUERTO BERMUDEZ","institucion":"GOBIERNO REGIONAL","codigoMinsa":1174,"direccion":"OTROS TUPAC AMARU S/N S/N TUPAC AMARU S/N PUERTO BERMUDEZ OXAPAMPA PASCO","disa":"PASCO","red":"OXAPAMPA","microrred":"PUERTO BERMUDEZ","categoria":"ESTABLECIMIENTO DE SALUD SIN INTERNAMIENTO","condicion":"ACTIVO","actualizado":"2023/08/01 19:00:00.000","fuente":"MINSA","urlRenipr":"http://app20.susalud.gob.pe:8080/registro-renipress-webapp/ipress.htm?action=mostrarVer&idipress=00001174"}},{"type":"Feature","geometry":{"type":"Point","coordinates":[-75.19658273999994,-10.241936229999965]},"properties":{"objectid":5643,"nombre":"ALTO ISCOZACIN","departamento":"PASCO","provincia":"OXAPAMPA","distrito":"PALCAZU","institucion":"GOBIERNO REGIONAL","codigoMinsa":1137,"direccion":"OTROS ALTOISCOZACIN S/N NÚMERO S/N DISTRITO PALCAZU PROVINCIA OXAPAMPA DEPARTAMENTO PASCO","disa":"PASCO","red":"OXAPAMPA","microrred":"PALCAZU","categoria":"ESTABLECIMIENTO DE SALUD SIN INTERNAMIENTO","condicion":"ACTIVO","actualizado":"2023/08/01 19:00:00.000","fuente":"MINSA","urlRenipr":"http://app20.susalud.gob.pe:8080/registro-renipress-webapp/ipress.htm?action=mostrarVer&idipress=00001137"}},{"type":"Feature","geometry":{"type":"Point","coordinates":[-75.98101836999996,-10.67937287999996]},"properties":{"objectid":5644,"nombre":"CARHUAC","departamento":"PASCO","provincia":"PASCO","distrito":"NINACACA","institucion":"GOBIERNO REGIONAL","codigoMinsa":1061,"direccion":"OTROS CARHUAC S/N NÚMERO S/N DISTRITO NINACACA PROVINCIA PASCO DEPARTAMENTO PASCO","disa":"PASCO","red":"PASCO","microrred":"MESETA","categoria":"ESTABLECIMIENTO DE SALUD SIN INTERNAMIENTO","condicion":"ACTIVO","actualizado":"2023/08/01 19:00:00.000","fuente":"MINSA","urlRenipr":"http://app20.susalud.gob.pe:8080/registro-renipress-webapp/ipress.htm?action=mostrarVer&idipress=00001061"}},{"type":"Feature","geometry":{"type":"Point","coordinates":[-76.26813151999994,-10.689826639999978]},"properties":{"objectid":5649,"nombre":"CHAMPAMARCA","departamento":"PASCO","provincia":"PASCO","distrito":"SIMON BOLIVAR","institucion":"GOBIERNO REGIONAL","codigoMinsa":990,"direccion":"JIRÓN JR BOTAFOGO S/N CHAMPAMARCA S/N JR BOTAFOGO S/N CHAMPAMARCA SIMON BOLIVAR PASCO PASCO","disa":"PASCO","red":"PASCO","microrred":"SIMON BOLIVAR","categoria":"ESTABLECIMIENTO DE SALUD SIN INTERNAMIENTO","condicion":"ACTIVO","actualizado":"2023/08/01 19:00:00.000","fuente":"MINSA","urlRenipr":"http://app20.susalud.gob.pe:8080/registro-renipress-webapp/ipress.htm?action=mostrarVer&idipress=00000990"}},{"type":"Feature","geometry":{"type":"Point","coordinates":[-76.26649136999998,-10.672083189999967]},"properties":{"objectid":5650,"nombre":"PARAGSHA","departamento":"PASCO","provincia":"PASCO","distrito":"SIMON BOLIVAR","institucion":"GOBIERNO REGIONAL","codigoMinsa":983,"direccion":"JIRÓN JR 28 DE JULIO S/N PARAGSHA S/N JR 28 DE JULIO S/N PARAGSHA SIMON BOLIVAR PASCO PASCO","disa":"PASCO","red":"PASCO","microrred":"SIMON BOLIVAR","categoria":"ESTABLECIMIENTO DE SALUD SIN INTERNAMIENTO","condicion":"ACTIVO","actualizado":"2023/08/01 19:00:00.000","fuente":"MINSA","urlRenipr":"http://app20.susalud.gob.pe:8080/registro-renipress-webapp/ipress.htm?action=mostrarVer&idipress=00000983"}},{"type":"Feature","geometry":{"type":"Point","coordinates":[-75.26496553999993,-10.119379549999962]},"properties":{"objectid":5651,"nombre":"P.S. AGUARUNA","departamento":"PASCO","provincia":"OXAPAMPA","distrito":"PALCAZU","institucion":"GOBIERNO REGIONAL","codigoMinsa":17801,"direccion":"OTROS COMUNIDAD AGUARUNA COMUNIDAD AGUARUNA PALCAZU OXAPAMPA PASCO","disa":"PASCO","red":"OXAPAMPA","microrred":"PALCAZU","categoria":"ESTABLECIMIENTO DE SALUD SIN INTERNAMIENTO","condicion":"ACTIVO","actualizado":"2023/08/01 19:00:00.000","fuente":"MINSA","urlRenipr":"http://app20.susalud.gob.pe:8080/registro-renipress-webapp/ipress.htm?action=mostrarVer&idipress=00017801"}},{"type":"Feature","geometry":{"type":"Point","coordinates":[-75.40001099999995,-10.575023699999974]},"properties":{"objectid":5654,"nombre":"MEDICAL CENTER MARIO ARMAS","departamento":"PASCO","provincia":"OXAPAMPA","distrito":"OXAPAMPA","institucion":"PRIVADO","codigoMinsa":28692,"direccion":"JIRÓN WALLER NÚMERO 227 MANZANA 227 LOTE 10 URBANIZACIÓN OXAPAMPA DISTRITO OXAPAMPA PROVINCIA OXAPAMPA DEPARTAMENTO PASCO","disa":"PASCO","red":"NO PERTENECE A NINGUNA RED","microrred":"NO PERTENECE A NINGUNA MICRORED","categoria":"ESTABLECIMIENTO DE SALUD SIN INTERNAMIENTO","condicion":"ACTIVO","actualizado":"2023/08/01 19:00:00.000","fuente":"MINSA","urlRenipr":"http://app20.susalud.gob.pe:8080/registro-renipress-webapp/ipress.htm?action=mostrarVer&idipress=00028692"}},{"type":"Feature","geometry":{"type":"Point","coordinates":[-76.18241047999999,-10.448667479999926]},"properties":{"objectid":5852,"nombre":"HOSPITAL II - E HUARIACA","departamento":"PASCO","provincia":"PASCO","distrito":"HUARIACA","institucion":"ESSALUD","codigoMinsa":9749,"direccion":"CARRETERA CARRETERA CENTRAL S/N HUARIACA, DISTRITO DE HUARIACA, PROVINCIA Y REGIÓN PASCO NÚMERO S/N DISTRITO HUARIACA PROVINCIA PASCO DEPARTAMENTO PASCO","disa":"PASCO","red":"NO PERTENECE A NINGUNA RED","microrred":"NO PERTENECE A NINGUNA MICRORED","categoria":"ESTABLECIMIENTO DE SALUD CON INTERNAMIENTO","condicion":"ACTIVO","actualizado":"2023/08/01 19:00:00.000","fuente":"MINSA","urlRenipr":"http://app20.susalud.gob.pe:8080/registro-renipress-webapp/ipress.htm?action=mostrarVer&idipress=00009749"}},{"type":"Feature","geometry":{"type":"Point","coordinates":[-76.25388999999996,-10.667328329999975]},"properties":{"objectid":7231,"nombre":"CLINICA GONZALES","departamento":"PASCO","provincia":"PASCO","distrito":"YANACANCHA","institucion":"PRIVADO","codigoMinsa":12449,"direccion":"AVENIDA AV DANIEL ALCIDES CARRION 099 SAN JUAN DISTRITO YANACANCHA PROVINCIA PASCO DEPARTAMENTO PASCO","disa":"PASCO","red":"NO PERTENECE A NINGUNA RED","microrred":"NO PERTENECE A NINGUNA MICRORED","categoria":"ESTABLECIMIENTO DE SALUD CON INTERNAMIENTO","condicion":"ACTIVO","actualizado":"2023/08/01 19:00:00.000","fuente":"MINSA","urlRenipr":"http://app20.susalud.gob.pe:8080/registro-renipress-webapp/ipress.htm?action=mostrarVer&idipress=00012449"}},{"type":"Feature","geometry":{"type":"Point","coordinates":[-75.01625609999996,-9.847928299999978]},"properties":{"objectid":7633,"nombre":"PUERTO DAVIS","departamento":"PASCO","provincia":"OXAPAMPA","distrito":"CONSTITUCION","institucion":"GOBIERNO REGIONAL","codigoMinsa":31083,"direccion":"TROCHA vía fluvial DISTRITO CONSTITUCION PROVINCIA OXAPAMPA DEPARTAMENTO PASCO","disa":"PASCO","red":"OXAPAMPA","microrred":"CIUDAD CONSTITUCION","categoria":"ESTABLECIMIENTO DE SALUD SIN INTERNAMIENTO","condicion":"ACTIVO","actualizado":"2023/08/01 19:00:00.000","fuente":"MINSA","urlRenipr":"http://app20.susalud.gob.pe:8080/registro-renipress-webapp/ipress.htm?action=mostrarVer&idipress=00031083"}},{"type":"Feature","geometry":{"type":"Point","coordinates":[-75.24170715999998,-10.168556469999942]},"properties":{"objectid":7635,"nombre":"CENTRO CASTILLA","departamento":"PASCO","provincia":"OXAPAMPA","distrito":"PALCAZU","institucion":"GOBIERNO REGIONAL","codigoMinsa":1148,"direccion":"OTROS CENTRO CASTILLA S/N NÚMERO S/N DISTRITO PALCAZU PROVINCIA OXAPAMPA DEPARTAMENTO PASCO","disa":"PASCO","red":"OXAPAMPA","microrred":"PALCAZU","categoria":"ESTABLECIMIENTO DE SALUD SIN INTERNAMIENTO","condicion":"ACTIVO","actualizado":"2023/08/01 19:00:00.000","fuente":"MINSA","urlRenipr":"http://app20.susalud.gob.pe:8080/registro-renipress-webapp/ipress.htm?action=mostrarVer&idipress=00001148"}},{"type":"Feature","geometry":{"type":"Point","coordinates":[-75.04702660999999,-10.421909769999957]},"properties":{"objectid":7636,"nombre":"SANTA ROSA DE PALCAZU","departamento":"PASCO","provincia":"OXAPAMPA","distrito":"PALCAZU","institucion":"GOBIERNO REGIONAL","codigoMinsa":18775,"direccion":"OTROS CENTRO POBLADO SANTA ROSA DE PALCAZU S/N S/N CENTRO POBLADO SANTA ROSA DE PALCAZU S/N PALCAZU OXAPAMPA PASCO","disa":"PASCO","red":"OXAPAMPA","microrred":"PALCAZU","categoria":"ESTABLECIMIENTO DE SALUD SIN INTERNAMIENTO","condicion":"ACTIVO","actualizado":"2023/08/01 19:00:00.000","fuente":"MINSA","urlRenipr":"http://app20.susalud.gob.pe:8080/registro-renipress-webapp/ipress.htm?action=mostrarVer&idipress=00018775"}},{"type":"Feature","geometry":{"type":"Point","coordinates":[-74.93353266999998,-9.911690849999957]},"properties":{"objectid":7637,"nombre":"PUERTO LIBRE YARINA","departamento":"PASCO","provincia":"OXAPAMPA","distrito":"CONSTITUCION","institucion":"GOBIERNO REGIONAL","codigoMinsa":1158,"direccion":"OTROS PUERTO LIBRE YARINA S/N S/N PUERTO LIBRE YARINA S/N CONSTITUCION OXAPAMPA PASCO","disa":"PASCO","red":"OXAPAMPA","microrred":"CIUDAD CONSTITUCION","categoria":"ESTABLECIMIENTO DE SALUD SIN INTERNAMIENTO","condicion":"ACTIVO","actualizado":"2023/08/01 19:00:00.000","fuente":"MINSA","urlRenipr":"http://app20.susalud.gob.pe:8080/registro-renipress-webapp/ipress.htm?action=mostrarVer&idipress=00001158"}},{"type":"Feature","geometry":{"type":"Point","coordinates":[-76.22281875999994,-10.505788679999966]},"properties":{"objectid":7638,"nombre":"YANATAMBON","departamento":"PASCO","provincia":"PASCO","distrito":"SAN FRANCISCO DE ASIS DE YARUSYACAN","institucion":"GOBIERNO REGIONAL","codigoMinsa":1025,"direccion":"AVENIDA AV 3 DE DICIEMBRE S/N - YANATAMBON NÚMERO S/N DISTRITO SAN FCO DE ASIS DE YARUSYACAN PROVINCIA PASCO DEPARTAMENTO PASCO","disa":"PASCO","red":"PASCO","microrred":"CENTRO","categoria":"ESTABLECIMIENTO DE SALUD SIN INTERNAMIENTO","condicion":"ACTIVO","actualizado":"2023/08/01 19:00:00.000","fuente":"MINSA","urlRenipr":"http://app20.susalud.gob.pe:8080/registro-renipress-webapp/ipress.htm?action=mostrarVer&idipress=00001025"}},{"type":"Feature","geometry":{"type":"Point","coordinates":[-76.35851455999995,-10.532474289999982]},"properties":{"objectid":7639,"nombre":"PUTAJA","departamento":"PASCO","provincia":"DANIEL ALCIDES CARRION","distrito":"SANTA ANA DE TUSI","institucion":"GOBIERNO REGIONAL","codigoMinsa":998,"direccion":"OTROS PUTAJA S/N NÚMERO S/N DISTRITO SANTA ANA DE TUSI PROVINCIA DANIEL ALCIDES CARRION DEPARTAMENTO PASCO","disa":"PASCO","red":"DANIEL CARRION","microrred":"TUSI","categoria":"ESTABLECIMIENTO DE SALUD SIN INTERNAMIENTO","condicion":"ACTIVO","actualizado":"2023/08/01 19:00:00.000","fuente":"MINSA","urlRenipr":"http://app20.susalud.gob.pe:8080/registro-renipress-webapp/ipress.htm?action=mostrarVer&idipress=00000998"}},{"type":"Feature","geometry":{"type":"Point","coordinates":[-75.26068295999994,-9.919117899999947]},"properties":{"objectid":7640,"nombre":"PUERTO MAYRO","departamento":"PASCO","provincia":"OXAPAMPA","distrito":"PALCAZU","institucion":"GOBIERNO REGIONAL","codigoMinsa":1143,"direccion":"AVENIDA AV LOS INCAS S/N SAN JUAN S/N AV LOS INCAS S/N SAN JUAN PALCAZU OXAPAMPA PASCO","disa":"PASCO","red":"OXAPAMPA","microrred":"PALCAZU","categoria":"ESTABLECIMIENTO DE SALUD SIN INTERNAMIENTO","condicion":"ACTIVO","actualizado":"2023/08/01 19:00:00.000","fuente":"MINSA","urlRenipr":"http://app20.susalud.gob.pe:8080/registro-renipress-webapp/ipress.htm?action=mostrarVer&idipress=00001143"}},{"type":"Feature","geometry":{"type":"Point","coordinates":[-75.55137946999997,-10.067505539999956]},"properties":{"objectid":7641,"nombre":"C.S. \"SAN CAMILO\" - POZUZO","departamento":"PASCO","provincia":"OXAPAMPA","distrito":"POZUZO","institucion":"GOBIERNO REGIONAL","codigoMinsa":1093,"direccion":"AVENIDA AV LOS COLONOS Nº 200-POZUZO S/N S/N AV LOS COLONOS Nº 200-POZUZO S/N POZUZO OXAPAMPA PASCO","disa":"PASCO","red":"OXAPAMPA","microrred":"POZUZO","categoria":"ESTABLECIMIENTO DE SALUD CON INTERNAMIENTO","condicion":"ACTIVO","actualizado":"2023/08/01 19:00:00.000","fuente":"MINSA","urlRenipr":"http://app20.susalud.gob.pe:8080/registro-renipress-webapp/ipress.htm?action=mostrarVer&idipress=00001093"}},{"type":"Feature","geometry":{"type":"Point","coordinates":[-76.51819361999998,-10.517694329999927]},"properties":{"objectid":7642,"nombre":"PALCA","departamento":"PASCO","provincia":"DANIEL ALCIDES CARRION","distrito":"YANAHUANCA","institucion":"GOBIERNO REGIONAL","codigoMinsa":1225,"direccion":"OTROS PALCA DISTRITO YANAHUANCA PROVINCIA DANIEL ALCIDES CARRION DEPARTAMENTO PASCO","disa":"PASCO","red":"DANIEL CARRION","microrred":"YANAHUANCA","categoria":"ESTABLECIMIENTO DE SALUD SIN INTERNAMIENTO","condicion":"ACTIVO","actualizado":"2023/08/01 19:00:00.000","fuente":"MINSA","urlRenipr":"http://app20.susalud.gob.pe:8080/registro-renipress-webapp/ipress.htm?action=mostrarVer&idipress=00001225"}},{"type":"Feature","geometry":{"type":"Point","coordinates":[-76.34000535999996,-10.36798529999993]},"properties":{"objectid":7643,"nombre":"SAN SANTIAGO DE ANTAPIRCA","departamento":"PASCO","provincia":"DANIEL ALCIDES CARRION","distrito":"SANTA ANA DE TUSI","institucion":"GOBIERNO REGIONAL","codigoMinsa":996,"direccion":"OTROS ANTAPIRCA S/N NÚMERO S/N DISTRITO SANTA ANA DE TUSI PROVINCIA DANIEL ALCIDES CARRION DEPARTAMENTO PASCO","disa":"PASCO","red":"DANIEL CARRION","microrred":"TUSI","categoria":"ESTABLECIMIENTO DE SALUD SIN INTERNAMIENTO","condicion":"ACTIVO","actualizado":"2023/08/01 19:00:00.000","fuente":"MINSA","urlRenipr":"http://app20.susalud.gob.pe:8080/registro-renipress-webapp/ipress.htm?action=mostrarVer&idipress=00000996"}},{"type":"Feature","geometry":{"type":"Point","coordinates":[-74.86704554999994,-10.119078119999926]},"properties":{"objectid":7644,"nombre":"ZUNGAROYALI","departamento":"PASCO","provincia":"OXAPAMPA","distrito":"PUERTO BERMUDEZ","institucion":"GOBIERNO REGIONAL","codigoMinsa":1171,"direccion":"OTROS CC. NN. ZYNGAROYALI CC. NN. ZYNGAROYALI PUERTO BERMUDEZ OXAPAMPA PASCO","disa":"PASCO","red":"OXAPAMPA","microrred":"PUERTO BERMUDEZ","categoria":"ESTABLECIMIENTO DE SALUD SIN INTERNAMIENTO","condicion":"ACTIVO","actualizado":"2023/08/01 19:00:00.000","fuente":"MINSA","urlRenipr":"http://app20.susalud.gob.pe:8080/registro-renipress-webapp/ipress.htm?action=mostrarVer&idipress=00001171"}},{"type":"Feature","geometry":{"type":"Point","coordinates":[-74.96130103999997,-10.392465149999964]},"properties":{"objectid":7645,"nombre":"ALTO CHIVIS","departamento":"PASCO","provincia":"OXAPAMPA","distrito":"PUERTO BERMUDEZ","institucion":"GOBIERNO REGIONAL","codigoMinsa":1169,"direccion":"OTROS ALTO CHIVIS S/N S/N ALTO CHIVIS S/N PUERTO BERMUDEZ OXAPAMPA PASCO","disa":"PASCO","red":"OXAPAMPA","microrred":"PUERTO BERMUDEZ","categoria":"ESTABLECIMIENTO DE SALUD SIN INTERNAMIENTO","condicion":"ACTIVO","actualizado":"2023/08/01 19:00:00.000","fuente":"MINSA","urlRenipr":"http://app20.susalud.gob.pe:8080/registro-renipress-webapp/ipress.htm?action=mostrarVer&idipress=00001169"}},{"type":"Feature","geometry":{"type":"Point","coordinates":[-76.21578053999997,-10.488358259999927]},"properties":{"objectid":7647,"nombre":"CHAUYAR","departamento":"PASCO","provincia":"PASCO","distrito":"SAN FRANCISCO DE ASIS DE YARUSYACAN","institucion":"GOBIERNO REGIONAL","codigoMinsa":1016,"direccion":"OTROS CARRTERA CENTRAL S/N CHAUYAR NÚMERO S/N DISTRITO SAN FCO DE ASIS DE YARUSYACAN PROVINCIA PASCO DEPARTAMENTO PASCO","disa":"PASCO","red":"PASCO","microrred":"CENTRO","categoria":"ESTABLECIMIENTO DE SALUD SIN INTERNAMIENTO","condicion":"ACTIVO","actualizado":"2023/08/01 19:00:00.000","fuente":"MINSA","urlRenipr":"http://app20.susalud.gob.pe:8080/registro-renipress-webapp/ipress.htm?action=mostrarVer&idipress=00001016"}},{"type":"Feature","geometry":{"type":"Point","coordinates":[-76.57312288999998,-10.533619589999944]},"properties":{"objectid":7650,"nombre":"HUAYCHAUMARCA","departamento":"PASCO","provincia":"DANIEL ALCIDES CARRION","distrito":"YANAHUANCA","institucion":"GOBIERNO REGIONAL","codigoMinsa":1205,"direccion":"OTROS HUAYCHAUMARCA DISTRITO YANAHUANCA PROVINCIA DANIEL ALCIDES CARRION DEPARTAMENTO PASCO","disa":"PASCO","red":"DANIEL CARRION","microrred":"YANAHUANCA","categoria":"ESTABLECIMIENTO DE SALUD SIN INTERNAMIENTO","condicion":"ACTIVO","actualizado":"2023/08/01 19:00:00.000","fuente":"MINSA","urlRenipr":"http://app20.susalud.gob.pe:8080/registro-renipress-webapp/ipress.htm?action=mostrarVer&idipress=00001205"}},{"type":"Feature","geometry":{"type":"Point","coordinates":[-75.29020658999997,-10.837741549999976]},"properties":{"objectid":7651,"nombre":"PUENTE PAUCARTAMBO","departamento":"PASCO","provincia":"OXAPAMPA","distrito":"VILLA RICA","institucion":"GOBIERNO REGIONAL","codigoMinsa":1176,"direccion":"OTROS PUENTE PAUCARTAMBO S/N S/N PUENTE PAUCARTAMBO S/N VILLA RICA OXAPAMPA PASCO","disa":"PASCO","red":"OXAPAMPA","microrred":"VILLA RICA","categoria":"ESTABLECIMIENTO DE SALUD SIN INTERNAMIENTO","condicion":"ACTIVO","actualizado":"2023/08/01 19:00:00.000","fuente":"MINSA","urlRenipr":"http://app20.susalud.gob.pe:8080/registro-renipress-webapp/ipress.htm?action=mostrarVer&idipress=00001176"}},{"type":"Feature","geometry":{"type":"Point","coordinates":[-76.18301310999993,-10.593635909999932]},"properties":{"objectid":7652,"nombre":"SAN ISIDRO DE YANAPAMPA","departamento":"PASCO","provincia":"PASCO","distrito":"TICLACAYAN","institucion":"GOBIERNO REGIONAL","codigoMinsa":1038,"direccion":"OTROS YANAPAMPA S/N NÚMERO S/N DISTRITO TICLACAYAN PROVINCIA PASCO DEPARTAMENTO PASCO","disa":"PASCO","red":"PASCO","microrred":"HUARIACA","categoria":"ESTABLECIMIENTO DE SALUD SIN INTERNAMIENTO","condicion":"ACTIVO","actualizado":"2023/08/01 19:00:00.000","fuente":"MINSA","urlRenipr":"http://app20.susalud.gob.pe:8080/registro-renipress-webapp/ipress.htm?action=mostrarVer&idipress=00001038"}},{"type":"Feature","geometry":{"type":"Point","coordinates":[-75.52479999999997,-10.42654166999995]},"properties":{"objectid":7653,"nombre":"CENTRO DE SALUD HUANCABAMBA","departamento":"PASCO","provincia":"OXAPAMPA","distrito":"HUANCABAMBA","institucion":"GOBIERNO REGIONAL","codigoMinsa":1073,"direccion":"OTROS HUANCABAMBA S/N S/N HUANCABAMBA S/N HUANCABAMBA OXAPAMPA PASCO","disa":"PASCO","red":"OXAPAMPA","microrred":"HUANCABAMBA","categoria":"ESTABLECIMIENTO DE SALUD SIN INTERNAMIENTO","condicion":"ACTIVO","actualizado":"2023/08/01 19:00:00.000","fuente":"MINSA","urlRenipr":"http://app20.susalud.gob.pe:8080/registro-renipress-webapp/ipress.htm?action=mostrarVer&idipress=00001073"}},{"type":"Feature","geometry":{"type":"Point","coordinates":[-76.34857666999994,-10.467581669999959]},"properties":{"objectid":7654,"nombre":"PAMPANIA","departamento":"PASCO","provincia":"DANIEL ALCIDES CARRION","distrito":"SANTA ANA DE TUSI","institucion":"GOBIERNO REGIONAL","codigoMinsa":1006,"direccion":"OTROS PAMPANIA S/N NÚMERO S/N DISTRITO SANTA ANA DE TUSI PROVINCIA DANIEL ALCIDES CARRION DEPARTAMENTO PASCO","disa":"PASCO","red":"DANIEL CARRION","microrred":"TUSI","categoria":"ESTABLECIMIENTO DE SALUD SIN INTERNAMIENTO","condicion":"ACTIVO","actualizado":"2023/08/01 19:00:00.000","fuente":"MINSA","urlRenipr":"http://app20.susalud.gob.pe:8080/registro-renipress-webapp/ipress.htm?action=mostrarVer&idipress=00001006"}},{"type":"Feature","geometry":{"type":"Point","coordinates":[-76.37386683999995,-10.489951589999976]},"properties":{"objectid":7655,"nombre":"HUAYO","departamento":"PASCO","provincia":"DANIEL ALCIDES CARRION","distrito":"SANTA ANA DE TUSI","institucion":"GOBIERNO REGIONAL","codigoMinsa":999,"direccion":"OTROS ACTUALIZAR DISTRITO SANTA ANA DE TUSI PROVINCIA DANIEL ALCIDES CARRION DEPARTAMENTO PASCO","disa":"PASCO","red":"DANIEL CARRION","microrred":"TUSI","categoria":"ESTABLECIMIENTO DE SALUD SIN INTERNAMIENTO","condicion":"ACTIVO","actualizado":"2023/08/01 19:00:00.000","fuente":"MINSA","urlRenipr":"http://app20.susalud.gob.pe:8080/registro-renipress-webapp/ipress.htm?action=mostrarVer&idipress=00000999"}},{"type":"Feature","geometry":{"type":"Point","coordinates":[-76.31685909999999,-10.688915889999976]},"properties":{"objectid":7656,"nombre":"RANCAS","departamento":"PASCO","provincia":"PASCO","distrito":"SIMON BOLIVAR","institucion":"GOBIERNO REGIONAL","codigoMinsa":982,"direccion":"OTROS RANCAS S/N S/N RANCAS S/N SIMON BOLIVAR PASCO PASCO","disa":"PASCO","red":"PASCO","microrred":"SIMON BOLIVAR","categoria":"ESTABLECIMIENTO DE SALUD SIN INTERNAMIENTO","condicion":"ACTIVO","actualizado":"2023/08/01 19:00:00.000","fuente":"MINSA","urlRenipr":"http://app20.susalud.gob.pe:8080/registro-renipress-webapp/ipress.htm?action=mostrarVer&idipress=00000982"}},{"type":"Feature","geometry":{"type":"Point","coordinates":[-76.51558339999997,-10.491147099999978]},"properties":{"objectid":7869,"nombre":"CENTRO MEDICO DE YANAHUANCA","departamento":"PASCO","provincia":"DANIEL ALCIDES CARRION","distrito":"YANAHUANCA","institucion":"ESSALUD","codigoMinsa":9760,"direccion":"JIRÓN JR. SOLEDAD S/N. DISTRITO DE YANAHUANCA, PROVINCIA DANIEL CARRIÓN Y REGIÓN PASCO NÚMERO S/N DISTRITO YANAHUANCA PROVINCIA DANIEL ALCIDES CARRION DEPARTAMENTO PASCO","disa":"PASCO","red":"NO PERTENECE A NINGUNA RED","microrred":"NO PERTENECE A NINGUNA MICRORED","categoria":"ESTABLECIMIENTO DE SALUD SIN INTERNAMIENTO","condicion":"ACTIVO","actualizado":"2023/08/01 19:00:00.000","fuente":"MINSA","urlRenipr":"http://app20.susalud.gob.pe:8080/registro-renipress-webapp/ipress.htm?action=mostrarVer&idipress=00009760"}},{"type":"Feature","geometry":{"type":"Point","coordinates":[-76.26384269999994,-10.755150799999967]},"properties":{"objectid":7885,"nombre":"POSTA MEDICA DE COLQUIJIRCA","departamento":"PASCO","provincia":"PASCO","distrito":"TINYAHUARCO","institucion":"ESSALUD","codigoMinsa":9754,"direccion":"OTROS CENTRO POBLADO DE COLQUIJIRCA S/N. DISTRITO DE TINYAHUARCO, PROVINCIA Y REGIÓN DE PASCO NÚMERO S/N DISTRITO TINYAHUARCO PROVINCIA PASCO DEPARTAMENTO PASCO","disa":"PASCO","red":"NO PERTENECE A NINGUNA RED","microrred":"NO PERTENECE A NINGUNA MICRORED","categoria":"ESTABLECIMIENTO DE SALUD SIN INTERNAMIENTO","condicion":"ACTIVO","actualizado":"2023/08/01 19:00:00.000","fuente":"MINSA","urlRenipr":"http://app20.susalud.gob.pe:8080/registro-renipress-webapp/ipress.htm?action=mostrarVer&idipress=00009754"}},{"type":"Feature","geometry":{"type":"Point","coordinates":[-76.26518999999996,-10.68630332999993]},"properties":{"objectid":7886,"nombre":"HOSPITAL II PASCO","departamento":"PASCO","provincia":"PASCO","distrito":"SIMON BOLIVAR","institucion":"ESSALUD","codigoMinsa":9747,"direccion":"OTROS BARRIO BUENOS AIRES S/N NÚMERO S/N DISTRITO SIMON BOLIVAR PROVINCIA PASCO DEPARTAMENTO PASCO","disa":"PASCO","red":"NO PERTENECE A NINGUNA RED","microrred":"NO PERTENECE A NINGUNA MICRORED","categoria":"ESTABLECIMIENTO DE SALUD CON INTERNAMIENTO","condicion":"ACTIVO","actualizado":"2023/08/01 19:00:00.000","fuente":"MINSA","urlRenipr":"http://app20.susalud.gob.pe:8080/registro-renipress-webapp/ipress.htm?action=mostrarVer&idipress=00009747"}},{"type":"Feature","geometry":{"type":"Point","coordinates":[-75.40139501999994,-10.573098939999966]},"properties":{"objectid":7906,"nombre":"CENTRO MEDICO RUBEN DARIO MANRIQUE ZORRILLA","departamento":"PASCO","provincia":"OXAPAMPA","distrito":"OXAPAMPA","institucion":"PRIVADO","codigoMinsa":30834,"direccion":"JIRÓN BELGRADO NÚMERO 165 DISTRITO OXAPAMPA PROVINCIA OXAPAMPA DEPARTAMENTO PASCO","disa":"PASCO","red":"","microrred":"","categoria":"ESTABLECIMIENTO DE SALUD SIN INTERNAMIENTO","condicion":"ACTIVO","actualizado":"2023/08/01 19:00:00.000","fuente":"MINSA","urlRenipr":"http://app20.susalud.gob.pe:8080/registro-renipress-webapp/ipress.htm?action=mostrarVer&idipress=00030834"}},{"type":"Feature","geometry":{"type":"Point","coordinates":[-76.18996609999994,-10.637674899999979]},"properties":{"objectid":9539,"nombre":"CENTRO MEDICO DEL TRANSPORTISTA SOCIEDAD COMERCIAL DE RESPONSABILIDAD LIMITADA","departamento":"PASCO","provincia":"PASCO","distrito":"YANACANCHA","institucion":"PRIVADO","codigoMinsa":23689,"direccion":"JIRÓN GAMANIEL BLANCO N?ERO 300 PISO 2 DEPARTAMENTO 0 DISTRITO YANACANCHA PROVINCIA PASCO DEPARTAMENTO PASCO","disa":"PASCO","red":"NO PERTENECE A NINGUNA RED","microrred":"NO PERTENECE A NINGUNA MICRORED","categoria":"ESTABLECIMIENTO DE SALUD SIN INTERNAMIENTO","condicion":"ACTIVO","actualizado":"2023/08/01 19:00:00.000","fuente":"MINSA","urlRenipr":"http://app20.susalud.gob.pe:8080/registro-renipress-webapp/ipress.htm?action=mostrarVer&idipress=00023689"}},{"type":"Feature","geometry":{"type":"Point","coordinates":[-75.40001099999995,-10.575023699999974]},"properties":{"objectid":9540,"nombre":"CENTRO MEDICO DEL TRANSPORTISTA S.R.L.","departamento":"PASCO","provincia":"PASCO","distrito":"YANACANCHA","institucion":"PRIVADO","codigoMinsa":19657,"direccion":"JIRÓN JR. GAMANIEL BLANCO Nª 300 SAN JUAN - YANACANCHA DISTRITO YANACANCHA PROVINCIA PASCO DEPARTAMENTO PASCO","disa":"PASCO","red":"NO PERTENECE A NINGUNA RED","microrred":"NO PERTENECE A NINGUNA MICRORED","categoria":"ESTABLECIMIENTO DE SALUD SIN INTERNAMIENTO","condicion":"ACTIVO","actualizado":"2023/08/01 19:00:00.000","fuente":"MINSA","urlRenipr":"http://app20.susalud.gob.pe:8080/registro-renipress-webapp/ipress.htm?action=mostrarVer&idipress=00019657"}},{"type":"Feature","geometry":{"type":"Point","coordinates":[-76.27351287999994,-10.57623394999996]},"properties":{"objectid":9822,"nombre":"TINGO PALCA","departamento":"PASCO","provincia":"PASCO","distrito":"YANACANCHA","institucion":"GOBIERNO REGIONAL","codigoMinsa":1013,"direccion":"OTROS ACTUALIZAR DISTRITO YANACANCHA PROVINCIA PASCO DEPARTAMENTO PASCO","disa":"PASCO","red":"PASCO","microrred":"CENTRO","categoria":"ESTABLECIMIENTO DE SALUD SIN INTERNAMIENTO","condicion":"ACTIVO","actualizado":"2023/08/01 19:00:00.000","fuente":"MINSA","urlRenipr":"http://app20.susalud.gob.pe:8080/registro-renipress-webapp/ipress.htm?action=mostrarVer&idipress=00001013"}},{"type":"Feature","geometry":{"type":"Point","coordinates":[-75.01625609999996,-9.847928299999978]},"properties":{"objectid":9813,"nombre":"PUERTO VICTORIA","departamento":"PASCO","provincia":"OXAPAMPA","distrito":"CONSTITUCION","institucion":"GOBIERNO REGIONAL","codigoMinsa":31084,"direccion":"TROCHA vía fluvial DISTRITO CONSTITUCION PROVINCIA OXAPAMPA DEPARTAMENTO PASCO","disa":"PASCO","red":"OXAPAMPA","microrred":"CIUDAD CONSTITUCION","categoria":"ESTABLECIMIENTO DE SALUD SIN INTERNAMIENTO","condicion":"ACTIVO","actualizado":"2023/08/01 19:00:00.000","fuente":"MINSA","urlRenipr":"http://app20.susalud.gob.pe:8080/registro-renipress-webapp/ipress.htm?action=mostrarVer&idipress=00031084"}},{"type":"Feature","geometry":{"type":"Point","coordinates":[-75.78394506999996,-10.646431439999958]},"properties":{"objectid":9814,"nombre":"PUAGMARAY","departamento":"PASCO","provincia":"PASCO","distrito":"HUACHON","institucion":"GOBIERNO REGIONAL","codigoMinsa":1050,"direccion":"OTROS PUAGMARAY S/N NÚMERO S/N DISTRITO HUACHON PROVINCIA PASCO DEPARTAMENTO PASCO","disa":"PASCO","red":"PASCO","microrred":"MESETA","categoria":"ESTABLECIMIENTO DE SALUD SIN INTERNAMIENTO","condicion":"ACTIVO","actualizado":"2023/08/01 19:00:00.000","fuente":"MINSA","urlRenipr":"http://app20.susalud.gob.pe:8080/registro-renipress-webapp/ipress.htm?action=mostrarVer&idipress=00001050"}},{"type":"Feature","geometry":{"type":"Point","coordinates":[-76.48923509999997,-10.48876673999996]},"properties":{"objectid":9816,"nombre":"VIRGEN DEL ROSARIO DE HUAYLASJIRCA","departamento":"PASCO","provincia":"DANIEL ALCIDES CARRION","distrito":"YANAHUANCA","institucion":"GOBIERNO REGIONAL","codigoMinsa":1213,"direccion":"OTROS HUAYLASJIRCA S/N NÚMERO S/N DISTRITO YANAHUANCA PROVINCIA DANIEL ALCIDES CARRION DEPARTAMENTO PASCO","disa":"PASCO","red":"DANIEL CARRION","microrred":"YANAHUANCA","categoria":"ESTABLECIMIENTO DE SALUD SIN INTERNAMIENTO","condicion":"ACTIVO","actualizado":"2023/08/01 19:00:00.000","fuente":"MINSA","urlRenipr":"http://app20.susalud.gob.pe:8080/registro-renipress-webapp/ipress.htm?action=mostrarVer&idipress=00001213"}},{"type":"Feature","geometry":{"type":"Point","coordinates":[-75.35458467999996,-10.133569639999962]},"properties":{"objectid":9818,"nombre":"CONVENTO","departamento":"PASCO","provincia":"OXAPAMPA","distrito":"PALCAZU","institucion":"GOBIERNO REGIONAL","codigoMinsa":1107,"direccion":"OTROS CONVENTO S/N NÚMERO S/N DISTRITO PALCAZU PROVINCIA OXAPAMPA DEPARTAMENTO PASCO","disa":"PASCO","red":"OXAPAMPA","microrred":"PALCAZU","categoria":"ESTABLECIMIENTO DE SALUD SIN INTERNAMIENTO","condicion":"ACTIVO","actualizado":"2023/08/01 19:00:00.000","fuente":"MINSA","urlRenipr":"http://app20.susalud.gob.pe:8080/registro-renipress-webapp/ipress.htm?action=mostrarVer&idipress=00001107"}},{"type":"Feature","geometry":{"type":"Point","coordinates":[-74.90256999999997,-10.59946666999997]},"properties":{"objectid":9819,"nombre":"P.S. ACOLLA","departamento":"PASCO","provincia":"OXAPAMPA","distrito":"PUERTO BERMUDEZ","institucion":"GOBIERNO REGIONAL","codigoMinsa":17813,"direccion":"OTROS CP. ACOLLA CP. ACOLLA PUERTO BERMUDEZ OXAPAMPA PASCO","disa":"PASCO","red":"OXAPAMPA","microrred":"PUERTO BERMUDEZ","categoria":"ESTABLECIMIENTO DE SALUD SIN INTERNAMIENTO","condicion":"ACTIVO","actualizado":"2023/08/01 19:00:00.000","fuente":"MINSA","urlRenipr":"http://app20.susalud.gob.pe:8080/registro-renipress-webapp/ipress.htm?action=mostrarVer&idipress=00017813"}},{"type":"Feature","geometry":{"type":"Point","coordinates":[-75.43921745999995,-10.602825779999932]},"properties":{"objectid":9823,"nombre":"CENTRO DE SALUD CHONTABAMBA","departamento":"PASCO","provincia":"OXAPAMPA","distrito":"CHONTABAMBA","institucion":"GOBIERNO REGIONAL","codigoMinsa":1081,"direccion":"OTROS CHONTABAMBA S/N S/N CHONTABAMBA S/N CHONTABAMBA OXAPAMPA PASCO","disa":"PASCO","red":"OXAPAMPA","microrred":"CHONTABAMBA","categoria":"ESTABLECIMIENTO DE SALUD SIN INTERNAMIENTO","condicion":"ACTIVO","actualizado":"2023/08/01 19:00:00.000","fuente":"MINSA","urlRenipr":"http://app20.susalud.gob.pe:8080/registro-renipress-webapp/ipress.htm?action=mostrarVer&idipress=00001081"}},{"type":"Feature","geometry":{"type":"Point","coordinates":[-76.25953349999997,-10.469022269999925]},"properties":{"objectid":9824,"nombre":"RAGAN","departamento":"PASCO","provincia":"DANIEL ALCIDES CARRION","distrito":"SANTA ANA DE TUSI","institucion":"GOBIERNO REGIONAL","codigoMinsa":1036,"direccion":"OTROS RAGAN S/N NÚMERO S/N DISTRITO SANTA ANA DE TUSI PROVINCIA DANIEL ALCIDES CARRION DEPARTAMENTO PASCO","disa":"PASCO","red":"DANIEL CARRION","microrred":"TUSI","categoria":"ESTABLECIMIENTO DE SALUD SIN INTERNAMIENTO","condicion":"ACTIVO","actualizado":"2023/08/01 19:00:00.000","fuente":"MINSA","urlRenipr":"http://app20.susalud.gob.pe:8080/registro-renipress-webapp/ipress.htm?action=mostrarVer&idipress=00001036"}},{"type":"Feature","geometry":{"type":"Point","coordinates":[-76.25418354999994,-10.667508969999972]},"properties":{"objectid":9834,"nombre":"CENTRO MEDICO ORION POLICLINICO","departamento":"PASCO","provincia":"PASCO","distrito":"YANACANCHA","institucion":"PRIVADO","codigoMinsa":23691,"direccion":"AVENIDA LOS PROCERES NÚMERO 96 DISTRITO YANACANCHA PROVINCIA PASCO DEPARTAMENTO PASCO","disa":"PASCO","red":"NO PERTENECE A NINGUNA RED","microrred":"NO PERTENECE A NINGUNA MICRORED","categoria":"ESTABLECIMIENTO DE SALUD SIN INTERNAMIENTO","condicion":"ACTIVO","actualizado":"2023/08/01 19:00:00.000","fuente":"MINSA","urlRenipr":"http://app20.susalud.gob.pe:8080/registro-renipress-webapp/ipress.htm?action=mostrarVer&idipress=00023691"}},{"type":"Feature","geometry":{"type":"Point","coordinates":[-76.25560496999998,-10.66428499999995]},"properties":{"objectid":9888,"nombre":"VISAGE - CENTRO ESPECIALIZADO EN CIRUGÍA MAXILOFACIAL / MEDICINA ESTÉTICA FACIAL Y OBSTETRICIA","departamento":"PASCO","provincia":"PASCO","distrito":"YANACANCHA","institucion":"PRIVADO","codigoMinsa":26895,"direccion":"JIRÓN COLUMNA PASCO N?ERO 305 PISO 0 DEPARTAMENTO 0 INTERIOR 00 MANZANA 00 LOTE 00 KILOMETRO 00 URBANIZACI? SAN JUAN DISTRITO YANACANCHA PROVINCIA PASCO DEPARTAMENTO PASCO","disa":"","red":"","microrred":"","categoria":"ESTABLECIMIENTO DE SALUD SIN INTERNAMIENTO","condicion":"RUC INACTIVO EN SUNAT","actualizado":"2023/08/01 19:00:00.000","fuente":"MINSA","urlRenipr":"http://app20.susalud.gob.pe:8080/registro-renipress-webapp/ipress.htm?action=mostrarVer&idipress=00026895"}},{"type":"Feature","geometry":{"type":"Point","coordinates":[-76.25718433999998,-10.687995489999935]},"properties":{"objectid":10084,"nombre":"LABORATORIO CLÍNICO \"MÁS SALUD\"","departamento":"PASCO","provincia":"PASCO","distrito":"CHAUPIMARCA","institucion":"OTRO","codigoMinsa":30158,"direccion":"AVENIDA LA PLATA NÚMERO SIN NUMERO PISO 2 LOTE 5 URBANIZACIÓN CIUDAD REAL DE MINAS DISTRITO CHAUPIMARCA PROVINCIA PASCO DEPARTAMENTO PASCO","disa":"PASCO","red":"","microrred":"NO PERTENECE A NINGUNA MICRORED","categoria":"SERVICIO MÉDICO DE APOYO","condicion":"ACTIVO","actualizado":"2023/08/01 19:00:00.000","fuente":"MINSA","urlRenipr":"http://app20.susalud.gob.pe:8080/registro-renipress-webapp/ipress.htm?action=mostrarVer&idipress=00030158"}},{"type":"Feature","geometry":{"type":"Point","coordinates":[-76.25403679999994,-10.663594499999931]},"properties":{"objectid":10359,"nombre":"CENTRO ODNTOLOGICO TU SONRISA","departamento":"PASCO","provincia":"PASCO","distrito":"YANACANCHA","institucion":"PRIVADO","codigoMinsa":28037,"direccion":"AVENIDA LAS AMERICAS NÚMERO 406 DISTRITO YANACANCHA PROVINCIA PASCO DEPARTAMENTO PASCO","disa":"PASCO","red":"NO PERTENECE A NINGUNA RED","microrred":"NO PERTENECE A NINGUNA MICRORED","categoria":"ESTABLECIMIENTO DE SALUD SIN INTERNAMIENTO","condicion":"ACTIVO","actualizado":"2023/08/01 19:00:00.000","fuente":"MINSA","urlRenipr":"http://app20.susalud.gob.pe:8080/registro-renipress-webapp/ipress.htm?action=mostrarVer&idipress=00028037"}},{"type":"Feature","geometry":{"type":"Point","coordinates":[-76.26524169999993,-10.67512869999996]},"properties":{"objectid":10426,"nombre":"POSTA MEDICA PNP CERRO DE PASCO","departamento":"PASCO","provincia":"PASCO","distrito":"YANACANCHA","institucion":"SANIDAD DE LA POLICIA NACIONAL DEL PERU","codigoMinsa":11773,"direccion":"AVENIDA ENTRE LAS AVENIDA LOS PROCERES Y LOPEZ ALBUJAR S/N N?ERO S/N DISTRITO YANACANCHA PROVINCIA PASCO DEPARTAMENTO PASCO","disa":"PASCO","red":"NO PERTENECE A NINGUNA RED","microrred":"NO PERTENECE A NINGUNA MICRORED","categoria":"ESTABLECIMIENTO DE SALUD SIN INTERNAMIENTO","condicion":"ACTIVO","actualizado":"2023/08/01 19:00:00.000","fuente":"MINSA","urlRenipr":"http://app20.susalud.gob.pe:8080/registro-renipress-webapp/ipress.htm?action=mostrarVer&idipress=00011773"}},{"type":"Feature","geometry":{"type":"Point","coordinates":[-75.40243232999995,-10.576239189999967]},"properties":{"objectid":11939,"nombre":"ERNESTO GERMAN GUZMÁN GONZALES","departamento":"PASCO","provincia":"OXAPAMPA","distrito":"OXAPAMPA","institucion":"GOBIERNO REGIONAL","codigoMinsa":980,"direccion":"JIRÓN JR. BOTTGER 760 - OXAPAMPA JR. BOTTGER 760 - OXAPAMPA OXAPAMPA OXAPAMPA PASCO","disa":"PASCO","red":"OXAPAMPA","microrred":"NO PERTENECE A NINGUNA MICRORED","categoria":"ESTABLECIMIENTO DE SALUD CON INTERNAMIENTO","condicion":"ACTIVO","actualizado":"2023/08/01 19:00:00.000","fuente":"MINSA","urlRenipr":"http://app20.susalud.gob.pe:8080/registro-renipress-webapp/ipress.htm?action=mostrarVer&idipress=00000980"}},{"type":"Feature","geometry":{"type":"Point","coordinates":[-76.26372154999996,-10.688179049999974]},"properties":{"objectid":11940,"nombre":"EL MISTI","departamento":"PASCO","provincia":"PASCO","distrito":"CHAUPIMARCA","institucion":"GOBIERNO REGIONAL","codigoMinsa":1011,"direccion":"OTROS EL MISTI S/N CHAUPIMARCA NÚMERO S/N DISTRITO CHAUPIMARCA PROVINCIA PASCO DEPARTAMENTO PASCO","disa":"PASCO","red":"PASCO","microrred":"CENTRO","categoria":"ESTABLECIMIENTO DE SALUD SIN INTERNAMIENTO","condicion":"ACTIVO","actualizado":"2023/08/01 19:00:00.000","fuente":"MINSA","urlRenipr":"http://app20.susalud.gob.pe:8080/registro-renipress-webapp/ipress.htm?action=mostrarVer&idipress=00001011"}},{"type":"Feature","geometry":{"type":"Point","coordinates":[-76.44138499999997,-10.375686669999936]},"properties":{"objectid":11941,"nombre":"PAUCAR","departamento":"PASCO","provincia":"DANIEL ALCIDES CARRION","distrito":"PAUCAR","institucion":"GOBIERNO REGIONAL","codigoMinsa":1201,"direccion":"OTROS PAUCAR PAUCAR PAUCAR DANIEL ALCIDES CARRION PASCO","disa":"PASCO","red":"DANIEL CARRION","microrred":"YANAHUANCA","categoria":"ESTABLECIMIENTO DE SALUD SIN INTERNAMIENTO","condicion":"ACTIVO","actualizado":"2023/08/01 19:00:00.000","fuente":"MINSA","urlRenipr":"http://app20.susalud.gob.pe:8080/registro-renipress-webapp/ipress.htm?action=mostrarVer&idipress=00001201"}},{"type":"Feature","geometry":{"type":"Point","coordinates":[-76.19660042999999,-10.487926399999935]},"properties":{"objectid":11942,"nombre":"YARUSYACAN","departamento":"PASCO","provincia":"PASCO","distrito":"SAN FRANCISCO DE ASIS DE YARUSYACAN","institucion":"GOBIERNO REGIONAL","codigoMinsa":1014,"direccion":"OTROS ACTUALIZAR ACTUALIZAR SAN FCO DE ASIS DE YARUSYACAN PASCO PASCO","disa":"PASCO","red":"PASCO","microrred":"CENTRO","categoria":"ESTABLECIMIENTO DE SALUD SIN INTERNAMIENTO","condicion":"ACTIVO","actualizado":"2023/08/01 19:00:00.000","fuente":"MINSA","urlRenipr":"http://app20.susalud.gob.pe:8080/registro-renipress-webapp/ipress.htm?action=mostrarVer&idipress=00001014"}},{"type":"Feature","geometry":{"type":"Point","coordinates":[-75.56961960999996,-10.45391763999993]},"properties":{"objectid":11943,"nombre":"ANCAHUACHANAN","departamento":"PASCO","provincia":"OXAPAMPA","distrito":"HUANCABAMBA","institucion":"GOBIERNO REGIONAL","codigoMinsa":1079,"direccion":"OTROS ANCAHUACHANAN S/N S/N ANCAHUACHANAN S/N HUANCABAMBA OXAPAMPA PASCO","disa":"PASCO","red":"OXAPAMPA","microrred":"HUANCABAMBA","categoria":"ESTABLECIMIENTO DE SALUD SIN INTERNAMIENTO","condicion":"ACTIVO","actualizado":"2023/08/01 19:00:00.000","fuente":"MINSA","urlRenipr":"http://app20.susalud.gob.pe:8080/registro-renipress-webapp/ipress.htm?action=mostrarVer&idipress=00001079"}},{"type":"Feature","geometry":{"type":"Point","coordinates":[-75.08531047999998,-10.34417166999998]},"properties":{"objectid":11944,"nombre":"LOMA LINDA","departamento":"PASCO","provincia":"OXAPAMPA","distrito":"PALCAZU","institucion":"GOBIERNO REGIONAL","codigoMinsa":1135,"direccion":"OTROS LOMA LINDA S/N NÚMERO S/N DISTRITO PALCAZU PROVINCIA OXAPAMPA DEPARTAMENTO PASCO","disa":"PASCO","red":"OXAPAMPA","microrred":"PALCAZU","categoria":"ESTABLECIMIENTO DE SALUD SIN INTERNAMIENTO","condicion":"ACTIVO","actualizado":"2023/08/01 19:00:00.000","fuente":"MINSA","urlRenipr":"http://app20.susalud.gob.pe:8080/registro-renipress-webapp/ipress.htm?action=mostrarVer&idipress=00001135"}},{"type":"Feature","geometry":{"type":"Point","coordinates":[-75.12162773999995,-10.258862609999937]},"properties":{"objectid":11945,"nombre":"SHIRINGAMAZU BAJO","departamento":"PASCO","provincia":"OXAPAMPA","distrito":"PALCAZU","institucion":"GOBIERNO REGIONAL","codigoMinsa":1145,"direccion":"OTROS SHIRINGAMAZU BAJO S/N NÚMERO S/N DISTRITO PALCAZU PROVINCIA OXAPAMPA DEPARTAMENTO PASCO","disa":"PASCO","red":"OXAPAMPA","microrred":"PALCAZU","categoria":"ESTABLECIMIENTO DE SALUD SIN INTERNAMIENTO","condicion":"ACTIVO","actualizado":"2023/08/01 19:00:00.000","fuente":"MINSA","urlRenipr":"http://app20.susalud.gob.pe:8080/registro-renipress-webapp/ipress.htm?action=mostrarVer&idipress=00001145"}},{"type":"Feature","geometry":{"type":"Point","coordinates":[-75.32424613999996,-10.817784199999949]},"properties":{"objectid":11946,"nombre":"SOGORMO","departamento":"PASCO","provincia":"OXAPAMPA","distrito":"OXAPAMPA","institucion":"GOBIERNO REGIONAL","codigoMinsa":1088,"direccion":"OTROS SOGORNO S/N S/N SOGORNO S/N OXAPAMPA OXAPAMPA PASCO","disa":"PASCO","red":"OXAPAMPA","microrred":"OXAPAMPA","categoria":"ESTABLECIMIENTO DE SALUD SIN INTERNAMIENTO","condicion":"ACTIVO","actualizado":"2023/08/01 19:00:00.000","fuente":"MINSA","urlRenipr":"http://app20.susalud.gob.pe:8080/registro-renipress-webapp/ipress.htm?action=mostrarVer&idipress=00001088"}},{"type":"Feature","geometry":{"type":"Point","coordinates":[-75.30476501999993,-10.805647319999935]},"properties":{"objectid":11947,"nombre":"PAMPA ENCANTADA","departamento":"PASCO","provincia":"OXAPAMPA","distrito":"VILLA RICA","institucion":"GOBIERNO REGIONAL","codigoMinsa":1188,"direccion":"OTROS CENTRO POBLADO PAMPA ENCANTADA CENTRO POBLADO PAMPA ENCANTADA VILLA RICA OXAPAMPA PASCO","disa":"PASCO","red":"OXAPAMPA","microrred":"VILLA RICA","categoria":"ESTABLECIMIENTO DE SALUD SIN INTERNAMIENTO","condicion":"ACTIVO","actualizado":"2023/08/01 19:00:00.000","fuente":"MINSA","urlRenipr":"http://app20.susalud.gob.pe:8080/registro-renipress-webapp/ipress.htm?action=mostrarVer&idipress=00001188"}},{"type":"Feature","geometry":{"type":"Point","coordinates":[-76.46192913999994,-10.406418389999942]},"properties":{"objectid":11948,"nombre":"CHAUPIMARCA","departamento":"PASCO","provincia":"DANIEL ALCIDES CARRION","distrito":"TAPUC","institucion":"GOBIERNO REGIONAL","codigoMinsa":1206,"direccion":"OTROS CHAUPIMARCA S/N NÚMERO S/N DISTRITO TAPUC PROVINCIA DANIEL ALCIDES CARRION DEPARTAMENTO PASCO","disa":"PASCO","red":"DANIEL CARRION","microrred":"CHAUPIHUARANGA","categoria":"ESTABLECIMIENTO DE SALUD SIN INTERNAMIENTO","condicion":"ACTIVO","actualizado":"2023/08/01 19:00:00.000","fuente":"MINSA","urlRenipr":"http://app20.susalud.gob.pe:8080/registro-renipress-webapp/ipress.htm?action=mostrarVer&idipress=00001206"}},{"type":"Feature","geometry":{"type":"Point","coordinates":[-76.57319999999999,-10.404001669999957]},"properties":{"objectid":11949,"nombre":"ANDAHUAYLAS","departamento":"PASCO","provincia":"DANIEL ALCIDES CARRION","distrito":"SAN PEDRO DE PILLAO","institucion":"GOBIERNO REGIONAL","codigoMinsa":1194,"direccion":"OTROS ANDAHUAYLAS DISTRITO SAN PEDRO DE PILLAO PROVINCIA DANIEL ALCIDES CARRION DEPARTAMENTO PASCO","disa":"PASCO","red":"DANIEL CARRION","microrred":"YANAHUANCA","categoria":"ESTABLECIMIENTO DE SALUD SIN INTERNAMIENTO","condicion":"ACTIVO","actualizado":"2023/08/01 19:00:00.000","fuente":"MINSA","urlRenipr":"http://app20.susalud.gob.pe:8080/registro-renipress-webapp/ipress.htm?action=mostrarVer&idipress=00001194"}},{"type":"Feature","geometry":{"type":"Point","coordinates":[-75.15109205999994,-10.18735965999997]},"properties":{"objectid":11950,"nombre":"ISCOZACIN","departamento":"PASCO","provincia":"OXAPAMPA","distrito":"PALCAZU","institucion":"GOBIERNO REGIONAL","codigoMinsa":1133,"direccion":"OTROS ISCOZACIN S/N S/N ISCOZACIN S/N PALCAZU OXAPAMPA PASCO","disa":"PASCO","red":"OXAPAMPA","microrred":"PALCAZU","categoria":"ESTABLECIMIENTO DE SALUD CON INTERNAMIENTO","condicion":"ACTIVO","actualizado":"2023/08/01 19:00:00.000","fuente":"MINSA","urlRenipr":"http://app20.susalud.gob.pe:8080/registro-renipress-webapp/ipress.htm?action=mostrarVer&idipress=00001133"}},{"type":"Feature","geometry":{"type":"Point","coordinates":[-76.21376171999998,-10.597311229999946]},"properties":{"objectid":11951,"nombre":"SAN JUAN DE MILPO","departamento":"PASCO","provincia":"PASCO","distrito":"SAN FRANCISCO DE ASIS DE YARUSYACAN","institucion":"GOBIERNO REGIONAL","codigoMinsa":1017,"direccion":"OTROS ACTUALIZAR DISTRITO SAN FCO DE ASIS DE YARUSYACAN PROVINCIA PASCO DEPARTAMENTO PASCO","disa":"PASCO","red":"PASCO","microrred":"CENTRO","categoria":"ESTABLECIMIENTO DE SALUD SIN INTERNAMIENTO","condicion":"ACTIVO","actualizado":"2023/08/01 19:00:00.000","fuente":"MINSA","urlRenipr":"http://app20.susalud.gob.pe:8080/registro-renipress-webapp/ipress.htm?action=mostrarVer&idipress=00001017"}},{"type":"Feature","geometry":{"type":"Point","coordinates":[-76.26524169999993,-10.67512869999996]},"properties":{"objectid":12257,"nombre":"CLINICA ARMAS","departamento":"PASCO","provincia":"PASCO","distrito":"CHAUPIMARCA","institucion":"PRIVADO","codigoMinsa":26871,"direccion":"JIRÓN SAN CRISTOBAL NÚMERO 224 PISO 2 DEPARTAMENTO 0 INTERIOR 00 MANZANA 00 LOTE 00 KILOMETRO 00 URBANIZACIÓN 00 DISTRITO CHAUPIMARCA PROVINCIA PASCO DEPARTAMENTO PASCO","disa":"PASCO","red":"NO PERTENECE A NINGUNA RED","microrred":"NO PERTENECE A NINGUNA MICRORED","categoria":"ESTABLECIMIENTO DE SALUD SIN INTERNAMIENTO","condicion":"ACTIVO","actualizado":"2023/08/01 19:00:00.000","fuente":"MINSA","urlRenipr":"http://app20.susalud.gob.pe:8080/registro-renipress-webapp/ipress.htm?action=mostrarVer&idipress=00026871"}},{"type":"Feature","geometry":{"type":"Point","coordinates":[-76.25850949999995,-10.68994159999994]},"properties":{"objectid":13476,"nombre":"PUESTO DE SALUD E.P. PASCO","departamento":"PASCO","provincia":"PASCO","distrito":"SIMON BOLIVAR","institucion":"INPE","codigoMinsa":27291,"direccion":"OTROS BARRIO BUENOS AIRES N?ERO S/N DISTRITO SIMON BOLIVAR PROVINCIA PASCO DEPARTAMENTO PASCO","disa":"PASCO","red":"NO PERTENECE A NINGUNA RED","microrred":"NO PERTENECE A NINGUNA MICRORED","categoria":"ESTABLECIMIENTO DE SALUD SIN INTERNAMIENTO","condicion":"ACTIVO","actualizado":"2023/08/01 19:00:00.000","fuente":"MINSA","urlRenipr":"http://app20.susalud.gob.pe:8080/registro-renipress-webapp/ipress.htm?action=mostrarVer&idipress=00027291"}},{"type":"Feature","geometry":{"type":"Point","coordinates":[-76.25532020999998,-10.668367829999966]},"properties":{"objectid":13544,"nombre":"STEO - SALUD DEL TRABAJO Y EMERGENCIAS OCUPACIONALES","departamento":"PASCO","provincia":"PASCO","distrito":"YANACANCHA","institucion":"PRIVADO","codigoMinsa":29797,"direccion":"AVENIDA EL MINERO 715 YANACANCHA PASCO PASCO","disa":"PASCO","red":"","microrred":"NO PERTENECE A NINGUNA MICRORED","categoria":"ESTABLECIMIENTO DE SALUD SIN INTERNAMIENTO","condicion":"ACTIVO","actualizado":"2023/08/01 19:00:00.000","fuente":"MINSA","urlRenipr":"http://app20.susalud.gob.pe:8080/registro-renipress-webapp/ipress.htm?action=mostrarVer&idipress=00029797"}},{"type":"Feature","geometry":{"type":"Point","coordinates":[-75.27410889999999,-10.739484199999936]},"properties":{"objectid":13663,"nombre":"JOSE MERCEDES ALDAVE PITA","departamento":"PASCO","provincia":"OXAPAMPA","distrito":"VILLA RICA","institucion":"PRIVADO","codigoMinsa":28263,"direccion":"JIRÓN ANTONIO RICHLE NÚMERO S/N DISTRITO VILLA RICA PROVINCIA OXAPAMPA DEPARTAMENTO PASCO","disa":"PASCO","red":"NO PERTENECE A NINGUNA RED","microrred":"NO PERTENECE A NINGUNA MICRORED","categoria":"ESTABLECIMIENTO DE SALUD SIN INTERNAMIENTO","condicion":"ACTIVO","actualizado":"2023/08/01 19:00:00.000","fuente":"MINSA","urlRenipr":"http://app20.susalud.gob.pe:8080/registro-renipress-webapp/ipress.htm?action=mostrarVer&idipress=00028263"}},{"type":"Feature","geometry":{"type":"Point","coordinates":[-75.01622499999996,-9.848076669999955]},"properties":{"objectid":14011,"nombre":"CENTRO DE SALUD CIUDAD CONSTITUCIÓN","departamento":"PASCO","provincia":"OXAPAMPA","distrito":"CONSTITUCION","institucion":"GOBIERNO REGIONAL","codigoMinsa":1118,"direccion":"AVENIDA AV. FERNANDO BELAUNDE S/N CONSTITUCION S/N AV. FERNANDO BELAUNDE S/N CONSTITUCION CONSTITUCION OXAPAMPA PASCO","disa":"PASCO","red":"OXAPAMPA","microrred":"CIUDAD CONSTITUCION","categoria":"ESTABLECIMIENTO DE SALUD CON INTERNAMIENTO","condicion":"ACTIVO","actualizado":"2023/08/01 19:00:00.000","fuente":"MINSA","urlRenipr":"http://app20.susalud.gob.pe:8080/registro-renipress-webapp/ipress.htm?action=mostrarVer&idipress=00001118"}},{"type":"Feature","geometry":{"type":"Point","coordinates":[-75.64232581999994,-10.027417409999941]},"properties":{"objectid":14012,"nombre":"TINGO MAL PASO","departamento":"PASCO","provincia":"OXAPAMPA","distrito":"POZUZO","institucion":"GOBIERNO REGIONAL","codigoMinsa":11571,"direccion":"OTROS CENTRO POBLADO TINGO MAL PASO DISTRITO POZUZO PROVINCIA OXAPAMPA DEPARTAMENTO PASCO","disa":"PASCO","red":"OXAPAMPA","microrred":"POZUZO","categoria":"ESTABLECIMIENTO DE SALUD SIN INTERNAMIENTO","condicion":"ACTIVO","actualizado":"2023/08/01 19:00:00.000","fuente":"MINSA","urlRenipr":"http://app20.susalud.gob.pe:8080/registro-renipress-webapp/ipress.htm?action=mostrarVer&idipress=00011571"}},{"type":"Feature","geometry":{"type":"Point","coordinates":[-76.50095245999995,-10.471277569999927]},"properties":{"objectid":14013,"nombre":"YANACOCHA","departamento":"PASCO","provincia":"DANIEL ALCIDES CARRION","distrito":"YANAHUANCA","institucion":"GOBIERNO REGIONAL","codigoMinsa":1220,"direccion":"OTROS YANACOCHA S/N NÚMERO S/N DISTRITO YANAHUANCA PROVINCIA DANIEL ALCIDES CARRION DEPARTAMENTO PASCO","disa":"PASCO","red":"DANIEL CARRION","microrred":"YANAHUANCA","categoria":"ESTABLECIMIENTO DE SALUD SIN INTERNAMIENTO","condicion":"ACTIVO","actualizado":"2023/08/01 19:00:00.000","fuente":"MINSA","urlRenipr":"http://app20.susalud.gob.pe:8080/registro-renipress-webapp/ipress.htm?action=mostrarVer&idipress=00001220"}},{"type":"Feature","geometry":{"type":"Point","coordinates":[-74.84938096999997,-10.002186449999954]},"properties":{"objectid":14014,"nombre":"LA VIÑA DINAMARCA","departamento":"PASCO","provincia":"OXAPAMPA","distrito":"CONSTITUCION","institucion":"GOBIERNO REGIONAL","codigoMinsa":1125,"direccion":"OTROS LA VIÑA DINAMARCA LA VIÑA DINAMARCA CONSTITUCION OXAPAMPA PASCO","disa":"PASCO","red":"OXAPAMPA","microrred":"CIUDAD CONSTITUCION","categoria":"ESTABLECIMIENTO DE SALUD SIN INTERNAMIENTO","condicion":"ACTIVO","actualizado":"2023/08/01 19:00:00.000","fuente":"MINSA","urlRenipr":"http://app20.susalud.gob.pe:8080/registro-renipress-webapp/ipress.htm?action=mostrarVer&idipress=00001125"}},{"type":"Feature","geometry":{"type":"Point","coordinates":[-76.25481942999994,-10.662356169999953]},"properties":{"objectid":14015,"nombre":"CENTRO DE SALUD MENTAL COMUNITARIO","departamento":"PASCO","provincia":"PASCO","distrito":"YANACANCHA","institucion":"GOBIERNO REGIONAL","codigoMinsa":26900,"direccion":"JIRÓN JOSE CARLOS MARIATEGUI 405 A ESPALDAS DE LA IE MARIA PARADO DE BELLIDO YANACANCHA PASCO PASCO","disa":"PASCO","red":"PASCO","microrred":"CENTRO","categoria":"ESTABLECIMIENTO DE SALUD SIN INTERNAMIENTO","condicion":"ACTIVO","actualizado":"2023/08/01 19:00:00.000","fuente":"MINSA","urlRenipr":"http://app20.susalud.gob.pe:8080/registro-renipress-webapp/ipress.htm?action=mostrarVer&idipress=00026900"}},{"type":"Feature","geometry":{"type":"Point","coordinates":[-76.17901725999997,-10.61421882999997]},"properties":{"objectid":14016,"nombre":"LA QUINUA","departamento":"PASCO","provincia":"PASCO","distrito":"YANACANCHA","institucion":"GOBIERNO REGIONAL","codigoMinsa":7383,"direccion":"CARRETERA COMUNIDAD LA QUINUA CARRETERA CENTRAL DISTRITO YANACANCHA PROVINCIA PASCO DEPARTAMENTO PASCO","disa":"PASCO","red":"PASCO","microrred":"CENTRO","categoria":"ESTABLECIMIENTO DE SALUD SIN INTERNAMIENTO","condicion":"ACTIVO","actualizado":"2023/08/01 19:00:00.000","fuente":"MINSA","urlRenipr":"http://app20.susalud.gob.pe:8080/registro-renipress-webapp/ipress.htm?action=mostrarVer&idipress=00007383"}},{"type":"Feature","geometry":{"type":"Point","coordinates":[-76.42242786999998,-10.535141069999952]},"properties":{"objectid":14017,"nombre":"PATARAYOG","departamento":"PASCO","provincia":"DANIEL ALCIDES CARRION","distrito":"VILCABAMBA","institucion":"GOBIERNO REGIONAL","codigoMinsa":1210,"direccion":"OTROS PATARAYOG S/N NÚMERO S/N DISTRITO VILCABAMBA PROVINCIA DANIEL ALCIDES CARRION DEPARTAMENTO PASCO","disa":"PASCO","red":"DANIEL CARRION","microrred":"CHAUPIHUARANGA","categoria":"ESTABLECIMIENTO DE SALUD SIN INTERNAMIENTO","condicion":"ACTIVO","actualizado":"2023/08/01 19:00:00.000","fuente":"MINSA","urlRenipr":"http://app20.susalud.gob.pe:8080/registro-renipress-webapp/ipress.htm?action=mostrarVer&idipress=00001210"}},{"type":"Feature","geometry":{"type":"Point","coordinates":[-74.78993166999999,-9.723211669999955]},"properties":{"objectid":14018,"nombre":"SAN LUIS DE CHINCHIHUANI","departamento":"PASCO","provincia":"OXAPAMPA","distrito":"CONSTITUCION","institucion":"GOBIERNO REGIONAL","codigoMinsa":1128,"direccion":"OTROS CC NN SAN LUIS DE CHINCHIHUANI CC NN SAN LUIS DE CHINCHIHUANI CONSTITUCION OXAPAMPA PASCO","disa":"PASCO","red":"OXAPAMPA","microrred":"CIUDAD CONSTITUCION","categoria":"ESTABLECIMIENTO DE SALUD SIN INTERNAMIENTO","condicion":"ACTIVO","actualizado":"2023/08/01 19:00:00.000","fuente":"MINSA","urlRenipr":"http://app20.susalud.gob.pe:8080/registro-renipress-webapp/ipress.htm?action=mostrarVer&idipress=00001128"}},{"type":"Feature","geometry":{"type":"Point","coordinates":[-76.31806868999996,-10.401481689999969]},"properties":{"objectid":14019,"nombre":"CHUNQUIPATA","departamento":"PASCO","provincia":"PASCO","distrito":"PALLANCHACRA","institucion":"GOBIERNO REGIONAL","codigoMinsa":1035,"direccion":"OTROS CHUNQUIPATA S/N NÚMERO S/N DISTRITO PALLANCHACRA PROVINCIA PASCO DEPARTAMENTO PASCO","disa":"PASCO","red":"PASCO","microrred":"HUARIACA","categoria":"ESTABLECIMIENTO DE SALUD SIN INTERNAMIENTO","condicion":"ACTIVO","actualizado":"2023/08/01 19:00:00.000","fuente":"MINSA","urlRenipr":"http://app20.susalud.gob.pe:8080/registro-renipress-webapp/ipress.htm?action=mostrarVer&idipress=00001035"}},{"type":"Feature","geometry":{"type":"Point","coordinates":[-76.36383832999996,-10.564889999999934]},"properties":{"objectid":14020,"nombre":"ISCAYCOCHA","departamento":"PASCO","provincia":"DANIEL ALCIDES CARRION","distrito":"CHACAYAN","institucion":"GOBIERNO REGIONAL","codigoMinsa":10248,"direccion":"OTROS ISCAYCOCHA S/N NÚMERO S/N DISTRITO CHACAYAN PROVINCIA DANIEL ALCIDES CARRION DEPARTAMENTO PASCO","disa":"PASCO","red":"DANIEL CARRION","microrred":"CHAUPIHUARANGA","categoria":"ESTABLECIMIENTO DE SALUD SIN INTERNAMIENTO","condicion":"ACTIVO","actualizado":"2023/08/01 19:00:00.000","fuente":"MINSA","urlRenipr":"http://app20.susalud.gob.pe:8080/registro-renipress-webapp/ipress.htm?action=mostrarVer&idipress=00010248"}},{"type":"Feature","geometry":{"type":"Point","coordinates":[-76.01939999999996,-10.461689999999976]},"properties":{"objectid":14021,"nombre":"SUNEC","departamento":"PASCO","provincia":"PASCO","distrito":"TICLACAYAN","institucion":"GOBIERNO REGIONAL","codigoMinsa":6710,"direccion":"OTROS SUNEC S/N NÚMERO S/N DISTRITO TICLACAYAN PROVINCIA PASCO DEPARTAMENTO PASCO","disa":"PASCO","red":"PASCO","microrred":"HUARIACA","categoria":"ESTABLECIMIENTO DE SALUD SIN INTERNAMIENTO","condicion":"ACTIVO","actualizado":"2023/08/01 19:00:00.000","fuente":"MINSA","urlRenipr":"http://app20.susalud.gob.pe:8080/registro-renipress-webapp/ipress.htm?action=mostrarVer&idipress=00006710"}},{"type":"Feature","geometry":{"type":"Point","coordinates":[-74.98668751999998,-10.343592379999961]},"properties":{"objectid":14022,"nombre":"SANTA ROSA DE CHIVIS","departamento":"PASCO","provincia":"OXAPAMPA","distrito":"PUERTO BERMUDEZ","institucion":"GOBIERNO REGIONAL","codigoMinsa":1161,"direccion":"OTROS SANTA ROSA DE CHIVIS S/N S/N SANTA ROSA DE CHIVIS S/N PUERTO BERMUDEZ OXAPAMPA PASCO","disa":"PASCO","red":"OXAPAMPA","microrred":"PUERTO BERMUDEZ","categoria":"ESTABLECIMIENTO DE SALUD SIN INTERNAMIENTO","condicion":"ACTIVO","actualizado":"2023/08/01 19:00:00.000","fuente":"MINSA","urlRenipr":"http://app20.susalud.gob.pe:8080/registro-renipress-webapp/ipress.htm?action=mostrarVer&idipress=00001161"}},{"type":"Feature","geometry":{"type":"Point","coordinates":[-75.27139023999996,-10.211523849999935]},"properties":{"objectid":14023,"nombre":"CENTRO ESPERANZA","departamento":"PASCO","provincia":"OXAPAMPA","distrito":"PALCAZU","institucion":"GOBIERNO REGIONAL","codigoMinsa":1140,"direccion":"OTROS CENTRO ESPERANZA S/N NÚMERO S/N DISTRITO PALCAZU PROVINCIA OXAPAMPA DEPARTAMENTO PASCO","disa":"PASCO","red":"OXAPAMPA","microrred":"PALCAZU","categoria":"ESTABLECIMIENTO DE SALUD SIN INTERNAMIENTO","condicion":"ACTIVO","actualizado":"2023/08/01 19:00:00.000","fuente":"MINSA","urlRenipr":"http://app20.susalud.gob.pe:8080/registro-renipress-webapp/ipress.htm?action=mostrarVer&idipress=00001140"}},{"type":"Feature","geometry":{"type":"Point","coordinates":[-76.16364302999995,-10.533916309999938]},"properties":{"objectid":14025,"nombre":"TICLACAYAN","departamento":"PASCO","provincia":"PASCO","distrito":"TICLACAYAN","institucion":"GOBIERNO REGIONAL","codigoMinsa":1037,"direccion":"OTROS TICLACAYAN S/N S/N TICLACAYAN S/N TICLACAYAN PASCO PASCO","disa":"PASCO","red":"PASCO","microrred":"HUARIACA","categoria":"ESTABLECIMIENTO DE SALUD SIN INTERNAMIENTO","condicion":"ACTIVO","actualizado":"2023/08/01 19:00:00.000","fuente":"MINSA","urlRenipr":"http://app20.susalud.gob.pe:8080/registro-renipress-webapp/ipress.htm?action=mostrarVer&idipress=00001037"}},{"type":"Feature","geometry":{"type":"Point","coordinates":[-75.81087887999996,-10.773327129999927]},"properties":{"objectid":14026,"nombre":"PAUCARTAMBO","departamento":"PASCO","provincia":"PASCO","distrito":"PAUCARTAMBO","institucion":"GOBIERNO REGIONAL","codigoMinsa":1108,"direccion":"JIRÓN JR. DOS DE MAYO N° 549 JR. DOS DE MAYO N° 549 PAUCARTAMBO PASCO PASCO","disa":"PASCO","red":"PASCO","microrred":"PAUCARTAMBO","categoria":"ESTABLECIMIENTO DE SALUD CON INTERNAMIENTO","condicion":"ACTIVO","actualizado":"2023/08/01 19:00:00.000","fuente":"MINSA","urlRenipr":"http://app20.susalud.gob.pe:8080/registro-renipress-webapp/ipress.htm?action=mostrarVer&idipress=00001108"}},{"type":"Feature","geometry":{"type":"Point","coordinates":[-76.36415499999998,-10.414293329999964]},"properties":{"objectid":14027,"nombre":"MACHIN","departamento":"PASCO","provincia":"DANIEL ALCIDES CARRION","distrito":"SANTA ANA DE TUSI","institucion":"GOBIERNO REGIONAL","codigoMinsa":1000,"direccion":"OTROS MACHIN S/N NÚMERO S/N DISTRITO SANTA ANA DE TUSI PROVINCIA DANIEL ALCIDES CARRION DEPARTAMENTO PASCO","disa":"PASCO","red":"DANIEL CARRION","microrred":"TUSI","categoria":"ESTABLECIMIENTO DE SALUD SIN INTERNAMIENTO","condicion":"ACTIVO","actualizado":"2023/08/01 19:00:00.000","fuente":"MINSA","urlRenipr":"http://app20.susalud.gob.pe:8080/registro-renipress-webapp/ipress.htm?action=mostrarVer&idipress=00001000"}},{"type":"Feature","geometry":{"type":"Point","coordinates":[-76.38825677999995,-10.498758459999976]},"properties":{"objectid":14028,"nombre":"POCOBAMBA","departamento":"PASCO","provincia":"DANIEL ALCIDES CARRION","distrito":"SANTA ANA DE TUSI","institucion":"GOBIERNO REGIONAL","codigoMinsa":997,"direccion":"OTROS POCOBAMBA S/N NÚMERO S/N DISTRITO SANTA ANA DE TUSI PROVINCIA DANIEL ALCIDES CARRION DEPARTAMENTO PASCO","disa":"PASCO","red":"DANIEL CARRION","microrred":"TUSI","categoria":"ESTABLECIMIENTO DE SALUD SIN INTERNAMIENTO","condicion":"ACTIVO","actualizado":"2023/08/01 19:00:00.000","fuente":"MINSA","urlRenipr":"http://app20.susalud.gob.pe:8080/registro-renipress-webapp/ipress.htm?action=mostrarVer&idipress=00000997"}},{"type":"Feature","geometry":{"type":"Point","coordinates":[-76.24066620999997,-10.686259339999935]},"properties":{"objectid":14152,"nombre":"CLINICA SANTA CRUZ","departamento":"PASCO","provincia":"PASCO","distrito":"CHAUPIMARCA","institucion":"PRIVADO","codigoMinsa":29152,"direccion":"AVENIDA CHAUPIMARCA S/N 1 28 1 SECTOR TAHUANTINSUYO CHAUPIMARCA PASCO PASCO","disa":"PASCO","red":"NO PERTENECE A NINGUNA RED","microrred":"NO PERTENECE A NINGUNA MICRORED","categoria":"ESTABLECIMIENTO DE SALUD SIN INTERNAMIENTO","condicion":"ACTIVO","actualizado":"2023/08/01 19:00:00.000","fuente":"MINSA","urlRenipr":"http://app20.susalud.gob.pe:8080/registro-renipress-webapp/ipress.htm?action=mostrarVer&idipress=00029152"}},{"type":"Feature","geometry":{"type":"Point","coordinates":[-75.39887332999996,-10.574473329999933]},"properties":{"objectid":14233,"nombre":"HOSPITAL I OXAPAMPA","departamento":"PASCO","provincia":"OXAPAMPA","distrito":"OXAPAMPA","institucion":"ESSALUD","codigoMinsa":9748,"direccion":"PROLONGACIÓN PROLONGACION ENRIQUE BOTTGER S/N, DISTRITO, PROVINCIA DE OXAPAMPA Y REGIÓN PASCO NÚMERO S/N DISTRITO OXAPAMPA PROVINCIA OXAPAMPA DEPARTAMENTO PASCO","disa":"PASCO","red":"NO PERTENECE A NINGUNA RED","microrred":"NO PERTENECE A NINGUNA MICRORED","categoria":"ESTABLECIMIENTO DE SALUD CON INTERNAMIENTO","condicion":"ACTIVO","actualizado":"2023/08/01 19:00:00.000","fuente":"MINSA","urlRenipr":"http://app20.susalud.gob.pe:8080/registro-renipress-webapp/ipress.htm?action=mostrarVer&idipress=00009748"}},{"type":"Feature","geometry":{"type":"Point","coordinates":[-76.24986739999997,-10.689424999999972]},"properties":{"objectid":14239,"nombre":"CENTRO MEDICO DE VILLA RICA","departamento":"PASCO","provincia":"OXAPAMPA","distrito":"VILLA RICA","institucion":"ESSALUD","codigoMinsa":9761,"direccion":"JIRÓN JR. OXAPAMPA S/N NÚMERO S/N DISTRITO VILLA RICA PROVINCIA OXAPAMPA DEPARTAMENTO PASCO","disa":"PASCO","red":"NO PERTENECE A NINGUNA RED","microrred":"NO PERTENECE A NINGUNA MICRORED","categoria":"ESTABLECIMIENTO DE SALUD SIN INTERNAMIENTO","condicion":"ACTIVO","actualizado":"2023/08/01 19:00:00.000","fuente":"MINSA","urlRenipr":"http://app20.susalud.gob.pe:8080/registro-renipress-webapp/ipress.htm?action=mostrarVer&idipress=00009761"}},{"type":"Feature","geometry":{"type":"Point","coordinates":[-74.93916669999999,-10.301927659999933]},"properties":{"objectid":14492,"nombre":"CENTRO MEDICO ODONTOLOGICO TORRES & YANCE","departamento":"PASCO","provincia":"OXAPAMPA","distrito":"PUERTO BERMUDEZ","institucion":"PRIVADO","codigoMinsa":27539,"direccion":"AVENIDA YANIZU CON CIRCUNVALACION NÚMERO S/N DISTRITO PUERTO BERMUDEZ PROVINCIA OXAPAMPA DEPARTAMENTO PASCO","disa":"PASCO","red":"NO PERTENECE A NINGUNA RED","microrred":"NO PERTENECE A NINGUNA MICRORED","categoria":"ESTABLECIMIENTO DE SALUD SIN INTERNAMIENTO","condicion":"ACTIVO","actualizado":"2023/08/01 19:00:00.000","fuente":"MINSA","urlRenipr":"http://app20.susalud.gob.pe:8080/registro-renipress-webapp/ipress.htm?action=mostrarVer&idipress=00027539"}},{"type":"Feature","geometry":{"type":"Point","coordinates":[-75.27410889999999,-10.739484199999936]},"properties":{"objectid":14726,"nombre":"SANIDAD COMPAÑIA COMANDO Y SERVICIOS N° 22","departamento":"PASCO","provincia":"OXAPAMPA","distrito":"VILLA RICA","institucion":"SANIDAD DEL EJERCITO DEL PERU","codigoMinsa":27531,"direccion":"AVENIDA PUERTO BERMUDEZ N?ERO S/N DISTRITO VILLA RICA PROVINCIA OXAPAMPA DEPARTAMENTO PASCO","disa":"PASCO","red":"NO PERTENECE A NINGUNA RED","microrred":"NO PERTENECE A NINGUNA MICRORED","categoria":"ESTABLECIMIENTO DE SALUD SIN INTERNAMIENTO","condicion":"ACTIVO","actualizado":"2023/08/01 19:00:00.000","fuente":"MINSA","urlRenipr":"http://app20.susalud.gob.pe:8080/registro-renipress-webapp/ipress.htm?action=mostrarVer&idipress=00027531"}},{"type":"Feature","geometry":{"type":"Point","coordinates":[-76.25887099999994,-10.668499999999938]},"properties":{"objectid":15023,"nombre":"RV MEDIC SALUD OCUPACIONAL SO SRL","departamento":"PASCO","provincia":"PASCO","distrito":"CHAUPIMARCA","institucion":"PRIVADO","codigoMinsa":16183,"direccion":"JIRÓN JIRON SAN CRISTOBAL 118 DISTRITO CHAUPIMARCA PROVINCIA PASCO DEPARTAMENTO PASCO","disa":"PASCO","red":"NO PERTENECE A NINGUNA RED","microrred":"NO PERTENECE A NINGUNA MICRORED","categoria":"ESTABLECIMIENTO DE SALUD SIN INTERNAMIENTO","condicion":"ACTIVO","actualizado":"2023/08/01 19:00:00.000","fuente":"MINSA","urlRenipr":"http://app20.susalud.gob.pe:8080/registro-renipress-webapp/ipress.htm?action=mostrarVer&idipress=00016183"}},{"type":"Feature","geometry":{"type":"Point","coordinates":[-76.25654487999998,-10.683425959999965]},"properties":{"objectid":15484,"nombre":"CENTRO CARDIOLOGICO ARMAS","departamento":"PASCO","provincia":"PASCO","distrito":"CHAUPIMARCA","institucion":"PRIVADO","codigoMinsa":27616,"direccion":"JIRÓN SAN CRISTOBAL NÚMERO 224 PISO 3 DISTRITO CHAUPIMARCA PROVINCIA PASCO DEPARTAMENTO PASCO","disa":"PASCO","red":"NO PERTENECE A NINGUNA RED","microrred":"NO PERTENECE A NINGUNA MICRORED","categoria":"ESTABLECIMIENTO DE SALUD SIN INTERNAMIENTO","condicion":"ACTIVO","actualizado":"2023/08/01 19:00:00.000","fuente":"MINSA","urlRenipr":"http://app20.susalud.gob.pe:8080/registro-renipress-webapp/ipress.htm?action=mostrarVer&idipress=00027616"}},{"type":"Feature","geometry":{"type":"Point","coordinates":[-75.30388076999998,-10.198919529999955]},"properties":{"objectid":16056,"nombre":"TSOPIS","departamento":"PASCO","provincia":"OXAPAMPA","distrito":"PALCAZU","institucion":"GOBIERNO REGIONAL","codigoMinsa":1138,"direccion":"OTROS TSOPIS S/N NÚMERO S/N DISTRITO PALCAZU PROVINCIA OXAPAMPA DEPARTAMENTO PASCO","disa":"PASCO","red":"OXAPAMPA","microrred":"PALCAZU","categoria":"ESTABLECIMIENTO DE SALUD SIN INTERNAMIENTO","condicion":"ACTIVO","actualizado":"2023/08/01 19:00:00.000","fuente":"MINSA","urlRenipr":"http://app20.susalud.gob.pe:8080/registro-renipress-webapp/ipress.htm?action=mostrarVer&idipress=00001138"}},{"type":"Feature","geometry":{"type":"Point","coordinates":[-76.37365666999995,-10.438471669999956]},"properties":{"objectid":16057,"nombre":"JUCLACANCHA","departamento":"PASCO","provincia":"DANIEL ALCIDES CARRION","distrito":"SANTA ANA DE TUSI","institucion":"GOBIERNO REGIONAL","codigoMinsa":6951,"direccion":"OTROS JUCLACANCHA S/N NÚMERO S/N DISTRITO SANTA ANA DE TUSI PROVINCIA DANIEL ALCIDES CARRION DEPARTAMENTO PASCO","disa":"PASCO","red":"DANIEL CARRION","microrred":"TUSI","categoria":"ESTABLECIMIENTO DE SALUD SIN INTERNAMIENTO","condicion":"ACTIVO","actualizado":"2023/08/01 19:00:00.000","fuente":"MINSA","urlRenipr":"http://app20.susalud.gob.pe:8080/registro-renipress-webapp/ipress.htm?action=mostrarVer&idipress=00006951"}},{"type":"Feature","geometry":{"type":"Point","coordinates":[-75.54053441999997,-10.332875439999953]},"properties":{"objectid":16058,"nombre":"MUCHUYMAYO","departamento":"PASCO","provincia":"OXAPAMPA","distrito":"HUANCABAMBA","institucion":"GOBIERNO REGIONAL","codigoMinsa":1076,"direccion":"OTROS MUCHUYMAYO S/N S/N MUCHUYMAYO S/N HUANCABAMBA OXAPAMPA PASCO","disa":"PASCO","red":"OXAPAMPA","microrred":"HUANCABAMBA","categoria":"ESTABLECIMIENTO DE SALUD SIN INTERNAMIENTO","condicion":"ACTIVO","actualizado":"2023/08/01 19:00:00.000","fuente":"MINSA","urlRenipr":"http://app20.susalud.gob.pe:8080/registro-renipress-webapp/ipress.htm?action=mostrarVer&idipress=00001076"}},{"type":"Feature","geometry":{"type":"Point","coordinates":[-74.91203832999997,-10.438424999999938]},"properties":{"objectid":16059,"nombre":"PUERTO YESUPE","departamento":"PASCO","provincia":"OXAPAMPA","distrito":"PUERTO BERMUDEZ","institucion":"GOBIERNO REGIONAL","codigoMinsa":1165,"direccion":"OTROS COMUNIDDA NATIVA PUERTO YESUPE COMUNIDDA NATIVA PUERTO YESUPE PUERTO BERMUDEZ OXAPAMPA PASCO","disa":"PASCO","red":"OXAPAMPA","microrred":"PUERTO BERMUDEZ","categoria":"ESTABLECIMIENTO DE SALUD SIN INTERNAMIENTO","condicion":"ACTIVO","actualizado":"2023/08/01 19:00:00.000","fuente":"MINSA","urlRenipr":"http://app20.susalud.gob.pe:8080/registro-renipress-webapp/ipress.htm?action=mostrarVer&idipress=00001165"}},{"type":"Feature","geometry":{"type":"Point","coordinates":[-75.45617499999997,-10.700441669999975]},"properties":{"objectid":16060,"nombre":"MARIA TERESA","departamento":"PASCO","provincia":"OXAPAMPA","distrito":"CHONTABAMBA","institucion":"GOBIERNO REGIONAL","codigoMinsa":1082,"direccion":"OTROS MARIA TEREZA S/N S/N MARIA TEREZA S/N CHONTABAMBA OXAPAMPA PASCO","disa":"PASCO","red":"OXAPAMPA","microrred":"CHONTABAMBA","categoria":"ESTABLECIMIENTO DE SALUD SIN INTERNAMIENTO","condicion":"ACTIVO","actualizado":"2023/08/01 19:00:00.000","fuente":"MINSA","urlRenipr":"http://app20.susalud.gob.pe:8080/registro-renipress-webapp/ipress.htm?action=mostrarVer&idipress=00001082"}},{"type":"Feature","geometry":{"type":"Point","coordinates":[-76.27320556999996,-10.766736149999929]},"properties":{"objectid":16062,"nombre":"SMELTER","departamento":"PASCO","provincia":"PASCO","distrito":"TINYAHUARCO","institucion":"GOBIERNO REGIONAL","codigoMinsa":1066,"direccion":"OTROS SMELTER S/N NÚMERO S/N DISTRITO TINYAHUARCO PROVINCIA PASCO DEPARTAMENTO PASCO","disa":"PASCO","red":"PASCO","microrred":"MESETA","categoria":"ESTABLECIMIENTO DE SALUD SIN INTERNAMIENTO","condicion":"ACTIVO","actualizado":"2023/08/01 19:00:00.000","fuente":"MINSA","urlRenipr":"http://app20.susalud.gob.pe:8080/registro-renipress-webapp/ipress.htm?action=mostrarVer&idipress=00001066"}},{"type":"Feature","geometry":{"type":"Point","coordinates":[-76.37034499999999,-10.316106669999954]},"properties":{"objectid":16063,"nombre":"TANGOR","departamento":"PASCO","provincia":"DANIEL ALCIDES CARRION","distrito":"PAUCAR","institucion":"GOBIERNO REGIONAL","codigoMinsa":1204,"direccion":"OTROS TANGOR S/N NÚMERO S/N DISTRITO PAUCAR PROVINCIA DANIEL ALCIDES CARRION DEPARTAMENTO PASCO","disa":"PASCO","red":"DANIEL CARRION","microrred":"YANAHUANCA","categoria":"ESTABLECIMIENTO DE SALUD SIN INTERNAMIENTO","condicion":"ACTIVO","actualizado":"2023/08/01 19:00:00.000","fuente":"MINSA","urlRenipr":"http://app20.susalud.gob.pe:8080/registro-renipress-webapp/ipress.htm?action=mostrarVer&idipress=00001204"}},{"type":"Feature","geometry":{"type":"Point","coordinates":[-76.23861810999995,-10.83759060999995]},"properties":{"objectid":16064,"nombre":"VICCO","departamento":"PASCO","provincia":"PASCO","distrito":"VICCO","institucion":"GOBIERNO REGIONAL","codigoMinsa":1071,"direccion":"OTROS VICCO S/N S/N VICCO S/N VICCO PASCO PASCO","disa":"PASCO","red":"PASCO","microrred":"MESETA","categoria":"ESTABLECIMIENTO DE SALUD SIN INTERNAMIENTO","condicion":"ACTIVO","actualizado":"2023/08/01 19:00:00.000","fuente":"MINSA","urlRenipr":"http://app20.susalud.gob.pe:8080/registro-renipress-webapp/ipress.htm?action=mostrarVer&idipress=00001071"}},{"type":"Feature","geometry":{"type":"Point","coordinates":[-76.45688097999994,-10.599346339999954]},"properties":{"objectid":16065,"nombre":"TAMBOPAMPA","departamento":"PASCO","provincia":"DANIEL ALCIDES CARRION","distrito":"YANAHUANCA","institucion":"GOBIERNO REGIONAL","codigoMinsa":1219,"direccion":"OTROS TAMBOCHACA S/N NÚMERO S/N DISTRITO YANAHUANCA PROVINCIA DANIEL ALCIDES CARRION DEPARTAMENTO PASCO","disa":"PASCO","red":"DANIEL CARRION","microrred":"YANAHUANCA","categoria":"ESTABLECIMIENTO DE SALUD SIN INTERNAMIENTO","condicion":"ACTIVO","actualizado":"2023/08/01 19:00:00.000","fuente":"MINSA","urlRenipr":"http://app20.susalud.gob.pe:8080/registro-renipress-webapp/ipress.htm?action=mostrarVer&idipress=00001219"}},{"type":"Feature","geometry":{"type":"Point","coordinates":[-75.32205897999995,-10.771558709999965]},"properties":{"objectid":16066,"nombre":"ÑAGAZU","departamento":"PASCO","provincia":"OXAPAMPA","distrito":"VILLA RICA","institucion":"GOBIERNO REGIONAL","codigoMinsa":1183,"direccion":"OTROS CCNN ÑAGAZU CCNN ÑAGAZU VILLA RICA OXAPAMPA PASCO","disa":"PASCO","red":"OXAPAMPA","microrred":"VILLA RICA","categoria":"ESTABLECIMIENTO DE SALUD SIN INTERNAMIENTO","condicion":"ACTIVO","actualizado":"2023/08/01 19:00:00.000","fuente":"MINSA","urlRenipr":"http://app20.susalud.gob.pe:8080/registro-renipress-webapp/ipress.htm?action=mostrarVer&idipress=00001183"}},{"type":"Feature","geometry":{"type":"Point","coordinates":[-74.98419757999994,-10.217779549999932]},"properties":{"objectid":16067,"nombre":"QUIRISHARI","departamento":"PASCO","provincia":"OXAPAMPA","distrito":"PUERTO BERMUDEZ","institucion":"GOBIERNO REGIONAL","codigoMinsa":1167,"direccion":"OTROS COMUNIDAD NATIVA DE QUIRISHRI COMUNIDAD NATIVA DE QUIRISHRI PUERTO BERMUDEZ OXAPAMPA PASCO","disa":"PASCO","red":"OXAPAMPA","microrred":"PUERTO BERMUDEZ","categoria":"ESTABLECIMIENTO DE SALUD SIN INTERNAMIENTO","condicion":"ACTIVO","actualizado":"2023/08/01 19:00:00.000","fuente":"MINSA","urlRenipr":"http://app20.susalud.gob.pe:8080/registro-renipress-webapp/ipress.htm?action=mostrarVer&idipress=00001167"}},{"type":"Feature","geometry":{"type":"Point","coordinates":[-75.32823555999994,-10.059704289999956]},"properties":{"objectid":16068,"nombre":"MAZUHUAZU","departamento":"PASCO","provincia":"OXAPAMPA","distrito":"PALCAZU","institucion":"GOBIERNO REGIONAL","codigoMinsa":1150,"direccion":"OTROS MAZAHUAZU S/N S/N MAZAHUAZU S/N PALCAZU OXAPAMPA PASCO","disa":"PASCO","red":"OXAPAMPA","microrred":"PALCAZU","categoria":"ESTABLECIMIENTO DE SALUD SIN INTERNAMIENTO","condicion":"ACTIVO","actualizado":"2023/08/01 19:00:00.000","fuente":"MINSA","urlRenipr":"http://app20.susalud.gob.pe:8080/registro-renipress-webapp/ipress.htm?action=mostrarVer&idipress=00001150"}},{"type":"Feature","geometry":{"type":"Point","coordinates":[-75.07522879999993,-9.85144945999997]},"properties":{"objectid":16069,"nombre":"HAUSWALD","departamento":"PASCO","provincia":"OXAPAMPA","distrito":"CONSTITUCION","institucion":"GOBIERNO REGIONAL","codigoMinsa":1131,"direccion":"OTROS CC NN HAUSWALD CC NN HAUSWALD CONSTITUCION OXAPAMPA PASCO","disa":"PASCO","red":"OXAPAMPA","microrred":"CIUDAD CONSTITUCION","categoria":"ESTABLECIMIENTO DE SALUD SIN INTERNAMIENTO","condicion":"ACTIVO","actualizado":"2023/08/01 19:00:00.000","fuente":"MINSA","urlRenipr":"http://app20.susalud.gob.pe:8080/registro-renipress-webapp/ipress.htm?action=mostrarVer&idipress=00001131"}},{"type":"Feature","geometry":{"type":"Point","coordinates":[-76.18950947999997,-10.442198449999978]},"properties":{"objectid":16070,"nombre":"HUARIACA","departamento":"PASCO","provincia":"PASCO","distrito":"HUARIACA","institucion":"GOBIERNO REGIONAL","codigoMinsa":1026,"direccion":"PLAZA PLAZA DE ARMAS HUARIACA PLAZA DE ARMAS HUARIACA HUARIACA PASCO PASCO","disa":"PASCO","red":"PASCO","microrred":"HUARIACA","categoria":"ESTABLECIMIENTO DE SALUD CON INTERNAMIENTO","condicion":"ACTIVO","actualizado":"2023/08/01 19:00:00.000","fuente":"MINSA","urlRenipr":"http://app20.susalud.gob.pe:8080/registro-renipress-webapp/ipress.htm?action=mostrarVer&idipress=00001026"}},{"type":"Feature","geometry":{"type":"Point","coordinates":[-75.36163109999995,-10.753683459999934]},"properties":{"objectid":16071,"nombre":"MEZAPATA","departamento":"PASCO","provincia":"OXAPAMPA","distrito":"OXAPAMPA","institucion":"GOBIERNO REGIONAL","codigoMinsa":1090,"direccion":"OTROS MEZAPATA S/N S/N MEZAPATA S/N OXAPAMPA OXAPAMPA PASCO","disa":"PASCO","red":"OXAPAMPA","microrred":"OXAPAMPA","categoria":"ESTABLECIMIENTO DE SALUD SIN INTERNAMIENTO","condicion":"ACTIVO","actualizado":"2023/08/01 19:00:00.000","fuente":"MINSA","urlRenipr":"http://app20.susalud.gob.pe:8080/registro-renipress-webapp/ipress.htm?action=mostrarVer&idipress=00001090"}},{"type":"Feature","geometry":{"type":"Point","coordinates":[-75.45200813999998,-10.513679569999965]},"properties":{"objectid":16072,"nombre":"GRAMAZU","departamento":"PASCO","provincia":"OXAPAMPA","distrito":"CHONTABAMBA","institucion":"GOBIERNO REGIONAL","codigoMinsa":1086,"direccion":"OTROS GRAMAZU S/N S/N GRAMAZU S/N CHONTABAMBA OXAPAMPA PASCO","disa":"PASCO","red":"OXAPAMPA","microrred":"CHONTABAMBA","categoria":"ESTABLECIMIENTO DE SALUD SIN INTERNAMIENTO","condicion":"ACTIVO","actualizado":"2023/08/01 19:00:00.000","fuente":"MINSA","urlRenipr":"http://app20.susalud.gob.pe:8080/registro-renipress-webapp/ipress.htm?action=mostrarVer&idipress=00001086"}},{"type":"Feature","geometry":{"type":"Point","coordinates":[-75.67266390999998,-10.01632565999995]},"properties":{"objectid":16073,"nombre":"SAN SALVADOR","departamento":"PASCO","provincia":"OXAPAMPA","distrito":"POZUZO","institucion":"GOBIERNO REGIONAL","codigoMinsa":1102,"direccion":"OTROS CENTRO POBLADO SAN SALVADOR S/N NÚMERO S/N DISTRITO POZUZO PROVINCIA OXAPAMPA DEPARTAMENTO PASCO","disa":"PASCO","red":"OXAPAMPA","microrred":"POZUZO","categoria":"ESTABLECIMIENTO DE SALUD SIN INTERNAMIENTO","condicion":"ACTIVO","actualizado":"2023/08/01 19:00:00.000","fuente":"MINSA","urlRenipr":"http://app20.susalud.gob.pe:8080/registro-renipress-webapp/ipress.htm?action=mostrarVer&idipress=00001102"}},{"type":"Feature","geometry":{"type":"Point","coordinates":[-75.50635166999996,-9.992636669999968]},"properties":{"objectid":16074,"nombre":"SANTA ROSA","departamento":"PASCO","provincia":"OXAPAMPA","distrito":"POZUZO","institucion":"GOBIERNO REGIONAL","codigoMinsa":1100,"direccion":"OTROS SANTA ROSA SANTA ROSA POZUZO OXAPAMPA PASCO","disa":"PASCO","red":"OXAPAMPA","microrred":"POZUZO","categoria":"ESTABLECIMIENTO DE SALUD SIN INTERNAMIENTO","condicion":"ACTIVO","actualizado":"2023/08/01 19:00:00.000","fuente":"MINSA","urlRenipr":"http://app20.susalud.gob.pe:8080/registro-renipress-webapp/ipress.htm?action=mostrarVer&idipress=00001100"}},{"type":"Feature","geometry":{"type":"Point","coordinates":[-76.41137294999999,-10.415836909999939]},"properties":{"objectid":16075,"nombre":"CHANGO","departamento":"PASCO","provincia":"DANIEL ALCIDES CARRION","distrito":"CHACAYAN","institucion":"GOBIERNO REGIONAL","codigoMinsa":992,"direccion":"PLAZA PLAZA PRINCIPAL CHANGO DISTRITO CHACAYAN PROVINCIA DANIEL ALCIDES CARRION DEPARTAMENTO PASCO","disa":"PASCO","red":"DANIEL CARRION","microrred":"CHAUPIHUARANGA","categoria":"ESTABLECIMIENTO DE SALUD SIN INTERNAMIENTO","condicion":"ACTIVO","actualizado":"2023/08/01 19:00:00.000","fuente":"MINSA","urlRenipr":"http://app20.susalud.gob.pe:8080/registro-renipress-webapp/ipress.htm?action=mostrarVer&idipress=00000992"}},{"type":"Feature","geometry":{"type":"Point","coordinates":[-76.25547182999998,-10.665066559999957]},"properties":{"objectid":16746,"nombre":"CENTRO MÉDICO ESPECIALIZADO BRISOF C&A EIRL","departamento":"PASCO","provincia":"PASCO","distrito":"YANACANCHA","institucion":"PRIVADO","codigoMinsa":26099,"direccion":"JIRÓN CRESPO Y CASTILLLO NÚMERO 308 DISTRITO YANACANCHA PROVINCIA PASCO DEPARTAMENTO PASCO","disa":"PASCO","red":"NO PERTENECE A NINGUNA RED","microrred":"NO PERTENECE A NINGUNA MICRORED","categoria":"ESTABLECIMIENTO DE SALUD SIN INTERNAMIENTO","condicion":"ACTIVO","actualizado":"2023/08/01 19:00:00.000","fuente":"MINSA","urlRenipr":"http://app20.susalud.gob.pe:8080/registro-renipress-webapp/ipress.htm?action=mostrarVer&idipress=00026099"}},{"type":"Feature","geometry":{"type":"Point","coordinates":[-76.38975666999994,-10.579023329999927]},"properties":{"objectid":18104,"nombre":"GORGORIN","departamento":"PASCO","provincia":"DANIEL ALCIDES CARRION","distrito":"CHACAYAN","institucion":"GOBIERNO REGIONAL","codigoMinsa":1215,"direccion":"OTROS GORGORIN S/N NÚMERO S/N DISTRITO CHACAYAN PROVINCIA DANIEL ALCIDES CARRION DEPARTAMENTO PASCO","disa":"PASCO","red":"DANIEL CARRION","microrred":"CHAUPIHUARANGA","categoria":"ESTABLECIMIENTO DE SALUD SIN INTERNAMIENTO","condicion":"ACTIVO","actualizado":"2023/08/01 19:00:00.000","fuente":"MINSA","urlRenipr":"http://app20.susalud.gob.pe:8080/registro-renipress-webapp/ipress.htm?action=mostrarVer&idipress=00001215"}},{"type":"Feature","geometry":{"type":"Point","coordinates":[-76.36534783999997,-10.337407979999966]},"properties":{"objectid":18105,"nombre":"MISCA","departamento":"PASCO","provincia":"DANIEL ALCIDES CARRION","distrito":"CHACAYAN","institucion":"GOBIERNO REGIONAL","codigoMinsa":1203,"direccion":"CARRETERA CARRETERA PRINCIPAL HUANUCO DISTRITO CHACAYAN PROVINCIA DANIEL ALCIDES CARRION DEPARTAMENTO PASCO","disa":"PASCO","red":"DANIEL CARRION","microrred":"CHAUPIHUARANGA","categoria":"ESTABLECIMIENTO DE SALUD SIN INTERNAMIENTO","condicion":"ACTIVO","actualizado":"2023/08/01 19:00:00.000","fuente":"MINSA","urlRenipr":"http://app20.susalud.gob.pe:8080/registro-renipress-webapp/ipress.htm?action=mostrarVer&idipress=00001203"}},{"type":"Feature","geometry":{"type":"Point","coordinates":[-76.53797894999997,-10.465727559999948]},"properties":{"objectid":18106,"nombre":"ASTOBAMBA HUARAUTAMBO","departamento":"PASCO","provincia":"DANIEL ALCIDES CARRION","distrito":"YANAHUANCA","institucion":"GOBIERNO REGIONAL","codigoMinsa":1226,"direccion":"OTROS ASTOBAMBA DISTRITO YANAHUANCA PROVINCIA DANIEL ALCIDES CARRION DEPARTAMENTO PASCO","disa":"PASCO","red":"DANIEL CARRION","microrred":"YANAHUANCA","categoria":"ESTABLECIMIENTO DE SALUD SIN INTERNAMIENTO","condicion":"ACTIVO","actualizado":"2023/08/01 19:00:00.000","fuente":"MINSA","urlRenipr":"http://app20.susalud.gob.pe:8080/registro-renipress-webapp/ipress.htm?action=mostrarVer&idipress=00001226"}},{"type":"Feature","geometry":{"type":"Point","coordinates":[-76.54264794999995,-10.486359619999973]},"properties":{"objectid":18107,"nombre":"TAMBOCHACA","departamento":"PASCO","provincia":"DANIEL ALCIDES CARRION","distrito":"YANAHUANCA","institucion":"GOBIERNO REGIONAL","codigoMinsa":1222,"direccion":"OTROS TAMBOCHACA DISTRITO YANAHUANCA PROVINCIA DANIEL ALCIDES CARRION DEPARTAMENTO PASCO","disa":"PASCO","red":"DANIEL CARRION","microrred":"YANAHUANCA","categoria":"ESTABLECIMIENTO DE SALUD SIN INTERNAMIENTO","condicion":"ACTIVO","actualizado":"2023/08/01 19:00:00.000","fuente":"MINSA","urlRenipr":"http://app20.susalud.gob.pe:8080/registro-renipress-webapp/ipress.htm?action=mostrarVer&idipress=00001222"}},{"type":"Feature","geometry":{"type":"Point","coordinates":[-76.26218155999999,-10.751679209999963]},"properties":{"objectid":18110,"nombre":"COLQUIJIRCA","departamento":"PASCO","provincia":"PASCO","distrito":"TINYAHUARCO","institucion":"GOBIERNO REGIONAL","codigoMinsa":1064,"direccion":"AVENIDA AV ALFONSO UGARTE S/N S/N AV ALFONSO UGARTE S/N TINYAHUARCO PASCO PASCO","disa":"PASCO","red":"PASCO","microrred":"MESETA","categoria":"ESTABLECIMIENTO DE SALUD CON INTERNAMIENTO","condicion":"ACTIVO","actualizado":"2023/08/01 19:00:00.000","fuente":"MINSA","urlRenipr":"http://app20.susalud.gob.pe:8080/registro-renipress-webapp/ipress.htm?action=mostrarVer&idipress=00001064"}},{"type":"Feature","geometry":{"type":"Point","coordinates":[-75.87037649999996,-10.808996329999957]},"properties":{"objectid":18111,"nombre":"BELLAVISTA","departamento":"PASCO","provincia":"PASCO","distrito":"PAUCARTAMBO","institucion":"GOBIERNO REGIONAL","codigoMinsa":1111,"direccion":"CALLE CALLE BELLAVISTA S/N NÚMERO S/N DISTRITO PAUCARTAMBO PROVINCIA PASCO DEPARTAMENTO PASCO","disa":"PASCO","red":"PASCO","microrred":"PAUCARTAMBO","categoria":"ESTABLECIMIENTO DE SALUD SIN INTERNAMIENTO","condicion":"ACTIVO","actualizado":"2023/08/01 19:00:00.000","fuente":"MINSA","urlRenipr":"http://app20.susalud.gob.pe:8080/registro-renipress-webapp/ipress.htm?action=mostrarVer&idipress=00001111"}},{"type":"Feature","geometry":{"type":"Point","coordinates":[-75.91787696999995,-10.685290119999934]},"properties":{"objectid":18112,"nombre":"SOCORRO","departamento":"PASCO","provincia":"PASCO","distrito":"NINACACA","institucion":"GOBIERNO REGIONAL","codigoMinsa":1063,"direccion":"OTROS SOCORRO S/N NÚMERO S/N DISTRITO NINACACA PROVINCIA PASCO DEPARTAMENTO PASCO","disa":"PASCO","red":"PASCO","microrred":"MESETA","categoria":"ESTABLECIMIENTO DE SALUD SIN INTERNAMIENTO","condicion":"ACTIVO","actualizado":"2023/08/01 19:00:00.000","fuente":"MINSA","urlRenipr":"http://app20.susalud.gob.pe:8080/registro-renipress-webapp/ipress.htm?action=mostrarVer&idipress=00001063"}},{"type":"Feature","geometry":{"type":"Point","coordinates":[-76.49415832999995,-10.441693329999964]},"properties":{"objectid":18113,"nombre":"PILLAO","departamento":"PASCO","provincia":"DANIEL ALCIDES CARRION","distrito":"SAN PEDRO DE PILLAO","institucion":"GOBIERNO REGIONAL","codigoMinsa":1216,"direccion":"OTROS PILLAO PILLAO SAN PEDRO DE PILLAO DANIEL ALCIDES CARRION PASCO","disa":"PASCO","red":"DANIEL CARRION","microrred":"YANAHUANCA","categoria":"ESTABLECIMIENTO DE SALUD SIN INTERNAMIENTO","condicion":"ACTIVO","actualizado":"2023/08/01 19:00:00.000","fuente":"MINSA","urlRenipr":"http://app20.susalud.gob.pe:8080/registro-renipress-webapp/ipress.htm?action=mostrarVer&idipress=00001216"}},{"type":"Feature","geometry":{"type":"Point","coordinates":[-74.96289999999993,-10.104569999999967]},"properties":{"objectid":18114,"nombre":"EL MILAGRO","departamento":"PASCO","provincia":"OXAPAMPA","distrito":"PUERTO BERMUDEZ","institucion":"GOBIERNO REGIONAL","codigoMinsa":1168,"direccion":"OTROS COMUNIDAD NATIVA EL MILAGRO COMUNIDAD NATIVA EL MILAGRO PUERTO BERMUDEZ OXAPAMPA PASCO","disa":"PASCO","red":"OXAPAMPA","microrred":"PUERTO BERMUDEZ","categoria":"ESTABLECIMIENTO DE SALUD SIN INTERNAMIENTO","condicion":"ACTIVO","actualizado":"2023/08/01 19:00:00.000","fuente":"MINSA","urlRenipr":"http://app20.susalud.gob.pe:8080/registro-renipress-webapp/ipress.htm?action=mostrarVer&idipress=00001168"}},{"type":"Feature","geometry":{"type":"Point","coordinates":[-76.49127666999993,-10.541315689999976]},"properties":{"objectid":18115,"nombre":"POMAPACHUPAN","departamento":"PASCO","provincia":"DANIEL ALCIDES CARRION","distrito":"YANAHUANCA","institucion":"GOBIERNO REGIONAL","codigoMinsa":1214,"direccion":"OTROS PUMAPACHUPAN DISTRITO YANAHUANCA PROVINCIA DANIEL ALCIDES CARRION DEPARTAMENTO PASCO","disa":"PASCO","red":"DANIEL CARRION","microrred":"YANAHUANCA","categoria":"ESTABLECIMIENTO DE SALUD SIN INTERNAMIENTO","condicion":"ACTIVO","actualizado":"2023/08/01 19:00:00.000","fuente":"MINSA","urlRenipr":"http://app20.susalud.gob.pe:8080/registro-renipress-webapp/ipress.htm?action=mostrarVer&idipress=00001214"}},{"type":"Feature","geometry":{"type":"Point","coordinates":[-74.90009924999998,-10.137444369999969]},"properties":{"objectid":18116,"nombre":"AMAMBAY","departamento":"PASCO","provincia":"OXAPAMPA","distrito":"PUERTO BERMUDEZ","institucion":"GOBIERNO REGIONAL","codigoMinsa":1166,"direccion":"OTROS COMUNIDAD NATIVA DE AMANBAY COMUNIDAD NATIVA DE AMANBAY PUERTO BERMUDEZ OXAPAMPA PASCO","disa":"PASCO","red":"OXAPAMPA","microrred":"PUERTO BERMUDEZ","categoria":"ESTABLECIMIENTO DE SALUD SIN INTERNAMIENTO","condicion":"ACTIVO","actualizado":"2023/08/01 19:00:00.000","fuente":"MINSA","urlRenipr":"http://app20.susalud.gob.pe:8080/registro-renipress-webapp/ipress.htm?action=mostrarVer&idipress=00001166"}},{"type":"Feature","geometry":{"type":"Point","coordinates":[-75.09804642999995,-10.344505959999935]},"properties":{"objectid":18117,"nombre":"PUERTO LAGUNA RAYA","departamento":"PASCO","provincia":"OXAPAMPA","distrito":"PALCAZU","institucion":"GOBIERNO REGIONAL","codigoMinsa":1142,"direccion":"OTROS PUERTO LAGUNA RAYA S/N NÚMERO S/N DISTRITO PALCAZU PROVINCIA OXAPAMPA DEPARTAMENTO PASCO","disa":"PASCO","red":"OXAPAMPA","microrred":"PALCAZU","categoria":"ESTABLECIMIENTO DE SALUD SIN INTERNAMIENTO","condicion":"ACTIVO","actualizado":"2023/08/01 19:00:00.000","fuente":"MINSA","urlRenipr":"http://app20.susalud.gob.pe:8080/registro-renipress-webapp/ipress.htm?action=mostrarVer&idipress=00001142"}},{"type":"Feature","geometry":{"type":"Point","coordinates":[-74.87908426999996,-9.839468029999978]},"properties":{"objectid":18118,"nombre":"ORELLANA","departamento":"PASCO","provincia":"OXAPAMPA","distrito":"CONSTITUCION","institucion":"GOBIERNO REGIONAL","codigoMinsa":1123,"direccion":"OTROS CENTRO POBLADO ORELLANA CENTRO POBLADO ORELLANA CONSTITUCION OXAPAMPA PASCO","disa":"PASCO","red":"OXAPAMPA","microrred":"CIUDAD CONSTITUCION","categoria":"ESTABLECIMIENTO DE SALUD SIN INTERNAMIENTO","condicion":"ACTIVO","actualizado":"2023/08/01 19:00:00.000","fuente":"MINSA","urlRenipr":"http://app20.susalud.gob.pe:8080/registro-renipress-webapp/ipress.htm?action=mostrarVer&idipress=00001123"}},{"type":"Feature","geometry":{"type":"Point","coordinates":[-75.94600666999997,-10.633734999999945]},"properties":{"objectid":18119,"nombre":"HUACHON","departamento":"PASCO","provincia":"PASCO","distrito":"HUACHON","institucion":"GOBIERNO REGIONAL","codigoMinsa":1047,"direccion":"OTROS HUACHON S/N S/N HUACHON S/N HUACHON PASCO PASCO","disa":"PASCO","red":"PASCO","microrred":"MESETA","categoria":"ESTABLECIMIENTO DE SALUD SIN INTERNAMIENTO","condicion":"ACTIVO","actualizado":"2023/08/01 19:00:00.000","fuente":"MINSA","urlRenipr":"http://app20.susalud.gob.pe:8080/registro-renipress-webapp/ipress.htm?action=mostrarVer&idipress=00001047"}},{"type":"Feature","geometry":{"type":"Point","coordinates":[-76.51552891999995,-10.804360009999925]},"properties":{"objectid":18120,"nombre":"RACRACANCHA","departamento":"PASCO","provincia":"PASCO","distrito":"TINYAHUARCO","institucion":"GOBIERNO REGIONAL","codigoMinsa":1069,"direccion":"OTROS RACRACANCHA DISTRITO TINYAHUARCO PROVINCIA PASCO DEPARTAMENTO PASCO","disa":"PASCO","red":"PASCO","microrred":"MESETA","categoria":"ESTABLECIMIENTO DE SALUD SIN INTERNAMIENTO","condicion":"ACTIVO","actualizado":"2023/08/01 19:00:00.000","fuente":"MINSA","urlRenipr":"http://app20.susalud.gob.pe:8080/registro-renipress-webapp/ipress.htm?action=mostrarVer&idipress=00001069"}},{"type":"Feature","geometry":{"type":"Point","coordinates":[-76.26481144999997,-10.674770139999964]},"properties":{"objectid":18249,"nombre":"POSTA MEDICA DE PARAGSHA - EFECTIVA SALUD SAC","departamento":"PASCO","provincia":"PASCO","distrito":"SIMON BOLIVAR","institucion":"PRIVADO","codigoMinsa":29256,"direccion":"CARRETERA CENTRAL KILOMETRO 315 DISTRITO SIMON BOLIVAR PROVINCIA PASCO DEPARTAMENTO PASCO","disa":"PASCO","red":"","microrred":"","categoria":"ESTABLECIMIENTO DE SALUD SIN INTERNAMIENTO","condicion":"ACTIVO","actualizado":"2023/08/01 19:00:00.000","fuente":"MINSA","urlRenipr":"http://app20.susalud.gob.pe:8080/registro-renipress-webapp/ipress.htm?action=mostrarVer&idipress=00029256"}},{"type":"Feature","geometry":{"type":"Point","coordinates":[-75.40326529999999,-10.578724299999976]},"properties":{"objectid":18585,"nombre":"CENTRO MEDICO FASSA","departamento":"PASCO","provincia":"OXAPAMPA","distrito":"OXAPAMPA","institucion":"PRIVADO","codigoMinsa":28837,"direccion":"JIRÓN BOLIVAR CUADRA 5 NÚMERO S/N DISTRITO OXAPAMPA PROVINCIA OXAPAMPA DEPARTAMENTO PASCO","disa":"PASCO","red":"NO PERTENECE A NINGUNA RED","microrred":"NO PERTENECE A NINGUNA MICRORED","categoria":"ESTABLECIMIENTO DE SALUD SIN INTERNAMIENTO","condicion":"ACTIVO","actualizado":"2023/08/01 19:00:00.000","fuente":"MINSA","urlRenipr":"http://app20.susalud.gob.pe:8080/registro-renipress-webapp/ipress.htm?action=mostrarVer&idipress=00028837"}},{"type":"Feature","geometry":{"type":"Point","coordinates":[-76.51366426999994,-10.491028799999981]},"properties":{"objectid":20230,"nombre":"CENTRO DE SALUD MENTAL COMUNITARIO DANIEL A. CARRION","departamento":"PASCO","provincia":"DANIEL ALCIDES CARRION","distrito":"YANAHUANCA","institucion":"GOBIERNO REGIONAL","codigoMinsa":31428,"direccion":"JIRÓN ALFONSO UGARTE NÚMERO S/N DISTRITO YANAHUANCA PROVINCIA DANIEL ALCIDES CARRION DEPARTAMENTO PASCO","disa":"PASCO","red":"DANIEL CARRION","microrred":"YANAHUANCA","categoria":"ESTABLECIMIENTO DE SALUD SIN INTERNAMIENTO","condicion":"ACTIVO","actualizado":"2023/08/01 19:00:00.000","fuente":"MINSA","urlRenipr":"http://app20.susalud.gob.pe:8080/registro-renipress-webapp/ipress.htm?action=mostrarVer&idipress=00031428"}},{"type":"Feature","geometry":{"type":"Point","coordinates":[-76.24440607999998,-10.691496309999934]},"properties":{"objectid":20231,"nombre":"P.S. DANIEL ALCIDES CARRION","departamento":"PASCO","provincia":"PASCO","distrito":"CHAUPIMARCA","institucion":"GOBIERNO REGIONAL","codigoMinsa":17799,"direccion":"OTROS AA.HH. TUPAC AMARU SECTOR 01 S/N N?ERO S/N DISTRITO CHAUPIMARCA PROVINCIA PASCO DEPARTAMENTO PASCO","disa":"PASCO","red":"PASCO","microrred":"CENTRO","categoria":"ESTABLECIMIENTO DE SALUD SIN INTERNAMIENTO","condicion":"ACTIVO","actualizado":"2023/08/01 19:00:00.000","fuente":"MINSA","urlRenipr":"http://app20.susalud.gob.pe:8080/registro-renipress-webapp/ipress.htm?action=mostrarVer&idipress=00017799"}},{"type":"Feature","geometry":{"type":"Point","coordinates":[-76.53516611999999,-10.969247519999954]},"properties":{"objectid":20232,"nombre":"LOS ANDES DE PUCARA","departamento":"PASCO","provincia":"PASCO","distrito":"HUAYLLAY","institucion":"GOBIERNO REGIONAL","codigoMinsa":1055,"direccion":"OTROS LOS ANDES DE PUCARA DISTRITO HUAYLLAY PROVINCIA PASCO DEPARTAMENTO PASCO","disa":"PASCO","red":"PASCO","microrred":"MESETA","categoria":"ESTABLECIMIENTO DE SALUD SIN INTERNAMIENTO","condicion":"ACTIVO","actualizado":"2023/08/01 19:00:00.000","fuente":"MINSA","urlRenipr":"http://app20.susalud.gob.pe:8080/registro-renipress-webapp/ipress.htm?action=mostrarVer&idipress=00001055"}},{"type":"Feature","geometry":{"type":"Point","coordinates":[-75.47497618999995,-10.476435109999954]},"properties":{"objectid":20235,"nombre":"GRAPANAZU","departamento":"PASCO","provincia":"OXAPAMPA","distrito":"HUANCABAMBA","institucion":"GOBIERNO REGIONAL","codigoMinsa":1075,"direccion":"OTROS GRAPANAZU S/N S/N GRAPANAZU S/N HUANCABAMBA OXAPAMPA PASCO","disa":"PASCO","red":"OXAPAMPA","microrred":"HUANCABAMBA","categoria":"ESTABLECIMIENTO DE SALUD SIN INTERNAMIENTO","condicion":"ACTIVO","actualizado":"2023/08/01 19:00:00.000","fuente":"MINSA","urlRenipr":"http://app20.susalud.gob.pe:8080/registro-renipress-webapp/ipress.htm?action=mostrarVer&idipress=00001075"}},{"type":"Feature","geometry":{"type":"Point","coordinates":[-75.23079247999993,-10.168878579999955]},"properties":{"objectid":20236,"nombre":"VILLA AMERICA","departamento":"PASCO","provincia":"OXAPAMPA","distrito":"PALCAZU","institucion":"GOBIERNO REGIONAL","codigoMinsa":1139,"direccion":"OTROS VILLA AMERICA S/N NÚMERO S/N DISTRITO PALCAZU PROVINCIA OXAPAMPA DEPARTAMENTO PASCO","disa":"PASCO","red":"OXAPAMPA","microrred":"PALCAZU","categoria":"ESTABLECIMIENTO DE SALUD SIN INTERNAMIENTO","condicion":"ACTIVO","actualizado":"2023/08/01 19:00:00.000","fuente":"MINSA","urlRenipr":"http://app20.susalud.gob.pe:8080/registro-renipress-webapp/ipress.htm?action=mostrarVer&idipress=00001139"}},{"type":"Feature","geometry":{"type":"Point","coordinates":[-75.06350937999997,-10.387669569999957]},"properties":{"objectid":20237,"nombre":"SANTA MARIA","departamento":"PASCO","provincia":"OXAPAMPA","distrito":"PALCAZU","institucion":"GOBIERNO REGIONAL","codigoMinsa":1149,"direccion":"OTROS SANTA MARIA S/N NÚMERO S/N DISTRITO PALCAZU PROVINCIA OXAPAMPA DEPARTAMENTO PASCO","disa":"PASCO","red":"OXAPAMPA","microrred":"PALCAZU","categoria":"ESTABLECIMIENTO DE SALUD SIN INTERNAMIENTO","condicion":"ACTIVO","actualizado":"2023/08/01 19:00:00.000","fuente":"MINSA","urlRenipr":"http://app20.susalud.gob.pe:8080/registro-renipress-webapp/ipress.htm?action=mostrarVer&idipress=00001149"}},{"type":"Feature","geometry":{"type":"Point","coordinates":[-75.69633501999994,-10.085218149999946]},"properties":{"objectid":20238,"nombre":"SANTA VIRGINIA","departamento":"PASCO","provincia":"OXAPAMPA","distrito":"POZUZO","institucion":"GOBIERNO REGIONAL","codigoMinsa":1103,"direccion":"OTROS CENTRO POBLADO SANTA VIRGINIA CENTRO POBLADO SANTA VIRGINIA POZUZO OXAPAMPA PASCO","disa":"PASCO","red":"OXAPAMPA","microrred":"POZUZO","categoria":"ESTABLECIMIENTO DE SALUD SIN INTERNAMIENTO","condicion":"ACTIVO","actualizado":"2023/08/01 19:00:00.000","fuente":"MINSA","urlRenipr":"http://app20.susalud.gob.pe:8080/registro-renipress-webapp/ipress.htm?action=mostrarVer&idipress=00001103"}},{"type":"Feature","geometry":{"type":"Point","coordinates":[-76.21621314999999,-10.474564829999963]},"properties":{"objectid":20239,"nombre":"JUNIPALCA","departamento":"PASCO","provincia":"PASCO","distrito":"SAN FRANCISCO DE ASIS DE YARUSYACAN","institucion":"GOBIERNO REGIONAL","codigoMinsa":1019,"direccion":"JIRÓN JR LOS PROCERESS/N JUNIPALCA S/N JR LOS PROCERESS/N JUNIPALCA SAN FCO DE ASIS DE YARUSYACAN PASCO PASCO","disa":"PASCO","red":"PASCO","microrred":"CENTRO","categoria":"ESTABLECIMIENTO DE SALUD SIN INTERNAMIENTO","condicion":"ACTIVO","actualizado":"2023/08/01 19:00:00.000","fuente":"MINSA","urlRenipr":"http://app20.susalud.gob.pe:8080/registro-renipress-webapp/ipress.htm?action=mostrarVer&idipress=00001019"}},{"type":"Feature","geometry":{"type":"Point","coordinates":[-76.47857772999998,-10.435302039999954]},"properties":{"objectid":20242,"nombre":"MICHIVILCA","departamento":"PASCO","provincia":"DANIEL ALCIDES CARRION","distrito":"TAPUC","institucion":"GOBIERNO REGIONAL","codigoMinsa":1217,"direccion":"CARRETERA CARRETERA PRINCIPAL HUANUCO S/N NÚMERO S/N DISTRITO TAPUC PROVINCIA DANIEL ALCIDES CARRION DEPARTAMENTO PASCO","disa":"PASCO","red":"DANIEL CARRION","microrred":"CHAUPIHUARANGA","categoria":"ESTABLECIMIENTO DE SALUD SIN INTERNAMIENTO","condicion":"ACTIVO","actualizado":"2023/08/01 19:00:00.000","fuente":"MINSA","urlRenipr":"http://app20.susalud.gob.pe:8080/registro-renipress-webapp/ipress.htm?action=mostrarVer&idipress=00001217"}},{"type":"Feature","geometry":{"type":"Point","coordinates":[-76.67330332999995,-10.358333329999937]},"properties":{"objectid":20243,"nombre":"INDEPENDENCIA","departamento":"PASCO","provincia":"DANIEL ALCIDES CARRION","distrito":"PAUCAR","institucion":"GOBIERNO REGIONAL","codigoMinsa":1192,"direccion":"OTROS INDEPENDENCIA INDEPENDENCIA PAUCAR DANIEL ALCIDES CARRION PASCO","disa":"PASCO","red":"DANIEL CARRION","microrred":"YANAHUANCA","categoria":"ESTABLECIMIENTO DE SALUD SIN INTERNAMIENTO","condicion":"ACTIVO","actualizado":"2023/08/01 19:00:00.000","fuente":"MINSA","urlRenipr":"http://app20.susalud.gob.pe:8080/registro-renipress-webapp/ipress.htm?action=mostrarVer&idipress=00001192"}},{"type":"Feature","geometry":{"type":"Point","coordinates":[-75.27087999999998,-10.68705332999997]},"properties":{"objectid":20244,"nombre":"VILLA OYON","departamento":"PASCO","provincia":"OXAPAMPA","distrito":"VILLA RICA","institucion":"GOBIERNO REGIONAL","codigoMinsa":1184,"direccion":"OTROS CENTRO POBLADO VILLA OYON DISTRITO VILLA RICA PROVINCIA OXAPAMPA DEPARTAMENTO PASCO","disa":"PASCO","red":"OXAPAMPA","microrred":"VILLA RICA","categoria":"ESTABLECIMIENTO DE SALUD SIN INTERNAMIENTO","condicion":"ACTIVO","actualizado":"2023/08/01 19:00:00.000","fuente":"MINSA","urlRenipr":"http://app20.susalud.gob.pe:8080/registro-renipress-webapp/ipress.htm?action=mostrarVer&idipress=00001184"}},{"type":"Feature","geometry":{"type":"Point","coordinates":[-75.17030431999996,-10.155810329999952]},"properties":{"objectid":20245,"nombre":"BUENOS AIRES","departamento":"PASCO","provincia":"OXAPAMPA","distrito":"PALCAZU","institucion":"GOBIERNO REGIONAL","codigoMinsa":1136,"direccion":"OTROS BUENOS AIRES S/N NÚMERO S/N DISTRITO PALCAZU PROVINCIA OXAPAMPA DEPARTAMENTO PASCO","disa":"PASCO","red":"OXAPAMPA","microrred":"PALCAZU","categoria":"ESTABLECIMIENTO DE SALUD SIN INTERNAMIENTO","condicion":"ACTIVO","actualizado":"2023/08/01 19:00:00.000","fuente":"MINSA","urlRenipr":"http://app20.susalud.gob.pe:8080/registro-renipress-webapp/ipress.htm?action=mostrarVer&idipress=00001136"}},{"type":"Feature","geometry":{"type":"Point","coordinates":[-74.93853499999994,-10.300059999999974]},"properties":{"objectid":20246,"nombre":"PUERTO BERMUDEZ","departamento":"PASCO","provincia":"OXAPAMPA","distrito":"PUERTO BERMUDEZ","institucion":"GOBIERNO REGIONAL","codigoMinsa":1156,"direccion":"OTROS PUERTO BERMUDEZ S/N S/N PUERTO BERMUDEZ S/N PUERTO BERMUDEZ OXAPAMPA PASCO","disa":"PASCO","red":"OXAPAMPA","microrred":"PUERTO BERMUDEZ","categoria":"ESTABLECIMIENTO DE SALUD CON INTERNAMIENTO","condicion":"ACTIVO","actualizado":"2023/08/01 19:00:00.000","fuente":"MINSA","urlRenipr":"http://app20.susalud.gob.pe:8080/registro-renipress-webapp/ipress.htm?action=mostrarVer&idipress=00001156"}},{"type":"Feature","geometry":{"type":"Point","coordinates":[-75.21882841999997,-10.12906025999996]},"properties":{"objectid":20247,"nombre":"SANTA ROSA DE CHUCHURRAS","departamento":"PASCO","provincia":"OXAPAMPA","distrito":"PALCAZU","institucion":"GOBIERNO REGIONAL","codigoMinsa":1146,"direccion":"OTROS SANTA ROSA DE CHUCHURRAS S/N NÚMERO S/N DISTRITO PALCAZU PROVINCIA OXAPAMPA DEPARTAMENTO PASCO","disa":"PASCO","red":"OXAPAMPA","microrred":"PALCAZU","categoria":"ESTABLECIMIENTO DE SALUD SIN INTERNAMIENTO","condicion":"ACTIVO","actualizado":"2023/08/01 19:00:00.000","fuente":"MINSA","urlRenipr":"http://app20.susalud.gob.pe:8080/registro-renipress-webapp/ipress.htm?action=mostrarVer&idipress=00001146"}},{"type":"Feature","geometry":{"type":"Point","coordinates":[-76.52894309999994,-10.500691149999966]},"properties":{"objectid":20248,"nombre":"CHIPIPATA","departamento":"PASCO","provincia":"DANIEL ALCIDES CARRION","distrito":"YANAHUANCA","institucion":"GOBIERNO REGIONAL","codigoMinsa":1224,"direccion":"OTROS CHIPIPATA DISTRITO YANAHUANCA PROVINCIA DANIEL ALCIDES CARRION DEPARTAMENTO PASCO","disa":"PASCO","red":"DANIEL CARRION","microrred":"YANAHUANCA","categoria":"ESTABLECIMIENTO DE SALUD SIN INTERNAMIENTO","condicion":"ACTIVO","actualizado":"2023/08/01 19:00:00.000","fuente":"MINSA","urlRenipr":"http://app20.susalud.gob.pe:8080/registro-renipress-webapp/ipress.htm?action=mostrarVer&idipress=00001224"}},{"type":"Feature","geometry":{"type":"Point","coordinates":[-76.28460756999993,-10.441212379999968]},"properties":{"objectid":20249,"nombre":"VINCHOS","departamento":"PASCO","provincia":"PASCO","distrito":"PALLANCHACRA","institucion":"GOBIERNO REGIONAL","codigoMinsa":1031,"direccion":"OTROS ACTUALIZAR DISTRITO PALLANCHACRA PROVINCIA PASCO DEPARTAMENTO PASCO","disa":"PASCO","red":"PASCO","microrred":"HUARIACA","categoria":"ESTABLECIMIENTO DE SALUD SIN INTERNAMIENTO","condicion":"ACTIVO","actualizado":"2023/08/01 19:00:00.000","fuente":"MINSA","urlRenipr":"http://app20.susalud.gob.pe:8080/registro-renipress-webapp/ipress.htm?action=mostrarVer&idipress=00001031"}},{"type":"Feature","geometry":{"type":"Point","coordinates":[-76.38036977999997,-10.780739609999955]},"properties":{"objectid":20250,"nombre":"SAN PEDRO DE RACCO","departamento":"PASCO","provincia":"PASCO","distrito":"SIMON BOLIVAR","institucion":"GOBIERNO REGIONAL","codigoMinsa":984,"direccion":"PLAZA PLAZA PRINCIPAL S/N NÚMERO S/N DISTRITO SIMON BOLIVAR PROVINCIA PASCO DEPARTAMENTO PASCO","disa":"PASCO","red":"PASCO","microrred":"SIMON BOLIVAR","categoria":"ESTABLECIMIENTO DE SALUD SIN INTERNAMIENTO","condicion":"ACTIVO","actualizado":"2023/08/01 19:00:00.000","fuente":"MINSA","urlRenipr":"http://app20.susalud.gob.pe:8080/registro-renipress-webapp/ipress.htm?action=mostrarVer&idipress=00000984"}},{"type":"Feature","geometry":{"type":"Point","coordinates":[-76.19169628999998,-10.562749469999972]},"properties":{"objectid":20468,"nombre":"POSTA MEDICO DE MILPO","departamento":"PASCO","provincia":"PASCO","distrito":"SAN FRANCISCO DE ASIS DE YARUSYACAN","institucion":"ESSALUD","codigoMinsa":9753,"direccion":"OTROS CAMPAMENTO MINERO DE MILPO S/N. DISTRITO DE SAN FRANCISCO DE YARUSYACAN, PROVINCIA Y REGIÓN DE PASCO NÚMERO S/N DISTRITO SAN FCO DE ASIS DE YARUSYACAN PROVINCIA PASCO DEPARTAMENTO PASCO","disa":"PASCO","red":"NO PERTENECE A NINGUNA RED","microrred":"NO PERTENECE A NINGUNA MICRORED","categoria":"ESTABLECIMIENTO DE SALUD SIN INTERNAMIENTO","condicion":"ACTIVO","actualizado":"2023/08/01 19:00:00.000","fuente":"MINSA","urlRenipr":"http://app20.susalud.gob.pe:8080/registro-renipress-webapp/ipress.htm?action=mostrarVer&idipress=00009753"}},{"type":"Feature","geometry":{"type":"Point","coordinates":[-76.25415217999995,-10.664694899999972]},"properties":{"objectid":20502,"nombre":"CLINICSOL E.I.R.L","departamento":"PASCO","provincia":"PASCO","distrito":"YANACANCHA","institucion":"OTRO","codigoMinsa":28769,"direccion":"JIRÓN HILARIO CABRERA 208 1 MEDIA CUADRA RESTAURANTE SOL DE ORO YANACANCHA PASCO PASCO","disa":"PASCO","red":"NO PERTENECE A NINGUNA RED","microrred":"NO PERTENECE A NINGUNA MICRORED","categoria":"SERVICIO MÉDICO DE APOYO","condicion":"ACTIVO","actualizado":"2023/08/01 19:00:00.000","fuente":"MINSA","urlRenipr":"http://app20.susalud.gob.pe:8080/registro-renipress-webapp/ipress.htm?action=mostrarVer&idipress=00028769"}},{"type":"Feature","geometry":{"type":"Point","coordinates":[-76.25763385999994,-10.687142299999948]},"properties":{"objectid":20625,"nombre":"JOLDENT","departamento":"PASCO","provincia":"PASCO","distrito":"CHAUPIMARCA","institucion":"PRIVADO","codigoMinsa":29262,"direccion":"AVENIDA CIRCUNVALACION ARENALES NÚMERO 180 PISO 2 DISTRITO CHAUPIMARCA PROVINCIA PASCO DEPARTAMENTO PASCO","disa":"PASCO","red":"","microrred":"","categoria":"ESTABLECIMIENTO DE SALUD SIN INTERNAMIENTO","condicion":"ACTIVO","actualizado":"2023/08/01 19:00:00.000","fuente":"MINSA","urlRenipr":"http://app20.susalud.gob.pe:8080/registro-renipress-webapp/ipress.htm?action=mostrarVer&idipress=00029262"}},{"type":"Feature","geometry":{"type":"Point","coordinates":[-76.25232954999996,-10.670218189999957]},"properties":{"objectid":20928,"nombre":"CENTRO MEDICO SIERRA Y SELVA","departamento":"PASCO","provincia":"PASCO","distrito":"YANACANCHA","institucion":"PRIVADO","codigoMinsa":30470,"direccion":"AVENIDA La Cultura PISO 3 MANZANA 1 LOTE 3 URBANIZACIÓN AAHH COLUMNA PASCO DISTRITO YANACANCHA PROVINCIA PASCO DEPARTAMENTO PASCO","disa":"PASCO","red":"","microrred":"","categoria":"ESTABLECIMIENTO DE SALUD SIN INTERNAMIENTO","condicion":"ACTIVO","actualizado":"2023/08/01 19:00:00.000","fuente":"MINSA","urlRenipr":"http://app20.susalud.gob.pe:8080/registro-renipress-webapp/ipress.htm?action=mostrarVer&idipress=00030470"}},{"type":"Feature","geometry":{"type":"Point","coordinates":[-76.18996609999994,-10.637674899999979]},"properties":{"objectid":21844,"nombre":"CLÍNICA H&S","departamento":"PASCO","provincia":"PASCO","distrito":"YANACANCHA","institucion":"PRIVADO","codigoMinsa":28495,"direccion":"JIRÓN JOSE CARLOS MARIATEGUI NÚMERO 150 DISTRITO YANACANCHA PROVINCIA PASCO DEPARTAMENTO PASCO","disa":"PASCO","red":"NO PERTENECE A NINGUNA RED","microrred":"NO PERTENECE A NINGUNA MICRORED","categoria":"ESTABLECIMIENTO DE SALUD SIN INTERNAMIENTO","condicion":"ACTIVO","actualizado":"2023/08/01 19:00:00.000","fuente":"MINSA","urlRenipr":"http://app20.susalud.gob.pe:8080/registro-renipress-webapp/ipress.htm?action=mostrarVer&idipress=00028495"}},{"type":"Feature","geometry":{"type":"Point","coordinates":[-76.21184069999998,-10.600875199999962]},"properties":{"objectid":21946,"nombre":"CLÍNICA NATCLAR PASCO","departamento":"PASCO","provincia":"PASCO","distrito":"YANACANCHA","institucion":"PRIVADO","codigoMinsa":18437,"direccion":"AVENIDA AV. EL MINERO S/N SECTOR 1 MZ 5 LT 1 AAHH COLUMNA PASCO NÚMERO S/N DISTRITO YANACANCHA PROVINCIA PASCO DEPARTAMENTO PASCO","disa":"PASCO","red":"NO PERTENECE A NINGUNA RED","microrred":"NO PERTENECE A NINGUNA MICRORED","categoria":"ESTABLECIMIENTO DE SALUD SIN INTERNAMIENTO","condicion":"ACTIVO","actualizado":"2023/08/01 19:00:00.000","fuente":"MINSA","urlRenipr":"http://app20.susalud.gob.pe:8080/registro-renipress-webapp/ipress.htm?action=mostrarVer&idipress=00018437"}},{"type":"Feature","geometry":{"type":"Point","coordinates":[-75.24790609999997,-10.36453309999996]},"properties":{"objectid":22064,"nombre":"CENTRO MEDICO SAN MAGNO EIRL","departamento":"PASCO","provincia":"PASCO","distrito":"YANACANCHA","institucion":"PRIVADO","codigoMinsa":26728,"direccion":"AVENIDA EL MINERO NÚMERO 645 PISO 1 URBANIZACIÓN SAN JUAN DISTRITO YANACANCHA PROVINCIA PASCO DEPARTAMENTO PASCO","disa":"PASCO","red":"NO PERTENECE A NINGUNA RED","microrred":"NO PERTENECE A NINGUNA MICRORED","categoria":"ESTABLECIMIENTO DE SALUD SIN INTERNAMIENTO","condicion":"ACTIVO","actualizado":"2023/08/01 19:00:00.000","fuente":"MINSA","urlRenipr":"http://app20.susalud.gob.pe:8080/registro-renipress-webapp/ipress.htm?action=mostrarVer&idipress=00026728"}},{"type":"Feature","geometry":{"type":"Point","coordinates":[-75.19257999999996,-10.667888329999926]},"properties":{"objectid":22294,"nombre":"BOCAZ","departamento":"PASCO","provincia":"OXAPAMPA","distrito":"VILLA RICA","institucion":"GOBIERNO REGIONAL","codigoMinsa":1177,"direccion":"OTROS CENTRO POBLADO BOCAZ DISTRITO VILLA RICA PROVINCIA OXAPAMPA DEPARTAMENTO PASCO","disa":"PASCO","red":"OXAPAMPA","microrred":"VILLA RICA","categoria":"ESTABLECIMIENTO DE SALUD SIN INTERNAMIENTO","condicion":"ACTIVO","actualizado":"2023/08/01 19:00:00.000","fuente":"MINSA","urlRenipr":"http://app20.susalud.gob.pe:8080/registro-renipress-webapp/ipress.htm?action=mostrarVer&idipress=00001177"}},{"type":"Feature","geometry":{"type":"Point","coordinates":[-74.79083091999996,-10.411000829999978]},"properties":{"objectid":22295,"nombre":"SANTA ISABEL DE NEGUACHI","departamento":"PASCO","provincia":"OXAPAMPA","distrito":"PUERTO BERMUDEZ","institucion":"GOBIERNO REGIONAL","codigoMinsa":1157,"direccion":"OTROS SANTA ISABEL NEGUACHI SANTA ISABEL NEGUACHI PUERTO BERMUDEZ OXAPAMPA PASCO","disa":"PASCO","red":"OXAPAMPA","microrred":"PUERTO BERMUDEZ","categoria":"ESTABLECIMIENTO DE SALUD SIN INTERNAMIENTO","condicion":"ACTIVO","actualizado":"2023/08/01 19:00:00.000","fuente":"MINSA","urlRenipr":"http://app20.susalud.gob.pe:8080/registro-renipress-webapp/ipress.htm?action=mostrarVer&idipress=00001157"}},{"type":"Feature","geometry":{"type":"Point","coordinates":[-75.39762230999997,-10.581305439999937]},"properties":{"objectid":22296,"nombre":"CENTRO DE SALUD MENTAL COMUNITARIO OXAPAMPA","departamento":"PASCO","provincia":"OXAPAMPA","distrito":"OXAPAMPA","institucion":"GOBIERNO REGIONAL","codigoMinsa":26304,"direccion":"JIRÓN KENNEDY 1444 OXAPAMPA OXAPAMPA PASCO","disa":"PASCO","red":"OXAPAMPA","microrred":"OXAPAMPA","categoria":"ESTABLECIMIENTO DE SALUD SIN INTERNAMIENTO","condicion":"ACTIVO","actualizado":"2023/08/01 19:00:00.000","fuente":"MINSA","urlRenipr":"http://app20.susalud.gob.pe:8080/registro-renipress-webapp/ipress.htm?action=mostrarVer&idipress=00026304"}},{"type":"Feature","geometry":{"type":"Point","coordinates":[-75.43954647999993,-10.478682939999942]},"properties":{"objectid":22297,"nombre":"MONTECARLO","departamento":"PASCO","provincia":"OXAPAMPA","distrito":"HUANCABAMBA","institucion":"GOBIERNO REGIONAL","codigoMinsa":1080,"direccion":"OTROS MONTECARLO S/N S/N MONTECARLO S/N HUANCABAMBA OXAPAMPA PASCO","disa":"PASCO","red":"OXAPAMPA","microrred":"HUANCABAMBA","categoria":"ESTABLECIMIENTO DE SALUD SIN INTERNAMIENTO","condicion":"ACTIVO","actualizado":"2023/08/01 19:00:00.000","fuente":"MINSA","urlRenipr":"http://app20.susalud.gob.pe:8080/registro-renipress-webapp/ipress.htm?action=mostrarVer&idipress=00001080"}},{"type":"Feature","geometry":{"type":"Point","coordinates":[-76.42815832999997,-10.989684999999952]},"properties":{"objectid":22298,"nombre":"HUAYCHAO","departamento":"PASCO","provincia":"PASCO","distrito":"HUAYLLAY","institucion":"GOBIERNO REGIONAL","codigoMinsa":1052,"direccion":"OTROS HUAYCHAO DISTRITO HUAYLLAY PROVINCIA PASCO DEPARTAMENTO PASCO","disa":"PASCO","red":"PASCO","microrred":"MESETA","categoria":"ESTABLECIMIENTO DE SALUD SIN INTERNAMIENTO","condicion":"ACTIVO","actualizado":"2023/08/01 19:00:00.000","fuente":"MINSA","urlRenipr":"http://app20.susalud.gob.pe:8080/registro-renipress-webapp/ipress.htm?action=mostrarVer&idipress=00001052"}},{"type":"Feature","geometry":{"type":"Point","coordinates":[-75.27665666999997,-10.797044999999969]},"properties":{"objectid":22299,"nombre":"ALTO ENTAZ","departamento":"PASCO","provincia":"OXAPAMPA","distrito":"VILLA RICA","institucion":"GOBIERNO REGIONAL","codigoMinsa":1187,"direccion":"OTROS CENTRO POBLADO ALTO ENTAZ DISTRITO VILLA RICA PROVINCIA OXAPAMPA DEPARTAMENTO PASCO","disa":"PASCO","red":"OXAPAMPA","microrred":"VILLA RICA","categoria":"ESTABLECIMIENTO DE SALUD SIN INTERNAMIENTO","condicion":"ACTIVO","actualizado":"2023/08/01 19:00:00.000","fuente":"MINSA","urlRenipr":"http://app20.susalud.gob.pe:8080/registro-renipress-webapp/ipress.htm?action=mostrarVer&idipress=00001187"}},{"type":"Feature","geometry":{"type":"Point","coordinates":[-75.35931427999998,-10.77228815999996]},"properties":{"objectid":22300,"nombre":"CHURUMAZU","departamento":"PASCO","provincia":"OXAPAMPA","distrito":"OXAPAMPA","institucion":"GOBIERNO REGIONAL","codigoMinsa":1085,"direccion":"OTROS CHURUMAZU S/N S/N CHURUMAZU S/N OXAPAMPA OXAPAMPA PASCO","disa":"PASCO","red":"OXAPAMPA","microrred":"OXAPAMPA","categoria":"ESTABLECIMIENTO DE SALUD SIN INTERNAMIENTO","condicion":"ACTIVO","actualizado":"2023/08/01 19:00:00.000","fuente":"MINSA","urlRenipr":"http://app20.susalud.gob.pe:8080/registro-renipress-webapp/ipress.htm?action=mostrarVer&idipress=00001085"}},{"type":"Feature","geometry":{"type":"Point","coordinates":[-75.23453311999998,-10.289064519999954]},"properties":{"objectid":22301,"nombre":"PLAYA CALIENTE","departamento":"PASCO","provincia":"OXAPAMPA","distrito":"PALCAZU","institucion":"GOBIERNO REGIONAL","codigoMinsa":1152,"direccion":"OTROS PLAYA CALIENTE S/N NÚMERO S/N DISTRITO PALCAZU PROVINCIA OXAPAMPA DEPARTAMENTO PASCO","disa":"PASCO","red":"OXAPAMPA","microrred":"PALCAZU","categoria":"ESTABLECIMIENTO DE SALUD SIN INTERNAMIENTO","condicion":"ACTIVO","actualizado":"2023/08/01 19:00:00.000","fuente":"MINSA","urlRenipr":"http://app20.susalud.gob.pe:8080/registro-renipress-webapp/ipress.htm?action=mostrarVer&idipress=00001152"}},{"type":"Feature","geometry":{"type":"Point","coordinates":[-75.85246338999997,-10.827354919999948]},"properties":{"objectid":22302,"nombre":"ACOPALCA","departamento":"PASCO","provincia":"PASCO","distrito":"PAUCARTAMBO","institucion":"GOBIERNO REGIONAL","codigoMinsa":1113,"direccion":"OTROS CPM ACOPALCA S/N NÚMERO S/N DISTRITO PAUCARTAMBO PROVINCIA PASCO DEPARTAMENTO PASCO","disa":"PASCO","red":"PASCO","microrred":"PAUCARTAMBO","categoria":"ESTABLECIMIENTO DE SALUD SIN INTERNAMIENTO","condicion":"ACTIVO","actualizado":"2023/08/01 19:00:00.000","fuente":"MINSA","urlRenipr":"http://app20.susalud.gob.pe:8080/registro-renipress-webapp/ipress.htm?action=mostrarVer&idipress=00001113"}},{"type":"Feature","geometry":{"type":"Point","coordinates":[-74.92842999999993,-9.907844999999952]},"properties":{"objectid":22303,"nombre":"PUERTO AMISTAD","departamento":"PASCO","provincia":"OXAPAMPA","distrito":"CONSTITUCION","institucion":"GOBIERNO REGIONAL","codigoMinsa":1129,"direccion":"OTROS CC NN PUERTO AMISTAD CC NN PUERTO AMISTAD CONSTITUCION OXAPAMPA PASCO","disa":"PASCO","red":"OXAPAMPA","microrred":"CIUDAD CONSTITUCION","categoria":"ESTABLECIMIENTO DE SALUD SIN INTERNAMIENTO","condicion":"ACTIVO","actualizado":"2023/08/01 19:00:00.000","fuente":"MINSA","urlRenipr":"http://app20.susalud.gob.pe:8080/registro-renipress-webapp/ipress.htm?action=mostrarVer&idipress=00001129"}},{"type":"Feature","geometry":{"type":"Point","coordinates":[-75.64452332999997,-10.719546669999943]},"properties":{"objectid":22304,"nombre":"STA. ISABEL","departamento":"PASCO","provincia":"PASCO","distrito":"PAUCARTAMBO","institucion":"GOBIERNO REGIONAL","codigoMinsa":1116,"direccion":"AVENIDA AV SANTA ISABEL S/N NÚMERO S/N DISTRITO PAUCARTAMBO PROVINCIA PASCO DEPARTAMENTO PASCO","disa":"PASCO","red":"PASCO","microrred":"PAUCARTAMBO","categoria":"ESTABLECIMIENTO DE SALUD SIN INTERNAMIENTO","condicion":"ACTIVO","actualizado":"2023/08/01 19:00:00.000","fuente":"MINSA","urlRenipr":"http://app20.susalud.gob.pe:8080/registro-renipress-webapp/ipress.htm?action=mostrarVer&idipress=00001116"}},{"type":"Feature","geometry":{"type":"Point","coordinates":[-76.50730332999996,-10.54985499999998]},"properties":{"objectid":22305,"nombre":"AYAYOG","departamento":"PASCO","provincia":"DANIEL ALCIDES CARRION","distrito":"YANAHUANCA","institucion":"GOBIERNO REGIONAL","codigoMinsa":1228,"direccion":"OTROS AYAYOG DISTRITO YANAHUANCA PROVINCIA DANIEL ALCIDES CARRION DEPARTAMENTO PASCO","disa":"PASCO","red":"DANIEL CARRION","microrred":"YANAHUANCA","categoria":"ESTABLECIMIENTO DE SALUD SIN INTERNAMIENTO","condicion":"ACTIVO","actualizado":"2023/08/01 19:00:00.000","fuente":"MINSA","urlRenipr":"http://app20.susalud.gob.pe:8080/registro-renipress-webapp/ipress.htm?action=mostrarVer&idipress=00001228"}},{"type":"Feature","geometry":{"type":"Point","coordinates":[-76.24135095999998,-10.78239345999998]},"properties":{"objectid":22306,"nombre":"VILLA DE PASCO","departamento":"PASCO","provincia":"PASCO","distrito":"TINYAHUARCO","institucion":"GOBIERNO REGIONAL","codigoMinsa":1065,"direccion":"OTROS VILLA DE PASCO DISTRITO TINYAHUARCO PROVINCIA PASCO DEPARTAMENTO PASCO","disa":"PASCO","red":"PASCO","microrred":"MESETA","categoria":"ESTABLECIMIENTO DE SALUD SIN INTERNAMIENTO","condicion":"ACTIVO","actualizado":"2023/08/01 19:00:00.000","fuente":"MINSA","urlRenipr":"http://app20.susalud.gob.pe:8080/registro-renipress-webapp/ipress.htm?action=mostrarVer&idipress=00001065"}},{"type":"Feature","geometry":{"type":"Point","coordinates":[-76.25575270999997,-10.691057649999948]},"properties":{"objectid":22307,"nombre":"ULIACHIN","departamento":"PASCO","provincia":"PASCO","distrito":"CHAUPIMARCA","institucion":"GOBIERNO REGIONAL","codigoMinsa":1009,"direccion":"AVENIDA AV. CIRCUNVALACION ARENALES NRO 396 AV. CIRCUNVALACION ARENALES NRO 396 CHAUPIMARCA PASCO PASCO","disa":"PASCO","red":"PASCO","microrred":"CENTRO","categoria":"ESTABLECIMIENTO DE SALUD SIN INTERNAMIENTO","condicion":"ACTIVO","actualizado":"2023/08/01 19:00:00.000","fuente":"MINSA","urlRenipr":"http://app20.susalud.gob.pe:8080/registro-renipress-webapp/ipress.htm?action=mostrarVer&idipress=00001009"}},{"type":"Feature","geometry":{"type":"Point","coordinates":[-76.35476768999996,-10.470394969999973]},"properties":{"objectid":22308,"nombre":"SANTA ANA DE TUSI","departamento":"PASCO","provincia":"DANIEL ALCIDES CARRION","distrito":"SANTA ANA DE TUSI","institucion":"GOBIERNO REGIONAL","codigoMinsa":995,"direccion":"OTROS SANTA ANA DE TUSI S/N S/N SANTA ANA DE TUSI S/N SANTA ANA DE TUSI DANIEL ALCIDES CARRION PASCO","disa":"PASCO","red":"DANIEL CARRION","microrred":"TUSI","categoria":"ESTABLECIMIENTO DE SALUD CON INTERNAMIENTO","condicion":"ACTIVO","actualizado":"2023/08/01 19:00:00.000","fuente":"MINSA","urlRenipr":"http://app20.susalud.gob.pe:8080/registro-renipress-webapp/ipress.htm?action=mostrarVer&idipress=00000995"}},{"type":"Feature","geometry":{"type":"Point","coordinates":[-76.25657829999994,-10.685823999999968]},"properties":{"objectid":22432,"nombre":"CENTRO MEDICO ESPECIALIZADO SANA","departamento":"PASCO","provincia":"PASCO","distrito":"CHAUPIMARCA","institucion":"PRIVADO","codigoMinsa":29920,"direccion":"PASAJE PEDRO CABALLERO Y LIRA SN NÚMERO SN DISTRITO CHAUPIMARCA PROVINCIA PASCO DEPARTAMENTO PASCO","disa":"PASCO","red":"","microrred":"","categoria":"ESTABLECIMIENTO DE SALUD SIN INTERNAMIENTO","condicion":"ACTIVO","actualizado":"2023/08/01 19:00:00.000","fuente":"MINSA","urlRenipr":"http://app20.susalud.gob.pe:8080/registro-renipress-webapp/ipress.htm?action=mostrarVer&idipress=00029920"}},{"type":"Feature","geometry":{"type":"Point","coordinates":[-76.25864773999996,-10.666704509999931]},"properties":{"objectid":22949,"nombre":"CENTRO MEDICO BIENESTAR VIAL","departamento":"PASCO","provincia":"PASCO","distrito":"YANACANCHA","institucion":"PRIVADO","codigoMinsa":30819,"direccion":"AVENIDA SIMON BOLIVAR NÚMERO 67 PISO 1 DISTRITO YANACANCHA PROVINCIA PASCO DEPARTAMENTO PASCO","disa":"PASCO","red":"","microrred":"NO PERTENECE A NINGUNA MICRORED","categoria":"ESTABLECIMIENTO DE SALUD SIN INTERNAMIENTO","condicion":"ACTIVO","actualizado":"2023/08/01 19:00:00.000","fuente":"MINSA","urlRenipr":"http://app20.susalud.gob.pe:8080/registro-renipress-webapp/ipress.htm?action=mostrarVer&idipress=00030819"}},{"type":"Feature","geometry":{"type":"Point","coordinates":[-75.58229177999993,-10.439722769999946]},"properties":{"objectid":24324,"nombre":"PAMPACHICA","departamento":"PASCO","provincia":"OXAPAMPA","distrito":"HUANCABAMBA","institucion":"GOBIERNO REGIONAL","codigoMinsa":1077,"direccion":"AVENIDA AV LOS INCAS S/N SAN JUAN S/N AV LOS INCAS S/N SAN JUAN HUANCABAMBA OXAPAMPA PASCO","disa":"PASCO","red":"OXAPAMPA","microrred":"HUANCABAMBA","categoria":"ESTABLECIMIENTO DE SALUD SIN INTERNAMIENTO","condicion":"ACTIVO","actualizado":"2023/08/01 19:00:00.000","fuente":"MINSA","urlRenipr":"http://app20.susalud.gob.pe:8080/registro-renipress-webapp/ipress.htm?action=mostrarVer&idipress=00001077"}},{"type":"Feature","geometry":{"type":"Point","coordinates":[-76.64007846999993,-10.610878499999956]},"properties":{"objectid":24325,"nombre":"CACHIPAMPA","departamento":"PASCO","provincia":"DANIEL ALCIDES CARRION","distrito":"YANAHUANCA","institucion":"GOBIERNO REGIONAL","codigoMinsa":6818,"direccion":"OTROS CACHIPAMPA DISTRITO YANAHUANCA PROVINCIA DANIEL ALCIDES CARRION DEPARTAMENTO PASCO","disa":"PASCO","red":"DANIEL CARRION","microrred":"YANAHUANCA","categoria":"ESTABLECIMIENTO DE SALUD SIN INTERNAMIENTO","condicion":"ACTIVO","actualizado":"2023/08/01 19:00:00.000","fuente":"MINSA","urlRenipr":"http://app20.susalud.gob.pe:8080/registro-renipress-webapp/ipress.htm?action=mostrarVer&idipress=00006818"}},{"type":"Feature","geometry":{"type":"Point","coordinates":[-75.13292279999996,-10.270890809999969]},"properties":{"objectid":24326,"nombre":"SHIRINGAMAZU ALTO","departamento":"PASCO","provincia":"OXAPAMPA","distrito":"PALCAZU","institucion":"GOBIERNO REGIONAL","codigoMinsa":1144,"direccion":"OTROS SHIRIGAMAZU ALTO S/N NÚMERO S/N DISTRITO PALCAZU PROVINCIA OXAPAMPA DEPARTAMENTO PASCO","disa":"PASCO","red":"OXAPAMPA","microrred":"PALCAZU","categoria":"ESTABLECIMIENTO DE SALUD SIN INTERNAMIENTO","condicion":"ACTIVO","actualizado":"2023/08/01 19:00:00.000","fuente":"MINSA","urlRenipr":"http://app20.susalud.gob.pe:8080/registro-renipress-webapp/ipress.htm?action=mostrarVer&idipress=00001144"}},{"type":"Feature","geometry":{"type":"Point","coordinates":[-75.21573768999997,-10.74637482999998]},"properties":{"objectid":24327,"nombre":"ENEÑAS","departamento":"PASCO","provincia":"OXAPAMPA","distrito":"VILLA RICA","institucion":"GOBIERNO REGIONAL","codigoMinsa":1180,"direccion":"OTROS CENTRO POBLADO ENEÑAS DISTRITO VILLA RICA PROVINCIA OXAPAMPA DEPARTAMENTO PASCO","disa":"PASCO","red":"OXAPAMPA","microrred":"VILLA RICA","categoria":"ESTABLECIMIENTO DE SALUD SIN INTERNAMIENTO","condicion":"ACTIVO","actualizado":"2023/08/01 19:00:00.000","fuente":"MINSA","urlRenipr":"http://app20.susalud.gob.pe:8080/registro-renipress-webapp/ipress.htm?action=mostrarVer&idipress=00001180"}},{"type":"Feature","geometry":{"type":"Point","coordinates":[-74.99104832999996,-10.01132832999997]},"properties":{"objectid":24328,"nombre":"CLINICA CAHUAPANAS","departamento":"PASCO","provincia":"OXAPAMPA","distrito":"CONSTITUCION","institucion":"GOBIERNO REGIONAL","codigoMinsa":1120,"direccion":"OTROS CC NN CLINICA CAHUAPANAS CC NN CLINICA CAHUAPANAS CONSTITUCION OXAPAMPA PASCO","disa":"PASCO","red":"OXAPAMPA","microrred":"CIUDAD CONSTITUCION","categoria":"ESTABLECIMIENTO DE SALUD SIN INTERNAMIENTO","condicion":"ACTIVO","actualizado":"2023/08/01 19:00:00.000","fuente":"MINSA","urlRenipr":"http://app20.susalud.gob.pe:8080/registro-renipress-webapp/ipress.htm?action=mostrarVer&idipress=00001120"}},{"type":"Feature","geometry":{"type":"Point","coordinates":[-76.44673329999995,-10.480734919999975]},"properties":{"objectid":24329,"nombre":"VILCABAMBA","departamento":"PASCO","provincia":"DANIEL ALCIDES CARRION","distrito":"VILCABAMBA","institucion":"GOBIERNO REGIONAL","codigoMinsa":1208,"direccion":"AVENIDA AV CERRO DE PASCO S/N S/N AV CERRO DE PASCO S/N VILCABAMBA DANIEL ALCIDES CARRION PASCO","disa":"PASCO","red":"DANIEL CARRION","microrred":"CHAUPIHUARANGA","categoria":"ESTABLECIMIENTO DE SALUD SIN INTERNAMIENTO","condicion":"ACTIVO","actualizado":"2023/08/01 19:00:00.000","fuente":"MINSA","urlRenipr":"http://app20.susalud.gob.pe:8080/registro-renipress-webapp/ipress.htm?action=mostrarVer&idipress=00001208"}},{"type":"Feature","geometry":{"type":"Point","coordinates":[-75.24915793999998,-10.050966099999926]},"properties":{"objectid":24330,"nombre":"QUEBRADA PACO","departamento":"PASCO","provincia":"OXAPAMPA","distrito":"PALCAZU","institucion":"GOBIERNO REGIONAL","codigoMinsa":1153,"direccion":"OTROS QUEBRADA PACO S/N NÚMERO S/N DISTRITO PALCAZU PROVINCIA OXAPAMPA DEPARTAMENTO PASCO","disa":"PASCO","red":"OXAPAMPA","microrred":"PALCAZU","categoria":"ESTABLECIMIENTO DE SALUD SIN INTERNAMIENTO","condicion":"ACTIVO","actualizado":"2023/08/01 19:00:00.000","fuente":"MINSA","urlRenipr":"http://app20.susalud.gob.pe:8080/registro-renipress-webapp/ipress.htm?action=mostrarVer&idipress=00001153"}},{"type":"Feature","geometry":{"type":"Point","coordinates":[-75.35090323999998,-9.98276366999994]},"properties":{"objectid":24331,"nombre":"RIO NEGRO","departamento":"PASCO","provincia":"OXAPAMPA","distrito":"PALCAZU","institucion":"GOBIERNO REGIONAL","codigoMinsa":1151,"direccion":"OTROS RIO NEGRO S/N NÚMERO S/N DISTRITO PALCAZU PROVINCIA OXAPAMPA DEPARTAMENTO PASCO","disa":"PASCO","red":"OXAPAMPA","microrred":"PALCAZU","categoria":"ESTABLECIMIENTO DE SALUD SIN INTERNAMIENTO","condicion":"ACTIVO","actualizado":"2023/08/01 19:00:00.000","fuente":"MINSA","urlRenipr":"http://app20.susalud.gob.pe:8080/registro-renipress-webapp/ipress.htm?action=mostrarVer&idipress=00001151"}},{"type":"Feature","geometry":{"type":"Point","coordinates":[-74.97750499999995,-10.01128332999997]},"properties":{"objectid":24332,"nombre":"SAN FRANCISCO DE CAHUAPANAS","departamento":"PASCO","provincia":"OXAPAMPA","distrito":"PUERTO BERMUDEZ","institucion":"GOBIERNO REGIONAL","codigoMinsa":1122,"direccion":"OTROS SAN FRANCISCO DE CAHUAPANAS SAN FRANCISCO DE CAHUAPANAS PUERTO BERMUDEZ OXAPAMPA PASCO","disa":"PASCO","red":"OXAPAMPA","microrred":"PUERTO BERMUDEZ","categoria":"ESTABLECIMIENTO DE SALUD SIN INTERNAMIENTO","condicion":"ACTIVO","actualizado":"2023/08/01 19:00:00.000","fuente":"MINSA","urlRenipr":"http://app20.susalud.gob.pe:8080/registro-renipress-webapp/ipress.htm?action=mostrarVer&idipress=00001122"}},{"type":"Feature","geometry":{"type":"Point","coordinates":[-75.93862018999994,-10.653462289999936]},"properties":{"objectid":24333,"nombre":"CHIPA","departamento":"PASCO","provincia":"PASCO","distrito":"NINACACA","institucion":"GOBIERNO REGIONAL","codigoMinsa":1049,"direccion":"OTROS CHIPA DISTRITO NINACACA PROVINCIA PASCO DEPARTAMENTO PASCO","disa":"PASCO","red":"PASCO","microrred":"MESETA","categoria":"ESTABLECIMIENTO DE SALUD SIN INTERNAMIENTO","condicion":"ACTIVO","actualizado":"2023/08/01 19:00:00.000","fuente":"MINSA","urlRenipr":"http://app20.susalud.gob.pe:8080/registro-renipress-webapp/ipress.htm?action=mostrarVer&idipress=00001049"}},{"type":"Feature","geometry":{"type":"Point","coordinates":[-76.24932382999998,-10.687183969999978]},"properties":{"objectid":24334,"nombre":"TUPAC AMARU","departamento":"PASCO","provincia":"PASCO","distrito":"CHAUPIMARCA","institucion":"GOBIERNO REGIONAL","codigoMinsa":1010,"direccion":"JIRÓN JR JOSE CARLOS MARIATEGUI S/N - CHAUPIMARCA S/N JR JOSE CARLOS MARIATEGUI S/N - CHAUPIMARCA CHAUPIMARCA PASCO PASCO","disa":"PASCO","red":"PASCO","microrred":"CENTRO","categoria":"ESTABLECIMIENTO DE SALUD SIN INTERNAMIENTO","condicion":"ACTIVO","actualizado":"2023/08/01 19:00:00.000","fuente":"MINSA","urlRenipr":"http://app20.susalud.gob.pe:8080/registro-renipress-webapp/ipress.htm?action=mostrarVer&idipress=00001010"}},{"type":"Feature","geometry":{"type":"Point","coordinates":[-75.41990025999996,-10.163724909999928]},"properties":{"objectid":24335,"nombre":"ALTO LAGARTO","departamento":"PASCO","provincia":"OXAPAMPA","distrito":"POZUZO","institucion":"GOBIERNO REGIONAL","codigoMinsa":1101,"direccion":"OTROS ALTO LAGARTO DISTRITO POZUZO PROVINCIA OXAPAMPA DEPARTAMENTO PASCO","disa":"PASCO","red":"OXAPAMPA","microrred":"POZUZO","categoria":"ESTABLECIMIENTO DE SALUD SIN INTERNAMIENTO","condicion":"ACTIVO","actualizado":"2023/08/01 19:00:00.000","fuente":"MINSA","urlRenipr":"http://app20.susalud.gob.pe:8080/registro-renipress-webapp/ipress.htm?action=mostrarVer&idipress=00001101"}},{"type":"Feature","geometry":{"type":"Point","coordinates":[-75.34908520999994,-9.929899009999929]},"properties":{"objectid":24336,"nombre":"SAN CRISTOBAL","departamento":"PASCO","provincia":"OXAPAMPA","distrito":"PALCAZU","institucion":"GOBIERNO REGIONAL","codigoMinsa":1096,"direccion":"OTROS SAN CRSITOBAL S/N S/N SAN CRSITOBAL S/N PALCAZU OXAPAMPA PASCO","disa":"PASCO","red":"OXAPAMPA","microrred":"PALCAZU","categoria":"ESTABLECIMIENTO DE SALUD SIN INTERNAMIENTO","condicion":"ACTIVO","actualizado":"2023/08/01 19:00:00.000","fuente":"MINSA","urlRenipr":"http://app20.susalud.gob.pe:8080/registro-renipress-webapp/ipress.htm?action=mostrarVer&idipress=00001096"}},{"type":"Feature","geometry":{"type":"Point","coordinates":[-75.27326683999996,-10.737038309999946]},"properties":{"objectid":24337,"nombre":"HOSP. \"ROMAN EGOAVIL PANDO\" VILLA RICA","departamento":"PASCO","provincia":"OXAPAMPA","distrito":"VILLA RICA","institucion":"GOBIERNO REGIONAL","codigoMinsa":981,"direccion":"AVENIDA AV. VALENTIN CUEVA S/N- VILLA RICA S/N AV. VALENTIN CUEVA S/N- VILLA RICA VILLA RICA OXAPAMPA PASCO","disa":"PASCO","red":"OXAPAMPA","microrred":"NO PERTENECE A NINGUNA MICRORED","categoria":"ESTABLECIMIENTO DE SALUD CON INTERNAMIENTO","condicion":"ACTIVO","actualizado":"2023/08/01 19:00:00.000","fuente":"MINSA","urlRenipr":"http://app20.susalud.gob.pe:8080/registro-renipress-webapp/ipress.htm?action=mostrarVer&idipress=00000981"}},{"type":"Feature","geometry":{"type":"Point","coordinates":[-74.94133609999994,-10.292841199999941]},"properties":{"objectid":24541,"nombre":"POSTA MEDICA DE PUERTO BERMUDEZ","departamento":"PASCO","provincia":"OXAPAMPA","distrito":"PUERTO BERMUDEZ","institucion":"ESSALUD","codigoMinsa":9763,"direccion":"JIRÓN JR. POMA ROSA S/N. DISTRITO DE PUERTO BERMUDEZ, PROVINCIA DE OXAPAMPA Y REGIÓN PASCO NÚMERO S/N DISTRITO PUERTO BERMUDEZ PROVINCIA OXAPAMPA DEPARTAMENTO PASCO","disa":"PASCO","red":"NO PERTENECE A NINGUNA RED","microrred":"NO PERTENECE A NINGUNA MICRORED","categoria":"ESTABLECIMIENTO DE SALUD SIN INTERNAMIENTO","condicion":"ACTIVO","actualizado":"2023/08/01 19:00:00.000","fuente":"MINSA","urlRenipr":"http://app20.susalud.gob.pe:8080/registro-renipress-webapp/ipress.htm?action=mostrarVer&idipress=00009763"}},{"type":"Feature","geometry":{"type":"Point","coordinates":[-76.25203181999996,-10.667128979999973]},"properties":{"objectid":24595,"nombre":"CENTRO MEDICO ESPECIALIZADO CELAP","departamento":"PASCO","provincia":"PASCO","distrito":"YANACANCHA","institucion":"PRIVADO","codigoMinsa":30588,"direccion":"AVENIDA LOS INCAS NÚMERO S/N PISO 1 MANZANA E LOTE 1 URBANIZACIÓN AAHH SECTOR SALUD DISTRITO YANACANCHA PROVINCIA PASCO DEPARTAMENTO PASCO","disa":"PASCO","red":"","microrred":"","categoria":"ESTABLECIMIENTO DE SALUD SIN INTERNAMIENTO","condicion":"ACTIVO","actualizado":"2023/08/01 19:00:00.000","fuente":"MINSA","urlRenipr":"http://app20.susalud.gob.pe:8080/registro-renipress-webapp/ipress.htm?action=mostrarVer&idipress=00030588"}},{"type":"Feature","geometry":{"type":"Point","coordinates":[-75.40306669999995,-10.579814599999963]},"properties":{"objectid":25016,"nombre":"CENTRO MEDICO VIDAS & VIAS EMANUEL","departamento":"PASCO","provincia":"OXAPAMPA","distrito":"OXAPAMPA","institucion":"PRIVADO","codigoMinsa":30772,"direccion":"JIRÓN LOECHLE NÚMERO 472 PISO 01 DISTRITO OXAPAMPA PROVINCIA OXAPAMPA DEPARTAMENTO PASCO","disa":"PASCO","red":"","microrred":"","categoria":"ESTABLECIMIENTO DE SALUD SIN INTERNAMIENTO","condicion":"ACTIVO","actualizado":"2023/08/01 19:00:00.000","fuente":"MINSA","urlRenipr":"http://app20.susalud.gob.pe:8080/registro-renipress-webapp/ipress.htm?action=mostrarVer&idipress=00030772"}},{"type":"Feature","geometry":{"type":"Point","coordinates":[-76.35909832999994,-11.043363329999977]},"properties":{"objectid":26450,"nombre":"SAN CARLOS","departamento":"PASCO","provincia":"PASCO","distrito":"HUAYLLAY","institucion":"GOBIERNO REGIONAL","codigoMinsa":1058,"direccion":"OTROS SAN CARLOS DISTRITO HUAYLLAY PROVINCIA PASCO DEPARTAMENTO PASCO","disa":"PASCO","red":"PASCO","microrred":"MESETA","categoria":"ESTABLECIMIENTO DE SALUD SIN INTERNAMIENTO","condicion":"ACTIVO","actualizado":"2023/08/01 19:00:00.000","fuente":"MINSA","urlRenipr":"http://app20.susalud.gob.pe:8080/registro-renipress-webapp/ipress.htm?action=mostrarVer&idipress=00001058"}},{"type":"Feature","geometry":{"type":"Point","coordinates":[-76.21995591999996,-10.532132279999928]},"properties":{"objectid":26451,"nombre":"PUMACAYAN","departamento":"PASCO","provincia":"PASCO","distrito":"SAN FRANCISCO DE ASIS DE YARUSYACAN","institucion":"GOBIERNO REGIONAL","codigoMinsa":1023,"direccion":"OTROS CASERIO PUMACAYAN DISTRITO SAN FCO DE ASIS DE YARUSYACAN PROVINCIA PASCO DEPARTAMENTO PASCO","disa":"PASCO","red":"PASCO","microrred":"CENTRO","categoria":"ESTABLECIMIENTO DE SALUD SIN INTERNAMIENTO","condicion":"ACTIVO","actualizado":"2023/08/01 19:00:00.000","fuente":"MINSA","urlRenipr":"http://app20.susalud.gob.pe:8080/registro-renipress-webapp/ipress.htm?action=mostrarVer&idipress=00001023"}},{"type":"Feature","geometry":{"type":"Point","coordinates":[-76.25840332999996,-11.142016669999975]},"properties":{"objectid":26452,"nombre":"EL DIEZMO PALCAN","departamento":"PASCO","provincia":"PASCO","distrito":"HUAYLLAY","institucion":"GOBIERNO REGIONAL","codigoMinsa":1056,"direccion":"OTROS LOS ANDES DE PALCAN S/N NÚMERO S/N DISTRITO HUAYLLAY PROVINCIA PASCO DEPARTAMENTO PASCO","disa":"PASCO","red":"PASCO","microrred":"MESETA","categoria":"ESTABLECIMIENTO DE SALUD SIN INTERNAMIENTO","condicion":"ACTIVO","actualizado":"2023/08/01 19:00:00.000","fuente":"MINSA","urlRenipr":"http://app20.susalud.gob.pe:8080/registro-renipress-webapp/ipress.htm?action=mostrarVer&idipress=00001056"}},{"type":"Feature","geometry":{"type":"Point","coordinates":[-76.31169259999996,-10.70344880999994]},"properties":{"objectid":26453,"nombre":"YURAJHUANCA","departamento":"PASCO","provincia":"PASCO","distrito":"SIMON BOLIVAR","institucion":"GOBIERNO REGIONAL","codigoMinsa":986,"direccion":"PLAZA PLAZA S/N YURAJHUANCA S/N PLAZA S/N YURAJHUANCA SIMON BOLIVAR PASCO PASCO","disa":"PASCO","red":"PASCO","microrred":"SIMON BOLIVAR","categoria":"ESTABLECIMIENTO DE SALUD SIN INTERNAMIENTO","condicion":"ACTIVO","actualizado":"2023/08/01 19:00:00.000","fuente":"MINSA","urlRenipr":"http://app20.susalud.gob.pe:8080/registro-renipress-webapp/ipress.htm?action=mostrarVer&idipress=00000986"}},{"type":"Feature","geometry":{"type":"Point","coordinates":[-76.40116832999996,-11.037084999999934]},"properties":{"objectid":26454,"nombre":"LA CRUZADA","departamento":"PASCO","provincia":"PASCO","distrito":"HUAYLLAY","institucion":"GOBIERNO REGIONAL","codigoMinsa":1059,"direccion":"OTROS LA CRUZADA DISTRITO HUAYLLAY PROVINCIA PASCO DEPARTAMENTO PASCO","disa":"PASCO","red":"PASCO","microrred":"MESETA","categoria":"ESTABLECIMIENTO DE SALUD SIN INTERNAMIENTO","condicion":"ACTIVO","actualizado":"2023/08/01 19:00:00.000","fuente":"MINSA","urlRenipr":"http://app20.susalud.gob.pe:8080/registro-renipress-webapp/ipress.htm?action=mostrarVer&idipress=00001059"}},{"type":"Feature","geometry":{"type":"Point","coordinates":[-76.15916410999995,-10.649487879999981]},"properties":{"objectid":26455,"nombre":"PARIAMARCA","departamento":"PASCO","provincia":"PASCO","distrito":"YANACANCHA","institucion":"GOBIERNO REGIONAL","codigoMinsa":1043,"direccion":"OTROS CPM PARIMARCA CPM PARIMARCA YANACANCHA PASCO PASCO","disa":"PASCO","red":"PASCO","microrred":"CENTRO","categoria":"ESTABLECIMIENTO DE SALUD SIN INTERNAMIENTO","condicion":"ACTIVO","actualizado":"2023/08/01 19:00:00.000","fuente":"MINSA","urlRenipr":"http://app20.susalud.gob.pe:8080/registro-renipress-webapp/ipress.htm?action=mostrarVer&idipress=00001043"}},{"type":"Feature","geometry":{"type":"Point","coordinates":[-74.90135666999998,-10.482208329999935]},"properties":{"objectid":26456,"nombre":"PUERTO PASCUALA","departamento":"PASCO","provincia":"OXAPAMPA","distrito":"PUERTO BERMUDEZ","institucion":"GOBIERNO REGIONAL","codigoMinsa":1160,"direccion":"OTROS CC.NN PUERTO PASCUALA S/N S/N CC.NN PUERTO PASCUALA S/N PUERTO BERMUDEZ OXAPAMPA PASCO","disa":"PASCO","red":"OXAPAMPA","microrred":"PUERTO BERMUDEZ","categoria":"ESTABLECIMIENTO DE SALUD SIN INTERNAMIENTO","condicion":"ACTIVO","actualizado":"2023/08/01 19:00:00.000","fuente":"MINSA","urlRenipr":"http://app20.susalud.gob.pe:8080/registro-renipress-webapp/ipress.htm?action=mostrarVer&idipress=00001160"}},{"type":"Feature","geometry":{"type":"Point","coordinates":[-76.43994999999995,-10.392248329999973]},"properties":{"objectid":26457,"nombre":"YACAN","departamento":"PASCO","provincia":"DANIEL ALCIDES CARRION","distrito":"PAUCAR","institucion":"GOBIERNO REGIONAL","codigoMinsa":1202,"direccion":"OTROS YACAN S/N NÚMERO S/N DISTRITO PAUCAR PROVINCIA DANIEL ALCIDES CARRION DEPARTAMENTO PASCO","disa":"PASCO","red":"DANIEL CARRION","microrred":"YANAHUANCA","categoria":"ESTABLECIMIENTO DE SALUD SIN INTERNAMIENTO","condicion":"ACTIVO","actualizado":"2023/08/01 19:00:00.000","fuente":"MINSA","urlRenipr":"http://app20.susalud.gob.pe:8080/registro-renipress-webapp/ipress.htm?action=mostrarVer&idipress=00001202"}},{"type":"Feature","geometry":{"type":"Point","coordinates":[-75.24019832999994,-10.74592999999993]},"properties":{"objectid":26458,"nombre":"MAYME","departamento":"PASCO","provincia":"OXAPAMPA","distrito":"VILLA RICA","institucion":"GOBIERNO REGIONAL","codigoMinsa":1182,"direccion":"OTROS CCNN. MAYME CCNN. MAYME VILLA RICA OXAPAMPA PASCO","disa":"PASCO","red":"OXAPAMPA","microrred":"VILLA RICA","categoria":"ESTABLECIMIENTO DE SALUD SIN INTERNAMIENTO","condicion":"ACTIVO","actualizado":"2023/08/01 19:00:00.000","fuente":"MINSA","urlRenipr":"http://app20.susalud.gob.pe:8080/registro-renipress-webapp/ipress.htm?action=mostrarVer&idipress=00001182"}},{"type":"Feature","geometry":{"type":"Point","coordinates":[-75.14553652999996,-10.699709559999974]},"properties":{"objectid":26459,"nombre":"ALTO CACAZU","departamento":"PASCO","provincia":"OXAPAMPA","distrito":"VILLA RICA","institucion":"GOBIERNO REGIONAL","codigoMinsa":1179,"direccion":"OTROS CENTRO POBLADO ALTO CACAZU DISTRITO VILLA RICA PROVINCIA OXAPAMPA DEPARTAMENTO PASCO","disa":"PASCO","red":"OXAPAMPA","microrred":"VILLA RICA","categoria":"ESTABLECIMIENTO DE SALUD SIN INTERNAMIENTO","condicion":"ACTIVO","actualizado":"2023/08/01 19:00:00.000","fuente":"MINSA","urlRenipr":"http://app20.susalud.gob.pe:8080/registro-renipress-webapp/ipress.htm?action=mostrarVer&idipress=00001179"}},{"type":"Feature","geometry":{"type":"Point","coordinates":[-74.83810950999998,-10.449032399999965]},"properties":{"objectid":26460,"nombre":"SAN PABLO","departamento":"PASCO","provincia":"OXAPAMPA","distrito":"PUERTO BERMUDEZ","institucion":"GOBIERNO REGIONAL","codigoMinsa":1162,"direccion":"OTROS CENTRO POBLADO SAN PABLO CENTRO POBLADO SAN PABLO PUERTO BERMUDEZ OXAPAMPA PASCO","disa":"PASCO","red":"OXAPAMPA","microrred":"PUERTO BERMUDEZ","categoria":"ESTABLECIMIENTO DE SALUD SIN INTERNAMIENTO","condicion":"ACTIVO","actualizado":"2023/08/01 19:00:00.000","fuente":"MINSA","urlRenipr":"http://app20.susalud.gob.pe:8080/registro-renipress-webapp/ipress.htm?action=mostrarVer&idipress=00001162"}},{"type":"Feature","geometry":{"type":"Point","coordinates":[-75.71598166999996,-10.764689999999973]},"properties":{"objectid":26461,"nombre":"HUALLAMAYO","departamento":"PASCO","provincia":"PASCO","distrito":"PAUCARTAMBO","institucion":"GOBIERNO REGIONAL","codigoMinsa":1110,"direccion":"OTROS HUALLAMAYOS/N S/N HUALLAMAYOS/N PAUCARTAMBO PASCO PASCO","disa":"PASCO","red":"PASCO","microrred":"PAUCARTAMBO","categoria":"ESTABLECIMIENTO DE SALUD SIN INTERNAMIENTO","condicion":"ACTIVO","actualizado":"2023/08/01 19:00:00.000","fuente":"MINSA","urlRenipr":"http://app20.susalud.gob.pe:8080/registro-renipress-webapp/ipress.htm?action=mostrarVer&idipress=00001110"}},{"type":"Feature","geometry":{"type":"Point","coordinates":[-75.53281222999993,-9.91272276999996]},"properties":{"objectid":26462,"nombre":"RIO TIGRE","departamento":"PASCO","provincia":"OXAPAMPA","distrito":"POZUZO","institucion":"GOBIERNO REGIONAL","codigoMinsa":1094,"direccion":"OTROS ACTUALIZAR ACTUALIZAR POZUZO OXAPAMPA PASCO","disa":"PASCO","red":"OXAPAMPA","microrred":"POZUZO","categoria":"ESTABLECIMIENTO DE SALUD SIN INTERNAMIENTO","condicion":"ACTIVO","actualizado":"2023/08/01 19:00:00.000","fuente":"MINSA","urlRenipr":"http://app20.susalud.gob.pe:8080/registro-renipress-webapp/ipress.htm?action=mostrarVer&idipress=00001094"}},{"type":"Feature","geometry":{"type":"Point","coordinates":[-76.18153028999996,-10.617121579999946]},"properties":{"objectid":26463,"nombre":"LA CANDELARIA","departamento":"PASCO","provincia":"PASCO","distrito":"YANACANCHA","institucion":"GOBIERNO REGIONAL","codigoMinsa":1045,"direccion":"OTROS CPM LA QUINUA DISTRITO YANACANCHA PROVINCIA PASCO DEPARTAMENTO PASCO","disa":"PASCO","red":"PASCO","microrred":"CENTRO","categoria":"ESTABLECIMIENTO DE SALUD SIN INTERNAMIENTO","condicion":"ACTIVO","actualizado":"2023/08/01 19:00:00.000","fuente":"MINSA","urlRenipr":"http://app20.susalud.gob.pe:8080/registro-renipress-webapp/ipress.htm?action=mostrarVer&idipress=00001045"}},{"type":"Feature","geometry":{"type":"Point","coordinates":[-75.34468712999995,-10.735462299999938]},"properties":{"objectid":26464,"nombre":"RIO PISCO","departamento":"PASCO","provincia":"OXAPAMPA","distrito":"OXAPAMPA","institucion":"GOBIERNO REGIONAL","codigoMinsa":1092,"direccion":"OTROS RIO PISCO S/N S/N RIO PISCO S/N OXAPAMPA OXAPAMPA PASCO","disa":"PASCO","red":"OXAPAMPA","microrred":"OXAPAMPA","categoria":"ESTABLECIMIENTO DE SALUD SIN INTERNAMIENTO","condicion":"ACTIVO","actualizado":"2023/08/01 19:00:00.000","fuente":"MINSA","urlRenipr":"http://app20.susalud.gob.pe:8080/registro-renipress-webapp/ipress.htm?action=mostrarVer&idipress=00001092"}},{"type":"Feature","geometry":{"type":"Point","coordinates":[-75.43729534999994,-10.528675199999952]},"properties":{"objectid":26465,"nombre":"QUILLAZU","departamento":"PASCO","provincia":"OXAPAMPA","distrito":"OXAPAMPA","institucion":"GOBIERNO REGIONAL","codigoMinsa":1089,"direccion":"OTROS QUILLAZU S/N S/N QUILLAZU S/N OXAPAMPA OXAPAMPA PASCO","disa":"PASCO","red":"OXAPAMPA","microrred":"OXAPAMPA","categoria":"ESTABLECIMIENTO DE SALUD SIN INTERNAMIENTO","condicion":"ACTIVO","actualizado":"2023/08/01 19:00:00.000","fuente":"MINSA","urlRenipr":"http://app20.susalud.gob.pe:8080/registro-renipress-webapp/ipress.htm?action=mostrarVer&idipress=00001089"}},{"type":"Feature","geometry":{"type":"Point","coordinates":[-75.48542384999996,-10.718692429999976]},"properties":{"objectid":26466,"nombre":"SAN FRANCISCO","departamento":"PASCO","provincia":"OXAPAMPA","distrito":"CHONTABAMBA","institucion":"GOBIERNO REGIONAL","codigoMinsa":1083,"direccion":"OTROS SAN FRANCISCO S/N S/N SAN FRANCISCO S/N CHONTABAMBA OXAPAMPA PASCO","disa":"PASCO","red":"OXAPAMPA","microrred":"CHONTABAMBA","categoria":"ESTABLECIMIENTO DE SALUD SIN INTERNAMIENTO","condicion":"ACTIVO","actualizado":"2023/08/01 19:00:00.000","fuente":"MINSA","urlRenipr":"http://app20.susalud.gob.pe:8080/registro-renipress-webapp/ipress.htm?action=mostrarVer&idipress=00001083"}},{"type":"Feature","geometry":{"type":"Point","coordinates":[-76.29372386999995,-10.878479109999944]},"properties":{"objectid":26467,"nombre":"COCHAMARCA","departamento":"PASCO","provincia":"PASCO","distrito":"VICCO","institucion":"GOBIERNO REGIONAL","codigoMinsa":1072,"direccion":"OTROS COCHAMARCA DISTRITO VICCO PROVINCIA PASCO DEPARTAMENTO PASCO","disa":"PASCO","red":"PASCO","microrred":"MESETA","categoria":"ESTABLECIMIENTO DE SALUD SIN INTERNAMIENTO","condicion":"ACTIVO","actualizado":"2023/08/01 19:00:00.000","fuente":"MINSA","urlRenipr":"http://app20.susalud.gob.pe:8080/registro-renipress-webapp/ipress.htm?action=mostrarVer&idipress=00001072"}},{"type":"Feature","geometry":{"type":"Point","coordinates":[-75.55088436999995,-10.067997169999956]},"properties":{"objectid":26665,"nombre":"POSTA MEDICA DE POZUZO","departamento":"PASCO","provincia":"OXAPAMPA","distrito":"POZUZO","institucion":"ESSALUD","codigoMinsa":9758,"direccion":"CALLE CALLE JOSÉ EGG N° 171, DISTRITO DE POZUZO, PROVINCIA DE OXAPAMPA Y REGIÓN PASCO DISTRITO POZUZO PROVINCIA OXAPAMPA DEPARTAMENTO PASCO","disa":"PASCO","red":"NO PERTENECE A NINGUNA RED","microrred":"NO PERTENECE A NINGUNA MICRORED","categoria":"ESTABLECIMIENTO DE SALUD SIN INTERNAMIENTO","condicion":"ACTIVO","actualizado":"2023/08/01 19:00:00.000","fuente":"MINSA","urlRenipr":"http://app20.susalud.gob.pe:8080/registro-renipress-webapp/ipress.htm?action=mostrarVer&idipress=00009758"}},{"type":"Feature","geometry":{"type":"Point","coordinates":[-75.21666699999997,-9.86666699999995]},"properties":{"objectid":26666,"nombre":"CENTRO MEDICO DE SAN JUAN","departamento":"PASCO","provincia":"PASCO","distrito":"YANACANCHA","institucion":"ESSALUD","codigoMinsa":9750,"direccion":"AVENIDA AV. BOLÍVAR S/N. DISTRITO DE YANACANCHA, PROVINCIA Y REGIÓN DE PASCO NÚMERO S/N DISTRITO YANACANCHA PROVINCIA PASCO DEPARTAMENTO PASCO","disa":"PASCO","red":"NO PERTENECE A NINGUNA RED","microrred":"NO PERTENECE A NINGUNA MICRORED","categoria":"ESTABLECIMIENTO DE SALUD SIN INTERNAMIENTO","condicion":"ACTIVO","actualizado":"2023/08/01 19:00:00.000","fuente":"MINSA","urlRenipr":"http://app20.susalud.gob.pe:8080/registro-renipress-webapp/ipress.htm?action=mostrarVer&idipress=00009750"}},{"type":"Feature","geometry":{"type":"Point","coordinates":[-76.24211849999995,-10.843694599999935]},"properties":{"objectid":26816,"nombre":"establecimiento de salud penitenciario de cochamarca","departamento":"PASCO","provincia":"PASCO","distrito":"VICCO","institucion":"INPE","codigoMinsa":26204,"direccion":"JIRÓN AYACUCHO NÚMERO SN URBANIZACIÓN COCHAMARCA DISTRITO VICCO PROVINCIA PASCO DEPARTAMENTO PASCO","disa":"PASCO","red":"NO PERTENECE A NINGUNA RED","microrred":"NO PERTENECE A NINGUNA MICRORED","categoria":"ESTABLECIMIENTO DE SALUD SIN INTERNAMIENTO","condicion":"ACTIVO","actualizado":"2023/08/01 19:00:00.000","fuente":"MINSA","urlRenipr":"http://app20.susalud.gob.pe:8080/registro-renipress-webapp/ipress.htm?action=mostrarVer&idipress=00026204"}},{"type":"Feature","geometry":{"type":"Point","coordinates":[-76.25311778999998,-10.661537539999927]},"properties":{"objectid":27008,"nombre":"CLÍNICA SUMAK KAWSAY","departamento":"PASCO","provincia":"PASCO","distrito":"YANACANCHA","institucion":"PRIVADO","codigoMinsa":28039,"direccion":"JIRÓN CESAR VALLEJO NÚMERO 1 PISO 1 DEPARTAMENTO 1 INTERIOR 1 DISTRITO YANACANCHA PROVINCIA PASCO DEPARTAMENTO PASCO","disa":"","red":"","microrred":"","categoria":"ESTABLECIMIENTO DE SALUD SIN INTERNAMIENTO","condicion":"RUC INACTIVO EN SUNAT","actualizado":"2023/08/01 19:00:00.000","fuente":"MINSA","urlRenipr":"http://app20.susalud.gob.pe:8080/registro-renipress-webapp/ipress.htm?action=mostrarVer&idipress=00028039"}},{"type":"Feature","geometry":{"type":"Point","coordinates":[-76.25789299999997,-10.687415999999928]},"properties":{"objectid":27115,"nombre":"CENTRO MÉDICO OCUPACIONAL NEW SMILE","departamento":"PASCO","provincia":"PASCO","distrito":"CHAUPIMARCA","institucion":"OTRO","codigoMinsa":31085,"direccion":"JIRÓN Alfonso Rivera NÚMERO 150 MANZANA P LOTE 150 - 160 DISTRITO CHAUPIMARCA PROVINCIA PASCO DEPARTAMENTO PASCO","disa":"PASCO","red":"","microrred":"NO PERTENECE A NINGUNA MICRORED","categoria":"ESTABLECIMIENTO DE SALUD SIN INTERNAMIENTO","condicion":"ACTIVO","actualizado":"2023/08/01 19:00:00.000","fuente":"MINSA","urlRenipr":"http://app20.susalud.gob.pe:8080/registro-renipress-webapp/ipress.htm?action=mostrarVer&idipress=00031085"}},{"type":"Feature","geometry":{"type":"Point","coordinates":[-75.88649805999995,-10.702934569999968]},"properties":{"objectid":28472,"nombre":"RANYAC","departamento":"PASCO","provincia":"PASCO","distrito":"NINACACA","institucion":"GOBIERNO REGIONAL","codigoMinsa":7375,"direccion":"OTROS CASERIO RANYAC DISTRITO NINACACA PROVINCIA PASCO DEPARTAMENTO PASCO","disa":"PASCO","red":"PASCO","microrred":"MESETA","categoria":"ESTABLECIMIENTO DE SALUD SIN INTERNAMIENTO","condicion":"ACTIVO","actualizado":"2023/08/01 19:00:00.000","fuente":"MINSA","urlRenipr":"http://app20.susalud.gob.pe:8080/registro-renipress-webapp/ipress.htm?action=mostrarVer&idipress=00007375"}},{"type":"Feature","geometry":{"type":"Point","coordinates":[-75.73709960999997,-10.60698046999994]},"properties":{"objectid":28473,"nombre":"LUCMA","departamento":"PASCO","provincia":"PASCO","distrito":"HUACHON","institucion":"GOBIERNO REGIONAL","codigoMinsa":7444,"direccion":"JIRÓN JR VIRGEN DEL CARMEN S/N NÚMERO S/N DISTRITO HUACHON PROVINCIA PASCO DEPARTAMENTO PASCO","disa":"PASCO","red":"PASCO","microrred":"MESETA","categoria":"ESTABLECIMIENTO DE SALUD SIN INTERNAMIENTO","condicion":"ACTIVO","actualizado":"2023/08/01 19:00:00.000","fuente":"MINSA","urlRenipr":"http://app20.susalud.gob.pe:8080/registro-renipress-webapp/ipress.htm?action=mostrarVer&idipress=00007444"}},{"type":"Feature","geometry":{"type":"Point","coordinates":[-75.84068999999994,-10.75147499999997]},"properties":{"objectid":28474,"nombre":"CHUPACA","departamento":"PASCO","provincia":"PASCO","distrito":"PAUCARTAMBO","institucion":"GOBIERNO REGIONAL","codigoMinsa":1109,"direccion":"OTROS ACTUALIZAR DISTRITO PAUCARTAMBO PROVINCIA PASCO DEPARTAMENTO PASCO","disa":"PASCO","red":"PASCO","microrred":"PAUCARTAMBO","categoria":"ESTABLECIMIENTO DE SALUD SIN INTERNAMIENTO","condicion":"ACTIVO","actualizado":"2023/08/01 19:00:00.000","fuente":"MINSA","urlRenipr":"http://app20.susalud.gob.pe:8080/registro-renipress-webapp/ipress.htm?action=mostrarVer&idipress=00001109"}},{"type":"Feature","geometry":{"type":"Point","coordinates":[-76.59710708999995,-10.527711529999976]},"properties":{"objectid":28475,"nombre":"CHINCHE RABI","departamento":"PASCO","provincia":"DANIEL ALCIDES CARRION","distrito":"YANAHUANCA","institucion":"GOBIERNO REGIONAL","codigoMinsa":1199,"direccion":"OTROS SAN JUAN BAÑOS DE RABI DISTRITO YANAHUANCA PROVINCIA DANIEL ALCIDES CARRION DEPARTAMENTO PASCO","disa":"PASCO","red":"DANIEL CARRION","microrred":"YANAHUANCA","categoria":"ESTABLECIMIENTO DE SALUD SIN INTERNAMIENTO","condicion":"ACTIVO","actualizado":"2023/08/01 19:00:00.000","fuente":"MINSA","urlRenipr":"http://app20.susalud.gob.pe:8080/registro-renipress-webapp/ipress.htm?action=mostrarVer&idipress=00001199"}},{"type":"Feature","geometry":{"type":"Point","coordinates":[-76.42023597999997,-10.518992279999964]},"properties":{"objectid":28476,"nombre":"SAN MIGUEL DE CUCHIS","departamento":"PASCO","provincia":"DANIEL ALCIDES CARRION","distrito":"VILCABAMBA","institucion":"GOBIERNO REGIONAL","codigoMinsa":1209,"direccion":"OTROS SAN MIGUEL DE CUCHIS S/N NÚMERO S/N DISTRITO VILCABAMBA PROVINCIA DANIEL ALCIDES CARRION DEPARTAMENTO PASCO","disa":"PASCO","red":"DANIEL CARRION","microrred":"CHAUPIHUARANGA","categoria":"ESTABLECIMIENTO DE SALUD SIN INTERNAMIENTO","condicion":"ACTIVO","actualizado":"2023/08/01 19:00:00.000","fuente":"MINSA","urlRenipr":"http://app20.susalud.gob.pe:8080/registro-renipress-webapp/ipress.htm?action=mostrarVer&idipress=00001209"}},{"type":"Feature","geometry":{"type":"Point","coordinates":[-75.70910499999997,-10.748594999999966]},"properties":{"objectid":28477,"nombre":"AUQUIMARCA","departamento":"PASCO","provincia":"PASCO","distrito":"PAUCARTAMBO","institucion":"GOBIERNO REGIONAL","codigoMinsa":1114,"direccion":"CALLE CALLE AQUIMARCA S/N NÚMERO S/N DISTRITO PAUCARTAMBO PROVINCIA PASCO DEPARTAMENTO PASCO","disa":"PASCO","red":"PASCO","microrred":"PAUCARTAMBO","categoria":"ESTABLECIMIENTO DE SALUD SIN INTERNAMIENTO","condicion":"ACTIVO","actualizado":"2023/08/01 19:00:00.000","fuente":"MINSA","urlRenipr":"http://app20.susalud.gob.pe:8080/registro-renipress-webapp/ipress.htm?action=mostrarVer&idipress=00001114"}},{"type":"Feature","geometry":{"type":"Point","coordinates":[-75.27756713999997,-10.133772239999928]},"properties":{"objectid":28478,"nombre":"PUERTO BELEN","departamento":"PASCO","provincia":"OXAPAMPA","distrito":"PALCAZU","institucion":"GOBIERNO REGIONAL","codigoMinsa":1154,"direccion":"OTROS PUERTO BELEN S/N NÚMERO S/N DISTRITO PALCAZU PROVINCIA OXAPAMPA DEPARTAMENTO PASCO","disa":"PASCO","red":"OXAPAMPA","microrred":"PALCAZU","categoria":"ESTABLECIMIENTO DE SALUD SIN INTERNAMIENTO","condicion":"ACTIVO","actualizado":"2023/08/01 19:00:00.000","fuente":"MINSA","urlRenipr":"http://app20.susalud.gob.pe:8080/registro-renipress-webapp/ipress.htm?action=mostrarVer&idipress=00001154"}},{"type":"Feature","geometry":{"type":"Point","coordinates":[-74.97050499999995,-10.04672499999998]},"properties":{"objectid":28479,"nombre":"PUERTO LAGARTO","departamento":"PASCO","provincia":"OXAPAMPA","distrito":"CONSTITUCION","institucion":"GOBIERNO REGIONAL","codigoMinsa":1121,"direccion":"OTROS CC NN PUERTO LAGARTO CC NN PUERTO LAGARTO CONSTITUCION OXAPAMPA PASCO","disa":"PASCO","red":"OXAPAMPA","microrred":"CIUDAD CONSTITUCION","categoria":"ESTABLECIMIENTO DE SALUD SIN INTERNAMIENTO","condicion":"ACTIVO","actualizado":"2023/08/01 19:00:00.000","fuente":"MINSA","urlRenipr":"http://app20.susalud.gob.pe:8080/registro-renipress-webapp/ipress.htm?action=mostrarVer&idipress=00001121"}},{"type":"Feature","geometry":{"type":"Point","coordinates":[-76.51557042999997,-10.491761469999972]},"properties":{"objectid":28480,"nombre":"FREDY VALLEJOS ORE","departamento":"PASCO","provincia":"DANIEL ALCIDES CARRION","distrito":"YANAHUANCA","institucion":"GOBIERNO REGIONAL","codigoMinsa":1218,"direccion":"AVENIDA AV 28 DE JULIO S/N S/N AV 28 DE JULIO S/N YANAHUANCA DANIEL ALCIDES CARRION PASCO","disa":"PASCO","red":"DANIEL CARRION","microrred":"YANAHUANCA","categoria":"ESTABLECIMIENTO DE SALUD CON INTERNAMIENTO","condicion":"ACTIVO","actualizado":"2023/08/01 19:00:00.000","fuente":"MINSA","urlRenipr":"http://app20.susalud.gob.pe:8080/registro-renipress-webapp/ipress.htm?action=mostrarVer&idipress=00001218"}},{"type":"Feature","geometry":{"type":"Point","coordinates":[-76.46343332999999,-10.449613329999977]},"properties":{"objectid":28481,"nombre":"TAPUC","departamento":"PASCO","provincia":"DANIEL ALCIDES CARRION","distrito":"TAPUC","institucion":"GOBIERNO REGIONAL","codigoMinsa":1207,"direccion":"JIRÓN JR JOSE FERREIRA S/N S/N JR JOSE FERREIRA S/N TAPUC DANIEL ALCIDES CARRION PASCO","disa":"PASCO","red":"DANIEL CARRION","microrred":"CHAUPIHUARANGA","categoria":"ESTABLECIMIENTO DE SALUD SIN INTERNAMIENTO","condicion":"ACTIVO","actualizado":"2023/08/01 19:00:00.000","fuente":"MINSA","urlRenipr":"http://app20.susalud.gob.pe:8080/registro-renipress-webapp/ipress.htm?action=mostrarVer&idipress=00001207"}},{"type":"Feature","geometry":{"type":"Point","coordinates":[-74.85427045999995,-10.37475926999997]},"properties":{"objectid":28482,"nombre":"REDENCION NEVATI","departamento":"PASCO","provincia":"OXAPAMPA","distrito":"PUERTO BERMUDEZ","institucion":"GOBIERNO REGIONAL","codigoMinsa":1172,"direccion":"OTROS COMUNIDAD NATIVA REDENCION NEVATI COMUNIDAD NATIVA REDENCION NEVATI PUERTO BERMUDEZ OXAPAMPA PASCO","disa":"PASCO","red":"OXAPAMPA","microrred":"PUERTO BERMUDEZ","categoria":"ESTABLECIMIENTO DE SALUD SIN INTERNAMIENTO","condicion":"ACTIVO","actualizado":"2023/08/01 19:00:00.000","fuente":"MINSA","urlRenipr":"http://app20.susalud.gob.pe:8080/registro-renipress-webapp/ipress.htm?action=mostrarVer&idipress=00001172"}},{"type":"Feature","geometry":{"type":"Point","coordinates":[-76.24899231999996,-10.67610314999996]},"properties":{"objectid":28484,"nombre":"VIRGEN DEL ROSARIO","departamento":"PASCO","provincia":"PASCO","distrito":"YANACANCHA","institucion":"GOBIERNO REGIONAL","codigoMinsa":6904,"direccion":"OTROS AAHH COLUMNA PASCO S/N S/N AAHH COLUMNA PASCO S/N YANACANCHA PASCO PASCO","disa":"PASCO","red":"PASCO","microrred":"CENTRO","categoria":"ESTABLECIMIENTO DE SALUD SIN INTERNAMIENTO","condicion":"ACTIVO","actualizado":"2023/08/01 19:00:00.000","fuente":"MINSA","urlRenipr":"http://app20.susalud.gob.pe:8080/registro-renipress-webapp/ipress.htm?action=mostrarVer&idipress=00006904"}},{"type":"Feature","geometry":{"type":"Point","coordinates":[-74.81896675999997,-10.375230939999938]},"properties":{"objectid":28485,"nombre":"BOCA SAMAYA","departamento":"PASCO","provincia":"OXAPAMPA","distrito":"PUERTO BERMUDEZ","institucion":"GOBIERNO REGIONAL","codigoMinsa":1164,"direccion":"OTROS BOCA SAMAYA S/N S/N BOCA SAMAYA S/N PUERTO BERMUDEZ OXAPAMPA PASCO","disa":"PASCO","red":"OXAPAMPA","microrred":"PUERTO BERMUDEZ","categoria":"ESTABLECIMIENTO DE SALUD SIN INTERNAMIENTO","condicion":"ACTIVO","actualizado":"2023/08/01 19:00:00.000","fuente":"MINSA","urlRenipr":"http://app20.susalud.gob.pe:8080/registro-renipress-webapp/ipress.htm?action=mostrarVer&idipress=00001164"}},{"type":"Feature","geometry":{"type":"Point","coordinates":[-75.17971224999997,-9.895388949999926]},"properties":{"objectid":28486,"nombre":"FLOR DE UN DIA","departamento":"PASCO","provincia":"OXAPAMPA","distrito":"CONSTITUCION","institucion":"GOBIERNO REGIONAL","codigoMinsa":1132,"direccion":"OTROS CC NN FLOR DE UN DIA CC NN FLOR DE UN DIA CONSTITUCION OXAPAMPA PASCO","disa":"PASCO","red":"OXAPAMPA","microrred":"CIUDAD CONSTITUCION","categoria":"ESTABLECIMIENTO DE SALUD SIN INTERNAMIENTO","condicion":"ACTIVO","actualizado":"2023/08/01 19:00:00.000","fuente":"MINSA","urlRenipr":"http://app20.susalud.gob.pe:8080/registro-renipress-webapp/ipress.htm?action=mostrarVer&idipress=00001132"}},{"type":"Feature","geometry":{"type":"Point","coordinates":[-76.12890081999996,-10.508314169999949]},"properties":{"objectid":28487,"nombre":"SAN FRANCISCO DE PUCURHUAY","departamento":"PASCO","provincia":"PASCO","distrito":"TICLACAYAN","institucion":"GOBIERNO REGIONAL","codigoMinsa":1029,"direccion":"OTROS PUCURHUAY S/N NÚMERO S/N DISTRITO TICLACAYAN PROVINCIA PASCO DEPARTAMENTO PASCO","disa":"PASCO","red":"PASCO","microrred":"HUARIACA","categoria":"ESTABLECIMIENTO DE SALUD SIN INTERNAMIENTO","condicion":"ACTIVO","actualizado":"2023/08/01 19:00:00.000","fuente":"MINSA","urlRenipr":"http://app20.susalud.gob.pe:8080/registro-renipress-webapp/ipress.htm?action=mostrarVer&idipress=00001029"}},{"type":"Feature","geometry":{"type":"Point","coordinates":[-76.22233923999994,-10.81384928999995]},"properties":{"objectid":28488,"nombre":"SHELBY","departamento":"PASCO","provincia":"PASCO","distrito":"VICCO","institucion":"GOBIERNO REGIONAL","codigoMinsa":1070,"direccion":"OTROS SHELBY DISTRITO VICCO PROVINCIA PASCO DEPARTAMENTO PASCO","disa":"PASCO","red":"PASCO","microrred":"MESETA","categoria":"ESTABLECIMIENTO DE SALUD SIN INTERNAMIENTO","condicion":"ACTIVO","actualizado":"2023/08/01 19:00:00.000","fuente":"MINSA","urlRenipr":"http://app20.susalud.gob.pe:8080/registro-renipress-webapp/ipress.htm?action=mostrarVer&idipress=00001070"}},{"type":"Feature","geometry":{"type":"Point","coordinates":[-76.18996609999994,-10.637674899999979]},"properties":{"objectid":28502,"nombre":"CENTRO MEDICO ESPECIALIZADO ARMAS","departamento":"PASCO","provincia":"PASCO","distrito":"YANACANCHA","institucion":"PRIVADO","codigoMinsa":23698,"direccion":"AVENIDA MICAELA BASTIDAS NÚMERO 317 MANZANA E LOTE 11 URBANIZACIÓN SAN JUAN DISTRITO YANACANCHA PROVINCIA PASCO DEPARTAMENTO PASCO","disa":"","red":"","microrred":"","categoria":"ESTABLECIMIENTO DE SALUD SIN INTERNAMIENTO","condicion":"ACTIVO","actualizado":"2023/08/01 19:00:00.000","fuente":"MINSA","urlRenipr":"http://app20.susalud.gob.pe:8080/registro-renipress-webapp/ipress.htm?action=mostrarVer&idipress=00023698"}},{"type":"Feature","geometry":{"type":"Point","coordinates":[-76.27940375999998,-10.68584035999993]},"properties":{"objectid":28632,"nombre":"POSTA MEDICA PLANTA DE OXIDOS - EFECTIVA SALUD SAC","departamento":"PASCO","provincia":"PASCO","distrito":"SIMON BOLIVAR","institucion":"PRIVADO","codigoMinsa":29255,"direccion":"URBANIZACIÓN CENTRO POBLADO DE PARAGSHA DISTRITO SIMON BOLIVAR PROVINCIA PASCO DEPARTAMENTO PASCO","disa":"PASCO","red":"","microrred":"","categoria":"ESTABLECIMIENTO DE SALUD SIN INTERNAMIENTO","condicion":"ACTIVO","actualizado":"2023/08/01 19:00:00.000","fuente":"MINSA","urlRenipr":"http://app20.susalud.gob.pe:8080/registro-renipress-webapp/ipress.htm?action=mostrarVer&idipress=00029255"}},{"type":"Feature","geometry":{"type":"Point","coordinates":[-75.40001099999995,-10.575023699999974]},"properties":{"objectid":28750,"nombre":"POLICLINICO SANTO REMEDIO","departamento":"PASCO","provincia":"OXAPAMPA","distrito":"OXAPAMPA","institucion":"PRIVADO","codigoMinsa":27544,"direccion":"JIRÓN LIMA CUADRA 2 DISTRITO OXAPAMPA PROVINCIA OXAPAMPA DEPARTAMENTO PASCO","disa":"","red":"","microrred":"","categoria":"ESTABLECIMIENTO DE SALUD SIN INTERNAMIENTO","condicion":"RETIRO VOLUNTARIO","actualizado":"2023/08/01 19:00:00.000","fuente":"MINSA","urlRenipr":"http://app20.susalud.gob.pe:8080/registro-renipress-webapp/ipress.htm?action=mostrarVer&idipress=00027544"}},{"type":"Feature","geometry":{"type":"Point","coordinates":[-76.25919703999995,-10.667455849999953]},"properties":{"objectid":29197,"nombre":"CENTRO MEDICO SAN LUIS","departamento":"PASCO","provincia":"PASCO","distrito":"YANACANCHA","institucion":"PRIVADO","codigoMinsa":31292,"direccion":"AVENIDA EL MINERO NÚMERO 381 MANZANA L LOTE 04 URBANIZACIÓN VEINTISIETE DE NOVIEMBRE DISTRITO YANACANCHA PROVINCIA PASCO DEPARTAMENTO PASCO","disa":"PASCO","red":"","microrred":"","categoria":"ESTABLECIMIENTO DE SALUD SIN INTERNAMIENTO","condicion":"ACTIVO","actualizado":"2023/08/01 19:00:00.000","fuente":"MINSA","urlRenipr":"http://app20.susalud.gob.pe:8080/registro-renipress-webapp/ipress.htm?action=mostrarVer&idipress=00031292"}},{"type":"Feature","geometry":{"type":"Point","coordinates":[-75.66739303999998,-10.501409259999946]},"properties":{"objectid":30558,"nombre":"MALLAMPAMPA","departamento":"PASCO","provincia":"OXAPAMPA","distrito":"HUANCABAMBA","institucion":"GOBIERNO REGIONAL","codigoMinsa":1074,"direccion":"OTROS MALLAPAMPA S/N S/N MALLAPAMPA S/N HUANCABAMBA OXAPAMPA PASCO","disa":"PASCO","red":"OXAPAMPA","microrred":"HUANCABAMBA","categoria":"ESTABLECIMIENTO DE SALUD SIN INTERNAMIENTO","condicion":"ACTIVO","actualizado":"2023/08/01 19:00:00.000","fuente":"MINSA","urlRenipr":"http://app20.susalud.gob.pe:8080/registro-renipress-webapp/ipress.htm?action=mostrarVer&idipress=00001074"}},{"type":"Feature","geometry":{"type":"Point","coordinates":[-74.96170620999999,-9.900999939999963]},"properties":{"objectid":30559,"nombre":"CENTRO YARINA","departamento":"PASCO","provincia":"OXAPAMPA","distrito":"CONSTITUCION","institucion":"GOBIERNO REGIONAL","codigoMinsa":1126,"direccion":"OTROS CC NN CENTRO YARINA DISTRITO CONSTITUCION PROVINCIA OXAPAMPA DEPARTAMENTO PASCO","disa":"PASCO","red":"OXAPAMPA","microrred":"CIUDAD CONSTITUCION","categoria":"ESTABLECIMIENTO DE SALUD SIN INTERNAMIENTO","condicion":"ACTIVO","actualizado":"2023/08/01 19:00:00.000","fuente":"MINSA","urlRenipr":"http://app20.susalud.gob.pe:8080/registro-renipress-webapp/ipress.htm?action=mostrarVer&idipress=00001126"}},{"type":"Feature","geometry":{"type":"Point","coordinates":[-75.07193221999995,-10.376658899999939]},"properties":{"objectid":30560,"nombre":"NUEVA ALDEA","departamento":"PASCO","provincia":"OXAPAMPA","distrito":"PALCAZU","institucion":"GOBIERNO REGIONAL","codigoMinsa":1134,"direccion":"OTROS NUEVA ALDEA S/N S/N NUEVA ALDEA S/N PALCAZU OXAPAMPA PASCO","disa":"PASCO","red":"OXAPAMPA","microrred":"PALCAZU","categoria":"ESTABLECIMIENTO DE SALUD SIN INTERNAMIENTO","condicion":"ACTIVO","actualizado":"2023/08/01 19:00:00.000","fuente":"MINSA","urlRenipr":"http://app20.susalud.gob.pe:8080/registro-renipress-webapp/ipress.htm?action=mostrarVer&idipress=00001134"}},{"type":"Feature","geometry":{"type":"Point","coordinates":[-76.27745359999994,-10.427691139999979]},"properties":{"objectid":30561,"nombre":"PARIACANCHA","departamento":"PASCO","provincia":"PASCO","distrito":"PALLANCHACRA","institucion":"GOBIERNO REGIONAL","codigoMinsa":1034,"direccion":"OTROS VINCHOS S/N NÚMERO S/N DISTRITO PALLANCHACRA PROVINCIA PASCO DEPARTAMENTO PASCO","disa":"PASCO","red":"PASCO","microrred":"HUARIACA","categoria":"ESTABLECIMIENTO DE SALUD SIN INTERNAMIENTO","condicion":"ACTIVO","actualizado":"2023/08/01 19:00:00.000","fuente":"MINSA","urlRenipr":"http://app20.susalud.gob.pe:8080/registro-renipress-webapp/ipress.htm?action=mostrarVer&idipress=00001034"}},{"type":"Feature","geometry":{"type":"Point","coordinates":[-76.11354308999995,-10.639848269999959]},"properties":{"objectid":30562,"nombre":"SAN JUAN DE YANACACHI","departamento":"PASCO","provincia":"PASCO","distrito":"TICLACAYAN","institucion":"GOBIERNO REGIONAL","codigoMinsa":1041,"direccion":"OTROS YANACACHI S/N NÚMERO S/N DISTRITO TICLACAYAN PROVINCIA PASCO DEPARTAMENTO PASCO","disa":"PASCO","red":"PASCO","microrred":"HUARIACA","categoria":"ESTABLECIMIENTO DE SALUD SIN INTERNAMIENTO","condicion":"ACTIVO","actualizado":"2023/08/01 19:00:00.000","fuente":"MINSA","urlRenipr":"http://app20.susalud.gob.pe:8080/registro-renipress-webapp/ipress.htm?action=mostrarVer&idipress=00001041"}},{"type":"Feature","geometry":{"type":"Point","coordinates":[-76.59677497999996,-10.552080359999934]},"properties":{"objectid":30563,"nombre":"LLICLLAO","departamento":"PASCO","provincia":"DANIEL ALCIDES CARRION","distrito":"YANAHUANCA","institucion":"GOBIERNO REGIONAL","codigoMinsa":1196,"direccion":"OTROS LLICLLAO DISTRITO YANAHUANCA PROVINCIA DANIEL ALCIDES CARRION DEPARTAMENTO PASCO","disa":"PASCO","red":"DANIEL CARRION","microrred":"YANAHUANCA","categoria":"ESTABLECIMIENTO DE SALUD SIN INTERNAMIENTO","condicion":"ACTIVO","actualizado":"2023/08/01 19:00:00.000","fuente":"MINSA","urlRenipr":"http://app20.susalud.gob.pe:8080/registro-renipress-webapp/ipress.htm?action=mostrarVer&idipress=00001196"}},{"type":"Feature","geometry":{"type":"Point","coordinates":[-76.29150666999999,-10.472954999999956]},"properties":{"objectid":30564,"nombre":"CUYAGHUAYIN","departamento":"PASCO","provincia":"DANIEL ALCIDES CARRION","distrito":"SANTA ANA DE TUSI","institucion":"GOBIERNO REGIONAL","codigoMinsa":7305,"direccion":"OTROS CUYAGUAYIN S/N NÚMERO S/N DISTRITO SANTA ANA DE TUSI PROVINCIA DANIEL ALCIDES CARRION DEPARTAMENTO PASCO","disa":"PASCO","red":"DANIEL CARRION","microrred":"TUSI","categoria":"ESTABLECIMIENTO DE SALUD SIN INTERNAMIENTO","condicion":"ACTIVO","actualizado":"2023/08/01 19:00:00.000","fuente":"MINSA","urlRenipr":"http://app20.susalud.gob.pe:8080/registro-renipress-webapp/ipress.htm?action=mostrarVer&idipress=00007305"}},{"type":"Feature","geometry":{"type":"Point","coordinates":[-76.39393666999996,-10.667981659999953]},"properties":{"objectid":30565,"nombre":"SANTA ANA DE PACOYAN","departamento":"PASCO","provincia":"PASCO","distrito":"SIMON BOLIVAR","institucion":"GOBIERNO REGIONAL","codigoMinsa":988,"direccion":"PLAZA PLAZA PRINCIPAL S/N PACOYAN NÚMERO S/N DISTRITO SIMON BOLIVAR PROVINCIA PASCO DEPARTAMENTO PASCO","disa":"PASCO","red":"PASCO","microrred":"SIMON BOLIVAR","categoria":"ESTABLECIMIENTO DE SALUD SIN INTERNAMIENTO","condicion":"ACTIVO","actualizado":"2023/08/01 19:00:00.000","fuente":"MINSA","urlRenipr":"http://app20.susalud.gob.pe:8080/registro-renipress-webapp/ipress.htm?action=mostrarVer&idipress=00000988"}},{"type":"Feature","geometry":{"type":"Point","coordinates":[-76.52107343999995,-10.630534359999956]},"properties":{"objectid":30567,"nombre":"ANDACHACA","departamento":"PASCO","provincia":"DANIEL ALCIDES CARRION","distrito":"YANAHUANCA","institucion":"GOBIERNO REGIONAL","codigoMinsa":1230,"direccion":"OTROS ANDACHACA DISTRITO YANAHUANCA PROVINCIA DANIEL ALCIDES CARRION DEPARTAMENTO PASCO","disa":"PASCO","red":"DANIEL CARRION","microrred":"YANAHUANCA","categoria":"ESTABLECIMIENTO DE SALUD SIN INTERNAMIENTO","condicion":"ACTIVO","actualizado":"2023/08/01 19:00:00.000","fuente":"MINSA","urlRenipr":"http://app20.susalud.gob.pe:8080/registro-renipress-webapp/ipress.htm?action=mostrarVer&idipress=00001230"}},{"type":"Feature","geometry":{"type":"Point","coordinates":[-76.31511666999995,-10.957533329999933]},"properties":{"objectid":30568,"nombre":"CANCHACUCHO","departamento":"PASCO","provincia":"PASCO","distrito":"HUAYLLAY","institucion":"GOBIERNO REGIONAL","codigoMinsa":1053,"direccion":"OTROS CAMCHACUCHO S/N NÚMERO S/N DISTRITO HUAYLLAY PROVINCIA PASCO DEPARTAMENTO PASCO","disa":"PASCO","red":"PASCO","microrred":"MESETA","categoria":"ESTABLECIMIENTO DE SALUD SIN INTERNAMIENTO","condicion":"ACTIVO","actualizado":"2023/08/01 19:00:00.000","fuente":"MINSA","urlRenipr":"http://app20.susalud.gob.pe:8080/registro-renipress-webapp/ipress.htm?action=mostrarVer&idipress=00001053"}},{"type":"Feature","geometry":{"type":"Point","coordinates":[-76.16129253999998,-10.594920239999965]},"properties":{"objectid":30569,"nombre":"RACRAYTINGO","departamento":"PASCO","provincia":"PASCO","distrito":"TICLACAYAN","institucion":"GOBIERNO REGIONAL","codigoMinsa":1040,"direccion":"OTROS RACRAYTINGO S/N NÚMERO S/N DISTRITO TICLACAYAN PROVINCIA PASCO DEPARTAMENTO PASCO","disa":"PASCO","red":"PASCO","microrred":"HUARIACA","categoria":"ESTABLECIMIENTO DE SALUD SIN INTERNAMIENTO","condicion":"ACTIVO","actualizado":"2023/08/01 19:00:00.000","fuente":"MINSA","urlRenipr":"http://app20.susalud.gob.pe:8080/registro-renipress-webapp/ipress.htm?action=mostrarVer&idipress=00001040"}},{"type":"Feature","geometry":{"type":"Point","coordinates":[-75.54702666999998,-9.848769999999945]},"properties":{"objectid":30570,"nombre":"ASCENCION","departamento":"PASCO","provincia":"OXAPAMPA","distrito":"POZUZO","institucion":"GOBIERNO REGIONAL","codigoMinsa":1104,"direccion":"OTROS CENTRO POBLADO ASCENCION CENTRO POBLADO ASCENCION POZUZO OXAPAMPA PASCO","disa":"PASCO","red":"OXAPAMPA","microrred":"POZUZO","categoria":"ESTABLECIMIENTO DE SALUD SIN INTERNAMIENTO","condicion":"ACTIVO","actualizado":"2023/08/01 19:00:00.000","fuente":"MINSA","urlRenipr":"http://app20.susalud.gob.pe:8080/registro-renipress-webapp/ipress.htm?action=mostrarVer&idipress=00001104"}},{"type":"Feature","geometry":{"type":"Point","coordinates":[-76.31606999999997,-10.492359999999962]},"properties":{"objectid":30571,"nombre":"CALLHUAN","departamento":"PASCO","provincia":"DANIEL ALCIDES CARRION","distrito":"SANTA ANA DE TUSI","institucion":"GOBIERNO REGIONAL","codigoMinsa":1002,"direccion":"OTROS CALLHUAN S/N NÚMERO S/N DISTRITO SANTA ANA DE TUSI PROVINCIA DANIEL ALCIDES CARRION DEPARTAMENTO PASCO","disa":"PASCO","red":"DANIEL CARRION","microrred":"TUSI","categoria":"ESTABLECIMIENTO DE SALUD SIN INTERNAMIENTO","condicion":"ACTIVO","actualizado":"2023/08/01 19:00:00.000","fuente":"MINSA","urlRenipr":"http://app20.susalud.gob.pe:8080/registro-renipress-webapp/ipress.htm?action=mostrarVer&idipress=00001002"}},{"type":"Feature","geometry":{"type":"Point","coordinates":[-76.25719313999997,-10.687982949999935]},"properties":{"objectid":30732,"nombre":"CENTRO MEDICO HOLISTICA","departamento":"PASCO","provincia":"PASCO","distrito":"CHAUPIMARCA","institucion":"PRIVADO","codigoMinsa":30818,"direccion":"AVENIDA LA PLATA NÚMERO 5 DISTRITO CHAUPIMARCA PROVINCIA PASCO DEPARTAMENTO PASCO","disa":"PASCO","red":"","microrred":"","categoria":"ESTABLECIMIENTO DE SALUD SIN INTERNAMIENTO","condicion":"ACTIVO","actualizado":"2023/08/01 19:00:00.000","fuente":"MINSA","urlRenipr":"http://app20.susalud.gob.pe:8080/registro-renipress-webapp/ipress.htm?action=mostrarVer&idipress=00030818"}},{"type":"Feature","geometry":{"type":"Point","coordinates":[-75.72760975999995,-10.763140599999929]},"properties":{"objectid":30755,"nombre":"POSTA MEDICA DE PAUCARTAMBO","departamento":"PASCO","provincia":"PASCO","distrito":"PAUCARTAMBO","institucion":"ESSALUD","codigoMinsa":9762,"direccion":"AVENIDA AV. FRATERNIDAD S/N. DISTRITO DE PAUCARTAMBO, PROVINCIA Y REGIÓN DE PASCO NÚMERO S/N DISTRITO PAUCARTAMBO PROVINCIA PASCO DEPARTAMENTO PASCO","disa":"PASCO","red":"NO PERTENECE A NINGUNA RED","microrred":"NO PERTENECE A NINGUNA MICRORED","categoria":"ESTABLECIMIENTO DE SALUD SIN INTERNAMIENTO","condicion":"ACTIVO","actualizado":"2023/08/01 19:00:00.000","fuente":"MINSA","urlRenipr":"http://app20.susalud.gob.pe:8080/registro-renipress-webapp/ipress.htm?action=mostrarVer&idipress=00009762"}},{"type":"Feature","geometry":{"type":"Point","coordinates":[-76.25669329999994,-10.686665399999981]},"properties":{"objectid":30877,"nombre":"CENTRO MEDICO ESPECIALIZADO CAYETANO HEREDIA E.I.R.L","departamento":"PASCO","provincia":"PASCO","distrito":"CHAUPIMARCA","institucion":"PRIVADO","codigoMinsa":26837,"direccion":"AVENIDA CIRCUNVALACION ARENALES NÚMERO 4 PISO 2 MANZANA F LOTE 5 DISTRITO CHAUPIMARCA PROVINCIA PASCO DEPARTAMENTO PASCO","disa":"PASCO","red":"NO PERTENECE A NINGUNA RED","microrred":"NO PERTENECE A NINGUNA MICRORED","categoria":"ESTABLECIMIENTO DE SALUD SIN INTERNAMIENTO","condicion":"ACTIVO","actualizado":"2023/08/01 19:00:00.000","fuente":"MINSA","urlRenipr":"http://app20.susalud.gob.pe:8080/registro-renipress-webapp/ipress.htm?action=mostrarVer&idipress=00026837"}},{"type":"Feature","geometry":{"type":"Point","coordinates":[-76.33422999999993,-10.50941666999995]},"properties":{"objectid":32659,"nombre":"VILLA CORAZON DE JESUS","departamento":"PASCO","provincia":"DANIEL ALCIDES CARRION","distrito":"SANTA ANA DE TUSI","institucion":"GOBIERNO REGIONAL","codigoMinsa":1004,"direccion":"OTROS VILLA CORAZON DE JESUS S/N NÚMERO S/N DISTRITO SANTA ANA DE TUSI PROVINCIA DANIEL ALCIDES CARRION DEPARTAMENTO PASCO","disa":"PASCO","red":"DANIEL CARRION","microrred":"TUSI","categoria":"ESTABLECIMIENTO DE SALUD SIN INTERNAMIENTO","condicion":"ACTIVO","actualizado":"2023/08/01 19:00:00.000","fuente":"MINSA","urlRenipr":"http://app20.susalud.gob.pe:8080/registro-renipress-webapp/ipress.htm?action=mostrarVer&idipress=00001004"}},{"type":"Feature","geometry":{"type":"Point","coordinates":[-76.64174832999998,-10.334433329999968]},"properties":{"objectid":32660,"nombre":"OCHO DE DICIEMBRE","departamento":"PASCO","provincia":"DANIEL ALCIDES CARRION","distrito":"PAUCAR","institucion":"GOBIERNO REGIONAL","codigoMinsa":1191,"direccion":"OTROS OCHO DE DICIEMBRE DISTRITO PAUCAR PROVINCIA DANIEL ALCIDES CARRION DEPARTAMENTO PASCO","disa":"PASCO","red":"DANIEL CARRION","microrred":"YANAHUANCA","categoria":"ESTABLECIMIENTO DE SALUD SIN INTERNAMIENTO","condicion":"ACTIVO","actualizado":"2023/08/01 19:00:00.000","fuente":"MINSA","urlRenipr":"http://app20.susalud.gob.pe:8080/registro-renipress-webapp/ipress.htm?action=mostrarVer&idipress=00001191"}},{"type":"Feature","geometry":{"type":"Point","coordinates":[-76.11333588999997,-10.855905279999945]},"properties":{"objectid":32661,"nombre":"NINACACA","departamento":"PASCO","provincia":"PASCO","distrito":"NINACACA","institucion":"GOBIERNO REGIONAL","codigoMinsa":1060,"direccion":"OTROS NINACACA NINACACA NINACACA PASCO PASCO","disa":"PASCO","red":"PASCO","microrred":"MESETA","categoria":"ESTABLECIMIENTO DE SALUD SIN INTERNAMIENTO","condicion":"ACTIVO","actualizado":"2023/08/01 19:00:00.000","fuente":"MINSA","urlRenipr":"http://app20.susalud.gob.pe:8080/registro-renipress-webapp/ipress.htm?action=mostrarVer&idipress=00001060"}},{"type":"Feature","geometry":{"type":"Point","coordinates":[-76.18570553999996,-10.535433439999963]},"properties":{"objectid":32662,"nombre":"CAJAMARQUILLA","departamento":"PASCO","provincia":"PASCO","distrito":"YANACANCHA","institucion":"GOBIERNO REGIONAL","codigoMinsa":1044,"direccion":"CARRETERA CARRETERA CENTRAL S/N CAJAMARQUILLA NÚMERO S/N DISTRITO YANACANCHA PROVINCIA PASCO DEPARTAMENTO PASCO","disa":"PASCO","red":"PASCO","microrred":"CENTRO","categoria":"ESTABLECIMIENTO DE SALUD SIN INTERNAMIENTO","condicion":"ACTIVO","actualizado":"2023/08/01 19:00:00.000","fuente":"MINSA","urlRenipr":"http://app20.susalud.gob.pe:8080/registro-renipress-webapp/ipress.htm?action=mostrarVer&idipress=00001044"}},{"type":"Feature","geometry":{"type":"Point","coordinates":[-75.73437499999994,-10.81327166999995]},"properties":{"objectid":32663,"nombre":"TALLAPAMPA","departamento":"PASCO","provincia":"PASCO","distrito":"PAUCARTAMBO","institucion":"GOBIERNO REGIONAL","codigoMinsa":1115,"direccion":"OTROS TALLAPAMPA S/N NÚMERO S/N DISTRITO PAUCARTAMBO PROVINCIA PASCO DEPARTAMENTO PASCO","disa":"PASCO","red":"PASCO","microrred":"PAUCARTAMBO","categoria":"ESTABLECIMIENTO DE SALUD SIN INTERNAMIENTO","condicion":"ACTIVO","actualizado":"2023/08/01 19:00:00.000","fuente":"MINSA","urlRenipr":"http://app20.susalud.gob.pe:8080/registro-renipress-webapp/ipress.htm?action=mostrarVer&idipress=00001115"}},{"type":"Feature","geometry":{"type":"Point","coordinates":[-76.25576666999996,-10.66362332999995]},"properties":{"objectid":32664,"nombre":"VIRGEN DEL CARMEN","departamento":"PASCO","provincia":"PASCO","distrito":"YANACANCHA","institucion":"GOBIERNO REGIONAL","codigoMinsa":6801,"direccion":"AVENIDA AV LOS PROCERES S/N SAN JUAN PAMPA S/N AV LOS PROCERES S/N SAN JUAN PAMPA YANACANCHA PASCO PASCO","disa":"PASCO","red":"PASCO","microrred":"CENTRO","categoria":"ESTABLECIMIENTO DE SALUD SIN INTERNAMIENTO","condicion":"ACTIVO","actualizado":"2023/08/01 19:00:00.000","fuente":"MINSA","urlRenipr":"http://app20.susalud.gob.pe:8080/registro-renipress-webapp/ipress.htm?action=mostrarVer&idipress=00006801"}},{"type":"Feature","geometry":{"type":"Point","coordinates":[-76.35809999999998,-10.532586669999944]},"properties":{"objectid":32665,"nombre":"SAN JUAN DE HUAGLAYOG","departamento":"PASCO","provincia":"DANIEL ALCIDES CARRION","distrito":"SANTA ANA DE TUSI","institucion":"GOBIERNO REGIONAL","codigoMinsa":1005,"direccion":"OTROS HUAGLAYOG DISTRITO SANTA ANA DE TUSI PROVINCIA DANIEL ALCIDES CARRION DEPARTAMENTO PASCO","disa":"PASCO","red":"DANIEL CARRION","microrred":"TUSI","categoria":"ESTABLECIMIENTO DE SALUD SIN INTERNAMIENTO","condicion":"ACTIVO","actualizado":"2023/08/01 19:00:00.000","fuente":"MINSA","urlRenipr":"http://app20.susalud.gob.pe:8080/registro-renipress-webapp/ipress.htm?action=mostrarVer&idipress=00001005"}},{"type":"Feature","geometry":{"type":"Point","coordinates":[-75.63003155999996,-9.886727459999975]},"properties":{"objectid":32666,"nombre":"SAN JOSE","departamento":"PASCO","provincia":"OXAPAMPA","distrito":"POZUZO","institucion":"GOBIERNO REGIONAL","codigoMinsa":1095,"direccion":"OTROS CENTRO POBLADO SAN JOSE S/N S/N CENTRO POBLADO SAN JOSE S/N POZUZO OXAPAMPA PASCO","disa":"PASCO","red":"OXAPAMPA","microrred":"POZUZO","categoria":"ESTABLECIMIENTO DE SALUD SIN INTERNAMIENTO","condicion":"ACTIVO","actualizado":"2023/08/01 19:00:00.000","fuente":"MINSA","urlRenipr":"http://app20.susalud.gob.pe:8080/registro-renipress-webapp/ipress.htm?action=mostrarVer&idipress=00001095"}},{"type":"Feature","geometry":{"type":"Point","coordinates":[-75.04850698999996,-9.971151369999973]},"properties":{"objectid":32667,"nombre":"LORENCILLO I","departamento":"PASCO","provincia":"OXAPAMPA","distrito":"CONSTITUCION","institucion":"GOBIERNO REGIONAL","codigoMinsa":1130,"direccion":"OTROS CENTRO POBLADO LORENCILLO I CENTRO POBLADO LORENCILLO I CONSTITUCION OXAPAMPA PASCO","disa":"PASCO","red":"OXAPAMPA","microrred":"CIUDAD CONSTITUCION","categoria":"ESTABLECIMIENTO DE SALUD SIN INTERNAMIENTO","condicion":"ACTIVO","actualizado":"2023/08/01 19:00:00.000","fuente":"MINSA","urlRenipr":"http://app20.susalud.gob.pe:8080/registro-renipress-webapp/ipress.htm?action=mostrarVer&idipress=00001130"}},{"type":"Feature","geometry":{"type":"Point","coordinates":[-76.53440015999996,-10.59375977999997]},"properties":{"objectid":32668,"nombre":"SANTIAGO PAMPA","departamento":"PASCO","provincia":"DANIEL ALCIDES CARRION","distrito":"YANAHUANCA","institucion":"GOBIERNO REGIONAL","codigoMinsa":1221,"direccion":"OTROS SANTIAGO PAMPA DISTRITO YANAHUANCA PROVINCIA DANIEL ALCIDES CARRION DEPARTAMENTO PASCO","disa":"PASCO","red":"DANIEL CARRION","microrred":"YANAHUANCA","categoria":"ESTABLECIMIENTO DE SALUD SIN INTERNAMIENTO","condicion":"ACTIVO","actualizado":"2023/08/01 19:00:00.000","fuente":"MINSA","urlRenipr":"http://app20.susalud.gob.pe:8080/registro-renipress-webapp/ipress.htm?action=mostrarVer&idipress=00001221"}},{"type":"Feature","geometry":{"type":"Point","coordinates":[-76.58712812999994,-10.53258521999993]},"properties":{"objectid":32669,"nombre":"CHOCOPATA","departamento":"PASCO","provincia":"DANIEL ALCIDES CARRION","distrito":"YANAHUANCA","institucion":"GOBIERNO REGIONAL","codigoMinsa":1193,"direccion":"OTROS CHOCOPATA DISTRITO YANAHUANCA PROVINCIA DANIEL ALCIDES CARRION DEPARTAMENTO PASCO","disa":"PASCO","red":"DANIEL CARRION","microrred":"YANAHUANCA","categoria":"ESTABLECIMIENTO DE SALUD SIN INTERNAMIENTO","condicion":"ACTIVO","actualizado":"2023/08/01 19:00:00.000","fuente":"MINSA","urlRenipr":"http://app20.susalud.gob.pe:8080/registro-renipress-webapp/ipress.htm?action=mostrarVer&idipress=00001193"}},{"type":"Feature","geometry":{"type":"Point","coordinates":[-75.25585999999998,-10.796214999999961]},"properties":{"objectid":32670,"nombre":"CEDROPAMPA","departamento":"PASCO","provincia":"OXAPAMPA","distrito":"VILLA RICA","institucion":"GOBIERNO REGIONAL","codigoMinsa":1186,"direccion":"OTROS CENTRO POBLADO CEDROPAMPA CENTRO POBLADO CEDROPAMPA VILLA RICA OXAPAMPA PASCO","disa":"PASCO","red":"OXAPAMPA","microrred":"VILLA RICA","categoria":"ESTABLECIMIENTO DE SALUD SIN INTERNAMIENTO","condicion":"ACTIVO","actualizado":"2023/08/01 19:00:00.000","fuente":"MINSA","urlRenipr":"http://app20.susalud.gob.pe:8080/registro-renipress-webapp/ipress.htm?action=mostrarVer&idipress=00001186"}},{"type":"Feature","geometry":{"type":"Point","coordinates":[-76.53850699999998,-10.647395549999942]},"properties":{"objectid":32671,"nombre":"POMAYAROS","departamento":"PASCO","provincia":"DANIEL ALCIDES CARRION","distrito":"YANAHUANCA","institucion":"GOBIERNO REGIONAL","codigoMinsa":1227,"direccion":"OTROS POMAYAROS DISTRITO YANAHUANCA PROVINCIA DANIEL ALCIDES CARRION DEPARTAMENTO PASCO","disa":"PASCO","red":"DANIEL CARRION","microrred":"YANAHUANCA","categoria":"ESTABLECIMIENTO DE SALUD SIN INTERNAMIENTO","condicion":"ACTIVO","actualizado":"2023/08/01 19:00:00.000","fuente":"MINSA","urlRenipr":"http://app20.susalud.gob.pe:8080/registro-renipress-webapp/ipress.htm?action=mostrarVer&idipress=00001227"}},{"type":"Feature","geometry":{"type":"Point","coordinates":[-76.36157999999995,-10.999564999999961]},"properties":{"objectid":32672,"nombre":"HUAYLLAY","departamento":"PASCO","provincia":"PASCO","distrito":"HUAYLLAY","institucion":"GOBIERNO REGIONAL","codigoMinsa":1051,"direccion":"OTROS HUAYLLAY HUAYLLAY HUAYLLAY PASCO PASCO","disa":"PASCO","red":"PASCO","microrred":"MESETA","categoria":"ESTABLECIMIENTO DE SALUD SIN INTERNAMIENTO","condicion":"ACTIVO","actualizado":"2023/08/01 19:00:00.000","fuente":"MINSA","urlRenipr":"http://app20.susalud.gob.pe:8080/registro-renipress-webapp/ipress.htm?action=mostrarVer&idipress=00001051"}},{"type":"Feature","geometry":{"type":"Point","coordinates":[-76.24774755999994,-10.585085689999971]},"properties":{"objectid":32673,"nombre":"HUANCAMACHAY","departamento":"PASCO","provincia":"PASCO","distrito":"SAN FRANCISCO DE ASIS DE YARUSYACAN","institucion":"GOBIERNO REGIONAL","codigoMinsa":1022,"direccion":"OTROS CPM HUANCAMACHAY DISTRITO SAN FCO DE ASIS DE YARUSYACAN PROVINCIA PASCO DEPARTAMENTO PASCO","disa":"PASCO","red":"PASCO","microrred":"CENTRO","categoria":"ESTABLECIMIENTO DE SALUD SIN INTERNAMIENTO","condicion":"ACTIVO","actualizado":"2023/08/01 19:00:00.000","fuente":"MINSA","urlRenipr":"http://app20.susalud.gob.pe:8080/registro-renipress-webapp/ipress.htm?action=mostrarVer&idipress=00001022"}},{"type":"Feature","geometry":{"type":"Point","coordinates":[-76.20602826999993,-10.514991559999942]},"properties":{"objectid":32674,"nombre":"MISHARAN","departamento":"PASCO","provincia":"PASCO","distrito":"SAN FRANCISCO DE ASIS DE YARUSYACAN","institucion":"GOBIERNO REGIONAL","codigoMinsa":1020,"direccion":"OTROS CPM MISHARAN DISTRITO SAN FCO DE ASIS DE YARUSYACAN PROVINCIA PASCO DEPARTAMENTO PASCO","disa":"PASCO","red":"PASCO","microrred":"CENTRO","categoria":"ESTABLECIMIENTO DE SALUD SIN INTERNAMIENTO","condicion":"ACTIVO","actualizado":"2023/08/01 19:00:00.000","fuente":"MINSA","urlRenipr":"http://app20.susalud.gob.pe:8080/registro-renipress-webapp/ipress.htm?action=mostrarVer&idipress=00001020"}},{"type":"Feature","geometry":{"type":"Point","coordinates":[-76.25007343999994,-10.54668788999993]},"properties":{"objectid":32675,"nombre":"ANASQUIZQUE","departamento":"PASCO","provincia":"PASCO","distrito":"YANACANCHA","institucion":"GOBIERNO REGIONAL","codigoMinsa":1012,"direccion":"OTROS CASERIO ANASQUISQUE DISTRITO YANACANCHA PROVINCIA PASCO DEPARTAMENTO PASCO","disa":"PASCO","red":"PASCO","microrred":"CENTRO","categoria":"ESTABLECIMIENTO DE SALUD SIN INTERNAMIENTO","condicion":"ACTIVO","actualizado":"2023/08/01 19:00:00.000","fuente":"MINSA","urlRenipr":"http://app20.susalud.gob.pe:8080/registro-renipress-webapp/ipress.htm?action=mostrarVer&idipress=00001012"}},{"type":"Feature","geometry":{"type":"Point","coordinates":[-75.47790166999994,-10.749278329999981]},"properties":{"objectid":32676,"nombre":"TORREBAMBA","departamento":"PASCO","provincia":"OXAPAMPA","distrito":"CHONTABAMBA","institucion":"GOBIERNO REGIONAL","codigoMinsa":1084,"direccion":"OTROS TORREBAMBA S/N S/N TORREBAMBA S/N CHONTABAMBA OXAPAMPA PASCO","disa":"PASCO","red":"OXAPAMPA","microrred":"CHONTABAMBA","categoria":"ESTABLECIMIENTO DE SALUD SIN INTERNAMIENTO","condicion":"ACTIVO","actualizado":"2023/08/01 19:00:00.000","fuente":"MINSA","urlRenipr":"http://app20.susalud.gob.pe:8080/registro-renipress-webapp/ipress.htm?action=mostrarVer&idipress=00001084"}},{"type":"Feature","geometry":{"type":"Point","coordinates":[-76.25430159999996,-10.662579499999936]},"properties":{"objectid":32677,"nombre":"HOGAR PROTEGIDO DE LA DIRESA PASCO","departamento":"PASCO","provincia":"PASCO","distrito":"YANACANCHA","institucion":"GOBIERNO REGIONAL","codigoMinsa":29446,"direccion":"AVENIDA JOSE CARLOS MARIATEGUI NÚMERO 311 PISO 1 DISTRITO YANACANCHA PROVINCIA PASCO DEPARTAMENTO PASCO","disa":"PASCO","red":"PASCO","microrred":"CENTRO","categoria":"SERVICIO MÉDICO DE APOYO","condicion":"ACTIVO","actualizado":"2023/08/01 19:00:00.000","fuente":"MINSA","urlRenipr":"http://app20.susalud.gob.pe:8080/registro-renipress-webapp/ipress.htm?action=mostrarVer&idipress=00029446"}},{"type":"Feature","geometry":{"type":"Point","coordinates":[-76.36517559999999,-10.999620799999946]},"properties":{"objectid":32893,"nombre":"CENTRO MEDICO HUAYLLAY","departamento":"PASCO","provincia":"PASCO","distrito":"HUAYLLAY","institucion":"ESSALUD","codigoMinsa":9751,"direccion":"JIRÓN JR . SAN MARTÍN S/N. DISTRITO DE HUAYLLAY, PROVINCIA Y REGIÓN DE PASCO NÚMERO S/N DISTRITO HUAYLLAY PROVINCIA PASCO DEPARTAMENTO PASCO","disa":"PASCO","red":"NO PERTENECE A NINGUNA RED","microrred":"NO PERTENECE A NINGUNA MICRORED","categoria":"ESTABLECIMIENTO DE SALUD SIN INTERNAMIENTO","condicion":"ACTIVO","actualizado":"2023/08/01 19:00:00.000","fuente":"MINSA","urlRenipr":"http://app20.susalud.gob.pe:8080/registro-renipress-webapp/ipress.htm?action=mostrarVer&idipress=00009751"}},{"type":"Feature","geometry":{"type":"Point","coordinates":[-75.40001099999995,-10.575023699999974]},"properties":{"objectid":32914,"nombre":"POLICLINICO SANTO REMEDIO","departamento":"PASCO","provincia":"OXAPAMPA","distrito":"OXAPAMPA","institucion":"PRIVADO","codigoMinsa":30658,"direccion":"JIRÓN LIMA NÚMERO 260 DISTRITO OXAPAMPA PROVINCIA OXAPAMPA DEPARTAMENTO PASCO","disa":"PASCO","red":"","microrred":"","categoria":"ESTABLECIMIENTO DE SALUD SIN INTERNAMIENTO","condicion":"ACTIVO","actualizado":"2023/08/01 19:00:00.000","fuente":"MINSA","urlRenipr":"http://app20.susalud.gob.pe:8080/registro-renipress-webapp/ipress.htm?action=mostrarVer&idipress=00030658"}},{"type":"Feature","geometry":{"type":"Point","coordinates":[-76.25596656999994,-10.683919489999937]},"properties":{"objectid":33344,"nombre":"GLOBAL MEDIC LM.","departamento":"PASCO","provincia":"PASCO","distrito":"CHAUPIMARCA","institucion":"PRIVADO","codigoMinsa":14476,"direccion":"JIRÓN JR LEONCIO PRADO N 118CHAUPIMARCA DISTRITO CHAUPIMARCA PROVINCIA PASCO DEPARTAMENTO PASCO","disa":"PASCO","red":"NO PERTENECE A NINGUNA RED","microrred":"NO PERTENECE A NINGUNA MICRORED","categoria":"ESTABLECIMIENTO DE SALUD SIN INTERNAMIENTO","condicion":"ACTIVO","actualizado":"2023/08/01 19:00:00.000","fuente":"MINSA","urlRenipr":"http://app20.susalud.gob.pe:8080/registro-renipress-webapp/ipress.htm?action=mostrarVer&idipress=00014476"}},{"type":"Feature","geometry":{"type":"Point","coordinates":[-76.18912673999995,-10.577944729999956]},"properties":{"objectid":33379,"nombre":"POSTA MEDICA DE CHICRIN","departamento":"PASCO","provincia":"PASCO","distrito":"YANACANCHA","institucion":"ESSALUD","codigoMinsa":9752,"direccion":"JIRÓN JR. ARTESANOS S/N. DISTRITO DE YANACANCHA, PROVINCIA Y REGIÓN PASCO NÚMERO S/N DISTRITO YANACANCHA PROVINCIA PASCO DEPARTAMENTO PASCO","disa":"PASCO","red":"NO PERTENECE A NINGUNA RED","microrred":"NO PERTENECE A NINGUNA MICRORED","categoria":"ESTABLECIMIENTO DE SALUD SIN INTERNAMIENTO","condicion":"ACTIVO","actualizado":"2023/08/01 19:00:00.000","fuente":"MINSA","urlRenipr":"http://app20.susalud.gob.pe:8080/registro-renipress-webapp/ipress.htm?action=mostrarVer&idipress=00009752"}}]}