{"type":"FeatureCollection","features":[{"type":"Feature","geometry":{"type":"Point","coordinates":[-80.65488819999996,-5.1782883999999285]},"properties":{"objectid":511,"nombre":"CENTRO MEDICO CASTRO READI","departamento":"PIURA","provincia":"PIURA","distrito":"CASTILLA","institucion":"PRIVADO","codigoMinsa":12362,"direccion":"AVENIDA AV. SAN RAMON CASTILLA Nº 322 AV. SAN RAMON CASTILLA Nº 322 CASTILLA PIURA PIURA","disa":"PIURA","red":"NO PERTENECE A NINGUNA RED","microrred":"NO PERTENECE A NINGUNA MICRORED","categoria":"ESTABLECIMIENTO DE SALUD SIN INTERNAMIENTO","condicion":"ACTIVO","actualizado":"2023/08/01 19:00:00.000","fuente":"MINSA","urlRenipr":"http://app20.susalud.gob.pe:8080/registro-renipress-webapp/ipress.htm?action=mostrarVer&idipress=00012362"}},{"type":"Feature","geometry":{"type":"Point","coordinates":[-80.59875489999996,-5.18632649999995]},"properties":{"objectid":2690,"nombre":"POLICLINICO SERVICIOS MEDICO DENTAL \"SEÑOR DE LUREN\"","departamento":"PIURA","provincia":"PIURA","distrito":"CASTILLA","institucion":"PRIVADO","codigoMinsa":29585,"direccion":"OTROS ASENTAMIENTO MARIA GORETTI MANZANA D LOTE 07 DISTRITO CASTILLA PROVINCIA PIURA DEPARTAMENTO PIURA","disa":"PIURA","red":"","microrred":"","categoria":"ESTABLECIMIENTO DE SALUD SIN INTERNAMIENTO","condicion":"ACTIVO","actualizado":"2023/08/01 19:00:00.000","fuente":"MINSA","urlRenipr":"http://app20.susalud.gob.pe:8080/registro-renipress-webapp/ipress.htm?action=mostrarVer&idipress=00029585"}},{"type":"Feature","geometry":{"type":"Point","coordinates":[-80.62395964999996,-5.201260839999975]},"properties":{"objectid":12517,"nombre":"EMERGENCIAS HEFASELAB","departamento":"PIURA","provincia":"PIURA","distrito":"CASTILLA","institucion":"PRIVADO","codigoMinsa":30064,"direccion":"AVENIDA TACNA CASTILLA PIURA PIURA","disa":"PIURA","red":"","microrred":"NO PERTENECE A NINGUNA MICRORED","categoria":"SERVICIO MÉDICO DE APOYO","condicion":"ACTIVO","actualizado":"2023/08/01 19:00:00.000","fuente":"MINSA","urlRenipr":"http://app20.susalud.gob.pe:8080/registro-renipress-webapp/ipress.htm?action=mostrarVer&idipress=00030064"}},{"type":"Feature","geometry":{"type":"Point","coordinates":[-80.65488819999996,-5.1782883999999285]},"properties":{"objectid":13179,"nombre":"CENTRO MEDICO ALVA","departamento":"PIURA","provincia":"PIURA","distrito":"PIURA","institucion":"PRIVADO","codigoMinsa":21933,"direccion":"AVENIDA AV. LORETO SUR Nº 1051 DISTRITO PIURA PROVINCIA PIURA DEPARTAMENTO PIURA","disa":"PIURA","red":"NO PERTENECE A NINGUNA RED","microrred":"NO PERTENECE A NINGUNA MICRORED","categoria":"ESTABLECIMIENTO DE SALUD SIN INTERNAMIENTO","condicion":"ACTIVO","actualizado":"2023/08/01 19:00:00.000","fuente":"MINSA","urlRenipr":"http://app20.susalud.gob.pe:8080/registro-renipress-webapp/ipress.htm?action=mostrarVer&idipress=00021933"}},{"type":"Feature","geometry":{"type":"Point","coordinates":[-80.62065832999997,-5.196718329999953]},"properties":{"objectid":13982,"nombre":"CENTRO DE REPOSO SAN JUAN DE DIOS","departamento":"PIURA","provincia":"PIURA","distrito":"CASTILLA","institucion":"PRIVADO","codigoMinsa":13165,"direccion":"AVENIDA AVENIDA CAYETANO HEREDIA N° 210 DISTRITO CASTILLA PROVINCIA PIURA DEPARTAMENTO PIURA","disa":"PIURA","red":"NO PERTENECE A NINGUNA RED","microrred":"NO PERTENECE A NINGUNA MICRORED","categoria":"ESTABLECIMIENTO DE SALUD CON INTERNAMIENTO","condicion":"ACTIVO","actualizado":"2023/08/01 19:00:00.000","fuente":"MINSA","urlRenipr":"http://app20.susalud.gob.pe:8080/registro-renipress-webapp/ipress.htm?action=mostrarVer&idipress=00013165"}},{"type":"Feature","geometry":{"type":"Point","coordinates":[-80.62175599999995,-5.200344599999937]},"properties":{"objectid":4982,"nombre":"CENTRO DENTAL KIRU HAMPY KAMAYOQ","departamento":"PIURA","provincia":"PIURA","distrito":"PIURA","institucion":"PRIVADO","codigoMinsa":19186,"direccion":"PARQUE URB SANTA ISABEL EL PARQUE 160 DISTRITO PIURA PROVINCIA PIURA DEPARTAMENTO PIURA","disa":"PIURA","red":"","microrred":"NO PERTENECE A NINGUNA MICRORED","categoria":"ESTABLECIMIENTO DE SALUD SIN INTERNAMIENTO","condicion":"ACTIVO","actualizado":"2023/08/01 19:00:00.000","fuente":"MINSA","urlRenipr":"http://app20.susalud.gob.pe:8080/registro-renipress-webapp/ipress.htm?action=mostrarVer&idipress=00019186"}},{"type":"Feature","geometry":{"type":"Point","coordinates":[-80.65488819999996,-5.1782883999999285]},"properties":{"objectid":5263,"nombre":"ENDOGIN","departamento":"PIURA","provincia":"PIURA","distrito":"PIURA","institucion":"PRIVADO","codigoMinsa":25843,"direccion":"PASAJE IV MANZANA C1 LOTE 22 URBANIZACIÓN BELLO HORIZONTE DISTRITO PIURA PROVINCIA PIURA DEPARTAMENTO PIURA","disa":"PIURA","red":"NO PERTENECE A NINGUNA RED","microrred":"NO PERTENECE A NINGUNA MICRORED","categoria":"ESTABLECIMIENTO DE SALUD SIN INTERNAMIENTO","condicion":"ACTIVO","actualizado":"2023/08/01 19:00:00.000","fuente":"MINSA","urlRenipr":"http://app20.susalud.gob.pe:8080/registro-renipress-webapp/ipress.htm?action=mostrarVer&idipress=00025843"}},{"type":"Feature","geometry":{"type":"Point","coordinates":[-80.62100559999999,-5.187671099999932]},"properties":{"objectid":421,"nombre":"LASER VISION CLÍNICA OFTALMOLÓGICA","departamento":"PIURA","provincia":"PIURA","distrito":"CASTILLA","institucion":"PRIVADO","codigoMinsa":17694,"direccion":"OTROS MZ C LOTE 1 SEGUNDA ETAPA MIRAFLORES DISTRITO CASTILLA PROVINCIA PIURA DEPARTAMENTO PIURA","disa":"PIURA","red":"NO PERTENECE A NINGUNA RED","microrred":"NO PERTENECE A NINGUNA MICRORED","categoria":"ESTABLECIMIENTO DE SALUD SIN INTERNAMIENTO","condicion":"ACTIVO","actualizado":"2023/08/01 19:00:00.000","fuente":"MINSA","urlRenipr":"http://app20.susalud.gob.pe:8080/registro-renipress-webapp/ipress.htm?action=mostrarVer&idipress=00017694"}},{"type":"Feature","geometry":{"type":"Point","coordinates":[-81.09621719999996,-5.0938487999999325]},"properties":{"objectid":3228,"nombre":"LABORATORIOS SANTA MARIA","departamento":"PIURA","provincia":"PAITA","distrito":"PAITA","institucion":"PRIVADO","codigoMinsa":30285,"direccion":"JIRÓN INDEPENDENCIA NÚMERO 429 DISTRITO PAITA PROVINCIA PAITA DEPARTAMENTO PIURA","disa":"PIURA","red":"","microrred":"","categoria":"SERVICIO MÉDICO DE APOYO","condicion":"ACTIVO","actualizado":"2023/08/01 19:00:00.000","fuente":"MINSA","urlRenipr":"http://app20.susalud.gob.pe:8080/registro-renipress-webapp/ipress.htm?action=mostrarVer&idipress=00030285"}},{"type":"Feature","geometry":{"type":"Point","coordinates":[-80.63526039999994,-5.194225499999959]},"properties":{"objectid":19631,"nombre":"CLINICA OFTALMOLOGICA DE PIURA SRL","departamento":"PIURA","provincia":"PIURA","distrito":"PIURA","institucion":"PRIVADO","codigoMinsa":11364,"direccion":"AVENIDA AVENIDA GRAU 1026 DISTRITO PIURA PROVINCIA PIURA DEPARTAMENTO PIURA","disa":"PIURA","red":"NO PERTENECE A NINGUNA RED","microrred":"NO PERTENECE A NINGUNA MICRORED","categoria":"ESTABLECIMIENTO DE SALUD SIN INTERNAMIENTO","condicion":"ACTIVO","actualizado":"2023/08/01 19:00:00.000","fuente":"MINSA","urlRenipr":"http://app20.susalud.gob.pe:8080/registro-renipress-webapp/ipress.htm?action=mostrarVer&idipress=00011364"}},{"type":"Feature","geometry":{"type":"Point","coordinates":[-81.21979033999997,-4.2627057199999285]},"properties":{"objectid":479,"nombre":"SIMEDIC DIAGNOSTICA - EL ALTO","departamento":"PIURA","provincia":"TALARA","distrito":"EL ALTO","institucion":"PRIVADO","codigoMinsa":12010,"direccion":"BARRIO PLOMO N° 390","disa":"PIURA","red":"NO PERTENECE A NINGUNA RED","microrred":"NO PERTENECE A NINGUNA MICRORED","categoria":"ESTABLECIMIENTO DE SALUD SIN INTERNAMIENTO","condicion":"ACTIVO","actualizado":"2023/08/01 19:00:00.000","fuente":"MINSA","urlRenipr":"http://app20.susalud.gob.pe:8080/registro-renipress-webapp/ipress.htm?action=mostrarVer&idipress=00012010"}},{"type":"Feature","geometry":{"type":"Point","coordinates":[-80.65296899999998,-5.1957093999999415]},"properties":{"objectid":28087,"nombre":"CENTRO DE DIALISIS PIURA E.I.R.L.","departamento":"PIURA","provincia":"PIURA","distrito":"PIURA","institucion":"PRIVADO","codigoMinsa":12950,"direccion":"JIRÓN JIRON LOS PINOS Y ESQ. GULLMAN DISTRITO PIURA PROVINCIA PIURA DEPARTAMENTO PIURA","disa":"PIURA","red":"NO PERTENECE A NINGUNA RED","microrred":"NO PERTENECE A NINGUNA MICRORED","categoria":"SERVICIO MÉDICO DE APOYO","condicion":"ACTIVO","actualizado":"2023/08/01 19:00:00.000","fuente":"MINSA","urlRenipr":"http://app20.susalud.gob.pe:8080/registro-renipress-webapp/ipress.htm?action=mostrarVer&idipress=00012950"}},{"type":"Feature","geometry":{"type":"Point","coordinates":[-80.65488819999996,-5.1782883999999285]},"properties":{"objectid":29958,"nombre":"SEYSO","departamento":"PIURA","provincia":"PIURA","distrito":"PIURA","institucion":"PRIVADO","codigoMinsa":24491,"direccion":"AVENIDA SAN RAMON A 04 SAN DIONISIO AL COSTADO DE LABORATORIO BERMANLAB PIURA PIURA PIURA","disa":"PIURA","red":"NO PERTENECE A NINGUNA RED","microrred":"NO PERTENECE A NINGUNA MICRORED","categoria":"ESTABLECIMIENTO DE SALUD SIN INTERNAMIENTO","condicion":"ACTIVO","actualizado":"2023/08/01 19:00:00.000","fuente":"MINSA","urlRenipr":"http://app20.susalud.gob.pe:8080/registro-renipress-webapp/ipress.htm?action=mostrarVer&idipress=00024491"}},{"type":"Feature","geometry":{"type":"Point","coordinates":[-80.62300739999995,-5.208746299999973]},"properties":{"objectid":3620,"nombre":"CONSULTORIO ODONTOLOGICO DEL PERU","departamento":"PIURA","provincia":"PIURA","distrito":"PIURA","institucion":"PRIVADO","codigoMinsa":26578,"direccion":"AVENIDA GRAU NÚMERO 1078 PISO 2 INTERIOR 202 DISTRITO PIURA PROVINCIA PIURA DEPARTAMENTO PIURA","disa":"PIURA","red":"NO PERTENECE A NINGUNA RED","microrred":"NO PERTENECE A NINGUNA MICRORED","categoria":"ESTABLECIMIENTO DE SALUD SIN INTERNAMIENTO","condicion":"ACTIVO","actualizado":"2023/08/01 19:00:00.000","fuente":"MINSA","urlRenipr":"http://app20.susalud.gob.pe:8080/registro-renipress-webapp/ipress.htm?action=mostrarVer&idipress=00026578"}},{"type":"Feature","geometry":{"type":"Point","coordinates":[-80.62348339999994,-5.221159899999975]},"properties":{"objectid":4146,"nombre":"OPTICAS VILLANUEVA","departamento":"PIURA","provincia":"PIURA","distrito":"PIURA","institucion":"PRIVADO","codigoMinsa":30149,"direccion":"CALLE CUSCO ESQUINA JIRON HUANUCO NÚMERO 502 504 DISTRITO PIURA PROVINCIA PIURA DEPARTAMENTO PIURA","disa":"PIURA","red":"","microrred":"","categoria":"SERVICIO MÉDICO DE APOYO","condicion":"ACTIVO","actualizado":"2023/08/01 19:00:00.000","fuente":"MINSA","urlRenipr":"http://app20.susalud.gob.pe:8080/registro-renipress-webapp/ipress.htm?action=mostrarVer&idipress=00030149"}},{"type":"Feature","geometry":{"type":"Point","coordinates":[-81.26289609999998,-4.581151999999975]},"properties":{"objectid":567,"nombre":"CONSULTORIO OBSTETRICO DENTAL SEÑOR DEL LUREN","departamento":"PIURA","provincia":"TALARA","distrito":"PARIÑAS","institucion":"PRIVADO","codigoMinsa":29603,"direccion":"OTROS AA.HH SAN SEBASTIAN NÚMERO 1 MANZANA B LOTE 18 DISTRITO PARIÑAS PROVINCIA TALARA DEPARTAMENTO PIURA","disa":"PIURA","red":"","microrred":"","categoria":"ESTABLECIMIENTO DE SALUD SIN INTERNAMIENTO","condicion":"ACTIVO","actualizado":"2023/08/01 19:00:00.000","fuente":"MINSA","urlRenipr":"http://app20.susalud.gob.pe:8080/registro-renipress-webapp/ipress.htm?action=mostrarVer&idipress=00029603"}},{"type":"Feature","geometry":{"type":"Point","coordinates":[-80.65296899999998,-5.1957093999999415]},"properties":{"objectid":1988,"nombre":"CENTRO MEDICO SAMPLES E.I.R.L.","departamento":"PIURA","provincia":"PIURA","distrito":"PIURA","institucion":"PRIVADO","codigoMinsa":29434,"direccion":"AVENIDA VICE MANZANA A LOTE 60 URBANIZACIÓN TALARA DISTRITO PIURA PROVINCIA PIURA DEPARTAMENTO PIURA","disa":"PIURA","red":"","microrred":"","categoria":"ESTABLECIMIENTO DE SALUD SIN INTERNAMIENTO","condicion":"ACTIVO","actualizado":"2023/08/01 19:00:00.000","fuente":"MINSA","urlRenipr":"http://app20.susalud.gob.pe:8080/registro-renipress-webapp/ipress.htm?action=mostrarVer&idipress=00029434"}},{"type":"Feature","geometry":{"type":"Point","coordinates":[-81.26902813999999,-4.57511618999996]},"properties":{"objectid":726,"nombre":"SANNA CENTRO CLINICO TALARA","departamento":"PIURA","provincia":"TALARA","distrito":"PARIÑAS","institucion":"PRIVADO","codigoMinsa":13490,"direccion":"AVENIDA AV. FRANCISCO BOLOGNESI 167 URB. BARRIO PARTICULAR DISTRITO PARIÑAS PROVINCIA TALARA DEPARTAMENTO PIURA","disa":"PIURA","red":"NO PERTENECE A NINGUNA RED","microrred":"NO PERTENECE A NINGUNA MICRORED","categoria":"ESTABLECIMIENTO DE SALUD SIN INTERNAMIENTO","condicion":"ACTIVO","actualizado":"2023/08/01 19:00:00.000","fuente":"MINSA","urlRenipr":"http://app20.susalud.gob.pe:8080/registro-renipress-webapp/ipress.htm?action=mostrarVer&idipress=00013490"}},{"type":"Feature","geometry":{"type":"Point","coordinates":[-81.09621719999996,-5.0938487999999325]},"properties":{"objectid":729,"nombre":"CONSULTORIO MEDICO OBSTETRICO Y APOYO AL DIAGNOSTICO \" ALFA LUZ\"","departamento":"PIURA","provincia":"PAITA","distrito":"PAITA","institucion":"PRIVADO","codigoMinsa":14292,"direccion":"OTROS AH LAS MERCEDES MZ A LOTE 01 PAITA ALTA DISTRITO PAITA PROVINCIA PAITA DEPARTAMENTO PIURA","disa":"PIURA","red":"NO PERTENECE A NINGUNA RED","microrred":"NO PERTENECE A NINGUNA MICRORED","categoria":"ESTABLECIMIENTO DE SALUD SIN INTERNAMIENTO","condicion":"ACTIVO","actualizado":"2023/08/01 19:00:00.000","fuente":"MINSA","urlRenipr":"http://app20.susalud.gob.pe:8080/registro-renipress-webapp/ipress.htm?action=mostrarVer&idipress=00014292"}},{"type":"Feature","geometry":{"type":"Point","coordinates":[-80.59004399999998,-5.18787169999996]},"properties":{"objectid":1042,"nombre":"CENTRO DENTAL MADRID","departamento":"PIURA","provincia":"PIURA","distrito":"CASTILLA","institucion":"PRIVADO","codigoMinsa":25646,"direccion":"OTROS Los Medanos MANZANA ll LOTE 38 DISTRITO CASTILLA PROVINCIA PIURA DEPARTAMENTO PIURA","disa":"PIURA","red":"NO PERTENECE A NINGUNA RED","microrred":"NO PERTENECE A NINGUNA MICRORED","categoria":"ESTABLECIMIENTO DE SALUD SIN INTERNAMIENTO","condicion":"ACTIVO","actualizado":"2023/08/01 19:00:00.000","fuente":"MINSA","urlRenipr":"http://app20.susalud.gob.pe:8080/registro-renipress-webapp/ipress.htm?action=mostrarVer&idipress=00025646"}},{"type":"Feature","geometry":{"type":"Point","coordinates":[-81.27045456999997,-4.58052368999995]},"properties":{"objectid":1122,"nombre":"SERVICIOS ODONTOLOGICOS SATHYA E.I.R.L","departamento":"PIURA","provincia":"TALARA","distrito":"PARIÑAS","institucion":"PRIVADO","codigoMinsa":23479,"direccion":"PARQUE 37 -2 LATERAL DISTRITO PARIÑAS PROVINCIA TALARA DEPARTAMENTO PIURA","disa":"PIURA","red":"NO PERTENECE A NINGUNA RED","microrred":"NO PERTENECE A NINGUNA MICRORED","categoria":"ESTABLECIMIENTO DE SALUD SIN INTERNAMIENTO","condicion":"ACTIVO","actualizado":"2023/08/01 19:00:00.000","fuente":"MINSA","urlRenipr":"http://app20.susalud.gob.pe:8080/registro-renipress-webapp/ipress.htm?action=mostrarVer&idipress=00023479"}},{"type":"Feature","geometry":{"type":"Point","coordinates":[-80.68643229999998,-4.903637999999944]},"properties":{"objectid":1124,"nombre":"OPTICA NOBA VISION","departamento":"PIURA","provincia":"SULLANA","distrito":"SULLANA","institucion":"PRIVADO","codigoMinsa":26897,"direccion":"CALLE SUCRE N?ERO 462 DISTRITO SULLANA PROVINCIA SULLANA DEPARTAMENTO PIURA","disa":"PIURA","red":"NO PERTENECE A NINGUNA RED","microrred":"NO PERTENECE A NINGUNA MICRORED","categoria":"SERVICIO MÉDICO DE APOYO","condicion":"ACTIVO","actualizado":"2023/08/01 19:00:00.000","fuente":"MINSA","urlRenipr":"http://app20.susalud.gob.pe:8080/registro-renipress-webapp/ipress.htm?action=mostrarVer&idipress=00026897"}},{"type":"Feature","geometry":{"type":"Point","coordinates":[-79.84357731999995,-4.469775849999962]},"properties":{"objectid":1355,"nombre":"CUCUYAS","departamento":"PIURA","provincia":"AYABACA","distrito":"JILILI","institucion":"GOBIERNO REGIONAL","codigoMinsa":1964,"direccion":"OTROS CASERIO CUCUYAS - JILILI DISTRITO JILILI PROVINCIA AYABACA DEPARTAMENTO PIURA","disa":"PIURA","red":"AYABACA","microrred":"PAIMAS","categoria":"ESTABLECIMIENTO DE SALUD SIN INTERNAMIENTO","condicion":"ACTIVO","actualizado":"2023/08/01 19:00:00.000","fuente":"MINSA","urlRenipr":"http://app20.susalud.gob.pe:8080/registro-renipress-webapp/ipress.htm?action=mostrarVer&idipress=00001964"}},{"type":"Feature","geometry":{"type":"Point","coordinates":[-80.62843356999997,-5.184611249999932]},"properties":{"objectid":1437,"nombre":"CENTRO MEDICO SANTA MARÍA DE LOS ÁNGELES S.R.L.","departamento":"PIURA","provincia":"PIURA","distrito":"PIURA","institucion":"PRIVADO","codigoMinsa":24495,"direccion":"CALLE LAS CASUARINAS 201-203 NÚMERO 201 MANZANA H LOTE 13 URBANIZACIÓN SANTA ISABEL DISTRITO PIURA PROVINCIA PIURA DEPARTAMENTO PIURA","disa":"PIURA","red":"NO PERTENECE A NINGUNA RED","microrred":"NO PERTENECE A NINGUNA MICRORED","categoria":"ESTABLECIMIENTO DE SALUD SIN INTERNAMIENTO","condicion":"ACTIVO","actualizado":"2023/08/01 19:00:00.000","fuente":"MINSA","urlRenipr":"http://app20.susalud.gob.pe:8080/registro-renipress-webapp/ipress.htm?action=mostrarVer&idipress=00024495"}},{"type":"Feature","geometry":{"type":"Point","coordinates":[-80.95809319999995,-4.911267299999963]},"properties":{"objectid":1476,"nombre":"LABOMEDIC SAN FRANCISCO","departamento":"PIURA","provincia":"PAITA","distrito":"LA HUACA","institucion":"PRIVADO","codigoMinsa":31463,"direccion":"CALLE FERROCARRIL MANZANA 62 LOTE 4 DISTRITO LA HUACA PROVINCIA PAITA DEPARTAMENTO PIURA","disa":"PIURA","red":"","microrred":"","categoria":"ESTABLECIMIENTO DE SALUD SIN INTERNAMIENTO","condicion":"ACTIVO","actualizado":"2023/08/01 19:00:00.000","fuente":"MINSA","urlRenipr":"http://app20.susalud.gob.pe:8080/registro-renipress-webapp/ipress.htm?action=mostrarVer&idipress=00031463"}},{"type":"Feature","geometry":{"type":"Point","coordinates":[-80.65766229999997,-5.196370899999977]},"properties":{"objectid":1538,"nombre":"DENTOPLUS","departamento":"PIURA","provincia":"PIURA","distrito":"PIURA","institucion":"PRIVADO","codigoMinsa":29325,"direccion":"AVENIDA SULLANA NORTE CON JIRON PACHITEA ASENTAMIENTO HUMANO PACHITEA NÚMERO 292 298 MANZANA L1 LOTE 45 DISTRITO PIURA PROVINCIA PIURA DEPARTAMENTO PIURA","disa":"PIURA","red":"","microrred":"","categoria":"ESTABLECIMIENTO DE SALUD SIN INTERNAMIENTO","condicion":"ACTIVO","actualizado":"2023/08/01 19:00:00.000","fuente":"MINSA","urlRenipr":"http://app20.susalud.gob.pe:8080/registro-renipress-webapp/ipress.htm?action=mostrarVer&idipress=00029325"}},{"type":"Feature","geometry":{"type":"Point","coordinates":[-80.63633359999994,-5.19331539999996]},"properties":{"objectid":1582,"nombre":"HOSPITAL II JORGE REATEGUI DELGADO","departamento":"PIURA","provincia":"PIURA","distrito":"PIURA","institucion":"ESSALUD","codigoMinsa":10244,"direccion":"AVENIDA AVENIDA GRAU N° 1150 DISTRITO PIURA PROVINCIA PIURA DEPARTAMENTO PIURA","disa":"PIURA","red":"NO PERTENECE A NINGUNA RED","microrred":"NO PERTENECE A NINGUNA MICRORED","categoria":"ESTABLECIMIENTO DE SALUD CON INTERNAMIENTO","condicion":"ACTIVO","actualizado":"2023/08/01 19:00:00.000","fuente":"MINSA","urlRenipr":"http://app20.susalud.gob.pe:8080/registro-renipress-webapp/ipress.htm?action=mostrarVer&idipress=00010244"}},{"type":"Feature","geometry":{"type":"Point","coordinates":[-80.65296899999998,-5.1957093999999415]},"properties":{"objectid":1602,"nombre":"CENTRO MEDICO PROVIDA","departamento":"PIURA","provincia":"PIURA","distrito":"PIURA","institucion":"PRIVADO","codigoMinsa":30801,"direccion":"AVENIDA GRAU MANZANA A LOTE 23 URBANIZACIÓN RESIDENCIAL MAGISTERIAL DISTRITO PIURA PROVINCIA PIURA DEPARTAMENTO PIURA","disa":"PIURA","red":"","microrred":"","categoria":"ESTABLECIMIENTO DE SALUD SIN INTERNAMIENTO","condicion":"ACTIVO","actualizado":"2023/08/01 19:00:00.000","fuente":"MINSA","urlRenipr":"http://app20.susalud.gob.pe:8080/registro-renipress-webapp/ipress.htm?action=mostrarVer&idipress=00030801"}},{"type":"Feature","geometry":{"type":"Point","coordinates":[-80.65488819999996,-5.1782883999999285]},"properties":{"objectid":1615,"nombre":"CLÍNICA BELLO HORIZONTE S.A.","departamento":"PIURA","provincia":"PIURA","distrito":"VEINTISEIS DE OCTUBRE","institucion":"PRIVADO","codigoMinsa":27260,"direccion":"AVENIDA DIAMANTE MANZANA E LOTE D2 URBANIZACIÓN ZONA INDUSTRIAL 2 DISTRITO VEINTISEIS DE OCTUBRE PROVINCIA PIURA DEPARTAMENTO PIURA","disa":"PIURA","red":"","microrred":"","categoria":"ESTABLECIMIENTO DE SALUD CON INTERNAMIENTO","condicion":"ACTIVO","actualizado":"2023/08/01 19:00:00.000","fuente":"MINSA","urlRenipr":"http://app20.susalud.gob.pe:8080/registro-renipress-webapp/ipress.htm?action=mostrarVer&idipress=00027260"}},{"type":"Feature","geometry":{"type":"Point","coordinates":[-80.43556338999997,-4.882880529999966]},"properties":{"objectid":1619,"nombre":"SINCHI ROCA","departamento":"PIURA","provincia":"PIURA","distrito":"TAMBO GRANDE","institucion":"GOBIERNO REGIONAL","codigoMinsa":1987,"direccion":"JIRÓN SINCHI ROCA JR. INTY RAYMI SINCHI ROCA JR. INTY RAYMI TAMBO GRANDE PIURA PIURA","disa":"PIURA","red":"AYABACA","microrred":"TAMBOGRANDE","categoria":"ESTABLECIMIENTO DE SALUD SIN INTERNAMIENTO","condicion":"ACTIVO","actualizado":"2023/08/01 19:00:00.000","fuente":"MINSA","urlRenipr":"http://app20.susalud.gob.pe:8080/registro-renipress-webapp/ipress.htm?action=mostrarVer&idipress=00001987"}},{"type":"Feature","geometry":{"type":"Point","coordinates":[-80.45283209999997,-4.9513648999999305]},"properties":{"objectid":1620,"nombre":"SANTA ANA","departamento":"PIURA","provincia":"PIURA","distrito":"TAMBO GRANDE","institucion":"GOBIERNO REGIONAL","codigoMinsa":1984,"direccion":"OTROS CENTRO POBLADO SANTA ANA MZ X LOTE 59 DISTRITO TAMBO GRANDE PROVINCIA PIURA DEPARTAMENTO PIURA","disa":"PIURA","red":"AYABACA","microrred":"TAMBOGRANDE","categoria":"ESTABLECIMIENTO DE SALUD SIN INTERNAMIENTO","condicion":"ACTIVO","actualizado":"2023/08/01 19:00:00.000","fuente":"MINSA","urlRenipr":"http://app20.susalud.gob.pe:8080/registro-renipress-webapp/ipress.htm?action=mostrarVer&idipress=00001984"}},{"type":"Feature","geometry":{"type":"Point","coordinates":[-80.74733732999994,-4.905076019999967]},"properties":{"objectid":1621,"nombre":"JIBITO","departamento":"PIURA","provincia":"SULLANA","distrito":"MIGUEL CHECA","institucion":"GOBIERNO REGIONAL","codigoMinsa":2020,"direccion":"JIRÓN JR. SAN PABLO Nº 105 JR. SAN PABLO Nº 105 MIGUEL CHECA SULLANA PIURA","disa":"PIURA","red":"SULLANA","microrred":"BELLAVISTA","categoria":"ESTABLECIMIENTO DE SALUD SIN INTERNAMIENTO","condicion":"ACTIVO","actualizado":"2023/08/01 19:00:00.000","fuente":"MINSA","urlRenipr":"http://app20.susalud.gob.pe:8080/registro-renipress-webapp/ipress.htm?action=mostrarVer&idipress=00002020"}},{"type":"Feature","geometry":{"type":"Point","coordinates":[-80.51818406999996,-4.755111099999965]},"properties":{"objectid":1622,"nombre":"SOMATE CENTRO DE SERVICIOS","departamento":"PIURA","provincia":"SULLANA","distrito":"SULLANA","institucion":"GOBIERNO REGIONAL","codigoMinsa":2002,"direccion":"OTROS SOMATE DISTRITO BELLAVISTA PROVINCIA SULLANA DEPARTAMENTO PIURA","disa":"PIURA","red":"SULLANA","microrred":"BELLAVISTA","categoria":"ESTABLECIMIENTO DE SALUD SIN INTERNAMIENTO","condicion":"ACTIVO","actualizado":"2023/08/01 19:00:00.000","fuente":"MINSA","urlRenipr":"http://app20.susalud.gob.pe:8080/registro-renipress-webapp/ipress.htm?action=mostrarVer&idipress=00002002"}},{"type":"Feature","geometry":{"type":"Point","coordinates":[-80.39120976999999,-4.939668109999957]},"properties":{"objectid":1623,"nombre":"OCOTO ALTO","departamento":"PIURA","provincia":"PIURA","distrito":"TAMBO GRANDE","institucion":"GOBIERNO REGIONAL","codigoMinsa":1994,"direccion":"OTROS CASERIO OCOTO ALTO DISTRITO TAMBO GRANDE PROVINCIA PIURA DEPARTAMENTO PIURA","disa":"PIURA","red":"AYABACA","microrred":"TAMBOGRANDE","categoria":"ESTABLECIMIENTO DE SALUD SIN INTERNAMIENTO","condicion":"ACTIVO","actualizado":"2023/08/01 19:00:00.000","fuente":"MINSA","urlRenipr":"http://app20.susalud.gob.pe:8080/registro-renipress-webapp/ipress.htm?action=mostrarVer&idipress=00001994"}},{"type":"Feature","geometry":{"type":"Point","coordinates":[-80.39040058999996,-4.5207803699999545]},"properties":{"objectid":1624,"nombre":"LA PEÑITA","departamento":"PIURA","provincia":"SULLANA","distrito":"LANCONES","institucion":"GOBIERNO REGIONAL","codigoMinsa":2071,"direccion":"OTROS CASERÍO LA PEÑITA - LANCONES DISTRITO LANCONES PROVINCIA SULLANA DEPARTAMENTO PIURA","disa":"PIURA","red":"SULLANA","microrred":"LANCONES","categoria":"ESTABLECIMIENTO DE SALUD SIN INTERNAMIENTO","condicion":"ACTIVO","actualizado":"2023/08/01 19:00:00.000","fuente":"MINSA","urlRenipr":"http://app20.susalud.gob.pe:8080/registro-renipress-webapp/ipress.htm?action=mostrarVer&idipress=00002071"}},{"type":"Feature","geometry":{"type":"Point","coordinates":[-80.09448984999995,-4.6974698999999305]},"properties":{"objectid":1625,"nombre":"POTRERILLO","departamento":"PIURA","provincia":"PIURA","distrito":"LAS LOMAS","institucion":"GOBIERNO REGIONAL","codigoMinsa":1933,"direccion":"OTROS CASERIO POTRERILO LAS LOMAS CASERIO POTRERILO LAS LOMAS LAS LOMAS PIURA PIURA","disa":"PIURA","red":"AYABACA","microrred":"LAS LOMAS","categoria":"ESTABLECIMIENTO DE SALUD SIN INTERNAMIENTO","condicion":"ACTIVO","actualizado":"2023/08/01 19:00:00.000","fuente":"MINSA","urlRenipr":"http://app20.susalud.gob.pe:8080/registro-renipress-webapp/ipress.htm?action=mostrarVer&idipress=00001933"}},{"type":"Feature","geometry":{"type":"Point","coordinates":[-79.71413951999995,-4.635789209999928]},"properties":{"objectid":1626,"nombre":"CENTRO DE SALUD DE AYABACA","departamento":"PIURA","provincia":"AYABACA","distrito":"AYABACA","institucion":"GOBIERNO REGIONAL","codigoMinsa":1911,"direccion":"JIRÓN JR. MONTERO 400 AYABACA JR. MONTERO 400 AYABACA AYABACA AYABACA PIURA","disa":"PIURA","red":"AYABACA","microrred":"AYABACA","categoria":"ESTABLECIMIENTO DE SALUD CON INTERNAMIENTO","condicion":"ACTIVO","actualizado":"2023/08/01 19:00:00.000","fuente":"MINSA","urlRenipr":"http://app20.susalud.gob.pe:8080/registro-renipress-webapp/ipress.htm?action=mostrarVer&idipress=00001911"}},{"type":"Feature","geometry":{"type":"Point","coordinates":[-80.07377427999995,-4.5458099799999445]},"properties":{"objectid":1627,"nombre":"SANTA ANA DE QUIROZ","departamento":"PIURA","provincia":"AYABACA","distrito":"SUYO","institucion":"GOBIERNO REGIONAL","codigoMinsa":1953,"direccion":"OTROS CASERIO SANTA ANA DE QUIROZ- SUYO CASERIO SANTA ANA DE QUIROZ- SUYO SUYO AYABACA PIURA","disa":"PIURA","red":"AYABACA","microrred":"LAS LOMAS","categoria":"ESTABLECIMIENTO DE SALUD SIN INTERNAMIENTO","condicion":"ACTIVO","actualizado":"2023/08/01 19:00:00.000","fuente":"MINSA","urlRenipr":"http://app20.susalud.gob.pe:8080/registro-renipress-webapp/ipress.htm?action=mostrarVer&idipress=00001953"}},{"type":"Feature","geometry":{"type":"Point","coordinates":[-80.24275403999997,-4.392669569999953]},"properties":{"objectid":1628,"nombre":"LA TIENDA","departamento":"PIURA","provincia":"AYABACA","distrito":"SUYO","institucion":"GOBIERNO REGIONAL","codigoMinsa":1949,"direccion":"OTROS CASERIO LA TIENDA - SUYO - AYABACA DISTRITO SUYO PROVINCIA AYABACA DEPARTAMENTO PIURA","disa":"PIURA","red":"AYABACA","microrred":"LAS LOMAS","categoria":"ESTABLECIMIENTO DE SALUD SIN INTERNAMIENTO","condicion":"ACTIVO","actualizado":"2023/08/01 19:00:00.000","fuente":"MINSA","urlRenipr":"http://app20.susalud.gob.pe:8080/registro-renipress-webapp/ipress.htm?action=mostrarVer&idipress=00001949"}},{"type":"Feature","geometry":{"type":"Point","coordinates":[-80.59875489999996,-5.18632649999995]},"properties":{"objectid":1685,"nombre":"HOGAR PROTEGIDO PIURA","departamento":"PIURA","provincia":"PIURA","distrito":"CASTILLA","institucion":"GOBIERNO REGIONAL","codigoMinsa":30877,"direccion":"CALLE LOS TAMARINDOS A.H. LA PRIMAVERA I ETAPA MANZANA G2 LOTE 09 DISTRITO CASTILLA PROVINCIA PIURA DEPARTAMENTO PIURA","disa":"PIURA","red":"PIURA CASTILLA","microrred":"CASTILLA","categoria":"SERVICIO MÉDICO DE APOYO","condicion":"ACTIVO","actualizado":"2023/08/01 19:00:00.000","fuente":"MINSA","urlRenipr":"http://app20.susalud.gob.pe:8080/registro-renipress-webapp/ipress.htm?action=mostrarVer&idipress=00030877"}},{"type":"Feature","geometry":{"type":"Point","coordinates":[-80.67223462999993,-5.265944519999948]},"properties":{"objectid":1687,"nombre":"CENTRO DE SALUD MENTAL COMUNITARIO CATACAOS","departamento":"PIURA","provincia":"PIURA","distrito":"CATACAOS","institucion":"GOBIERNO REGIONAL","codigoMinsa":26927,"direccion":"AVENIDA CAYETANO HEREDIA 1108 AL COSTADO DE LA COMISARIA DE CATACAOS CATACAOS PIURA PIURA","disa":"PIURA","red":"BAJO PIURA","microrred":"CATACAOS","categoria":"ESTABLECIMIENTO DE SALUD SIN INTERNAMIENTO","condicion":"ACTIVO","actualizado":"2023/08/01 19:00:00.000","fuente":"MINSA","urlRenipr":"http://app20.susalud.gob.pe:8080/registro-renipress-webapp/ipress.htm?action=mostrarVer&idipress=00026927"}},{"type":"Feature","geometry":{"type":"Point","coordinates":[-79.61786503999997,-5.306034289999957]},"properties":{"objectid":1689,"nombre":"P.S. COYONA","departamento":"PIURA","provincia":"HUANCABAMBA","distrito":"CANCHAQUE","institucion":"GOBIERNO REGIONAL","codigoMinsa":2239,"direccion":"JIRÓN JR. 22 DE AGOSTO N° 366 JR. 22 DE AGOSTO N° 366 CANCHAQUE HUANCABAMBA PIURA","disa":"PIURA","red":"MORROPON CHULUCANAS","microrred":"CANCHAQUE","categoria":"ESTABLECIMIENTO DE SALUD SIN INTERNAMIENTO","condicion":"ACTIVO","actualizado":"2023/08/01 19:00:00.000","fuente":"MINSA","urlRenipr":"http://app20.susalud.gob.pe:8080/registro-renipress-webapp/ipress.htm?action=mostrarVer&idipress=00002239"}},{"type":"Feature","geometry":{"type":"Point","coordinates":[-79.32039539999994,-4.960378439999943]},"properties":{"objectid":1690,"nombre":"E.S I-2 ROSARIOS BAJO","departamento":"PIURA","provincia":"HUANCABAMBA","distrito":"EL CARMEN DE LA FRONTERA","institucion":"GOBIERNO REGIONAL","codigoMinsa":15275,"direccion":"OTROS CASERIO ROSARIOS BAJO CASERIO ROSARIOS BAJO EL CARMEN DE LA FRONTERA HUANCABAMBA PIURA","disa":"PIURA","red":"HUANCABAMBA","microrred":"HUANCABAMBA","categoria":"ESTABLECIMIENTO DE SALUD SIN INTERNAMIENTO","condicion":"ACTIVO","actualizado":"2023/08/01 19:00:00.000","fuente":"MINSA","urlRenipr":"http://app20.susalud.gob.pe:8080/registro-renipress-webapp/ipress.htm?action=mostrarVer&idipress=00015275"}},{"type":"Feature","geometry":{"type":"Point","coordinates":[-79.58269696999997,-5.117659709999941]},"properties":{"objectid":1691,"nombre":"P.S PASAPAMPA","departamento":"PIURA","provincia":"HUANCABAMBA","distrito":"HUANCABAMBA","institucion":"GOBIERNO REGIONAL","codigoMinsa":16969,"direccion":"OTROS CASERIO PASAPAMPA DISTRITO HUANCABAMBA PROVINCIA HUANCABAMBA DEPARTAMENTO PIURA","disa":"PIURA","red":"HUANCABAMBA","microrred":"HUANCABAMBA","categoria":"ESTABLECIMIENTO DE SALUD SIN INTERNAMIENTO","condicion":"ACTIVO","actualizado":"2023/08/01 19:00:00.000","fuente":"MINSA","urlRenipr":"http://app20.susalud.gob.pe:8080/registro-renipress-webapp/ipress.htm?action=mostrarVer&idipress=00016969"}},{"type":"Feature","geometry":{"type":"Point","coordinates":[-80.71465500999994,-5.281105759999946]},"properties":{"objectid":1692,"nombre":"P.S MONTE CASTILLO","departamento":"PIURA","provincia":"PIURA","distrito":"CATACAOS","institucion":"GOBIERNO REGIONAL","codigoMinsa":2114,"direccion":"CALLE CALLE LUIS DE LA PUENTE UCEDA N° 086 VILLA MONTE CASTILLO DISTRITO CATACAOS PROVINCIA PIURA DEPARTAMENTO PIURA","disa":"PIURA","red":"BAJO PIURA","microrred":"CATACAOS","categoria":"ESTABLECIMIENTO DE SALUD SIN INTERNAMIENTO","condicion":"ACTIVO","actualizado":"2023/08/01 19:00:00.000","fuente":"MINSA","urlRenipr":"http://app20.susalud.gob.pe:8080/registro-renipress-webapp/ipress.htm?action=mostrarVer&idipress=00002114"}},{"type":"Feature","geometry":{"type":"Point","coordinates":[-79.68042815999996,-5.214920749999976]},"properties":{"objectid":1693,"nombre":"EL TUNAL","departamento":"PIURA","provincia":"HUANCABAMBA","distrito":"LALAQUIZ","institucion":"GOBIERNO REGIONAL","codigoMinsa":2232,"direccion":"CALLE CALLE CANCHAQUE S/N NÚMERO S/N DISTRITO LALAQUIZ PROVINCIA HUANCABAMBA DEPARTAMENTO PIURA","disa":"PIURA","red":"MORROPON CHULUCANAS","microrred":"SALITRAL","categoria":"ESTABLECIMIENTO DE SALUD CON INTERNAMIENTO","condicion":"ACTIVO","actualizado":"2023/08/01 19:00:00.000","fuente":"MINSA","urlRenipr":"http://app20.susalud.gob.pe:8080/registro-renipress-webapp/ipress.htm?action=mostrarVer&idipress=00002232"}},{"type":"Feature","geometry":{"type":"Point","coordinates":[-80.59142166999999,-4.987326669999959]},"properties":{"objectid":1694,"nombre":"E.S. SAN RAFAEL","departamento":"PIURA","provincia":"PIURA","distrito":"CASTILLA","institucion":"GOBIERNO REGIONAL","codigoMinsa":2106,"direccion":"OTROS CENTRO POBLADO SAN RAFAEL S/N S/N CENTRO POBLADO SAN RAFAEL S/N CASTILLA PIURA PIURA","disa":"PIURA","red":"PIURA CASTILLA","microrred":"CASTILLA","categoria":"ESTABLECIMIENTO DE SALUD SIN INTERNAMIENTO","condicion":"ACTIVO","actualizado":"2023/08/01 19:00:00.000","fuente":"MINSA","urlRenipr":"http://app20.susalud.gob.pe:8080/registro-renipress-webapp/ipress.htm?action=mostrarVer&idipress=00002106"}},{"type":"Feature","geometry":{"type":"Point","coordinates":[-79.45501666999996,-5.247699999999952]},"properties":{"objectid":1697,"nombre":"ESTABLECIMIENTO DE SALUD HUANCABAMBA (JESUS GUERRERO CRUZ)","departamento":"PIURA","provincia":"HUANCABAMBA","distrito":"HUANCABAMBA","institucion":"GOBIERNO REGIONAL","codigoMinsa":2250,"direccion":"AVENIDA AV. HUANCABAMBA S/N S/N AV. HUANCABAMBA S/N HUANCABAMBA HUANCABAMBA PIURA","disa":"PIURA","red":"HUANCABAMBA","microrred":"HUANCABAMBA","categoria":"ESTABLECIMIENTO DE SALUD CON INTERNAMIENTO","condicion":"ACTIVO","actualizado":"2023/08/01 19:00:00.000","fuente":"MINSA","urlRenipr":"http://app20.susalud.gob.pe:8080/registro-renipress-webapp/ipress.htm?action=mostrarVer&idipress=00002250"}},{"type":"Feature","geometry":{"type":"Point","coordinates":[-80.67430529999996,-5.2688450999999645]},"properties":{"objectid":1815,"nombre":"LABORATORIO \"SAN MIGUEL\"","departamento":"PIURA","provincia":"PIURA","distrito":"CATACAOS","institucion":"PRIVADO","codigoMinsa":27106,"direccion":"AVENIDA ALEJANDRO TABOADA N?ERO 329 DISTRITO CATACAOS PROVINCIA PIURA DEPARTAMENTO PIURA","disa":"PIURA","red":"NO PERTENECE A NINGUNA RED","microrred":"NO PERTENECE A NINGUNA MICRORED","categoria":"SERVICIO MÉDICO DE APOYO","condicion":"ACTIVO","actualizado":"2023/08/01 19:00:00.000","fuente":"MINSA","urlRenipr":"http://app20.susalud.gob.pe:8080/registro-renipress-webapp/ipress.htm?action=mostrarVer&idipress=00027106"}},{"type":"Feature","geometry":{"type":"Point","coordinates":[-81.26289609999998,-4.581151999999975]},"properties":{"objectid":1830,"nombre":"CENTRO ODONTOLOGICO UNIVERSO DENTAL E.I.R.L.","departamento":"PIURA","provincia":"TALARA","distrito":"PARIÑAS","institucion":"PRIVADO","codigoMinsa":30246,"direccion":"URBANIZACIÓN MARIA AUXILIADORA MANZANA B LOTE 3 DISTRITO PARIÑAS PROVINCIA TALARA DEPARTAMENTO PIURA","disa":"PIURA","red":"","microrred":"","categoria":"ESTABLECIMIENTO DE SALUD SIN INTERNAMIENTO","condicion":"ACTIVO","actualizado":"2023/08/01 19:00:00.000","fuente":"MINSA","urlRenipr":"http://app20.susalud.gob.pe:8080/registro-renipress-webapp/ipress.htm?action=mostrarVer&idipress=00030246"}},{"type":"Feature","geometry":{"type":"Point","coordinates":[-80.62852899999996,-5.197226799999953]},"properties":{"objectid":1841,"nombre":"CONSULTORIO DENTAL - ABYDENT","departamento":"PIURA","provincia":"PIURA","distrito":"PIURA","institucion":"PRIVADO","codigoMinsa":27586,"direccion":"JIRÓN HUANCAVELICA BUENOS AIRES NÚMERO 1499 PISO 1 MANZANA C1 LOTE 02 DISTRITO PIURA PROVINCIA PIURA DEPARTAMENTO PIURA","disa":"PIURA","red":"NO PERTENECE A NINGUNA RED","microrred":"NO PERTENECE A NINGUNA MICRORED","categoria":"ESTABLECIMIENTO DE SALUD SIN INTERNAMIENTO","condicion":"ACTIVO","actualizado":"2023/08/01 19:00:00.000","fuente":"MINSA","urlRenipr":"http://app20.susalud.gob.pe:8080/registro-renipress-webapp/ipress.htm?action=mostrarVer&idipress=00027586"}},{"type":"Feature","geometry":{"type":"Point","coordinates":[-80.68643229999998,-4.903637999999944]},"properties":{"objectid":1843,"nombre":"Consultorio Psicologico","departamento":"PIURA","provincia":"SULLANA","distrito":"SULLANA","institucion":"PRIVADO","codigoMinsa":26340,"direccion":"AVENIDA Circunvalacion MANZANA O LOTE 24 URBANIZACI? Salaverry DISTRITO SULLANA PROVINCIA SULLANA DEPARTAMENTO PIURA","disa":"PIURA","red":"NO PERTENECE A NINGUNA RED","microrred":"NO PERTENECE A NINGUNA MICRORED","categoria":"ESTABLECIMIENTO DE SALUD SIN INTERNAMIENTO","condicion":"ACTIVO","actualizado":"2023/08/01 19:00:00.000","fuente":"MINSA","urlRenipr":"http://app20.susalud.gob.pe:8080/registro-renipress-webapp/ipress.htm?action=mostrarVer&idipress=00026340"}},{"type":"Feature","geometry":{"type":"Point","coordinates":[-80.65488819999996,-5.1782883999999285]},"properties":{"objectid":1852,"nombre":"CENTRO DE ESPECIALIDADES MEDICAS PREVENTU SALUD","departamento":"PIURA","provincia":"PIURA","distrito":"VEINTISEIS DE OCTUBRE","institucion":"PRIVADO","codigoMinsa":27210,"direccion":"AVENIDA JUAN BOSCO (EX CIRCUNVALACIÓN) ASENTAMIENTO HUMANO FATIMA PISO 1 MANZANA B LOTE 03 DISTRITO VEINTISEIS DE OCTUBRE PROVINCIA PIURA DEPARTAMENTO PIURA","disa":"PIURA","red":"NO PERTENECE A NINGUNA RED","microrred":"NO PERTENECE A NINGUNA MICRORED","categoria":"ESTABLECIMIENTO DE SALUD SIN INTERNAMIENTO","condicion":"ACTIVO","actualizado":"2023/08/01 19:00:00.000","fuente":"MINSA","urlRenipr":"http://app20.susalud.gob.pe:8080/registro-renipress-webapp/ipress.htm?action=mostrarVer&idipress=00027210"}},{"type":"Feature","geometry":{"type":"Point","coordinates":[-80.64032229999998,-5.190313999999944]},"properties":{"objectid":1872,"nombre":"AMBULANCIA DE PETROPERU P2P-813","departamento":"PIURA","provincia":"TALARA","distrito":"PARIÑAS","institucion":"PRIVADO","codigoMinsa":26676,"direccion":"AVENIDA PROLONGACION MANZANA G LOTE 2 DISTRITO PARIÑAS PROVINCIA TALARA DEPARTAMENTO PIURA","disa":"PIURA","red":"NO PERTENECE A NINGUNA RED","microrred":"NO PERTENECE A NINGUNA MICRORED","categoria":"SERVICIO MÉDICO DE APOYO","condicion":"ACTIVO","actualizado":"2023/08/01 19:00:00.000","fuente":"MINSA","urlRenipr":"http://app20.susalud.gob.pe:8080/registro-renipress-webapp/ipress.htm?action=mostrarVer&idipress=00026676"}},{"type":"Feature","geometry":{"type":"Point","coordinates":[-80.59875489999996,-5.18632649999995]},"properties":{"objectid":1882,"nombre":"E & R MEDICAL INNOVATION S.A.C.","departamento":"PIURA","provincia":"PIURA","distrito":"CASTILLA","institucion":"PRIVADO","codigoMinsa":29827,"direccion":"AVENIDA GUILLERMO IRAZOLA NÚMERO 560 URBANIZACIÓN MIRAFLORES DISTRITO CASTILLA PROVINCIA PIURA DEPARTAMENTO PIURA","disa":"PIURA","red":"","microrred":"","categoria":"ESTABLECIMIENTO DE SALUD SIN INTERNAMIENTO","condicion":"ACTIVO","actualizado":"2023/08/01 19:00:00.000","fuente":"MINSA","urlRenipr":"http://app20.susalud.gob.pe:8080/registro-renipress-webapp/ipress.htm?action=mostrarVer&idipress=00029827"}},{"type":"Feature","geometry":{"type":"Point","coordinates":[-80.64032229999998,-5.190313999999944]},"properties":{"objectid":1907,"nombre":"NAVIERA TRAMARSA S.A.","departamento":"PIURA","provincia":"TALARA","distrito":"PARIÑAS","institucion":"PRIVADO","codigoMinsa":27847,"direccion":"OTROS ZONA INDUSTRIAL NORTE A NÚMERO 1 DISTRITO PARIÑAS PROVINCIA TALARA DEPARTAMENTO PIURA","disa":"PIURA","red":"NO PERTENECE A NINGUNA RED","microrred":"NO PERTENECE A NINGUNA MICRORED","categoria":"SERVICIO MÉDICO DE APOYO","condicion":"ACTIVO","actualizado":"2023/08/01 19:00:00.000","fuente":"MINSA","urlRenipr":"http://app20.susalud.gob.pe:8080/registro-renipress-webapp/ipress.htm?action=mostrarVer&idipress=00027847"}},{"type":"Feature","geometry":{"type":"Point","coordinates":[-81.27072449999997,-4.589625199999944]},"properties":{"objectid":1933,"nombre":"ESPECIALIDADES MEDICAS DEL NORTE E.I.R.L.","departamento":"PIURA","provincia":"TALARA","distrito":"PARIÑAS","institucion":"PRIVADO","codigoMinsa":29356,"direccion":"URBANIZACIÓN LOS VENCEDORES C-5 NÚMERO 5 MANZANA C LOTE C-5 URBANIZACIÓN LOS VENCEDORES C-5 DISTRITO PARIÑAS PROVINCIA TALARA DEPARTAMENTO PIURA","disa":"PIURA","red":"","microrred":"","categoria":"ESTABLECIMIENTO DE SALUD SIN INTERNAMIENTO","condicion":"ACTIVO","actualizado":"2023/08/01 19:00:00.000","fuente":"MINSA","urlRenipr":"http://app20.susalud.gob.pe:8080/registro-renipress-webapp/ipress.htm?action=mostrarVer&idipress=00029356"}},{"type":"Feature","geometry":{"type":"Point","coordinates":[-80.65296899999998,-5.1957093999999415]},"properties":{"objectid":2050,"nombre":"DENTAL MEGA","departamento":"PIURA","provincia":"PIURA","distrito":"PIURA","institucion":"PRIVADO","codigoMinsa":30008,"direccion":"CALLE CALLAO NÚMERO 580 INTERIOR 201 DISTRITO PIURA PROVINCIA PIURA DEPARTAMENTO PIURA","disa":"PIURA","red":"","microrred":"","categoria":"ESTABLECIMIENTO DE SALUD SIN INTERNAMIENTO","condicion":"ACTIVO","actualizado":"2023/08/01 19:00:00.000","fuente":"MINSA","urlRenipr":"http://app20.susalud.gob.pe:8080/registro-renipress-webapp/ipress.htm?action=mostrarVer&idipress=00030008"}},{"type":"Feature","geometry":{"type":"Point","coordinates":[-80.59875489999996,-5.18632649999995]},"properties":{"objectid":2073,"nombre":"CORPORACION MEDICA PALOMINO E.I.R.L.","departamento":"PIURA","provincia":"PIURA","distrito":"CASTILLA","institucion":"PRIVADO","codigoMinsa":30413,"direccion":"AVENIDA ALAMEDA DE LOS FICUS MANZANA AV LOTE 09 URBANIZACIÓN MIRAFLORES COUNTRY CLUB IV ETAPA DISTRITO CASTILLA PROVINCIA PIURA DEPARTAMENTO PIURA","disa":"PIURA","red":"","microrred":"","categoria":"ESTABLECIMIENTO DE SALUD SIN INTERNAMIENTO","condicion":"ACTIVO","actualizado":"2023/08/01 19:00:00.000","fuente":"MINSA","urlRenipr":"http://app20.susalud.gob.pe:8080/registro-renipress-webapp/ipress.htm?action=mostrarVer&idipress=00030413"}},{"type":"Feature","geometry":{"type":"Point","coordinates":[-80.65488819999996,-5.1782883999999285]},"properties":{"objectid":2145,"nombre":"BUENA VISION NORTE E.I.R.L.","departamento":"PIURA","provincia":"PIURA","distrito":"CASTILLA","institucion":"PRIVADO","codigoMinsa":18457,"direccion":"OTROS MZ. C LOTE Nº 8 INT. 2 URB. MIRAFLORES DISTRITO CASTILLA PROVINCIA PIURA DEPARTAMENTO PIURA","disa":"PIURA","red":"NO PERTENECE A NINGUNA RED","microrred":"NO PERTENECE A NINGUNA MICRORED","categoria":"ESTABLECIMIENTO DE SALUD SIN INTERNAMIENTO","condicion":"ACTIVO","actualizado":"2023/08/01 19:00:00.000","fuente":"MINSA","urlRenipr":"http://app20.susalud.gob.pe:8080/registro-renipress-webapp/ipress.htm?action=mostrarVer&idipress=00018457"}},{"type":"Feature","geometry":{"type":"Point","coordinates":[-80.62056529999995,-5.196809499999972]},"properties":{"objectid":2165,"nombre":"INSTITUTO DE REHABILITACION SAN JUAN DE DIOS PIURA","departamento":"PIURA","provincia":"PIURA","distrito":"CASTILLA","institucion":"PRIVADO","codigoMinsa":26077,"direccion":"AVENIDA LUIS MONTERO NÚMERO S/N DISTRITO CASTILLA PROVINCIA PIURA DEPARTAMENTO PIURA","disa":"PIURA","red":"NO PERTENECE A NINGUNA RED","microrred":"NO PERTENECE A NINGUNA MICRORED","categoria":"SERVICIO MÉDICO DE APOYO","condicion":"ACTIVO","actualizado":"2023/08/01 19:00:00.000","fuente":"MINSA","urlRenipr":"http://app20.susalud.gob.pe:8080/registro-renipress-webapp/ipress.htm?action=mostrarVer&idipress=00026077"}},{"type":"Feature","geometry":{"type":"Point","coordinates":[-80.65296899999998,-5.1957093999999415]},"properties":{"objectid":2185,"nombre":"CLINICA SOTOMAYOR SAC","departamento":"PIURA","provincia":"PIURA","distrito":"PIURA","institucion":"PRIVADO","codigoMinsa":17353,"direccion":"JIRÓN JR. LOS PINOS 131-139 RESIDENCIAL GRAU DISTRITO PIURA PROVINCIA PIURA DEPARTAMENTO PIURA","disa":"PIURA","red":"","microrred":"NO PERTENECE A NINGUNA MICRORED","categoria":"ESTABLECIMIENTO DE SALUD SIN INTERNAMIENTO","condicion":"ACTIVO","actualizado":"2023/08/01 19:00:00.000","fuente":"MINSA","urlRenipr":"http://app20.susalud.gob.pe:8080/registro-renipress-webapp/ipress.htm?action=mostrarVer&idipress=00017353"}},{"type":"Feature","geometry":{"type":"Point","coordinates":[-80.67810889999998,-5.179396299999951]},"properties":{"objectid":2345,"nombre":"ASISTENCIA SALUD S.C.R.L. AMBULANCIA TAJ - 821","departamento":"PIURA","provincia":"PIURA","distrito":"VEINTISEIS DE OCTUBRE","institucion":"PRIVADO","codigoMinsa":30354,"direccion":"AVENIDA CHULUCANAS ASENTAMIENTO HUMANO SANTA ROSA MANZANA 7 LOTE 6 DISTRITO VEINTISEIS DE OCTUBRE PROVINCIA PIURA DEPARTAMENTO PIURA","disa":"PIURA","red":"","microrred":"","categoria":"SERVICIO MÉDICO DE APOYO","condicion":"ACTIVO","actualizado":"2023/08/01 19:00:00.000","fuente":"MINSA","urlRenipr":"http://app20.susalud.gob.pe:8080/registro-renipress-webapp/ipress.htm?action=mostrarVer&idipress=00030354"}},{"type":"Feature","geometry":{"type":"Point","coordinates":[-80.69752989999995,-4.897433799999931]},"properties":{"objectid":2371,"nombre":"CLINICA OLGUIN","departamento":"PIURA","provincia":"SULLANA","distrito":"SULLANA","institucion":"PRIVADO","codigoMinsa":16148,"direccion":"CALLE CALLE SUCRE Nº 1300 DISTRITO SULLANA PROVINCIA SULLANA DEPARTAMENTO PIURA","disa":"PIURA","red":"","microrred":"NO PERTENECE A NINGUNA MICRORED","categoria":"ESTABLECIMIENTO DE SALUD CON INTERNAMIENTO","condicion":"ACTIVO","actualizado":"2023/08/01 19:00:00.000","fuente":"MINSA","urlRenipr":"http://app20.susalud.gob.pe:8080/registro-renipress-webapp/ipress.htm?action=mostrarVer&idipress=00016148"}},{"type":"Feature","geometry":{"type":"Point","coordinates":[-80.65488819999996,-5.1782883999999285]},"properties":{"objectid":2831,"nombre":"CENTRO MEDICO SANTA MARGARITA","departamento":"PIURA","provincia":"PIURA","distrito":"VEINTISEIS DE OCTUBRE","institucion":"PRIVADO","codigoMinsa":27098,"direccion":"URBANIZACIÓN SANTA MARGARITA II - IV ETAPA DE 01 SANTA MARGARITA II - IV ETAPA ATRAS DE LA POLLERIA DON CARLOS VEINTISEIS DE OCTUBRE PIURA PIURA","disa":"PIURA","red":"NO PERTENECE A NINGUNA RED","microrred":"NO PERTENECE A NINGUNA MICRORED","categoria":"ESTABLECIMIENTO DE SALUD SIN INTERNAMIENTO","condicion":"ACTIVO","actualizado":"2023/08/01 19:00:00.000","fuente":"MINSA","urlRenipr":"http://app20.susalud.gob.pe:8080/registro-renipress-webapp/ipress.htm?action=mostrarVer&idipress=00027098"}},{"type":"Feature","geometry":{"type":"Point","coordinates":[-80.65488819999996,-5.1782883999999285]},"properties":{"objectid":2857,"nombre":"DENTAL SONRISAS","departamento":"PIURA","provincia":"PIURA","distrito":"PIURA","institucion":"PRIVADO","codigoMinsa":11331,"direccion":"AVENIDA AV TACNA Nº 785 PRIMR PISO OFICINA 102 DISTRITO PIURA PROVINCIA PIURA DEPARTAMENTO PIURA","disa":"PIURA","red":"NO PERTENECE A NINGUNA RED","microrred":"NO PERTENECE A NINGUNA MICRORED","categoria":"ESTABLECIMIENTO DE SALUD SIN INTERNAMIENTO","condicion":"ACTIVO","actualizado":"2023/08/01 19:00:00.000","fuente":"MINSA","urlRenipr":"http://app20.susalud.gob.pe:8080/registro-renipress-webapp/ipress.htm?action=mostrarVer&idipress=00011331"}},{"type":"Feature","geometry":{"type":"Point","coordinates":[-80.49938569999995,-5.114184399999942]},"properties":{"objectid":3134,"nombre":"SMILE DESIGN CENTER S.A.C.","departamento":"PIURA","provincia":"PIURA","distrito":"PIURA","institucion":"PRIVADO","codigoMinsa":23089,"direccion":"CALLE LOS BRILLANTES N?ERO 12 MANZANA Ñ LOTE 12 DISTRITO PIURA PROVINCIA PIURA DEPARTAMENTO PIURA","disa":"PIURA","red":"NO PERTENECE A NINGUNA RED","microrred":"NO PERTENECE A NINGUNA MICRORED","categoria":"ESTABLECIMIENTO DE SALUD SIN INTERNAMIENTO","condicion":"ACTIVO","actualizado":"2023/08/01 19:00:00.000","fuente":"MINSA","urlRenipr":"http://app20.susalud.gob.pe:8080/registro-renipress-webapp/ipress.htm?action=mostrarVer&idipress=00023089"}},{"type":"Feature","geometry":{"type":"Point","coordinates":[-80.68704519999994,-4.8983175999999276]},"properties":{"objectid":3256,"nombre":"CENTRO OPTICO NOBA VISION - SOLIDARIDAD","departamento":"PIURA","provincia":"SULLANA","distrito":"SULLANA","institucion":"PRIVADO","codigoMinsa":25234,"direccion":"CALLE DOS NÚMERO 800 URBANIZACIÓN BARRIO BUENOS AIRES DISTRITO SULLANA PROVINCIA SULLANA DEPARTAMENTO PIURA","disa":"","red":"","microrred":"","categoria":"SERVICIO MÉDICO DE APOYO","condicion":"RETIRO VOLUNTARIO","actualizado":"2023/08/01 19:00:00.000","fuente":"MINSA","urlRenipr":"http://app20.susalud.gob.pe:8080/registro-renipress-webapp/ipress.htm?action=mostrarVer&idipress=00025234"}},{"type":"Feature","geometry":{"type":"Point","coordinates":[-80.62175599999995,-5.200344599999937]},"properties":{"objectid":3305,"nombre":"CENTRO DE ENDOSCOPIA DIGESTIVA DT","departamento":"PIURA","provincia":"PIURA","distrito":"PIURA","institucion":"PRIVADO","codigoMinsa":31339,"direccion":"AVENIDA LOS COCOS NÚMERO 302 MANZANA M LOTE 1 URBANIZACIÓN CLUB GRAU DISTRITO PIURA PROVINCIA PIURA DEPARTAMENTO PIURA","disa":"PIURA","red":"","microrred":"","categoria":"ESTABLECIMIENTO DE SALUD SIN INTERNAMIENTO","condicion":"ACTIVO","actualizado":"2023/08/01 19:00:00.000","fuente":"MINSA","urlRenipr":"http://app20.susalud.gob.pe:8080/registro-renipress-webapp/ipress.htm?action=mostrarVer&idipress=00031339"}},{"type":"Feature","geometry":{"type":"Point","coordinates":[-80.65488819999996,-5.1782883999999285]},"properties":{"objectid":3311,"nombre":"CONSULTURIO PEDIATRICO LUIS RIOS ARBURUA","departamento":"PIURA","provincia":"PIURA","distrito":"PIURA","institucion":"PRIVADO","codigoMinsa":27532,"direccion":"AVENIDA GRAU NÚMERO 1157 PISO 3 INTERIOR 302 DISTRITO PIURA PROVINCIA PIURA DEPARTAMENTO PIURA","disa":"PIURA","red":"NO PERTENECE A NINGUNA RED","microrred":"NO PERTENECE A NINGUNA MICRORED","categoria":"ESTABLECIMIENTO DE SALUD SIN INTERNAMIENTO","condicion":"ACTIVO","actualizado":"2023/08/01 19:00:00.000","fuente":"MINSA","urlRenipr":"http://app20.susalud.gob.pe:8080/registro-renipress-webapp/ipress.htm?action=mostrarVer&idipress=00027532"}},{"type":"Feature","geometry":{"type":"Point","coordinates":[-81.26289609999998,-4.581151999999975]},"properties":{"objectid":3467,"nombre":"LABOCENTRO","departamento":"PIURA","provincia":"TALARA","distrito":"PARIÑAS","institucion":"PRIVADO","codigoMinsa":25108,"direccion":"PARQUE A NÚMERO 63 1 DISTRITO PARIÑAS PROVINCIA TALARA DEPARTAMENTO PIURA","disa":"PIURA","red":"NO PERTENECE A NINGUNA RED","microrred":"NO PERTENECE A NINGUNA MICRORED","categoria":"SERVICIO MÉDICO DE APOYO","condicion":"ACTIVO","actualizado":"2023/08/01 19:00:00.000","fuente":"MINSA","urlRenipr":"http://app20.susalud.gob.pe:8080/registro-renipress-webapp/ipress.htm?action=mostrarVer&idipress=00025108"}},{"type":"Feature","geometry":{"type":"Point","coordinates":[-80.59875489999996,-5.18632649999995]},"properties":{"objectid":3598,"nombre":"INVIDA","departamento":"PIURA","provincia":"PIURA","distrito":"CASTILLA","institucion":"PRIVADO","codigoMinsa":31712,"direccion":"URBANIZACIÓN MIRAFLORES COUNTRY CLUB MANZANA AU LOTE 11 DISTRITO CASTILLA PROVINCIA PIURA DEPARTAMENTO PIURA","disa":"PIURA","red":"","microrred":"","categoria":"ESTABLECIMIENTO DE SALUD SIN INTERNAMIENTO","condicion":"ACTIVO","actualizado":"2023/08/01 19:00:00.000","fuente":"MINSA","urlRenipr":"http://app20.susalud.gob.pe:8080/registro-renipress-webapp/ipress.htm?action=mostrarVer&idipress=00031712"}},{"type":"Feature","geometry":{"type":"Point","coordinates":[-80.16424968999996,-5.0962628799999266]},"properties":{"objectid":3672,"nombre":"LABORATORIO CLINICO \"BIO -LAB KILLARY\"","departamento":"PIURA","provincia":"MORROPON","distrito":"CHULUCANAS","institucion":"PRIVADO","codigoMinsa":28317,"direccion":"JIRÓN LIMA N?ERO 611 DISTRITO CHULUCANAS PROVINCIA MORROPON DEPARTAMENTO PIURA","disa":"PIURA","red":"NO PERTENECE A NINGUNA RED","microrred":"NO PERTENECE A NINGUNA MICRORED","categoria":"SERVICIO MÉDICO DE APOYO","condicion":"ACTIVO","actualizado":"2023/08/01 19:00:00.000","fuente":"MINSA","urlRenipr":"http://app20.susalud.gob.pe:8080/registro-renipress-webapp/ipress.htm?action=mostrarVer&idipress=00028317"}},{"type":"Feature","geometry":{"type":"Point","coordinates":[-80.59878769999995,-5.186292799999933]},"properties":{"objectid":3717,"nombre":"CLINICA SAN CAMILO S.A.C.","departamento":"PIURA","provincia":"PIURA","distrito":"CASTILLA","institucion":"PRIVADO","codigoMinsa":18890,"direccion":"AVENIDA URB. MIRAFLORES II ETAPA MZ. A LOTE Nº 01 ESQUINA AV. IRAZOLA Y CALLE Nº 10 DISTRITO CASTILLA PROVINCIA PIURA DEPARTAMENTO PIURA","disa":"PIURA","red":"NO PERTENECE A NINGUNA RED","microrred":"NO PERTENECE A NINGUNA MICRORED","categoria":"ESTABLECIMIENTO DE SALUD SIN INTERNAMIENTO","condicion":"ACTIVO","actualizado":"2023/08/01 19:00:00.000","fuente":"MINSA","urlRenipr":"http://app20.susalud.gob.pe:8080/registro-renipress-webapp/ipress.htm?action=mostrarVer&idipress=00018890"}},{"type":"Feature","geometry":{"type":"Point","coordinates":[-80.65488819999996,-5.1782883999999285]},"properties":{"objectid":3722,"nombre":"DR. ANTONIO RABANAL OLANO","departamento":"PIURA","provincia":"PIURA","distrito":"PIURA","institucion":"PRIVADO","codigoMinsa":27105,"direccion":"AVENIDA ESQUINA AV GRAU CON JIRON PEDRO DE LEON ASENTAMIENTO HUMANO BUENOS AIRES N?ERO 1105 MANZANA A1 LOTE 18 URBANIZACI? AA.HH. BUENOS AIRES DISTRITO PIURA PROVINCIA PIURA DEPARTAMENTO PIURA","disa":"PIURA","red":"NO PERTENECE A NINGUNA RED","microrred":"NO PERTENECE A NINGUNA MICRORED","categoria":"ESTABLECIMIENTO DE SALUD SIN INTERNAMIENTO","condicion":"ACTIVO","actualizado":"2023/08/01 19:00:00.000","fuente":"MINSA","urlRenipr":"http://app20.susalud.gob.pe:8080/registro-renipress-webapp/ipress.htm?action=mostrarVer&idipress=00027105"}},{"type":"Feature","geometry":{"type":"Point","coordinates":[-79.64855427999998,-5.198148949999961]},"properties":{"objectid":3726,"nombre":"LA LAGUNA","departamento":"PIURA","provincia":"AYABACA","distrito":"SUYO","institucion":"GOBIERNO REGIONAL","codigoMinsa":1954,"direccion":"OTROS CASERIO LA LAGUNA DISTRITO SUYO PROVINCIA AYABACA DEPARTAMENTO PIURA","disa":"PIURA","red":"AYABACA","microrred":"LAS LOMAS","categoria":"ESTABLECIMIENTO DE SALUD SIN INTERNAMIENTO","condicion":"ACTIVO","actualizado":"2023/08/01 19:00:00.000","fuente":"MINSA","urlRenipr":"http://app20.susalud.gob.pe:8080/registro-renipress-webapp/ipress.htm?action=mostrarVer&idipress=00001954"}},{"type":"Feature","geometry":{"type":"Point","coordinates":[-79.79498886999994,-4.700692599999968]},"properties":{"objectid":3727,"nombre":"CHINCHIN","departamento":"PIURA","provincia":"AYABACA","distrito":"AYABACA","institucion":"GOBIERNO REGIONAL","codigoMinsa":1913,"direccion":"OTROS CASERIO CHIN CHIN - AYABACA CASERIO CHIN CHIN - AYABACA AYABACA AYABACA PIURA","disa":"PIURA","red":"AYABACA","microrred":"AYABACA","categoria":"ESTABLECIMIENTO DE SALUD SIN INTERNAMIENTO","condicion":"ACTIVO","actualizado":"2023/08/01 19:00:00.000","fuente":"MINSA","urlRenipr":"http://app20.susalud.gob.pe:8080/registro-renipress-webapp/ipress.htm?action=mostrarVer&idipress=00001913"}},{"type":"Feature","geometry":{"type":"Point","coordinates":[-80.66202766999999,-4.927035419999925]},"properties":{"objectid":3728,"nombre":"CIENEGUILLO CENTRO","departamento":"PIURA","provincia":"SULLANA","distrito":"SULLANA","institucion":"GOBIERNO REGIONAL","codigoMinsa":2015,"direccion":"OTROS CASERIO CIENEGUILLO CENTRO CASERIO CIENEGUILLO CENTRO SULLANA SULLANA PIURA","disa":"PIURA","red":"SULLANA","microrred":"BELLAVISTA","categoria":"ESTABLECIMIENTO DE SALUD SIN INTERNAMIENTO","condicion":"ACTIVO","actualizado":"2023/08/01 19:00:00.000","fuente":"MINSA","urlRenipr":"http://app20.susalud.gob.pe:8080/registro-renipress-webapp/ipress.htm?action=mostrarVer&idipress=00002015"}},{"type":"Feature","geometry":{"type":"Point","coordinates":[-79.66894379999997,-4.500176459999977]},"properties":{"objectid":3729,"nombre":"HUIRIQUINGUE","departamento":"PIURA","provincia":"AYABACA","distrito":"AYABACA","institucion":"GOBIERNO REGIONAL","codigoMinsa":1923,"direccion":"OTROS CASERIO HUIRIQUINGUE- AYABACA DISTRITO AYABACA PROVINCIA AYABACA DEPARTAMENTO PIURA","disa":"PIURA","red":"AYABACA","microrred":"AYABACA","categoria":"ESTABLECIMIENTO DE SALUD SIN INTERNAMIENTO","condicion":"ACTIVO","actualizado":"2023/08/01 19:00:00.000","fuente":"MINSA","urlRenipr":"http://app20.susalud.gob.pe:8080/registro-renipress-webapp/ipress.htm?action=mostrarVer&idipress=00001923"}},{"type":"Feature","geometry":{"type":"Point","coordinates":[-80.93995666999996,-4.860824709999974]},"properties":{"objectid":3730,"nombre":"MONTELIMA","departamento":"PIURA","provincia":"SULLANA","distrito":"IGNACIO ESCUDERO","institucion":"GOBIERNO REGIONAL","codigoMinsa":2044,"direccion":"OTROS CASERIO MONTELIMA DISTRITO IGNACIO ESCUDERO PROVINCIA SULLANA DEPARTAMENTO PIURA","disa":"PIURA","red":"SULLANA","microrred":"MARCAVELICA","categoria":"ESTABLECIMIENTO DE SALUD SIN INTERNAMIENTO","condicion":"ACTIVO","actualizado":"2023/08/01 19:00:00.000","fuente":"MINSA","urlRenipr":"http://app20.susalud.gob.pe:8080/registro-renipress-webapp/ipress.htm?action=mostrarVer&idipress=00002044"}},{"type":"Feature","geometry":{"type":"Point","coordinates":[-80.43667180999995,-4.360252229999958]},"properties":{"objectid":3731,"nombre":"PILARES","departamento":"PIURA","provincia":"SULLANA","distrito":"LANCONES","institucion":"GOBIERNO REGIONAL","codigoMinsa":2069,"direccion":"OTROS CASERIO PILARES DISTRITO LANCONES PROVINCIA SULLANA DEPARTAMENTO PIURA","disa":"PIURA","red":"SULLANA","microrred":"LANCONES","categoria":"ESTABLECIMIENTO DE SALUD SIN INTERNAMIENTO","condicion":"ACTIVO","actualizado":"2023/08/01 19:00:00.000","fuente":"MINSA","urlRenipr":"http://app20.susalud.gob.pe:8080/registro-renipress-webapp/ipress.htm?action=mostrarVer&idipress=00002069"}},{"type":"Feature","geometry":{"type":"Point","coordinates":[-80.06977765999994,-4.687947639999948]},"properties":{"objectid":3732,"nombre":"SAN FRANCISCO DE PAMPA ELERA","departamento":"PIURA","provincia":"PIURA","distrito":"LAS LOMAS","institucion":"GOBIERNO REGIONAL","codigoMinsa":1939,"direccion":"OTROS CASERIO SAN FRANCISCO DE PAMPA ELERA DISTRITO LAS LOMAS PROVINCIA PIURA DEPARTAMENTO PIURA","disa":"PIURA","red":"AYABACA","microrred":"LAS LOMAS","categoria":"ESTABLECIMIENTO DE SALUD SIN INTERNAMIENTO","condicion":"ACTIVO","actualizado":"2023/08/01 19:00:00.000","fuente":"MINSA","urlRenipr":"http://app20.susalud.gob.pe:8080/registro-renipress-webapp/ipress.htm?action=mostrarVer&idipress=00001939"}},{"type":"Feature","geometry":{"type":"Point","coordinates":[-80.57952935999998,-4.824821179999958]},"properties":{"objectid":3734,"nombre":"STA. ROSA DE PIEDRA RODADA","departamento":"PIURA","provincia":"SULLANA","distrito":"SULLANA","institucion":"GOBIERNO REGIONAL","codigoMinsa":2005,"direccion":"OTROS CASERIO STA, ROSA DE PIEDRA RODADA DISTRITO BELLAVISTA PROVINCIA SULLANA DEPARTAMENTO PIURA","disa":"PIURA","red":"SULLANA","microrred":"BELLAVISTA","categoria":"ESTABLECIMIENTO DE SALUD SIN INTERNAMIENTO","condicion":"ACTIVO","actualizado":"2023/08/01 19:00:00.000","fuente":"MINSA","urlRenipr":"http://app20.susalud.gob.pe:8080/registro-renipress-webapp/ipress.htm?action=mostrarVer&idipress=00002005"}},{"type":"Feature","geometry":{"type":"Point","coordinates":[-79.76381372999998,-4.569125199999974]},"properties":{"objectid":3735,"nombre":"CLAS SICCHEZ","departamento":"PIURA","provincia":"AYABACA","distrito":"SICCHEZ","institucion":"GOBIERNO REGIONAL","codigoMinsa":1974,"direccion":"JIRÓN JR. UNION S/N SICCHEZ S/N JR. UNION S/N SICCHEZ SICCHEZ AYABACA PIURA","disa":"PIURA","red":"AYABACA","microrred":"PAIMAS","categoria":"ESTABLECIMIENTO DE SALUD SIN INTERNAMIENTO","condicion":"ACTIVO","actualizado":"2023/08/01 19:00:00.000","fuente":"MINSA","urlRenipr":"http://app20.susalud.gob.pe:8080/registro-renipress-webapp/ipress.htm?action=mostrarVer&idipress=00001974"}},{"type":"Feature","geometry":{"type":"Point","coordinates":[-81.25540350999995,-4.5944059499999526]},"properties":{"objectid":3736,"nombre":"CENTRO DE SALUD JOSE ABELARDO QUINONES","departamento":"PIURA","provincia":"TALARA","distrito":"PARIÑAS","institucion":"GOBIERNO REGIONAL","codigoMinsa":2073,"direccion":"AVENIDA AV. SAN MARTIN 17 TALARA AV. SAN MARTIN 17 TALARA PARIÑAS TALARA PIURA","disa":"PIURA","red":"SULLANA","microrred":"TALARA","categoria":"ESTABLECIMIENTO DE SALUD SIN INTERNAMIENTO","condicion":"ACTIVO","actualizado":"2023/08/01 19:00:00.000","fuente":"MINSA","urlRenipr":"http://app20.susalud.gob.pe:8080/registro-renipress-webapp/ipress.htm?action=mostrarVer&idipress=00002073"}},{"type":"Feature","geometry":{"type":"Point","coordinates":[-80.70622720999995,-4.8822585499999605]},"properties":{"objectid":3737,"nombre":"CENTRO DE SALUD MARCAVELICA","departamento":"PIURA","provincia":"SULLANA","distrito":"MARCAVELICA","institucion":"GOBIERNO REGIONAL","codigoMinsa":2032,"direccion":"OTROS PANAMERICANA S-N MARCAVELICA PANAMERICANA S-N MARCAVELICA MARCAVELICA SULLANA PIURA","disa":"PIURA","red":"SULLANA","microrred":"MARCAVELICA","categoria":"ESTABLECIMIENTO DE SALUD SIN INTERNAMIENTO","condicion":"ACTIVO","actualizado":"2023/08/01 19:00:00.000","fuente":"MINSA","urlRenipr":"http://app20.susalud.gob.pe:8080/registro-renipress-webapp/ipress.htm?action=mostrarVer&idipress=00002032"}},{"type":"Feature","geometry":{"type":"Point","coordinates":[-80.14436945999995,-4.422722139999962]},"properties":{"objectid":3738,"nombre":"PAMPA LARGA-GUITARRAS","departamento":"PIURA","provincia":"AYABACA","distrito":"SUYO","institucion":"GOBIERNO REGIONAL","codigoMinsa":1947,"direccion":"OTROS CASERIO PAMPA LARGA GUITARRAS - SUYO - AYABACA CASERIO PAMPA LARGA GUITARRAS - SUYO - AYABACA SUYO AYABACA PIURA","disa":"PIURA","red":"AYABACA","microrred":"LAS LOMAS","categoria":"ESTABLECIMIENTO DE SALUD SIN INTERNAMIENTO","condicion":"ACTIVO","actualizado":"2023/08/01 19:00:00.000","fuente":"MINSA","urlRenipr":"http://app20.susalud.gob.pe:8080/registro-renipress-webapp/ipress.htm?action=mostrarVer&idipress=00001947"}},{"type":"Feature","geometry":{"type":"Point","coordinates":[-80.65488819999996,-5.1782883999999285]},"properties":{"objectid":3764,"nombre":"CENTRO ODONTOLOGICO VILCHEZ","departamento":"PIURA","provincia":"PIURA","distrito":"PIURA","institucion":"PRIVADO","codigoMinsa":26178,"direccion":"AVENIDA GRAU NÚMERO 1119 PISO 2 DISTRITO PIURA PROVINCIA PIURA DEPARTAMENTO PIURA","disa":"PIURA","red":"NO PERTENECE A NINGUNA RED","microrred":"NO PERTENECE A NINGUNA MICRORED","categoria":"ESTABLECIMIENTO DE SALUD SIN INTERNAMIENTO","condicion":"ACTIVO","actualizado":"2023/08/01 19:00:00.000","fuente":"MINSA","urlRenipr":"http://app20.susalud.gob.pe:8080/registro-renipress-webapp/ipress.htm?action=mostrarVer&idipress=00026178"}},{"type":"Feature","geometry":{"type":"Point","coordinates":[-79.63330531999998,-5.136985829999958]},"properties":{"objectid":3793,"nombre":"P.S MAYLAND","departamento":"PIURA","provincia":"HUANCABAMBA","distrito":"LALAQUIZ","institucion":"GOBIERNO REGIONAL","codigoMinsa":2234,"direccion":"OTROS CENTRO POBLADO MAYLAND S/N NÚMERO S/N DISTRITO LALAQUIZ PROVINCIA HUANCABAMBA DEPARTAMENTO PIURA","disa":"PIURA","red":"MORROPON CHULUCANAS","microrred":"SALITRAL","categoria":"ESTABLECIMIENTO DE SALUD SIN INTERNAMIENTO","condicion":"ACTIVO","actualizado":"2023/08/01 19:00:00.000","fuente":"MINSA","urlRenipr":"http://app20.susalud.gob.pe:8080/registro-renipress-webapp/ipress.htm?action=mostrarVer&idipress=00002234"}},{"type":"Feature","geometry":{"type":"Point","coordinates":[-80.69526872999995,-5.37236280999997]},"properties":{"objectid":3794,"nombre":"P.S MONTEGRANDE","departamento":"PIURA","provincia":"PIURA","distrito":"LA ARENA","institucion":"GOBIERNO REGIONAL","codigoMinsa":2130,"direccion":"AVENIDA AV. GRAU Nº 00141 CENTRO POBLADO MONTEGRANDE DISTRITO LA ARENA PROVINCIA PIURA DEPARTAMENTO PIURA","disa":"PIURA","red":"BAJO PIURA","microrred":"CATACAOS","categoria":"ESTABLECIMIENTO DE SALUD SIN INTERNAMIENTO","condicion":"ACTIVO","actualizado":"2023/08/01 19:00:00.000","fuente":"MINSA","urlRenipr":"http://app20.susalud.gob.pe:8080/registro-renipress-webapp/ipress.htm?action=mostrarVer&idipress=00002130"}},{"type":"Feature","geometry":{"type":"Point","coordinates":[-80.68704166999999,-5.290939999999978]},"properties":{"objectid":3795,"nombre":"E.S. NARIHUALA","departamento":"PIURA","provincia":"PIURA","distrito":"CATACAOS","institucion":"GOBIERNO REGIONAL","codigoMinsa":2121,"direccion":"CALLE CENTRO POBLADO NARIHUALA CALLE COMERCIO S/N S/N CENTRO POBLADO NARIHUALA CALLE COMERCIO S/N CATACAOS PIURA PIURA","disa":"PIURA","red":"BAJO PIURA","microrred":"CATACAOS","categoria":"ESTABLECIMIENTO DE SALUD SIN INTERNAMIENTO","condicion":"ACTIVO","actualizado":"2023/08/01 19:00:00.000","fuente":"MINSA","urlRenipr":"http://app20.susalud.gob.pe:8080/registro-renipress-webapp/ipress.htm?action=mostrarVer&idipress=00002121"}},{"type":"Feature","geometry":{"type":"Point","coordinates":[-80.76267937999995,-5.459100449999937]},"properties":{"objectid":3796,"nombre":"P.S RINCONADA LLICUAR","departamento":"PIURA","provincia":"SECHURA","distrito":"RINCONADA LLICUAR","institucion":"GOBIERNO REGIONAL","codigoMinsa":2150,"direccion":"OTROS CENTRO POBLADO RINCONADA DE LLICUAR S/N S/N CENTRO POBLADO RINCONADA DE LLICUAR S/N RINCONADA-LLICUAR SECHURA PIURA","disa":"PIURA","red":"BAJO PIURA","microrred":"SECHURA","categoria":"ESTABLECIMIENTO DE SALUD SIN INTERNAMIENTO","condicion":"ACTIVO","actualizado":"2023/08/01 19:00:00.000","fuente":"MINSA","urlRenipr":"http://app20.susalud.gob.pe:8080/registro-renipress-webapp/ipress.htm?action=mostrarVer&idipress=00002150"}},{"type":"Feature","geometry":{"type":"Point","coordinates":[-79.94437520999998,-5.2087417999999275]},"properties":{"objectid":3797,"nombre":"P.S. EL INGENIO","departamento":"PIURA","provincia":"MORROPON","distrito":"BUENOS AIRES","institucion":"GOBIERNO REGIONAL","codigoMinsa":2190,"direccion":"OTROS CENTRO POBLADO EL INGENIO S/N S/N CENTRO POBLADO EL INGENIO S/N BUENOS AIRES MORROPON PIURA","disa":"PIURA","red":"MORROPON CHULUCANAS","microrred":"MORROPON","categoria":"ESTABLECIMIENTO DE SALUD SIN INTERNAMIENTO","condicion":"ACTIVO","actualizado":"2023/08/01 19:00:00.000","fuente":"MINSA","urlRenipr":"http://app20.susalud.gob.pe:8080/registro-renipress-webapp/ipress.htm?action=mostrarVer&idipress=00002190"}},{"type":"Feature","geometry":{"type":"Point","coordinates":[-79.45877413999995,-5.351497829999971]},"properties":{"objectid":3798,"nombre":"E. S. I - 1 LACCHAN","departamento":"PIURA","provincia":"HUANCABAMBA","distrito":"SONDORILLO","institucion":"GOBIERNO REGIONAL","codigoMinsa":15281,"direccion":"OTROS CASERIO LACCHAN ALTO S/N° NÚMERO S/N DISTRITO SONDORILLO PROVINCIA HUANCABAMBA DEPARTAMENTO PIURA","disa":"PIURA","red":"HUANCABAMBA","microrred":"HUANCABAMBA","categoria":"ESTABLECIMIENTO DE SALUD SIN INTERNAMIENTO","condicion":"ACTIVO","actualizado":"2023/08/01 19:00:00.000","fuente":"MINSA","urlRenipr":"http://app20.susalud.gob.pe:8080/registro-renipress-webapp/ipress.htm?action=mostrarVer&idipress=00015281"}},{"type":"Feature","geometry":{"type":"Point","coordinates":[-79.73144666999997,-5.100563329999943]},"properties":{"objectid":3799,"nombre":"PUESTO DE SALUD TABLONES","departamento":"PIURA","provincia":"MORROPON","distrito":"YAMANGO","institucion":"GOBIERNO REGIONAL","codigoMinsa":2197,"direccion":"OTROS CENTRO POBLADO TABLONES DISTRITO YAMANGO PROVINCIA MORROPON DEPARTAMENTO PIURA","disa":"PIURA","red":"MORROPON CHULUCANAS","microrred":"MORROPON","categoria":"ESTABLECIMIENTO DE SALUD SIN INTERNAMIENTO","condicion":"ACTIVO","actualizado":"2023/08/01 19:00:00.000","fuente":"MINSA","urlRenipr":"http://app20.susalud.gob.pe:8080/registro-renipress-webapp/ipress.htm?action=mostrarVer&idipress=00002197"}},{"type":"Feature","geometry":{"type":"Point","coordinates":[-79.68894199999994,-5.673581549999938]},"properties":{"objectid":3800,"nombre":"P.S. SABILA","departamento":"PIURA","provincia":"HUANCABAMBA","distrito":"HUARMACA","institucion":"GOBIERNO REGIONAL","codigoMinsa":2277,"direccion":"OTROS CENTRO POBLADO SABILA S/N NÚMERO S/N DISTRITO HUARMACA PROVINCIA HUANCABAMBA DEPARTAMENTO PIURA","disa":"PIURA","red":"HUARMACA","microrred":"HUARMACA","categoria":"ESTABLECIMIENTO DE SALUD SIN INTERNAMIENTO","condicion":"ACTIVO","actualizado":"2023/08/01 19:00:00.000","fuente":"MINSA","urlRenipr":"http://app20.susalud.gob.pe:8080/registro-renipress-webapp/ipress.htm?action=mostrarVer&idipress=00002277"}},{"type":"Feature","geometry":{"type":"Point","coordinates":[-79.52119012999998,-5.587321799999927]},"properties":{"objectid":3801,"nombre":"E.S. HUARMACA","departamento":"PIURA","provincia":"HUANCABAMBA","distrito":"HUARMACA","institucion":"GOBIERNO REGIONAL","codigoMinsa":2270,"direccion":"CARRETERA CARRETERA CUCHUPAMPA S/N HUARMACA S/N CARRETERA CUCHUPAMPA S/N HUARMACA HUARMACA HUANCABAMBA PIURA","disa":"PIURA","red":"HUARMACA","microrred":"HUARMACA","categoria":"ESTABLECIMIENTO DE SALUD CON INTERNAMIENTO","condicion":"ACTIVO","actualizado":"2023/08/01 19:00:00.000","fuente":"MINSA","urlRenipr":"http://app20.susalud.gob.pe:8080/registro-renipress-webapp/ipress.htm?action=mostrarVer&idipress=00002270"}},{"type":"Feature","geometry":{"type":"Point","coordinates":[-80.59778203999997,-5.186951609999937]},"properties":{"objectid":3803,"nombre":"E.S. TACALA","departamento":"PIURA","provincia":"PIURA","distrito":"CASTILLA","institucion":"GOBIERNO REGIONAL","codigoMinsa":2102,"direccion":"OTROS MZ. M1, LOTE Nº 1 TACALA MZ. M1, LOTE Nº 1 TACALA CASTILLA PIURA PIURA","disa":"PIURA","red":"PIURA CASTILLA","microrred":"CASTILLA","categoria":"ESTABLECIMIENTO DE SALUD SIN INTERNAMIENTO","condicion":"ACTIVO","actualizado":"2023/08/01 19:00:00.000","fuente":"MINSA","urlRenipr":"http://app20.susalud.gob.pe:8080/registro-renipress-webapp/ipress.htm?action=mostrarVer&idipress=00002102"}},{"type":"Feature","geometry":{"type":"Point","coordinates":[-79.73857957999996,-5.310161869999945]},"properties":{"objectid":3804,"nombre":"P.S LA PAREJA","departamento":"PIURA","provincia":"MORROPON","distrito":"SAN JUAN DE BIGOTE","institucion":"GOBIERNO REGIONAL","codigoMinsa":2230,"direccion":"CALLE CALLE TUPAC AMARU S/N S/N CALLE TUPAC AMARU S/N SAN JUAN DE BIGOTE MORROPON PIURA","disa":"PIURA","red":"MORROPON CHULUCANAS","microrred":"SALITRAL","categoria":"ESTABLECIMIENTO DE SALUD SIN INTERNAMIENTO","condicion":"ACTIVO","actualizado":"2023/08/01 19:00:00.000","fuente":"MINSA","urlRenipr":"http://app20.susalud.gob.pe:8080/registro-renipress-webapp/ipress.htm?action=mostrarVer&idipress=00002230"}},{"type":"Feature","geometry":{"type":"Point","coordinates":[-80.06291999999996,-5.110294999999951]},"properties":{"objectid":3805,"nombre":"P.S TALANDRACAS","departamento":"PIURA","provincia":"MORROPON","distrito":"CHULUCANAS","institucion":"GOBIERNO REGIONAL","codigoMinsa":2167,"direccion":"OTROS CENTRO POBLADO YAPATERA S/N S/N CENTRO POBLADO YAPATERA S/N CHULUCANAS MORROPON PIURA","disa":"PIURA","red":"MORROPON CHULUCANAS","microrred":"CHULUCANAS","categoria":"ESTABLECIMIENTO DE SALUD SIN INTERNAMIENTO","condicion":"ACTIVO","actualizado":"2023/08/01 19:00:00.000","fuente":"MINSA","urlRenipr":"http://app20.susalud.gob.pe:8080/registro-renipress-webapp/ipress.htm?action=mostrarVer&idipress=00002167"}},{"type":"Feature","geometry":{"type":"Point","coordinates":[-79.57825186999997,-5.580787329999964]},"properties":{"objectid":3806,"nombre":"P.S. SAN ANTONIO DE SUCCHIRCA","departamento":"PIURA","provincia":"HUANCABAMBA","distrito":"HUARMACA","institucion":"GOBIERNO REGIONAL","codigoMinsa":2279,"direccion":"OTROS CASERIO SAN ANTONIO DISTRITO HUARMACA PROVINCIA HUANCABAMBA DEPARTAMENTO PIURA","disa":"PIURA","red":"HUARMACA","microrred":"HUARMACA","categoria":"ESTABLECIMIENTO DE SALUD SIN INTERNAMIENTO","condicion":"ACTIVO","actualizado":"2023/08/01 19:00:00.000","fuente":"MINSA","urlRenipr":"http://app20.susalud.gob.pe:8080/registro-renipress-webapp/ipress.htm?action=mostrarVer&idipress=00002279"}},{"type":"Feature","geometry":{"type":"Point","coordinates":[-79.35020499999996,-5.471083329999942]},"properties":{"objectid":3807,"nombre":"E.S. TULUCE","departamento":"PIURA","provincia":"HUANCABAMBA","distrito":"SONDOR","institucion":"GOBIERNO REGIONAL","codigoMinsa":2265,"direccion":"OTROS SECTOR PUEBLO NUEVO S/N S/N SECTOR PUEBLO NUEVO S/N SONDOR HUANCABAMBA PIURA","disa":"PIURA","red":"HUANCABAMBA","microrred":"HUANCABAMBA","categoria":"ESTABLECIMIENTO DE SALUD SIN INTERNAMIENTO","condicion":"ACTIVO","actualizado":"2023/08/01 19:00:00.000","fuente":"MINSA","urlRenipr":"http://app20.susalud.gob.pe:8080/registro-renipress-webapp/ipress.htm?action=mostrarVer&idipress=00002265"}},{"type":"Feature","geometry":{"type":"Point","coordinates":[-79.42392750999994,-5.290326909999976]},"properties":{"objectid":3808,"nombre":"E.S. I -1 CASHACOTO","departamento":"PIURA","provincia":"HUANCABAMBA","distrito":"SONDOR","institucion":"GOBIERNO REGIONAL","codigoMinsa":2263,"direccion":"CALLE CALLE PROGRESO S/N NÚMERO S/N DISTRITO SONDOR PROVINCIA HUANCABAMBA DEPARTAMENTO PIURA","disa":"PIURA","red":"HUANCABAMBA","microrred":"HUANCABAMBA","categoria":"ESTABLECIMIENTO DE SALUD SIN INTERNAMIENTO","condicion":"ACTIVO","actualizado":"2023/08/01 19:00:00.000","fuente":"MINSA","urlRenipr":"http://app20.susalud.gob.pe:8080/registro-renipress-webapp/ipress.htm?action=mostrarVer&idipress=00002263"}},{"type":"Feature","geometry":{"type":"Point","coordinates":[-80.62233543999997,-5.19282630999993]},"properties":{"objectid":3861,"nombre":"T.V. DENTAL","departamento":"PIURA","provincia":"PIURA","distrito":"CASTILLA","institucion":"PRIVADO","codigoMinsa":27206,"direccion":"CALLE LAS DALIAS N?ERO 255 MANZANA J LOTE 20 URBANIZACI? Miraflores DISTRITO CASTILLA PROVINCIA PIURA DEPARTAMENTO PIURA","disa":"PIURA","red":"NO PERTENECE A NINGUNA RED","microrred":"NO PERTENECE A NINGUNA MICRORED","categoria":"ESTABLECIMIENTO DE SALUD SIN INTERNAMIENTO","condicion":"ACTIVO","actualizado":"2023/08/01 19:00:00.000","fuente":"MINSA","urlRenipr":"http://app20.susalud.gob.pe:8080/registro-renipress-webapp/ipress.htm?action=mostrarVer&idipress=00027206"}},{"type":"Feature","geometry":{"type":"Point","coordinates":[-80.65488819999996,-5.1782883999999285]},"properties":{"objectid":3885,"nombre":"MEDICENTRO-MEDICLUB S.A.C.","departamento":"PIURA","provincia":"PIURA","distrito":"PIURA","institucion":"PRIVADO","codigoMinsa":26603,"direccion":"CALLE TACNA NÚMERO 149 PISO 1 INTERIOR 2 DISTRITO PIURA PROVINCIA PIURA DEPARTAMENTO PIURA","disa":"PIURA","red":"NO PERTENECE A NINGUNA RED","microrred":"NO PERTENECE A NINGUNA MICRORED","categoria":"ESTABLECIMIENTO DE SALUD SIN INTERNAMIENTO","condicion":"ACTIVO","actualizado":"2023/08/01 19:00:00.000","fuente":"MINSA","urlRenipr":"http://app20.susalud.gob.pe:8080/registro-renipress-webapp/ipress.htm?action=mostrarVer&idipress=00026603"}},{"type":"Feature","geometry":{"type":"Point","coordinates":[-80.69535331999998,-4.908235979999972]},"properties":{"objectid":4095,"nombre":"Karisma Dent","departamento":"PIURA","provincia":"SULLANA","distrito":"SULLANA","institucion":"PRIVADO","codigoMinsa":30189,"direccion":"AVENIDA Marcelino Champagnat NÚMERO 1104 PISO 1 DISTRITO SULLANA PROVINCIA SULLANA DEPARTAMENTO PIURA","disa":"PIURA","red":"","microrred":"","categoria":"ESTABLECIMIENTO DE SALUD SIN INTERNAMIENTO","condicion":"ACTIVO","actualizado":"2023/08/01 19:00:00.000","fuente":"MINSA","urlRenipr":"http://app20.susalud.gob.pe:8080/registro-renipress-webapp/ipress.htm?action=mostrarVer&idipress=00030189"}},{"type":"Feature","geometry":{"type":"Point","coordinates":[-80.59875489999996,-5.18632649999995]},"properties":{"objectid":4140,"nombre":"MN DENTAL - CENTRO ODONTOLOGICO","departamento":"PIURA","provincia":"PIURA","distrito":"CASTILLA","institucion":"PRIVADO","codigoMinsa":31178,"direccion":"OTROS ASENTAMIENTO HUMANO LA PRIMAVERA I ETAPA MANZANA C3 LOTE 08 DISTRITO CASTILLA PROVINCIA PIURA DEPARTAMENTO PIURA","disa":"PIURA","red":"","microrred":"","categoria":"ESTABLECIMIENTO DE SALUD SIN INTERNAMIENTO","condicion":"ACTIVO","actualizado":"2023/08/01 19:00:00.000","fuente":"MINSA","urlRenipr":"http://app20.susalud.gob.pe:8080/registro-renipress-webapp/ipress.htm?action=mostrarVer&idipress=00031178"}},{"type":"Feature","geometry":{"type":"Point","coordinates":[-80.68643229999998,-4.903637999999944]},"properties":{"objectid":4166,"nombre":"LABOMEDIC","departamento":"PIURA","provincia":"SULLANA","distrito":"SULLANA","institucion":"PRIVADO","codigoMinsa":30664,"direccion":"CALLE CARLOS LEIGHT NÚMERO 408 DISTRITO SULLANA PROVINCIA SULLANA DEPARTAMENTO PIURA","disa":"PIURA","red":"","microrred":"","categoria":"SERVICIO MÉDICO DE APOYO","condicion":"ACTIVO","actualizado":"2023/08/01 19:00:00.000","fuente":"MINSA","urlRenipr":"http://app20.susalud.gob.pe:8080/registro-renipress-webapp/ipress.htm?action=mostrarVer&idipress=00030664"}},{"type":"Feature","geometry":{"type":"Point","coordinates":[-80.62109759999998,-5.197824899999944]},"properties":{"objectid":4178,"nombre":"CENTRO INTEGRAL DE DIAGNOSTICO Y TRATAMIENTO DE ENFERMEDADES RENALES E.I.R.L.","departamento":"PIURA","provincia":"PIURA","distrito":"PIURA","institucion":"PRIVADO","codigoMinsa":25240,"direccion":"URBANIZACIÓN 04 DE ENERO PASAJE LAS ACACIAS NÚMERO 175 MANZANA E LOTE 05 DISTRITO PIURA PROVINCIA PIURA DEPARTAMENTO PIURA","disa":"","red":"","microrred":"","categoria":"SERVICIO MÉDICO DE APOYO","condicion":"RUC INACTIVO EN SUNAT","actualizado":"2023/08/01 19:00:00.000","fuente":"MINSA","urlRenipr":"http://app20.susalud.gob.pe:8080/registro-renipress-webapp/ipress.htm?action=mostrarVer&idipress=00025240"}},{"type":"Feature","geometry":{"type":"Point","coordinates":[-80.65296899999998,-5.1957093999999415]},"properties":{"objectid":4186,"nombre":"BUCOSALUD - PIURA","departamento":"PIURA","provincia":"PIURA","distrito":"VEINTISEIS DE OCTUBRE","institucion":"PRIVADO","codigoMinsa":31068,"direccion":"OTROS ASENTAMIENTO HUMANO SANTA ROSA SECTOR 5 MANZANA G5 LOTE 05 DISTRITO VEINTISEIS DE OCTUBRE PROVINCIA PIURA DEPARTAMENTO PIURA","disa":"PIURA","red":"","microrred":"","categoria":"ESTABLECIMIENTO DE SALUD SIN INTERNAMIENTO","condicion":"ACTIVO","actualizado":"2023/08/01 19:00:00.000","fuente":"MINSA","urlRenipr":"http://app20.susalud.gob.pe:8080/registro-renipress-webapp/ipress.htm?action=mostrarVer&idipress=00031068"}},{"type":"Feature","geometry":{"type":"Point","coordinates":[-80.59875489999996,-5.18632649999995]},"properties":{"objectid":4187,"nombre":"HOSPITAL UNIVERSITARIO","departamento":"PIURA","provincia":"PIURA","distrito":"CASTILLA","institucion":"OTRO","codigoMinsa":23087,"direccion":"AVENIDA AV.LUIS MONTERO NÚMERO S/N DISTRITO CASTILLA PROVINCIA PIURA DEPARTAMENTO PIURA","disa":"PIURA","red":"NO PERTENECE A NINGUNA RED","microrred":"NO PERTENECE A NINGUNA MICRORED","categoria":"ESTABLECIMIENTO DE SALUD CON INTERNAMIENTO","condicion":"ACTIVO","actualizado":"2023/08/01 19:00:00.000","fuente":"MINSA","urlRenipr":"http://app20.susalud.gob.pe:8080/registro-renipress-webapp/ipress.htm?action=mostrarVer&idipress=00023087"}},{"type":"Feature","geometry":{"type":"Point","coordinates":[-80.62175599999995,-5.200344599999937]},"properties":{"objectid":4191,"nombre":"CLINICA MADRID MEDIC S.A.C.","departamento":"PIURA","provincia":"PIURA","distrito":"PIURA","institucion":"PRIVADO","codigoMinsa":31151,"direccion":"URBANIZACIÓN LOS TALLANES II ETAPA MANZANA A LOTE 01 DISTRITO PIURA PROVINCIA PIURA DEPARTAMENTO PIURA","disa":"PIURA","red":"","microrred":"","categoria":"ESTABLECIMIENTO DE SALUD SIN INTERNAMIENTO","condicion":"ACTIVO","actualizado":"2023/08/01 19:00:00.000","fuente":"MINSA","urlRenipr":"http://app20.susalud.gob.pe:8080/registro-renipress-webapp/ipress.htm?action=mostrarVer&idipress=00031151"}},{"type":"Feature","geometry":{"type":"Point","coordinates":[-80.63135046999997,-5.185133469999926]},"properties":{"objectid":4241,"nombre":"MEDIC CENTER SANTA ISABEL E.I.R.L.","departamento":"PIURA","provincia":"PIURA","distrito":"PIURA","institucion":"PRIVADO","codigoMinsa":27428,"direccion":"AVENIDA COUNTRY NÚMERO 130 MANZANA M LOTE 02 URBANIZACIÓN SANTA ISABEL DISTRITO PIURA PROVINCIA PIURA DEPARTAMENTO PIURA","disa":"","red":"","microrred":"","categoria":"ESTABLECIMIENTO DE SALUD SIN INTERNAMIENTO","condicion":"RUC INACTIVO EN SUNAT","actualizado":"2023/08/01 19:00:00.000","fuente":"MINSA","urlRenipr":"http://app20.susalud.gob.pe:8080/registro-renipress-webapp/ipress.htm?action=mostrarVer&idipress=00027428"}},{"type":"Feature","geometry":{"type":"Point","coordinates":[-80.68696227999999,-4.892328969999937]},"properties":{"objectid":4260,"nombre":"OPTICA ULTRA LENS","departamento":"PIURA","provincia":"SULLANA","distrito":"SULLANA","institucion":"PRIVADO","codigoMinsa":14744,"direccion":"OTROS TRANSVERSAL TARAPACA Nº 632 DISTRITO SULLANA PROVINCIA SULLANA DEPARTAMENTO PIURA","disa":"PIURA","red":"NO PERTENECE A NINGUNA RED","microrred":"NO PERTENECE A NINGUNA MICRORED","categoria":"SERVICIO MÉDICO DE APOYO","condicion":"ACTIVO","actualizado":"2023/08/01 19:00:00.000","fuente":"MINSA","urlRenipr":"http://app20.susalud.gob.pe:8080/registro-renipress-webapp/ipress.htm?action=mostrarVer&idipress=00014744"}},{"type":"Feature","geometry":{"type":"Point","coordinates":[-80.65488819999996,-5.1782883999999285]},"properties":{"objectid":4268,"nombre":"OFTALMOLOGOS ASOCIADOS VER SAC","departamento":"PIURA","provincia":"PIURA","distrito":"PIURA","institucion":"PRIVADO","codigoMinsa":12918,"direccion":"OTROS LOS BRILLANTES MZ X LOTE 17 URB MIRAFLORES DISTRITO PIURA PROVINCIA PIURA DEPARTAMENTO PIURA","disa":"PIURA","red":"NO PERTENECE A NINGUNA RED","microrred":"NO PERTENECE A NINGUNA MICRORED","categoria":"ESTABLECIMIENTO DE SALUD CON INTERNAMIENTO","condicion":"ACTIVO","actualizado":"2023/08/01 19:00:00.000","fuente":"MINSA","urlRenipr":"http://app20.susalud.gob.pe:8080/registro-renipress-webapp/ipress.htm?action=mostrarVer&idipress=00012918"}},{"type":"Feature","geometry":{"type":"Point","coordinates":[-81.27517429999995,-4.578722599999935]},"properties":{"objectid":4315,"nombre":"CENTRO MEDICO NS PERU","departamento":"PIURA","provincia":"TALARA","distrito":"PARIÑAS","institucion":"PRIVADO","codigoMinsa":30631,"direccion":"AVENIDA GRAU NÚMERO A 104 DISTRITO PARIÑAS PROVINCIA TALARA DEPARTAMENTO PIURA","disa":"PIURA","red":"","microrred":"","categoria":"ESTABLECIMIENTO DE SALUD SIN INTERNAMIENTO","condicion":"ACTIVO","actualizado":"2023/08/01 19:00:00.000","fuente":"MINSA","urlRenipr":"http://app20.susalud.gob.pe:8080/registro-renipress-webapp/ipress.htm?action=mostrarVer&idipress=00030631"}},{"type":"Feature","geometry":{"type":"Point","coordinates":[-81.27123759999995,-4.574597499999925]},"properties":{"objectid":4426,"nombre":"DR. RODRIGUEZ VERGARAY","departamento":"PIURA","provincia":"TALARA","distrito":"PARIÑAS","institucion":"PRIVADO","codigoMinsa":15295,"direccion":"AVENIDA AV. BOLOGNESI Nº 270 BARRIO PARTICULAR DISTRITO PARIÑAS PROVINCIA TALARA DEPARTAMENTO PIURA","disa":"PIURA","red":"NO PERTENECE A NINGUNA RED","microrred":"NO PERTENECE A NINGUNA MICRORED","categoria":"SERVICIO MÉDICO DE APOYO","condicion":"ACTIVO","actualizado":"2023/08/01 19:00:00.000","fuente":"MINSA","urlRenipr":"http://app20.susalud.gob.pe:8080/registro-renipress-webapp/ipress.htm?action=mostrarVer&idipress=00015295"}},{"type":"Feature","geometry":{"type":"Point","coordinates":[-80.65488819999996,-5.1782883999999285]},"properties":{"objectid":4498,"nombre":"CENTRO INTEGRAL DE DIAGNOSTICO POR IMAGENES \"CHUNGA\" E. I.R.L.","departamento":"PIURA","provincia":"PIURA","distrito":"PIURA","institucion":"PRIVADO","codigoMinsa":13020,"direccion":"CALLE CALLE AREQUIPA Nº 1144 DISTRITO PIURA PROVINCIA PIURA DEPARTAMENTO PIURA","disa":"PIURA","red":"NO PERTENECE A NINGUNA RED","microrred":"NO PERTENECE A NINGUNA MICRORED","categoria":"ESTABLECIMIENTO DE SALUD SIN INTERNAMIENTO","condicion":"ACTIVO","actualizado":"2023/08/01 19:00:00.000","fuente":"MINSA","urlRenipr":"http://app20.susalud.gob.pe:8080/registro-renipress-webapp/ipress.htm?action=mostrarVer&idipress=00013020"}},{"type":"Feature","geometry":{"type":"Point","coordinates":[-80.62436629999996,-5.2164999999999395]},"properties":{"objectid":4675,"nombre":"NEFROLIFE PIURA SAC","departamento":"PIURA","provincia":"PIURA","distrito":"PIURA","institucion":"PRIVADO","codigoMinsa":29784,"direccion":"AVENIDA SULLANA SUR NÚMERO 150 URBANIZACIÓN CLUB GRAU DISTRITO PIURA PROVINCIA PIURA DEPARTAMENTO PIURA","disa":"PIURA","red":"","microrred":"","categoria":"SERVICIO MÉDICO DE APOYO","condicion":"ACTIVO","actualizado":"2023/08/01 19:00:00.000","fuente":"MINSA","urlRenipr":"http://app20.susalud.gob.pe:8080/registro-renipress-webapp/ipress.htm?action=mostrarVer&idipress=00029784"}},{"type":"Feature","geometry":{"type":"Point","coordinates":[-80.68656199999998,-4.894743999999946]},"properties":{"objectid":4721,"nombre":"CENTRO DENTAL RYDENT","departamento":"PIURA","provincia":"SULLANA","distrito":"SULLANA","institucion":"PRIVADO","codigoMinsa":30678,"direccion":"AVENIDA JOSE DE LAMA NÚMERO 226 PISO 2 DISTRITO SULLANA PROVINCIA SULLANA DEPARTAMENTO PIURA","disa":"PIURA","red":"","microrred":"","categoria":"ESTABLECIMIENTO DE SALUD SIN INTERNAMIENTO","condicion":"ACTIVO","actualizado":"2023/08/01 19:00:00.000","fuente":"MINSA","urlRenipr":"http://app20.susalud.gob.pe:8080/registro-renipress-webapp/ipress.htm?action=mostrarVer&idipress=00030678"}},{"type":"Feature","geometry":{"type":"Point","coordinates":[-80.34111259999997,-4.926307299999962]},"properties":{"objectid":4867,"nombre":"CENTRO MEDICO MI CRISTHIAN RAMÓN","departamento":"PIURA","provincia":"PIURA","distrito":"TAMBO GRANDE","institucion":"PRIVADO","codigoMinsa":11684,"direccion":"JIRÓN JIRÓN MORROPÓN Nº 149 - TAMBOGRANDE DISTRITO TAMBO GRANDE PROVINCIA PIURA DEPARTAMENTO PIURA","disa":"PIURA","red":"","microrred":"NO PERTENECE A NINGUNA MICRORED","categoria":"ESTABLECIMIENTO DE SALUD SIN INTERNAMIENTO","condicion":"ACTIVO","actualizado":"2023/08/01 19:00:00.000","fuente":"MINSA","urlRenipr":"http://app20.susalud.gob.pe:8080/registro-renipress-webapp/ipress.htm?action=mostrarVer&idipress=00011684"}},{"type":"Feature","geometry":{"type":"Point","coordinates":[-81.26289609999998,-4.581151999999975]},"properties":{"objectid":4927,"nombre":"CONSULTORIO MEDICO DR.PUGA","departamento":"PIURA","provincia":"TALARA","distrito":"PARIÑAS","institucion":"PRIVADO","codigoMinsa":17466,"direccion":"AVENIDA AVENIDA G-47 TALARA DISTRITO PARIÑAS PROVINCIA TALARA DEPARTAMENTO PIURA","disa":"PIURA","red":"","microrred":"NO PERTENECE A NINGUNA MICRORED","categoria":"ESTABLECIMIENTO DE SALUD SIN INTERNAMIENTO","condicion":"ACTIVO","actualizado":"2023/08/01 19:00:00.000","fuente":"MINSA","urlRenipr":"http://app20.susalud.gob.pe:8080/registro-renipress-webapp/ipress.htm?action=mostrarVer&idipress=00017466"}},{"type":"Feature","geometry":{"type":"Point","coordinates":[-81.27123759999995,-4.574597499999925]},"properties":{"objectid":4946,"nombre":"SANNA CENTRO OCUPACIONAL TALARA","departamento":"PIURA","provincia":"TALARA","distrito":"PARIÑAS","institucion":"PRIVADO","codigoMinsa":16511,"direccion":"AVENIDA AV. EL EJERCITO 121 - URB. BARRIO PARTICULAR DISTRITO PARIÑAS PROVINCIA TALARA DEPARTAMENTO PIURA","disa":"PIURA","red":"NO PERTENECE A NINGUNA RED","microrred":"NO PERTENECE A NINGUNA MICRORED","categoria":"ESTABLECIMIENTO DE SALUD SIN INTERNAMIENTO","condicion":"ACTIVO","actualizado":"2023/08/01 19:00:00.000","fuente":"MINSA","urlRenipr":"http://app20.susalud.gob.pe:8080/registro-renipress-webapp/ipress.htm?action=mostrarVer&idipress=00016511"}},{"type":"Feature","geometry":{"type":"Point","coordinates":[-80.65488199999999,-5.1782883999999285]},"properties":{"objectid":5175,"nombre":"CENTRO NEUMOLOGICO DEL NORTE RESPIRA SAC","departamento":"PIURA","provincia":"PIURA","distrito":"PIURA","institucion":"PRIVADO","codigoMinsa":19037,"direccion":"JIRÓN JR PROCER M MEDIBURO NRO 223 DISTRITO PIURA PROVINCIA PIURA DEPARTAMENTO PIURA","disa":"PIURA","red":"","microrred":"NO PERTENECE A NINGUNA MICRORED","categoria":"ESTABLECIMIENTO DE SALUD SIN INTERNAMIENTO","condicion":"ACTIVO","actualizado":"2023/08/01 19:00:00.000","fuente":"MINSA","urlRenipr":"http://app20.susalud.gob.pe:8080/registro-renipress-webapp/ipress.htm?action=mostrarVer&idipress=00019037"}},{"type":"Feature","geometry":{"type":"Point","coordinates":[-81.27567069999998,-4.578555799999947]},"properties":{"objectid":5198,"nombre":"CLINICA TORRES S.A.","departamento":"PIURA","provincia":"TALARA","distrito":"PARIÑAS","institucion":"PRIVADO","codigoMinsa":11498,"direccion":"AVENIDA AVENIDA A-98 DISTRITO PARIÑAS PROVINCIA TALARA DEPARTAMENTO PIURA","disa":"PIURA","red":"NO PERTENECE A NINGUNA RED","microrred":"NO PERTENECE A NINGUNA MICRORED","categoria":"ESTABLECIMIENTO DE SALUD CON INTERNAMIENTO","condicion":"ACTIVO","actualizado":"2023/08/01 19:00:00.000","fuente":"MINSA","urlRenipr":"http://app20.susalud.gob.pe:8080/registro-renipress-webapp/ipress.htm?action=mostrarVer&idipress=00011498"}},{"type":"Feature","geometry":{"type":"Point","coordinates":[-81.22093805999998,-4.268587049999951]},"properties":{"objectid":5337,"nombre":"CENTRO MEDICO BELEN EL ALTO S.R.L","departamento":"PIURA","provincia":"TALARA","distrito":"EL ALTO","institucion":"PRIVADO","codigoMinsa":12244,"direccion":"PLAZA PLAZA DE ARMAS S/N EL ALTO NÚMERO S/N DISTRITO EL ALTO PROVINCIA TALARA DEPARTAMENTO PIURA","disa":"PIURA","red":"NO PERTENECE A NINGUNA RED","microrred":"NO PERTENECE A NINGUNA MICRORED","categoria":"ESTABLECIMIENTO DE SALUD SIN INTERNAMIENTO","condicion":"ACTIVO","actualizado":"2023/08/01 19:00:00.000","fuente":"MINSA","urlRenipr":"http://app20.susalud.gob.pe:8080/registro-renipress-webapp/ipress.htm?action=mostrarVer&idipress=00012244"}},{"type":"Feature","geometry":{"type":"Point","coordinates":[-80.23945049999998,-4.968757799999935]},"properties":{"objectid":5383,"nombre":"NORSALUD","departamento":"PIURA","provincia":"PIURA","distrito":"VEINTISEIS DE OCTUBRE","institucion":"PRIVADO","codigoMinsa":28936,"direccion":"AVENIDA PROLONGACIÓN GRAU NÚMERO 1901 MANZANA B2 LOTE 28 DISTRITO VEINTISEIS DE OCTUBRE PROVINCIA PIURA DEPARTAMENTO PIURA","disa":"PIURA","red":"NO PERTENECE A NINGUNA RED","microrred":"NO PERTENECE A NINGUNA MICRORED","categoria":"ESTABLECIMIENTO DE SALUD SIN INTERNAMIENTO","condicion":"ACTIVO","actualizado":"2023/08/01 19:00:00.000","fuente":"MINSA","urlRenipr":"http://app20.susalud.gob.pe:8080/registro-renipress-webapp/ipress.htm?action=mostrarVer&idipress=00028936"}},{"type":"Feature","geometry":{"type":"Point","coordinates":[-80.23535139999996,-4.655054899999925]},"properties":{"objectid":5660,"nombre":"CENTRO MEDICO ESPECIALIZADO LAS LOMAS","departamento":"PIURA","provincia":"PIURA","distrito":"LAS LOMAS","institucion":"PRIVADO","codigoMinsa":26022,"direccion":"AVENIDA PANAMERICANA NORTE NÚMERO SN DISTRITO LAS LOMAS PROVINCIA PIURA DEPARTAMENTO PIURA","disa":"PIURA","red":"NO PERTENECE A NINGUNA RED","microrred":"NO PERTENECE A NINGUNA MICRORED","categoria":"ESTABLECIMIENTO DE SALUD SIN INTERNAMIENTO","condicion":"ACTIVO","actualizado":"2023/08/01 19:00:00.000","fuente":"MINSA","urlRenipr":"http://app20.susalud.gob.pe:8080/registro-renipress-webapp/ipress.htm?action=mostrarVer&idipress=00026022"}},{"type":"Feature","geometry":{"type":"Point","coordinates":[-80.66517789999995,-5.187528799999939]},"properties":{"objectid":5671,"nombre":"SEGURICEL S.A.C","departamento":"PIURA","provincia":"PIURA","distrito":"CASTILLA","institucion":"PRIVADO","codigoMinsa":31214,"direccion":"OTROS ASENTAMIENTO HUMANO TACALA III ETAPA MANZANA C LOTE 03 DISTRITO CASTILLA PROVINCIA PIURA DEPARTAMENTO PIURA","disa":"PIURA","red":"","microrred":"","categoria":"SERVICIO MÉDICO DE APOYO","condicion":"ACTIVO","actualizado":"2023/08/01 19:00:00.000","fuente":"MINSA","urlRenipr":"http://app20.susalud.gob.pe:8080/registro-renipress-webapp/ipress.htm?action=mostrarVer&idipress=00031214"}},{"type":"Feature","geometry":{"type":"Point","coordinates":[-81.02922799999999,-5.827712599999927]},"properties":{"objectid":5718,"nombre":"CONSULTORIO MEDICO PUERTO","departamento":"PIURA","provincia":"SECHURA","distrito":"SECHURA","institucion":"PRIVADO","codigoMinsa":16186,"direccion":"OTROS CALETA PUERTO RICO DISTRITO SECHURA PROVINCIA SECHURA DEPARTAMENTO PIURA","disa":"PIURA","red":"NO PERTENECE A NINGUNA RED","microrred":"NO PERTENECE A NINGUNA MICRORED","categoria":"ESTABLECIMIENTO DE SALUD SIN INTERNAMIENTO","condicion":"ACTIVO","actualizado":"2023/08/01 19:00:00.000","fuente":"MINSA","urlRenipr":"http://app20.susalud.gob.pe:8080/registro-renipress-webapp/ipress.htm?action=mostrarVer&idipress=00016186"}},{"type":"Feature","geometry":{"type":"Point","coordinates":[-79.79910325999998,-4.5054312199999345]},"properties":{"objectid":5721,"nombre":"ANCHALAY","departamento":"PIURA","provincia":"AYABACA","distrito":"JILILI","institucion":"GOBIERNO REGIONAL","codigoMinsa":1963,"direccion":"OTROS CASERÍO ANCHALAY -JILILI DISTRITO JILILI PROVINCIA AYABACA DEPARTAMENTO PIURA","disa":"PIURA","red":"AYABACA","microrred":"PAIMAS","categoria":"ESTABLECIMIENTO DE SALUD SIN INTERNAMIENTO","condicion":"ACTIVO","actualizado":"2023/08/01 19:00:00.000","fuente":"MINSA","urlRenipr":"http://app20.susalud.gob.pe:8080/registro-renipress-webapp/ipress.htm?action=mostrarVer&idipress=00001963"}},{"type":"Feature","geometry":{"type":"Point","coordinates":[-80.68643229999998,-4.903637999999944]},"properties":{"objectid":5825,"nombre":"CONSULTORIO DIVINA MISERICORDIA","departamento":"PIURA","provincia":"SULLANA","distrito":"SULLANA","institucion":"PRIVADO","codigoMinsa":31303,"direccion":"AVENIDA Av. José de Lama #495 NÚMERO 495 DISTRITO SULLANA PROVINCIA SULLANA DEPARTAMENTO PIURA","disa":"PIURA","red":"","microrred":"","categoria":"ESTABLECIMIENTO DE SALUD SIN INTERNAMIENTO","condicion":"ACTIVO","actualizado":"2023/08/01 19:00:00.000","fuente":"MINSA","urlRenipr":"http://app20.susalud.gob.pe:8080/registro-renipress-webapp/ipress.htm?action=mostrarVer&idipress=00031303"}},{"type":"Feature","geometry":{"type":"Point","coordinates":[-80.16574629999997,-5.098088399999938]},"properties":{"objectid":5837,"nombre":"POSTA MEDICA ESSALUD MORROPON","departamento":"PIURA","provincia":"MORROPON","distrito":"MORROPON","institucion":"ESSALUD","codigoMinsa":20627,"direccion":"CALLE LIMA N° 970","disa":"PIURA","red":"NO PERTENECE A NINGUNA RED","microrred":"NO PERTENECE A NINGUNA MICRORED","categoria":"ESTABLECIMIENTO DE SALUD SIN INTERNAMIENTO","condicion":"ACTIVO","actualizado":"2023/08/01 19:00:00.000","fuente":"MINSA","urlRenipr":"http://app20.susalud.gob.pe:8080/registro-renipress-webapp/ipress.htm?action=mostrarVer&idipress=00020627"}},{"type":"Feature","geometry":{"type":"Point","coordinates":[-79.71436791999997,-4.639290789999961]},"properties":{"objectid":5845,"nombre":"POSTA MÉDICA AYABACA","departamento":"PIURA","provincia":"AYABACA","distrito":"AYABACA","institucion":"ESSALUD","codigoMinsa":19914,"direccion":"CALLE CALLE BOLOGNES N° 312 DISTRITO AYABACA PROVINCIA AYABACA DEPARTAMENTO PIURA","disa":"PIURA","red":"NO PERTENECE A NINGUNA RED","microrred":"NO PERTENECE A NINGUNA MICRORED","categoria":"ESTABLECIMIENTO DE SALUD SIN INTERNAMIENTO","condicion":"ACTIVO","actualizado":"2023/08/01 19:00:00.000","fuente":"MINSA","urlRenipr":"http://app20.susalud.gob.pe:8080/registro-renipress-webapp/ipress.htm?action=mostrarVer&idipress=00019914"}},{"type":"Feature","geometry":{"type":"Point","coordinates":[-80.65488819999996,-5.1782883999999285]},"properties":{"objectid":5866,"nombre":"CONSULTORIOS MEDICOS CARRION Y OTROS SERVICIOS MEDICOS","departamento":"PIURA","provincia":"PIURA","distrito":"PIURA","institucion":"PRIVADO","codigoMinsa":27279,"direccion":"CALLE JUNIN 852 PIURA PIURA PIURA","disa":"PIURA","red":"NO PERTENECE A NINGUNA RED","microrred":"NO PERTENECE A NINGUNA MICRORED","categoria":"ESTABLECIMIENTO DE SALUD SIN INTERNAMIENTO","condicion":"ACTIVO","actualizado":"2023/08/01 19:00:00.000","fuente":"MINSA","urlRenipr":"http://app20.susalud.gob.pe:8080/registro-renipress-webapp/ipress.htm?action=mostrarVer&idipress=00027279"}},{"type":"Feature","geometry":{"type":"Point","coordinates":[-80.35354672999995,-4.256395709999936]},"properties":{"objectid":5873,"nombre":"BLAS","departamento":"PIURA","provincia":"SULLANA","distrito":"LANCONES","institucion":"GOBIERNO REGIONAL","codigoMinsa":7721,"direccion":"OTROS CASERIO BLAS -LANCONES DISTRITO LANCONES PROVINCIA SULLANA DEPARTAMENTO PIURA","disa":"PIURA","red":"SULLANA","microrred":"LANCONES","categoria":"ESTABLECIMIENTO DE SALUD SIN INTERNAMIENTO","condicion":"ACTIVO","actualizado":"2023/08/01 19:00:00.000","fuente":"MINSA","urlRenipr":"http://app20.susalud.gob.pe:8080/registro-renipress-webapp/ipress.htm?action=mostrarVer&idipress=00007721"}},{"type":"Feature","geometry":{"type":"Point","coordinates":[-80.34519959999994,-4.934471099999939]},"properties":{"objectid":5874,"nombre":"CENTRO DE SALUD MENTAL COMUNITARIO \"SAN GERARDO\"","departamento":"PIURA","provincia":"PIURA","distrito":"TAMBO GRANDE","institucion":"GOBIERNO REGIONAL","codigoMinsa":27663,"direccion":"JIRÓN SALITRAL SN 1 AL COSTADO DEL COLISEO TAMBO GRANDE PIURA PIURA","disa":"PIURA","red":"AYABACA","microrred":"TAMBOGRANDE","categoria":"ESTABLECIMIENTO DE SALUD SIN INTERNAMIENTO","condicion":"ACTIVO","actualizado":"2023/08/01 19:00:00.000","fuente":"MINSA","urlRenipr":"http://app20.susalud.gob.pe:8080/registro-renipress-webapp/ipress.htm?action=mostrarVer&idipress=00027663"}},{"type":"Feature","geometry":{"type":"Point","coordinates":[-80.60137930999997,-4.83991975999993]},"properties":{"objectid":5875,"nombre":"HUANGALA","departamento":"PIURA","provincia":"SULLANA","distrito":"SULLANA","institucion":"GOBIERNO REGIONAL","codigoMinsa":2003,"direccion":"OTROS HUANGALA DISTRITO BELLAVISTA PROVINCIA SULLANA DEPARTAMENTO PIURA","disa":"PIURA","red":"SULLANA","microrred":"BELLAVISTA","categoria":"ESTABLECIMIENTO DE SALUD SIN INTERNAMIENTO","condicion":"ACTIVO","actualizado":"2023/08/01 19:00:00.000","fuente":"MINSA","urlRenipr":"http://app20.susalud.gob.pe:8080/registro-renipress-webapp/ipress.htm?action=mostrarVer&idipress=00002003"}},{"type":"Feature","geometry":{"type":"Point","coordinates":[-81.09621719999996,-5.0938487999999325]},"properties":{"objectid":5876,"nombre":"CENTRO DE SALUD \"JUAN VALER SANDOVAL\"","departamento":"PIURA","provincia":"PAITA","distrito":"PAITA","institucion":"GOBIERNO REGIONAL","codigoMinsa":24958,"direccion":"OTROS ASENTAMIENTO HUMANO JUAN VALER SANDOVAL S/N CH 01 ASENTAMIENTO HUMANO JUAN VALER SANDOVAL DE PAITA PAITA PAITA PIURA","disa":"PIURA","red":"SULLANA","microrred":"PAITA","categoria":"ESTABLECIMIENTO DE SALUD SIN INTERNAMIENTO","condicion":"ACTIVO","actualizado":"2023/08/01 19:00:00.000","fuente":"MINSA","urlRenipr":"http://app20.susalud.gob.pe:8080/registro-renipress-webapp/ipress.htm?action=mostrarVer&idipress=00024958"}},{"type":"Feature","geometry":{"type":"Point","coordinates":[-80.79908490999998,-4.875658219999934]},"properties":{"objectid":5877,"nombre":"MONTERON","departamento":"PIURA","provincia":"SULLANA","distrito":"MARCAVELICA","institucion":"GOBIERNO REGIONAL","codigoMinsa":2036,"direccion":"AVENIDA AV. GRAU S/N MONTERON NÚMERO S/N DISTRITO MARCAVELICA PROVINCIA SULLANA DEPARTAMENTO PIURA","disa":"PIURA","red":"SULLANA","microrred":"MARCAVELICA","categoria":"ESTABLECIMIENTO DE SALUD SIN INTERNAMIENTO","condicion":"ACTIVO","actualizado":"2023/08/01 19:00:00.000","fuente":"MINSA","urlRenipr":"http://app20.susalud.gob.pe:8080/registro-renipress-webapp/ipress.htm?action=mostrarVer&idipress=00002036"}},{"type":"Feature","geometry":{"type":"Point","coordinates":[-79.85439218999994,-4.702775619999954]},"properties":{"objectid":5878,"nombre":"TONDOPA","departamento":"PIURA","provincia":"AYABACA","distrito":"PAIMAS","institucion":"GOBIERNO REGIONAL","codigoMinsa":1961,"direccion":"OTROS CASERIO TONDOPA-PAIMAS DISTRITO PAIMAS PROVINCIA AYABACA DEPARTAMENTO PIURA","disa":"PIURA","red":"AYABACA","microrred":"PAIMAS","categoria":"ESTABLECIMIENTO DE SALUD SIN INTERNAMIENTO","condicion":"ACTIVO","actualizado":"2023/08/01 19:00:00.000","fuente":"MINSA","urlRenipr":"http://app20.susalud.gob.pe:8080/registro-renipress-webapp/ipress.htm?action=mostrarVer&idipress=00001961"}},{"type":"Feature","geometry":{"type":"Point","coordinates":[-80.52739934999994,-4.942296899999974]},"properties":{"objectid":5880,"nombre":"LA PEÑITA","departamento":"PIURA","provincia":"PIURA","distrito":"TAMBO GRANDE","institucion":"GOBIERNO REGIONAL","codigoMinsa":1985,"direccion":"OTROS CASERIO LA PEÑITA - TAMBOGRANDE CASERIO LA PEÑITA - TAMBOGRANDE TAMBO GRANDE PIURA PIURA","disa":"PIURA","red":"AYABACA","microrred":"TAMBOGRANDE","categoria":"ESTABLECIMIENTO DE SALUD SIN INTERNAMIENTO","condicion":"ACTIVO","actualizado":"2023/08/01 19:00:00.000","fuente":"MINSA","urlRenipr":"http://app20.susalud.gob.pe:8080/registro-renipress-webapp/ipress.htm?action=mostrarVer&idipress=00001985"}},{"type":"Feature","geometry":{"type":"Point","coordinates":[-81.31063224999997,-4.665042989999961]},"properties":{"objectid":5881,"nombre":"SAN PABLO","departamento":"PIURA","provincia":"TALARA","distrito":"LA BREA","institucion":"GOBIERNO REGIONAL","codigoMinsa":2076,"direccion":"OTROS LAMBAYEQUE S/N NEGRITOS NÚMERO S/N DISTRITO LA BREA PROVINCIA TALARA DEPARTAMENTO PIURA","disa":"PIURA","red":"SULLANA","microrred":"TALARA","categoria":"ESTABLECIMIENTO DE SALUD SIN INTERNAMIENTO","condicion":"ACTIVO","actualizado":"2023/08/01 19:00:00.000","fuente":"MINSA","urlRenipr":"http://app20.susalud.gob.pe:8080/registro-renipress-webapp/ipress.htm?action=mostrarVer&idipress=00002076"}},{"type":"Feature","geometry":{"type":"Point","coordinates":[-80.83820451999998,-4.843987579999975]},"properties":{"objectid":5882,"nombre":"SAN JUAN DE LA VIRGEN","departamento":"PIURA","provincia":"SULLANA","distrito":"IGNACIO ESCUDERO","institucion":"GOBIERNO REGIONAL","codigoMinsa":2043,"direccion":"OTROS CASERIO SAN JUAN DE LA VIRGEN DISTRITO IGNACIO ESCUDERO PROVINCIA SULLANA DEPARTAMENTO PIURA","disa":"PIURA","red":"SULLANA","microrred":"MARCAVELICA","categoria":"ESTABLECIMIENTO DE SALUD SIN INTERNAMIENTO","condicion":"ACTIVO","actualizado":"2023/08/01 19:00:00.000","fuente":"MINSA","urlRenipr":"http://app20.susalud.gob.pe:8080/registro-renipress-webapp/ipress.htm?action=mostrarVer&idipress=00002043"}},{"type":"Feature","geometry":{"type":"Point","coordinates":[-80.24375228999997,-4.66015447999996]},"properties":{"objectid":5883,"nombre":"CENTRO DE SALUD LAS LOMAS","departamento":"PIURA","provincia":"PIURA","distrito":"LAS LOMAS","institucion":"GOBIERNO REGIONAL","codigoMinsa":1932,"direccion":"JIRÓN JR. CUZCO S/N BARRIO JUAN VELASCO A. S/N JR. CUZCO S/N BARRIO JUAN VELASCO A. LAS LOMAS PIURA PIURA","disa":"PIURA","red":"AYABACA","microrred":"LAS LOMAS","categoria":"ESTABLECIMIENTO DE SALUD SIN INTERNAMIENTO","condicion":"ACTIVO","actualizado":"2023/08/01 19:00:00.000","fuente":"MINSA","urlRenipr":"http://app20.susalud.gob.pe:8080/registro-renipress-webapp/ipress.htm?action=mostrarVer&idipress=00001932"}},{"type":"Feature","geometry":{"type":"Point","coordinates":[-80.65488819999996,-5.1782883999999285]},"properties":{"objectid":5906,"nombre":"DENTAL PRO","departamento":"PIURA","provincia":"PIURA","distrito":"PIURA","institucion":"PRIVADO","codigoMinsa":28249,"direccion":"AVENIDA GRAU NÚMERO 1157 PISO 3 DEPARTAMENTO 303 DISTRITO PIURA PROVINCIA PIURA DEPARTAMENTO PIURA","disa":"PIURA","red":"NO PERTENECE A NINGUNA RED","microrred":"NO PERTENECE A NINGUNA MICRORED","categoria":"ESTABLECIMIENTO DE SALUD SIN INTERNAMIENTO","condicion":"ACTIVO","actualizado":"2023/08/01 19:00:00.000","fuente":"MINSA","urlRenipr":"http://app20.susalud.gob.pe:8080/registro-renipress-webapp/ipress.htm?action=mostrarVer&idipress=00028249"}},{"type":"Feature","geometry":{"type":"Point","coordinates":[-80.65488819999996,-5.1782883999999285]},"properties":{"objectid":5956,"nombre":"FAMILY DENT","departamento":"PIURA","provincia":"PIURA","distrito":"PIURA","institucion":"PRIVADO","codigoMinsa":25833,"direccion":"AVENIDA CHULUCANAS MANZANA A1 LOTE 07 DISTRITO PIURA PROVINCIA PIURA DEPARTAMENTO PIURA","disa":"PIURA","red":"NO PERTENECE A NINGUNA RED","microrred":"NO PERTENECE A NINGUNA MICRORED","categoria":"ESTABLECIMIENTO DE SALUD SIN INTERNAMIENTO","condicion":"ACTIVO","actualizado":"2023/08/01 19:00:00.000","fuente":"MINSA","urlRenipr":"http://app20.susalud.gob.pe:8080/registro-renipress-webapp/ipress.htm?action=mostrarVer&idipress=00025833"}},{"type":"Feature","geometry":{"type":"Point","coordinates":[-80.69482221999993,-4.89757697999994]},"properties":{"objectid":5959,"nombre":"PUESTO DE SALUD EPM - SULLANA ORN - INPE","departamento":"PIURA","provincia":"SULLANA","distrito":"SULLANA","institucion":"INPE","codigoMinsa":26056,"direccion":"CALLE MARIA AUXILIADORA NÚMERO 103 DISTRITO SULLANA PROVINCIA SULLANA DEPARTAMENTO PIURA","disa":"PIURA","red":"NO PERTENECE A NINGUNA RED","microrred":"NO PERTENECE A NINGUNA MICRORED","categoria":"ESTABLECIMIENTO DE SALUD SIN INTERNAMIENTO","condicion":"ACTIVO","actualizado":"2023/08/01 19:00:00.000","fuente":"MINSA","urlRenipr":"http://app20.susalud.gob.pe:8080/registro-renipress-webapp/ipress.htm?action=mostrarVer&idipress=00026056"}},{"type":"Feature","geometry":{"type":"Point","coordinates":[-80.03307832999997,-5.097493329999963]},"properties":{"objectid":5960,"nombre":"P.S SAN PEDRO","departamento":"PIURA","provincia":"MORROPON","distrito":"CHULUCANAS","institucion":"GOBIERNO REGIONAL","codigoMinsa":2166,"direccion":"CALLE CALLE PRINCIPAL CALLE PRINCIPAL CHULUCANAS MORROPON PIURA","disa":"PIURA","red":"MORROPON CHULUCANAS","microrred":"CHULUCANAS","categoria":"ESTABLECIMIENTO DE SALUD SIN INTERNAMIENTO","condicion":"ACTIVO","actualizado":"2023/08/01 19:00:00.000","fuente":"MINSA","urlRenipr":"http://app20.susalud.gob.pe:8080/registro-renipress-webapp/ipress.htm?action=mostrarVer&idipress=00002166"}},{"type":"Feature","geometry":{"type":"Point","coordinates":[-80.64607999999998,-5.19252666999995]},"properties":{"objectid":5961,"nombre":"E.S. SAN JOSE","departamento":"PIURA","provincia":"PIURA","distrito":"VEINTISEIS DE OCTUBRE","institucion":"GOBIERNO REGIONAL","codigoMinsa":2091,"direccion":"CALLE CALLE 5 INTERSECCION B URB. SAN JOSE CALLE 5 INTERSECCION B URB. SAN JOSE VEINTISEIS DE OCTUBRE PIURA PIURA","disa":"PIURA","red":"PIURA CASTILLA","microrred":"PIURA","categoria":"ESTABLECIMIENTO DE SALUD SIN INTERNAMIENTO","condicion":"ACTIVO","actualizado":"2023/08/01 19:00:00.000","fuente":"MINSA","urlRenipr":"http://app20.susalud.gob.pe:8080/registro-renipress-webapp/ipress.htm?action=mostrarVer&idipress=00002091"}},{"type":"Feature","geometry":{"type":"Point","coordinates":[-79.46307077999995,-5.110542839999937]},"properties":{"objectid":5962,"nombre":"P.S SALALA","departamento":"PIURA","provincia":"HUANCABAMBA","distrito":"EL CARMEN DE LA FRONTERA","institucion":"GOBIERNO REGIONAL","codigoMinsa":2259,"direccion":"OTROS CENTRO POBLADO DE SALALA CENTRO POBLADO DE SALALA EL CARMEN DE LA FRONTERA HUANCABAMBA PIURA","disa":"PIURA","red":"HUANCABAMBA","microrred":"HUANCABAMBA","categoria":"ESTABLECIMIENTO DE SALUD SIN INTERNAMIENTO","condicion":"ACTIVO","actualizado":"2023/08/01 19:00:00.000","fuente":"MINSA","urlRenipr":"http://app20.susalud.gob.pe:8080/registro-renipress-webapp/ipress.htm?action=mostrarVer&idipress=00002259"}},{"type":"Feature","geometry":{"type":"Point","coordinates":[-80.01071832999997,-5.205099999999959]},"properties":{"objectid":5963,"nombre":"E.S. I-1 LA HUAQUILLA","departamento":"PIURA","provincia":"MORROPON","distrito":"MORROPON","institucion":"GOBIERNO REGIONAL","codigoMinsa":2185,"direccion":"OTROS CENTRO POBLADO LA HUAQUILLA CENTRO POBLADO LA HUAQUILLA MORROPON MORROPON PIURA","disa":"PIURA","red":"MORROPON CHULUCANAS","microrred":"MORROPON","categoria":"ESTABLECIMIENTO DE SALUD SIN INTERNAMIENTO","condicion":"ACTIVO","actualizado":"2023/08/01 19:00:00.000","fuente":"MINSA","urlRenipr":"http://app20.susalud.gob.pe:8080/registro-renipress-webapp/ipress.htm?action=mostrarVer&idipress=00002185"}},{"type":"Feature","geometry":{"type":"Point","coordinates":[-80.79491999999993,-5.486859999999979]},"properties":{"objectid":5964,"nombre":"E.S I-1 TAJAMAR","departamento":"PIURA","provincia":"SECHURA","distrito":"SECHURA","institucion":"GOBIERNO REGIONAL","codigoMinsa":2144,"direccion":"AVENIDA AV. PREINCIPAL S/N TAJAMAR NÚMERO S/N DISTRITO SECHURA PROVINCIA SECHURA DEPARTAMENTO PIURA","disa":"PIURA","red":"BAJO PIURA","microrred":"SECHURA","categoria":"ESTABLECIMIENTO DE SALUD SIN INTERNAMIENTO","condicion":"ACTIVO","actualizado":"2023/08/01 19:00:00.000","fuente":"MINSA","urlRenipr":"http://app20.susalud.gob.pe:8080/registro-renipress-webapp/ipress.htm?action=mostrarVer&idipress=00002144"}},{"type":"Feature","geometry":{"type":"Point","coordinates":[-80.81229393999996,-5.453606449999938]},"properties":{"objectid":5965,"nombre":"P.S I-2 BECARA","departamento":"PIURA","provincia":"SECHURA","distrito":"VICE","institucion":"GOBIERNO REGIONAL","codigoMinsa":2152,"direccion":"AVENIDA AV. SAN PEDRO S/N NÚMERO S/N DISTRITO VICE PROVINCIA SECHURA DEPARTAMENTO PIURA","disa":"PIURA","red":"BAJO PIURA","microrred":"SECHURA","categoria":"ESTABLECIMIENTO DE SALUD SIN INTERNAMIENTO","condicion":"ACTIVO","actualizado":"2023/08/01 19:00:00.000","fuente":"MINSA","urlRenipr":"http://app20.susalud.gob.pe:8080/registro-renipress-webapp/ipress.htm?action=mostrarVer&idipress=00002152"}},{"type":"Feature","geometry":{"type":"Point","coordinates":[-80.77461832999995,-5.44121666999996]},"properties":{"objectid":5967,"nombre":"P.S SANCHEZ","departamento":"PIURA","provincia":"SECHURA","distrito":"VICE","institucion":"GOBIERNO REGIONAL","codigoMinsa":2156,"direccion":"CENTRO POBLADO SANCHEZ S/N","disa":"PIURA","red":"BAJO PIURA","microrred":"SECHURA","categoria":"ESTABLECIMIENTO DE SALUD SIN INTERNAMIENTO","condicion":"ACTIVO","actualizado":"2023/08/01 19:00:00.000","fuente":"MINSA","urlRenipr":"http://app20.susalud.gob.pe:8080/registro-renipress-webapp/ipress.htm?action=mostrarVer&idipress=00002156"}},{"type":"Feature","geometry":{"type":"Point","coordinates":[-80.60860832999998,-5.044194999999945]},"properties":{"objectid":5968,"nombre":"E.S. EL PAPAYO","departamento":"PIURA","provincia":"PIURA","distrito":"CASTILLA","institucion":"GOBIERNO REGIONAL","codigoMinsa":2110,"direccion":"OTROS CENTRO POBLADO EL PAPAYO S/N S/N CENTRO POBLADO EL PAPAYO S/N CASTILLA PIURA PIURA","disa":"PIURA","red":"PIURA CASTILLA","microrred":"CASTILLA","categoria":"ESTABLECIMIENTO DE SALUD SIN INTERNAMIENTO","condicion":"ACTIVO","actualizado":"2023/08/01 19:00:00.000","fuente":"MINSA","urlRenipr":"http://app20.susalud.gob.pe:8080/registro-renipress-webapp/ipress.htm?action=mostrarVer&idipress=00002110"}},{"type":"Feature","geometry":{"type":"Point","coordinates":[-80.63870999999995,-5.201433329999929]},"properties":{"objectid":5969,"nombre":"E.S. VICTOR RAUL HAYA DE LA TORRE","departamento":"PIURA","provincia":"PIURA","distrito":"PIURA","institucion":"GOBIERNO REGIONAL","codigoMinsa":2094,"direccion":"OTROS A.H VICTOR RAUL HAYA DE LA TORRE MZ. E1 LOTE 2 A.H VICTOR RAUL HAYA DE LA TORRE MZ. E1 LOTE 2 PIURA PIURA PIURA","disa":"PIURA","red":"PIURA CASTILLA","microrred":"PIURA","categoria":"ESTABLECIMIENTO DE SALUD SIN INTERNAMIENTO","condicion":"ACTIVO","actualizado":"2023/08/01 19:00:00.000","fuente":"MINSA","urlRenipr":"http://app20.susalud.gob.pe:8080/registro-renipress-webapp/ipress.htm?action=mostrarVer&idipress=00002094"}},{"type":"Feature","geometry":{"type":"Point","coordinates":[-80.66560666999999,-5.1837666699999545]},"properties":{"objectid":5970,"nombre":"HOSPITAL DE LA AMISTAD PERU - COREA SANTA ROSA II-2","departamento":"PIURA","provincia":"PIURA","distrito":"VEINTISEIS DE OCTUBRE","institucion":"GOBIERNO REGIONAL","codigoMinsa":2084,"direccion":"AVENIDA AV. GRAU - CHULUCANAS S/N SAN MARTIN NÚMERO S/N DISTRITO VEINTISEIS DE OCTUBRE PROVINCIA PIURA DEPARTAMENTO PIURA","disa":"PIURA","red":"PIURA CASTILLA","microrred":"PIURA","categoria":"ESTABLECIMIENTO DE SALUD CON INTERNAMIENTO","condicion":"ACTIVO","actualizado":"2023/08/01 19:00:00.000","fuente":"MINSA","urlRenipr":"http://app20.susalud.gob.pe:8080/registro-renipress-webapp/ipress.htm?action=mostrarVer&idipress=00002084"}},{"type":"Feature","geometry":{"type":"Point","coordinates":[-79.53544166999995,-5.529148329999941]},"properties":{"objectid":5971,"nombre":"P.S TOLINGAS","departamento":"PIURA","provincia":"HUANCABAMBA","distrito":"HUARMACA","institucion":"GOBIERNO REGIONAL","codigoMinsa":2281,"direccion":"OTROS CENTRO POBLADO TOLINGAS DISTRITO HUARMACA PROVINCIA HUANCABAMBA DEPARTAMENTO PIURA","disa":"PIURA","red":"HUARMACA","microrred":"HUARMACA","categoria":"ESTABLECIMIENTO DE SALUD SIN INTERNAMIENTO","condicion":"ACTIVO","actualizado":"2023/08/01 19:00:00.000","fuente":"MINSA","urlRenipr":"http://app20.susalud.gob.pe:8080/registro-renipress-webapp/ipress.htm?action=mostrarVer&idipress=00002281"}},{"type":"Feature","geometry":{"type":"Point","coordinates":[-80.63697258999997,-5.193444399999976]},"properties":{"objectid":6003,"nombre":"BIOSALUD","departamento":"PIURA","provincia":"PIURA","distrito":"PIURA","institucion":"PRIVADO","codigoMinsa":26263,"direccion":"CALLE OTTO TONSMAN NÚMERO 260 PISO 1 DEPARTAMENTO 102 URBANIZACIÓN RESIDENCIAL LOS PINOS DISTRITO PIURA PROVINCIA PIURA DEPARTAMENTO PIURA","disa":"PIURA","red":"NO PERTENECE A NINGUNA RED","microrred":"NO PERTENECE A NINGUNA MICRORED","categoria":"SERVICIO MÉDICO DE APOYO","condicion":"ACTIVO","actualizado":"2023/08/01 19:00:00.000","fuente":"MINSA","urlRenipr":"http://app20.susalud.gob.pe:8080/registro-renipress-webapp/ipress.htm?action=mostrarVer&idipress=00026263"}},{"type":"Feature","geometry":{"type":"Point","coordinates":[-80.63201249999997,-5.195803799999965]},"properties":{"objectid":6037,"nombre":"POLICLINICO CLINICA MIRAFLORES S.A.","departamento":"PIURA","provincia":"PIURA","distrito":"PIURA","institucion":"PRIVADO","codigoMinsa":18816,"direccion":"CALLE HUANCAVELICA NÚMERO 1015 DISTRITO PIURA PROVINCIA PIURA DEPARTAMENTO PIURA","disa":"PIURA","red":"NO PERTENECE A NINGUNA RED","microrred":"NO PERTENECE A NINGUNA MICRORED","categoria":"ESTABLECIMIENTO DE SALUD SIN INTERNAMIENTO","condicion":"ACTIVO","actualizado":"2023/08/01 19:00:00.000","fuente":"MINSA","urlRenipr":"http://app20.susalud.gob.pe:8080/registro-renipress-webapp/ipress.htm?action=mostrarVer&idipress=00018816"}},{"type":"Feature","geometry":{"type":"Point","coordinates":[-80.65488819999996,-5.1782883999999285]},"properties":{"objectid":6039,"nombre":"MEDICENTRO - MEDICLUB S.A.C.","departamento":"PIURA","provincia":"PIURA","distrito":"PIURA","institucion":"PRIVADO","codigoMinsa":27461,"direccion":"CALLE TACNA N?ERO 152 PISO 1 DISTRITO PIURA PROVINCIA PIURA DEPARTAMENTO PIURA","disa":"PIURA","red":"NO PERTENECE A NINGUNA RED","microrred":"NO PERTENECE A NINGUNA MICRORED","categoria":"ESTABLECIMIENTO DE SALUD SIN INTERNAMIENTO","condicion":"ACTIVO","actualizado":"2023/08/01 19:00:00.000","fuente":"MINSA","urlRenipr":"http://app20.susalud.gob.pe:8080/registro-renipress-webapp/ipress.htm?action=mostrarVer&idipress=00027461"}},{"type":"Feature","geometry":{"type":"Point","coordinates":[-80.69477580999995,-4.896422619999953]},"properties":{"objectid":6057,"nombre":"HOSPITAL DE APOYO II - 2, SULLANA","departamento":"PIURA","provincia":"SULLANA","distrito":"SULLANA","institucion":"GOBIERNO REGIONAL","codigoMinsa":1910,"direccion":"AVENIDA AV. SANTA ROSA S/N S/N AV. SANTA ROSA S/N SULLANA SULLANA PIURA","disa":"PIURA","red":"NO PERTENECE A NINGUNA RED","microrred":"NO PERTENECE A NINGUNA MICRORED","categoria":"ESTABLECIMIENTO DE SALUD CON INTERNAMIENTO","condicion":"ACTIVO","actualizado":"2023/08/01 19:00:00.000","fuente":"MINSA","urlRenipr":"http://app20.susalud.gob.pe:8080/registro-renipress-webapp/ipress.htm?action=mostrarVer&idipress=00001910"}},{"type":"Feature","geometry":{"type":"Point","coordinates":[-80.70111470999996,-4.906655119999925]},"properties":{"objectid":6121,"nombre":"SAN PEDRO CHANEL CONSULTORIOS MEDICOS","departamento":"PIURA","provincia":"SULLANA","distrito":"SULLANA","institucion":"PRIVADO","codigoMinsa":29359,"direccion":"CALLE EL ALTO NÚMERO 799 PISO 1 URBANIZACIÓN SANTA ROSA DISTRITO SULLANA PROVINCIA SULLANA DEPARTAMENTO PIURA","disa":"PIURA","red":"","microrred":"","categoria":"ESTABLECIMIENTO DE SALUD SIN INTERNAMIENTO","condicion":"ACTIVO","actualizado":"2023/08/01 19:00:00.000","fuente":"MINSA","urlRenipr":"http://app20.susalud.gob.pe:8080/registro-renipress-webapp/ipress.htm?action=mostrarVer&idipress=00029359"}},{"type":"Feature","geometry":{"type":"Point","coordinates":[-80.65488819999996,-5.1782883999999285]},"properties":{"objectid":6130,"nombre":"CONSULTORIO DENTAL ODONTORUIZ E.I.R.L.","departamento":"PIURA","provincia":"PIURA","distrito":"PIURA","institucion":"PRIVADO","codigoMinsa":27338,"direccion":"AVENIDA SANCHEZ CERRO N?ERO 730 PISO 2 INTERIOR 2 DISTRITO PIURA PROVINCIA PIURA DEPARTAMENTO PIURA","disa":"PIURA","red":"NO PERTENECE A NINGUNA RED","microrred":"NO PERTENECE A NINGUNA MICRORED","categoria":"ESTABLECIMIENTO DE SALUD SIN INTERNAMIENTO","condicion":"ACTIVO","actualizado":"2023/08/01 19:00:00.000","fuente":"MINSA","urlRenipr":"http://app20.susalud.gob.pe:8080/registro-renipress-webapp/ipress.htm?action=mostrarVer&idipress=00027338"}},{"type":"Feature","geometry":{"type":"Point","coordinates":[-80.69237449999997,-4.897748169999943]},"properties":{"objectid":6192,"nombre":"medical center rivera","departamento":"PIURA","provincia":"SULLANA","distrito":"SULLANA","institucion":"PRIVADO","codigoMinsa":29346,"direccion":"CALLE miguel grau NÚMERO 1499 DISTRITO SULLANA PROVINCIA SULLANA DEPARTAMENTO PIURA","disa":"PIURA","red":"","microrred":"","categoria":"ESTABLECIMIENTO DE SALUD SIN INTERNAMIENTO","condicion":"ACTIVO","actualizado":"2023/08/01 19:00:00.000","fuente":"MINSA","urlRenipr":"http://app20.susalud.gob.pe:8080/registro-renipress-webapp/ipress.htm?action=mostrarVer&idipress=00029346"}},{"type":"Feature","geometry":{"type":"Point","coordinates":[-80.64933959999996,-5.173052699999971]},"properties":{"objectid":6193,"nombre":"MEDILAB","departamento":"PIURA","provincia":"PIURA","distrito":"PIURA","institucion":"PRIVADO","codigoMinsa":31279,"direccion":"AVENIDA RICHARD CUSHING NÚMERO 203 URBANIZACIÓN CLUB GRAU DISTRITO PIURA PROVINCIA PIURA DEPARTAMENTO PIURA","disa":"PIURA","red":"","microrred":"","categoria":"SERVICIO MÉDICO DE APOYO","condicion":"ACTIVO","actualizado":"2023/08/01 19:00:00.000","fuente":"MINSA","urlRenipr":"http://app20.susalud.gob.pe:8080/registro-renipress-webapp/ipress.htm?action=mostrarVer&idipress=00031279"}},{"type":"Feature","geometry":{"type":"Point","coordinates":[-80.60369998999994,-5.190603999999951]},"properties":{"objectid":6211,"nombre":"CENTRO DE ATENCION INTEGRAL PASITO A PASITO","departamento":"PIURA","provincia":"PIURA","distrito":"CASTILLA","institucion":"PRIVADO","codigoMinsa":28558,"direccion":"URBANIZACIÓN URBANIZACION MANZANA C LOTE 8 URBANIZACIÓN SAN ANTONIO DISTRITO CASTILLA PROVINCIA PIURA DEPARTAMENTO PIURA","disa":"PIURA","red":"NO PERTENECE A NINGUNA RED","microrred":"NO PERTENECE A NINGUNA MICRORED","categoria":"ESTABLECIMIENTO DE SALUD SIN INTERNAMIENTO","condicion":"ACTIVO","actualizado":"2023/08/01 19:00:00.000","fuente":"MINSA","urlRenipr":"http://app20.susalud.gob.pe:8080/registro-renipress-webapp/ipress.htm?action=mostrarVer&idipress=00028558"}},{"type":"Feature","geometry":{"type":"Point","coordinates":[-79.45069889999996,-5.238991299999952]},"properties":{"objectid":6219,"nombre":"PUESTO SANITARIO PNP HUANCABAMBA","departamento":"PIURA","provincia":"HUANCABAMBA","distrito":"HUANCABAMBA","institucion":"SANIDAD DE LA POLICIA NACIONAL DEL PERU","codigoMinsa":10680,"direccion":"AVENIDA AVENIDA RAMON CASTILLA S/N PARTE ALTA CERRO WITILIBUN NÚMERO S/N DISTRITO HUANCABAMBA PROVINCIA HUANCABAMBA DEPARTAMENTO PIURA","disa":"PIURA","red":"NO PERTENECE A NINGUNA RED","microrred":"NO PERTENECE A NINGUNA MICRORED","categoria":"ESTABLECIMIENTO DE SALUD SIN INTERNAMIENTO","condicion":"ACTIVO","actualizado":"2023/08/01 19:00:00.000","fuente":"MINSA","urlRenipr":"http://app20.susalud.gob.pe:8080/registro-renipress-webapp/ipress.htm?action=mostrarVer&idipress=00010680"}},{"type":"Feature","geometry":{"type":"Point","coordinates":[-80.66190639999996,-5.167366819999927]},"properties":{"objectid":6231,"nombre":"GOOD SMILE","departamento":"PIURA","provincia":"PIURA","distrito":"VEINTISEIS DE OCTUBRE","institucion":"PRIVADO","codigoMinsa":30601,"direccion":"URBANIZACIÓN SANTA MARGARITA VI ETAPA PISO 2 MANZANA MA LOTE 2 URBANIZACIÓN SANTA MARGARITA DISTRITO VEINTISEIS DE OCTUBRE PROVINCIA PIURA DEPARTAMENTO PIURA","disa":"PIURA","red":"","microrred":"","categoria":"ESTABLECIMIENTO DE SALUD SIN INTERNAMIENTO","condicion":"ACTIVO","actualizado":"2023/08/01 19:00:00.000","fuente":"MINSA","urlRenipr":"http://app20.susalud.gob.pe:8080/registro-renipress-webapp/ipress.htm?action=mostrarVer&idipress=00030601"}},{"type":"Feature","geometry":{"type":"Point","coordinates":[-80.65296899999998,-5.1957093999999415]},"properties":{"objectid":6242,"nombre":"DENTAL FICUS","departamento":"PIURA","provincia":"PIURA","distrito":"VEINTISEIS DE OCTUBRE","institucion":"PRIVADO","codigoMinsa":29260,"direccion":"URBANIZACIÓN LOS FICUS MANZANA A2 LOTE 05 URBANIZACIÓN LOS FICUS DISTRITO VEINTISEIS DE OCTUBRE PROVINCIA PIURA DEPARTAMENTO PIURA","disa":"PIURA","red":"","microrred":"","categoria":"ESTABLECIMIENTO DE SALUD SIN INTERNAMIENTO","condicion":"ACTIVO","actualizado":"2023/08/01 19:00:00.000","fuente":"MINSA","urlRenipr":"http://app20.susalud.gob.pe:8080/registro-renipress-webapp/ipress.htm?action=mostrarVer&idipress=00029260"}},{"type":"Feature","geometry":{"type":"Point","coordinates":[-80.62088167999997,-5.186353959999963]},"properties":{"objectid":6274,"nombre":"ESTARBIEN PIURA","departamento":"PIURA","provincia":"PIURA","distrito":"CASTILLA","institucion":"PRIVADO","codigoMinsa":30477,"direccion":"URBANIZACIÓN MIRAFLORES MANZANA Z LOTE 11 DISTRITO CASTILLA PROVINCIA PIURA DEPARTAMENTO PIURA","disa":"PIURA","red":"","microrred":"","categoria":"ESTABLECIMIENTO DE SALUD SIN INTERNAMIENTO","condicion":"ACTIVO","actualizado":"2023/08/01 19:00:00.000","fuente":"MINSA","urlRenipr":"http://app20.susalud.gob.pe:8080/registro-renipress-webapp/ipress.htm?action=mostrarVer&idipress=00030477"}},{"type":"Feature","geometry":{"type":"Point","coordinates":[-80.68643229999998,-4.903637999999944]},"properties":{"objectid":6292,"nombre":"CENTRO ODONTOLOGICO DENTIST ALVAREZ","departamento":"PIURA","provincia":"SULLANA","distrito":"SULLANA","institucion":"PRIVADO","codigoMinsa":31249,"direccion":"AVENIDA LAS PETUNIAS PISO 1 MANZANA C4 LOTE 1 URBANIZACIÓN JARDIN TERCERA ETAPA DISTRITO SULLANA PROVINCIA SULLANA DEPARTAMENTO PIURA","disa":"PIURA","red":"","microrred":"","categoria":"ESTABLECIMIENTO DE SALUD SIN INTERNAMIENTO","condicion":"ACTIVO","actualizado":"2023/08/01 19:00:00.000","fuente":"MINSA","urlRenipr":"http://app20.susalud.gob.pe:8080/registro-renipress-webapp/ipress.htm?action=mostrarVer&idipress=00031249"}},{"type":"Feature","geometry":{"type":"Point","coordinates":[-80.62436629999996,-5.2164999999999395]},"properties":{"objectid":6301,"nombre":"SANIDAD FAP GRUP7","departamento":"PIURA","provincia":"PIURA","distrito":"CASTILLA","institucion":"SANIDAD DE LA FUERZA AEREA DEL PERU","codigoMinsa":10662,"direccion":"AVENIDA AV. RAMON CASTILLA C/ AV. LUIS MONTERO S/N S/N AV. RAMON CASTILLA C/ AV. LUIS MONTERO S/N CASTILLA PIURA PIURA","disa":"PIURA","red":"NO PERTENECE A NINGUNA RED","microrred":"NO PERTENECE A NINGUNA MICRORED","categoria":"ESTABLECIMIENTO DE SALUD SIN INTERNAMIENTO","condicion":"ACTIVO","actualizado":"2023/08/01 19:00:00.000","fuente":"MINSA","urlRenipr":"http://app20.susalud.gob.pe:8080/registro-renipress-webapp/ipress.htm?action=mostrarVer&idipress=00010662"}},{"type":"Feature","geometry":{"type":"Point","coordinates":[-80.65488819999996,-5.1782883999999285]},"properties":{"objectid":6397,"nombre":"DIABETES LAB E.I.R.L.","departamento":"PIURA","provincia":"PIURA","distrito":"PIURA","institucion":"PRIVADO","codigoMinsa":26327,"direccion":"AVENIDA FORTUNATO CHIRICHIGNO MANZANA L LOTE 5 DISTRITO PIURA PROVINCIA PIURA DEPARTAMENTO PIURA","disa":"PIURA","red":"NO PERTENECE A NINGUNA RED","microrred":"NO PERTENECE A NINGUNA MICRORED","categoria":"SERVICIO MÉDICO DE APOYO","condicion":"ACTIVO","actualizado":"2023/08/01 19:00:00.000","fuente":"MINSA","urlRenipr":"http://app20.susalud.gob.pe:8080/registro-renipress-webapp/ipress.htm?action=mostrarVer&idipress=00026327"}},{"type":"Feature","geometry":{"type":"Point","coordinates":[-80.68643229999998,-4.903637999999944]},"properties":{"objectid":6572,"nombre":"GINESALUD & MUNDITOURS SAC","departamento":"PIURA","provincia":"SULLANA","distrito":"SULLANA","institucion":"PRIVADO","codigoMinsa":12820,"direccion":"CALLE CALLE 2 Nº 800 - BUENOS AIRES DISTRITO SULLANA PROVINCIA SULLANA DEPARTAMENTO PIURA","disa":"","red":"","microrred":"","categoria":"ESTABLECIMIENTO DE SALUD SIN INTERNAMIENTO","condicion":"RETIRO VOLUNTARIO","actualizado":"2023/08/01 19:00:00.000","fuente":"MINSA","urlRenipr":"http://app20.susalud.gob.pe:8080/registro-renipress-webapp/ipress.htm?action=mostrarVer&idipress=00012820"}},{"type":"Feature","geometry":{"type":"Point","coordinates":[-80.65488819999996,-5.1782883999999285]},"properties":{"objectid":6779,"nombre":"CONSULTORIO DENTAL KAREN SALAZAR","departamento":"PIURA","provincia":"PIURA","distrito":"PIURA","institucion":"PRIVADO","codigoMinsa":20793,"direccion":"CALLE CALLE LIBERTAD 133 DISTRITO PIURA PROVINCIA PIURA DEPARTAMENTO PIURA","disa":"PIURA","red":"NO PERTENECE A NINGUNA RED","microrred":"NO PERTENECE A NINGUNA MICRORED","categoria":"ESTABLECIMIENTO DE SALUD SIN INTERNAMIENTO","condicion":"ACTIVO","actualizado":"2023/08/01 19:00:00.000","fuente":"MINSA","urlRenipr":"http://app20.susalud.gob.pe:8080/registro-renipress-webapp/ipress.htm?action=mostrarVer&idipress=00020793"}},{"type":"Feature","geometry":{"type":"Point","coordinates":[-81.26900430999996,-4.575054669999929]},"properties":{"objectid":6884,"nombre":"ANALISIS CLINICOS ML S.A.C","departamento":"PIURA","provincia":"TALARA","distrito":"PARIÑAS","institucion":"PRIVADO","codigoMinsa":17232,"direccion":"AV.FRANCISCO BOLOGNESI N 163-167","disa":"PIURA","red":"NO PERTENECE A NINGUNA RED","microrred":"NO PERTENECE A NINGUNA MICRORED","categoria":"SERVICIO MÉDICO DE APOYO","condicion":"ACTIVO","actualizado":"2023/08/01 19:00:00.000","fuente":"MINSA","urlRenipr":"http://app20.susalud.gob.pe:8080/registro-renipress-webapp/ipress.htm?action=mostrarVer&idipress=00017232"}},{"type":"Feature","geometry":{"type":"Point","coordinates":[-79.45535981999996,-5.129353229999936]},"properties":{"objectid":7001,"nombre":"CENTRO MEDICO SAN ANTONIO","departamento":"PIURA","provincia":"PIURA","distrito":"PIURA","institucion":"PRIVADO","codigoMinsa":13419,"direccion":"AV. LOS COCOS N° 272 URB. GRAU","disa":"","red":"","microrred":"","categoria":"ESTABLECIMIENTO DE SALUD SIN INTERNAMIENTO","condicion":"RUC INACTIVO EN SUNAT","actualizado":"2023/08/01 19:00:00.000","fuente":"MINSA","urlRenipr":"http://app20.susalud.gob.pe:8080/registro-renipress-webapp/ipress.htm?action=mostrarVer&idipress=00013419"}},{"type":"Feature","geometry":{"type":"Point","coordinates":[-80.65488819999996,-5.1782883999999285]},"properties":{"objectid":7003,"nombre":"CONSULTORIO ODONTOLOGICO ALFADENT","departamento":"PIURA","provincia":"PIURA","distrito":"PIURA","institucion":"PRIVADO","codigoMinsa":27337,"direccion":"URBANIZACIÓN LOS TITANES I ETAPA MANZANA H LOTE 5 URBANIZACIÓN LOS TITANES DISTRITO PIURA PROVINCIA PIURA DEPARTAMENTO PIURA","disa":"PIURA","red":"NO PERTENECE A NINGUNA RED","microrred":"NO PERTENECE A NINGUNA MICRORED","categoria":"ESTABLECIMIENTO DE SALUD SIN INTERNAMIENTO","condicion":"ACTIVO","actualizado":"2023/08/01 19:00:00.000","fuente":"MINSA","urlRenipr":"http://app20.susalud.gob.pe:8080/registro-renipress-webapp/ipress.htm?action=mostrarVer&idipress=00027337"}},{"type":"Feature","geometry":{"type":"Point","coordinates":[-80.62770319999998,-5.192398099999934]},"properties":{"objectid":7271,"nombre":"odontochrist","departamento":"PIURA","provincia":"PIURA","distrito":"PIURA","institucion":"PRIVADO","codigoMinsa":26321,"direccion":"AVENIDA sanchez cerro NÚMERO 650 PISO 2 DISTRITO PIURA PROVINCIA PIURA DEPARTAMENTO PIURA","disa":"PIURA","red":"NO PERTENECE A NINGUNA RED","microrred":"NO PERTENECE A NINGUNA MICRORED","categoria":"ESTABLECIMIENTO DE SALUD SIN INTERNAMIENTO","condicion":"ACTIVO","actualizado":"2023/08/01 19:00:00.000","fuente":"MINSA","urlRenipr":"http://app20.susalud.gob.pe:8080/registro-renipress-webapp/ipress.htm?action=mostrarVer&idipress=00026321"}},{"type":"Feature","geometry":{"type":"Point","coordinates":[-81.26855939999996,-4.580401699999925]},"properties":{"objectid":7370,"nombre":"CENTRO MEDICO BIOMEDIC","departamento":"PIURA","provincia":"TALARA","distrito":"PARIÑAS","institucion":"PRIVADO","codigoMinsa":24212,"direccion":"AVENIDA MARISCAL CACERES E 02 NÚMERO 02 DISTRITO PARIÑAS PROVINCIA TALARA DEPARTAMENTO PIURA","disa":"PIURA","red":"","microrred":"NO PERTENECE A NINGUNA MICRORED","categoria":"ESTABLECIMIENTO DE SALUD SIN INTERNAMIENTO","condicion":"ACTIVO","actualizado":"2023/08/01 19:00:00.000","fuente":"MINSA","urlRenipr":"http://app20.susalud.gob.pe:8080/registro-renipress-webapp/ipress.htm?action=mostrarVer&idipress=00024212"}},{"type":"Feature","geometry":{"type":"Point","coordinates":[-81.27186808999994,-4.590409419999958]},"properties":{"objectid":7371,"nombre":"BIOMEDIC","departamento":"PIURA","provincia":"TALARA","distrito":"PARIÑAS","institucion":"PRIVADO","codigoMinsa":29057,"direccion":"URBANIZACIÓN JAMES STORM MANZANA B LOTE 9 URBANIZACIÓN JAMES STORM DISTRITO PARIÑAS PROVINCIA TALARA DEPARTAMENTO PIURA","disa":"PIURA","red":"","microrred":"NO PERTENECE A NINGUNA MICRORED","categoria":"SERVICIO MÉDICO DE APOYO","condicion":"ACTIVO","actualizado":"2023/08/01 19:00:00.000","fuente":"MINSA","urlRenipr":"http://app20.susalud.gob.pe:8080/registro-renipress-webapp/ipress.htm?action=mostrarVer&idipress=00029057"}},{"type":"Feature","geometry":{"type":"Point","coordinates":[-80.63229289999998,-5.194887499999936]},"properties":{"objectid":7401,"nombre":"PREVENIR SSO S.A.C.","departamento":"PIURA","provincia":"PIURA","distrito":"PIURA","institucion":"PRIVADO","codigoMinsa":24941,"direccion":"AVENIDA GRAU NÚMERO 750 URBANIZACIÓN CLUB GRAU DISTRITO PIURA PROVINCIA PIURA DEPARTAMENTO PIURA","disa":"PIURA","red":"NO PERTENECE A NINGUNA RED","microrred":"NO PERTENECE A NINGUNA MICRORED","categoria":"ESTABLECIMIENTO DE SALUD SIN INTERNAMIENTO","condicion":"ACTIVO","actualizado":"2023/08/01 19:00:00.000","fuente":"MINSA","urlRenipr":"http://app20.susalud.gob.pe:8080/registro-renipress-webapp/ipress.htm?action=mostrarVer&idipress=00024941"}},{"type":"Feature","geometry":{"type":"Point","coordinates":[-80.62175599999995,-5.200344599999937]},"properties":{"objectid":7404,"nombre":"CENTRO MEDICO SAN VICENTE DE PAUL S.C.R.L.","departamento":"PIURA","provincia":"PIURA","distrito":"PIURA","institucion":"PRIVADO","codigoMinsa":31170,"direccion":"AVENIDA SANCHEZ CERRO NÚMERO 121 DISTRITO PIURA PROVINCIA PIURA DEPARTAMENTO PIURA","disa":"PIURA","red":"","microrred":"","categoria":"ESTABLECIMIENTO DE SALUD SIN INTERNAMIENTO","condicion":"ACTIVO","actualizado":"2023/08/01 19:00:00.000","fuente":"MINSA","urlRenipr":"http://app20.susalud.gob.pe:8080/registro-renipress-webapp/ipress.htm?action=mostrarVer&idipress=00031170"}},{"type":"Feature","geometry":{"type":"Point","coordinates":[-80.61494871999997,-5.188713899999925]},"properties":{"objectid":7594,"nombre":"BIOMEDICA PERU SAC","departamento":"PIURA","provincia":"PIURA","distrito":"CASTILLA","institucion":"PRIVADO","codigoMinsa":27939,"direccion":"PROLONGACIÓN AV INDEPENDENCIA MZ X LOTE 13 MANZANA X LOTE 13 URBANIZACIÓN EL BOSQUE DISTRITO CASTILLA PROVINCIA PIURA DEPARTAMENTO PIURA","disa":"PIURA","red":"NO PERTENECE A NINGUNA RED","microrred":"NO PERTENECE A NINGUNA MICRORED","categoria":"SERVICIO MÉDICO DE APOYO","condicion":"ACTIVO","actualizado":"2023/08/01 19:00:00.000","fuente":"MINSA","urlRenipr":"http://app20.susalud.gob.pe:8080/registro-renipress-webapp/ipress.htm?action=mostrarVer&idipress=00027939"}},{"type":"Feature","geometry":{"type":"Point","coordinates":[-80.63073611999994,-5.194941899999947]},"properties":{"objectid":7598,"nombre":"JOSE ELOY QUINONES NUNEZ","departamento":"PIURA","provincia":"PIURA","distrito":"PIURA","institucion":"PRIVADO","codigoMinsa":26368,"direccion":"AVENIDA SULLANA NÚMERO 424 PISO 1 DISTRITO PIURA PROVINCIA PIURA DEPARTAMENTO PIURA","disa":"PIURA","red":"NO PERTENECE A NINGUNA RED","microrred":"NO PERTENECE A NINGUNA MICRORED","categoria":"ESTABLECIMIENTO DE SALUD SIN INTERNAMIENTO","condicion":"ACTIVO","actualizado":"2023/08/01 19:00:00.000","fuente":"MINSA","urlRenipr":"http://app20.susalud.gob.pe:8080/registro-renipress-webapp/ipress.htm?action=mostrarVer&idipress=00026368"}},{"type":"Feature","geometry":{"type":"Point","coordinates":[-80.62436629999996,-5.2164999999999395]},"properties":{"objectid":7614,"nombre":"CENTRO MEDICO SAN JOSE OBRERO","departamento":"PIURA","provincia":"PIURA","distrito":"CASTILLA","institucion":"PRIVADO","codigoMinsa":29755,"direccion":"AVENIDA LUIS MONTERO NÚMERO 463 MANZANA Z LOTE 09 URBANIZACIÓN MIRAFLORES DISTRITO CASTILLA PROVINCIA PIURA DEPARTAMENTO PIURA","disa":"PIURA","red":"","microrred":"","categoria":"ESTABLECIMIENTO DE SALUD SIN INTERNAMIENTO","condicion":"ACTIVO","actualizado":"2023/08/01 19:00:00.000","fuente":"MINSA","urlRenipr":"http://app20.susalud.gob.pe:8080/registro-renipress-webapp/ipress.htm?action=mostrarVer&idipress=00029755"}},{"type":"Feature","geometry":{"type":"Point","coordinates":[-80.65298089999999,-5.245461099999943]},"properties":{"objectid":7660,"nombre":"SANTA INMACULADA CENTRO DE DIALISIS SAC","departamento":"PIURA","provincia":"PIURA","distrito":"CATACAOS","institucion":"PRIVADO","codigoMinsa":19138,"direccion":"CARRETERA CARRETERA PIURA-SIMBILA KM 5 LT 2/ FUNDO PUYUNTALA DISTRITO CATACAOS PROVINCIA PIURA DEPARTAMENTO PIURA","disa":"PIURA","red":"NO PERTENECE A NINGUNA RED","microrred":"NO PERTENECE A NINGUNA MICRORED","categoria":"SERVICIO MÉDICO DE APOYO","condicion":"ACTIVO","actualizado":"2023/08/01 19:00:00.000","fuente":"MINSA","urlRenipr":"http://app20.susalud.gob.pe:8080/registro-renipress-webapp/ipress.htm?action=mostrarVer&idipress=00019138"}},{"type":"Feature","geometry":{"type":"Point","coordinates":[-80.62348339999994,-5.221159899999975]},"properties":{"objectid":7737,"nombre":"O & G ODONTOLOGÍA INTEGRAL Y ALTA ESTÉTICA E.I.R.L","departamento":"PIURA","provincia":"PIURA","distrito":"PIURA","institucion":"PRIVADO","codigoMinsa":29015,"direccion":"CALLE MANUEL VILLAR MANZANA C2 LOTE 01 URBANIZACIÓN LAS MERCEDES DISTRITO PIURA PROVINCIA PIURA DEPARTAMENTO PIURA","disa":"PIURA","red":"NO PERTENECE A NINGUNA RED","microrred":"NO PERTENECE A NINGUNA MICRORED","categoria":"ESTABLECIMIENTO DE SALUD SIN INTERNAMIENTO","condicion":"ACTIVO","actualizado":"2023/08/01 19:00:00.000","fuente":"MINSA","urlRenipr":"http://app20.susalud.gob.pe:8080/registro-renipress-webapp/ipress.htm?action=mostrarVer&idipress=00029015"}},{"type":"Feature","geometry":{"type":"Point","coordinates":[-80.65488819999996,-5.1782883999999285]},"properties":{"objectid":7743,"nombre":"CENTRO ODONTOLOGICO LINACOR","departamento":"PIURA","provincia":"PIURA","distrito":"PIURA","institucion":"PRIVADO","codigoMinsa":25137,"direccion":"AVENIDA GRAU 1077 2 A MEDIA CUADRA DEL HOSPITAL JORGE REATEGUI PIURA PIURA PIURA","disa":"PIURA","red":"NO PERTENECE A NINGUNA RED","microrred":"NO PERTENECE A NINGUNA MICRORED","categoria":"ESTABLECIMIENTO DE SALUD SIN INTERNAMIENTO","condicion":"ACTIVO","actualizado":"2023/08/01 19:00:00.000","fuente":"MINSA","urlRenipr":"http://app20.susalud.gob.pe:8080/registro-renipress-webapp/ipress.htm?action=mostrarVer&idipress=00025137"}},{"type":"Feature","geometry":{"type":"Point","coordinates":[-80.51235203999994,-4.852515379999943]},"properties":{"objectid":7753,"nombre":"PAPAYO - ALGARROBO","departamento":"PIURA","provincia":"PIURA","distrito":"TAMBO GRANDE","institucion":"GOBIERNO REGIONAL","codigoMinsa":1983,"direccion":"OTROS CASERIO PAPAYO ALGARROBO DISTRITO TAMBO GRANDE PROVINCIA PIURA DEPARTAMENTO PIURA","disa":"PIURA","red":"AYABACA","microrred":"TAMBOGRANDE","categoria":"ESTABLECIMIENTO DE SALUD SIN INTERNAMIENTO","condicion":"ACTIVO","actualizado":"2023/08/01 19:00:00.000","fuente":"MINSA","urlRenipr":"http://app20.susalud.gob.pe:8080/registro-renipress-webapp/ipress.htm?action=mostrarVer&idipress=00001983"}},{"type":"Feature","geometry":{"type":"Point","coordinates":[-80.62163499999997,-5.187224999999955]},"properties":{"objectid":7879,"nombre":"INSTITUTO PERUANO DE OFTALMOLOGIA","departamento":"PIURA","provincia":"PIURA","distrito":"CASTILLA","institucion":"ESSALUD","codigoMinsa":16363,"direccion":"AVENIDA AV. UNIVERSITARIA S/N NÚMERO S/N DISTRITO CASTILLA PROVINCIA PIURA DEPARTAMENTO PIURA","disa":"PIURA","red":"NO PERTENECE A NINGUNA RED","microrred":"NO PERTENECE A NINGUNA MICRORED","categoria":"ESTABLECIMIENTO DE SALUD CON INTERNAMIENTO","condicion":"ACTIVO","actualizado":"2023/08/01 19:00:00.000","fuente":"MINSA","urlRenipr":"http://app20.susalud.gob.pe:8080/registro-renipress-webapp/ipress.htm?action=mostrarVer&idipress=00016363"}},{"type":"Feature","geometry":{"type":"Point","coordinates":[-81.10024264999998,-5.087583219999942]},"properties":{"objectid":7887,"nombre":"HOSPITAL I MIGUEL CRUZADO VERA - PAITA","departamento":"PIURA","provincia":"PAITA","distrito":"PAITA","institucion":"ESSALUD","codigoMinsa":11763,"direccion":"CARRETERA CARRETERA PAITA - PIURA KM 1.5 DISTRITO PAITA PROVINCIA PAITA DEPARTAMENTO PIURA","disa":"PIURA","red":"NO PERTENECE A NINGUNA RED","microrred":"NO PERTENECE A NINGUNA MICRORED","categoria":"ESTABLECIMIENTO DE SALUD CON INTERNAMIENTO","condicion":"ACTIVO","actualizado":"2023/08/01 19:00:00.000","fuente":"MINSA","urlRenipr":"http://app20.susalud.gob.pe:8080/registro-renipress-webapp/ipress.htm?action=mostrarVer&idipress=00011763"}},{"type":"Feature","geometry":{"type":"Point","coordinates":[-81.17070895999996,-4.21615216999993]},"properties":{"objectid":7915,"nombre":"EL ÑURO","departamento":"PIURA","provincia":"TALARA","distrito":"LOS ORGANOS","institucion":"GOBIERNO REGIONAL","codigoMinsa":2081,"direccion":"OTROS SANCHEZ CERRO S-N EL ÑURO DISTRITO LOS ORGANOS PROVINCIA TALARA DEPARTAMENTO PIURA","disa":"PIURA","red":"SULLANA","microrred":"LOS ORGANOS","categoria":"ESTABLECIMIENTO DE SALUD SIN INTERNAMIENTO","condicion":"ACTIVO","actualizado":"2023/08/01 19:00:00.000","fuente":"MINSA","urlRenipr":"http://app20.susalud.gob.pe:8080/registro-renipress-webapp/ipress.htm?action=mostrarVer&idipress=00002081"}},{"type":"Feature","geometry":{"type":"Point","coordinates":[-80.66517789999995,-5.187528799999939]},"properties":{"objectid":7900,"nombre":"CONSULTORIO MEDICO PEDIATRICO","departamento":"PIURA","provincia":"PIURA","distrito":"CASTILLA","institucion":"PRIVADO","codigoMinsa":26356,"direccion":"URBANIZACIÓN MIRAFLORES II ETAPA MANZANA LL LOTE 12 URBANIZACIÓN MIRAFLORES DISTRITO CASTILLA PROVINCIA PIURA DEPARTAMENTO PIURA","disa":"PIURA","red":"NO PERTENECE A NINGUNA RED","microrred":"NO PERTENECE A NINGUNA MICRORED","categoria":"ESTABLECIMIENTO DE SALUD SIN INTERNAMIENTO","condicion":"ACTIVO","actualizado":"2023/08/01 19:00:00.000","fuente":"MINSA","urlRenipr":"http://app20.susalud.gob.pe:8080/registro-renipress-webapp/ipress.htm?action=mostrarVer&idipress=00026356"}},{"type":"Feature","geometry":{"type":"Point","coordinates":[-80.28331036999998,-4.929703669999981]},"properties":{"objectid":7912,"nombre":"LAS MONICAS","departamento":"PIURA","provincia":"PIURA","distrito":"TAMBO GRANDE","institucion":"GOBIERNO REGIONAL","codigoMinsa":1988,"direccion":"OTROS CASERIO LAS MONICAS DISTRITO TAMBO GRANDE PROVINCIA PIURA DEPARTAMENTO PIURA","disa":"PIURA","red":"AYABACA","microrred":"TAMBOGRANDE","categoria":"ESTABLECIMIENTO DE SALUD SIN INTERNAMIENTO","condicion":"ACTIVO","actualizado":"2023/08/01 19:00:00.000","fuente":"MINSA","urlRenipr":"http://app20.susalud.gob.pe:8080/registro-renipress-webapp/ipress.htm?action=mostrarVer&idipress=00001988"}},{"type":"Feature","geometry":{"type":"Point","coordinates":[-81.23112295999994,-4.251083139999935]},"properties":{"objectid":7913,"nombre":"CABO BLANCO","departamento":"PIURA","provincia":"TALARA","distrito":"EL ALTO","institucion":"GOBIERNO REGIONAL","codigoMinsa":2083,"direccion":"OTROS CALETA CABO BLANCO- EL ALTO DISTRITO EL ALTO PROVINCIA TALARA DEPARTAMENTO PIURA","disa":"PIURA","red":"SULLANA","microrred":"LOS ORGANOS","categoria":"ESTABLECIMIENTO DE SALUD SIN INTERNAMIENTO","condicion":"ACTIVO","actualizado":"2023/08/01 19:00:00.000","fuente":"MINSA","urlRenipr":"http://app20.susalud.gob.pe:8080/registro-renipress-webapp/ipress.htm?action=mostrarVer&idipress=00002083"}},{"type":"Feature","geometry":{"type":"Point","coordinates":[-80.68643229999998,-4.903637999999944]},"properties":{"objectid":7914,"nombre":"CENTRO DE SALUD MENTAL COMUNITARIO \"JESÚS REDENTOR\"","departamento":"PIURA","provincia":"SULLANA","distrito":"SULLANA","institucion":"GOBIERNO REGIONAL","codigoMinsa":24988,"direccion":"CALLE SECTOR A E 12 NUEVA ESPERANZA CERCA AL CENTRO DE SALUD DE NUEVO SULLANA SULLANA SULLANA PIURA","disa":"PIURA","red":"SULLANA","microrred":"BELLAVISTA","categoria":"ESTABLECIMIENTO DE SALUD SIN INTERNAMIENTO","condicion":"ACTIVO","actualizado":"2023/08/01 19:00:00.000","fuente":"MINSA","urlRenipr":"http://app20.susalud.gob.pe:8080/registro-renipress-webapp/ipress.htm?action=mostrarVer&idipress=00024988"}},{"type":"Feature","geometry":{"type":"Point","coordinates":[-80.92143885999997,-4.920334969999942]},"properties":{"objectid":7917,"nombre":"CENTRO DE SALUD VIVIATE","departamento":"PIURA","provincia":"PAITA","distrito":"LA HUACA","institucion":"GOBIERNO REGIONAL","codigoMinsa":2028,"direccion":"OTROS CASERIO VIVIATE CASERIO VIVIATE LA HUACA PAITA PIURA","disa":"PIURA","red":"SULLANA","microrred":"PAITA","categoria":"ESTABLECIMIENTO DE SALUD SIN INTERNAMIENTO","condicion":"ACTIVO","actualizado":"2023/08/01 19:00:00.000","fuente":"MINSA","urlRenipr":"http://app20.susalud.gob.pe:8080/registro-renipress-webapp/ipress.htm?action=mostrarVer&idipress=00002028"}},{"type":"Feature","geometry":{"type":"Point","coordinates":[-81.17491598999999,-4.59014910999997]},"properties":{"objectid":7918,"nombre":"FELIPE SANTIAGO SALAVERRY","departamento":"PIURA","provincia":"TALARA","distrito":"PARIÑAS","institucion":"GOBIERNO REGIONAL","codigoMinsa":7718,"direccion":"AVENIDA AV. FELIPE SANTIAGO SALAVERRY TALARA DISTRITO PARIÑAS PROVINCIA TALARA DEPARTAMENTO PIURA","disa":"PIURA","red":"SULLANA","microrred":"TALARA","categoria":"ESTABLECIMIENTO DE SALUD SIN INTERNAMIENTO","condicion":"ACTIVO","actualizado":"2023/08/01 19:00:00.000","fuente":"MINSA","urlRenipr":"http://app20.susalud.gob.pe:8080/registro-renipress-webapp/ipress.htm?action=mostrarVer&idipress=00007718"}},{"type":"Feature","geometry":{"type":"Point","coordinates":[-80.71798887999995,-4.86945701999997]},"properties":{"objectid":7920,"nombre":"MALLARITOS","departamento":"PIURA","provincia":"SULLANA","distrito":"MARCAVELICA","institucion":"GOBIERNO REGIONAL","codigoMinsa":2033,"direccion":"OTROS PANAMERICANA S-N MALLARITOS PANAMERICANA S-N MALLARITOS MARCAVELICA SULLANA PIURA","disa":"PIURA","red":"SULLANA","microrred":"MARCAVELICA","categoria":"ESTABLECIMIENTO DE SALUD SIN INTERNAMIENTO","condicion":"ACTIVO","actualizado":"2023/08/01 19:00:00.000","fuente":"MINSA","urlRenipr":"http://app20.susalud.gob.pe:8080/registro-renipress-webapp/ipress.htm?action=mostrarVer&idipress=00002033"}},{"type":"Feature","geometry":{"type":"Point","coordinates":[-79.61861231999995,-4.6732013499999425]},"properties":{"objectid":7921,"nombre":"PUESTO DE SALUD RODEOPAMPA","departamento":"PIURA","provincia":"AYABACA","distrito":"AYABACA","institucion":"GOBIERNO REGIONAL","codigoMinsa":19837,"direccion":"OTROS CASERIO RODEOPAMPA - AYABACA DISTRITO AYABACA PROVINCIA AYABACA DEPARTAMENTO PIURA","disa":"PIURA","red":"AYABACA","microrred":"AYABACA","categoria":"ESTABLECIMIENTO DE SALUD SIN INTERNAMIENTO","condicion":"ACTIVO","actualizado":"2023/08/01 19:00:00.000","fuente":"MINSA","urlRenipr":"http://app20.susalud.gob.pe:8080/registro-renipress-webapp/ipress.htm?action=mostrarVer&idipress=00019837"}},{"type":"Feature","geometry":{"type":"Point","coordinates":[-79.62344145999998,-4.71679217999997]},"properties":{"objectid":7922,"nombre":"OLLEROS","departamento":"PIURA","provincia":"AYABACA","distrito":"AYABACA","institucion":"GOBIERNO REGIONAL","codigoMinsa":1914,"direccion":"OTROS CASERIO OLLEROS - AYABACA CASERIO OLLEROS - AYABACA AYABACA AYABACA PIURA","disa":"PIURA","red":"AYABACA","microrred":"AYABACA","categoria":"ESTABLECIMIENTO DE SALUD SIN INTERNAMIENTO","condicion":"ACTIVO","actualizado":"2023/08/01 19:00:00.000","fuente":"MINSA","urlRenipr":"http://app20.susalud.gob.pe:8080/registro-renipress-webapp/ipress.htm?action=mostrarVer&idipress=00001914"}},{"type":"Feature","geometry":{"type":"Point","coordinates":[-79.66644196999994,-4.604617349999955]},"properties":{"objectid":7923,"nombre":"PUESTO DE SALUD SOCCHABAMBA","departamento":"PIURA","provincia":"AYABACA","distrito":"AYABACA","institucion":"GOBIERNO REGIONAL","codigoMinsa":10727,"direccion":"OTROS COMUNIDAD CAMPESINA SOCCHABAMBA DISTRITO AYABACA PROVINCIA AYABACA DEPARTAMENTO PIURA","disa":"PIURA","red":"AYABACA","microrred":"AYABACA","categoria":"ESTABLECIMIENTO DE SALUD SIN INTERNAMIENTO","condicion":"ACTIVO","actualizado":"2023/08/01 19:00:00.000","fuente":"MINSA","urlRenipr":"http://app20.susalud.gob.pe:8080/registro-renipress-webapp/ipress.htm?action=mostrarVer&idipress=00010727"}},{"type":"Feature","geometry":{"type":"Point","coordinates":[-79.68419933999996,-4.564948339999944]},"properties":{"objectid":7924,"nombre":"PUESTO DE SALUD JORAS","departamento":"PIURA","provincia":"AYABACA","distrito":"AYABACA","institucion":"GOBIERNO REGIONAL","codigoMinsa":10726,"direccion":"OTROS COMUNIDAD CAMPESIAN DE JORAS DISTRITO AYABACA PROVINCIA AYABACA DEPARTAMENTO PIURA","disa":"PIURA","red":"AYABACA","microrred":"AYABACA","categoria":"ESTABLECIMIENTO DE SALUD SIN INTERNAMIENTO","condicion":"ACTIVO","actualizado":"2023/08/01 19:00:00.000","fuente":"MINSA","urlRenipr":"http://app20.susalud.gob.pe:8080/registro-renipress-webapp/ipress.htm?action=mostrarVer&idipress=00010726"}},{"type":"Feature","geometry":{"type":"Point","coordinates":[-79.74799819999998,-4.583479129999944]},"properties":{"objectid":7925,"nombre":"AMBASAL","departamento":"PIURA","provincia":"AYABACA","distrito":"SICCHEZ","institucion":"GOBIERNO REGIONAL","codigoMinsa":1976,"direccion":"OTROS CASERIOI AMBASAL DISTRITO SICCHEZ PROVINCIA AYABACA DEPARTAMENTO PIURA","disa":"PIURA","red":"AYABACA","microrred":"PAIMAS","categoria":"ESTABLECIMIENTO DE SALUD SIN INTERNAMIENTO","condicion":"ACTIVO","actualizado":"2023/08/01 19:00:00.000","fuente":"MINSA","urlRenipr":"http://app20.susalud.gob.pe:8080/registro-renipress-webapp/ipress.htm?action=mostrarVer&idipress=00001976"}},{"type":"Feature","geometry":{"type":"Point","coordinates":[-79.82472124999998,-4.629842789999941]},"properties":{"objectid":7926,"nombre":"CENTRO DE SALUD MONTERO","departamento":"PIURA","provincia":"AYABACA","distrito":"MONTERO","institucion":"GOBIERNO REGIONAL","codigoMinsa":1970,"direccion":"JIRÓN JR. PIURA S/N MONTERO S/N JR. PIURA S/N MONTERO MONTERO AYABACA PIURA","disa":"PIURA","red":"AYABACA","microrred":"PAIMAS","categoria":"ESTABLECIMIENTO DE SALUD SIN INTERNAMIENTO","condicion":"ACTIVO","actualizado":"2023/08/01 19:00:00.000","fuente":"MINSA","urlRenipr":"http://app20.susalud.gob.pe:8080/registro-renipress-webapp/ipress.htm?action=mostrarVer&idipress=00001970"}},{"type":"Feature","geometry":{"type":"Point","coordinates":[-80.54891912999994,-4.640842689999943]},"properties":{"objectid":7928,"nombre":"CENTRO DE SALUD LANCONES","departamento":"PIURA","provincia":"SULLANA","distrito":"LANCONES","institucion":"GOBIERNO REGIONAL","codigoMinsa":2060,"direccion":"CALLE CALLE SAN LUCAS S/N LANCONES S/N CALLE SAN LUCAS S/N LANCONES LANCONES SULLANA PIURA","disa":"PIURA","red":"SULLANA","microrred":"LANCONES","categoria":"ESTABLECIMIENTO DE SALUD SIN INTERNAMIENTO","condicion":"ACTIVO","actualizado":"2023/08/01 19:00:00.000","fuente":"MINSA","urlRenipr":"http://app20.susalud.gob.pe:8080/registro-renipress-webapp/ipress.htm?action=mostrarVer&idipress=00002060"}},{"type":"Feature","geometry":{"type":"Point","coordinates":[-79.59533722999998,-4.651937739999937]},"properties":{"objectid":7929,"nombre":"YANCHALA","departamento":"PIURA","provincia":"AYABACA","distrito":"AYABACA","institucion":"GOBIERNO REGIONAL","codigoMinsa":1917,"direccion":"OTROS CCOMUNIDAD TACALPO SECTOR YANCHALA - AYABACA DISTRITO AYABACA PROVINCIA AYABACA DEPARTAMENTO PIURA","disa":"PIURA","red":"AYABACA","microrred":"AYABACA","categoria":"ESTABLECIMIENTO DE SALUD SIN INTERNAMIENTO","condicion":"ACTIVO","actualizado":"2023/08/01 19:00:00.000","fuente":"MINSA","urlRenipr":"http://app20.susalud.gob.pe:8080/registro-renipress-webapp/ipress.htm?action=mostrarVer&idipress=00001917"}},{"type":"Feature","geometry":{"type":"Point","coordinates":[-79.63568756999996,-4.5777056599999355]},"properties":{"objectid":7930,"nombre":"ARAGOTO","departamento":"PIURA","provincia":"AYABACA","distrito":"AYABACA","institucion":"GOBIERNO REGIONAL","codigoMinsa":1915,"direccion":"OTROS CASERIO ARAGOTO- AYABACA DISTRITO AYABACA PROVINCIA AYABACA DEPARTAMENTO PIURA","disa":"PIURA","red":"AYABACA","microrred":"AYABACA","categoria":"ESTABLECIMIENTO DE SALUD SIN INTERNAMIENTO","condicion":"ACTIVO","actualizado":"2023/08/01 19:00:00.000","fuente":"MINSA","urlRenipr":"http://app20.susalud.gob.pe:8080/registro-renipress-webapp/ipress.htm?action=mostrarVer&idipress=00001915"}},{"type":"Feature","geometry":{"type":"Point","coordinates":[-80.65488819999996,-5.1782883999999285]},"properties":{"objectid":7979,"nombre":"DENTAL J&O","departamento":"PIURA","provincia":"PIURA","distrito":"CASTILLA","institucion":"PRIVADO","codigoMinsa":25524,"direccion":"AVENIDA GRAU NÚMERO 1338 DISTRITO CASTILLA PROVINCIA PIURA DEPARTAMENTO PIURA","disa":"PIURA","red":"NO PERTENECE A NINGUNA RED","microrred":"NO PERTENECE A NINGUNA MICRORED","categoria":"ESTABLECIMIENTO DE SALUD SIN INTERNAMIENTO","condicion":"ACTIVO","actualizado":"2023/08/01 19:00:00.000","fuente":"MINSA","urlRenipr":"http://app20.susalud.gob.pe:8080/registro-renipress-webapp/ipress.htm?action=mostrarVer&idipress=00025524"}},{"type":"Feature","geometry":{"type":"Point","coordinates":[-79.86622931999995,-5.0574585399999705]},"properties":{"objectid":7999,"nombre":"E.S. SANTIAGO","departamento":"PIURA","provincia":"MORROPON","distrito":"CHALACO","institucion":"GOBIERNO REGIONAL","codigoMinsa":2220,"direccion":"OTROS CENTRO POBLADO SANTIAGO S/N S/N CENTRO POBLADO SANTIAGO S/N CHALACO MORROPON PIURA","disa":"PIURA","red":"MORROPON CHULUCANAS","microrred":"CHALACO","categoria":"ESTABLECIMIENTO DE SALUD SIN INTERNAMIENTO","condicion":"ACTIVO","actualizado":"2023/08/01 19:00:00.000","fuente":"MINSA","urlRenipr":"http://app20.susalud.gob.pe:8080/registro-renipress-webapp/ipress.htm?action=mostrarVer&idipress=00002220"}},{"type":"Feature","geometry":{"type":"Point","coordinates":[-79.92102332999997,-5.09056666999993]},"properties":{"objectid":7990,"nombre":"E.S. JACANACAS","departamento":"PIURA","provincia":"MORROPON","distrito":"SANTO DOMINGO","institucion":"GOBIERNO REGIONAL","codigoMinsa":2218,"direccion":"OTROS CENTRO POBLADO JACANACAS S/N N?ERO S/N DISTRITO SANTO DOMINGO PROVINCIA MORROPON DEPARTAMENTO PIURA","disa":"PIURA","red":"MORROPON CHULUCANAS","microrred":"CHALACO","categoria":"ESTABLECIMIENTO DE SALUD SIN INTERNAMIENTO","condicion":"ACTIVO","actualizado":"2023/08/01 19:00:00.000","fuente":"MINSA","urlRenipr":"http://app20.susalud.gob.pe:8080/registro-renipress-webapp/ipress.htm?action=mostrarVer&idipress=00002218"}},{"type":"Feature","geometry":{"type":"Point","coordinates":[-80.16050789999997,-5.0939749999999435]},"properties":{"objectid":7991,"nombre":"CENTRO DE SALUD MENTAL COMUNITARIO CHULUCANAS","departamento":"PIURA","provincia":"MORROPON","distrito":"CHULUCANAS","institucion":"GOBIERNO REGIONAL","codigoMinsa":28439,"direccion":"JIRÓN APURIMAC NÚMERO 532 PISO 1 DISTRITO CHULUCANAS PROVINCIA MORROPON DEPARTAMENTO PIURA","disa":"PIURA","red":"MORROPON CHULUCANAS","microrred":"CHULUCANAS","categoria":"ESTABLECIMIENTO DE SALUD SIN INTERNAMIENTO","condicion":"ACTIVO","actualizado":"2023/08/01 19:00:00.000","fuente":"MINSA","urlRenipr":"http://app20.susalud.gob.pe:8080/registro-renipress-webapp/ipress.htm?action=mostrarVer&idipress=00028439"}},{"type":"Feature","geometry":{"type":"Point","coordinates":[-79.88787332999993,-5.184554999999932]},"properties":{"objectid":7992,"nombre":"ESTABLECIMIENTO DE SALUD PUEBLO NUEVO DE MARAY.","departamento":"PIURA","provincia":"MORROPON","distrito":"SANTA CATALINA DE MOSSA","institucion":"GOBIERNO REGIONAL","codigoMinsa":2200,"direccion":"CALLE CALLE ESPAÑA S/N S/N CALLE ESPAÑA S/N SANTA CATALINA DE MOSSA MORROPON PIURA","disa":"PIURA","red":"MORROPON CHULUCANAS","microrred":"MORROPON","categoria":"ESTABLECIMIENTO DE SALUD SIN INTERNAMIENTO","condicion":"ACTIVO","actualizado":"2023/08/01 19:00:00.000","fuente":"MINSA","urlRenipr":"http://app20.susalud.gob.pe:8080/registro-renipress-webapp/ipress.htm?action=mostrarVer&idipress=00002200"}},{"type":"Feature","geometry":{"type":"Point","coordinates":[-80.65121444999994,-5.247580569999968]},"properties":{"objectid":7993,"nombre":"E.S. SIMBILA","departamento":"PIURA","provincia":"PIURA","distrito":"CATACAOS","institucion":"GOBIERNO REGIONAL","codigoMinsa":2115,"direccion":"OTROS CENTRO POBLADO SIMBILA S/N NÚMERO S/N DISTRITO CATACAOS PROVINCIA PIURA DEPARTAMENTO PIURA","disa":"PIURA","red":"BAJO PIURA","microrred":"CATACAOS","categoria":"ESTABLECIMIENTO DE SALUD SIN INTERNAMIENTO","condicion":"ACTIVO","actualizado":"2023/08/01 19:00:00.000","fuente":"MINSA","urlRenipr":"http://app20.susalud.gob.pe:8080/registro-renipress-webapp/ipress.htm?action=mostrarVer&idipress=00002115"}},{"type":"Feature","geometry":{"type":"Point","coordinates":[-79.99037114999999,-5.238751909999962]},"properties":{"objectid":7994,"nombre":"P.S. PUEBLO NUEVO DE BUENOS AIRES","departamento":"PIURA","provincia":"MORROPON","distrito":"BUENOS AIRES","institucion":"GOBIERNO REGIONAL","codigoMinsa":7640,"direccion":"OTROS CENTRO POBLADO BUENOS AIRES S/N S/N CENTRO POBLADO BUENOS AIRES S/N BUENOS AIRES MORROPON PIURA","disa":"PIURA","red":"MORROPON CHULUCANAS","microrred":"MORROPON","categoria":"ESTABLECIMIENTO DE SALUD SIN INTERNAMIENTO","condicion":"ACTIVO","actualizado":"2023/08/01 19:00:00.000","fuente":"MINSA","urlRenipr":"http://app20.susalud.gob.pe:8080/registro-renipress-webapp/ipress.htm?action=mostrarVer&idipress=00007640"}},{"type":"Feature","geometry":{"type":"Point","coordinates":[-79.62795347999997,-5.644592259999968]},"properties":{"objectid":7995,"nombre":"P.S SAN MARTIN DE CONGOÑA","departamento":"PIURA","provincia":"HUANCABAMBA","distrito":"HUARMACA","institucion":"GOBIERNO REGIONAL","codigoMinsa":2278,"direccion":"OTROS CENTRO POBLADO SAN MARTIN DE CONGOÑA S/N S/N CENTRO POBLADO SAN MARTIN DE CONGOÑA S/N HUARMACA HUANCABAMBA PIURA","disa":"PIURA","red":"HUARMACA","microrred":"HUARMACA","categoria":"ESTABLECIMIENTO DE SALUD SIN INTERNAMIENTO","condicion":"ACTIVO","actualizado":"2023/08/01 19:00:00.000","fuente":"MINSA","urlRenipr":"http://app20.susalud.gob.pe:8080/registro-renipress-webapp/ipress.htm?action=mostrarVer&idipress=00002278"}},{"type":"Feature","geometry":{"type":"Point","coordinates":[-79.60897707999999,-5.42371234999996]},"properties":{"objectid":7996,"nombre":"E.S. EL TAMBO","departamento":"PIURA","provincia":"HUANCABAMBA","distrito":"SAN MIGUEL DE EL FAIQUE","institucion":"GOBIERNO REGIONAL","codigoMinsa":2246,"direccion":"OTROS CENTRO POBLADO EL TAMBO S/N S/N CENTRO POBLADO EL TAMBO S/N SAN MIGUEL DE EL FAIQUE HUANCABAMBA PIURA","disa":"PIURA","red":"MORROPON CHULUCANAS","microrred":"CANCHAQUE","categoria":"ESTABLECIMIENTO DE SALUD SIN INTERNAMIENTO","condicion":"ACTIVO","actualizado":"2023/08/01 19:00:00.000","fuente":"MINSA","urlRenipr":"http://app20.susalud.gob.pe:8080/registro-renipress-webapp/ipress.htm?action=mostrarVer&idipress=00002246"}},{"type":"Feature","geometry":{"type":"Point","coordinates":[-80.72204333999997,-5.362219909999965]},"properties":{"objectid":7997,"nombre":"E.S. LAS MALVINAS","departamento":"PIURA","provincia":"PIURA","distrito":"LA ARENA","institucion":"GOBIERNO REGIONAL","codigoMinsa":2126,"direccion":"AVENIDA AV. PRINCIPAL S/N CENTRO POBLADO LAS MALVINAS S/N AV. PRINCIPAL S/N CENTRO POBLADO LAS MALVINAS LA ARENA PIURA PIURA","disa":"PIURA","red":"BAJO PIURA","microrred":"CATACAOS","categoria":"ESTABLECIMIENTO DE SALUD SIN INTERNAMIENTO","condicion":"ACTIVO","actualizado":"2023/08/01 19:00:00.000","fuente":"MINSA","urlRenipr":"http://app20.susalud.gob.pe:8080/registro-renipress-webapp/ipress.htm?action=mostrarVer&idipress=00002126"}},{"type":"Feature","geometry":{"type":"Point","coordinates":[-79.70244166999998,-5.570789999999931]},"properties":{"objectid":7998,"nombre":"P.S CHIGNIA BAJA","departamento":"PIURA","provincia":"HUANCABAMBA","distrito":"HUARMACA","institucion":"GOBIERNO REGIONAL","codigoMinsa":2226,"direccion":"OTROS CENTRO POBLADO CHIGNIA BAJA CENTRO POBLADO CHIGNIA BAJA HUARMACA HUANCABAMBA PIURA","disa":"PIURA","red":"HUARMACA","microrred":"HUARMACA","categoria":"ESTABLECIMIENTO DE SALUD SIN INTERNAMIENTO","condicion":"ACTIVO","actualizado":"2023/08/01 19:00:00.000","fuente":"MINSA","urlRenipr":"http://app20.susalud.gob.pe:8080/registro-renipress-webapp/ipress.htm?action=mostrarVer&idipress=00002226"}},{"type":"Feature","geometry":{"type":"Point","coordinates":[-79.92772499999995,-5.036289999999951]},"properties":{"objectid":8000,"nombre":"E.S I-1 SIMIRIS","departamento":"PIURA","provincia":"MORROPON","distrito":"SANTO DOMINGO","institucion":"GOBIERNO REGIONAL","codigoMinsa":2216,"direccion":"OTROS CENTRO POBLADO SIMIRIS S/N NÚMERO S/N DISTRITO SANTO DOMINGO PROVINCIA MORROPON DEPARTAMENTO PIURA","disa":"PIURA","red":"MORROPON CHULUCANAS","microrred":"CHALACO","categoria":"ESTABLECIMIENTO DE SALUD SIN INTERNAMIENTO","condicion":"ACTIVO","actualizado":"2023/08/01 19:00:00.000","fuente":"MINSA","urlRenipr":"http://app20.susalud.gob.pe:8080/registro-renipress-webapp/ipress.htm?action=mostrarVer&idipress=00002216"}},{"type":"Feature","geometry":{"type":"Point","coordinates":[-79.87648226999994,-5.031873189999942]},"properties":{"objectid":8001,"nombre":"ESTABLECIMIENTO DE SALUD SANTO DOMINGO","departamento":"PIURA","provincia":"MORROPON","distrito":"SANTO DOMINGO","institucion":"GOBIERNO REGIONAL","codigoMinsa":2215,"direccion":"CALLE LIBERTAD S/N SANTO DOMINGO MORROPON PIURA","disa":"PIURA","red":"MORROPON CHULUCANAS","microrred":"CHALACO","categoria":"ESTABLECIMIENTO DE SALUD CON INTERNAMIENTO","condicion":"ACTIVO","actualizado":"2023/08/01 19:00:00.000","fuente":"MINSA","urlRenipr":"http://app20.susalud.gob.pe:8080/registro-renipress-webapp/ipress.htm?action=mostrarVer&idipress=00002215"}},{"type":"Feature","geometry":{"type":"Point","coordinates":[-79.53057999999999,-4.903314999999964]},"properties":{"objectid":8002,"nombre":"P.S. LAGUNAS DE SAN PABLO","departamento":"PIURA","provincia":"AYABACA","distrito":"PACAIPAMPA","institucion":"GOBIERNO REGIONAL","codigoMinsa":2211,"direccion":"OTROS CENTRO POBLADO LAGUNAS DE SAN PABLO S/N N?ERO S/N DISTRITO PACAIPAMPA PROVINCIA AYABACA DEPARTAMENTO PIURA","disa":"PIURA","red":"MORROPON CHULUCANAS","microrred":"CHALACO","categoria":"ESTABLECIMIENTO DE SALUD SIN INTERNAMIENTO","condicion":"ACTIVO","actualizado":"2023/08/01 19:00:00.000","fuente":"MINSA","urlRenipr":"http://app20.susalud.gob.pe:8080/registro-renipress-webapp/ipress.htm?action=mostrarVer&idipress=00002211"}},{"type":"Feature","geometry":{"type":"Point","coordinates":[-80.05463332999994,-5.357023329999947]},"properties":{"objectid":8003,"nombre":"P.S. TERNIQUE","departamento":"PIURA","provincia":"MORROPON","distrito":"LA MATANZA","institucion":"GOBIERNO REGIONAL","codigoMinsa":2181,"direccion":"OTROS CENTRO POBLADO TERNIQUE CENTRO POBLADO TERNIQUE LA MATANZA MORROPON PIURA","disa":"PIURA","red":"MORROPON CHULUCANAS","microrred":"CHULUCANAS","categoria":"ESTABLECIMIENTO DE SALUD SIN INTERNAMIENTO","condicion":"ACTIVO","actualizado":"2023/08/01 19:00:00.000","fuente":"MINSA","urlRenipr":"http://app20.susalud.gob.pe:8080/registro-renipress-webapp/ipress.htm?action=mostrarVer&idipress=00002181"}},{"type":"Feature","geometry":{"type":"Point","coordinates":[-80.73995999999994,-5.432658329999981]},"properties":{"objectid":8004,"nombre":"E.S SAN CLEMENTE","departamento":"PIURA","provincia":"SECHURA","distrito":"BELLAVISTA DE LA UNION","institucion":"GOBIERNO REGIONAL","codigoMinsa":2158,"direccion":"OTROS CENTRO POBLADO SAN CLEMENTE S/N S/N CENTRO POBLADO SAN CLEMENTE S/N BELLAVISTA DE LA UNION SECHURA PIURA","disa":"PIURA","red":"BAJO PIURA","microrred":"SECHURA","categoria":"ESTABLECIMIENTO DE SALUD SIN INTERNAMIENTO","condicion":"ACTIVO","actualizado":"2023/08/01 19:00:00.000","fuente":"MINSA","urlRenipr":"http://app20.susalud.gob.pe:8080/registro-renipress-webapp/ipress.htm?action=mostrarVer&idipress=00002158"}},{"type":"Feature","geometry":{"type":"Point","coordinates":[-79.58410832999994,-5.657956669999976]},"properties":{"objectid":8005,"nombre":"P.S HINTON","departamento":"PIURA","provincia":"HUANCABAMBA","distrito":"HUARMACA","institucion":"GOBIERNO REGIONAL","codigoMinsa":2288,"direccion":"OTROS CASERIO HINTON CASERIO HINTON HUARMACA HUANCABAMBA PIURA","disa":"PIURA","red":"HUARMACA","microrred":"HUARMACA","categoria":"ESTABLECIMIENTO DE SALUD SIN INTERNAMIENTO","condicion":"ACTIVO","actualizado":"2023/08/01 19:00:00.000","fuente":"MINSA","urlRenipr":"http://app20.susalud.gob.pe:8080/registro-renipress-webapp/ipress.htm?action=mostrarVer&idipress=00002288"}},{"type":"Feature","geometry":{"type":"Point","coordinates":[-80.65488819999996,-5.1782883999999285]},"properties":{"objectid":8008,"nombre":"CONSULTORIO MEDICO OBSTETRICO MEDICAL CENTER SAN ANTONIO","departamento":"PIURA","provincia":"PIURA","distrito":"PIURA","institucion":"PRIVADO","codigoMinsa":25344,"direccion":"URBANIZACIÓN LOS JARDINES EX COR PIURA MANZANA A LOTE 03 DISTRITO PIURA PROVINCIA PIURA DEPARTAMENTO PIURA","disa":"PIURA","red":"NO PERTENECE A NINGUNA RED","microrred":"NO PERTENECE A NINGUNA MICRORED","categoria":"ESTABLECIMIENTO DE SALUD SIN INTERNAMIENTO","condicion":"ACTIVO","actualizado":"2023/08/01 19:00:00.000","fuente":"MINSA","urlRenipr":"http://app20.susalud.gob.pe:8080/registro-renipress-webapp/ipress.htm?action=mostrarVer&idipress=00025344"}},{"type":"Feature","geometry":{"type":"Point","coordinates":[-80.65410498999995,-5.173541549999925]},"properties":{"objectid":8121,"nombre":"ODONTOLOGIA INTEGRAL AVANZADA","departamento":"PIURA","provincia":"PIURA","distrito":"PIURA","institucion":"PRIVADO","codigoMinsa":26736,"direccion":"CALLE 6 MANZANA A LOTE 18 URBANIZACI? LA PRIMAVERA DISTRITO PIURA PROVINCIA PIURA DEPARTAMENTO PIURA","disa":"PIURA","red":"NO PERTENECE A NINGUNA RED","microrred":"NO PERTENECE A NINGUNA MICRORED","categoria":"ESTABLECIMIENTO DE SALUD SIN INTERNAMIENTO","condicion":"ACTIVO","actualizado":"2023/08/01 19:00:00.000","fuente":"MINSA","urlRenipr":"http://app20.susalud.gob.pe:8080/registro-renipress-webapp/ipress.htm?action=mostrarVer&idipress=00026736"}},{"type":"Feature","geometry":{"type":"Point","coordinates":[-80.16089999999997,-5.096499999999935]},"properties":{"objectid":8144,"nombre":"CENTRO MEDICO OBSTETRICO SOLIDARIDAD","departamento":"PIURA","provincia":"MORROPON","distrito":"CHULUCANAS","institucion":"PRIVADO","codigoMinsa":30975,"direccion":"JIRÓN ANDRES AVELINO CACERES ASENTAMIENTO HUMANO VATE MANRIQUE NÚMERO S/N INTERIOR 1 MANZANA D LOTE 14 A DISTRITO CHULUCANAS PROVINCIA MORROPON DEPARTAMENTO PIURA","disa":"PIURA","red":"","microrred":"","categoria":"ESTABLECIMIENTO DE SALUD SIN INTERNAMIENTO","condicion":"ACTIVO","actualizado":"2023/08/01 19:00:00.000","fuente":"MINSA","urlRenipr":"http://app20.susalud.gob.pe:8080/registro-renipress-webapp/ipress.htm?action=mostrarVer&idipress=00030975"}},{"type":"Feature","geometry":{"type":"Point","coordinates":[-80.66550225999998,-5.184487029999957]},"properties":{"objectid":8194,"nombre":"GOLDENLAB","departamento":"PIURA","provincia":"PIURA","distrito":"VEINTISEIS DE OCTUBRE","institucion":"PRIVADO","codigoMinsa":27698,"direccion":"CALLE DANIEL ALCIDES CARRION ASENTAMIENTO HUMANO SAN MARTIN MANZANA B1 LOTE 1 DISTRITO VEINTISEIS DE OCTUBRE PROVINCIA PIURA DEPARTAMENTO PIURA","disa":"PIURA","red":"NO PERTENECE A NINGUNA RED","microrred":"NO PERTENECE A NINGUNA MICRORED","categoria":"SERVICIO MÉDICO DE APOYO","condicion":"ACTIVO","actualizado":"2023/08/01 19:00:00.000","fuente":"MINSA","urlRenipr":"http://app20.susalud.gob.pe:8080/registro-renipress-webapp/ipress.htm?action=mostrarVer&idipress=00027698"}},{"type":"Feature","geometry":{"type":"Point","coordinates":[-80.65488819999996,-5.1782883999999285]},"properties":{"objectid":8199,"nombre":"CENTRO DE DIAGNOSTICO Y APOYO MEDICO DIAGNOSTICLAB","departamento":"PIURA","provincia":"PIURA","distrito":"VEINTISEIS DE OCTUBRE","institucion":"PRIVADO","codigoMinsa":27049,"direccion":"AVENIDA AYABACA N?ERO 696 PISO 1 MANZANA A1 LOTE 10 DISTRITO VEINTISEIS DE OCTUBRE PROVINCIA PIURA DEPARTAMENTO PIURA","disa":"PIURA","red":"NO PERTENECE A NINGUNA RED","microrred":"NO PERTENECE A NINGUNA MICRORED","categoria":"SERVICIO MÉDICO DE APOYO","condicion":"ACTIVO","actualizado":"2023/08/01 19:00:00.000","fuente":"MINSA","urlRenipr":"http://app20.susalud.gob.pe:8080/registro-renipress-webapp/ipress.htm?action=mostrarVer&idipress=00027049"}},{"type":"Feature","geometry":{"type":"Point","coordinates":[-80.65488819999996,-5.1782883999999285]},"properties":{"objectid":8213,"nombre":"DR. OSCAR A. GONZALES PERALTA","departamento":"PIURA","provincia":"PIURA","distrito":"PIURA","institucion":"PRIVADO","codigoMinsa":27209,"direccion":"JIRÓN HUANCAVELICA N?ERO 1079 MANZANA D LOTE 11 URBANIZACI? 4 DE ENERO DISTRITO PIURA PROVINCIA PIURA DEPARTAMENTO PIURA","disa":"PIURA","red":"NO PERTENECE A NINGUNA RED","microrred":"NO PERTENECE A NINGUNA MICRORED","categoria":"ESTABLECIMIENTO DE SALUD SIN INTERNAMIENTO","condicion":"ACTIVO","actualizado":"2023/08/01 19:00:00.000","fuente":"MINSA","urlRenipr":"http://app20.susalud.gob.pe:8080/registro-renipress-webapp/ipress.htm?action=mostrarVer&idipress=00027209"}},{"type":"Feature","geometry":{"type":"Point","coordinates":[-80.63908998999995,-5.193543789999978]},"properties":{"objectid":8225,"nombre":"CONSULTORIO DENTAL ROSAS","departamento":"PIURA","provincia":"PIURA","distrito":"PIURA","institucion":"PRIVADO","codigoMinsa":27648,"direccion":"AVENIDA GUILLERMO GULMAN NÚMERO 513 PISO 2 DEPARTAMENTO 5 DISTRITO PIURA PROVINCIA PIURA DEPARTAMENTO PIURA","disa":"PIURA","red":"NO PERTENECE A NINGUNA RED","microrred":"NO PERTENECE A NINGUNA MICRORED","categoria":"ESTABLECIMIENTO DE SALUD SIN INTERNAMIENTO","condicion":"ACTIVO","actualizado":"2023/08/01 19:00:00.000","fuente":"MINSA","urlRenipr":"http://app20.susalud.gob.pe:8080/registro-renipress-webapp/ipress.htm?action=mostrarVer&idipress=00027648"}},{"type":"Feature","geometry":{"type":"Point","coordinates":[-81.27458029999997,-4.582479699999965]},"properties":{"objectid":8234,"nombre":"CENTRO MEDICO OCUPACIONAL VICTAL","departamento":"PIURA","provincia":"TALARA","distrito":"PARIÑAS","institucion":"PRIVADO","codigoMinsa":29596,"direccion":"AVENIDA AV SALAVERRY NÚMERO 65 MANZANA G DISTRITO PARIÑAS PROVINCIA TALARA DEPARTAMENTO PIURA","disa":"PIURA","red":"","microrred":"","categoria":"ESTABLECIMIENTO DE SALUD SIN INTERNAMIENTO","condicion":"ACTIVO","actualizado":"2023/08/01 19:00:00.000","fuente":"MINSA","urlRenipr":"http://app20.susalud.gob.pe:8080/registro-renipress-webapp/ipress.htm?action=mostrarVer&idipress=00029596"}},{"type":"Feature","geometry":{"type":"Point","coordinates":[-80.65488819999996,-5.1782883999999285]},"properties":{"objectid":8238,"nombre":"DENTAL ZAPATA","departamento":"PIURA","provincia":"PIURA","distrito":"CASTILLA","institucion":"PRIVADO","codigoMinsa":27030,"direccion":"CAMINO AFIRMADO VILLA CHULUCANAS F 1 ENTRADA DE UPIS VÍLLA CHULUCANAS PRIMERA CASA DE LA IZQUIERDA CASTILLA PIURA PIURA","disa":"","red":"","microrred":"","categoria":"ESTABLECIMIENTO DE SALUD SIN INTERNAMIENTO","condicion":"RUC INACTIVO EN SUNAT","actualizado":"2023/08/01 19:00:00.000","fuente":"MINSA","urlRenipr":"http://app20.susalud.gob.pe:8080/registro-renipress-webapp/ipress.htm?action=mostrarVer&idipress=00027030"}},{"type":"Feature","geometry":{"type":"Point","coordinates":[-80.16813955999999,-5.103429559999938]},"properties":{"objectid":8241,"nombre":"MAXISALUD","departamento":"PIURA","provincia":"MORROPON","distrito":"CHULUCANAS","institucion":"PRIVADO","codigoMinsa":30759,"direccion":"AVENIDA RAMON CASTILLA INTERIOR 1 MANZANA A LOTE 19 DISTRITO CHULUCANAS PROVINCIA MORROPON DEPARTAMENTO PIURA","disa":"PIURA","red":"","microrred":"","categoria":"ESTABLECIMIENTO DE SALUD SIN INTERNAMIENTO","condicion":"ACTIVO","actualizado":"2023/08/01 19:00:00.000","fuente":"MINSA","urlRenipr":"http://app20.susalud.gob.pe:8080/registro-renipress-webapp/ipress.htm?action=mostrarVer&idipress=00030759"}},{"type":"Feature","geometry":{"type":"Point","coordinates":[-80.62175599999995,-5.200344599999937]},"properties":{"objectid":8285,"nombre":"DAVIDLAB","departamento":"PIURA","provincia":"PIURA","distrito":"PIURA","institucion":"PRIVADO","codigoMinsa":28424,"direccion":"CALLE BUENOS AIRES ASENTMIENTO HUMANO SAN PEDRO MANZANA 14 LOTE 12 DISTRITO PIURA PROVINCIA PIURA DEPARTAMENTO PIURA","disa":"PIURA","red":"NO PERTENECE A NINGUNA RED","microrred":"NO PERTENECE A NINGUNA MICRORED","categoria":"SERVICIO MÉDICO DE APOYO","condicion":"ACTIVO","actualizado":"2023/08/01 19:00:00.000","fuente":"MINSA","urlRenipr":"http://app20.susalud.gob.pe:8080/registro-renipress-webapp/ipress.htm?action=mostrarVer&idipress=00028424"}},{"type":"Feature","geometry":{"type":"Point","coordinates":[-80.62175599999995,-5.200344599999937]},"properties":{"objectid":8383,"nombre":"DENTAL ZAPATA","departamento":"PIURA","provincia":"PIURA","distrito":"PIURA","institucion":"PRIVADO","codigoMinsa":30356,"direccion":"AVENIDA LORETO PASAJE SANTA CLARA CUADRA 13 NÚMERO 160 DISTRITO PIURA PROVINCIA PIURA DEPARTAMENTO PIURA","disa":"PIURA","red":"","microrred":"","categoria":"ESTABLECIMIENTO DE SALUD SIN INTERNAMIENTO","condicion":"ACTIVO","actualizado":"2023/08/01 19:00:00.000","fuente":"MINSA","urlRenipr":"http://app20.susalud.gob.pe:8080/registro-renipress-webapp/ipress.htm?action=mostrarVer&idipress=00030356"}},{"type":"Feature","geometry":{"type":"Point","coordinates":[-80.65488819999996,-5.1782883999999285]},"properties":{"objectid":8492,"nombre":"CLINICA MONTEBELLO E.I.R.L.","departamento":"PIURA","provincia":"SECHURA","distrito":"SECHURA","institucion":"PRIVADO","codigoMinsa":18917,"direccion":"CALLE CALLE GRAU Nº 1202 DISTRITO SECHURA PROVINCIA SECHURA DEPARTAMENTO PIURA","disa":"","red":"","microrred":"","categoria":"ESTABLECIMIENTO DE SALUD CON INTERNAMIENTO","condicion":"RUC INACTIVO EN SUNAT","actualizado":"2023/08/01 19:00:00.000","fuente":"MINSA","urlRenipr":"http://app20.susalud.gob.pe:8080/registro-renipress-webapp/ipress.htm?action=mostrarVer&idipress=00018917"}},{"type":"Feature","geometry":{"type":"Point","coordinates":[-80.62249256999996,-5.187442569999973]},"properties":{"objectid":8604,"nombre":"HOSPITAL III JOSE CAYETANO HEREDIA","departamento":"PIURA","provincia":"PIURA","distrito":"CASTILLA","institucion":"ESSALUD","codigoMinsa":15230,"direccion":"AVENIDA AV. INDEPENDENCIA S/N NÚMERO S/N DISTRITO CASTILLA PROVINCIA PIURA DEPARTAMENTO PIURA","disa":"PIURA","red":"NO PERTENECE A NINGUNA RED","microrred":"NO PERTENECE A NINGUNA MICRORED","categoria":"ESTABLECIMIENTO DE SALUD CON INTERNAMIENTO","condicion":"ACTIVO","actualizado":"2023/08/01 19:00:00.000","fuente":"MINSA","urlRenipr":"http://app20.susalud.gob.pe:8080/registro-renipress-webapp/ipress.htm?action=mostrarVer&idipress=00015230"}},{"type":"Feature","geometry":{"type":"Point","coordinates":[-80.64933959999996,-5.173052699999971]},"properties":{"objectid":8874,"nombre":"OPTICA GARAVITO","departamento":"PIURA","provincia":"PIURA","distrito":"PIURA","institucion":"PRIVADO","codigoMinsa":29924,"direccion":"AVENIDA SANCHEZ CERRO NÚMERO 520 DISTRITO PIURA PROVINCIA PIURA DEPARTAMENTO PIURA","disa":"PIURA","red":"","microrred":"","categoria":"SERVICIO MÉDICO DE APOYO","condicion":"ACTIVO","actualizado":"2023/08/01 19:00:00.000","fuente":"MINSA","urlRenipr":"http://app20.susalud.gob.pe:8080/registro-renipress-webapp/ipress.htm?action=mostrarVer&idipress=00029924"}},{"type":"Feature","geometry":{"type":"Point","coordinates":[-80.64114666999996,-5.130739999999946]},"properties":{"objectid":9034,"nombre":"ESTABLECIMIENTO EJIDOS DE HUAN","departamento":"PIURA","provincia":"PIURA","distrito":"PIURA","institucion":"PRIVADO","codigoMinsa":13670,"direccion":"OTROS CASERIO EJIDOS DE HUAN-MEDIO S/N PIURA PIURA PIURA","disa":"PIURA","red":"NO PERTENECE A NINGUNA RED","microrred":"NO PERTENECE A NINGUNA MICRORED","categoria":"ESTABLECIMIENTO DE SALUD SIN INTERNAMIENTO","condicion":"ACTIVO","actualizado":"2023/08/01 19:00:00.000","fuente":"MINSA","urlRenipr":"http://app20.susalud.gob.pe:8080/registro-renipress-webapp/ipress.htm?action=mostrarVer&idipress=00013670"}},{"type":"Feature","geometry":{"type":"Point","coordinates":[-80.63050019999997,-5.199201799999969]},"properties":{"objectid":9181,"nombre":"CENTRO MEDICO SAN RAFHAEL ARCANGEL","departamento":"PIURA","provincia":"PIURA","distrito":"PIURA","institucion":"PRIVADO","codigoMinsa":30974,"direccion":"AVENIDA BOLOGNESI NÚMERO 680 PISO 1 DISTRITO PIURA PROVINCIA PIURA DEPARTAMENTO PIURA","disa":"PIURA","red":"","microrred":"","categoria":"ESTABLECIMIENTO DE SALUD SIN INTERNAMIENTO","condicion":"ACTIVO","actualizado":"2023/08/01 19:00:00.000","fuente":"MINSA","urlRenipr":"http://app20.susalud.gob.pe:8080/registro-renipress-webapp/ipress.htm?action=mostrarVer&idipress=00030974"}},{"type":"Feature","geometry":{"type":"Point","coordinates":[-80.68008339999994,-4.882483509999929]},"properties":{"objectid":9351,"nombre":"SERMEDIQ G&B EIRL","departamento":"PIURA","provincia":"SULLANA","distrito":"SULLANA","institucion":"PRIVADO","codigoMinsa":25396,"direccion":"CALLE DOS NÚMERO 800 DISTRITO SULLANA PROVINCIA SULLANA DEPARTAMENTO PIURA","disa":"","red":"","microrred":"","categoria":"ESTABLECIMIENTO DE SALUD SIN INTERNAMIENTO","condicion":"RETIRO VOLUNTARIO","actualizado":"2023/08/01 19:00:00.000","fuente":"MINSA","urlRenipr":"http://app20.susalud.gob.pe:8080/registro-renipress-webapp/ipress.htm?action=mostrarVer&idipress=00025396"}},{"type":"Feature","geometry":{"type":"Point","coordinates":[-80.63120209999994,-5.181572099999926]},"properties":{"objectid":9431,"nombre":"POLICLÍNICO UNIVERSIDAD DE PIURA","departamento":"PIURA","provincia":"PIURA","distrito":"PIURA","institucion":"PRIVADO","codigoMinsa":13544,"direccion":"AVENIDA AV. RAMÓN MUGICA Nº 131 URB. SAN EDUARDO PIURA DISTRITO PIURA PROVINCIA PIURA DEPARTAMENTO PIURA","disa":"PIURA","red":"","microrred":"","categoria":"ESTABLECIMIENTO DE SALUD SIN INTERNAMIENTO","condicion":"ACTIVO","actualizado":"2023/08/01 19:00:00.000","fuente":"MINSA","urlRenipr":"http://app20.susalud.gob.pe:8080/registro-renipress-webapp/ipress.htm?action=mostrarVer&idipress=00013544"}},{"type":"Feature","geometry":{"type":"Point","coordinates":[-80.59875489999996,-5.18632649999995]},"properties":{"objectid":9583,"nombre":"BUEN SAMARITANO","departamento":"PIURA","provincia":"PIURA","distrito":"CASTILLA","institucion":"PRIVADO","codigoMinsa":28637,"direccion":"AVENIDA CAYETANO HEREDIA NÚMERO 116 DISTRITO CASTILLA PROVINCIA PIURA DEPARTAMENTO PIURA","disa":"PIURA","red":"NO PERTENECE A NINGUNA RED","microrred":"NO PERTENECE A NINGUNA MICRORED","categoria":"ESTABLECIMIENTO DE SALUD SIN INTERNAMIENTO","condicion":"ACTIVO","actualizado":"2023/08/01 19:00:00.000","fuente":"MINSA","urlRenipr":"http://app20.susalud.gob.pe:8080/registro-renipress-webapp/ipress.htm?action=mostrarVer&idipress=00028637"}},{"type":"Feature","geometry":{"type":"Point","coordinates":[-80.62852899999996,-5.197226799999953]},"properties":{"objectid":9594,"nombre":"INSTITUTO MEDICO EN SALUD OCUPACIONAL SOY DIABETICO","departamento":"PIURA","provincia":"PIURA","distrito":"CASTILLA","institucion":"PRIVADO","codigoMinsa":29799,"direccion":"CALLE LOS ROSALES MANZANA I LOTE 30 URBANIZACIÓN MIRAFLORES DISTRITO CASTILLA PROVINCIA PIURA DEPARTAMENTO PIURA","disa":"PIURA","red":"","microrred":"","categoria":"ESTABLECIMIENTO DE SALUD SIN INTERNAMIENTO","condicion":"ACTIVO","actualizado":"2023/08/01 19:00:00.000","fuente":"MINSA","urlRenipr":"http://app20.susalud.gob.pe:8080/registro-renipress-webapp/ipress.htm?action=mostrarVer&idipress=00029799"}},{"type":"Feature","geometry":{"type":"Point","coordinates":[-80.65488819999996,-5.1782883999999285]},"properties":{"objectid":9651,"nombre":"LABORATORIO CLINICO \"CRISTO SALUD Y VIDA\"","departamento":"PIURA","provincia":"PIURA","distrito":"VEINTISEIS DE OCTUBRE","institucion":"PRIVADO","codigoMinsa":27798,"direccion":"OTROS ASENTAMIENTO HUMANO VILLA PERU CANADA MANZANA H2 LOTE 7 DISTRITO VEINTISEIS DE OCTUBRE PROVINCIA PIURA DEPARTAMENTO PIURA","disa":"PIURA","red":"NO PERTENECE A NINGUNA RED","microrred":"NO PERTENECE A NINGUNA MICRORED","categoria":"SERVICIO MÉDICO DE APOYO","condicion":"ACTIVO","actualizado":"2023/08/01 19:00:00.000","fuente":"MINSA","urlRenipr":"http://app20.susalud.gob.pe:8080/registro-renipress-webapp/ipress.htm?action=mostrarVer&idipress=00027798"}},{"type":"Feature","geometry":{"type":"Point","coordinates":[-80.65488819999996,-5.1782883999999285]},"properties":{"objectid":9911,"nombre":"SERVICIOS MEDICOS BUENA SALUD - MORROPON","departamento":"PIURA","provincia":"MORROPON","distrito":"MORROPON","institucion":"PRIVADO","codigoMinsa":27996,"direccion":"CALLE MARCOS MARTOS MANZANA C LOTE 23 DISTRITO MORROPON PROVINCIA MORROPON DEPARTAMENTO PIURA","disa":"PIURA","red":"NO PERTENECE A NINGUNA RED","microrred":"NO PERTENECE A NINGUNA MICRORED","categoria":"ESTABLECIMIENTO DE SALUD SIN INTERNAMIENTO","condicion":"ACTIVO","actualizado":"2023/08/01 19:00:00.000","fuente":"MINSA","urlRenipr":"http://app20.susalud.gob.pe:8080/registro-renipress-webapp/ipress.htm?action=mostrarVer&idipress=00027996"}},{"type":"Feature","geometry":{"type":"Point","coordinates":[-80.65488819999996,-5.1782883999999285]},"properties":{"objectid":9989,"nombre":"ALHAMDULILAH GRACIAS DIOS E.I.R.L.","departamento":"PIURA","provincia":"PIURA","distrito":"CASTILLA","institucion":"PRIVADO","codigoMinsa":27802,"direccion":"CALLE PACHACUTEC ASENTAMIENTO HUMANO CAMPO POLO N?ERO 711 MANZANA M LOTE 008 DISTRITO CASTILLA PROVINCIA PIURA DEPARTAMENTO PIURA","disa":"PIURA","red":"NO PERTENECE A NINGUNA RED","microrred":"NO PERTENECE A NINGUNA MICRORED","categoria":"ESTABLECIMIENTO DE SALUD SIN INTERNAMIENTO","condicion":"ACTIVO","actualizado":"2023/08/01 19:00:00.000","fuente":"MINSA","urlRenipr":"http://app20.susalud.gob.pe:8080/registro-renipress-webapp/ipress.htm?action=mostrarVer&idipress=00027802"}},{"type":"Feature","geometry":{"type":"Point","coordinates":[-80.65488819999996,-5.1782883999999285]},"properties":{"objectid":9993,"nombre":"SOTOMAYOR OPTICA - OFTALMOLOGIA","departamento":"PIURA","provincia":"PIURA","distrito":"PIURA","institucion":"PRIVADO","codigoMinsa":26548,"direccion":"JIRÓN HUANCAVELICA N?ERO 1059 PISO 1 URBANIZACI? 4 DE ENERO DISTRITO PIURA PROVINCIA PIURA DEPARTAMENTO PIURA","disa":"PIURA","red":"NO PERTENECE A NINGUNA RED","microrred":"NO PERTENECE A NINGUNA MICRORED","categoria":"SERVICIO MÉDICO DE APOYO","condicion":"ACTIVO","actualizado":"2023/08/01 19:00:00.000","fuente":"MINSA","urlRenipr":"http://app20.susalud.gob.pe:8080/registro-renipress-webapp/ipress.htm?action=mostrarVer&idipress=00026548"}},{"type":"Feature","geometry":{"type":"Point","coordinates":[-81.27501799999999,-4.578719369999931]},"properties":{"objectid":10005,"nombre":"SANTA BEATRIZ SERVICIOS MEDICOS S.A.C","departamento":"PIURA","provincia":"TALARA","distrito":"PARIÑAS","institucion":"PRIVADO","codigoMinsa":10699,"direccion":"AVENIDA AVENIDA GRAU(A)-100 DISTRITO PARIÑAS PROVINCIA TALARA DEPARTAMENTO PIURA","disa":"PIURA","red":"NO PERTENECE A NINGUNA RED","microrred":"NO PERTENECE A NINGUNA MICRORED","categoria":"ESTABLECIMIENTO DE SALUD CON INTERNAMIENTO","condicion":"ACTIVO","actualizado":"2023/08/01 19:00:00.000","fuente":"MINSA","urlRenipr":"http://app20.susalud.gob.pe:8080/registro-renipress-webapp/ipress.htm?action=mostrarVer&idipress=00010699"}},{"type":"Feature","geometry":{"type":"Point","coordinates":[-80.69131493999998,-4.906402749999927]},"properties":{"objectid":10030,"nombre":"HOSPITAL I ESSALUD-SULLANA","departamento":"PIURA","provincia":"SULLANA","distrito":"SULLANA","institucion":"ESSALUD","codigoMinsa":10267,"direccion":"CALLE CALLE SANTA CLARA MZA O LOTE 44 SANCHEZ CERRO CALLE SANTA CLARA MZA O LOTE 44 SANCHEZ CERRO SULLANA SULLANA PIURA","disa":"PIURA","red":"NO PERTENECE A NINGUNA RED","microrred":"NO PERTENECE A NINGUNA MICRORED","categoria":"ESTABLECIMIENTO DE SALUD CON INTERNAMIENTO","condicion":"ACTIVO","actualizado":"2023/08/01 19:00:00.000","fuente":"MINSA","urlRenipr":"http://app20.susalud.gob.pe:8080/registro-renipress-webapp/ipress.htm?action=mostrarVer&idipress=00010267"}},{"type":"Feature","geometry":{"type":"Point","coordinates":[-80.68643229999998,-4.903637999999944]},"properties":{"objectid":10040,"nombre":"LABORATORIOS DE ANÁLISIS CLÍNICOS Y CONSULTORIOS MÉDICOS SANTA LUCIA","departamento":"PIURA","provincia":"SULLANA","distrito":"SULLANA","institucion":"PRIVADO","codigoMinsa":29599,"direccion":"AVENIDA JOSE DE LAMA NÚMERO 840 DISTRITO SULLANA PROVINCIA SULLANA DEPARTAMENTO PIURA","disa":"PIURA","red":"","microrred":"","categoria":"ESTABLECIMIENTO DE SALUD SIN INTERNAMIENTO","condicion":"ACTIVO","actualizado":"2023/08/01 19:00:00.000","fuente":"MINSA","urlRenipr":"http://app20.susalud.gob.pe:8080/registro-renipress-webapp/ipress.htm?action=mostrarVer&idipress=00029599"}},{"type":"Feature","geometry":{"type":"Point","coordinates":[-80.65488819999996,-5.1782883999999285]},"properties":{"objectid":10044,"nombre":"CENTRO OFTALMOLOGICO DSC","departamento":"PIURA","provincia":"PIURA","distrito":"CASTILLA","institucion":"PRIVADO","codigoMinsa":28353,"direccion":"AVENIDA INDEPENDENCIA MANZANA 0 LOTE 2 DISTRITO CASTILLA PROVINCIA PIURA DEPARTAMENTO PIURA","disa":"PIURA","red":"NO PERTENECE A NINGUNA RED","microrred":"NO PERTENECE A NINGUNA MICRORED","categoria":"ESTABLECIMIENTO DE SALUD SIN INTERNAMIENTO","condicion":"ACTIVO","actualizado":"2023/08/01 19:00:00.000","fuente":"MINSA","urlRenipr":"http://app20.susalud.gob.pe:8080/registro-renipress-webapp/ipress.htm?action=mostrarVer&idipress=00028353"}},{"type":"Feature","geometry":{"type":"Point","coordinates":[-81.26289609999998,-4.581151999999975]},"properties":{"objectid":10045,"nombre":"GD SERVICIOS MEDICOS AMBULANCIA S.A.C.","departamento":"PIURA","provincia":"TALARA","distrito":"PARIÑAS","institucion":"PRIVADO","codigoMinsa":30187,"direccion":"AVENIDA B NÚMERO 19 DISTRITO PARIÑAS PROVINCIA TALARA DEPARTAMENTO PIURA","disa":"PIURA","red":"","microrred":"","categoria":"ESTABLECIMIENTO DE SALUD SIN INTERNAMIENTO","condicion":"ACTIVO","actualizado":"2023/08/01 19:00:00.000","fuente":"MINSA","urlRenipr":"http://app20.susalud.gob.pe:8080/registro-renipress-webapp/ipress.htm?action=mostrarVer&idipress=00030187"}},{"type":"Feature","geometry":{"type":"Point","coordinates":[-80.97207234999996,-4.8781325199999515]},"properties":{"objectid":10055,"nombre":"CENTRO DE SALUD TAMARINDO","departamento":"PIURA","provincia":"PAITA","distrito":"TAMARINDO","institucion":"GOBIERNO REGIONAL","codigoMinsa":2049,"direccion":"CALLE CALLE CONSTITUCION S/N TAMARINDO S/N CALLE CONSTITUCION S/N TAMARINDO TAMARINDO PAITA PIURA","disa":"PIURA","red":"SULLANA","microrred":"MARCAVELICA","categoria":"ESTABLECIMIENTO DE SALUD SIN INTERNAMIENTO","condicion":"ACTIVO","actualizado":"2023/08/01 19:00:00.000","fuente":"MINSA","urlRenipr":"http://app20.susalud.gob.pe:8080/registro-renipress-webapp/ipress.htm?action=mostrarVer&idipress=00002049"}},{"type":"Feature","geometry":{"type":"Point","coordinates":[-79.93873011999995,-4.405703779999953]},"properties":{"objectid":10056,"nombre":"LA TINA","departamento":"PIURA","provincia":"AYABACA","distrito":"SUYO","institucion":"GOBIERNO REGIONAL","codigoMinsa":1948,"direccion":"OTROS CASERIO LA TINA - SUYO - AYABACA CASERIO LA TINA - SUYO - AYABACA SUYO AYABACA PIURA","disa":"PIURA","red":"AYABACA","microrred":"LAS LOMAS","categoria":"ESTABLECIMIENTO DE SALUD SIN INTERNAMIENTO","condicion":"ACTIVO","actualizado":"2023/08/01 19:00:00.000","fuente":"MINSA","urlRenipr":"http://app20.susalud.gob.pe:8080/registro-renipress-webapp/ipress.htm?action=mostrarVer&idipress=00001948"}},{"type":"Feature","geometry":{"type":"Point","coordinates":[-81.19254853999996,-5.206428839999944]},"properties":{"objectid":10058,"nombre":"LA ISLILLA","departamento":"PIURA","provincia":"PAITA","distrito":"PAITA","institucion":"GOBIERNO REGIONAL","codigoMinsa":2022,"direccion":"OTROS CALETA LA ISLILLA - PAITA DISTRITO PAITA PROVINCIA PAITA DEPARTAMENTO PIURA","disa":"PIURA","red":"SULLANA","microrred":"PAITA","categoria":"ESTABLECIMIENTO DE SALUD SIN INTERNAMIENTO","condicion":"ACTIVO","actualizado":"2023/08/01 19:00:00.000","fuente":"MINSA","urlRenipr":"http://app20.susalud.gob.pe:8080/registro-renipress-webapp/ipress.htm?action=mostrarVer&idipress=00002022"}},{"type":"Feature","geometry":{"type":"Point","coordinates":[-80.57120130999994,-4.790555599999948]},"properties":{"objectid":10059,"nombre":"CHALACALA BAJA","departamento":"PIURA","provincia":"SULLANA","distrito":"SULLANA","institucion":"GOBIERNO REGIONAL","codigoMinsa":2004,"direccion":"OTROS CHALACALA DISTRITO SULLANA PROVINCIA SULLANA DEPARTAMENTO PIURA","disa":"PIURA","red":"SULLANA","microrred":"BELLAVISTA","categoria":"ESTABLECIMIENTO DE SALUD SIN INTERNAMIENTO","condicion":"ACTIVO","actualizado":"2023/08/01 19:00:00.000","fuente":"MINSA","urlRenipr":"http://app20.susalud.gob.pe:8080/registro-renipress-webapp/ipress.htm?action=mostrarVer&idipress=00002004"}},{"type":"Feature","geometry":{"type":"Point","coordinates":[-79.79793890999997,-4.583928809999975]},"properties":{"objectid":10060,"nombre":"CENTRO DE SALUD CLAS JILILI","departamento":"PIURA","provincia":"AYABACA","distrito":"JILILI","institucion":"GOBIERNO REGIONAL","codigoMinsa":1962,"direccion":"CALLE CALLE MIRAMAR S/N- DISTRITO DE JILILI S/N CALLE MIRAMAR S/N- DISTRITO DE JILILI JILILI AYABACA PIURA","disa":"PIURA","red":"AYABACA","microrred":"PAIMAS","categoria":"ESTABLECIMIENTO DE SALUD SIN INTERNAMIENTO","condicion":"ACTIVO","actualizado":"2023/08/01 19:00:00.000","fuente":"MINSA","urlRenipr":"http://app20.susalud.gob.pe:8080/registro-renipress-webapp/ipress.htm?action=mostrarVer&idipress=00001962"}},{"type":"Feature","geometry":{"type":"Point","coordinates":[-81.11438987999998,-4.906216509999979]},"properties":{"objectid":10061,"nombre":"LA ISLA SAN LORENZO","departamento":"PIURA","provincia":"PAITA","distrito":"VICHAYAL","institucion":"GOBIERNO REGIONAL","codigoMinsa":2031,"direccion":"OTROS CASERIO LA ISLA SAN LORENZO DISTRITO VICHAYAL PROVINCIA PAITA DEPARTAMENTO PIURA","disa":"PIURA","red":"SULLANA","microrred":"PAITA","categoria":"ESTABLECIMIENTO DE SALUD SIN INTERNAMIENTO","condicion":"ACTIVO","actualizado":"2023/08/01 19:00:00.000","fuente":"MINSA","urlRenipr":"http://app20.susalud.gob.pe:8080/registro-renipress-webapp/ipress.htm?action=mostrarVer&idipress=00002031"}},{"type":"Feature","geometry":{"type":"Point","coordinates":[-80.14741928999996,-4.697570139999925]},"properties":{"objectid":10062,"nombre":"PAMPA ELERA BAJA","departamento":"PIURA","provincia":"PIURA","distrito":"LAS LOMAS","institucion":"GOBIERNO REGIONAL","codigoMinsa":1936,"direccion":"OTROS CASERIO PAMPA ELERA BAJA DISTRITO LAS LOMAS PROVINCIA PIURA DEPARTAMENTO PIURA","disa":"PIURA","red":"AYABACA","microrred":"LAS LOMAS","categoria":"ESTABLECIMIENTO DE SALUD SIN INTERNAMIENTO","condicion":"ACTIVO","actualizado":"2023/08/01 19:00:00.000","fuente":"MINSA","urlRenipr":"http://app20.susalud.gob.pe:8080/registro-renipress-webapp/ipress.htm?action=mostrarVer&idipress=00001936"}},{"type":"Feature","geometry":{"type":"Point","coordinates":[-79.51131843999997,-4.64347620999996]},"properties":{"objectid":10063,"nombre":"EL TOLDO","departamento":"PIURA","provincia":"AYABACA","distrito":"AYABACA","institucion":"GOBIERNO REGIONAL","codigoMinsa":1926,"direccion":"OTROS CASERIO EL TOLDO DISTRITO AYABACA PROVINCIA AYABACA DEPARTAMENTO PIURA","disa":"PIURA","red":"AYABACA","microrred":"AYABACA","categoria":"ESTABLECIMIENTO DE SALUD SIN INTERNAMIENTO","condicion":"ACTIVO","actualizado":"2023/08/01 19:00:00.000","fuente":"MINSA","urlRenipr":"http://app20.susalud.gob.pe:8080/registro-renipress-webapp/ipress.htm?action=mostrarVer&idipress=00001926"}},{"type":"Feature","geometry":{"type":"Point","coordinates":[-80.62175599999995,-5.200344599999937]},"properties":{"objectid":10104,"nombre":"FISIOMED CENTRO ESPECIALIZADO DE TERAPIA REHABILITACION Y ORTOPEDIA S.A.C.","departamento":"PIURA","provincia":"PIURA","distrito":"PIURA","institucion":"PRIVADO","codigoMinsa":31199,"direccion":"AVENIDA SAN MIGUEL MANZANA D LOTE 16 URBANIZACIÓN SANTA ISABEL DISTRITO PIURA PROVINCIA PIURA DEPARTAMENTO PIURA","disa":"PIURA","red":"","microrred":"","categoria":"SERVICIO MÉDICO DE APOYO","condicion":"ACTIVO","actualizado":"2023/08/01 19:00:00.000","fuente":"MINSA","urlRenipr":"http://app20.susalud.gob.pe:8080/registro-renipress-webapp/ipress.htm?action=mostrarVer&idipress=00031199"}},{"type":"Feature","geometry":{"type":"Point","coordinates":[-80.63181704999994,-5.194808339999952]},"properties":{"objectid":10109,"nombre":"DARIO BARDALES RUIZ","departamento":"PIURA","provincia":"PIURA","distrito":"PIURA","institucion":"PRIVADO","codigoMinsa":26357,"direccion":"AVENIDA LOS COCOS NÚMERO 111 PISO 3 DEPARTAMENTO 312 URBANIZACIÓN CLUB GRAU PIURA DISTRITO PIURA PROVINCIA PIURA DEPARTAMENTO PIURA","disa":"PIURA","red":"NO PERTENECE A NINGUNA RED","microrred":"NO PERTENECE A NINGUNA MICRORED","categoria":"ESTABLECIMIENTO DE SALUD SIN INTERNAMIENTO","condicion":"ACTIVO","actualizado":"2023/08/01 19:00:00.000","fuente":"MINSA","urlRenipr":"http://app20.susalud.gob.pe:8080/registro-renipress-webapp/ipress.htm?action=mostrarVer&idipress=00026357"}},{"type":"Feature","geometry":{"type":"Point","coordinates":[-79.57653877999996,-5.713766699999951]},"properties":{"objectid":10134,"nombre":"P.S CALLANCAS","departamento":"PIURA","provincia":"HUANCABAMBA","distrito":"HUARMACA","institucion":"GOBIERNO REGIONAL","codigoMinsa":2282,"direccion":"OTROS CENTRO POBLADO CALLANCAS S/N S/N CENTRO POBLADO CALLANCAS S/N HUARMACA HUANCABAMBA PIURA","disa":"PIURA","red":"HUARMACA","microrred":"HUARMACA","categoria":"ESTABLECIMIENTO DE SALUD SIN INTERNAMIENTO","condicion":"ACTIVO","actualizado":"2023/08/01 19:00:00.000","fuente":"MINSA","urlRenipr":"http://app20.susalud.gob.pe:8080/registro-renipress-webapp/ipress.htm?action=mostrarVer&idipress=00002282"}},{"type":"Feature","geometry":{"type":"Point","coordinates":[-80.62078206999996,-5.224628949999953]},"properties":{"objectid":10135,"nombre":"E.S. EL INDIO","departamento":"PIURA","provincia":"PIURA","distrito":"CASTILLA","institucion":"GOBIERNO REGIONAL","codigoMinsa":2101,"direccion":"OTROS AA.HH EL INDIO S/N S/N AA.HH EL INDIO S/N CASTILLA PIURA PIURA","disa":"PIURA","red":"PIURA CASTILLA","microrred":"CASTILLA","categoria":"ESTABLECIMIENTO DE SALUD SIN INTERNAMIENTO","condicion":"ACTIVO","actualizado":"2023/08/01 19:00:00.000","fuente":"MINSA","urlRenipr":"http://app20.susalud.gob.pe:8080/registro-renipress-webapp/ipress.htm?action=mostrarVer&idipress=00002101"}},{"type":"Feature","geometry":{"type":"Point","coordinates":[-80.16585364999997,-5.100059219999935]},"properties":{"objectid":10136,"nombre":"SERVICIO MEDICO DE APOYO CAT CHULUCANAS","departamento":"PIURA","provincia":"MORROPON","distrito":"CHULUCANAS","institucion":"GOBIERNO REGIONAL","codigoMinsa":29679,"direccion":"JIRÓN TACNA Y JR TARAPACA DISTRITO CHULUCANAS PROVINCIA MORROPON DEPARTAMENTO PIURA","disa":"PIURA","red":"MORROPON CHULUCANAS","microrred":"CHULUCANAS","categoria":"SERVICIO MÉDICO DE APOYO","condicion":"ACTIVO","actualizado":"2023/08/01 19:00:00.000","fuente":"MINSA","urlRenipr":"http://app20.susalud.gob.pe:8080/registro-renipress-webapp/ipress.htm?action=mostrarVer&idipress=00029679"}},{"type":"Feature","geometry":{"type":"Point","coordinates":[-80.67658166999996,-5.1784099999999285]},"properties":{"objectid":10137,"nombre":"E.S. MICAELA BASTIDAS","departamento":"PIURA","provincia":"PIURA","distrito":"VEINTISEIS DE OCTUBRE","institucion":"GOBIERNO REGIONAL","codigoMinsa":2087,"direccion":"OTROS MZ. J2 LOTE N° 1 A. H. MICAELA BASTIDAS MZ. J2 LOTE N° 1 A. H. MICAELA BASTIDAS VEINTISEIS DE OCTUBRE PIURA PIURA","disa":"PIURA","red":"PIURA CASTILLA","microrred":"PIURA","categoria":"ESTABLECIMIENTO DE SALUD SIN INTERNAMIENTO","condicion":"ACTIVO","actualizado":"2023/08/01 19:00:00.000","fuente":"MINSA","urlRenipr":"http://app20.susalud.gob.pe:8080/registro-renipress-webapp/ipress.htm?action=mostrarVer&idipress=00002087"}},{"type":"Feature","geometry":{"type":"Point","coordinates":[-80.65488819999996,-5.1782883999999285]},"properties":{"objectid":10139,"nombre":"CENTRO DE SALUD MENTAL COMUNITARIO PIURA","departamento":"PIURA","provincia":"PIURA","distrito":"PIURA","institucion":"GOBIERNO REGIONAL","codigoMinsa":28409,"direccion":"OTROS ASENTAMIENTO HUMANO VICTOR RAUL HAYA DE LA TORRE E1 02 CENTRO DE SALUD VICTOR RAUL PIURA PIURA PIURA","disa":"PIURA","red":"NO PERTENECE A NINGUNA RED","microrred":"NO PERTENECE A NINGUNA MICRORED","categoria":"ESTABLECIMIENTO DE SALUD SIN INTERNAMIENTO","condicion":"ACTIVO","actualizado":"2023/08/01 19:00:00.000","fuente":"MINSA","urlRenipr":"http://app20.susalud.gob.pe:8080/registro-renipress-webapp/ipress.htm?action=mostrarVer&idipress=00028409"}},{"type":"Feature","geometry":{"type":"Point","coordinates":[-79.80991666999995,-5.112596669999959]},"properties":{"objectid":10140,"nombre":"i-2 SILAHUA","departamento":"PIURA","provincia":"MORROPON","distrito":"CHALACO","institucion":"GOBIERNO REGIONAL","codigoMinsa":2186,"direccion":"CALLE CENTRO POBLADO SILAHUA CALLE GRAU MZ. C LT. Nº 49 CENTRO POBLADO SILAHUA CALLE GRAU MZ. C LT. Nº 49 CHALACO MORROPON PIURA","disa":"PIURA","red":"MORROPON CHULUCANAS","microrred":"CHALACO","categoria":"ESTABLECIMIENTO DE SALUD SIN INTERNAMIENTO","condicion":"ACTIVO","actualizado":"2023/08/01 19:00:00.000","fuente":"MINSA","urlRenipr":"http://app20.susalud.gob.pe:8080/registro-renipress-webapp/ipress.htm?action=mostrarVer&idipress=00002186"}},{"type":"Feature","geometry":{"type":"Point","coordinates":[-79.66840616999997,-4.994391479999933]},"properties":{"objectid":10141,"nombre":"ESTABLECIMIENTO DE SALUD PACAIPAMPA.","departamento":"PIURA","provincia":"AYABACA","distrito":"PACAIPAMPA","institucion":"GOBIERNO REGIONAL","codigoMinsa":2207,"direccion":"CALLE CALLE PROGRESO S/N S/N CALLE PROGRESO S/N PACAIPAMPA AYABACA PIURA","disa":"PIURA","red":"MORROPON CHULUCANAS","microrred":"CHALACO","categoria":"ESTABLECIMIENTO DE SALUD CON INTERNAMIENTO","condicion":"ACTIVO","actualizado":"2023/08/01 19:00:00.000","fuente":"MINSA","urlRenipr":"http://app20.susalud.gob.pe:8080/registro-renipress-webapp/ipress.htm?action=mostrarVer&idipress=00002207"}},{"type":"Feature","geometry":{"type":"Point","coordinates":[-79.96170499999994,-4.999476669999979]},"properties":{"objectid":10142,"nombre":"E.S. SAN JORGE","departamento":"PIURA","provincia":"AYABACA","distrito":"FRIAS","institucion":"GOBIERNO REGIONAL","codigoMinsa":2172,"direccion":"CALLE CALLE SANTA ROSA S/N S/N CALLE SANTA ROSA S/N FRIAS AYABACA PIURA","disa":"PIURA","red":"MORROPON CHULUCANAS","microrred":"CHULUCANAS","categoria":"ESTABLECIMIENTO DE SALUD SIN INTERNAMIENTO","condicion":"ACTIVO","actualizado":"2023/08/01 19:00:00.000","fuente":"MINSA","urlRenipr":"http://app20.susalud.gob.pe:8080/registro-renipress-webapp/ipress.htm?action=mostrarVer&idipress=00002172"}},{"type":"Feature","geometry":{"type":"Point","coordinates":[-79.83202999999997,-5.1116683299999295]},"properties":{"objectid":10143,"nombre":"E.S. CULEBREROS","departamento":"PIURA","provincia":"MORROPON","distrito":"SANTA CATALINA DE MOSSA","institucion":"GOBIERNO REGIONAL","codigoMinsa":2199,"direccion":"JIRÓN JR. LA UNION JR. LA UNION SANTA CATALINA DE MOSSA MORROPON PIURA","disa":"PIURA","red":"MORROPON CHULUCANAS","microrred":"MORROPON","categoria":"ESTABLECIMIENTO DE SALUD SIN INTERNAMIENTO","condicion":"ACTIVO","actualizado":"2023/08/01 19:00:00.000","fuente":"MINSA","urlRenipr":"http://app20.susalud.gob.pe:8080/registro-renipress-webapp/ipress.htm?action=mostrarVer&idipress=00002199"}},{"type":"Feature","geometry":{"type":"Point","coordinates":[-79.99136026999997,-5.475035089999949]},"properties":{"objectid":10144,"nombre":"P.S TIERRAS DURAS DEL VIRREY","departamento":"PIURA","provincia":"MORROPON","distrito":"LA MATANZA","institucion":"GOBIERNO REGIONAL","codigoMinsa":15993,"direccion":"OTROS CASERIO TIERRAS DURAS DEL VIRREY CASERIO TIERRAS DURAS DEL VIRREY LA MATANZA MORROPON PIURA","disa":"PIURA","red":"MORROPON CHULUCANAS","microrred":"CHULUCANAS","categoria":"ESTABLECIMIENTO DE SALUD SIN INTERNAMIENTO","condicion":"ACTIVO","actualizado":"2023/08/01 19:00:00.000","fuente":"MINSA","urlRenipr":"http://app20.susalud.gob.pe:8080/registro-renipress-webapp/ipress.htm?action=mostrarVer&idipress=00015993"}},{"type":"Feature","geometry":{"type":"Point","coordinates":[-79.69729122999996,-5.1668783599999415]},"properties":{"objectid":10147,"nombre":"SAN LORENZO","departamento":"PIURA","provincia":"HUANCABAMBA","distrito":"LALAQUIZ","institucion":"GOBIERNO REGIONAL","codigoMinsa":2235,"direccion":"OTROS CENTRO POBLADO SAN LORENZO S/N NÚMERO S/N DISTRITO LALAQUIZ PROVINCIA HUANCABAMBA DEPARTAMENTO PIURA","disa":"PIURA","red":"MORROPON CHULUCANAS","microrred":"SALITRAL","categoria":"ESTABLECIMIENTO DE SALUD SIN INTERNAMIENTO","condicion":"ACTIVO","actualizado":"2023/08/01 19:00:00.000","fuente":"MINSA","urlRenipr":"http://app20.susalud.gob.pe:8080/registro-renipress-webapp/ipress.htm?action=mostrarVer&idipress=00002235"}},{"type":"Feature","geometry":{"type":"Point","coordinates":[-79.83256593999994,-5.341859949999957]},"properties":{"objectid":10148,"nombre":"C.S SALITRAL","departamento":"PIURA","provincia":"MORROPON","distrito":"SALITRAL","institucion":"GOBIERNO REGIONAL","codigoMinsa":2222,"direccion":"OTROS LA LIBERTAD N 200 LA LIBERTAD N 200 SALITRAL MORROPON PIURA","disa":"PIURA","red":"MORROPON CHULUCANAS","microrred":"SALITRAL","categoria":"ESTABLECIMIENTO DE SALUD CON INTERNAMIENTO","condicion":"ACTIVO","actualizado":"2023/08/01 19:00:00.000","fuente":"MINSA","urlRenipr":"http://app20.susalud.gob.pe:8080/registro-renipress-webapp/ipress.htm?action=mostrarVer&idipress=00002222"}},{"type":"Feature","geometry":{"type":"Point","coordinates":[-79.85741999999993,-5.086119999999937]},"properties":{"objectid":10149,"nombre":"E.S. MOSSA","departamento":"PIURA","provincia":"MORROPON","distrito":"SANTA CATALINA DE MOSSA","institucion":"GOBIERNO REGIONAL","codigoMinsa":2201,"direccion":"OTROS CENTRO POBLADO MOSSA S/N S/N CENTRO POBLADO MOSSA S/N SANTA CATALINA DE MOSSA MORROPON PIURA","disa":"PIURA","red":"MORROPON CHULUCANAS","microrred":"MORROPON","categoria":"ESTABLECIMIENTO DE SALUD SIN INTERNAMIENTO","condicion":"ACTIVO","actualizado":"2023/08/01 19:00:00.000","fuente":"MINSA","urlRenipr":"http://app20.susalud.gob.pe:8080/registro-renipress-webapp/ipress.htm?action=mostrarVer&idipress=00002201"}},{"type":"Feature","geometry":{"type":"Point","coordinates":[-80.18484499999994,-5.1683799999999565]},"properties":{"objectid":10151,"nombre":"E.S. KM 50","departamento":"PIURA","provincia":"MORROPON","distrito":"CHULUCANAS","institucion":"GOBIERNO REGIONAL","codigoMinsa":2164,"direccion":"OTROS MZ- A LOTE 106 MZ- A LOTE 106 CHULUCANAS MORROPON PIURA","disa":"PIURA","red":"MORROPON CHULUCANAS","microrred":"CHULUCANAS","categoria":"ESTABLECIMIENTO DE SALUD SIN INTERNAMIENTO","condicion":"ACTIVO","actualizado":"2023/08/01 19:00:00.000","fuente":"MINSA","urlRenipr":"http://app20.susalud.gob.pe:8080/registro-renipress-webapp/ipress.htm?action=mostrarVer&idipress=00002164"}},{"type":"Feature","geometry":{"type":"Point","coordinates":[-80.80669478999994,-5.4412267699999575]},"properties":{"objectid":10152,"nombre":"E.S. LETIRA","departamento":"PIURA","provincia":"SECHURA","distrito":"VICE","institucion":"GOBIERNO REGIONAL","codigoMinsa":2153,"direccion":"CALLE CALLE MIGUEL F CERRO BARRIO CENTRO S/N LETIRA S/N CALLE MIGUEL F CERRO BARRIO CENTRO S/N LETIRA VICE SECHURA PIURA","disa":"PIURA","red":"BAJO PIURA","microrred":"SECHURA","categoria":"ESTABLECIMIENTO DE SALUD SIN INTERNAMIENTO","condicion":"ACTIVO","actualizado":"2023/08/01 19:00:00.000","fuente":"MINSA","urlRenipr":"http://app20.susalud.gob.pe:8080/registro-renipress-webapp/ipress.htm?action=mostrarVer&idipress=00002153"}},{"type":"Feature","geometry":{"type":"Point","coordinates":[-80.67939560999997,-5.409426529999962]},"properties":{"objectid":10153,"nombre":"E.S. EL TALLAN","departamento":"PIURA","provincia":"PIURA","distrito":"EL TALLAN","institucion":"GOBIERNO REGIONAL","codigoMinsa":2141,"direccion":"AVENIDA AV. PRINCIPAL S/N EL TALLAN S/N AV. PRINCIPAL S/N EL TALLAN EL TALLAN PIURA PIURA","disa":"PIURA","red":"BAJO PIURA","microrred":"CATACAOS","categoria":"ESTABLECIMIENTO DE SALUD SIN INTERNAMIENTO","condicion":"ACTIVO","actualizado":"2023/08/01 19:00:00.000","fuente":"MINSA","urlRenipr":"http://app20.susalud.gob.pe:8080/registro-renipress-webapp/ipress.htm?action=mostrarVer&idipress=00002141"}},{"type":"Feature","geometry":{"type":"Point","coordinates":[-80.65833666999998,-5.344211669999936]},"properties":{"objectid":10154,"nombre":"P.S POZO DE LOS RAMOS","departamento":"PIURA","provincia":"PIURA","distrito":"CURA MORI","institucion":"GOBIERNO REGIONAL","codigoMinsa":2139,"direccion":"OTROS CENTRO POBLADO POZO DE LOS RAMOS S/N NÚMERO S/N DISTRITO CURA MORI PROVINCIA PIURA DEPARTAMENTO PIURA","disa":"PIURA","red":"BAJO PIURA","microrred":"CATACAOS","categoria":"ESTABLECIMIENTO DE SALUD SIN INTERNAMIENTO","condicion":"ACTIVO","actualizado":"2023/08/01 19:00:00.000","fuente":"MINSA","urlRenipr":"http://app20.susalud.gob.pe:8080/registro-renipress-webapp/ipress.htm?action=mostrarVer&idipress=00002139"}},{"type":"Feature","geometry":{"type":"Point","coordinates":[-80.70090999999996,-5.3365649999999505]},"properties":{"objectid":10155,"nombre":"P.S ALTO DE LOS MORES","departamento":"PIURA","provincia":"PIURA","distrito":"LA ARENA","institucion":"GOBIERNO REGIONAL","codigoMinsa":2131,"direccion":"AVENIDA AV. PRINCIPAL S/N ALTO DE LOS MORES NÚMERO S/N DISTRITO LA ARENA PROVINCIA PIURA DEPARTAMENTO PIURA","disa":"PIURA","red":"BAJO PIURA","microrred":"CATACAOS","categoria":"ESTABLECIMIENTO DE SALUD SIN INTERNAMIENTO","condicion":"ACTIVO","actualizado":"2023/08/01 19:00:00.000","fuente":"MINSA","urlRenipr":"http://app20.susalud.gob.pe:8080/registro-renipress-webapp/ipress.htm?action=mostrarVer&idipress=00002131"}},{"type":"Feature","geometry":{"type":"Point","coordinates":[-79.53790298999996,-5.889830079999967]},"properties":{"objectid":10157,"nombre":"E.S. LIMON DE PORCUYA","departamento":"PIURA","provincia":"HUANCABAMBA","distrito":"HUARMACA","institucion":"GOBIERNO REGIONAL","codigoMinsa":2272,"direccion":"OTROS CENTRO POBLADO LIMON DE PORCUYA CENTRO POBLADO LIMON DE PORCUYA HUARMACA HUANCABAMBA PIURA","disa":"PIURA","red":"HUARMACA","microrred":"HUARMACA","categoria":"ESTABLECIMIENTO DE SALUD CON INTERNAMIENTO","condicion":"ACTIVO","actualizado":"2023/08/01 19:00:00.000","fuente":"MINSA","urlRenipr":"http://app20.susalud.gob.pe:8080/registro-renipress-webapp/ipress.htm?action=mostrarVer&idipress=00002272"}},{"type":"Feature","geometry":{"type":"Point","coordinates":[-79.42734026999995,-5.189923489999956]},"properties":{"objectid":10158,"nombre":"E.S I-1 CAJAS SHAPAYA","departamento":"PIURA","provincia":"HUANCABAMBA","distrito":"EL CARMEN DE LA FRONTERA","institucion":"GOBIERNO REGIONAL","codigoMinsa":2260,"direccion":"OTROS CAJAS SHAPAYA DISTRITO EL CARMEN DE LA FRONTERA PROVINCIA HUANCABAMBA DEPARTAMENTO PIURA","disa":"PIURA","red":"HUANCABAMBA","microrred":"HUANCABAMBA","categoria":"ESTABLECIMIENTO DE SALUD SIN INTERNAMIENTO","condicion":"ACTIVO","actualizado":"2023/08/01 19:00:00.000","fuente":"MINSA","urlRenipr":"http://app20.susalud.gob.pe:8080/registro-renipress-webapp/ipress.htm?action=mostrarVer&idipress=00002260"}},{"type":"Feature","geometry":{"type":"Point","coordinates":[-79.54531882999999,-5.14346181999997]},"properties":{"objectid":10159,"nombre":"P.S HUANCACARPA BAJO","departamento":"PIURA","provincia":"HUANCABAMBA","distrito":"HUANCABAMBA","institucion":"GOBIERNO REGIONAL","codigoMinsa":2253,"direccion":"OTROS CASERIO HUANCACARPA BAJO S/N S/N CASERIO HUANCACARPA BAJO S/N HUANCABAMBA HUANCABAMBA PIURA","disa":"PIURA","red":"HUANCABAMBA","microrred":"HUANCABAMBA","categoria":"ESTABLECIMIENTO DE SALUD SIN INTERNAMIENTO","condicion":"ACTIVO","actualizado":"2023/08/01 19:00:00.000","fuente":"MINSA","urlRenipr":"http://app20.susalud.gob.pe:8080/registro-renipress-webapp/ipress.htm?action=mostrarVer&idipress=00002253"}},{"type":"Feature","geometry":{"type":"Point","coordinates":[-80.59875489999996,-5.18632649999995]},"properties":{"objectid":10232,"nombre":"CONSULTORIO ESTETICO DRA. SALLY GARCIA","departamento":"PIURA","provincia":"PIURA","distrito":"CASTILLA","institucion":"PRIVADO","codigoMinsa":30769,"direccion":"URBANIZACIÓN MIRAFLORES COUNTRY CLUB IV ETAPA MANZANA BN LOTE 17 DISTRITO CASTILLA PROVINCIA PIURA DEPARTAMENTO PIURA","disa":"PIURA","red":"","microrred":"","categoria":"ESTABLECIMIENTO DE SALUD SIN INTERNAMIENTO","condicion":"ACTIVO","actualizado":"2023/08/01 19:00:00.000","fuente":"MINSA","urlRenipr":"http://app20.susalud.gob.pe:8080/registro-renipress-webapp/ipress.htm?action=mostrarVer&idipress=00030769"}},{"type":"Feature","geometry":{"type":"Point","coordinates":[-80.65488819999996,-5.1782883999999285]},"properties":{"objectid":10305,"nombre":"OPTICA V`FLORES E.I.R.L.","departamento":"PIURA","provincia":"PIURA","distrito":"PIURA","institucion":"PRIVADO","codigoMinsa":27494,"direccion":"AVENIDA LORETO NÚMERO 532 DISTRITO PIURA PROVINCIA PIURA DEPARTAMENTO PIURA","disa":"PIURA","red":"NO PERTENECE A NINGUNA RED","microrred":"NO PERTENECE A NINGUNA MICRORED","categoria":"SERVICIO MÉDICO DE APOYO","condicion":"ACTIVO","actualizado":"2023/08/01 19:00:00.000","fuente":"MINSA","urlRenipr":"http://app20.susalud.gob.pe:8080/registro-renipress-webapp/ipress.htm?action=mostrarVer&idipress=00027494"}},{"type":"Feature","geometry":{"type":"Point","coordinates":[-80.68527979999999,-4.9038900999999555]},"properties":{"objectid":10350,"nombre":"CENTRO DE ESPECIALIDADES ODONTOLOGICAS DIVINA SONRISA - SULLANA","departamento":"PIURA","provincia":"SULLANA","distrito":"SULLANA","institucion":"PRIVADO","codigoMinsa":30646,"direccion":"CALLE Grau 883 DISTRITO SULLANA PROVINCIA SULLANA DEPARTAMENTO PIURA","disa":"PIURA","red":"","microrred":"","categoria":"ESTABLECIMIENTO DE SALUD SIN INTERNAMIENTO","condicion":"ACTIVO","actualizado":"2023/08/01 19:00:00.000","fuente":"MINSA","urlRenipr":"http://app20.susalud.gob.pe:8080/registro-renipress-webapp/ipress.htm?action=mostrarVer&idipress=00030646"}},{"type":"Feature","geometry":{"type":"Point","coordinates":[-80.63435296999995,-5.201261339999974]},"properties":{"objectid":10353,"nombre":"MEDICAL WORD PIURA S.A.C.","departamento":"PIURA","provincia":"PIURA","distrito":"PIURA","institucion":"PRIVADO","codigoMinsa":28638,"direccion":"AVENIDA DON BOSCO NÚMERO S/N MANZANA B LOTE 07 URBANIZACIÓN POPULAR LOS TITANES II ETAPA DISTRITO PIURA PROVINCIA PIURA DEPARTAMENTO PIURA","disa":"","red":"","microrred":"","categoria":"ESTABLECIMIENTO DE SALUD SIN INTERNAMIENTO","condicion":"RUC INACTIVO EN SUNAT","actualizado":"2023/08/01 19:00:00.000","fuente":"MINSA","urlRenipr":"http://app20.susalud.gob.pe:8080/registro-renipress-webapp/ipress.htm?action=mostrarVer&idipress=00028638"}},{"type":"Feature","geometry":{"type":"Point","coordinates":[-80.61968489999998,-5.201508899999965]},"properties":{"objectid":10443,"nombre":"ODONTOLOGIA ESTETICA INTEGRAL","departamento":"PIURA","provincia":"PIURA","distrito":"CASTILLA","institucion":"PRIVADO","codigoMinsa":30881,"direccion":"AVENIDA PROGRESO NÚMERO 338 PISO 1 DISTRITO CASTILLA PROVINCIA PIURA DEPARTAMENTO PIURA","disa":"PIURA","red":"","microrred":"","categoria":"ESTABLECIMIENTO DE SALUD SIN INTERNAMIENTO","condicion":"ACTIVO","actualizado":"2023/08/01 19:00:00.000","fuente":"MINSA","urlRenipr":"http://app20.susalud.gob.pe:8080/registro-renipress-webapp/ipress.htm?action=mostrarVer&idipress=00030881"}},{"type":"Feature","geometry":{"type":"Point","coordinates":[-80.67430529999996,-5.2688450999999645]},"properties":{"objectid":10492,"nombre":"SYRADERM CENTRO DERMATOLOGICO ESPECIALIZADO","departamento":"PIURA","provincia":"PIURA","distrito":"CATACAOS","institucion":"PRIVADO","codigoMinsa":30923,"direccion":"JIRÓN CHORRILLOS NÚMERO 409 MANZANA 47 LOTE 2 DISTRITO CATACAOS PROVINCIA PIURA DEPARTAMENTO PIURA","disa":"PIURA","red":"","microrred":"","categoria":"ESTABLECIMIENTO DE SALUD SIN INTERNAMIENTO","condicion":"ACTIVO","actualizado":"2023/08/01 19:00:00.000","fuente":"MINSA","urlRenipr":"http://app20.susalud.gob.pe:8080/registro-renipress-webapp/ipress.htm?action=mostrarVer&idipress=00030923"}},{"type":"Feature","geometry":{"type":"Point","coordinates":[-80.68833039999998,-4.890776899999935]},"properties":{"objectid":10506,"nombre":"CENTRO MEDICO VIRGEN DE GUADALUPE","departamento":"PIURA","provincia":"SULLANA","distrito":"SULLANA","institucion":"OTRO","codigoMinsa":25320,"direccion":"CALLE BOLIVAR NÚMERO 216 DISTRITO SULLANA PROVINCIA SULLANA DEPARTAMENTO PIURA","disa":"PIURA","red":"NO PERTENECE A NINGUNA RED","microrred":"NO PERTENECE A NINGUNA MICRORED","categoria":"ESTABLECIMIENTO DE SALUD SIN INTERNAMIENTO","condicion":"ACTIVO","actualizado":"2023/08/01 19:00:00.000","fuente":"MINSA","urlRenipr":"http://app20.susalud.gob.pe:8080/registro-renipress-webapp/ipress.htm?action=mostrarVer&idipress=00025320"}},{"type":"Feature","geometry":{"type":"Point","coordinates":[-80.68924089999996,-4.89244489999993]},"properties":{"objectid":10512,"nombre":"CASA DE LAS SONRISAS CLÍNICA DENTAL","departamento":"PIURA","provincia":"SULLANA","distrito":"SULLANA","institucion":"PRIVADO","codigoMinsa":31007,"direccion":"CALLE SAN MARTÍN NÚMERO 975 PISO 1 DISTRITO SULLANA PROVINCIA SULLANA DEPARTAMENTO PIURA","disa":"PIURA","red":"","microrred":"","categoria":"ESTABLECIMIENTO DE SALUD SIN INTERNAMIENTO","condicion":"ACTIVO","actualizado":"2023/08/01 19:00:00.000","fuente":"MINSA","urlRenipr":"http://app20.susalud.gob.pe:8080/registro-renipress-webapp/ipress.htm?action=mostrarVer&idipress=00031007"}},{"type":"Feature","geometry":{"type":"Point","coordinates":[-79.96474859999995,-5.26662639999995]},"properties":{"objectid":10571,"nombre":"CLINICA DENTAL ARTEAGA - CLINDENTART","departamento":"PIURA","provincia":"PIURA","distrito":"PIURA","institucion":"PRIVADO","codigoMinsa":16003,"direccion":"JIRÓN JR AYACUCHO 1358 BUENOS AIRES DISTRITO PIURA PROVINCIA PIURA DEPARTAMENTO PIURA","disa":"PIURA","red":"NO PERTENECE A NINGUNA RED","microrred":"NO PERTENECE A NINGUNA MICRORED","categoria":"ESTABLECIMIENTO DE SALUD SIN INTERNAMIENTO","condicion":"ACTIVO","actualizado":"2023/08/01 19:00:00.000","fuente":"MINSA","urlRenipr":"http://app20.susalud.gob.pe:8080/registro-renipress-webapp/ipress.htm?action=mostrarVer&idipress=00016003"}},{"type":"Feature","geometry":{"type":"Point","coordinates":[-80.61987988999994,-5.1980166999999255]},"properties":{"objectid":10623,"nombre":"PYS TERAPIA","departamento":"PIURA","provincia":"PIURA","distrito":"CASTILLA","institucion":"PRIVADO","codigoMinsa":28731,"direccion":"AVENIDA RAMON CASTILLA NÚMERO 365 DISTRITO CASTILLA PROVINCIA PIURA DEPARTAMENTO PIURA","disa":"PIURA","red":"NO PERTENECE A NINGUNA RED","microrred":"NO PERTENECE A NINGUNA MICRORED","categoria":"SERVICIO MÉDICO DE APOYO","condicion":"ACTIVO","actualizado":"2023/08/01 19:00:00.000","fuente":"MINSA","urlRenipr":"http://app20.susalud.gob.pe:8080/registro-renipress-webapp/ipress.htm?action=mostrarVer&idipress=00028731"}},{"type":"Feature","geometry":{"type":"Point","coordinates":[-80.69493079999995,-4.89594349999993]},"properties":{"objectid":10678,"nombre":"CENTRO MEDICO SAN SEBASTIAN","departamento":"PIURA","provincia":"SULLANA","distrito":"SULLANA","institucion":"PRIVADO","codigoMinsa":24333,"direccion":"AVENIDA SANTA ROSA NÚMERO 237 DISTRITO SULLANA PROVINCIA SULLANA DEPARTAMENTO PIURA","disa":"PIURA","red":"NO PERTENECE A NINGUNA RED","microrred":"NO PERTENECE A NINGUNA MICRORED","categoria":"ESTABLECIMIENTO DE SALUD SIN INTERNAMIENTO","condicion":"ACTIVO","actualizado":"2023/08/01 19:00:00.000","fuente":"MINSA","urlRenipr":"http://app20.susalud.gob.pe:8080/registro-renipress-webapp/ipress.htm?action=mostrarVer&idipress=00024333"}},{"type":"Feature","geometry":{"type":"Point","coordinates":[-80.68643229999998,-4.8899999999999295]},"properties":{"objectid":10755,"nombre":"CENTRO DE ANALISIS CLINICOS \"SANTA MARIA\"","departamento":"PIURA","provincia":"SULLANA","distrito":"SULLANA","institucion":"PRIVADO","codigoMinsa":12550,"direccion":"OTROS TRANSVERSAL DIEGO FERRER Nº135 OFICINA Nº201 DISTRITO SULLANA PROVINCIA SULLANA DEPARTAMENTO PIURA","disa":"PIURA","red":"NO PERTENECE A NINGUNA RED","microrred":"NO PERTENECE A NINGUNA MICRORED","categoria":"SERVICIO MÉDICO DE APOYO","condicion":"ACTIVO","actualizado":"2023/08/01 19:00:00.000","fuente":"MINSA","urlRenipr":"http://app20.susalud.gob.pe:8080/registro-renipress-webapp/ipress.htm?action=mostrarVer&idipress=00012550"}},{"type":"Feature","geometry":{"type":"Point","coordinates":[-80.65488819999996,-5.1782883999999285]},"properties":{"objectid":10770,"nombre":"OPTICA MEDIVISION PIURA S.A.C.","departamento":"PIURA","provincia":"PIURA","distrito":"PIURA","institucion":"PRIVADO","codigoMinsa":26266,"direccion":"JIRÓN JUNIN N?ERO 455 DISTRITO PIURA PROVINCIA PIURA DEPARTAMENTO PIURA","disa":"PIURA","red":"NO PERTENECE A NINGUNA RED","microrred":"NO PERTENECE A NINGUNA MICRORED","categoria":"SERVICIO MÉDICO DE APOYO","condicion":"ACTIVO","actualizado":"2023/08/01 19:00:00.000","fuente":"MINSA","urlRenipr":"http://app20.susalud.gob.pe:8080/registro-renipress-webapp/ipress.htm?action=mostrarVer&idipress=00026266"}},{"type":"Feature","geometry":{"type":"Point","coordinates":[-80.65488819999996,-5.1782883999999285]},"properties":{"objectid":10827,"nombre":"SERVICIOS MEDICOS CONTROL SALUD E.I.R.L.","departamento":"PIURA","provincia":"PIURA","distrito":"PIURA","institucion":"PRIVADO","codigoMinsa":25099,"direccion":"AVENIDA LUIS ANTONIO EGUIGUREN EX MALAGA NÚMERO 848 DISTRITO PIURA PROVINCIA PIURA DEPARTAMENTO PIURA","disa":"PIURA","red":"NO PERTENECE A NINGUNA RED","microrred":"NO PERTENECE A NINGUNA MICRORED","categoria":"ESTABLECIMIENTO DE SALUD SIN INTERNAMIENTO","condicion":"ACTIVO","actualizado":"2023/08/01 19:00:00.000","fuente":"MINSA","urlRenipr":"http://app20.susalud.gob.pe:8080/registro-renipress-webapp/ipress.htm?action=mostrarVer&idipress=00025099"}},{"type":"Feature","geometry":{"type":"Point","coordinates":[-81.27228389999993,-4.57763929999993]},"properties":{"objectid":10921,"nombre":"SERVIMEDIN DR CHONG","departamento":"PIURA","provincia":"TALARA","distrito":"PARIÑAS","institucion":"PRIVADO","codigoMinsa":29345,"direccion":"URBANIZACIÓN ALEJANDRO TAHUADA MANZANA E LOTE 4 DISTRITO PARIÑAS PROVINCIA TALARA DEPARTAMENTO PIURA","disa":"PIURA","red":"","microrred":"","categoria":"ESTABLECIMIENTO DE SALUD SIN INTERNAMIENTO","condicion":"ACTIVO","actualizado":"2023/08/01 19:00:00.000","fuente":"MINSA","urlRenipr":"http://app20.susalud.gob.pe:8080/registro-renipress-webapp/ipress.htm?action=mostrarVer&idipress=00029345"}},{"type":"Feature","geometry":{"type":"Point","coordinates":[-80.65488819999996,-5.1782883999999285]},"properties":{"objectid":10969,"nombre":"AQUA DENTAL","departamento":"PIURA","provincia":"PIURA","distrito":"PIURA","institucion":"PRIVADO","codigoMinsa":19243,"direccion":"AVENIDA AVENIDA LOS COCOS 294 URBANIZACIÓN CLUB GRAU DISTRITO PIURA PROVINCIA PIURA DEPARTAMENTO PIURA","disa":"PIURA","red":"NO PERTENECE A NINGUNA RED","microrred":"NO PERTENECE A NINGUNA MICRORED","categoria":"ESTABLECIMIENTO DE SALUD SIN INTERNAMIENTO","condicion":"ACTIVO","actualizado":"2023/08/01 19:00:00.000","fuente":"MINSA","urlRenipr":"http://app20.susalud.gob.pe:8080/registro-renipress-webapp/ipress.htm?action=mostrarVer&idipress=00019243"}},{"type":"Feature","geometry":{"type":"Point","coordinates":[-80.65488819999996,-5.1782883999999285]},"properties":{"objectid":11064,"nombre":"CONSULTORIOS DENTALES \"SONRISA DIVINA\"","departamento":"PIURA","provincia":"PIURA","distrito":"PIURA","institucion":"PRIVADO","codigoMinsa":26733,"direccion":"AVENIDA LORETO N?ERO 566 DISTRITO PIURA PROVINCIA PIURA DEPARTAMENTO PIURA","disa":"PIURA","red":"NO PERTENECE A NINGUNA RED","microrred":"NO PERTENECE A NINGUNA MICRORED","categoria":"ESTABLECIMIENTO DE SALUD SIN INTERNAMIENTO","condicion":"ACTIVO","actualizado":"2023/08/01 19:00:00.000","fuente":"MINSA","urlRenipr":"http://app20.susalud.gob.pe:8080/registro-renipress-webapp/ipress.htm?action=mostrarVer&idipress=00026733"}},{"type":"Feature","geometry":{"type":"Point","coordinates":[-81.09544499999998,-5.093604999999968]},"properties":{"objectid":11102,"nombre":"CMO VARGAS","departamento":"PIURA","provincia":"PAITA","distrito":"PAITA","institucion":"PRIVADO","codigoMinsa":30216,"direccion":"CALLE CLEMENTE PALMA MANZANA N LOTE 38 URBANIZACIÓN ISABEL BARRETO II ETAPA DISTRITO PAITA PROVINCIA PAITA DEPARTAMENTO PIURA","disa":"PIURA","red":"","microrred":"","categoria":"ESTABLECIMIENTO DE SALUD SIN INTERNAMIENTO","condicion":"ACTIVO","actualizado":"2023/08/01 19:00:00.000","fuente":"MINSA","urlRenipr":"http://app20.susalud.gob.pe:8080/registro-renipress-webapp/ipress.htm?action=mostrarVer&idipress=00030216"}},{"type":"Feature","geometry":{"type":"Point","coordinates":[-80.65488819999996,-5.1782883999999285]},"properties":{"objectid":11126,"nombre":"CERDENT S.A.C.","departamento":"PIURA","provincia":"PIURA","distrito":"PIURA","institucion":"PRIVADO","codigoMinsa":15317,"direccion":"AVENIDA AV. VICE M-14 URB. SANTA ANA PIURA DISTRITO PIURA PROVINCIA PIURA DEPARTAMENTO PIURA","disa":"PIURA","red":"NO PERTENECE A NINGUNA RED","microrred":"NO PERTENECE A NINGUNA MICRORED","categoria":"ESTABLECIMIENTO DE SALUD SIN INTERNAMIENTO","condicion":"ACTIVO","actualizado":"2023/08/01 19:00:00.000","fuente":"MINSA","urlRenipr":"http://app20.susalud.gob.pe:8080/registro-renipress-webapp/ipress.htm?action=mostrarVer&idipress=00015317"}},{"type":"Feature","geometry":{"type":"Point","coordinates":[-81.27379362999994,-4.583169969999972]},"properties":{"objectid":11450,"nombre":"CLINICA VIGO 2000 S. CIVIL DE R.L.","departamento":"PIURA","provincia":"TALARA","distrito":"PARIÑAS","institucion":"PRIVADO","codigoMinsa":11395,"direccion":"AVENIDA H - 7","disa":"PIURA","red":"NO PERTENECE A NINGUNA RED","microrred":"NO PERTENECE A NINGUNA MICRORED","categoria":"ESTABLECIMIENTO DE SALUD CON INTERNAMIENTO","condicion":"ACTIVO","actualizado":"2023/08/01 19:00:00.000","fuente":"MINSA","urlRenipr":"http://app20.susalud.gob.pe:8080/registro-renipress-webapp/ipress.htm?action=mostrarVer&idipress=00011395"}},{"type":"Feature","geometry":{"type":"Point","coordinates":[-80.62191129999997,-5.184213499999942]},"properties":{"objectid":11638,"nombre":"CENTRO MEDICO OCUPACIONAL & ASISTENCIAL PIURA S.A.C.","departamento":"PIURA","provincia":"PIURA","distrito":"CASTILLA","institucion":"PRIVADO","codigoMinsa":30667,"direccion":"CALLE LOS ZAFIROS MANZANA LL LOTE 13 URBANIZACIÓN MIRAFLORES II ETAPA DISTRITO CASTILLA PROVINCIA PIURA DEPARTAMENTO PIURA","disa":"PIURA","red":"","microrred":"","categoria":"ESTABLECIMIENTO DE SALUD SIN INTERNAMIENTO","condicion":"ACTIVO","actualizado":"2023/08/01 19:00:00.000","fuente":"MINSA","urlRenipr":"http://app20.susalud.gob.pe:8080/registro-renipress-webapp/ipress.htm?action=mostrarVer&idipress=00030667"}},{"type":"Feature","geometry":{"type":"Point","coordinates":[-80.63182204999998,-5.19484620999998]},"properties":{"objectid":11704,"nombre":"JOSE ENRIQUE CRUZ VILCHEZ","departamento":"PIURA","provincia":"PIURA","distrito":"PIURA","institucion":"PRIVADO","codigoMinsa":26452,"direccion":"AVENIDA LOS COCOS NÚMERO 111 PISO 3 DEPARTAMENTO 316 URBANIZACIÓN CLUB GRAU DISTRITO PIURA PROVINCIA PIURA DEPARTAMENTO PIURA","disa":"PIURA","red":"NO PERTENECE A NINGUNA RED","microrred":"NO PERTENECE A NINGUNA MICRORED","categoria":"ESTABLECIMIENTO DE SALUD SIN INTERNAMIENTO","condicion":"ACTIVO","actualizado":"2023/08/01 19:00:00.000","fuente":"MINSA","urlRenipr":"http://app20.susalud.gob.pe:8080/registro-renipress-webapp/ipress.htm?action=mostrarVer&idipress=00026452"}},{"type":"Feature","geometry":{"type":"Point","coordinates":[-80.64032229999998,-5.190313999999944]},"properties":{"objectid":12002,"nombre":"PSA MARINE PERU OFFSHORE S.A","departamento":"PIURA","provincia":"TALARA","distrito":"PARIÑAS","institucion":"PRIVADO","codigoMinsa":30703,"direccion":"OTROS ZONA INDUSTRIAL NORTE A NÚMERO 1 DISTRITO PARIÑAS PROVINCIA TALARA DEPARTAMENTO PIURA","disa":"PIURA","red":"","microrred":"","categoria":"SERVICIO MÉDICO DE APOYO","condicion":"ACTIVO","actualizado":"2023/08/01 19:00:00.000","fuente":"MINSA","urlRenipr":"http://app20.susalud.gob.pe:8080/registro-renipress-webapp/ipress.htm?action=mostrarVer&idipress=00030703"}},{"type":"Feature","geometry":{"type":"Point","coordinates":[-81.25899210999995,-4.5930973899999685]},"properties":{"objectid":12073,"nombre":"CONSULTORIO MEDICO OBSTETRICO MADRE FELIZ","departamento":"PIURA","provincia":"TALARA","distrito":"PARIÑAS","institucion":"PRIVADO","codigoMinsa":29608,"direccion":"OTROS AA.HH LUIS ROMERO NÚMERO 32 PISO 1 MANZANA B DISTRITO PARIÑAS PROVINCIA TALARA DEPARTAMENTO PIURA","disa":"PIURA","red":"","microrred":"","categoria":"ESTABLECIMIENTO DE SALUD SIN INTERNAMIENTO","condicion":"ACTIVO","actualizado":"2023/08/01 19:00:00.000","fuente":"MINSA","urlRenipr":"http://app20.susalud.gob.pe:8080/registro-renipress-webapp/ipress.htm?action=mostrarVer&idipress=00029608"}},{"type":"Feature","geometry":{"type":"Point","coordinates":[-80.65488819999996,-5.1782883999999285]},"properties":{"objectid":12116,"nombre":"CLINICA VIRGEN MARIA AUXILIADORA S. R. L.","departamento":"PIURA","provincia":"PIURA","distrito":"PIURA","institucion":"PRIVADO","codigoMinsa":13281,"direccion":"CALLE PEDRO DE LEÓN N?ERO 200 URBANIZACI? CLARKE DISTRITO PIURA PROVINCIA PIURA DEPARTAMENTO PIURA","disa":"","red":"","microrred":"","categoria":"ESTABLECIMIENTO DE SALUD CON INTERNAMIENTO","condicion":"RUC INACTIVO EN SUNAT","actualizado":"2023/08/01 19:00:00.000","fuente":"MINSA","urlRenipr":"http://app20.susalud.gob.pe:8080/registro-renipress-webapp/ipress.htm?action=mostrarVer&idipress=00013281"}},{"type":"Feature","geometry":{"type":"Point","coordinates":[-80.69515920999999,-4.90083919999995]},"properties":{"objectid":12173,"nombre":"SALUD OCUPACIONAL INMACULADA","departamento":"PIURA","provincia":"SULLANA","distrito":"SULLANA","institucion":"PRIVADO","codigoMinsa":26396,"direccion":"AVENIDA JOSE DE LAMA N?ERO 1011 PISO 2 DISTRITO SULLANA PROVINCIA SULLANA DEPARTAMENTO PIURA","disa":"PIURA","red":"NO PERTENECE A NINGUNA RED","microrred":"NO PERTENECE A NINGUNA MICRORED","categoria":"ESTABLECIMIENTO DE SALUD SIN INTERNAMIENTO","condicion":"ACTIVO","actualizado":"2023/08/01 19:00:00.000","fuente":"MINSA","urlRenipr":"http://app20.susalud.gob.pe:8080/registro-renipress-webapp/ipress.htm?action=mostrarVer&idipress=00026396"}},{"type":"Feature","geometry":{"type":"Point","coordinates":[-80.25032641999996,-4.931378319999965]},"properties":{"objectid":12179,"nombre":"PALOMINOS","departamento":"PIURA","provincia":"PIURA","distrito":"TAMBO GRANDE","institucion":"GOBIERNO REGIONAL","codigoMinsa":1990,"direccion":"OTROS CASERIO PALOMINOS CASERIO PALOMINOS TAMBO GRANDE PIURA PIURA","disa":"PIURA","red":"AYABACA","microrred":"TAMBOGRANDE","categoria":"ESTABLECIMIENTO DE SALUD SIN INTERNAMIENTO","condicion":"ACTIVO","actualizado":"2023/08/01 19:00:00.000","fuente":"MINSA","urlRenipr":"http://app20.susalud.gob.pe:8080/registro-renipress-webapp/ipress.htm?action=mostrarVer&idipress=00001990"}},{"type":"Feature","geometry":{"type":"Point","coordinates":[-81.09621719999996,-5.0938487999999325]},"properties":{"objectid":12180,"nombre":"CENTRO DE SALUD MENTAL COMUNITARIO \"SAN ALFONSO\"","departamento":"PIURA","provincia":"PAITA","distrito":"PAITA","institucion":"GOBIERNO REGIONAL","codigoMinsa":25892,"direccion":"CAMINO AFIRMADO ASENTAMIENTO HUMANO ALAN GARCIA MZ. 29 29 1 Ex Hospital Las Mercedes de Paita PAITA PAITA PIURA","disa":"PIURA","red":"SULLANA","microrred":"PAITA","categoria":"ESTABLECIMIENTO DE SALUD SIN INTERNAMIENTO","condicion":"ACTIVO","actualizado":"2023/08/01 19:00:00.000","fuente":"MINSA","urlRenipr":"http://app20.susalud.gob.pe:8080/registro-renipress-webapp/ipress.htm?action=mostrarVer&idipress=00025892"}},{"type":"Feature","geometry":{"type":"Point","coordinates":[-80.62109797999994,-4.796315509999943]},"properties":{"objectid":12182,"nombre":"SANTA CRUZ","departamento":"PIURA","provincia":"SULLANA","distrito":"QUERECOTILLO","institucion":"GOBIERNO REGIONAL","codigoMinsa":2057,"direccion":"OTROS CASERIO STA. CRUZ DISTRITO QUERECOTILLO PROVINCIA SULLANA DEPARTAMENTO PIURA","disa":"PIURA","red":"SULLANA","microrred":"QUERECOTILLO","categoria":"ESTABLECIMIENTO DE SALUD SIN INTERNAMIENTO","condicion":"ACTIVO","actualizado":"2023/08/01 19:00:00.000","fuente":"MINSA","urlRenipr":"http://app20.susalud.gob.pe:8080/registro-renipress-webapp/ipress.htm?action=mostrarVer&idipress=00002057"}},{"type":"Feature","geometry":{"type":"Point","coordinates":[-80.34211096999996,-4.842642889999979]},"properties":{"objectid":12183,"nombre":"CP3-SAN MARTIN","departamento":"PIURA","provincia":"PIURA","distrito":"TAMBO GRANDE","institucion":"GOBIERNO REGIONAL","codigoMinsa":1996,"direccion":"OTROS CENTRO POBLADO CP-3 DISTRITO TAMBO GRANDE PROVINCIA PIURA DEPARTAMENTO PIURA","disa":"PIURA","red":"AYABACA","microrred":"TAMBOGRANDE","categoria":"ESTABLECIMIENTO DE SALUD SIN INTERNAMIENTO","condicion":"ACTIVO","actualizado":"2023/08/01 19:00:00.000","fuente":"MINSA","urlRenipr":"http://app20.susalud.gob.pe:8080/registro-renipress-webapp/ipress.htm?action=mostrarVer&idipress=00001996"}},{"type":"Feature","geometry":{"type":"Point","coordinates":[-79.91455658999996,-4.735743889999981]},"properties":{"objectid":12184,"nombre":"PILLO","departamento":"PIURA","provincia":"AYABACA","distrito":"LAGUNAS","institucion":"GOBIERNO REGIONAL","codigoMinsa":1969,"direccion":"OTROS CASERIO PILLO S/N NÚMERO S/N DISTRITO LAGUNAS PROVINCIA AYABACA DEPARTAMENTO PIURA","disa":"PIURA","red":"AYABACA","microrred":"PAIMAS","categoria":"ESTABLECIMIENTO DE SALUD SIN INTERNAMIENTO","condicion":"ACTIVO","actualizado":"2023/08/01 19:00:00.000","fuente":"MINSA","urlRenipr":"http://app20.susalud.gob.pe:8080/registro-renipress-webapp/ipress.htm?action=mostrarVer&idipress=00001969"}},{"type":"Feature","geometry":{"type":"Point","coordinates":[-79.51980766999998,-4.846696579999957]},"properties":{"objectid":12185,"nombre":"ANIA","departamento":"PIURA","provincia":"AYABACA","distrito":"AYABACA","institucion":"GOBIERNO REGIONAL","codigoMinsa":19836,"direccion":"OTROS CASERIO ANIA - AYABACA DISTRITO AYABACA PROVINCIA AYABACA DEPARTAMENTO PIURA","disa":"PIURA","red":"AYABACA","microrred":"AYABACA","categoria":"ESTABLECIMIENTO DE SALUD SIN INTERNAMIENTO","condicion":"ACTIVO","actualizado":"2023/08/01 19:00:00.000","fuente":"MINSA","urlRenipr":"http://app20.susalud.gob.pe:8080/registro-renipress-webapp/ipress.htm?action=mostrarVer&idipress=00019836"}},{"type":"Feature","geometry":{"type":"Point","coordinates":[-80.69454588999997,-4.908046049999939]},"properties":{"objectid":12188,"nombre":"COMUNIDAD SALUDABLE","departamento":"PIURA","provincia":"SULLANA","distrito":"SULLANA","institucion":"GOBIERNO REGIONAL","codigoMinsa":2018,"direccion":"CALLE CALLE MARÍA AUXILIADORA N° 1101 SANCHEZ CERRO CALLE MARÍA AUXILIADORA N° 1101 SANCHEZ CERRO SULLANA SULLANA PIURA","disa":"PIURA","red":"SULLANA","microrred":"BELLAVISTA","categoria":"ESTABLECIMIENTO DE SALUD SIN INTERNAMIENTO","condicion":"ACTIVO","actualizado":"2023/08/01 19:00:00.000","fuente":"MINSA","urlRenipr":"http://app20.susalud.gob.pe:8080/registro-renipress-webapp/ipress.htm?action=mostrarVer&idipress=00002018"}},{"type":"Feature","geometry":{"type":"Point","coordinates":[-80.33029829999998,-4.7475822799999605]},"properties":{"objectid":12189,"nombre":"CP4","departamento":"PIURA","provincia":"PIURA","distrito":"TAMBO GRANDE","institucion":"GOBIERNO REGIONAL","codigoMinsa":1997,"direccion":"OTROS CASERIO CP4 DISTRITO TAMBO GRANDE PROVINCIA PIURA DEPARTAMENTO PIURA","disa":"PIURA","red":"AYABACA","microrred":"TAMBOGRANDE","categoria":"ESTABLECIMIENTO DE SALUD SIN INTERNAMIENTO","condicion":"ACTIVO","actualizado":"2023/08/01 19:00:00.000","fuente":"MINSA","urlRenipr":"http://app20.susalud.gob.pe:8080/registro-renipress-webapp/ipress.htm?action=mostrarVer&idipress=00001997"}},{"type":"Feature","geometry":{"type":"Point","coordinates":[-80.26768910999994,-4.839466929999958]},"properties":{"objectid":12190,"nombre":"CRUCETA","departamento":"PIURA","provincia":"PIURA","distrito":"TAMBO GRANDE","institucion":"GOBIERNO REGIONAL","codigoMinsa":1979,"direccion":"OTROS CASERIO CRUCETA TAMBOGRANDE CASERIO CRUCETA TAMBOGRANDE TAMBO GRANDE PIURA PIURA","disa":"PIURA","red":"AYABACA","microrred":"TAMBOGRANDE","categoria":"ESTABLECIMIENTO DE SALUD SIN INTERNAMIENTO","condicion":"ACTIVO","actualizado":"2023/08/01 19:00:00.000","fuente":"MINSA","urlRenipr":"http://app20.susalud.gob.pe:8080/registro-renipress-webapp/ipress.htm?action=mostrarVer&idipress=00001979"}},{"type":"Feature","geometry":{"type":"Point","coordinates":[-81.21990649999998,-4.262316839999926]},"properties":{"objectid":12191,"nombre":"EL ALTO","departamento":"PIURA","provincia":"TALARA","distrito":"EL ALTO","institucion":"GOBIERNO REGIONAL","codigoMinsa":2082,"direccion":"OTROS BARRIO PLOMO S/N. EL ALTO S/N BARRIO PLOMO S/N. EL ALTO EL ALTO TALARA PIURA","disa":"PIURA","red":"SULLANA","microrred":"LOS ORGANOS","categoria":"ESTABLECIMIENTO DE SALUD SIN INTERNAMIENTO","condicion":"ACTIVO","actualizado":"2023/08/01 19:00:00.000","fuente":"MINSA","urlRenipr":"http://app20.susalud.gob.pe:8080/registro-renipress-webapp/ipress.htm?action=mostrarVer&idipress=00002082"}},{"type":"Feature","geometry":{"type":"Point","coordinates":[-81.00313585999999,-4.886831019999931]},"properties":{"objectid":12192,"nombre":"EL TAMBO","departamento":"PIURA","provincia":"PAITA","distrito":"AMOTAPE","institucion":"GOBIERNO REGIONAL","codigoMinsa":2048,"direccion":"OTROS CASERIO EL TAMBO DISTRITO AMOTAPE PROVINCIA PAITA DEPARTAMENTO PIURA","disa":"PIURA","red":"SULLANA","microrred":"MARCAVELICA","categoria":"ESTABLECIMIENTO DE SALUD SIN INTERNAMIENTO","condicion":"ACTIVO","actualizado":"2023/08/01 19:00:00.000","fuente":"MINSA","urlRenipr":"http://app20.susalud.gob.pe:8080/registro-renipress-webapp/ipress.htm?action=mostrarVer&idipress=00002048"}},{"type":"Feature","geometry":{"type":"Point","coordinates":[-80.88681198999996,-4.9146248899999705]},"properties":{"objectid":12193,"nombre":"NOMARA","departamento":"PIURA","provincia":"PAITA","distrito":"LA HUACA","institucion":"GOBIERNO REGIONAL","codigoMinsa":2029,"direccion":"OTROS CASERIO NOMARA DISTRITO LA HUACA PROVINCIA PAITA DEPARTAMENTO PIURA","disa":"PIURA","red":"SULLANA","microrred":"PAITA","categoria":"ESTABLECIMIENTO DE SALUD SIN INTERNAMIENTO","condicion":"ACTIVO","actualizado":"2023/08/01 19:00:00.000","fuente":"MINSA","urlRenipr":"http://app20.susalud.gob.pe:8080/registro-renipress-webapp/ipress.htm?action=mostrarVer&idipress=00002029"}},{"type":"Feature","geometry":{"type":"Point","coordinates":[-80.08085124999997,-4.684724909999943]},"properties":{"objectid":12194,"nombre":"EL SAUCE-LAS LOMAS","departamento":"PIURA","provincia":"PIURA","distrito":"LAS LOMAS","institucion":"GOBIERNO REGIONAL","codigoMinsa":1935,"direccion":"OTROS CASERÍO EL SAUCE - LAS LOMAS DISTRITO LAS LOMAS PROVINCIA PIURA DEPARTAMENTO PIURA","disa":"PIURA","red":"AYABACA","microrred":"LAS LOMAS","categoria":"ESTABLECIMIENTO DE SALUD SIN INTERNAMIENTO","condicion":"ACTIVO","actualizado":"2023/08/01 19:00:00.000","fuente":"MINSA","urlRenipr":"http://app20.susalud.gob.pe:8080/registro-renipress-webapp/ipress.htm?action=mostrarVer&idipress=00001935"}},{"type":"Feature","geometry":{"type":"Point","coordinates":[-79.54928817999996,-4.708201329999952]},"properties":{"objectid":12195,"nombre":"LAGUNAS DE CANGLY","departamento":"PIURA","provincia":"AYABACA","distrito":"AYABACA","institucion":"GOBIERNO REGIONAL","codigoMinsa":1929,"direccion":"OTROS CASERIO LAGUNAS DE CANGLY DISTRITO AYABACA PROVINCIA AYABACA DEPARTAMENTO PIURA","disa":"PIURA","red":"AYABACA","microrred":"AYABACA","categoria":"ESTABLECIMIENTO DE SALUD SIN INTERNAMIENTO","condicion":"ACTIVO","actualizado":"2023/08/01 19:00:00.000","fuente":"MINSA","urlRenipr":"http://app20.susalud.gob.pe:8080/registro-renipress-webapp/ipress.htm?action=mostrarVer&idipress=00001929"}},{"type":"Feature","geometry":{"type":"Point","coordinates":[-80.65488819999996,-5.1782883999999285]},"properties":{"objectid":12237,"nombre":"FISIOMED - CENTRO ESPECIALIZADO DE TERAPIA REHABLITACION Y ORTOPEDIA S.A.C.","departamento":"PIURA","provincia":"PIURA","distrito":"PIURA","institucion":"PRIVADO","codigoMinsa":24960,"direccion":"CALLE JUNIN NÚMERO 1087 DISTRITO PIURA PROVINCIA PIURA DEPARTAMENTO PIURA","disa":"PIURA","red":"NO PERTENECE A NINGUNA RED","microrred":"NO PERTENECE A NINGUNA MICRORED","categoria":"SERVICIO MÉDICO DE APOYO","condicion":"ACTIVO","actualizado":"2023/08/01 19:00:00.000","fuente":"MINSA","urlRenipr":"http://app20.susalud.gob.pe:8080/registro-renipress-webapp/ipress.htm?action=mostrarVer&idipress=00024960"}},{"type":"Feature","geometry":{"type":"Point","coordinates":[-80.62175599999995,-5.200344599999937]},"properties":{"objectid":12249,"nombre":"NEUROPIURA","departamento":"PIURA","provincia":"PIURA","distrito":"PIURA","institucion":"PRIVADO","codigoMinsa":31611,"direccion":"CALLE JUNIN NORTE NÚMERO 112 DISTRITO PIURA PROVINCIA PIURA DEPARTAMENTO PIURA","disa":"PIURA","red":"","microrred":"","categoria":"ESTABLECIMIENTO DE SALUD SIN INTERNAMIENTO","condicion":"ACTIVO","actualizado":"2023/08/01 19:00:00.000","fuente":"MINSA","urlRenipr":"http://app20.susalud.gob.pe:8080/registro-renipress-webapp/ipress.htm?action=mostrarVer&idipress=00031611"}},{"type":"Feature","geometry":{"type":"Point","coordinates":[-80.77574579999998,-5.421772199999964]},"properties":{"objectid":12267,"nombre":"CENTRO DE SALUD MENTAL COMUNITARIO DE VICE","departamento":"PIURA","provincia":"SECHURA","distrito":"VICE","institucion":"GOBIERNO REGIONAL","codigoMinsa":31075,"direccion":"OTROS CERCADO DE VICE ZONA ALTA S/N DISTRITO VICE PROVINCIA SECHURA DEPARTAMENTO PIURA","disa":"PIURA","red":"BAJO PIURA","microrred":"SECHURA","categoria":"ESTABLECIMIENTO DE SALUD SIN INTERNAMIENTO","condicion":"ACTIVO","actualizado":"2023/08/01 19:00:00.000","fuente":"MINSA","urlRenipr":"http://app20.susalud.gob.pe:8080/registro-renipress-webapp/ipress.htm?action=mostrarVer&idipress=00031075"}},{"type":"Feature","geometry":{"type":"Point","coordinates":[-80.61967666999999,-5.198206669999934]},"properties":{"objectid":12268,"nombre":"DIRECCION DE LABORATORIO DE SALUD PUBLICA (DLABSP)","departamento":"PIURA","provincia":"PIURA","distrito":"CASTILLA","institucion":"GOBIERNO REGIONAL","codigoMinsa":15332,"direccion":"AV. RAMON CASTILLA Nº 373","disa":"","red":"","microrred":"","categoria":"SERVICIO MÉDICO DE APOYO","condicion":"RETIRO VOLUNTARIO","actualizado":"2023/08/01 19:00:00.000","fuente":"MINSA","urlRenipr":"http://app20.susalud.gob.pe:8080/registro-renipress-webapp/ipress.htm?action=mostrarVer&idipress=00015332"}},{"type":"Feature","geometry":{"type":"Point","coordinates":[-79.42736402999998,-5.337984819999974]},"properties":{"objectid":12269,"nombre":"ESTABLECIMIENTO DE SALUD SONDORILLO","departamento":"PIURA","provincia":"HUANCABAMBA","distrito":"SONDORILLO","institucion":"GOBIERNO REGIONAL","codigoMinsa":2266,"direccion":"OTROS SALIDA A LA LACTE S/N S/N SALIDA A LA LACTE S/N SONDORILLO HUANCABAMBA PIURA","disa":"PIURA","red":"HUANCABAMBA","microrred":"HUANCABAMBA","categoria":"ESTABLECIMIENTO DE SALUD SIN INTERNAMIENTO","condicion":"ACTIVO","actualizado":"2023/08/01 19:00:00.000","fuente":"MINSA","urlRenipr":"http://app20.susalud.gob.pe:8080/registro-renipress-webapp/ipress.htm?action=mostrarVer&idipress=00002266"}},{"type":"Feature","geometry":{"type":"Point","coordinates":[-80.74872007999994,-5.403284629999973]},"properties":{"objectid":12270,"nombre":"E.S. LA UNION","departamento":"PIURA","provincia":"PIURA","distrito":"LA UNION","institucion":"GOBIERNO REGIONAL","codigoMinsa":2132,"direccion":"AVENIDA AV. AUGUSTO B LEGUIA S/N S/N AV. AUGUSTO B LEGUIA S/N LA UNION PIURA PIURA","disa":"PIURA","red":"BAJO PIURA","microrred":"CATACAOS","categoria":"ESTABLECIMIENTO DE SALUD CON INTERNAMIENTO","condicion":"ACTIVO","actualizado":"2023/08/01 19:00:00.000","fuente":"MINSA","urlRenipr":"http://app20.susalud.gob.pe:8080/registro-renipress-webapp/ipress.htm?action=mostrarVer&idipress=00002132"}},{"type":"Feature","geometry":{"type":"Point","coordinates":[-79.77995999999996,-5.07618999999994]},"properties":{"objectid":12271,"nombre":"P.S NARANJO","departamento":"PIURA","provincia":"MORROPON","distrito":"CHALACO","institucion":"GOBIERNO REGIONAL","codigoMinsa":2203,"direccion":"OTROS CENTRO POBLADO NARANJO CENTRO POBLADO NARANJO CHALACO MORROPON PIURA","disa":"PIURA","red":"MORROPON CHULUCANAS","microrred":"CHALACO","categoria":"ESTABLECIMIENTO DE SALUD SIN INTERNAMIENTO","condicion":"ACTIVO","actualizado":"2023/08/01 19:00:00.000","fuente":"MINSA","urlRenipr":"http://app20.susalud.gob.pe:8080/registro-renipress-webapp/ipress.htm?action=mostrarVer&idipress=00002203"}},{"type":"Feature","geometry":{"type":"Point","coordinates":[-80.39285832999997,-5.147101669999927]},"properties":{"objectid":12273,"nombre":"E.S. CRUZ DE CAÑA","departamento":"PIURA","provincia":"PIURA","distrito":"CASTILLA","institucion":"GOBIERNO REGIONAL","codigoMinsa":2111,"direccion":"OTROS CENTRO POBLADO CRUZ SE CAÑA KM 27 CENTRO POBLADO CRUZ SE CAÑA KM 27 CASTILLA PIURA PIURA","disa":"PIURA","red":"PIURA CASTILLA","microrred":"CASTILLA","categoria":"ESTABLECIMIENTO DE SALUD SIN INTERNAMIENTO","condicion":"ACTIVO","actualizado":"2023/08/01 19:00:00.000","fuente":"MINSA","urlRenipr":"http://app20.susalud.gob.pe:8080/registro-renipress-webapp/ipress.htm?action=mostrarVer&idipress=00002111"}},{"type":"Feature","geometry":{"type":"Point","coordinates":[-80.65948332999994,-5.19117499999993]},"properties":{"objectid":12274,"nombre":"E.S. SANTA JULIA","departamento":"PIURA","provincia":"PIURA","distrito":"VEINTISEIS DE OCTUBRE","institucion":"GOBIERNO REGIONAL","codigoMinsa":2090,"direccion":"AVENIDA MZ. G14 LOTE N° 13 A.H SANTA JULIA AV. CIRCUNVACION CDRA. 30 S/N S/N MZ. G14 LOTE N° 13 A.H SANTA JULIA AV. CIRCUNVACION CDRA. 30 S/N VEINTISEIS DE OCTUBRE PIURA PIURA","disa":"PIURA","red":"PIURA CASTILLA","microrred":"PIURA","categoria":"ESTABLECIMIENTO DE SALUD CON INTERNAMIENTO","condicion":"ACTIVO","actualizado":"2023/08/01 19:00:00.000","fuente":"MINSA","urlRenipr":"http://app20.susalud.gob.pe:8080/registro-renipress-webapp/ipress.htm?action=mostrarVer&idipress=00002090"}},{"type":"Feature","geometry":{"type":"Point","coordinates":[-79.65648832999995,-4.852168329999927]},"properties":{"objectid":12275,"nombre":"P.S SANTA ROSA","departamento":"PIURA","provincia":"AYABACA","distrito":"PACAIPAMPA","institucion":"GOBIERNO REGIONAL","codigoMinsa":2208,"direccion":"OTROS CENTRO POBLADO SANTA ROSA S/N NÚMERO S/N DISTRITO PACAIPAMPA PROVINCIA AYABACA DEPARTAMENTO PIURA","disa":"PIURA","red":"MORROPON CHULUCANAS","microrred":"CHALACO","categoria":"ESTABLECIMIENTO DE SALUD SIN INTERNAMIENTO","condicion":"ACTIVO","actualizado":"2023/08/01 19:00:00.000","fuente":"MINSA","urlRenipr":"http://app20.susalud.gob.pe:8080/registro-renipress-webapp/ipress.htm?action=mostrarVer&idipress=00002208"}},{"type":"Feature","geometry":{"type":"Point","coordinates":[-79.55280166999995,-4.969859999999926]},"properties":{"objectid":12276,"nombre":"P.S. CACHIACO","departamento":"PIURA","provincia":"AYABACA","distrito":"PACAIPAMPA","institucion":"GOBIERNO REGIONAL","codigoMinsa":2213,"direccion":"CALLE CALLE VIRGEN DE LA MERCEDES S/N N?ERO S/N DISTRITO PACAIPAMPA PROVINCIA AYABACA DEPARTAMENTO PIURA","disa":"PIURA","red":"MORROPON CHULUCANAS","microrred":"CHALACO","categoria":"ESTABLECIMIENTO DE SALUD SIN INTERNAMIENTO","condicion":"ACTIVO","actualizado":"2023/08/01 19:00:00.000","fuente":"MINSA","urlRenipr":"http://app20.susalud.gob.pe:8080/registro-renipress-webapp/ipress.htm?action=mostrarVer&idipress=00002213"}},{"type":"Feature","geometry":{"type":"Point","coordinates":[-79.88666332999998,-5.104488329999981]},"properties":{"objectid":12277,"nombre":"E.S. PALTASHACO","departamento":"PIURA","provincia":"MORROPON","distrito":"SANTA CATALINA DE MOSSA","institucion":"GOBIERNO REGIONAL","codigoMinsa":2198,"direccion":"CALLE CALLE PIURA S/N S/N CALLE PIURA S/N SANTA CATALINA DE MOSSA MORROPON PIURA","disa":"PIURA","red":"MORROPON CHULUCANAS","microrred":"MORROPON","categoria":"ESTABLECIMIENTO DE SALUD SIN INTERNAMIENTO","condicion":"ACTIVO","actualizado":"2023/08/01 19:00:00.000","fuente":"MINSA","urlRenipr":"http://app20.susalud.gob.pe:8080/registro-renipress-webapp/ipress.htm?action=mostrarVer&idipress=00002198"}},{"type":"Feature","geometry":{"type":"Point","coordinates":[-79.73119017999994,-5.164605789999939]},"properties":{"objectid":12278,"nombre":"P.S PAGAY","departamento":"PIURA","provincia":"MORROPON","distrito":"YAMANGO","institucion":"GOBIERNO REGIONAL","codigoMinsa":2196,"direccion":"OTROS CENTRO POBLADO PAGAY DISTRITO YAMANGO PROVINCIA MORROPON DEPARTAMENTO PIURA","disa":"PIURA","red":"MORROPON CHULUCANAS","microrred":"MORROPON","categoria":"ESTABLECIMIENTO DE SALUD SIN INTERNAMIENTO","condicion":"ACTIVO","actualizado":"2023/08/01 19:00:00.000","fuente":"MINSA","urlRenipr":"http://app20.susalud.gob.pe:8080/registro-renipress-webapp/ipress.htm?action=mostrarVer&idipress=00002196"}},{"type":"Feature","geometry":{"type":"Point","coordinates":[-80.22161666999995,-5.015031669999928]},"properties":{"objectid":12280,"nombre":"P.S PACCHA","departamento":"PIURA","provincia":"MORROPON","distrito":"CHULUCANAS","institucion":"GOBIERNO REGIONAL","codigoMinsa":2165,"direccion":"OTROS CENTRO POBLADO PACCHA S/N S/N CENTRO POBLADO PACCHA S/N CHULUCANAS MORROPON PIURA","disa":"PIURA","red":"MORROPON CHULUCANAS","microrred":"CHULUCANAS","categoria":"ESTABLECIMIENTO DE SALUD SIN INTERNAMIENTO","condicion":"ACTIVO","actualizado":"2023/08/01 19:00:00.000","fuente":"MINSA","urlRenipr":"http://app20.susalud.gob.pe:8080/registro-renipress-webapp/ipress.htm?action=mostrarVer&idipress=00002165"}},{"type":"Feature","geometry":{"type":"Point","coordinates":[-80.67880999999994,-5.3209249999999315]},"properties":{"objectid":12281,"nombre":"E.S. SANTA ROSA DE CURA MORI","departamento":"PIURA","provincia":"PIURA","distrito":"CURA MORI","institucion":"GOBIERNO REGIONAL","codigoMinsa":2140,"direccion":"CALLE CALLE JUAN VELASCO S/N ANEXO SANTA ROSA S/N CURA MORI S/N CALLE JUAN VELASCO S/N ANEXO SANTA ROSA S/N CURA MORI CURA MORI PIURA PIURA","disa":"PIURA","red":"BAJO PIURA","microrred":"CATACAOS","categoria":"ESTABLECIMIENTO DE SALUD SIN INTERNAMIENTO","condicion":"ACTIVO","actualizado":"2023/08/01 19:00:00.000","fuente":"MINSA","urlRenipr":"http://app20.susalud.gob.pe:8080/registro-renipress-webapp/ipress.htm?action=mostrarVer&idipress=00002140"}},{"type":"Feature","geometry":{"type":"Point","coordinates":[-80.70210666999998,-5.267188329999954]},"properties":{"objectid":12282,"nombre":"E.S. PAREDONES","departamento":"PIURA","provincia":"PIURA","distrito":"CATACAOS","institucion":"GOBIERNO REGIONAL","codigoMinsa":2119,"direccion":"AVENIDA AV. PRINCIPAL S/N PAREDONES S/N AV. PRINCIPAL S/N PAREDONES CATACAOS PIURA PIURA","disa":"PIURA","red":"BAJO PIURA","microrred":"CATACAOS","categoria":"ESTABLECIMIENTO DE SALUD SIN INTERNAMIENTO","condicion":"ACTIVO","actualizado":"2023/08/01 19:00:00.000","fuente":"MINSA","urlRenipr":"http://app20.susalud.gob.pe:8080/registro-renipress-webapp/ipress.htm?action=mostrarVer&idipress=00002119"}},{"type":"Feature","geometry":{"type":"Point","coordinates":[-80.60969583999997,-5.19064611999994]},"properties":{"objectid":12284,"nombre":"E.S. MARIA GORETTI","departamento":"PIURA","provincia":"PIURA","distrito":"CASTILLA","institucion":"GOBIERNO REGIONAL","codigoMinsa":2105,"direccion":"OTROS A.H MARIA GORETTI A.H MARIA GORETTI CASTILLA PIURA PIURA","disa":"PIURA","red":"PIURA CASTILLA","microrred":"CASTILLA","categoria":"ESTABLECIMIENTO DE SALUD SIN INTERNAMIENTO","condicion":"ACTIVO","actualizado":"2023/08/01 19:00:00.000","fuente":"MINSA","urlRenipr":"http://app20.susalud.gob.pe:8080/registro-renipress-webapp/ipress.htm?action=mostrarVer&idipress=00002105"}},{"type":"Feature","geometry":{"type":"Point","coordinates":[-80.62727824999996,-5.224570509999978]},"properties":{"objectid":12285,"nombre":"E.S. CHICLAYITO","departamento":"PIURA","provincia":"PIURA","distrito":"CASTILLA","institucion":"GOBIERNO REGIONAL","codigoMinsa":2104,"direccion":"CALLE CALLE IGNACIO MERINO S/N CHICLAYITO NÚMERO S/N DISTRITO CASTILLA PROVINCIA PIURA DEPARTAMENTO PIURA","disa":"PIURA","red":"PIURA CASTILLA","microrred":"CASTILLA","categoria":"ESTABLECIMIENTO DE SALUD SIN INTERNAMIENTO","condicion":"ACTIVO","actualizado":"2023/08/01 19:00:00.000","fuente":"MINSA","urlRenipr":"http://app20.susalud.gob.pe:8080/registro-renipress-webapp/ipress.htm?action=mostrarVer&idipress=00002104"}},{"type":"Feature","geometry":{"type":"Point","coordinates":[-79.44686832999997,-5.629204999999956]},"properties":{"objectid":12286,"nombre":"P.S TRIGAL","departamento":"PIURA","provincia":"HUANCABAMBA","distrito":"HUARMACA","institucion":"GOBIERNO REGIONAL","codigoMinsa":2286,"direccion":"OTROS CENTRO POBLADO TRIGAL S/N NÚMERO S/N DISTRITO HUARMACA PROVINCIA HUANCABAMBA DEPARTAMENTO PIURA","disa":"PIURA","red":"HUARMACA","microrred":"HUARMACA","categoria":"ESTABLECIMIENTO DE SALUD SIN INTERNAMIENTO","condicion":"ACTIVO","actualizado":"2023/08/01 19:00:00.000","fuente":"MINSA","urlRenipr":"http://app20.susalud.gob.pe:8080/registro-renipress-webapp/ipress.htm?action=mostrarVer&idipress=00002286"}},{"type":"Feature","geometry":{"type":"Point","coordinates":[-80.62765859999996,-5.185652399999981]},"properties":{"objectid":12328,"nombre":"LITOTRIPCIA BELÉN","departamento":"PIURA","provincia":"PIURA","distrito":"PIURA","institucion":"PRIVADO","codigoMinsa":25606,"direccion":"AVENIDA SAN RAMON NÚMERO 301 PISO 3 DEPARTAMENTO 313 URBANIZACIÓN SANTA ISABEL DISTRITO PIURA PROVINCIA PIURA DEPARTAMENTO PIURA","disa":"PIURA","red":"NO PERTENECE A NINGUNA RED","microrred":"NO PERTENECE A NINGUNA MICRORED","categoria":"SERVICIO MÉDICO DE APOYO","condicion":"ACTIVO","actualizado":"2023/08/01 19:00:00.000","fuente":"MINSA","urlRenipr":"http://app20.susalud.gob.pe:8080/registro-renipress-webapp/ipress.htm?action=mostrarVer&idipress=00025606"}},{"type":"Feature","geometry":{"type":"Point","coordinates":[-80.65488819999996,-5.1782883999999285]},"properties":{"objectid":12352,"nombre":"CONSULTORIO ESTETICO PRIVADO DRA. SALLY GARCIA GARCIA","departamento":"PIURA","provincia":"PIURA","distrito":"CASTILLA","institucion":"PRIVADO","codigoMinsa":26436,"direccion":"CALLE LAS MAGNOLIAS MANZANA BV LOTE 15 URBANIZACIÓN MIRAFLORES COUNTRY CLUB V ETAPA DISTRITO CASTILLA PROVINCIA PIURA DEPARTAMENTO PIURA","disa":"PIURA","red":"NO PERTENECE A NINGUNA RED","microrred":"NO PERTENECE A NINGUNA MICRORED","categoria":"ESTABLECIMIENTO DE SALUD SIN INTERNAMIENTO","condicion":"ACTIVO","actualizado":"2023/08/01 19:00:00.000","fuente":"MINSA","urlRenipr":"http://app20.susalud.gob.pe:8080/registro-renipress-webapp/ipress.htm?action=mostrarVer&idipress=00026436"}},{"type":"Feature","geometry":{"type":"Point","coordinates":[-80.65488819999996,-5.1782883999999285]},"properties":{"objectid":12360,"nombre":"CONSULTORIO DENTAL ODONTOLIKE","departamento":"PIURA","provincia":"PIURA","distrito":"PIURA","institucion":"PRIVADO","codigoMinsa":25836,"direccion":"AVENIDA GRAU NÚMERO 1125 DISTRITO PIURA PROVINCIA PIURA DEPARTAMENTO PIURA","disa":"PIURA","red":"NO PERTENECE A NINGUNA RED","microrred":"NO PERTENECE A NINGUNA MICRORED","categoria":"ESTABLECIMIENTO DE SALUD SIN INTERNAMIENTO","condicion":"ACTIVO","actualizado":"2023/08/01 19:00:00.000","fuente":"MINSA","urlRenipr":"http://app20.susalud.gob.pe:8080/registro-renipress-webapp/ipress.htm?action=mostrarVer&idipress=00025836"}},{"type":"Feature","geometry":{"type":"Point","coordinates":[-80.65488819999996,-5.1782883999999285]},"properties":{"objectid":12406,"nombre":"CLINICA DE HEMODIALISIS RENACER S.A.C.","departamento":"PIURA","provincia":"PIURA","distrito":"PIURA","institucion":"PRIVADO","codigoMinsa":25734,"direccion":"AVENIDA SULLANA N?ERO 150 DISTRITO PIURA PROVINCIA PIURA DEPARTAMENTO PIURA","disa":"","red":"","microrred":"","categoria":"SERVICIO MÉDICO DE APOYO","condicion":"RUC INACTIVO EN SUNAT","actualizado":"2023/08/01 19:00:00.000","fuente":"MINSA","urlRenipr":"http://app20.susalud.gob.pe:8080/registro-renipress-webapp/ipress.htm?action=mostrarVer&idipress=00025734"}},{"type":"Feature","geometry":{"type":"Point","coordinates":[-80.65488819999996,-5.1782883999999285]},"properties":{"objectid":12417,"nombre":"VID SALUD DEL NORTE E.I.R.L.","departamento":"PIURA","provincia":"PIURA","distrito":"PIURA","institucion":"PRIVADO","codigoMinsa":27404,"direccion":"CALLE LOS CEIBOS NÚMERO 174 URBANIZACIÓN SANTA ISABEL DISTRITO PIURA PROVINCIA PIURA DEPARTAMENTO PIURA","disa":"PIURA","red":"NO PERTENECE A NINGUNA RED","microrred":"NO PERTENECE A NINGUNA MICRORED","categoria":"ESTABLECIMIENTO DE SALUD SIN INTERNAMIENTO","condicion":"ACTIVO","actualizado":"2023/08/01 19:00:00.000","fuente":"MINSA","urlRenipr":"http://app20.susalud.gob.pe:8080/registro-renipress-webapp/ipress.htm?action=mostrarVer&idipress=00027404"}},{"type":"Feature","geometry":{"type":"Point","coordinates":[-80.15960409999997,-5.093625999999972]},"properties":{"objectid":12462,"nombre":"CONSULTORIO MEDICO DEL DR. MOROTE","departamento":"PIURA","provincia":"MORROPON","distrito":"CHULUCANAS","institucion":"PRIVADO","codigoMinsa":27208,"direccion":"JIRÓN JUNIN N?ERO 526 DISTRITO CHULUCANAS PROVINCIA MORROPON DEPARTAMENTO PIURA","disa":"PIURA","red":"NO PERTENECE A NINGUNA RED","microrred":"NO PERTENECE A NINGUNA MICRORED","categoria":"ESTABLECIMIENTO DE SALUD SIN INTERNAMIENTO","condicion":"ACTIVO","actualizado":"2023/08/01 19:00:00.000","fuente":"MINSA","urlRenipr":"http://app20.susalud.gob.pe:8080/registro-renipress-webapp/ipress.htm?action=mostrarVer&idipress=00027208"}},{"type":"Feature","geometry":{"type":"Point","coordinates":[-80.60995717999998,-5.191043549999961]},"properties":{"objectid":12465,"nombre":"CENTRO ODONTOLOGICO PIURA SONRISAS","departamento":"PIURA","provincia":"PIURA","distrito":"CASTILLA","institucion":"PRIVADO","codigoMinsa":27614,"direccion":"CALLE MARIA GORETTI MANZANA E LOTE 7A DISTRITO CASTILLA PROVINCIA PIURA DEPARTAMENTO PIURA","disa":"PIURA","red":"NO PERTENECE A NINGUNA RED","microrred":"NO PERTENECE A NINGUNA MICRORED","categoria":"ESTABLECIMIENTO DE SALUD SIN INTERNAMIENTO","condicion":"ACTIVO","actualizado":"2023/08/01 19:00:00.000","fuente":"MINSA","urlRenipr":"http://app20.susalud.gob.pe:8080/registro-renipress-webapp/ipress.htm?action=mostrarVer&idipress=00027614"}},{"type":"Feature","geometry":{"type":"Point","coordinates":[-80.65488819999996,-5.1782883999999285]},"properties":{"objectid":12485,"nombre":"LABORATORIO DE ANALISIS CLINICOS SALUD Y VIDA","departamento":"PIURA","provincia":"PIURA","distrito":"VEINTISEIS DE OCTUBRE","institucion":"PRIVADO","codigoMinsa":28192,"direccion":"OTROS ASENTAMIENTO HUMANO SAN MARTIN SECTOR 1 - ZONA A - PROLONG. AV. GRAU MANZANA S1 LOTE 01 DISTRITO VEINTISEIS DE OCTUBRE PROVINCIA PIURA DEPARTAMENTO PIURA","disa":"PIURA","red":"NO PERTENECE A NINGUNA RED","microrred":"NO PERTENECE A NINGUNA MICRORED","categoria":"SERVICIO MÉDICO DE APOYO","condicion":"ACTIVO","actualizado":"2023/08/01 19:00:00.000","fuente":"MINSA","urlRenipr":"http://app20.susalud.gob.pe:8080/registro-renipress-webapp/ipress.htm?action=mostrarVer&idipress=00028192"}},{"type":"Feature","geometry":{"type":"Point","coordinates":[-80.65488819999996,-5.1782883999999285]},"properties":{"objectid":12491,"nombre":"CENTRO MEDICO EN BUENAS MANOS","departamento":"PIURA","provincia":"PIURA","distrito":"PIURA","institucion":"PRIVADO","codigoMinsa":20222,"direccion":"AVENIDA AV. LUIS EGUIGUREN Nº 1049 AA.HH PACHITEA DISTRITO PIURA PROVINCIA PIURA DEPARTAMENTO PIURA","disa":"PIURA","red":"NO PERTENECE A NINGUNA RED","microrred":"NO PERTENECE A NINGUNA MICRORED","categoria":"ESTABLECIMIENTO DE SALUD SIN INTERNAMIENTO","condicion":"ACTIVO","actualizado":"2023/08/01 19:00:00.000","fuente":"MINSA","urlRenipr":"http://app20.susalud.gob.pe:8080/registro-renipress-webapp/ipress.htm?action=mostrarVer&idipress=00020222"}},{"type":"Feature","geometry":{"type":"Point","coordinates":[-80.62436629999996,-5.2164999999999395]},"properties":{"objectid":12614,"nombre":"QUINOS CORPORATION E.I.R.L.","departamento":"PIURA","provincia":"PIURA","distrito":"PIURA","institucion":"PRIVADO","codigoMinsa":29525,"direccion":"AVENIDA GRAU NÚMERO 1650 MANZANA A2 LOTE 03 URBANIZACIÓN TALARA DISTRITO PIURA PROVINCIA PIURA DEPARTAMENTO PIURA","disa":"PIURA","red":"","microrred":"","categoria":"ESTABLECIMIENTO DE SALUD SIN INTERNAMIENTO","condicion":"ACTIVO","actualizado":"2023/08/01 19:00:00.000","fuente":"MINSA","urlRenipr":"http://app20.susalud.gob.pe:8080/registro-renipress-webapp/ipress.htm?action=mostrarVer&idipress=00029525"}},{"type":"Feature","geometry":{"type":"Point","coordinates":[-80.61856349999994,-5.188230799999928]},"properties":{"objectid":12623,"nombre":"FISIOSUR-REHABILITA","departamento":"PIURA","provincia":"PIURA","distrito":"CASTILLA","institucion":"PRIVADO","codigoMinsa":30673,"direccion":"AVENIDA INDEPENDENCIA NÚMERO B1 PISO 2 MANZANA B1 LOTE 11 URBANIZACIÓN MIRAFLORES DISTRITO CASTILLA PROVINCIA PIURA DEPARTAMENTO PIURA","disa":"PIURA","red":"","microrred":"","categoria":"SERVICIO MÉDICO DE APOYO","condicion":"ACTIVO","actualizado":"2023/08/01 19:00:00.000","fuente":"MINSA","urlRenipr":"http://app20.susalud.gob.pe:8080/registro-renipress-webapp/ipress.htm?action=mostrarVer&idipress=00030673"}},{"type":"Feature","geometry":{"type":"Point","coordinates":[-80.68643229999998,-4.903637999999944]},"properties":{"objectid":12626,"nombre":"CENTRO ODONTOLÓGICO VIZADENT","departamento":"PIURA","provincia":"SULLANA","distrito":"SULLANA","institucion":"PRIVADO","codigoMinsa":31005,"direccion":"CALLE PARIÑAS NÚMERO 121 PISO 2 DISTRITO SULLANA PROVINCIA SULLANA DEPARTAMENTO PIURA","disa":"PIURA","red":"","microrred":"","categoria":"ESTABLECIMIENTO DE SALUD SIN INTERNAMIENTO","condicion":"ACTIVO","actualizado":"2023/08/01 19:00:00.000","fuente":"MINSA","urlRenipr":"http://app20.susalud.gob.pe:8080/registro-renipress-webapp/ipress.htm?action=mostrarVer&idipress=00031005"}},{"type":"Feature","geometry":{"type":"Point","coordinates":[-80.54527799999994,-4.864121999999952]},"properties":{"objectid":12656,"nombre":"UNIDAD MILITAR GRUPO DE ARTILLERIA DE CAMPAÑA N° 51.","departamento":"PIURA","provincia":"PIURA","distrito":"TAMBO GRANDE","institucion":"SANIDAD DEL EJERCITO DEL PERU","codigoMinsa":24667,"direccion":"TROCHA km NÚMERO 47 KILOMETRO 47 DISTRITO TAMBO GRANDE PROVINCIA PIURA DEPARTAMENTO PIURA","disa":"PIURA","red":"","microrred":"NO PERTENECE A NINGUNA MICRORED","categoria":"ESTABLECIMIENTO DE SALUD SIN INTERNAMIENTO","condicion":"ACTIVO","actualizado":"2023/08/01 19:00:00.000","fuente":"MINSA","urlRenipr":"http://app20.susalud.gob.pe:8080/registro-renipress-webapp/ipress.htm?action=mostrarVer&idipress=00024667"}},{"type":"Feature","geometry":{"type":"Point","coordinates":[-80.65488819999996,-5.1782883999999285]},"properties":{"objectid":12696,"nombre":"BERMANLAB","departamento":"PIURA","provincia":"PIURA","distrito":"PIURA","institucion":"PRIVADO","codigoMinsa":24668,"direccion":"AVENIDA GRAU NÚMERO 1119 PISO 1 DISTRITO PIURA PROVINCIA PIURA DEPARTAMENTO PIURA","disa":"PIURA","red":"NO PERTENECE A NINGUNA RED","microrred":"NO PERTENECE A NINGUNA MICRORED","categoria":"SERVICIO MÉDICO DE APOYO","condicion":"ACTIVO","actualizado":"2023/08/01 19:00:00.000","fuente":"MINSA","urlRenipr":"http://app20.susalud.gob.pe:8080/registro-renipress-webapp/ipress.htm?action=mostrarVer&idipress=00024668"}},{"type":"Feature","geometry":{"type":"Point","coordinates":[-80.63455199999999,-5.194284899999957]},"properties":{"objectid":12711,"nombre":"INTEGRAL MEDIC","departamento":"PIURA","provincia":"PIURA","distrito":"PIURA","institucion":"PRIVADO","codigoMinsa":30007,"direccion":"AVENIDA GRAU NÚMERO 956 PISO 1 DISTRITO PIURA PROVINCIA PIURA DEPARTAMENTO PIURA","disa":"PIURA","red":"","microrred":"","categoria":"ESTABLECIMIENTO DE SALUD SIN INTERNAMIENTO","condicion":"ACTIVO","actualizado":"2023/08/01 19:00:00.000","fuente":"MINSA","urlRenipr":"http://app20.susalud.gob.pe:8080/registro-renipress-webapp/ipress.htm?action=mostrarVer&idipress=00030007"}},{"type":"Feature","geometry":{"type":"Point","coordinates":[-80.65488819999996,-5.1782883999999285]},"properties":{"objectid":12878,"nombre":"MEDIVISION PIURA S.A.C.","departamento":"PIURA","provincia":"PIURA","distrito":"CASTILLA","institucion":"PRIVADO","codigoMinsa":25352,"direccion":"JIRÓN JOSE OLAYA NÚMERO 358 DISTRITO CASTILLA PROVINCIA PIURA DEPARTAMENTO PIURA","disa":"PIURA","red":"NO PERTENECE A NINGUNA RED","microrred":"NO PERTENECE A NINGUNA MICRORED","categoria":"ESTABLECIMIENTO DE SALUD SIN INTERNAMIENTO","condicion":"ACTIVO","actualizado":"2023/08/01 19:00:00.000","fuente":"MINSA","urlRenipr":"http://app20.susalud.gob.pe:8080/registro-renipress-webapp/ipress.htm?action=mostrarVer&idipress=00025352"}},{"type":"Feature","geometry":{"type":"Point","coordinates":[-80.65488819999996,-5.1782883999999285]},"properties":{"objectid":12886,"nombre":"ASISTENCIA SALUD S.C.R.L. AMBULANCIA EUE - 368","departamento":"PIURA","provincia":"PIURA","distrito":"VEINTISEIS DE OCTUBRE","institucion":"PRIVADO","codigoMinsa":25186,"direccion":"AVENIDA CHULUCANAS ASENTAMIENTO HUMANO SANTA ROSA NÚMERO 6 MANZANA 7 LOTE 6 DISTRITO VEINTISEIS DE OCTUBRE PROVINCIA PIURA DEPARTAMENTO PIURA","disa":"PIURA","red":"","microrred":"","categoria":"SERVICIO MÉDICO DE APOYO","condicion":"ACTIVO","actualizado":"2023/08/01 19:00:00.000","fuente":"MINSA","urlRenipr":"http://app20.susalud.gob.pe:8080/registro-renipress-webapp/ipress.htm?action=mostrarVer&idipress=00025186"}},{"type":"Feature","geometry":{"type":"Point","coordinates":[-80.62436629999996,-5.2164999999999395]},"properties":{"objectid":12950,"nombre":"OPTICA LA UNICA VISION","departamento":"PIURA","provincia":"PIURA","distrito":"PIURA","institucion":"PRIVADO","codigoMinsa":12476,"direccion":"JIRÓN JIRON CUZCO N° 520 DISTRITO PIURA PROVINCIA PIURA DEPARTAMENTO PIURA","disa":"PIURA","red":"NO PERTENECE A NINGUNA RED","microrred":"NO PERTENECE A NINGUNA MICRORED","categoria":"SERVICIO MÉDICO DE APOYO","condicion":"ACTIVO","actualizado":"2023/08/01 19:00:00.000","fuente":"MINSA","urlRenipr":"http://app20.susalud.gob.pe:8080/registro-renipress-webapp/ipress.htm?action=mostrarVer&idipress=00012476"}},{"type":"Feature","geometry":{"type":"Point","coordinates":[-80.65296899999998,-5.1957093999999415]},"properties":{"objectid":12967,"nombre":"Imagen DX S. A.","departamento":"PIURA","provincia":"PIURA","distrito":"PIURA","institucion":"PRIVADO","codigoMinsa":29136,"direccion":"AVENIDA San Ramón NÚMERO 301 PISO 3 DEPARTAMENTO 307 URBANIZACIÓN El Chipe DISTRITO PIURA PROVINCIA PIURA DEPARTAMENTO PIURA","disa":"PIURA","red":"","microrred":"","categoria":"SERVICIO MÉDICO DE APOYO","condicion":"ACTIVO","actualizado":"2023/08/01 19:00:00.000","fuente":"MINSA","urlRenipr":"http://app20.susalud.gob.pe:8080/registro-renipress-webapp/ipress.htm?action=mostrarVer&idipress=00029136"}},{"type":"Feature","geometry":{"type":"Point","coordinates":[-81.21707379999998,-4.267066299999954]},"properties":{"objectid":12997,"nombre":"ASTECLAB \"Centro médico y salud ocupacional\"","departamento":"PIURA","provincia":"TALARA","distrito":"EL ALTO","institucion":"PRIVADO","codigoMinsa":30964,"direccion":"AVENIDA RESIDENCIAL EL ALTO MANZANA C LOTE 2 DISTRITO EL ALTO PROVINCIA TALARA DEPARTAMENTO PIURA","disa":"PIURA","red":"","microrred":"","categoria":"ESTABLECIMIENTO DE SALUD SIN INTERNAMIENTO","condicion":"ACTIVO","actualizado":"2023/08/01 19:00:00.000","fuente":"MINSA","urlRenipr":"http://app20.susalud.gob.pe:8080/registro-renipress-webapp/ipress.htm?action=mostrarVer&idipress=00030964"}},{"type":"Feature","geometry":{"type":"Point","coordinates":[-80.65296899999998,-5.1957093999999415]},"properties":{"objectid":13126,"nombre":"OPTICA MEGA LEN´S","departamento":"PIURA","provincia":"PIURA","distrito":"PIURA","institucion":"PRIVADO","codigoMinsa":29923,"direccion":"AVENIDA SANCHEZ CERRO ESQUINA CON CALLE JUNIN NÚMERO 702 DISTRITO PIURA PROVINCIA PIURA DEPARTAMENTO PIURA","disa":"PIURA","red":"","microrred":"","categoria":"SERVICIO MÉDICO DE APOYO","condicion":"ACTIVO","actualizado":"2023/08/01 19:00:00.000","fuente":"MINSA","urlRenipr":"http://app20.susalud.gob.pe:8080/registro-renipress-webapp/ipress.htm?action=mostrarVer&idipress=00029923"}},{"type":"Feature","geometry":{"type":"Point","coordinates":[-80.65296899999998,-5.1957093999999415]},"properties":{"objectid":13127,"nombre":"GRUPO OPTICO MEGA LEN´S","departamento":"PIURA","provincia":"PIURA","distrito":"PIURA","institucion":"PRIVADO","codigoMinsa":29994,"direccion":"CALLE CUZCO NÚMERO 366 DISTRITO PIURA PROVINCIA PIURA DEPARTAMENTO PIURA","disa":"PIURA","red":"","microrred":"","categoria":"SERVICIO MÉDICO DE APOYO","condicion":"ACTIVO","actualizado":"2023/08/01 19:00:00.000","fuente":"MINSA","urlRenipr":"http://app20.susalud.gob.pe:8080/registro-renipress-webapp/ipress.htm?action=mostrarVer&idipress=00029994"}},{"type":"Feature","geometry":{"type":"Point","coordinates":[-80.64032229999998,-5.190313999999944]},"properties":{"objectid":13228,"nombre":"SEGUSALUT S.R.L","departamento":"PIURA","provincia":"TALARA","distrito":"PARIÑAS","institucion":"PRIVADO","codigoMinsa":20012,"direccion":"OTROS URB. MARIA AUXILIADORA A-5 TALARA ALTA DISTRITO PARIÑAS PROVINCIA TALARA DEPARTAMENTO PIURA","disa":"PIURA","red":"NO PERTENECE A NINGUNA RED","microrred":"NO PERTENECE A NINGUNA MICRORED","categoria":"ESTABLECIMIENTO DE SALUD SIN INTERNAMIENTO","condicion":"ACTIVO","actualizado":"2023/08/01 19:00:00.000","fuente":"MINSA","urlRenipr":"http://app20.susalud.gob.pe:8080/registro-renipress-webapp/ipress.htm?action=mostrarVer&idipress=00020012"}},{"type":"Feature","geometry":{"type":"Point","coordinates":[-81.30529503999998,-4.66010233999998]},"properties":{"objectid":13258,"nombre":"ANALISIS CLINICOS ML S.A.C","departamento":"PIURA","provincia":"TALARA","distrito":"LA BREA","institucion":"PRIVADO","codigoMinsa":17234,"direccion":"AV. LEONCIO PRADO N° 147","disa":"PIURA","red":"NO PERTENECE A NINGUNA RED","microrred":"NO PERTENECE A NINGUNA MICRORED","categoria":"SERVICIO MÉDICO DE APOYO","condicion":"ACTIVO","actualizado":"2023/08/01 19:00:00.000","fuente":"MINSA","urlRenipr":"http://app20.susalud.gob.pe:8080/registro-renipress-webapp/ipress.htm?action=mostrarVer&idipress=00017234"}},{"type":"Feature","geometry":{"type":"Point","coordinates":[-80.65488819999996,-5.1782883999999285]},"properties":{"objectid":13424,"nombre":"DISCOVERY DIAGNOSTICO E.I.R.L.","departamento":"PIURA","provincia":"PIURA","distrito":"PIURA","institucion":"PRIVADO","codigoMinsa":28485,"direccion":"AVENIDA SAN RAMON MANZANA A5 URBANIZACIÓN SAN DEONISIO-EL CHIPE DISTRITO PIURA PROVINCIA PIURA DEPARTAMENTO PIURA","disa":"PIURA","red":"NO PERTENECE A NINGUNA RED","microrred":"NO PERTENECE A NINGUNA MICRORED","categoria":"SERVICIO MÉDICO DE APOYO","condicion":"ACTIVO","actualizado":"2023/08/01 19:00:00.000","fuente":"MINSA","urlRenipr":"http://app20.susalud.gob.pe:8080/registro-renipress-webapp/ipress.htm?action=mostrarVer&idipress=00028485"}},{"type":"Feature","geometry":{"type":"Point","coordinates":[-80.34111259999997,-4.926307299999962]},"properties":{"objectid":13463,"nombre":"CENTRO MEDICO MADRID","departamento":"PIURA","provincia":"PIURA","distrito":"TAMBO GRANDE","institucion":"PRIVADO","codigoMinsa":30704,"direccion":"JIRÓN PIURA NÚMERO 225 DISTRITO TAMBO GRANDE PROVINCIA PIURA DEPARTAMENTO PIURA","disa":"PIURA","red":"","microrred":"","categoria":"ESTABLECIMIENTO DE SALUD SIN INTERNAMIENTO","condicion":"ACTIVO","actualizado":"2023/08/01 19:00:00.000","fuente":"MINSA","urlRenipr":"http://app20.susalud.gob.pe:8080/registro-renipress-webapp/ipress.htm?action=mostrarVer&idipress=00030704"}},{"type":"Feature","geometry":{"type":"Point","coordinates":[-80.59875489999996,-5.18632649999995]},"properties":{"objectid":13580,"nombre":"CENTRO MEDICO REGIONAL PIURA S.A.","departamento":"PIURA","provincia":"PIURA","distrito":"CASTILLA","institucion":"PRIVADO","codigoMinsa":30966,"direccion":"URBANIZACIÓN MIRAFLORES II ETAPA MANZANA C LOTE 21-22 DISTRITO CASTILLA PROVINCIA PIURA DEPARTAMENTO PIURA","disa":"PIURA","red":"","microrred":"","categoria":"ESTABLECIMIENTO DE SALUD SIN INTERNAMIENTO","condicion":"ACTIVO","actualizado":"2023/08/01 19:00:00.000","fuente":"MINSA","urlRenipr":"http://app20.susalud.gob.pe:8080/registro-renipress-webapp/ipress.htm?action=mostrarVer&idipress=00030966"}},{"type":"Feature","geometry":{"type":"Point","coordinates":[-80.65488819999996,-5.1782883999999285]},"properties":{"objectid":13693,"nombre":"CLINICA LA FLORIDA S.A.C.","departamento":"PIURA","provincia":"PIURA","distrito":"PIURA","institucion":"PRIVADO","codigoMinsa":26928,"direccion":"AVENIDA Avenida Richard Cushing 208 PIURA PIURA PIURA","disa":"PIURA","red":"NO PERTENECE A NINGUNA RED","microrred":"NO PERTENECE A NINGUNA MICRORED","categoria":"ESTABLECIMIENTO DE SALUD CON INTERNAMIENTO","condicion":"ACTIVO","actualizado":"2023/08/01 19:00:00.000","fuente":"MINSA","urlRenipr":"http://app20.susalud.gob.pe:8080/registro-renipress-webapp/ipress.htm?action=mostrarVer&idipress=00026928"}},{"type":"Feature","geometry":{"type":"Point","coordinates":[-80.65488819999996,-5.1782883999999285]},"properties":{"objectid":13842,"nombre":"MEDICINA CONVENCIONAL Y ALTERNATIVA","departamento":"PIURA","provincia":"PIURA","distrito":"PIURA","institucion":"PRIVADO","codigoMinsa":27258,"direccion":"AVENIDA JUNIN N?ERO 1108 PISO 2 INTERIOR 202 DISTRITO PIURA PROVINCIA PIURA DEPARTAMENTO PIURA","disa":"","red":"","microrred":"","categoria":"ESTABLECIMIENTO DE SALUD SIN INTERNAMIENTO","condicion":"RUC INACTIVO EN SUNAT","actualizado":"2023/08/01 19:00:00.000","fuente":"MINSA","urlRenipr":"http://app20.susalud.gob.pe:8080/registro-renipress-webapp/ipress.htm?action=mostrarVer&idipress=00027258"}},{"type":"Feature","geometry":{"type":"Point","coordinates":[-80.70261179999994,-4.88181789999993]},"properties":{"objectid":14003,"nombre":"SANTA LUCIA LABORATORIO CLINICO Y HEMATOLOGICO MEDICA OCUPACIONAL S.A.C.","departamento":"PIURA","provincia":"PIURA","distrito":"PIURA","institucion":"PRIVADO","codigoMinsa":26762,"direccion":"AVENIDA SULLANA N?ERO 291 292 PISO 2 MANZANA J LOTE 12 URBANIZACI? GRAU DISTRITO PIURA PROVINCIA PIURA DEPARTAMENTO PIURA","disa":"PIURA","red":"NO PERTENECE A NINGUNA RED","microrred":"NO PERTENECE A NINGUNA MICRORED","categoria":"SERVICIO MÉDICO DE APOYO","condicion":"ACTIVO","actualizado":"2023/08/01 19:00:00.000","fuente":"MINSA","urlRenipr":"http://app20.susalud.gob.pe:8080/registro-renipress-webapp/ipress.htm?action=mostrarVer&idipress=00026762"}},{"type":"Feature","geometry":{"type":"Point","coordinates":[-80.62964909999994,-5.222794399999941]},"properties":{"objectid":14058,"nombre":"CENTRO MEDICO ESPECIALIZADO MADRE DEL PERPETUO SOCORRO","departamento":"PIURA","provincia":"PIURA","distrito":"PIURA","institucion":"PRIVADO","codigoMinsa":25853,"direccion":"AVENIDA GRAU NÚMERO 2252 URBANIZACIÓN LAS MERCEDES DISTRITO PIURA PROVINCIA PIURA DEPARTAMENTO PIURA","disa":"PIURA","red":"NO PERTENECE A NINGUNA RED","microrred":"NO PERTENECE A NINGUNA MICRORED","categoria":"ESTABLECIMIENTO DE SALUD CON INTERNAMIENTO","condicion":"ACTIVO","actualizado":"2023/08/01 19:00:00.000","fuente":"MINSA","urlRenipr":"http://app20.susalud.gob.pe:8080/registro-renipress-webapp/ipress.htm?action=mostrarVer&idipress=00025853"}},{"type":"Feature","geometry":{"type":"Point","coordinates":[-80.67793373999996,-5.167304079999951]},"properties":{"objectid":14095,"nombre":"POLICLINICO MINA BAYOVAR","departamento":"PIURA","provincia":"SECHURA","distrito":"SECHURA","institucion":"PRIVADO","codigoMinsa":16188,"direccion":"OTROS CAMPAMENTO MINERO DE CIA MISKI MAYO BAYOVAR DISTRITO SECHURA PROVINCIA SECHURA DEPARTAMENTO PIURA","disa":"PIURA","red":"NO PERTENECE A NINGUNA RED","microrred":"NO PERTENECE A NINGUNA MICRORED","categoria":"ESTABLECIMIENTO DE SALUD SIN INTERNAMIENTO","condicion":"ACTIVO","actualizado":"2023/08/01 19:00:00.000","fuente":"MINSA","urlRenipr":"http://app20.susalud.gob.pe:8080/registro-renipress-webapp/ipress.htm?action=mostrarVer&idipress=00016188"}},{"type":"Feature","geometry":{"type":"Point","coordinates":[-80.65488819999996,-5.1782883999999285]},"properties":{"objectid":14211,"nombre":"WELLNESS CENTER","departamento":"PIURA","provincia":"PIURA","distrito":"PIURA","institucion":"PRIVADO","codigoMinsa":26734,"direccion":"AVENIDA AREQUIPA N?ERO 131 DISTRITO PIURA PROVINCIA PIURA DEPARTAMENTO PIURA","disa":"PIURA","red":"NO PERTENECE A NINGUNA RED","microrred":"NO PERTENECE A NINGUNA MICRORED","categoria":"ESTABLECIMIENTO DE SALUD SIN INTERNAMIENTO","condicion":"ACTIVO","actualizado":"2023/08/01 19:00:00.000","fuente":"MINSA","urlRenipr":"http://app20.susalud.gob.pe:8080/registro-renipress-webapp/ipress.htm?action=mostrarVer&idipress=00026734"}},{"type":"Feature","geometry":{"type":"Point","coordinates":[-79.45305581999997,-5.236484539999935]},"properties":{"objectid":14240,"nombre":"POSTA MEDICA HUANCABAMBA","departamento":"PIURA","provincia":"HUANCABAMBA","distrito":"HUANCABAMBA","institucion":"ESSALUD","codigoMinsa":20625,"direccion":"AV CENTENARIO S/N - HUANCABAMBA","disa":"PIURA","red":"NO PERTENECE A NINGUNA RED","microrred":"NO PERTENECE A NINGUNA MICRORED","categoria":"ESTABLECIMIENTO DE SALUD SIN INTERNAMIENTO","condicion":"ACTIVO","actualizado":"2023/08/01 19:00:00.000","fuente":"MINSA","urlRenipr":"http://app20.susalud.gob.pe:8080/registro-renipress-webapp/ipress.htm?action=mostrarVer&idipress=00020625"}},{"type":"Feature","geometry":{"type":"Point","coordinates":[-81.21950569999996,-4.267853099999968]},"properties":{"objectid":14244,"nombre":"CENTRO MEDICO EL ALTO","departamento":"PIURA","provincia":"TALARA","distrito":"EL ALTO","institucion":"ESSALUD","codigoMinsa":19912,"direccion":"AVENIDA AV. BOLOGNESI S/N NÚMERO S/N DISTRITO EL ALTO PROVINCIA TALARA DEPARTAMENTO PIURA","disa":"PIURA","red":"NO PERTENECE A NINGUNA RED","microrred":"NO PERTENECE A NINGUNA MICRORED","categoria":"ESTABLECIMIENTO DE SALUD SIN INTERNAMIENTO","condicion":"ACTIVO","actualizado":"2023/08/01 19:00:00.000","fuente":"MINSA","urlRenipr":"http://app20.susalud.gob.pe:8080/registro-renipress-webapp/ipress.htm?action=mostrarVer&idipress=00019912"}},{"type":"Feature","geometry":{"type":"Point","coordinates":[-81.30650756999995,-4.654384149999942]},"properties":{"objectid":14246,"nombre":"POSTA MEDICA NEGRITOS","departamento":"PIURA","provincia":"TALARA","distrito":"LA BREA","institucion":"ESSALUD","codigoMinsa":20628,"direccion":"AVENIDA AVENIDA SAN MARTIN Nº 100 NEGRITOS AVENIDA SAN MARTIN Nº 100 NEGRITOS LA BREA TALARA PIURA","disa":"PIURA","red":"NO PERTENECE A NINGUNA RED","microrred":"NO PERTENECE A NINGUNA MICRORED","categoria":"ESTABLECIMIENTO DE SALUD SIN INTERNAMIENTO","condicion":"ACTIVO","actualizado":"2023/08/01 19:00:00.000","fuente":"MINSA","urlRenipr":"http://app20.susalud.gob.pe:8080/registro-renipress-webapp/ipress.htm?action=mostrarVer&idipress=00020628"}},{"type":"Feature","geometry":{"type":"Point","coordinates":[-81.12581094999996,-4.177975979999928]},"properties":{"objectid":14248,"nombre":"POSTA MEDICA LOS ORGANOS - ESSALUD","departamento":"PIURA","provincia":"TALARA","distrito":"LOS ORGANOS","institucion":"ESSALUD","codigoMinsa":19915,"direccion":"CALLE BARRIO SAN ISIDRO CALLE 5 Nº 901 BARRIO SAN ISIDRO CALLE 5 Nº 901 LOS ORGANOS TALARA PIURA","disa":"PIURA","red":"NO PERTENECE A NINGUNA RED","microrred":"","categoria":"ESTABLECIMIENTO DE SALUD SIN INTERNAMIENTO","condicion":"ACTIVO","actualizado":"2023/08/01 19:00:00.000","fuente":"MINSA","urlRenipr":"http://app20.susalud.gob.pe:8080/registro-renipress-webapp/ipress.htm?action=mostrarVer&idipress=00019915"}},{"type":"Feature","geometry":{"type":"Point","coordinates":[-80.83509872999997,-4.88093398999996]},"properties":{"objectid":14284,"nombre":"SANTA SOFIA","departamento":"PIURA","provincia":"SULLANA","distrito":"IGNACIO ESCUDERO","institucion":"GOBIERNO REGIONAL","codigoMinsa":2045,"direccion":"OTROS CASERIO SANTA SOFIA DISTRITO IGNACIO ESCUDERO PROVINCIA SULLANA DEPARTAMENTO PIURA","disa":"PIURA","red":"SULLANA","microrred":"MARCAVELICA","categoria":"ESTABLECIMIENTO DE SALUD SIN INTERNAMIENTO","condicion":"ACTIVO","actualizado":"2023/08/01 19:00:00.000","fuente":"MINSA","urlRenipr":"http://app20.susalud.gob.pe:8080/registro-renipress-webapp/ipress.htm?action=mostrarVer&idipress=00002045"}},{"type":"Feature","geometry":{"type":"Point","coordinates":[-80.27985192999995,-4.730842869999947]},"properties":{"objectid":14285,"nombre":"EL PARTIDOR","departamento":"PIURA","provincia":"PIURA","distrito":"LAS LOMAS","institucion":"GOBIERNO REGIONAL","codigoMinsa":1943,"direccion":"OTROS CENTRO SERVICIOS PARTIDOR CENTRO SERVICIOS PARTIDOR LAS LOMAS PIURA PIURA","disa":"PIURA","red":"AYABACA","microrred":"LAS LOMAS","categoria":"ESTABLECIMIENTO DE SALUD SIN INTERNAMIENTO","condicion":"ACTIVO","actualizado":"2023/08/01 19:00:00.000","fuente":"MINSA","urlRenipr":"http://app20.susalud.gob.pe:8080/registro-renipress-webapp/ipress.htm?action=mostrarVer&idipress=00001943"}},{"type":"Feature","geometry":{"type":"Point","coordinates":[-80.81490417999998,-4.901096179999968]},"properties":{"objectid":14287,"nombre":"CENTRO DE SALUD MIGUEL CHECA","departamento":"PIURA","provincia":"SULLANA","distrito":"MIGUEL CHECA","institucion":"GOBIERNO REGIONAL","codigoMinsa":2019,"direccion":"OTROS JOSE OLAYA JOSE OLAYA MIGUEL CHECA SULLANA PIURA","disa":"PIURA","red":"SULLANA","microrred":"BELLAVISTA","categoria":"ESTABLECIMIENTO DE SALUD SIN INTERNAMIENTO","condicion":"ACTIVO","actualizado":"2023/08/01 19:00:00.000","fuente":"MINSA","urlRenipr":"http://app20.susalud.gob.pe:8080/registro-renipress-webapp/ipress.htm?action=mostrarVer&idipress=00002019"}},{"type":"Feature","geometry":{"type":"Point","coordinates":[-80.68947398999995,-4.840371189999928]},"properties":{"objectid":14288,"nombre":"MIRAFLORES","departamento":"PIURA","provincia":"SULLANA","distrito":"SALITRAL","institucion":"GOBIERNO REGIONAL","codigoMinsa":2059,"direccion":"CALLE CALLE BOLIVAR S/N - MIRAFLORES S/N CALLE BOLIVAR S/N - MIRAFLORES SALITRAL SULLANA PIURA","disa":"PIURA","red":"SULLANA","microrred":"QUERECOTILLO","categoria":"ESTABLECIMIENTO DE SALUD SIN INTERNAMIENTO","condicion":"ACTIVO","actualizado":"2023/08/01 19:00:00.000","fuente":"MINSA","urlRenipr":"http://app20.susalud.gob.pe:8080/registro-renipress-webapp/ipress.htm?action=mostrarVer&idipress=00002059"}},{"type":"Feature","geometry":{"type":"Point","coordinates":[-80.55386380999994,-4.785742759999948]},"properties":{"objectid":14290,"nombre":"CHALACALA ALTA","departamento":"PIURA","provincia":"SULLANA","distrito":"SULLANA","institucion":"GOBIERNO REGIONAL","codigoMinsa":6935,"direccion":"OTROS CASERIO CHALACALA ALTA - BELLAVISTA DISTRITO SULLANA PROVINCIA SULLANA DEPARTAMENTO PIURA","disa":"PIURA","red":"SULLANA","microrred":"BELLAVISTA","categoria":"ESTABLECIMIENTO DE SALUD SIN INTERNAMIENTO","condicion":"ACTIVO","actualizado":"2023/08/01 19:00:00.000","fuente":"MINSA","urlRenipr":"http://app20.susalud.gob.pe:8080/registro-renipress-webapp/ipress.htm?action=mostrarVer&idipress=00006935"}},{"type":"Feature","geometry":{"type":"Point","coordinates":[-79.94443010999998,-4.608291289999954]},"properties":{"objectid":14291,"nombre":"JAMBUR","departamento":"PIURA","provincia":"AYABACA","distrito":"PAIMAS","institucion":"GOBIERNO REGIONAL","codigoMinsa":6790,"direccion":"OTROS CASERIO JAMBUR PAIMAS DISTRITO PAIMAS PROVINCIA AYABACA DEPARTAMENTO PIURA","disa":"PIURA","red":"AYABACA","microrred":"PAIMAS","categoria":"ESTABLECIMIENTO DE SALUD SIN INTERNAMIENTO","condicion":"ACTIVO","actualizado":"2023/08/01 19:00:00.000","fuente":"MINSA","urlRenipr":"http://app20.susalud.gob.pe:8080/registro-renipress-webapp/ipress.htm?action=mostrarVer&idipress=00006790"}},{"type":"Feature","geometry":{"type":"Point","coordinates":[-80.25632477999994,-5.026623019999931]},"properties":{"objectid":14293,"nombre":"MALINGUITAS","departamento":"PIURA","provincia":"PIURA","distrito":"TAMBO GRANDE","institucion":"GOBIERNO REGIONAL","codigoMinsa":1982,"direccion":"OTROS CASERIO MALINGUITAS DISTRITO TAMBO GRANDE PROVINCIA PIURA DEPARTAMENTO PIURA","disa":"PIURA","red":"AYABACA","microrred":"TAMBOGRANDE","categoria":"ESTABLECIMIENTO DE SALUD SIN INTERNAMIENTO","condicion":"ACTIVO","actualizado":"2023/08/01 19:00:00.000","fuente":"MINSA","urlRenipr":"http://app20.susalud.gob.pe:8080/registro-renipress-webapp/ipress.htm?action=mostrarVer&idipress=00001982"}},{"type":"Feature","geometry":{"type":"Point","coordinates":[-79.84475522999998,-4.789331159999961]},"properties":{"objectid":14294,"nombre":"LAGUNAS","departamento":"PIURA","provincia":"AYABACA","distrito":"LAGUNAS","institucion":"GOBIERNO REGIONAL","codigoMinsa":1965,"direccion":"OTROS CASERIO LAGUNAS S/N S/N CASERIO LAGUNAS S/N LAGUNAS AYABACA PIURA","disa":"PIURA","red":"AYABACA","microrred":"PAIMAS","categoria":"ESTABLECIMIENTO DE SALUD SIN INTERNAMIENTO","condicion":"ACTIVO","actualizado":"2023/08/01 19:00:00.000","fuente":"MINSA","urlRenipr":"http://app20.susalud.gob.pe:8080/registro-renipress-webapp/ipress.htm?action=mostrarVer&idipress=00001965"}},{"type":"Feature","geometry":{"type":"Point","coordinates":[-80.07304110999996,-4.596065959999976]},"properties":{"objectid":14295,"nombre":"LA SAUCHA","departamento":"PIURA","provincia":"AYABACA","distrito":"PAIMAS","institucion":"GOBIERNO REGIONAL","codigoMinsa":1960,"direccion":"OTROS CASERIO LA SAUCHA -PAIMAS DISTRITO PAIMAS PROVINCIA AYABACA DEPARTAMENTO PIURA","disa":"PIURA","red":"AYABACA","microrred":"PAIMAS","categoria":"ESTABLECIMIENTO DE SALUD SIN INTERNAMIENTO","condicion":"ACTIVO","actualizado":"2023/08/01 19:00:00.000","fuente":"MINSA","urlRenipr":"http://app20.susalud.gob.pe:8080/registro-renipress-webapp/ipress.htm?action=mostrarVer&idipress=00001960"}},{"type":"Feature","geometry":{"type":"Point","coordinates":[-79.98770899999994,-4.812576179999951]},"properties":{"objectid":14296,"nombre":"EL SAUCE-SAPILLICA","departamento":"PIURA","provincia":"AYABACA","distrito":"SAPILLICA","institucion":"GOBIERNO REGIONAL","codigoMinsa":1958,"direccion":"OTROS CASERIO EL SAUCE -SAPILLICA DISTRITO SAPILLICA PROVINCIA AYABACA DEPARTAMENTO PIURA","disa":"PIURA","red":"AYABACA","microrred":"LAS LOMAS","categoria":"ESTABLECIMIENTO DE SALUD SIN INTERNAMIENTO","condicion":"ACTIVO","actualizado":"2023/08/01 19:00:00.000","fuente":"MINSA","urlRenipr":"http://app20.susalud.gob.pe:8080/registro-renipress-webapp/ipress.htm?action=mostrarVer&idipress=00001958"}},{"type":"Feature","geometry":{"type":"Point","coordinates":[-81.10073199999994,-4.872330619999957]},"properties":{"objectid":14297,"nombre":"MIRAMAR","departamento":"PIURA","provincia":"PAITA","distrito":"VICHAYAL","institucion":"GOBIERNO REGIONAL","codigoMinsa":2079,"direccion":"OTROS CASERIO MIRAMAR CASERIO MIRAMAR VICHAYAL PAITA PIURA","disa":"PIURA","red":"SULLANA","microrred":"TALARA","categoria":"ESTABLECIMIENTO DE SALUD SIN INTERNAMIENTO","condicion":"ACTIVO","actualizado":"2023/08/01 19:00:00.000","fuente":"MINSA","urlRenipr":"http://app20.susalud.gob.pe:8080/registro-renipress-webapp/ipress.htm?action=mostrarVer&idipress=00002079"}},{"type":"Feature","geometry":{"type":"Point","coordinates":[-80.32895343999996,-4.466837529999964]},"properties":{"objectid":14298,"nombre":"PLAYAS DE ROMERO","departamento":"PIURA","provincia":"SULLANA","distrito":"LANCONES","institucion":"GOBIERNO REGIONAL","codigoMinsa":2064,"direccion":"OTROS CASERIO PLAYAS DE ROMERO DISTRITO LANCONES PROVINCIA SULLANA DEPARTAMENTO PIURA","disa":"PIURA","red":"SULLANA","microrred":"LANCONES","categoria":"ESTABLECIMIENTO DE SALUD SIN INTERNAMIENTO","condicion":"ACTIVO","actualizado":"2023/08/01 19:00:00.000","fuente":"MINSA","urlRenipr":"http://app20.susalud.gob.pe:8080/registro-renipress-webapp/ipress.htm?action=mostrarVer&idipress=00002064"}},{"type":"Feature","geometry":{"type":"Point","coordinates":[-79.94922115999998,-4.452532839999947]},"properties":{"objectid":14299,"nombre":"CHIRINOS","departamento":"PIURA","provincia":"AYABACA","distrito":"SUYO","institucion":"GOBIERNO REGIONAL","codigoMinsa":1946,"direccion":"OTROS CASERIO CHIRINOS - SUYO - AYABACA CASERIO CHIRINOS - SUYO - AYABACA SUYO AYABACA PIURA","disa":"PIURA","red":"AYABACA","microrred":"LAS LOMAS","categoria":"ESTABLECIMIENTO DE SALUD SIN INTERNAMIENTO","condicion":"ACTIVO","actualizado":"2023/08/01 19:00:00.000","fuente":"MINSA","urlRenipr":"http://app20.susalud.gob.pe:8080/registro-renipress-webapp/ipress.htm?action=mostrarVer&idipress=00001946"}},{"type":"Feature","geometry":{"type":"Point","coordinates":[-80.65488819999996,-5.1782883999999285]},"properties":{"objectid":14329,"nombre":"DANNLAB LABORATORIO CLINICO","departamento":"PIURA","provincia":"PIURA","distrito":"PIURA","institucion":"PRIVADO","codigoMinsa":28417,"direccion":"AVENIDA VICE NÚMERO 60 MANZANA A LOTE 60 URBANIZACIÓN TALARA DISTRITO PIURA PROVINCIA PIURA DEPARTAMENTO PIURA","disa":"PIURA","red":"NO PERTENECE A NINGUNA RED","microrred":"NO PERTENECE A NINGUNA MICRORED","categoria":"SERVICIO MÉDICO DE APOYO","condicion":"ACTIVO","actualizado":"2023/08/01 19:00:00.000","fuente":"MINSA","urlRenipr":"http://app20.susalud.gob.pe:8080/registro-renipress-webapp/ipress.htm?action=mostrarVer&idipress=00028417"}},{"type":"Feature","geometry":{"type":"Point","coordinates":[-80.65488819999996,-5.1782883999999285]},"properties":{"objectid":14333,"nombre":"AESTHETIC","departamento":"PIURA","provincia":"PIURA","distrito":"PIURA","institucion":"PRIVADO","codigoMinsa":27593,"direccion":"AVENIDA GRAU N?ERO 1078 INTERIOR 206 DISTRITO PIURA PROVINCIA PIURA DEPARTAMENTO PIURA","disa":"PIURA","red":"NO PERTENECE A NINGUNA RED","microrred":"NO PERTENECE A NINGUNA MICRORED","categoria":"ESTABLECIMIENTO DE SALUD SIN INTERNAMIENTO","condicion":"ACTIVO","actualizado":"2023/08/01 19:00:00.000","fuente":"MINSA","urlRenipr":"http://app20.susalud.gob.pe:8080/registro-renipress-webapp/ipress.htm?action=mostrarVer&idipress=00027593"}},{"type":"Feature","geometry":{"type":"Point","coordinates":[-80.62436629999996,-5.2164999999999395]},"properties":{"objectid":14335,"nombre":"MEDISALUD EIRL","departamento":"PIURA","provincia":"PIURA","distrito":"PIURA","institucion":"PRIVADO","codigoMinsa":23387,"direccion":"CALLE ROMA NÚMERO 357 PISO 1 URBANIZACIÓN PACHITEA DISTRITO PIURA PROVINCIA PIURA DEPARTAMENTO PIURA","disa":"PIURA","red":"NO PERTENECE A NINGUNA RED","microrred":"NO PERTENECE A NINGUNA MICRORED","categoria":"ESTABLECIMIENTO DE SALUD SIN INTERNAMIENTO","condicion":"ACTIVO","actualizado":"2023/08/01 19:00:00.000","fuente":"MINSA","urlRenipr":"http://app20.susalud.gob.pe:8080/registro-renipress-webapp/ipress.htm?action=mostrarVer&idipress=00023387"}},{"type":"Feature","geometry":{"type":"Point","coordinates":[-79.45536257999998,-5.129592309999964]},"properties":{"objectid":14347,"nombre":"P.S SAN ANTONIO","departamento":"PIURA","provincia":"HUANCABAMBA","distrito":"EL CARMEN DE LA FRONTERA","institucion":"GOBIERNO REGIONAL","codigoMinsa":15277,"direccion":"OTROS CASERIO SAN ANTONIO DISTRITO EL CARMEN DE LA FRONTERA PROVINCIA HUANCABAMBA DEPARTAMENTO PIURA","disa":"PIURA","red":"HUANCABAMBA","microrred":"HUANCABAMBA","categoria":"ESTABLECIMIENTO DE SALUD SIN INTERNAMIENTO","condicion":"ACTIVO","actualizado":"2023/08/01 19:00:00.000","fuente":"MINSA","urlRenipr":"http://app20.susalud.gob.pe:8080/registro-renipress-webapp/ipress.htm?action=mostrarVer&idipress=00015277"}},{"type":"Feature","geometry":{"type":"Point","coordinates":[-80.78191666999999,-5.324874999999963]},"properties":{"objectid":14348,"nombre":"P.S LOMA NEGRA","departamento":"PIURA","provincia":"PIURA","distrito":"LA ARENA","institucion":"GOBIERNO REGIONAL","codigoMinsa":2127,"direccion":"AVENIDA AV. PRINCIPAL S/N CENTRO POBLADO LOMA NEGRA NÚMERO S/N DISTRITO LA ARENA PROVINCIA PIURA DEPARTAMENTO PIURA","disa":"PIURA","red":"BAJO PIURA","microrred":"CATACAOS","categoria":"ESTABLECIMIENTO DE SALUD SIN INTERNAMIENTO","condicion":"ACTIVO","actualizado":"2023/08/01 19:00:00.000","fuente":"MINSA","urlRenipr":"http://app20.susalud.gob.pe:8080/registro-renipress-webapp/ipress.htm?action=mostrarVer&idipress=00002127"}},{"type":"Feature","geometry":{"type":"Point","coordinates":[-80.74651536999994,-5.288960069999973]},"properties":{"objectid":14349,"nombre":"P.S CUMBIBIRA","departamento":"PIURA","provincia":"PIURA","distrito":"CATACAOS","institucion":"GOBIERNO REGIONAL","codigoMinsa":2120,"direccion":"OTROS CENTRO POBLADO CUMBIBIRA S/N NÚMERO S/N DISTRITO CATACAOS PROVINCIA PIURA DEPARTAMENTO PIURA","disa":"PIURA","red":"BAJO PIURA","microrred":"CATACAOS","categoria":"ESTABLECIMIENTO DE SALUD SIN INTERNAMIENTO","condicion":"ACTIVO","actualizado":"2023/08/01 19:00:00.000","fuente":"MINSA","urlRenipr":"http://app20.susalud.gob.pe:8080/registro-renipress-webapp/ipress.htm?action=mostrarVer&idipress=00002120"}},{"type":"Feature","geometry":{"type":"Point","coordinates":[-79.79910666999996,-5.066018329999963]},"properties":{"objectid":14350,"nombre":"E.S. SAN LORENZO","departamento":"PIURA","provincia":"MORROPON","distrito":"CHALACO","institucion":"GOBIERNO REGIONAL","codigoMinsa":2204,"direccion":"OTROS CENTRO POBLADO SAN LORENZO S/N S/N CENTRO POBLADO SAN LORENZO S/N CHALACO MORROPON PIURA","disa":"PIURA","red":"MORROPON CHULUCANAS","microrred":"CHALACO","categoria":"ESTABLECIMIENTO DE SALUD SIN INTERNAMIENTO","condicion":"ACTIVO","actualizado":"2023/08/01 19:00:00.000","fuente":"MINSA","urlRenipr":"http://app20.susalud.gob.pe:8080/registro-renipress-webapp/ipress.htm?action=mostrarVer&idipress=00002204"}},{"type":"Feature","geometry":{"type":"Point","coordinates":[-80.59421576999995,-5.077960559999951]},"properties":{"objectid":14351,"nombre":"E.S. TERELA","departamento":"PIURA","provincia":"PIURA","distrito":"CASTILLA","institucion":"GOBIERNO REGIONAL","codigoMinsa":2107,"direccion":"OTROS CENTRO POBLADO TERELA S/N S/N CENTRO POBLADO TERELA S/N CASTILLA PIURA PIURA","disa":"PIURA","red":"PIURA CASTILLA","microrred":"CASTILLA","categoria":"ESTABLECIMIENTO DE SALUD SIN INTERNAMIENTO","condicion":"ACTIVO","actualizado":"2023/08/01 19:00:00.000","fuente":"MINSA","urlRenipr":"http://app20.susalud.gob.pe:8080/registro-renipress-webapp/ipress.htm?action=mostrarVer&idipress=00002107"}},{"type":"Feature","geometry":{"type":"Point","coordinates":[-79.62757166999995,-5.017189999999971]},"properties":{"objectid":14353,"nombre":"P.S CUMBICUS","departamento":"PIURA","provincia":"AYABACA","distrito":"PACAIPAMPA","institucion":"GOBIERNO REGIONAL","codigoMinsa":2212,"direccion":"OTROS CENTRO POBLADO CUMBICUS S/N N?ERO S/N DISTRITO PACAIPAMPA PROVINCIA AYABACA DEPARTAMENTO PIURA","disa":"PIURA","red":"MORROPON CHULUCANAS","microrred":"CHALACO","categoria":"ESTABLECIMIENTO DE SALUD SIN INTERNAMIENTO","condicion":"ACTIVO","actualizado":"2023/08/01 19:00:00.000","fuente":"MINSA","urlRenipr":"http://app20.susalud.gob.pe:8080/registro-renipress-webapp/ipress.htm?action=mostrarVer&idipress=00002212"}},{"type":"Feature","geometry":{"type":"Point","coordinates":[-80.68187666999995,-5.278141669999968]},"properties":{"objectid":14355,"nombre":"E.S MONTE SULLON","departamento":"PIURA","provincia":"PIURA","distrito":"CATACAOS","institucion":"GOBIERNO REGIONAL","codigoMinsa":2116,"direccion":"JIRÓN JR. NARIHUALA S/N CENTRO POBLADO MONTE SULLON-CATACAOS S/N JR. NARIHUALA S/N CENTRO POBLADO MONTE SULLON-CATACAOS CATACAOS PIURA PIURA","disa":"PIURA","red":"BAJO PIURA","microrred":"CATACAOS","categoria":"ESTABLECIMIENTO DE SALUD SIN INTERNAMIENTO","condicion":"ACTIVO","actualizado":"2023/08/01 19:00:00.000","fuente":"MINSA","urlRenipr":"http://app20.susalud.gob.pe:8080/registro-renipress-webapp/ipress.htm?action=mostrarVer&idipress=00002116"}},{"type":"Feature","geometry":{"type":"Point","coordinates":[-80.74505499999998,-5.464894999999956]},"properties":{"objectid":14358,"nombre":"E.S. BERNAL","departamento":"PIURA","provincia":"SECHURA","distrito":"BERNAL","institucion":"GOBIERNO REGIONAL","codigoMinsa":2159,"direccion":"OTROS CENTRO POBLADO BERNAL S/N S/N CENTRO POBLADO BERNAL S/N BERNAL SECHURA PIURA","disa":"PIURA","red":"BAJO PIURA","microrred":"SECHURA","categoria":"ESTABLECIMIENTO DE SALUD CON INTERNAMIENTO","condicion":"ACTIVO","actualizado":"2023/08/01 19:00:00.000","fuente":"MINSA","urlRenipr":"http://app20.susalud.gob.pe:8080/registro-renipress-webapp/ipress.htm?action=mostrarVer&idipress=00002159"}},{"type":"Feature","geometry":{"type":"Point","coordinates":[-79.84850832999996,-4.924003329999948]},"properties":{"objectid":14359,"nombre":"E.S. ARENALES","departamento":"PIURA","provincia":"AYABACA","distrito":"FRIAS","institucion":"GOBIERNO REGIONAL","codigoMinsa":2205,"direccion":"OTROS CENTRO POBLADO ARENALES S/N FRIAS AYABACA PIURA","disa":"PIURA","red":"MORROPON CHULUCANAS","microrred":"CHULUCANAS","categoria":"ESTABLECIMIENTO DE SALUD SIN INTERNAMIENTO","condicion":"ACTIVO","actualizado":"2023/08/01 19:00:00.000","fuente":"MINSA","urlRenipr":"http://app20.susalud.gob.pe:8080/registro-renipress-webapp/ipress.htm?action=mostrarVer&idipress=00002205"}},{"type":"Feature","geometry":{"type":"Point","coordinates":[-79.58287832999997,-4.9236133299999665]},"properties":{"objectid":14360,"nombre":"P.S EL PUERTO","departamento":"PIURA","provincia":"AYABACA","distrito":"PACAIPAMPA","institucion":"GOBIERNO REGIONAL","codigoMinsa":2210,"direccion":"OTROS CENTRO POBLADO EL PUERTO NÚMERO SN DISTRITO PACAIPAMPA PROVINCIA AYABACA DEPARTAMENTO PIURA","disa":"PIURA","red":"MORROPON CHULUCANAS","microrred":"CHALACO","categoria":"ESTABLECIMIENTO DE SALUD SIN INTERNAMIENTO","condicion":"ACTIVO","actualizado":"2023/08/01 19:00:00.000","fuente":"MINSA","urlRenipr":"http://app20.susalud.gob.pe:8080/registro-renipress-webapp/ipress.htm?action=mostrarVer&idipress=00002210"}},{"type":"Feature","geometry":{"type":"Point","coordinates":[-79.96803357999994,-5.265502289999972]},"properties":{"objectid":14361,"nombre":"E.S. BUENOS AIRES","departamento":"PIURA","provincia":"MORROPON","distrito":"BUENOS AIRES","institucion":"GOBIERNO REGIONAL","codigoMinsa":2188,"direccion":"CALLE CALLE MARISCAL SUCRE 513 CALLE MARISCAL SUCRE 513 BUENOS AIRES MORROPON PIURA","disa":"PIURA","red":"MORROPON CHULUCANAS","microrred":"MORROPON","categoria":"ESTABLECIMIENTO DE SALUD CON INTERNAMIENTO","condicion":"ACTIVO","actualizado":"2023/08/01 19:00:00.000","fuente":"MINSA","urlRenipr":"http://app20.susalud.gob.pe:8080/registro-renipress-webapp/ipress.htm?action=mostrarVer&idipress=00002188"}},{"type":"Feature","geometry":{"type":"Point","coordinates":[-80.13666166999997,-5.058798329999945]},"properties":{"objectid":14363,"nombre":"E.S I- 3 YAPATERA","departamento":"PIURA","provincia":"MORROPON","distrito":"CHULUCANAS","institucion":"GOBIERNO REGIONAL","codigoMinsa":2168,"direccion":"OTROS CENTRO POBLADO YAPATERA S/N S/N CENTRO POBLADO YAPATERA S/N CHULUCANAS MORROPON PIURA","disa":"PIURA","red":"MORROPON CHULUCANAS","microrred":"CHULUCANAS","categoria":"ESTABLECIMIENTO DE SALUD SIN INTERNAMIENTO","condicion":"ACTIVO","actualizado":"2023/08/01 19:00:00.000","fuente":"MINSA","urlRenipr":"http://app20.susalud.gob.pe:8080/registro-renipress-webapp/ipress.htm?action=mostrarVer&idipress=00002168"}},{"type":"Feature","geometry":{"type":"Point","coordinates":[-79.36056082999994,-5.401949769999931]},"properties":{"objectid":14364,"nombre":"E.S I.2 MANCUCUR","departamento":"PIURA","provincia":"HUANCABAMBA","distrito":"SONDOR","institucion":"GOBIERNO REGIONAL","codigoMinsa":2264,"direccion":"OTROS CASERIO MANCUCUR CASERIO MANCUCUR SONDOR HUANCABAMBA PIURA","disa":"PIURA","red":"HUANCABAMBA","microrred":"HUANCABAMBA","categoria":"ESTABLECIMIENTO DE SALUD SIN INTERNAMIENTO","condicion":"ACTIVO","actualizado":"2023/08/01 19:00:00.000","fuente":"MINSA","urlRenipr":"http://app20.susalud.gob.pe:8080/registro-renipress-webapp/ipress.htm?action=mostrarVer&idipress=00002264"}},{"type":"Feature","geometry":{"type":"Point","coordinates":[-79.67296332999996,-5.119511669999952]},"properties":{"objectid":14366,"nombre":"P.S CHOCO","departamento":"PIURA","provincia":"MORROPON","distrito":"YAMANGO","institucion":"GOBIERNO REGIONAL","codigoMinsa":2237,"direccion":"OTROS CENTRO POBLADO CHOCO S/N NÚMERO S/N DISTRITO YAMANGO PROVINCIA MORROPON DEPARTAMENTO PIURA","disa":"PIURA","red":"MORROPON CHULUCANAS","microrred":"SALITRAL","categoria":"ESTABLECIMIENTO DE SALUD SIN INTERNAMIENTO","condicion":"ACTIVO","actualizado":"2023/08/01 19:00:00.000","fuente":"MINSA","urlRenipr":"http://app20.susalud.gob.pe:8080/registro-renipress-webapp/ipress.htm?action=mostrarVer&idipress=00002237"}},{"type":"Feature","geometry":{"type":"Point","coordinates":[-80.62436629999996,-5.2164999999999395]},"properties":{"objectid":14367,"nombre":"CENTRO DE ATENCION TEMPORAL CASA SOLIDARIA","departamento":"PIURA","provincia":"PIURA","distrito":"VEINTISEIS DE OCTUBRE","institucion":"GOBIERNO REGIONAL","codigoMinsa":29368,"direccion":"PROLONGACIÓN SANCHEZ CERRO CHULUCANAS CARRETERA PIURA SULLANA EX TEXTIL S/N VEINTISEIS DE OCTUBRE PIURA PIURA","disa":"PIURA","red":"NO PERTENECE A NINGUNA RED","microrred":"NO PERTENECE A NINGUNA MICRORED","categoria":"SERVICIO MÉDICO DE APOYO","condicion":"ACTIVO","actualizado":"2023/08/01 19:00:00.000","fuente":"MINSA","urlRenipr":"http://app20.susalud.gob.pe:8080/registro-renipress-webapp/ipress.htm?action=mostrarVer&idipress=00029368"}},{"type":"Feature","geometry":{"type":"Point","coordinates":[-80.62688446999994,-5.1859011899999246]},"properties":{"objectid":14405,"nombre":"PIES SANOS","departamento":"PIURA","provincia":"PIURA","distrito":"PIURA","institucion":"PRIVADO","codigoMinsa":26329,"direccion":"AVENIDA San Ramon PISO 1 MANZANA A LOTE 13 URBANIZACI? SANTA INES DISTRITO PIURA PROVINCIA PIURA DEPARTAMENTO PIURA","disa":"PIURA","red":"NO PERTENECE A NINGUNA RED","microrred":"NO PERTENECE A NINGUNA MICRORED","categoria":"SERVICIO MÉDICO DE APOYO","condicion":"ACTIVO","actualizado":"2023/08/01 19:00:00.000","fuente":"MINSA","urlRenipr":"http://app20.susalud.gob.pe:8080/registro-renipress-webapp/ipress.htm?action=mostrarVer&idipress=00026329"}},{"type":"Feature","geometry":{"type":"Point","coordinates":[-80.65488819999996,-5.1782883999999285]},"properties":{"objectid":14435,"nombre":"LABORATORIO CLINICO HEMOLAB S.A.C.","departamento":"PIURA","provincia":"PIURA","distrito":"VEINTISEIS DE OCTUBRE","institucion":"PRIVADO","codigoMinsa":25735,"direccion":"AVENIDA GRAU NÚMERO 3117 DISTRITO VEINTISEIS DE OCTUBRE PROVINCIA PIURA DEPARTAMENTO PIURA","disa":"","red":"","microrred":"","categoria":"SERVICIO MÉDICO DE APOYO","condicion":"RUC INACTIVO EN SUNAT","actualizado":"2023/08/01 19:00:00.000","fuente":"MINSA","urlRenipr":"http://app20.susalud.gob.pe:8080/registro-renipress-webapp/ipress.htm?action=mostrarVer&idipress=00025735"}},{"type":"Feature","geometry":{"type":"Point","coordinates":[-80.63117899999997,-5.18652069999996]},"properties":{"objectid":14464,"nombre":"CONSULTORIO MÉDICO SANIDAD Y MEDICINA E.I.R.L.","departamento":"PIURA","provincia":"PIURA","distrito":"PIURA","institucion":"PRIVADO","codigoMinsa":26630,"direccion":"AVENIDA LUIS EGUIGUREN N?ERO 1015 DISTRITO PIURA PROVINCIA PIURA DEPARTAMENTO PIURA","disa":"PIURA","red":"NO PERTENECE A NINGUNA RED","microrred":"NO PERTENECE A NINGUNA MICRORED","categoria":"ESTABLECIMIENTO DE SALUD SIN INTERNAMIENTO","condicion":"ACTIVO","actualizado":"2023/08/01 19:00:00.000","fuente":"MINSA","urlRenipr":"http://app20.susalud.gob.pe:8080/registro-renipress-webapp/ipress.htm?action=mostrarVer&idipress=00026630"}},{"type":"Feature","geometry":{"type":"Point","coordinates":[-80.74777079999996,-5.470380899999952]},"properties":{"objectid":14510,"nombre":"CENTRO MEDICO OBSTETRICO MI CAUTIVO REDENTOR","departamento":"PIURA","provincia":"SECHURA","distrito":"BERNAL","institucion":"PRIVADO","codigoMinsa":12360,"direccion":"CALLE CALLE COMERCIO MZ 57 LOT 06 BERNAL DISTRITO BERNAL PROVINCIA SECHURA DEPARTAMENTO PIURA","disa":"PIURA","red":"NO PERTENECE A NINGUNA RED","microrred":"NO PERTENECE A NINGUNA MICRORED","categoria":"ESTABLECIMIENTO DE SALUD SIN INTERNAMIENTO","condicion":"ACTIVO","actualizado":"2023/08/01 19:00:00.000","fuente":"MINSA","urlRenipr":"http://app20.susalud.gob.pe:8080/registro-renipress-webapp/ipress.htm?action=mostrarVer&idipress=00012360"}},{"type":"Feature","geometry":{"type":"Point","coordinates":[-80.59878769999995,-5.186292799999933]},"properties":{"objectid":14513,"nombre":"CONSULTORIO MEDICO - UROLOGIA","departamento":"PIURA","provincia":"PIURA","distrito":"CASTILLA","institucion":"PRIVADO","codigoMinsa":27574,"direccion":"AVENIDA GUARDIA CIVIL N?ERO 207 PISO 2 DISTRITO CASTILLA PROVINCIA PIURA DEPARTAMENTO PIURA","disa":"PIURA","red":"NO PERTENECE A NINGUNA RED","microrred":"NO PERTENECE A NINGUNA MICRORED","categoria":"ESTABLECIMIENTO DE SALUD SIN INTERNAMIENTO","condicion":"ACTIVO","actualizado":"2023/08/01 19:00:00.000","fuente":"MINSA","urlRenipr":"http://app20.susalud.gob.pe:8080/registro-renipress-webapp/ipress.htm?action=mostrarVer&idipress=00027574"}},{"type":"Feature","geometry":{"type":"Point","coordinates":[-80.65488819999996,-5.1782883999999285]},"properties":{"objectid":14516,"nombre":"ODONTOMAXILOFACIAL","departamento":"PIURA","provincia":"PIURA","distrito":"PIURA","institucion":"PRIVADO","codigoMinsa":27589,"direccion":"URBANIZACIÓN EL CHIPE SECTOR LA LAGUNA MANZANA B LOTE 37 DISTRITO PIURA PROVINCIA PIURA DEPARTAMENTO PIURA","disa":"PIURA","red":"NO PERTENECE A NINGUNA RED","microrred":"NO PERTENECE A NINGUNA MICRORED","categoria":"ESTABLECIMIENTO DE SALUD SIN INTERNAMIENTO","condicion":"ACTIVO","actualizado":"2023/08/01 19:00:00.000","fuente":"MINSA","urlRenipr":"http://app20.susalud.gob.pe:8080/registro-renipress-webapp/ipress.htm?action=mostrarVer&idipress=00027589"}},{"type":"Feature","geometry":{"type":"Point","coordinates":[-80.64715928999993,-5.177903469999933]},"properties":{"objectid":14518,"nombre":"MEGAPHAR D.Q. S.R.L.","departamento":"PIURA","provincia":"PIURA","distrito":"PIURA","institucion":"OTRO","codigoMinsa":27492,"direccion":"JIRÓN LOS INCAS MANZANA C2 LOTE 17 URBANIZACI? BELLO HORIZONTE DISTRITO PIURA PROVINCIA PIURA DEPARTAMENTO PIURA","disa":"PIURA","red":"NO PERTENECE A NINGUNA RED","microrred":"NO PERTENECE A NINGUNA MICRORED","categoria":"ESTABLECIMIENTO DE SALUD SIN INTERNAMIENTO","condicion":"ACTIVO","actualizado":"2023/08/01 19:00:00.000","fuente":"MINSA","urlRenipr":"http://app20.susalud.gob.pe:8080/registro-renipress-webapp/ipress.htm?action=mostrarVer&idipress=00027492"}},{"type":"Feature","geometry":{"type":"Point","coordinates":[-80.63041599999997,-5.1855063999999516]},"properties":{"objectid":14536,"nombre":"CENTRO MÉDICO CRUZ DE MOTUPE E.I.R.L","departamento":"PIURA","provincia":"PIURA","distrito":"PIURA","institucion":"PRIVADO","codigoMinsa":27997,"direccion":"CALLE LOS CEIBOS NÚMERO 272 MANZANA I LOTE 18 URBANIZACIÓN SANTA ISABEL DISTRITO PIURA PROVINCIA PIURA DEPARTAMENTO PIURA","disa":"PIURA","red":"NO PERTENECE A NINGUNA RED","microrred":"NO PERTENECE A NINGUNA MICRORED","categoria":"ESTABLECIMIENTO DE SALUD SIN INTERNAMIENTO","condicion":"ACTIVO","actualizado":"2023/08/01 19:00:00.000","fuente":"MINSA","urlRenipr":"http://app20.susalud.gob.pe:8080/registro-renipress-webapp/ipress.htm?action=mostrarVer&idipress=00027997"}},{"type":"Feature","geometry":{"type":"Point","coordinates":[-81.09621719999996,-5.0938487999999325]},"properties":{"objectid":14545,"nombre":"CONSULTORIO DENTAL OVIEDO","departamento":"PIURA","provincia":"PAITA","distrito":"PAITA","institucion":"PRIVADO","codigoMinsa":30411,"direccion":"OTROS LAS MERCEDES NÚMERO 073 697479 MANZANA E LOTE 01 DISTRITO PAITA PROVINCIA PAITA DEPARTAMENTO PIURA","disa":"PIURA","red":"","microrred":"","categoria":"ESTABLECIMIENTO DE SALUD SIN INTERNAMIENTO","condicion":"ACTIVO","actualizado":"2023/08/01 19:00:00.000","fuente":"MINSA","urlRenipr":"http://app20.susalud.gob.pe:8080/registro-renipress-webapp/ipress.htm?action=mostrarVer&idipress=00030411"}},{"type":"Feature","geometry":{"type":"Point","coordinates":[-80.65488819999996,-5.1782883999999285]},"properties":{"objectid":14555,"nombre":"MH dental","departamento":"PIURA","provincia":"PIURA","distrito":"VEINTISEIS DE OCTUBRE","institucion":"PRIVADO","codigoMinsa":30469,"direccion":"AVENIDA Grau NÚMERO 3133 PISO 1 URBANIZACIÓN Santa Rosa DISTRITO VEINTISEIS DE OCTUBRE PROVINCIA PIURA DEPARTAMENTO PIURA","disa":"PIURA","red":"","microrred":"","categoria":"ESTABLECIMIENTO DE SALUD SIN INTERNAMIENTO","condicion":"ACTIVO","actualizado":"2023/08/01 19:00:00.000","fuente":"MINSA","urlRenipr":"http://app20.susalud.gob.pe:8080/registro-renipress-webapp/ipress.htm?action=mostrarVer&idipress=00030469"}},{"type":"Feature","geometry":{"type":"Point","coordinates":[-80.68817179999996,-5.168472099999974]},"properties":{"objectid":14585,"nombre":"CONSULTORIO ODONTOLOGICO O & C","departamento":"PIURA","provincia":"PIURA","distrito":"VEINTISEIS DE OCTUBRE","institucion":"PRIVADO","codigoMinsa":28247,"direccion":"AVENIDA CESAR VALLEJO NÚMERO 491 PISO 3 URBANIZACIÓN SAN JOSE DISTRITO VEINTISEIS DE OCTUBRE PROVINCIA PIURA DEPARTAMENTO PIURA","disa":"PIURA","red":"NO PERTENECE A NINGUNA RED","microrred":"NO PERTENECE A NINGUNA MICRORED","categoria":"ESTABLECIMIENTO DE SALUD SIN INTERNAMIENTO","condicion":"ACTIVO","actualizado":"2023/08/01 19:00:00.000","fuente":"MINSA","urlRenipr":"http://app20.susalud.gob.pe:8080/registro-renipress-webapp/ipress.htm?action=mostrarVer&idipress=00028247"}},{"type":"Feature","geometry":{"type":"Point","coordinates":[-80.65054345999994,-4.839357419999942]},"properties":{"objectid":14731,"nombre":"ENFERMERIA DEL REGIMIENTO DE CABALLERIA BLINDADO N° 13","departamento":"PIURA","provincia":"SULLANA","distrito":"QUERECOTILLO","institucion":"SANIDAD DEL EJERCITO DEL PERU","codigoMinsa":24594,"direccion":"CALLE INCLAN NÚMERO S/N MANZANA 04 LOTE 24 DISTRITO QUERECOTILLO PROVINCIA SULLANA DEPARTAMENTO PIURA","disa":"PIURA","red":"NO PERTENECE A NINGUNA RED","microrred":"NO PERTENECE A NINGUNA MICRORED","categoria":"ESTABLECIMIENTO DE SALUD SIN INTERNAMIENTO","condicion":"ACTIVO","actualizado":"2023/08/01 19:00:00.000","fuente":"MINSA","urlRenipr":"http://app20.susalud.gob.pe:8080/registro-renipress-webapp/ipress.htm?action=mostrarVer&idipress=00024594"}},{"type":"Feature","geometry":{"type":"Point","coordinates":[-80.62970549999994,-5.222922499999925]},"properties":{"objectid":14762,"nombre":"CLINICA ALTA GRACIA","departamento":"PIURA","provincia":"PIURA","distrito":"PIURA","institucion":"PRIVADO","codigoMinsa":19951,"direccion":"AVENIDA AV. GRAU Nº 2272-01 INT. A MZ. A LT. Nº 40 URB. LAS MERCEDES AV. GRAU Nº 2272-01 INT. A MZ. A LT. Nº 40 URB. LAS MERCEDES PIURA PIURA PIURA","disa":"PIURA","red":"NO PERTENECE A NINGUNA RED","microrred":"NO PERTENECE A NINGUNA MICRORED","categoria":"ESTABLECIMIENTO DE SALUD SIN INTERNAMIENTO","condicion":"ACTIVO","actualizado":"2023/08/01 19:00:00.000","fuente":"MINSA","urlRenipr":"http://app20.susalud.gob.pe:8080/registro-renipress-webapp/ipress.htm?action=mostrarVer&idipress=00019951"}},{"type":"Feature","geometry":{"type":"Point","coordinates":[-80.62838849999997,-5.18576859999996]},"properties":{"objectid":14790,"nombre":"CLÍNICA SAN JUAN DE DIOS DE PIURA","departamento":"PIURA","provincia":"PIURA","distrito":"PIURA","institucion":"PRIVADO","codigoMinsa":16067,"direccion":"CALLE CALLE SAN CRISTOBAL 104 URB SANTA ISABEL DISTRITO PIURA PROVINCIA PIURA DEPARTAMENTO PIURA","disa":"PIURA","red":"NO PERTENECE A NINGUNA RED","microrred":"NO PERTENECE A NINGUNA MICRORED","categoria":"ESTABLECIMIENTO DE SALUD SIN INTERNAMIENTO","condicion":"ACTIVO","actualizado":"2023/08/01 19:00:00.000","fuente":"MINSA","urlRenipr":"http://app20.susalud.gob.pe:8080/registro-renipress-webapp/ipress.htm?action=mostrarVer&idipress=00016067"}},{"type":"Feature","geometry":{"type":"Point","coordinates":[-80.65488819999996,-5.1782883999999285]},"properties":{"objectid":14968,"nombre":"CENTRO ODONTOLOGICO REBAZA DENT E.I.R.L.","departamento":"PIURA","provincia":"PIURA","distrito":"PIURA","institucion":"PRIVADO","codigoMinsa":16938,"direccion":"AVENIDA AV. BOLOGNESI Nº 655 INT 203 DISTRITO PIURA PROVINCIA PIURA DEPARTAMENTO PIURA","disa":"PIURA","red":"NO PERTENECE A NINGUNA RED","microrred":"NO PERTENECE A NINGUNA MICRORED","categoria":"ESTABLECIMIENTO DE SALUD SIN INTERNAMIENTO","condicion":"ACTIVO","actualizado":"2023/08/01 19:00:00.000","fuente":"MINSA","urlRenipr":"http://app20.susalud.gob.pe:8080/registro-renipress-webapp/ipress.htm?action=mostrarVer&idipress=00016938"}},{"type":"Feature","geometry":{"type":"Point","coordinates":[-80.68643229999998,-4.903637999999944]},"properties":{"objectid":15043,"nombre":"LIDER SALUD","departamento":"PIURA","provincia":"SULLANA","distrito":"SULLANA","institucion":"PRIVADO","codigoMinsa":30410,"direccion":"CALLE HIPOLITO UNANUE NÚMERO 387 PISO 1 DISTRITO SULLANA PROVINCIA SULLANA DEPARTAMENTO PIURA","disa":"PIURA","red":"","microrred":"","categoria":"ESTABLECIMIENTO DE SALUD SIN INTERNAMIENTO","condicion":"ACTIVO","actualizado":"2023/08/01 19:00:00.000","fuente":"MINSA","urlRenipr":"http://app20.susalud.gob.pe:8080/registro-renipress-webapp/ipress.htm?action=mostrarVer&idipress=00030410"}},{"type":"Feature","geometry":{"type":"Point","coordinates":[-80.61779409999997,-5.201410199999941]},"properties":{"objectid":15100,"nombre":"CENTRO ODONTOLOGICO ORAL ESTHETC - PIURA E.I.R.L.","departamento":"PIURA","provincia":"PIURA","distrito":"PIURA","institucion":"PRIVADO","codigoMinsa":27863,"direccion":"CALLE LIMA NÚMERO 265 DISTRITO PIURA PROVINCIA PIURA DEPARTAMENTO PIURA","disa":"PIURA","red":"NO PERTENECE A NINGUNA RED","microrred":"NO PERTENECE A NINGUNA MICRORED","categoria":"ESTABLECIMIENTO DE SALUD SIN INTERNAMIENTO","condicion":"ACTIVO","actualizado":"2023/08/01 19:00:00.000","fuente":"MINSA","urlRenipr":"http://app20.susalud.gob.pe:8080/registro-renipress-webapp/ipress.htm?action=mostrarVer&idipress=00027863"}},{"type":"Feature","geometry":{"type":"Point","coordinates":[-80.80782529999993,-5.565166499999975]},"properties":{"objectid":15198,"nombre":"CENTRO MEDICO DE SALUD OCUPACIONAL DESIERTO DE SECHURA SAC","departamento":"PIURA","provincia":"SECHURA","distrito":"SECHURA","institucion":"PRIVADO","codigoMinsa":16008,"direccion":"CALLE CALLE EGUGUREN Nº 701 DISTRITO SECHURA PROVINCIA SECHURA DEPARTAMENTO PIURA","disa":"PIURA","red":"","microrred":"NO PERTENECE A NINGUNA MICRORED","categoria":"ESTABLECIMIENTO DE SALUD SIN INTERNAMIENTO","condicion":"ACTIVO","actualizado":"2023/08/01 19:00:00.000","fuente":"MINSA","urlRenipr":"http://app20.susalud.gob.pe:8080/registro-renipress-webapp/ipress.htm?action=mostrarVer&idipress=00016008"}},{"type":"Feature","geometry":{"type":"Point","coordinates":[-81.09621719999996,-5.0938487999999325]},"properties":{"objectid":15270,"nombre":"CENTRO MEDICO VARGAS SALUD OCUPACIONAL","departamento":"PIURA","provincia":"PAITA","distrito":"PAITA","institucion":"PRIVADO","codigoMinsa":16578,"direccion":"OTROS MZN LOTE38 S.ETAPA URB.ISABEL BARRETO DISTRITO PAITA PROVINCIA PAITA DEPARTAMENTO PIURA","disa":"PIURA","red":"NO PERTENECE A NINGUNA RED","microrred":"NO PERTENECE A NINGUNA MICRORED","categoria":"ESTABLECIMIENTO DE SALUD SIN INTERNAMIENTO","condicion":"ACTIVO","actualizado":"2023/08/01 19:00:00.000","fuente":"MINSA","urlRenipr":"http://app20.susalud.gob.pe:8080/registro-renipress-webapp/ipress.htm?action=mostrarVer&idipress=00016578"}},{"type":"Feature","geometry":{"type":"Point","coordinates":[-80.63277294999995,-5.1939455999999495]},"properties":{"objectid":15307,"nombre":"CLINICA DE HEMODIALISIS SAN FRANCISCO","departamento":"PIURA","provincia":"PIURA","distrito":"PIURA","institucion":"PRIVADO","codigoMinsa":15466,"direccion":"AVENIDA AV. LOS COCOS Nº 205 URB. CLUB GRAU DISTRITO PIURA PROVINCIA PIURA DEPARTAMENTO PIURA","disa":"PIURA","red":"NO PERTENECE A NINGUNA RED","microrred":"NO PERTENECE A NINGUNA MICRORED","categoria":"SERVICIO MÉDICO DE APOYO","condicion":"ACTIVO","actualizado":"2023/08/01 19:00:00.000","fuente":"MINSA","urlRenipr":"http://app20.susalud.gob.pe:8080/registro-renipress-webapp/ipress.htm?action=mostrarVer&idipress=00015466"}},{"type":"Feature","geometry":{"type":"Point","coordinates":[-80.68643229999998,-4.903637999999944]},"properties":{"objectid":15311,"nombre":"Consultorios Medicos Santa Fe","departamento":"PIURA","provincia":"SULLANA","distrito":"SULLANA","institucion":"PRIVADO","codigoMinsa":30294,"direccion":"AVENIDA Jose de Lama NÚMERO 850 PISO 3 DISTRITO SULLANA PROVINCIA SULLANA DEPARTAMENTO PIURA","disa":"PIURA","red":"","microrred":"","categoria":"ESTABLECIMIENTO DE SALUD SIN INTERNAMIENTO","condicion":"ACTIVO","actualizado":"2023/08/01 19:00:00.000","fuente":"MINSA","urlRenipr":"http://app20.susalud.gob.pe:8080/registro-renipress-webapp/ipress.htm?action=mostrarVer&idipress=00030294"}},{"type":"Feature","geometry":{"type":"Point","coordinates":[-81.03129889999997,-4.466140899999971]},"properties":{"objectid":15481,"nombre":"SE & SO SAC","departamento":"PIURA","provincia":"TALARA","distrito":"PARIÑAS","institucion":"PRIVADO","codigoMinsa":18396,"direccion":"URBANIZACIÓN JAMES STORM MANZANA A LOTE 26 URBANIZACIÓN JAMES STORM DISTRITO PARIÑAS PROVINCIA TALARA DEPARTAMENTO PIURA","disa":"PIURA","red":"NO PERTENECE A NINGUNA RED","microrred":"NO PERTENECE A NINGUNA MICRORED","categoria":"ESTABLECIMIENTO DE SALUD SIN INTERNAMIENTO","condicion":"ACTIVO","actualizado":"2023/08/01 19:00:00.000","fuente":"MINSA","urlRenipr":"http://app20.susalud.gob.pe:8080/registro-renipress-webapp/ipress.htm?action=mostrarVer&idipress=00018396"}},{"type":"Feature","geometry":{"type":"Point","coordinates":[-80.69510379999997,-4.9007735999999795]},"properties":{"objectid":15493,"nombre":"CENTRO ODONTOLÓGICO ESPECIALIZADO","departamento":"PIURA","provincia":"SULLANA","distrito":"SULLANA","institucion":"PRIVADO","codigoMinsa":13729,"direccion":"OTROS JOSE DE LAMA N 1011 DISTRITO SULLANA PROVINCIA SULLANA DEPARTAMENTO PIURA","disa":"PIURA","red":"NO PERTENECE A NINGUNA RED","microrred":"NO PERTENECE A NINGUNA MICRORED","categoria":"ESTABLECIMIENTO DE SALUD SIN INTERNAMIENTO","condicion":"ACTIVO","actualizado":"2023/08/01 19:00:00.000","fuente":"MINSA","urlRenipr":"http://app20.susalud.gob.pe:8080/registro-renipress-webapp/ipress.htm?action=mostrarVer&idipress=00013729"}},{"type":"Feature","geometry":{"type":"Point","coordinates":[-80.65488819999996,-5.1782883999999285]},"properties":{"objectid":15574,"nombre":"CENTRO DE ESTIMULACION TEMPRANA \"MI PRIMER PASITO\"","departamento":"PIURA","provincia":"PIURA","distrito":"PIURA","institucion":"PRIVADO","codigoMinsa":17028,"direccion":"AVENIDA AV. COUNTRY Nº 208 URB. SANTA ISABEL DISTRITO PIURA PROVINCIA PIURA DEPARTAMENTO PIURA","disa":"","red":"","microrred":"","categoria":"ESTABLECIMIENTO DE SALUD SIN INTERNAMIENTO","condicion":"RUC INACTIVO EN SUNAT","actualizado":"2023/08/01 19:00:00.000","fuente":"MINSA","urlRenipr":"http://app20.susalud.gob.pe:8080/registro-renipress-webapp/ipress.htm?action=mostrarVer&idipress=00017028"}},{"type":"Feature","geometry":{"type":"Point","coordinates":[-80.68643229999998,-4.903637999999944]},"properties":{"objectid":15851,"nombre":"CENTRO OFTALMOLOGICO NOBA VISION E.I.R.L.","departamento":"PIURA","provincia":"SULLANA","distrito":"SULLANA","institucion":"PRIVADO","codigoMinsa":26896,"direccion":"CALLE SUCRE N?ERO 462 DISTRITO SULLANA PROVINCIA SULLANA DEPARTAMENTO PIURA","disa":"PIURA","red":"NO PERTENECE A NINGUNA RED","microrred":"NO PERTENECE A NINGUNA MICRORED","categoria":"ESTABLECIMIENTO DE SALUD SIN INTERNAMIENTO","condicion":"ACTIVO","actualizado":"2023/08/01 19:00:00.000","fuente":"MINSA","urlRenipr":"http://app20.susalud.gob.pe:8080/registro-renipress-webapp/ipress.htm?action=mostrarVer&idipress=00026896"}},{"type":"Feature","geometry":{"type":"Point","coordinates":[-81.03129889999997,-4.466140899999971]},"properties":{"objectid":15903,"nombre":"CENTRO MEDICO SAN JOSE OBRERO","departamento":"PIURA","provincia":"TALARA","distrito":"PARIÑAS","institucion":"PRIVADO","codigoMinsa":29317,"direccion":"AVENIDA GRAU NÚMERO 113 DISTRITO PARIÑAS PROVINCIA TALARA DEPARTAMENTO PIURA","disa":"PIURA","red":"","microrred":"","categoria":"ESTABLECIMIENTO DE SALUD SIN INTERNAMIENTO","condicion":"ACTIVO","actualizado":"2023/08/01 19:00:00.000","fuente":"MINSA","urlRenipr":"http://app20.susalud.gob.pe:8080/registro-renipress-webapp/ipress.htm?action=mostrarVer&idipress=00029317"}},{"type":"Feature","geometry":{"type":"Point","coordinates":[-81.27459234999998,-4.583809249999945]},"properties":{"objectid":16182,"nombre":"PULSO SALUD","departamento":"PIURA","provincia":"TALARA","distrito":"PARIÑAS","institucion":"PRIVADO","codigoMinsa":20663,"direccion":"AVENIDA AV. SALAVERRY G 79 A DISTRITO PARIÑAS PROVINCIA TALARA DEPARTAMENTO PIURA","disa":"PIURA","red":"NO PERTENECE A NINGUNA RED","microrred":"NO PERTENECE A NINGUNA MICRORED","categoria":"ESTABLECIMIENTO DE SALUD SIN INTERNAMIENTO","condicion":"ACTIVO","actualizado":"2023/08/01 19:00:00.000","fuente":"MINSA","urlRenipr":"http://app20.susalud.gob.pe:8080/registro-renipress-webapp/ipress.htm?action=mostrarVer&idipress=00020663"}},{"type":"Feature","geometry":{"type":"Point","coordinates":[-81.27121839999995,-4.575983439999959]},"properties":{"objectid":16247,"nombre":"CENTRO MEDICO SAN PABLO-TALARA EIRL","departamento":"PIURA","provincia":"TALARA","distrito":"PARIÑAS","institucion":"PRIVADO","codigoMinsa":12085,"direccion":"PARQUE PARQUE 10-16 TALARA DISTRITO PARIÑAS PROVINCIA TALARA DEPARTAMENTO PIURA","disa":"PIURA","red":"NO PERTENECE A NINGUNA RED","microrred":"NO PERTENECE A NINGUNA MICRORED","categoria":"ESTABLECIMIENTO DE SALUD SIN INTERNAMIENTO","condicion":"ACTIVO","actualizado":"2023/08/01 19:00:00.000","fuente":"MINSA","urlRenipr":"http://app20.susalud.gob.pe:8080/registro-renipress-webapp/ipress.htm?action=mostrarVer&idipress=00012085"}},{"type":"Feature","geometry":{"type":"Point","coordinates":[-80.65488819999996,-5.1782883999999285]},"properties":{"objectid":16275,"nombre":"GYNODENT","departamento":"PIURA","provincia":"PIURA","distrito":"PIURA","institucion":"PRIVADO","codigoMinsa":27339,"direccion":"CALLE RYCHARD CUSHING N?ERO 207 DISTRITO PIURA PROVINCIA PIURA DEPARTAMENTO PIURA","disa":"PIURA","red":"NO PERTENECE A NINGUNA RED","microrred":"NO PERTENECE A NINGUNA MICRORED","categoria":"ESTABLECIMIENTO DE SALUD SIN INTERNAMIENTO","condicion":"ACTIVO","actualizado":"2023/08/01 19:00:00.000","fuente":"MINSA","urlRenipr":"http://app20.susalud.gob.pe:8080/registro-renipress-webapp/ipress.htm?action=mostrarVer&idipress=00027339"}},{"type":"Feature","geometry":{"type":"Point","coordinates":[-80.69692599999996,-4.9115229999999315]},"properties":{"objectid":16285,"nombre":"CONSULTORIOS MÉDICOS SANTA ROSA","departamento":"PIURA","provincia":"SULLANA","distrito":"SULLANA","institucion":"PRIVADO","codigoMinsa":28989,"direccion":"AVENIDA SANTA ROSA NÚMERO 369 DISTRITO SULLANA PROVINCIA SULLANA DEPARTAMENTO PIURA","disa":"PIURA","red":"NO PERTENECE A NINGUNA RED","microrred":"NO PERTENECE A NINGUNA MICRORED","categoria":"ESTABLECIMIENTO DE SALUD SIN INTERNAMIENTO","condicion":"ACTIVO","actualizado":"2023/08/01 19:00:00.000","fuente":"MINSA","urlRenipr":"http://app20.susalud.gob.pe:8080/registro-renipress-webapp/ipress.htm?action=mostrarVer&idipress=00028989"}},{"type":"Feature","geometry":{"type":"Point","coordinates":[-81.04510369999997,-4.103478199999927]},"properties":{"objectid":16290,"nombre":"CLINICA SAN PEDRO APOSTOL","departamento":"PIURA","provincia":"TALARA","distrito":"MANCORA","institucion":"PRIVADO","codigoMinsa":12356,"direccion":"AVENIDA AV. GRAU 636 MANCORA DISTRITO MANCORA PROVINCIA TALARA DEPARTAMENTO PIURA","disa":"PIURA","red":"","microrred":"NO PERTENECE A NINGUNA MICRORED","categoria":"ESTABLECIMIENTO DE SALUD CON INTERNAMIENTO","condicion":"ACTIVO","actualizado":"2023/08/01 19:00:00.000","fuente":"MINSA","urlRenipr":"http://app20.susalud.gob.pe:8080/registro-renipress-webapp/ipress.htm?action=mostrarVer&idipress=00012356"}},{"type":"Feature","geometry":{"type":"Point","coordinates":[-80.33908222999997,-4.9807676799999285]},"properties":{"objectid":16291,"nombre":"LA GREDA","departamento":"PIURA","provincia":"PIURA","distrito":"TAMBO GRANDE","institucion":"GOBIERNO REGIONAL","codigoMinsa":1999,"direccion":"AVENIDA AV. INTERNACIONAL S/N CENTRO POBLADO LA GREDA NUEVA NÚMERO S/N DISTRITO TAMBO GRANDE PROVINCIA PIURA DEPARTAMENTO PIURA","disa":"PIURA","red":"AYABACA","microrred":"TAMBOGRANDE","categoria":"ESTABLECIMIENTO DE SALUD SIN INTERNAMIENTO","condicion":"ACTIVO","actualizado":"2023/08/01 19:00:00.000","fuente":"MINSA","urlRenipr":"http://app20.susalud.gob.pe:8080/registro-renipress-webapp/ipress.htm?action=mostrarVer&idipress=00001999"}},{"type":"Feature","geometry":{"type":"Point","coordinates":[-79.68475522999995,-4.512268099999972]},"properties":{"objectid":16292,"nombre":"GICLAS","departamento":"PIURA","provincia":"AYABACA","distrito":"AYABACA","institucion":"GOBIERNO REGIONAL","codigoMinsa":1931,"direccion":"OTROS CASERÍO GICLAS - AYABACA DISTRITO AYABACA PROVINCIA AYABACA DEPARTAMENTO PIURA","disa":"PIURA","red":"AYABACA","microrred":"AYABACA","categoria":"ESTABLECIMIENTO DE SALUD SIN INTERNAMIENTO","condicion":"ACTIVO","actualizado":"2023/08/01 19:00:00.000","fuente":"MINSA","urlRenipr":"http://app20.susalud.gob.pe:8080/registro-renipress-webapp/ipress.htm?action=mostrarVer&idipress=00001931"}},{"type":"Feature","geometry":{"type":"Point","coordinates":[-79.76186701999995,-4.752006869999946]},"properties":{"objectid":16293,"nombre":"SAUSAL DEL QUIROZ","departamento":"PIURA","provincia":"AYABACA","distrito":"AYABACA","institucion":"GOBIERNO REGIONAL","codigoMinsa":18426,"direccion":"OTROS CASERIO SAUSAL DEL QUIROZ - AYABACA DISTRITO AYABACA PROVINCIA AYABACA DEPARTAMENTO PIURA","disa":"PIURA","red":"AYABACA","microrred":"AYABACA","categoria":"ESTABLECIMIENTO DE SALUD SIN INTERNAMIENTO","condicion":"ACTIVO","actualizado":"2023/08/01 19:00:00.000","fuente":"MINSA","urlRenipr":"http://app20.susalud.gob.pe:8080/registro-renipress-webapp/ipress.htm?action=mostrarVer&idipress=00018426"}},{"type":"Feature","geometry":{"type":"Point","coordinates":[-80.27335819999996,-4.793978539999955]},"properties":{"objectid":16294,"nombre":"CENTRO DE SALUD SAN ISIDRO","departamento":"PIURA","provincia":"PIURA","distrito":"TAMBO GRANDE","institucion":"GOBIERNO REGIONAL","codigoMinsa":1978,"direccion":"OTROS CASERIO SAN ISIDRO CASERIO SAN ISIDRO TAMBO GRANDE PIURA PIURA","disa":"PIURA","red":"AYABACA","microrred":"TAMBOGRANDE","categoria":"ESTABLECIMIENTO DE SALUD SIN INTERNAMIENTO","condicion":"ACTIVO","actualizado":"2023/08/01 19:00:00.000","fuente":"MINSA","urlRenipr":"http://app20.susalud.gob.pe:8080/registro-renipress-webapp/ipress.htm?action=mostrarVer&idipress=00001978"}},{"type":"Feature","geometry":{"type":"Point","coordinates":[-79.92861286999994,-4.428222509999955]},"properties":{"objectid":16295,"nombre":"SURPAMPA","departamento":"PIURA","provincia":"AYABACA","distrito":"SUYO","institucion":"GOBIERNO REGIONAL","codigoMinsa":1950,"direccion":"OTROS CASERIO SURPAMPA - SUYO - AYABACA CASERIO SURPAMPA - SUYO - AYABACA SUYO AYABACA PIURA","disa":"PIURA","red":"AYABACA","microrred":"LAS LOMAS","categoria":"ESTABLECIMIENTO DE SALUD SIN INTERNAMIENTO","condicion":"ACTIVO","actualizado":"2023/08/01 19:00:00.000","fuente":"MINSA","urlRenipr":"http://app20.susalud.gob.pe:8080/registro-renipress-webapp/ipress.htm?action=mostrarVer&idipress=00001950"}},{"type":"Feature","geometry":{"type":"Point","coordinates":[-79.96440685999994,-4.393283279999935]},"properties":{"objectid":16296,"nombre":"PUENTE INTERNACIONAL","departamento":"PIURA","provincia":"AYABACA","distrito":"SUYO","institucion":"GOBIERNO REGIONAL","codigoMinsa":1952,"direccion":"OTROS ALTURA DE PUENTE INTERNACIONAL DISTRITO SUYO PROVINCIA AYABACA DEPARTAMENTO PIURA","disa":"PIURA","red":"AYABACA","microrred":"LAS LOMAS","categoria":"ESTABLECIMIENTO DE SALUD SIN INTERNAMIENTO","condicion":"ACTIVO","actualizado":"2023/08/01 19:00:00.000","fuente":"MINSA","urlRenipr":"http://app20.susalud.gob.pe:8080/registro-renipress-webapp/ipress.htm?action=mostrarVer&idipress=00001952"}},{"type":"Feature","geometry":{"type":"Point","coordinates":[-79.61200452999998,-4.747930459999964]},"properties":{"objectid":16297,"nombre":"PUESTO DE SALUD HUALCUY","departamento":"PIURA","provincia":"AYABACA","distrito":"AYABACA","institucion":"GOBIERNO REGIONAL","codigoMinsa":19125,"direccion":"OTROS CASERIO HUALCUY - AYABACA DISTRITO AYABACA PROVINCIA AYABACA DEPARTAMENTO PIURA","disa":"PIURA","red":"AYABACA","microrred":"AYABACA","categoria":"ESTABLECIMIENTO DE SALUD SIN INTERNAMIENTO","condicion":"ACTIVO","actualizado":"2023/08/01 19:00:00.000","fuente":"MINSA","urlRenipr":"http://app20.susalud.gob.pe:8080/registro-renipress-webapp/ipress.htm?action=mostrarVer&idipress=00019125"}},{"type":"Feature","geometry":{"type":"Point","coordinates":[-80.20685138999994,-4.9083828999999355]},"properties":{"objectid":16298,"nombre":"GUARAGUAOS","departamento":"PIURA","provincia":"PIURA","distrito":"TAMBO GRANDE","institucion":"GOBIERNO REGIONAL","codigoMinsa":1998,"direccion":"OTROS CASERIO GUARAGUAOS DISTRITO TAMBO GRANDE PROVINCIA PIURA DEPARTAMENTO PIURA","disa":"PIURA","red":"AYABACA","microrred":"TAMBOGRANDE","categoria":"ESTABLECIMIENTO DE SALUD SIN INTERNAMIENTO","condicion":"ACTIVO","actualizado":"2023/08/01 19:00:00.000","fuente":"MINSA","urlRenipr":"http://app20.susalud.gob.pe:8080/registro-renipress-webapp/ipress.htm?action=mostrarVer&idipress=00001998"}},{"type":"Feature","geometry":{"type":"Point","coordinates":[-80.34837138999995,-4.659667499999955]},"properties":{"objectid":16299,"nombre":"PICHONES BAJO","departamento":"PIURA","provincia":"PIURA","distrito":"LAS LOMAS","institucion":"GOBIERNO REGIONAL","codigoMinsa":10421,"direccion":"OTROS CASERIO PICHONES BAJO-LAS LOMAS DISTRITO LAS LOMAS PROVINCIA PIURA DEPARTAMENTO PIURA","disa":"PIURA","red":"AYABACA","microrred":"LAS LOMAS","categoria":"ESTABLECIMIENTO DE SALUD SIN INTERNAMIENTO","condicion":"ACTIVO","actualizado":"2023/08/01 19:00:00.000","fuente":"MINSA","urlRenipr":"http://app20.susalud.gob.pe:8080/registro-renipress-webapp/ipress.htm?action=mostrarVer&idipress=00010421"}},{"type":"Feature","geometry":{"type":"Point","coordinates":[-80.25016271999993,-4.951931059999936]},"properties":{"objectid":16300,"nombre":"MALINGAS","departamento":"PIURA","provincia":"PIURA","distrito":"TAMBO GRANDE","institucion":"GOBIERNO REGIONAL","codigoMinsa":1981,"direccion":"OTROS CASERIO MALINGAS -TAMBOGRANDE CASERIO MALINGAS -TAMBOGRANDE TAMBO GRANDE PIURA PIURA","disa":"PIURA","red":"AYABACA","microrred":"TAMBOGRANDE","categoria":"ESTABLECIMIENTO DE SALUD SIN INTERNAMIENTO","condicion":"ACTIVO","actualizado":"2023/08/01 19:00:00.000","fuente":"MINSA","urlRenipr":"http://app20.susalud.gob.pe:8080/registro-renipress-webapp/ipress.htm?action=mostrarVer&idipress=00001981"}},{"type":"Feature","geometry":{"type":"Point","coordinates":[-79.80663921999997,-4.6461751599999275]},"properties":{"objectid":16301,"nombre":"SICACATE","departamento":"PIURA","provincia":"AYABACA","distrito":"MONTERO","institucion":"GOBIERNO REGIONAL","codigoMinsa":1971,"direccion":"OTROS CASERIO SICACATE - MONTERO DISTRITO MONTERO PROVINCIA AYABACA DEPARTAMENTO PIURA","disa":"PIURA","red":"AYABACA","microrred":"PAIMAS","categoria":"ESTABLECIMIENTO DE SALUD SIN INTERNAMIENTO","condicion":"ACTIVO","actualizado":"2023/08/01 19:00:00.000","fuente":"MINSA","urlRenipr":"http://app20.susalud.gob.pe:8080/registro-renipress-webapp/ipress.htm?action=mostrarVer&idipress=00001971"}},{"type":"Feature","geometry":{"type":"Point","coordinates":[-79.82070634999997,-4.877370289999931]},"properties":{"objectid":16302,"nombre":"SALVIA","departamento":"PIURA","provincia":"AYABACA","distrito":"LAGUNAS","institucion":"GOBIERNO REGIONAL","codigoMinsa":1967,"direccion":"OTROS CASERIO SALVIA CASERIO SALVIA LAGUNAS AYABACA PIURA","disa":"PIURA","red":"AYABACA","microrred":"PAIMAS","categoria":"ESTABLECIMIENTO DE SALUD SIN INTERNAMIENTO","condicion":"ACTIVO","actualizado":"2023/08/01 19:00:00.000","fuente":"MINSA","urlRenipr":"http://app20.susalud.gob.pe:8080/registro-renipress-webapp/ipress.htm?action=mostrarVer&idipress=00001967"}},{"type":"Feature","geometry":{"type":"Point","coordinates":[-80.39947078999995,-4.474424059999933]},"properties":{"objectid":16303,"nombre":"EL ALAMOR","departamento":"PIURA","provincia":"SULLANA","distrito":"LANCONES","institucion":"GOBIERNO REGIONAL","codigoMinsa":2065,"direccion":"OTROS CASERIO EL ALAMOR - LANCONES DISTRITO LANCONES PROVINCIA SULLANA DEPARTAMENTO PIURA","disa":"PIURA","red":"SULLANA","microrred":"LANCONES","categoria":"ESTABLECIMIENTO DE SALUD SIN INTERNAMIENTO","condicion":"ACTIVO","actualizado":"2023/08/01 19:00:00.000","fuente":"MINSA","urlRenipr":"http://app20.susalud.gob.pe:8080/registro-renipress-webapp/ipress.htm?action=mostrarVer&idipress=00002065"}},{"type":"Feature","geometry":{"type":"Point","coordinates":[-80.50303632999999,-4.323922249999953]},"properties":{"objectid":16304,"nombre":"ENCUENTRO DE PILARES","departamento":"PIURA","provincia":"SULLANA","distrito":"LANCONES","institucion":"GOBIERNO REGIONAL","codigoMinsa":2061,"direccion":"OTROS CASERIO ENCUENTRO DE PILARES DISTRITO LANCONES PROVINCIA SULLANA DEPARTAMENTO PIURA","disa":"PIURA","red":"SULLANA","microrred":"LANCONES","categoria":"ESTABLECIMIENTO DE SALUD SIN INTERNAMIENTO","condicion":"ACTIVO","actualizado":"2023/08/01 19:00:00.000","fuente":"MINSA","urlRenipr":"http://app20.susalud.gob.pe:8080/registro-renipress-webapp/ipress.htm?action=mostrarVer&idipress=00002061"}},{"type":"Feature","geometry":{"type":"Point","coordinates":[-79.55012582999996,-4.781155189999936]},"properties":{"objectid":16305,"nombre":"TAPAL","departamento":"PIURA","provincia":"AYABACA","distrito":"AYABACA","institucion":"GOBIERNO REGIONAL","codigoMinsa":1912,"direccion":"OTROS CASERIO TAPAL- AYABACA DISTRITO AYABACA PROVINCIA AYABACA DEPARTAMENTO PIURA","disa":"PIURA","red":"AYABACA","microrred":"AYABACA","categoria":"ESTABLECIMIENTO DE SALUD SIN INTERNAMIENTO","condicion":"ACTIVO","actualizado":"2023/08/01 19:00:00.000","fuente":"MINSA","urlRenipr":"http://app20.susalud.gob.pe:8080/registro-renipress-webapp/ipress.htm?action=mostrarVer&idipress=00001912"}},{"type":"Feature","geometry":{"type":"Point","coordinates":[-80.72871996999999,-5.318392459999927]},"properties":{"objectid":16365,"nombre":"E.S RIO VIEJO","departamento":"PIURA","provincia":"PIURA","distrito":"LA ARENA","institucion":"GOBIERNO REGIONAL","codigoMinsa":2128,"direccion":"AVENIDA AV. PRINCIPAL S/N CENTRO POBLADO LOMA NEGRA S/N AV. PRINCIPAL S/N CENTRO POBLADO LOMA NEGRA LA ARENA PIURA PIURA","disa":"PIURA","red":"BAJO PIURA","microrred":"CATACAOS","categoria":"ESTABLECIMIENTO DE SALUD SIN INTERNAMIENTO","condicion":"ACTIVO","actualizado":"2023/08/01 19:00:00.000","fuente":"MINSA","urlRenipr":"http://app20.susalud.gob.pe:8080/registro-renipress-webapp/ipress.htm?action=mostrarVer&idipress=00002128"}},{"type":"Feature","geometry":{"type":"Point","coordinates":[-79.74443572999996,-5.434763459999942]},"properties":{"objectid":16366,"nombre":"P.S LAS HUACAS","departamento":"PIURA","provincia":"HUANCABAMBA","distrito":"SAN MIGUEL DE EL FAIQUE","institucion":"GOBIERNO REGIONAL","codigoMinsa":2243,"direccion":"CALLE CALLE PRINCIPAL S/N S/N CALLE PRINCIPAL S/N SAN MIGUEL DE EL FAIQUE HUANCABAMBA PIURA","disa":"PIURA","red":"MORROPON CHULUCANAS","microrred":"CANCHAQUE","categoria":"ESTABLECIMIENTO DE SALUD SIN INTERNAMIENTO","condicion":"ACTIVO","actualizado":"2023/08/01 19:00:00.000","fuente":"MINSA","urlRenipr":"http://app20.susalud.gob.pe:8080/registro-renipress-webapp/ipress.htm?action=mostrarVer&idipress=00002243"}},{"type":"Feature","geometry":{"type":"Point","coordinates":[-79.46901878999995,-5.299209769999948]},"properties":{"objectid":16368,"nombre":"EE.SS I-2 JUZGARA","departamento":"PIURA","provincia":"HUANCABAMBA","distrito":"HUANCABAMBA","institucion":"GOBIERNO REGIONAL","codigoMinsa":2251,"direccion":"OTROS CENTRO POBLADO JUZGARA S/N S/N CENTRO POBLADO JUZGARA S/N HUANCABAMBA HUANCABAMBA PIURA","disa":"PIURA","red":"HUANCABAMBA","microrred":"HUANCABAMBA","categoria":"ESTABLECIMIENTO DE SALUD SIN INTERNAMIENTO","condicion":"ACTIVO","actualizado":"2023/08/01 19:00:00.000","fuente":"MINSA","urlRenipr":"http://app20.susalud.gob.pe:8080/registro-renipress-webapp/ipress.htm?action=mostrarVer&idipress=00002251"}},{"type":"Feature","geometry":{"type":"Point","coordinates":[-80.60454499999997,-5.12352999999996]},"properties":{"objectid":16369,"nombre":"P.S. CHAPAIRA","departamento":"PIURA","provincia":"PIURA","distrito":"CASTILLA","institucion":"GOBIERNO REGIONAL","codigoMinsa":2109,"direccion":"CALLE CALLE PRINCIPAL N° 208 CALLE PRINCIPAL N° 208 CASTILLA PIURA PIURA","disa":"PIURA","red":"PIURA CASTILLA","microrred":"CASTILLA","categoria":"ESTABLECIMIENTO DE SALUD SIN INTERNAMIENTO","condicion":"ACTIVO","actualizado":"2023/08/01 19:00:00.000","fuente":"MINSA","urlRenipr":"http://app20.susalud.gob.pe:8080/registro-renipress-webapp/ipress.htm?action=mostrarVer&idipress=00002109"}},{"type":"Feature","geometry":{"type":"Point","coordinates":[-80.60982332999998,-5.431076669999925]},"properties":{"objectid":16370,"nombre":"P.S NVO. TALLAN","departamento":"PIURA","provincia":"PIURA","distrito":"EL TALLAN","institucion":"GOBIERNO REGIONAL","codigoMinsa":2142,"direccion":"OTROS CENTRO POBLADO NUEVO TALLAN S/N S/N CENTRO POBLADO NUEVO TALLAN S/N EL TALLAN PIURA PIURA","disa":"PIURA","red":"BAJO PIURA","microrred":"CATACAOS","categoria":"ESTABLECIMIENTO DE SALUD SIN INTERNAMIENTO","condicion":"ACTIVO","actualizado":"2023/08/01 19:00:00.000","fuente":"MINSA","urlRenipr":"http://app20.susalud.gob.pe:8080/registro-renipress-webapp/ipress.htm?action=mostrarVer&idipress=00002142"}},{"type":"Feature","geometry":{"type":"Point","coordinates":[-79.21941073999994,-4.973621229999935]},"properties":{"objectid":16371,"nombre":"E.S I-2 HORMIGUEROS","departamento":"PIURA","provincia":"HUANCABAMBA","distrito":"EL CARMEN DE LA FRONTERA","institucion":"GOBIERNO REGIONAL","codigoMinsa":2261,"direccion":"OTROS CASERIO HORMIGUEROS CASERIO HORMIGUEROS EL CARMEN DE LA FRONTERA HUANCABAMBA PIURA","disa":"PIURA","red":"HUANCABAMBA","microrred":"HUANCABAMBA","categoria":"ESTABLECIMIENTO DE SALUD SIN INTERNAMIENTO","condicion":"ACTIVO","actualizado":"2023/08/01 19:00:00.000","fuente":"MINSA","urlRenipr":"http://app20.susalud.gob.pe:8080/registro-renipress-webapp/ipress.htm?action=mostrarVer&idipress=00002261"}},{"type":"Feature","geometry":{"type":"Point","coordinates":[-79.76052166999995,-4.870031669999946]},"properties":{"objectid":16372,"nombre":"P.S NANGAY MATALACAS","departamento":"PIURA","provincia":"AYABACA","distrito":"PACAIPAMPA","institucion":"GOBIERNO REGIONAL","codigoMinsa":2209,"direccion":"OTROS CENTRO POBLADO NANGAY DE MATALACAS S/N S/N CENTRO POBLADO NANGAY DE MATALACAS S/N PACAIPAMPA AYABACA PIURA","disa":"PIURA","red":"MORROPON CHULUCANAS","microrred":"CHALACO","categoria":"ESTABLECIMIENTO DE SALUD SIN INTERNAMIENTO","condicion":"ACTIVO","actualizado":"2023/08/01 19:00:00.000","fuente":"MINSA","urlRenipr":"http://app20.susalud.gob.pe:8080/registro-renipress-webapp/ipress.htm?action=mostrarVer&idipress=00002209"}},{"type":"Feature","geometry":{"type":"Point","coordinates":[-79.94509307999994,-5.223403089999977]},"properties":{"objectid":16373,"nombre":"E.S. LA PILCA","departamento":"PIURA","provincia":"MORROPON","distrito":"BUENOS AIRES","institucion":"GOBIERNO REGIONAL","codigoMinsa":2189,"direccion":"OTROS CENTRO POBLADO LA PILCA S/N S/N CENTRO POBLADO LA PILCA S/N BUENOS AIRES MORROPON PIURA","disa":"PIURA","red":"MORROPON CHULUCANAS","microrred":"MORROPON","categoria":"ESTABLECIMIENTO DE SALUD SIN INTERNAMIENTO","condicion":"ACTIVO","actualizado":"2023/08/01 19:00:00.000","fuente":"MINSA","urlRenipr":"http://app20.susalud.gob.pe:8080/registro-renipress-webapp/ipress.htm?action=mostrarVer&idipress=00002189"}},{"type":"Feature","geometry":{"type":"Point","coordinates":[-79.93714666999995,-5.152614999999969]},"properties":{"objectid":16374,"nombre":"E.S I-1 PIEDRA DEL TORO","departamento":"PIURA","provincia":"MORROPON","distrito":"MORROPON","institucion":"GOBIERNO REGIONAL","codigoMinsa":2183,"direccion":"OTROS CENTRO POBLADO PIEDRA DEL TORO DISTRITO MORROPON PROVINCIA MORROPON DEPARTAMENTO PIURA","disa":"PIURA","red":"MORROPON CHULUCANAS","microrred":"MORROPON","categoria":"ESTABLECIMIENTO DE SALUD SIN INTERNAMIENTO","condicion":"ACTIVO","actualizado":"2023/08/01 19:00:00.000","fuente":"MINSA","urlRenipr":"http://app20.susalud.gob.pe:8080/registro-renipress-webapp/ipress.htm?action=mostrarVer&idipress=00002183"}},{"type":"Feature","geometry":{"type":"Point","coordinates":[-79.95218441999998,-4.964736269999946]},"properties":{"objectid":16375,"nombre":"E.S. POCLUS","departamento":"PIURA","provincia":"AYABACA","distrito":"FRIAS","institucion":"GOBIERNO REGIONAL","codigoMinsa":2174,"direccion":"OTROS CENTRO POBLADO POCLUS CENTRO POBLADO POCLUS FRIAS AYABACA PIURA","disa":"PIURA","red":"MORROPON CHULUCANAS","microrred":"CHULUCANAS","categoria":"ESTABLECIMIENTO DE SALUD SIN INTERNAMIENTO","condicion":"ACTIVO","actualizado":"2023/08/01 19:00:00.000","fuente":"MINSA","urlRenipr":"http://app20.susalud.gob.pe:8080/registro-renipress-webapp/ipress.htm?action=mostrarVer&idipress=00002174"}},{"type":"Feature","geometry":{"type":"Point","coordinates":[-80.77396278999998,-5.37762738999993]},"properties":{"objectid":16376,"nombre":"P.S YAPATO","departamento":"PIURA","provincia":"PIURA","distrito":"LA UNION","institucion":"GOBIERNO REGIONAL","codigoMinsa":2135,"direccion":"AVENIDA JUAN VELASCO ALVARADO MZ. 49 - LT. N° 4 VILLA YAPATO DISTRITO LA UNION PROVINCIA PIURA DEPARTAMENTO PIURA","disa":"PIURA","red":"BAJO PIURA","microrred":"CATACAOS","categoria":"ESTABLECIMIENTO DE SALUD SIN INTERNAMIENTO","condicion":"ACTIVO","actualizado":"2023/08/01 19:00:00.000","fuente":"MINSA","urlRenipr":"http://app20.susalud.gob.pe:8080/registro-renipress-webapp/ipress.htm?action=mostrarVer&idipress=00002135"}},{"type":"Feature","geometry":{"type":"Point","coordinates":[-80.68190499999997,-5.180123329999958]},"properties":{"objectid":16377,"nombre":"E.S. SAN SEBASTIAN","departamento":"PIURA","provincia":"PIURA","distrito":"VEINTISEIS DE OCTUBRE","institucion":"GOBIERNO REGIONAL","codigoMinsa":2093,"direccion":"OTROS MZ. D5 LOTE N°3 A.H SAN SEBASTIAN MZ. D5 LOTE N°3 A.H SAN SEBASTIAN VEINTISEIS DE OCTUBRE PIURA PIURA","disa":"PIURA","red":"PIURA CASTILLA","microrred":"PIURA","categoria":"ESTABLECIMIENTO DE SALUD SIN INTERNAMIENTO","condicion":"ACTIVO","actualizado":"2023/08/01 19:00:00.000","fuente":"MINSA","urlRenipr":"http://app20.susalud.gob.pe:8080/registro-renipress-webapp/ipress.htm?action=mostrarVer&idipress=00002093"}},{"type":"Feature","geometry":{"type":"Point","coordinates":[-79.52469666999997,-5.663691669999935]},"properties":{"objectid":16378,"nombre":"P.S SANTA TERESA","departamento":"PIURA","provincia":"HUANCABAMBA","distrito":"HUARMACA","institucion":"GOBIERNO REGIONAL","codigoMinsa":2284,"direccion":"OTROS CENTRO POBLADO SANTA TERESA S/N S/N CENTRO POBLADO SANTA TERESA S/N HUARMACA HUANCABAMBA PIURA","disa":"PIURA","red":"HUARMACA","microrred":"HUARMACA","categoria":"ESTABLECIMIENTO DE SALUD SIN INTERNAMIENTO","condicion":"ACTIVO","actualizado":"2023/08/01 19:00:00.000","fuente":"MINSA","urlRenipr":"http://app20.susalud.gob.pe:8080/registro-renipress-webapp/ipress.htm?action=mostrarVer&idipress=00002284"}},{"type":"Feature","geometry":{"type":"Point","coordinates":[-80.69071216999998,-4.893037879999952]},"properties":{"objectid":16383,"nombre":"LUCCAMI","departamento":"PIURA","provincia":"SULLANA","distrito":"SULLANA","institucion":"PRIVADO","codigoMinsa":30302,"direccion":"CALLE BOLIVAR NÚMERO 488 PISO 1 DISTRITO SULLANA PROVINCIA SULLANA DEPARTAMENTO PIURA","disa":"PIURA","red":"","microrred":"","categoria":"ESTABLECIMIENTO DE SALUD SIN INTERNAMIENTO","condicion":"ACTIVO","actualizado":"2023/08/01 19:00:00.000","fuente":"MINSA","urlRenipr":"http://app20.susalud.gob.pe:8080/registro-renipress-webapp/ipress.htm?action=mostrarVer&idipress=00030302"}},{"type":"Feature","geometry":{"type":"Point","coordinates":[-80.65488819999996,-5.1782883999999285]},"properties":{"objectid":16419,"nombre":"CONSULTORIO NEUROPEDIATRICO","departamento":"PIURA","provincia":"PIURA","distrito":"PIURA","institucion":"PRIVADO","codigoMinsa":26323,"direccion":"JIRÓN tambogrande MANZANA t LOTE 1 URBANIZACIÓN monterrico DISTRITO PIURA PROVINCIA PIURA DEPARTAMENTO PIURA","disa":"PIURA","red":"NO PERTENECE A NINGUNA RED","microrred":"NO PERTENECE A NINGUNA MICRORED","categoria":"ESTABLECIMIENTO DE SALUD SIN INTERNAMIENTO","condicion":"ACTIVO","actualizado":"2023/08/01 19:00:00.000","fuente":"MINSA","urlRenipr":"http://app20.susalud.gob.pe:8080/registro-renipress-webapp/ipress.htm?action=mostrarVer&idipress=00026323"}},{"type":"Feature","geometry":{"type":"Point","coordinates":[-80.62175599999995,-5.200344599999937]},"properties":{"objectid":16436,"nombre":"LABORATORIO DE ANALISIS CLINICOS BIOANALISIS PIURA S.A.C.","departamento":"PIURA","provincia":"PIURA","distrito":"PIURA","institucion":"PRIVADO","codigoMinsa":30799,"direccion":"AVENIDA SULLANA NÚMERO 686 DISTRITO PIURA PROVINCIA PIURA DEPARTAMENTO PIURA","disa":"PIURA","red":"","microrred":"","categoria":"SERVICIO MÉDICO DE APOYO","condicion":"ACTIVO","actualizado":"2023/08/01 19:00:00.000","fuente":"MINSA","urlRenipr":"http://app20.susalud.gob.pe:8080/registro-renipress-webapp/ipress.htm?action=mostrarVer&idipress=00030799"}},{"type":"Feature","geometry":{"type":"Point","coordinates":[-80.65488819999996,-5.1782883999999285]},"properties":{"objectid":16520,"nombre":"CENTRO PASTORAL SAN VICENTE DE PAUL","departamento":"PIURA","provincia":"PIURA","distrito":"VEINTISEIS DE OCTUBRE","institucion":"PRIVADO","codigoMinsa":26717,"direccion":"OTROS ASENTAMIENTO HUMANO SANTA JULIA MANZANA F14 LOTE 02 DISTRITO VEINTISEIS DE OCTUBRE PROVINCIA PIURA DEPARTAMENTO PIURA","disa":"PIURA","red":"","microrred":"","categoria":"SERVICIO MÉDICO DE APOYO","condicion":"ACTIVO","actualizado":"2023/08/01 19:00:00.000","fuente":"MINSA","urlRenipr":"http://app20.susalud.gob.pe:8080/registro-renipress-webapp/ipress.htm?action=mostrarVer&idipress=00026717"}},{"type":"Feature","geometry":{"type":"Point","coordinates":[-80.65488819999996,-5.1782883999999285]},"properties":{"objectid":16566,"nombre":"DENTHOR","departamento":"PIURA","provincia":"PIURA","distrito":"PIURA","institucion":"PRIVADO","codigoMinsa":27866,"direccion":"URBANIZACIÓN IGNACIO MERINO II ETAPA MANZANA Q LOTE 47 URBANIZACIÓN IGNACIO MERINO II ETAPA DISTRITO PIURA PROVINCIA PIURA DEPARTAMENTO PIURA","disa":"PIURA","red":"","microrred":"","categoria":"ESTABLECIMIENTO DE SALUD SIN INTERNAMIENTO","condicion":"ACTIVO","actualizado":"2023/08/01 19:00:00.000","fuente":"MINSA","urlRenipr":"http://app20.susalud.gob.pe:8080/registro-renipress-webapp/ipress.htm?action=mostrarVer&idipress=00027866"}},{"type":"Feature","geometry":{"type":"Point","coordinates":[-80.62436629999996,-5.2164999999999395]},"properties":{"objectid":16576,"nombre":"CENTRO ODONTOLOGICO CHIAN","departamento":"PIURA","provincia":"PIURA","distrito":"PIURA","institucion":"PRIVADO","codigoMinsa":31280,"direccion":"OTROS APV. JOSE JOAQUIN INCLAN MANZANA C LOTE 07 DISTRITO PIURA PROVINCIA PIURA DEPARTAMENTO PIURA","disa":"PIURA","red":"","microrred":"","categoria":"ESTABLECIMIENTO DE SALUD SIN INTERNAMIENTO","condicion":"ACTIVO","actualizado":"2023/08/01 19:00:00.000","fuente":"MINSA","urlRenipr":"http://app20.susalud.gob.pe:8080/registro-renipress-webapp/ipress.htm?action=mostrarVer&idipress=00031280"}},{"type":"Feature","geometry":{"type":"Point","coordinates":[-80.68710049999999,-4.898423989999969]},"properties":{"objectid":16587,"nombre":"SISOL SALUD SULLANA","departamento":"PIURA","provincia":"SULLANA","distrito":"SULLANA","institucion":"MUNICIPALIDAD PROVINCIAL","codigoMinsa":12665,"direccion":"CALLE DOS NÚMERO 800 DISTRITO SULLANA PROVINCIA SULLANA DEPARTAMENTO PIURA","disa":"PIURA","red":"NO PERTENECE A NINGUNA RED","microrred":"NO PERTENECE A NINGUNA MICRORED","categoria":"ESTABLECIMIENTO DE SALUD SIN INTERNAMIENTO","condicion":"ACTIVO","actualizado":"2023/08/01 19:00:00.000","fuente":"MINSA","urlRenipr":"http://app20.susalud.gob.pe:8080/registro-renipress-webapp/ipress.htm?action=mostrarVer&idipress=00012665"}},{"type":"Feature","geometry":{"type":"Point","coordinates":[-80.63032849999996,-5.1854741999999305]},"properties":{"objectid":16631,"nombre":"SERVICIOS MEDICOS INTEGRALES SIEMPRE JOVEN EIRL","departamento":"PIURA","provincia":"PIURA","distrito":"PIURA","institucion":"OTRO","codigoMinsa":31711,"direccion":"CALLE LOS CEIBOS NÚMERO 266 PISO 1 MANZANA L LOTE 17 URBANIZACIÓN SANTA ISABEL DISTRITO PIURA PROVINCIA PIURA DEPARTAMENTO PIURA","disa":"PIURA","red":"","microrred":"NO PERTENECE A NINGUNA MICRORED","categoria":"ESTABLECIMIENTO DE SALUD SIN INTERNAMIENTO","condicion":"ACTIVO","actualizado":"2023/08/01 19:00:00.000","fuente":"MINSA","urlRenipr":"http://app20.susalud.gob.pe:8080/registro-renipress-webapp/ipress.htm?action=mostrarVer&idipress=00031711"}},{"type":"Feature","geometry":{"type":"Point","coordinates":[-80.16200496999994,-5.0943538699999635]},"properties":{"objectid":16659,"nombre":"CENTRO MEDICO CHULUCANAS","departamento":"PIURA","provincia":"MORROPON","distrito":"CHULUCANAS","institucion":"PRIVADO","codigoMinsa":28878,"direccion":"JIRÓN Huancavelica NÚMERO 429 DISTRITO CHULUCANAS PROVINCIA MORROPON DEPARTAMENTO PIURA","disa":"PIURA","red":"NO PERTENECE A NINGUNA RED","microrred":"NO PERTENECE A NINGUNA MICRORED","categoria":"ESTABLECIMIENTO DE SALUD SIN INTERNAMIENTO","condicion":"ACTIVO","actualizado":"2023/08/01 19:00:00.000","fuente":"MINSA","urlRenipr":"http://app20.susalud.gob.pe:8080/registro-renipress-webapp/ipress.htm?action=mostrarVer&idipress=00028878"}},{"type":"Feature","geometry":{"type":"Point","coordinates":[-80.65296899999998,-5.1957093999999415]},"properties":{"objectid":16668,"nombre":"OPTICA BUENA VISION","departamento":"PIURA","provincia":"PIURA","distrito":"PIURA","institucion":"PRIVADO","codigoMinsa":29962,"direccion":"CALLE CUZCO NÚMERO 524 DISTRITO PIURA PROVINCIA PIURA DEPARTAMENTO PIURA","disa":"PIURA","red":"","microrred":"","categoria":"SERVICIO MÉDICO DE APOYO","condicion":"ACTIVO","actualizado":"2023/08/01 19:00:00.000","fuente":"MINSA","urlRenipr":"http://app20.susalud.gob.pe:8080/registro-renipress-webapp/ipress.htm?action=mostrarVer&idipress=00029962"}},{"type":"Feature","geometry":{"type":"Point","coordinates":[-81.09621719999996,-5.0938487999999325]},"properties":{"objectid":16691,"nombre":"ENFERMERIA DE LA ESTACION NAVAL DE PAITA","departamento":"PIURA","provincia":"PAITA","distrito":"PAITA","institucion":"SANIDAD DE LA MARINA DE GUERRA DEL PERU","codigoMinsa":11682,"direccion":"AVENIDA AV PLAYA SECA S/N PAITA NÚMERO S/N DISTRITO PAITA PROVINCIA PAITA DEPARTAMENTO PIURA","disa":"PIURA","red":"NO PERTENECE A NINGUNA RED","microrred":"NO PERTENECE A NINGUNA MICRORED","categoria":"ESTABLECIMIENTO DE SALUD SIN INTERNAMIENTO","condicion":"ACTIVO","actualizado":"2023/08/01 19:00:00.000","fuente":"MINSA","urlRenipr":"http://app20.susalud.gob.pe:8080/registro-renipress-webapp/ipress.htm?action=mostrarVer&idipress=00011682"}},{"type":"Feature","geometry":{"type":"Point","coordinates":[-80.15960409999997,-5.093625999999972]},"properties":{"objectid":16706,"nombre":"CENTRO MEDICO SAN JUDAS TADEO SALUD S.A.C.","departamento":"PIURA","provincia":"MORROPON","distrito":"CHULUCANAS","institucion":"PRIVADO","codigoMinsa":30078,"direccion":"JIRÓN HUANCAVELICA NÚMERO 464 DISTRITO CHULUCANAS PROVINCIA MORROPON DEPARTAMENTO PIURA","disa":"PIURA","red":"","microrred":"","categoria":"ESTABLECIMIENTO DE SALUD SIN INTERNAMIENTO","condicion":"ACTIVO","actualizado":"2023/08/01 19:00:00.000","fuente":"MINSA","urlRenipr":"http://app20.susalud.gob.pe:8080/registro-renipress-webapp/ipress.htm?action=mostrarVer&idipress=00030078"}},{"type":"Feature","geometry":{"type":"Point","coordinates":[-80.62175599999995,-5.200344599999937]},"properties":{"objectid":16717,"nombre":"CLINICAL CENTER CENTRO MEDICO INTEGRAL","departamento":"PIURA","provincia":"PIURA","distrito":"PIURA","institucion":"PRIVADO","codigoMinsa":31498,"direccion":"URBANIZACIÓN LOS TITANES II ETAPA MANZANA B LOTE 07 DISTRITO PIURA PROVINCIA PIURA DEPARTAMENTO PIURA","disa":"PIURA","red":"","microrred":"","categoria":"ESTABLECIMIENTO DE SALUD SIN INTERNAMIENTO","condicion":"ACTIVO","actualizado":"2023/08/01 19:00:00.000","fuente":"MINSA","urlRenipr":"http://app20.susalud.gob.pe:8080/registro-renipress-webapp/ipress.htm?action=mostrarVer&idipress=00031498"}},{"type":"Feature","geometry":{"type":"Point","coordinates":[-80.63721349999997,-5.190978599999937]},"properties":{"objectid":16740,"nombre":"Gynelap Materno Infantil","departamento":"PIURA","provincia":"PIURA","distrito":"PIURA","institucion":"PRIVADO","codigoMinsa":31473,"direccion":"JIRÓN Tambogrande NÚMERO 135 URBANIZACIÓN San Lorenzo DISTRITO PIURA PROVINCIA PIURA DEPARTAMENTO PIURA","disa":"PIURA","red":"","microrred":"","categoria":"ESTABLECIMIENTO DE SALUD SIN INTERNAMIENTO","condicion":"ACTIVO","actualizado":"2023/08/01 19:00:00.000","fuente":"MINSA","urlRenipr":"http://app20.susalud.gob.pe:8080/registro-renipress-webapp/ipress.htm?action=mostrarVer&idipress=00031473"}},{"type":"Feature","geometry":{"type":"Point","coordinates":[-80.65488819999996,-5.1782883999999285]},"properties":{"objectid":16857,"nombre":"CLINICA MEDICA SANTA EMILIA","departamento":"PIURA","provincia":"PIURA","distrito":"PIURA","institucion":"PRIVADO","codigoMinsa":27459,"direccion":"CALLE SAN MIGUEL NÚMERO 225 MANZANA D LOTE 18 URBANIZACIÓN SANTA ISABEL DISTRITO PIURA PROVINCIA PIURA DEPARTAMENTO PIURA","disa":"PIURA","red":"NO PERTENECE A NINGUNA RED","microrred":"NO PERTENECE A NINGUNA MICRORED","categoria":"ESTABLECIMIENTO DE SALUD CON INTERNAMIENTO","condicion":"ACTIVO","actualizado":"2023/08/01 19:00:00.000","fuente":"MINSA","urlRenipr":"http://app20.susalud.gob.pe:8080/registro-renipress-webapp/ipress.htm?action=mostrarVer&idipress=00027459"}},{"type":"Feature","geometry":{"type":"Point","coordinates":[-80.62626119999999,-5.1833153999999695]},"properties":{"objectid":16871,"nombre":"INSTITUTO MEDICO ESPECIALIZADO EN DIABETES SOY DIABETICO EIRL","departamento":"PIURA","provincia":"PIURA","distrito":"PIURA","institucion":"PRIVADO","codigoMinsa":13727,"direccion":"AVENIDA FORTUNATO CHIRICHIGNO MANZANA L LOTE 5 URB. EL CHIPE","disa":"PIURA","red":"NO PERTENECE A NINGUNA RED","microrred":"NO PERTENECE A NINGUNA MICRORED","categoria":"ESTABLECIMIENTO DE SALUD CON INTERNAMIENTO","condicion":"ACTIVO","actualizado":"2023/08/01 19:00:00.000","fuente":"MINSA","urlRenipr":"http://app20.susalud.gob.pe:8080/registro-renipress-webapp/ipress.htm?action=mostrarVer&idipress=00013727"}},{"type":"Feature","geometry":{"type":"Point","coordinates":[-80.68643229999998,-4.903637999999944]},"properties":{"objectid":16976,"nombre":"OPTICA PROGRESO SALUD","departamento":"PIURA","provincia":"SULLANA","distrito":"SULLANA","institucion":"PRIVADO","codigoMinsa":16639,"direccion":"OTROS TRANSVERSAL TARAPACA N°613 DISTRITO SULLANA PROVINCIA SULLANA DEPARTAMENTO PIURA","disa":"PIURA","red":"NO PERTENECE A NINGUNA RED","microrred":"NO PERTENECE A NINGUNA MICRORED","categoria":"SERVICIO MÉDICO DE APOYO","condicion":"ACTIVO","actualizado":"2023/08/01 19:00:00.000","fuente":"MINSA","urlRenipr":"http://app20.susalud.gob.pe:8080/registro-renipress-webapp/ipress.htm?action=mostrarVer&idipress=00016639"}},{"type":"Feature","geometry":{"type":"Point","coordinates":[-81.26289609999998,-4.581151999999975]},"properties":{"objectid":17115,"nombre":"AMBULANCIA DR CHONG","departamento":"PIURA","provincia":"TALARA","distrito":"PARIÑAS","institucion":"PRIVADO","codigoMinsa":29318,"direccion":"URBANIZACIÓN ALEJANDRO TABUADA MANZANA E LOTE 4 DISTRITO PARIÑAS PROVINCIA TALARA DEPARTAMENTO PIURA","disa":"PIURA","red":"","microrred":"","categoria":"SERVICIO MÉDICO DE APOYO","condicion":"ACTIVO","actualizado":"2023/08/01 19:00:00.000","fuente":"MINSA","urlRenipr":"http://app20.susalud.gob.pe:8080/registro-renipress-webapp/ipress.htm?action=mostrarVer&idipress=00029318"}},{"type":"Feature","geometry":{"type":"Point","coordinates":[-80.62175599999995,-5.200344599999937]},"properties":{"objectid":17155,"nombre":"CENTRO MEDICO \"SEGURIDAD EN EL TRABAJO Y EMERGENCIAS OCUPACIONALES\" - STEO - AMBULANCIA","departamento":"PIURA","provincia":"PIURA","distrito":"VEINTISEIS DE OCTUBRE","institucion":"PRIVADO","codigoMinsa":30512,"direccion":"CALLE 37 MANZANA A LOTE 69 URBANIZACIÓN VILLA LA PLANICE II ETAPA DISTRITO VEINTISEIS DE OCTUBRE PROVINCIA PIURA DEPARTAMENTO PIURA","disa":"PIURA","red":"","microrred":"","categoria":"SERVICIO MÉDICO DE APOYO","condicion":"ACTIVO","actualizado":"2023/08/01 19:00:00.000","fuente":"MINSA","urlRenipr":"http://app20.susalud.gob.pe:8080/registro-renipress-webapp/ipress.htm?action=mostrarVer&idipress=00030512"}},{"type":"Feature","geometry":{"type":"Point","coordinates":[-80.65488819999996,-5.1782883999999285]},"properties":{"objectid":17483,"nombre":"LABORATORIO DE ANATOMIA PATOLOGICA PEDRO DELGADO R. E.I.R.L.","departamento":"PIURA","provincia":"PIURA","distrito":"PIURA","institucion":"PRIVADO","codigoMinsa":13568,"direccion":"CALLE CALLE CUZCO 1041 DISTRITO PIURA PROVINCIA PIURA DEPARTAMENTO PIURA","disa":"PIURA","red":"NO PERTENECE A NINGUNA RED","microrred":"NO PERTENECE A NINGUNA MICRORED","categoria":"SERVICIO MÉDICO DE APOYO","condicion":"ACTIVO","actualizado":"2023/08/01 19:00:00.000","fuente":"MINSA","urlRenipr":"http://app20.susalud.gob.pe:8080/registro-renipress-webapp/ipress.htm?action=mostrarVer&idipress=00013568"}},{"type":"Feature","geometry":{"type":"Point","coordinates":[-80.69405469999998,-4.89553079999996]},"properties":{"objectid":17525,"nombre":"TOMOGRAFIAS 3D","departamento":"PIURA","provincia":"SULLANA","distrito":"SULLANA","institucion":"PRIVADO","codigoMinsa":24485,"direccion":"CALLE TUMBES NÚMERO 161A DISTRITO SULLANA PROVINCIA SULLANA DEPARTAMENTO PIURA","disa":"PIURA","red":"NO PERTENECE A NINGUNA RED","microrred":"NO PERTENECE A NINGUNA MICRORED","categoria":"SERVICIO MÉDICO DE APOYO","condicion":"ACTIVO","actualizado":"2023/08/01 19:00:00.000","fuente":"MINSA","urlRenipr":"http://app20.susalud.gob.pe:8080/registro-renipress-webapp/ipress.htm?action=mostrarVer&idipress=00024485"}},{"type":"Feature","geometry":{"type":"Point","coordinates":[-80.63176719999996,-5.186321799999973]},"properties":{"objectid":17605,"nombre":"CENTRO MEDICO CORAZON DE MARIA","departamento":"PIURA","provincia":"PIURA","distrito":"PIURA","institucion":"PRIVADO","codigoMinsa":18971,"direccion":"AVENIDA AV. LUIS EGUIGUREN (EX MALAGA) Nº 1061 AA.HH PACHITEA DISTRITO PIURA PROVINCIA PIURA DEPARTAMENTO PIURA","disa":"PIURA","red":"","microrred":"NO PERTENECE A NINGUNA MICRORED","categoria":"ESTABLECIMIENTO DE SALUD SIN INTERNAMIENTO","condicion":"ACTIVO","actualizado":"2023/08/01 19:00:00.000","fuente":"MINSA","urlRenipr":"http://app20.susalud.gob.pe:8080/registro-renipress-webapp/ipress.htm?action=mostrarVer&idipress=00018971"}},{"type":"Feature","geometry":{"type":"Point","coordinates":[-80.65488819999996,-5.1782883999999285]},"properties":{"objectid":17692,"nombre":"CLINICA VILLA SALUD CATACAOS","departamento":"PIURA","provincia":"PIURA","distrito":"CATACAOS","institucion":"PRIVADO","codigoMinsa":18734,"direccion":"JIRÓN JIRON ALEJANDRO TABOADA 329 DISTRITO CATACAOS PROVINCIA PIURA DEPARTAMENTO PIURA","disa":"PIURA","red":"NO PERTENECE A NINGUNA RED","microrred":"NO PERTENECE A NINGUNA MICRORED","categoria":"ESTABLECIMIENTO DE SALUD CON INTERNAMIENTO","condicion":"ACTIVO","actualizado":"2023/08/01 19:00:00.000","fuente":"MINSA","urlRenipr":"http://app20.susalud.gob.pe:8080/registro-renipress-webapp/ipress.htm?action=mostrarVer&idipress=00018734"}},{"type":"Feature","geometry":{"type":"Point","coordinates":[-80.69493079999995,-4.89594349999993]},"properties":{"objectid":17693,"nombre":"SERMEDIQ G & B","departamento":"PIURA","provincia":"SULLANA","distrito":"SULLANA","institucion":"PRIVADO","codigoMinsa":31301,"direccion":"AVENIDA SANTA ROSA NÚMERO 323 DISTRITO SULLANA PROVINCIA SULLANA DEPARTAMENTO PIURA","disa":"PIURA","red":"","microrred":"","categoria":"ESTABLECIMIENTO DE SALUD SIN INTERNAMIENTO","condicion":"ACTIVO","actualizado":"2023/08/01 19:00:00.000","fuente":"MINSA","urlRenipr":"http://app20.susalud.gob.pe:8080/registro-renipress-webapp/ipress.htm?action=mostrarVer&idipress=00031301"}},{"type":"Feature","geometry":{"type":"Point","coordinates":[-81.09621719999996,-5.0938487999999325]},"properties":{"objectid":17701,"nombre":"CONSULTORIO MEDICO","departamento":"PIURA","provincia":"PAITA","distrito":"PAITA","institucion":"PRIVADO","codigoMinsa":30632,"direccion":"CALLE TENIENTE PALACIOS - ISABEL BARRETO II ETAPA PISO 1 MANZANA N LOTE 17 URBANIZACI? FONAVI II DISTRITO PAITA PROVINCIA PAITA DEPARTAMENTO PIURA","disa":"PIURA","red":"","microrred":"","categoria":"ESTABLECIMIENTO DE SALUD SIN INTERNAMIENTO","condicion":"ACTIVO","actualizado":"2023/08/01 19:00:00.000","fuente":"MINSA","urlRenipr":"http://app20.susalud.gob.pe:8080/registro-renipress-webapp/ipress.htm?action=mostrarVer&idipress=00030632"}},{"type":"Feature","geometry":{"type":"Point","coordinates":[-80.65488819999996,-5.1782883999999285]},"properties":{"objectid":17838,"nombre":"ODONTOLOGÍA INTEGRAL SAN IGNACIO","departamento":"PIURA","provincia":"PIURA","distrito":"PIURA","institucion":"PRIVADO","codigoMinsa":17526,"direccion":"AVENIDA AV LAS CASUARINAS MZA A LOTE 13 DPTO 101 URB LOS GERANIOS DISTRITO PIURA PROVINCIA PIURA DEPARTAMENTO PIURA","disa":"PIURA","red":"NO PERTENECE A NINGUNA RED","microrred":"NO PERTENECE A NINGUNA MICRORED","categoria":"ESTABLECIMIENTO DE SALUD SIN INTERNAMIENTO","condicion":"ACTIVO","actualizado":"2023/08/01 19:00:00.000","fuente":"MINSA","urlRenipr":"http://app20.susalud.gob.pe:8080/registro-renipress-webapp/ipress.htm?action=mostrarVer&idipress=00017526"}},{"type":"Feature","geometry":{"type":"Point","coordinates":[-80.65488819999996,-5.1782883999999285]},"properties":{"objectid":17951,"nombre":"SALUD MUJER VILLALTA","departamento":"PIURA","provincia":"PIURA","distrito":"PIURA","institucion":"PRIVADO","codigoMinsa":26737,"direccion":"AVENIDA GRAU N?ERO 1157 DISTRITO PIURA PROVINCIA PIURA DEPARTAMENTO PIURA","disa":"PIURA","red":"NO PERTENECE A NINGUNA RED","microrred":"NO PERTENECE A NINGUNA MICRORED","categoria":"ESTABLECIMIENTO DE SALUD SIN INTERNAMIENTO","condicion":"ACTIVO","actualizado":"2023/08/01 19:00:00.000","fuente":"MINSA","urlRenipr":"http://app20.susalud.gob.pe:8080/registro-renipress-webapp/ipress.htm?action=mostrarVer&idipress=00026737"}},{"type":"Feature","geometry":{"type":"Point","coordinates":[-80.69569489999998,-4.907423899999969]},"properties":{"objectid":18169,"nombre":"ODONTOLOGIA BELÉN","departamento":"PIURA","provincia":"SULLANA","distrito":"SULLANA","institucion":"PRIVADO","codigoMinsa":31006,"direccion":"CALLE SAN MARTIN NÚMERO 951 PISO 1 DISTRITO SULLANA PROVINCIA SULLANA DEPARTAMENTO PIURA","disa":"PIURA","red":"","microrred":"","categoria":"ESTABLECIMIENTO DE SALUD SIN INTERNAMIENTO","condicion":"ACTIVO","actualizado":"2023/08/01 19:00:00.000","fuente":"MINSA","urlRenipr":"http://app20.susalud.gob.pe:8080/registro-renipress-webapp/ipress.htm?action=mostrarVer&idipress=00031006"}},{"type":"Feature","geometry":{"type":"Point","coordinates":[-80.65296899999998,-5.1957093999999415]},"properties":{"objectid":18188,"nombre":"INTEGRAMED","departamento":"PIURA","provincia":"PIURA","distrito":"VEINTISEIS DE OCTUBRE","institucion":"PRIVADO","codigoMinsa":31426,"direccion":"OTROS CONJUNTO HABITACIONAL MICAELA BASTIDAS I ETAPA MANZANA F LOTE 14 DISTRITO VEINTISEIS DE OCTUBRE PROVINCIA PIURA DEPARTAMENTO PIURA","disa":"PIURA","red":"","microrred":"","categoria":"ESTABLECIMIENTO DE SALUD SIN INTERNAMIENTO","condicion":"ACTIVO","actualizado":"2023/08/01 19:00:00.000","fuente":"MINSA","urlRenipr":"http://app20.susalud.gob.pe:8080/registro-renipress-webapp/ipress.htm?action=mostrarVer&idipress=00031426"}},{"type":"Feature","geometry":{"type":"Point","coordinates":[-80.82201399999997,-5.553982299999973]},"properties":{"objectid":18202,"nombre":"CENTRO MEDICO SANTA MARIA DE LOS ANGELES S.R.L.","departamento":"PIURA","provincia":"PIURA","distrito":"PIURA","institucion":"PRIVADO","codigoMinsa":18922,"direccion":"OTROS MZ. A LOTE Nº 6 URB. PRO VIVIENDA LAS PALMERAS 3ER. PISO EX MALAGA DISTRITO PIURA PROVINCIA PIURA DEPARTAMENTO PIURA","disa":"PIURA","red":"NO PERTENECE A NINGUNA RED","microrred":"NO PERTENECE A NINGUNA MICRORED","categoria":"ESTABLECIMIENTO DE SALUD SIN INTERNAMIENTO","condicion":"ACTIVO","actualizado":"2023/08/01 19:00:00.000","fuente":"MINSA","urlRenipr":"http://app20.susalud.gob.pe:8080/registro-renipress-webapp/ipress.htm?action=mostrarVer&idipress=00018922"}},{"type":"Feature","geometry":{"type":"Point","coordinates":[-80.68261896999996,-4.910411669999974]},"properties":{"objectid":18215,"nombre":"EL OBRERO","departamento":"PIURA","provincia":"SULLANA","distrito":"SULLANA","institucion":"GOBIERNO REGIONAL","codigoMinsa":2014,"direccion":"OTROS ASENTAMIENTO HUMANO EL OBRERO ASENTAMIENTO HUMANO EL OBRERO SULLANA SULLANA PIURA","disa":"PIURA","red":"SULLANA","microrred":"BELLAVISTA","categoria":"ESTABLECIMIENTO DE SALUD SIN INTERNAMIENTO","condicion":"ACTIVO","actualizado":"2023/08/01 19:00:00.000","fuente":"MINSA","urlRenipr":"http://app20.susalud.gob.pe:8080/registro-renipress-webapp/ipress.htm?action=mostrarVer&idipress=00002014"}},{"type":"Feature","geometry":{"type":"Point","coordinates":[-80.68643229999998,-4.903637999999944]},"properties":{"objectid":18298,"nombre":"CONSULTORIOS PLUS DEL NORTE","departamento":"PIURA","provincia":"SULLANA","distrito":"SULLANA","institucion":"PRIVADO","codigoMinsa":30194,"direccion":"CALLE SANTA ANA NÚMERO 652 URBANIZACIÓN SANTA ROSA DISTRITO SULLANA PROVINCIA SULLANA DEPARTAMENTO PIURA","disa":"PIURA","red":"","microrred":"","categoria":"ESTABLECIMIENTO DE SALUD SIN INTERNAMIENTO","condicion":"ACTIVO","actualizado":"2023/08/01 19:00:00.000","fuente":"MINSA","urlRenipr":"http://app20.susalud.gob.pe:8080/registro-renipress-webapp/ipress.htm?action=mostrarVer&idipress=00030194"}},{"type":"Feature","geometry":{"type":"Point","coordinates":[-80.63595689999994,-5.19417569999996]},"properties":{"objectid":18357,"nombre":"GYNEMEDIC","departamento":"PIURA","provincia":"PIURA","distrito":"PIURA","institucion":"PRIVADO","codigoMinsa":28250,"direccion":"AVENIDA GRAU NÚMERO 1089 MANZANA B1 LOTE 02 DISTRITO PIURA PROVINCIA PIURA DEPARTAMENTO PIURA","disa":"PIURA","red":"NO PERTENECE A NINGUNA RED","microrred":"NO PERTENECE A NINGUNA MICRORED","categoria":"ESTABLECIMIENTO DE SALUD SIN INTERNAMIENTO","condicion":"ACTIVO","actualizado":"2023/08/01 19:00:00.000","fuente":"MINSA","urlRenipr":"http://app20.susalud.gob.pe:8080/registro-renipress-webapp/ipress.htm?action=mostrarVer&idipress=00028250"}},{"type":"Feature","geometry":{"type":"Point","coordinates":[-79.65013836999998,-4.826333699999964]},"properties":{"objectid":18366,"nombre":"ANDURCO","departamento":"PIURA","provincia":"AYABACA","distrito":"AYABACA","institucion":"GOBIERNO REGIONAL","codigoMinsa":1922,"direccion":"OTROS CASERIO ANDURCO DISTRITO AYABACA PROVINCIA AYABACA DEPARTAMENTO PIURA","disa":"PIURA","red":"AYABACA","microrred":"AYABACA","categoria":"ESTABLECIMIENTO DE SALUD SIN INTERNAMIENTO","condicion":"ACTIVO","actualizado":"2023/08/01 19:00:00.000","fuente":"MINSA","urlRenipr":"http://app20.susalud.gob.pe:8080/registro-renipress-webapp/ipress.htm?action=mostrarVer&idipress=00001922"}},{"type":"Feature","geometry":{"type":"Point","coordinates":[-79.62152444999998,-4.548940939999966]},"properties":{"objectid":18367,"nombre":"CHARAN","departamento":"PIURA","provincia":"AYABACA","distrito":"AYABACA","institucion":"GOBIERNO REGIONAL","codigoMinsa":1928,"direccion":"OTROS CASERIO CHARAN - AYABACA CASERIO CHARAN - AYABACA AYABACA AYABACA PIURA","disa":"PIURA","red":"AYABACA","microrred":"AYABACA","categoria":"ESTABLECIMIENTO DE SALUD SIN INTERNAMIENTO","condicion":"ACTIVO","actualizado":"2023/08/01 19:00:00.000","fuente":"MINSA","urlRenipr":"http://app20.susalud.gob.pe:8080/registro-renipress-webapp/ipress.htm?action=mostrarVer&idipress=00001928"}},{"type":"Feature","geometry":{"type":"Point","coordinates":[-80.47019038999997,-4.79643939999994]},"properties":{"objectid":18368,"nombre":"JOSE OLAYA","departamento":"PIURA","provincia":"SULLANA","distrito":"SULLANA","institucion":"GOBIERNO REGIONAL","codigoMinsa":2010,"direccion":"OTROS CASERIO JOSE OLAYA DISTRITO BELLAVISTA PROVINCIA SULLANA DEPARTAMENTO PIURA","disa":"PIURA","red":"SULLANA","microrred":"BELLAVISTA","categoria":"ESTABLECIMIENTO DE SALUD SIN INTERNAMIENTO","condicion":"ACTIVO","actualizado":"2023/08/01 19:00:00.000","fuente":"MINSA","urlRenipr":"http://app20.susalud.gob.pe:8080/registro-renipress-webapp/ipress.htm?action=mostrarVer&idipress=00002010"}},{"type":"Feature","geometry":{"type":"Point","coordinates":[-81.05800542999998,-4.9115512099999705]},"properties":{"objectid":18369,"nombre":"CENTRO DE SALUD \"PUEBLO NUEVO DE COLAN\"","departamento":"PIURA","provincia":"PAITA","distrito":"COLAN","institucion":"GOBIERNO REGIONAL","codigoMinsa":2026,"direccion":"JIRÓN JR. ALFONSO UGARTE S/N S/N JR. ALFONSO UGARTE S/N COLAN PAITA PIURA","disa":"PIURA","red":"SULLANA","microrred":"PAITA","categoria":"ESTABLECIMIENTO DE SALUD CON INTERNAMIENTO","condicion":"ACTIVO","actualizado":"2023/08/01 19:00:00.000","fuente":"MINSA","urlRenipr":"http://app20.susalud.gob.pe:8080/registro-renipress-webapp/ipress.htm?action=mostrarVer&idipress=00002026"}},{"type":"Feature","geometry":{"type":"Point","coordinates":[-80.67758451999998,-4.900399059999927]},"properties":{"objectid":18370,"nombre":"SANTA TERESITA","departamento":"PIURA","provincia":"SULLANA","distrito":"SULLANA","institucion":"GOBIERNO REGIONAL","codigoMinsa":2011,"direccion":"OTROS PARIÑAS S/N. SANTA TERESITA S/N PARIÑAS S/N. SANTA TERESITA SULLANA SULLANA PIURA","disa":"PIURA","red":"SULLANA","microrred":"BELLAVISTA","categoria":"ESTABLECIMIENTO DE SALUD SIN INTERNAMIENTO","condicion":"ACTIVO","actualizado":"2023/08/01 19:00:00.000","fuente":"MINSA","urlRenipr":"http://app20.susalud.gob.pe:8080/registro-renipress-webapp/ipress.htm?action=mostrarVer&idipress=00002011"}},{"type":"Feature","geometry":{"type":"Point","coordinates":[-80.13135242999994,-4.71973085999997]},"properties":{"objectid":18371,"nombre":"CHIPILLICO","departamento":"PIURA","provincia":"PIURA","distrito":"LAS LOMAS","institucion":"GOBIERNO REGIONAL","codigoMinsa":1934,"direccion":"OTROS CASERIO CHIPILLICO CASERIO CHIPILLICO LAS LOMAS PIURA PIURA","disa":"PIURA","red":"AYABACA","microrred":"LAS LOMAS","categoria":"ESTABLECIMIENTO DE SALUD SIN INTERNAMIENTO","condicion":"ACTIVO","actualizado":"2023/08/01 19:00:00.000","fuente":"MINSA","urlRenipr":"http://app20.susalud.gob.pe:8080/registro-renipress-webapp/ipress.htm?action=mostrarVer&idipress=00001934"}},{"type":"Feature","geometry":{"type":"Point","coordinates":[-80.68643229999998,-4.903637999999944]},"properties":{"objectid":18372,"nombre":"CENTRO DE SALUD MENTAL COMUNITARIO \"MADRE DEL PERPETUO SOCORRO\"","departamento":"PIURA","provincia":"SULLANA","distrito":"BELLAVISTA","institucion":"GOBIERNO REGIONAL","codigoMinsa":25214,"direccion":"CALLE SECTOR A e 12 BELLAVISTA SULLANA PIURA","disa":"PIURA","red":"SULLANA","microrred":"BELLAVISTA","categoria":"ESTABLECIMIENTO DE SALUD SIN INTERNAMIENTO","condicion":"ACTIVO","actualizado":"2023/08/01 19:00:00.000","fuente":"MINSA","urlRenipr":"http://app20.susalud.gob.pe:8080/registro-renipress-webapp/ipress.htm?action=mostrarVer&idipress=00025214"}},{"type":"Feature","geometry":{"type":"Point","coordinates":[-81.17085057999998,-5.132797479999965]},"properties":{"objectid":18373,"nombre":"YACILA","departamento":"PIURA","provincia":"PAITA","distrito":"PAITA","institucion":"GOBIERNO REGIONAL","codigoMinsa":2023,"direccion":"CALETA YACILA","disa":"PIURA","red":"SULLANA","microrred":"PAITA","categoria":"ESTABLECIMIENTO DE SALUD SIN INTERNAMIENTO","condicion":"ACTIVO","actualizado":"2023/08/01 19:00:00.000","fuente":"MINSA","urlRenipr":"http://app20.susalud.gob.pe:8080/registro-renipress-webapp/ipress.htm?action=mostrarVer&idipress=00002023"}},{"type":"Feature","geometry":{"type":"Point","coordinates":[-81.09153052999994,-5.090814529999932]},"properties":{"objectid":18374,"nombre":"HOSPITAL DE APOYO II - 1 NUESTRA SEÑORA DE LAS MERCEDES - PAITA","departamento":"PIURA","provincia":"PAITA","distrito":"PAITA","institucion":"GOBIERNO REGIONAL","codigoMinsa":2021,"direccion":"OTROS LOS PESCADORES S/N LA PUNTA NÚMERO S/N DISTRITO PAITA PROVINCIA PAITA DEPARTAMENTO PIURA","disa":"PIURA","red":"SULLANA","microrred":"PAITA","categoria":"ESTABLECIMIENTO DE SALUD CON INTERNAMIENTO","condicion":"ACTIVO","actualizado":"2023/08/01 19:00:00.000","fuente":"MINSA","urlRenipr":"http://app20.susalud.gob.pe:8080/registro-renipress-webapp/ipress.htm?action=mostrarVer&idipress=00002021"}},{"type":"Feature","geometry":{"type":"Point","coordinates":[-80.63600362999995,-4.80627039999996]},"properties":{"objectid":18375,"nombre":"LA MARGARITA","departamento":"PIURA","provincia":"SULLANA","distrito":"QUERECOTILLO","institucion":"GOBIERNO REGIONAL","codigoMinsa":2054,"direccion":"OTROS LA MARGARITA DISTRITO QUERECOTILLO PROVINCIA SULLANA DEPARTAMENTO PIURA","disa":"PIURA","red":"SULLANA","microrred":"QUERECOTILLO","categoria":"ESTABLECIMIENTO DE SALUD SIN INTERNAMIENTO","condicion":"ACTIVO","actualizado":"2023/08/01 19:00:00.000","fuente":"MINSA","urlRenipr":"http://app20.susalud.gob.pe:8080/registro-renipress-webapp/ipress.htm?action=mostrarVer&idipress=00002054"}},{"type":"Feature","geometry":{"type":"Point","coordinates":[-80.89228026999996,-4.849939819999975]},"properties":{"objectid":18376,"nombre":"SAN MIGUEL","departamento":"PIURA","provincia":"SULLANA","distrito":"IGNACIO ESCUDERO","institucion":"GOBIERNO REGIONAL","codigoMinsa":2046,"direccion":"OTROS CASERIO SAN MIGUEL DISTRITO IGNACIO ESCUDERO PROVINCIA SULLANA DEPARTAMENTO PIURA","disa":"PIURA","red":"SULLANA","microrred":"MARCAVELICA","categoria":"ESTABLECIMIENTO DE SALUD SIN INTERNAMIENTO","condicion":"ACTIVO","actualizado":"2023/08/01 19:00:00.000","fuente":"MINSA","urlRenipr":"http://app20.susalud.gob.pe:8080/registro-renipress-webapp/ipress.htm?action=mostrarVer&idipress=00002046"}},{"type":"Feature","geometry":{"type":"Point","coordinates":[-80.87433154999997,-4.847243009999943]},"properties":{"objectid":18377,"nombre":"IGNACIO ESCUDERO","departamento":"PIURA","provincia":"SULLANA","distrito":"IGNACIO ESCUDERO","institucion":"GOBIERNO REGIONAL","codigoMinsa":2042,"direccion":"AVENIDA AV. PANAMERICANA NORTE S/N IGNACIO ESCUDERO S/N AV. PANAMERICANA NORTE S/N IGNACIO ESCUDERO IGNACIO ESCUDERO SULLANA PIURA","disa":"PIURA","red":"SULLANA","microrred":"MARCAVELICA","categoria":"ESTABLECIMIENTO DE SALUD SIN INTERNAMIENTO","condicion":"ACTIVO","actualizado":"2023/08/01 19:00:00.000","fuente":"MINSA","urlRenipr":"http://app20.susalud.gob.pe:8080/registro-renipress-webapp/ipress.htm?action=mostrarVer&idipress=00002042"}},{"type":"Feature","geometry":{"type":"Point","coordinates":[-79.76276134999995,-4.520835219999981]},"properties":{"objectid":18379,"nombre":"HUACHUMA","departamento":"PIURA","provincia":"AYABACA","distrito":"AYABACA","institucion":"GOBIERNO REGIONAL","codigoMinsa":1924,"direccion":"OTROS CASERIO HUACHUMA - AYABACA DISTRITO AYABACA PROVINCIA AYABACA DEPARTAMENTO PIURA","disa":"PIURA","red":"AYABACA","microrred":"AYABACA","categoria":"ESTABLECIMIENTO DE SALUD SIN INTERNAMIENTO","condicion":"ACTIVO","actualizado":"2023/08/01 19:00:00.000","fuente":"MINSA","urlRenipr":"http://app20.susalud.gob.pe:8080/registro-renipress-webapp/ipress.htm?action=mostrarVer&idipress=00001924"}},{"type":"Feature","geometry":{"type":"Point","coordinates":[-79.93494632999995,-4.551905049999959]},"properties":{"objectid":18380,"nombre":"SARAYUYO","departamento":"PIURA","provincia":"AYABACA","distrito":"SUYO","institucion":"GOBIERNO REGIONAL","codigoMinsa":1951,"direccion":"OTROS CASERIO SARAYUYO - SUYO- AYABACA DISTRITO SUYO PROVINCIA AYABACA DEPARTAMENTO PIURA","disa":"PIURA","red":"AYABACA","microrred":"LAS LOMAS","categoria":"ESTABLECIMIENTO DE SALUD SIN INTERNAMIENTO","condicion":"ACTIVO","actualizado":"2023/08/01 19:00:00.000","fuente":"MINSA","urlRenipr":"http://app20.susalud.gob.pe:8080/registro-renipress-webapp/ipress.htm?action=mostrarVer&idipress=00001951"}},{"type":"Feature","geometry":{"type":"Point","coordinates":[-80.65488819999996,-5.1782883999999285]},"properties":{"objectid":18408,"nombre":"CENTRO ESPECIALIZADO DE REHABILITACION INTEGRAL SAN ISIDRO S.R.L.","departamento":"PIURA","provincia":"PIURA","distrito":"PIURA","institucion":"PRIVADO","codigoMinsa":27344,"direccion":"JIRÓN NAZARIO GARCIA NÚMERO 144 URBANIZACIÓN SAN LORENZO DISTRITO PIURA PROVINCIA PIURA DEPARTAMENTO PIURA","disa":"PIURA","red":"NO PERTENECE A NINGUNA RED","microrred":"NO PERTENECE A NINGUNA MICRORED","categoria":"SERVICIO MÉDICO DE APOYO","condicion":"ACTIVO","actualizado":"2023/08/01 19:00:00.000","fuente":"MINSA","urlRenipr":"http://app20.susalud.gob.pe:8080/registro-renipress-webapp/ipress.htm?action=mostrarVer&idipress=00027344"}},{"type":"Feature","geometry":{"type":"Point","coordinates":[-80.62436629999996,-5.2164999999999395]},"properties":{"objectid":18409,"nombre":"DANNLAB LABORATORIO CLINICO E.I.R.L.","departamento":"PIURA","provincia":"PIURA","distrito":"PIURA","institucion":"PRIVADO","codigoMinsa":30269,"direccion":"AVENIDA RAMON ROMERO MANZANA C4 LOTE 16 DISTRITO PIURA PROVINCIA PIURA DEPARTAMENTO PIURA","disa":"PIURA","red":"","microrred":"","categoria":"SERVICIO MÉDICO DE APOYO","condicion":"ACTIVO","actualizado":"2023/08/01 19:00:00.000","fuente":"MINSA","urlRenipr":"http://app20.susalud.gob.pe:8080/registro-renipress-webapp/ipress.htm?action=mostrarVer&idipress=00030269"}},{"type":"Feature","geometry":{"type":"Point","coordinates":[-80.82136239999994,-5.560573399999953]},"properties":{"objectid":18437,"nombre":"E.S I-4 SECHURA","departamento":"PIURA","provincia":"SECHURA","distrito":"SECHURA","institucion":"GOBIERNO REGIONAL","codigoMinsa":2143,"direccion":"OTROS ACTUALIZAR ACTUALIZAR SECHURA SECHURA PIURA","disa":"PIURA","red":"BAJO PIURA","microrred":"SECHURA","categoria":"ESTABLECIMIENTO DE SALUD CON INTERNAMIENTO","condicion":"ACTIVO","actualizado":"2023/08/01 19:00:00.000","fuente":"MINSA","urlRenipr":"http://app20.susalud.gob.pe:8080/registro-renipress-webapp/ipress.htm?action=mostrarVer&idipress=00002143"}},{"type":"Feature","geometry":{"type":"Point","coordinates":[-79.81932224999997,-5.3784074699999564]},"properties":{"objectid":18438,"nombre":"P.S LA ALBERCA","departamento":"PIURA","provincia":"MORROPON","distrito":"SALITRAL","institucion":"GOBIERNO REGIONAL","codigoMinsa":2225,"direccion":"CALLE PRINCIPAL S/N","disa":"PIURA","red":"MORROPON CHULUCANAS","microrred":"SALITRAL","categoria":"ESTABLECIMIENTO DE SALUD SIN INTERNAMIENTO","condicion":"ACTIVO","actualizado":"2023/08/01 19:00:00.000","fuente":"MINSA","urlRenipr":"http://app20.susalud.gob.pe:8080/registro-renipress-webapp/ipress.htm?action=mostrarVer&idipress=00002225"}},{"type":"Feature","geometry":{"type":"Point","coordinates":[-80.76052832999994,-5.40787832999996]},"properties":{"objectid":18439,"nombre":"P.S CHALACO (DE VICE)","departamento":"PIURA","provincia":"SECHURA","distrito":"VICE","institucion":"GOBIERNO REGIONAL","codigoMinsa":2155,"direccion":"OTROS CENTRO POBLADO CHALACO S/N NÚMERO S/N DISTRITO VICE PROVINCIA SECHURA DEPARTAMENTO PIURA","disa":"PIURA","red":"BAJO PIURA","microrred":"SECHURA","categoria":"ESTABLECIMIENTO DE SALUD SIN INTERNAMIENTO","condicion":"ACTIVO","actualizado":"2023/08/01 19:00:00.000","fuente":"MINSA","urlRenipr":"http://app20.susalud.gob.pe:8080/registro-renipress-webapp/ipress.htm?action=mostrarVer&idipress=00002155"}},{"type":"Feature","geometry":{"type":"Point","coordinates":[-80.08476039999994,-5.163435139999933]},"properties":{"objectid":18440,"nombre":"P.S I-2 LA BOCANA","departamento":"PIURA","provincia":"MORROPON","distrito":"LA MATANZA","institucion":"GOBIERNO REGIONAL","codigoMinsa":2180,"direccion":"OTROS CENTRO POBLADO LA BOCANA CENTRO POBLADO LA BOCANA LA MATANZA MORROPON PIURA","disa":"PIURA","red":"MORROPON CHULUCANAS","microrred":"CHULUCANAS","categoria":"ESTABLECIMIENTO DE SALUD SIN INTERNAMIENTO","condicion":"ACTIVO","actualizado":"2023/08/01 19:00:00.000","fuente":"MINSA","urlRenipr":"http://app20.susalud.gob.pe:8080/registro-renipress-webapp/ipress.htm?action=mostrarVer&idipress=00002180"}},{"type":"Feature","geometry":{"type":"Point","coordinates":[-80.10679666999994,-5.143474999999967]},"properties":{"objectid":18441,"nombre":"P.S BATANES","departamento":"PIURA","provincia":"MORROPON","distrito":"CHULUCANAS","institucion":"GOBIERNO REGIONAL","codigoMinsa":2162,"direccion":"AVENIDA AV. CESAR VALLEJO S/N S/N AV. CESAR VALLEJO S/N CHULUCANAS MORROPON PIURA","disa":"PIURA","red":"MORROPON CHULUCANAS","microrred":"CHULUCANAS","categoria":"ESTABLECIMIENTO DE SALUD SIN INTERNAMIENTO","condicion":"ACTIVO","actualizado":"2023/08/01 19:00:00.000","fuente":"MINSA","urlRenipr":"http://app20.susalud.gob.pe:8080/registro-renipress-webapp/ipress.htm?action=mostrarVer&idipress=00002162"}},{"type":"Feature","geometry":{"type":"Point","coordinates":[-80.70797775999995,-5.404319269999974]},"properties":{"objectid":18442,"nombre":"P.S MONTE REDONDO","departamento":"PIURA","provincia":"PIURA","distrito":"LA UNION","institucion":"GOBIERNO REGIONAL","codigoMinsa":2134,"direccion":"CARRETERA CASERIO MONTE REDONDO CRUCE CARRETERA EL TALLAN DISTRITO LA UNION PROVINCIA PIURA DEPARTAMENTO PIURA","disa":"PIURA","red":"BAJO PIURA","microrred":"CATACAOS","categoria":"ESTABLECIMIENTO DE SALUD SIN INTERNAMIENTO","condicion":"ACTIVO","actualizado":"2023/08/01 19:00:00.000","fuente":"MINSA","urlRenipr":"http://app20.susalud.gob.pe:8080/registro-renipress-webapp/ipress.htm?action=mostrarVer&idipress=00002134"}},{"type":"Feature","geometry":{"type":"Point","coordinates":[-79.64073790999998,-5.352375159999951]},"properties":{"objectid":18444,"nombre":"E.S. MARAYPAMPA","departamento":"PIURA","provincia":"HUANCABAMBA","distrito":"CANCHAQUE","institucion":"GOBIERNO REGIONAL","codigoMinsa":2240,"direccion":"OTROS CENTRO POBLADO MARAYPAMPA S/N S/N CENTRO POBLADO MARAYPAMPA S/N CANCHAQUE HUANCABAMBA PIURA","disa":"PIURA","red":"MORROPON CHULUCANAS","microrred":"CANCHAQUE","categoria":"ESTABLECIMIENTO DE SALUD SIN INTERNAMIENTO","condicion":"ACTIVO","actualizado":"2023/08/01 19:00:00.000","fuente":"MINSA","urlRenipr":"http://app20.susalud.gob.pe:8080/registro-renipress-webapp/ipress.htm?action=mostrarVer&idipress=00002240"}},{"type":"Feature","geometry":{"type":"Point","coordinates":[-79.51355006999995,-5.240111679999927]},"properties":{"objectid":18445,"nombre":"E.S I-2 CASCAMACHE","departamento":"PIURA","provincia":"HUANCABAMBA","distrito":"HUANCABAMBA","institucion":"GOBIERNO REGIONAL","codigoMinsa":2252,"direccion":"OTROS CASERIO CASCAMACHE S/N S/N CASERIO CASCAMACHE S/N HUANCABAMBA HUANCABAMBA PIURA","disa":"PIURA","red":"HUANCABAMBA","microrred":"HUANCABAMBA","categoria":"ESTABLECIMIENTO DE SALUD SIN INTERNAMIENTO","condicion":"ACTIVO","actualizado":"2023/08/01 19:00:00.000","fuente":"MINSA","urlRenipr":"http://app20.susalud.gob.pe:8080/registro-renipress-webapp/ipress.htm?action=mostrarVer&idipress=00002252"}},{"type":"Feature","geometry":{"type":"Point","coordinates":[-79.46195166999996,-5.3166349999999625]},"properties":{"objectid":18446,"nombre":"E.S I-1 HUAYLAS","departamento":"PIURA","provincia":"HUANCABAMBA","distrito":"SONDORILLO","institucion":"GOBIERNO REGIONAL","codigoMinsa":15280,"direccion":"OTROS CASERIO HUAYLAS DISTRITO SONDORILLO PROVINCIA HUANCABAMBA DEPARTAMENTO PIURA","disa":"PIURA","red":"HUANCABAMBA","microrred":"HUANCABAMBA","categoria":"ESTABLECIMIENTO DE SALUD SIN INTERNAMIENTO","condicion":"ACTIVO","actualizado":"2023/08/01 19:00:00.000","fuente":"MINSA","urlRenipr":"http://app20.susalud.gob.pe:8080/registro-renipress-webapp/ipress.htm?action=mostrarVer&idipress=00015280"}},{"type":"Feature","geometry":{"type":"Point","coordinates":[-80.74033832999999,-5.491829999999936]},"properties":{"objectid":18447,"nombre":"E.S. CRISTO NOS VALGA","departamento":"PIURA","provincia":"SECHURA","distrito":"CRISTO NOS VALGA","institucion":"GOBIERNO REGIONAL","codigoMinsa":2160,"direccion":"AVENIDA AV. SAN RAMON S/N S/N AV. SAN RAMON S/N CRISTO NOS VALGA SECHURA PIURA","disa":"PIURA","red":"BAJO PIURA","microrred":"SECHURA","categoria":"ESTABLECIMIENTO DE SALUD SIN INTERNAMIENTO","condicion":"ACTIVO","actualizado":"2023/08/01 19:00:00.000","fuente":"MINSA","urlRenipr":"http://app20.susalud.gob.pe:8080/registro-renipress-webapp/ipress.htm?action=mostrarVer&idipress=00002160"}},{"type":"Feature","geometry":{"type":"Point","coordinates":[-80.01429999999993,-4.892304999999965]},"properties":{"objectid":18449,"nombre":"E.S. GERALDO","departamento":"PIURA","provincia":"AYABACA","distrito":"FRIAS","institucion":"GOBIERNO REGIONAL","codigoMinsa":2176,"direccion":"OTROS CENTRO POBLADO GERALDO CENTRO POBLADO GERALDO FRIAS AYABACA PIURA","disa":"PIURA","red":"MORROPON CHULUCANAS","microrred":"CHULUCANAS","categoria":"ESTABLECIMIENTO DE SALUD SIN INTERNAMIENTO","condicion":"ACTIVO","actualizado":"2023/08/01 19:00:00.000","fuente":"MINSA","urlRenipr":"http://app20.susalud.gob.pe:8080/registro-renipress-webapp/ipress.htm?action=mostrarVer&idipress=00002176"}},{"type":"Feature","geometry":{"type":"Point","coordinates":[-80.18827166999995,-5.035218329999964]},"properties":{"objectid":18450,"nombre":"P.S SOL SOL","departamento":"PIURA","provincia":"MORROPON","distrito":"CHULUCANAS","institucion":"GOBIERNO REGIONAL","codigoMinsa":2169,"direccion":"OTROS CENTRO POBLADO SOL SOL CENTRO POBLADO SOL SOL CHULUCANAS MORROPON PIURA","disa":"PIURA","red":"MORROPON CHULUCANAS","microrred":"CHULUCANAS","categoria":"ESTABLECIMIENTO DE SALUD SIN INTERNAMIENTO","condicion":"ACTIVO","actualizado":"2023/08/01 19:00:00.000","fuente":"MINSA","urlRenipr":"http://app20.susalud.gob.pe:8080/registro-renipress-webapp/ipress.htm?action=mostrarVer&idipress=00002169"}},{"type":"Feature","geometry":{"type":"Point","coordinates":[-80.86415737999994,-5.76387608999994]},"properties":{"objectid":18451,"nombre":"E.S. PARACHIQUE","departamento":"PIURA","provincia":"SECHURA","distrito":"SECHURA","institucion":"GOBIERNO REGIONAL","codigoMinsa":2145,"direccion":"CALLE CALLE SAN MARTIN S/N PARACHIQUE S/N CALLE SAN MARTIN S/N PARACHIQUE SECHURA SECHURA PIURA","disa":"PIURA","red":"BAJO PIURA","microrred":"SECHURA","categoria":"ESTABLECIMIENTO DE SALUD SIN INTERNAMIENTO","condicion":"ACTIVO","actualizado":"2023/08/01 19:00:00.000","fuente":"MINSA","urlRenipr":"http://app20.susalud.gob.pe:8080/registro-renipress-webapp/ipress.htm?action=mostrarVer&idipress=00002145"}},{"type":"Feature","geometry":{"type":"Point","coordinates":[-80.66607999999997,-5.323231669999927]},"properties":{"objectid":18452,"nombre":"E.S. I-3 CURA MORI","departamento":"PIURA","provincia":"PIURA","distrito":"CURA MORI","institucion":"GOBIERNO REGIONAL","codigoMinsa":2137,"direccion":"JIRÓN JR. MOQUEGUA S/N CUCUCANGARA - CURA MORI S/N JR. MOQUEGUA S/N CUCUCANGARA - CURA MORI CURA MORI PIURA PIURA","disa":"PIURA","red":"BAJO PIURA","microrred":"CATACAOS","categoria":"ESTABLECIMIENTO DE SALUD SIN INTERNAMIENTO","condicion":"ACTIVO","actualizado":"2023/08/01 19:00:00.000","fuente":"MINSA","urlRenipr":"http://app20.susalud.gob.pe:8080/registro-renipress-webapp/ipress.htm?action=mostrarVer&idipress=00002137"}},{"type":"Feature","geometry":{"type":"Point","coordinates":[-80.61594166999998,-5.288576669999941]},"properties":{"objectid":18453,"nombre":"E.S. SAN PABLO","departamento":"PIURA","provincia":"PIURA","distrito":"CATACAOS","institucion":"GOBIERNO REGIONAL","codigoMinsa":2122,"direccion":"AVENIDA AV. PANAMERICANA SUR KM-984 CATACAOS AV. PANAMERICANA SUR KM-984 CATACAOS CATACAOS PIURA PIURA","disa":"PIURA","red":"BAJO PIURA","microrred":"CATACAOS","categoria":"ESTABLECIMIENTO DE SALUD SIN INTERNAMIENTO","condicion":"ACTIVO","actualizado":"2023/08/01 19:00:00.000","fuente":"MINSA","urlRenipr":"http://app20.susalud.gob.pe:8080/registro-renipress-webapp/ipress.htm?action=mostrarVer&idipress=00002122"}},{"type":"Feature","geometry":{"type":"Point","coordinates":[-79.49163541999997,-5.338743869999973]},"properties":{"objectid":18454,"nombre":"P.S ULPAMACHE","departamento":"PIURA","provincia":"HUANCABAMBA","distrito":"SONDORILLO","institucion":"GOBIERNO REGIONAL","codigoMinsa":2267,"direccion":"OTROS CASERIO ULPAMACHE SEC. TIERRAS AMARILLAS CASERIO ULPAMACHE SEC. TIERRAS AMARILLAS SONDORILLO HUANCABAMBA PIURA","disa":"PIURA","red":"HUANCABAMBA","microrred":"HUANCABAMBA","categoria":"ESTABLECIMIENTO DE SALUD SIN INTERNAMIENTO","condicion":"ACTIVO","actualizado":"2023/08/01 19:00:00.000","fuente":"MINSA","urlRenipr":"http://app20.susalud.gob.pe:8080/registro-renipress-webapp/ipress.htm?action=mostrarVer&idipress=00002267"}},{"type":"Feature","geometry":{"type":"Point","coordinates":[-79.60326039999995,-5.375284019999981]},"properties":{"objectid":18455,"nombre":"ESTABLECIMIENTO DE SALUD CANCHAQUE.","departamento":"PIURA","provincia":"HUANCABAMBA","distrito":"CANCHAQUE","institucion":"GOBIERNO REGIONAL","codigoMinsa":2238,"direccion":"JIRÓN JR. 22 DE AGOSTO N° 366 JR. 22 DE AGOSTO N° 366 CANCHAQUE HUANCABAMBA PIURA","disa":"PIURA","red":"MORROPON CHULUCANAS","microrred":"CANCHAQUE","categoria":"ESTABLECIMIENTO DE SALUD CON INTERNAMIENTO","condicion":"ACTIVO","actualizado":"2023/08/01 19:00:00.000","fuente":"MINSA","urlRenipr":"http://app20.susalud.gob.pe:8080/registro-renipress-webapp/ipress.htm?action=mostrarVer&idipress=00002238"}},{"type":"Feature","geometry":{"type":"Point","coordinates":[-80.16379889999996,-5.094143699999961]},"properties":{"objectid":18464,"nombre":"CENTRO MEDICO ONCOLOGICO JUAN PABLO II","departamento":"PIURA","provincia":"MORROPON","distrito":"CHULUCANAS","institucion":"PRIVADO","codigoMinsa":28339,"direccion":"AVENIDA RAMON CASTILLA NÚMERO 421 DISTRITO CHULUCANAS PROVINCIA MORROPON DEPARTAMENTO PIURA","disa":"PIURA","red":"NO PERTENECE A NINGUNA RED","microrred":"NO PERTENECE A NINGUNA MICRORED","categoria":"ESTABLECIMIENTO DE SALUD SIN INTERNAMIENTO","condicion":"ACTIVO","actualizado":"2023/08/01 19:00:00.000","fuente":"MINSA","urlRenipr":"http://app20.susalud.gob.pe:8080/registro-renipress-webapp/ipress.htm?action=mostrarVer&idipress=00028339"}},{"type":"Feature","geometry":{"type":"Point","coordinates":[-80.64877064999996,-5.187759339999957]},"properties":{"objectid":18560,"nombre":"CONSULTORIOS MÉDICOS VIRGEN DE GUADALUPE","departamento":"PIURA","provincia":"PIURA","distrito":"PIURA","institucion":"PRIVADO","codigoMinsa":26675,"direccion":"AVENIDA CESAR VALLEJO MANZANA F LOTE 21 URBANIZACI? RESIDENCIAL PIURA DISTRITO PIURA PROVINCIA PIURA DEPARTAMENTO PIURA","disa":"PIURA","red":"NO PERTENECE A NINGUNA RED","microrred":"NO PERTENECE A NINGUNA MICRORED","categoria":"ESTABLECIMIENTO DE SALUD SIN INTERNAMIENTO","condicion":"ACTIVO","actualizado":"2023/08/01 19:00:00.000","fuente":"MINSA","urlRenipr":"http://app20.susalud.gob.pe:8080/registro-renipress-webapp/ipress.htm?action=mostrarVer&idipress=00026675"}},{"type":"Feature","geometry":{"type":"Point","coordinates":[-80.62930589999996,-5.197893599999929]},"properties":{"objectid":18622,"nombre":"RIDENT","departamento":"PIURA","provincia":"PIURA","distrito":"PIURA","institucion":"PRIVADO","codigoMinsa":26629,"direccion":"CALLE JUNIN N?ERO 1016 PISO 1 DISTRITO PIURA PROVINCIA PIURA DEPARTAMENTO PIURA","disa":"PIURA","red":"NO PERTENECE A NINGUNA RED","microrred":"NO PERTENECE A NINGUNA MICRORED","categoria":"ESTABLECIMIENTO DE SALUD SIN INTERNAMIENTO","condicion":"ACTIVO","actualizado":"2023/08/01 19:00:00.000","fuente":"MINSA","urlRenipr":"http://app20.susalud.gob.pe:8080/registro-renipress-webapp/ipress.htm?action=mostrarVer&idipress=00026629"}},{"type":"Feature","geometry":{"type":"Point","coordinates":[-80.65488819999996,-5.1782883999999285]},"properties":{"objectid":18640,"nombre":"HAPPY DENT´S","departamento":"PIURA","provincia":"PIURA","distrito":"VEINTISEIS DE OCTUBRE","institucion":"PRIVADO","codigoMinsa":27517,"direccion":"CALLE ENRIQUE LOPEZ ALBUJAR ASENTAMIENTO HUMANO SAN MARTIN III ETAPA N?ERO 149 MANZANA A12 LOTE 3 DISTRITO VEINTISEIS DE OCTUBRE PROVINCIA PIURA DEPARTAMENTO PIURA","disa":"PIURA","red":"NO PERTENECE A NINGUNA RED","microrred":"NO PERTENECE A NINGUNA MICRORED","categoria":"ESTABLECIMIENTO DE SALUD SIN INTERNAMIENTO","condicion":"ACTIVO","actualizado":"2023/08/01 19:00:00.000","fuente":"MINSA","urlRenipr":"http://app20.susalud.gob.pe:8080/registro-renipress-webapp/ipress.htm?action=mostrarVer&idipress=00027517"}},{"type":"Feature","geometry":{"type":"Point","coordinates":[-80.77574579999998,-5.421772199999964]},"properties":{"objectid":18664,"nombre":"CENTRO MEDICO BANCAYAN","departamento":"PIURA","provincia":"SECHURA","distrito":"VICE","institucion":"PRIVADO","codigoMinsa":28367,"direccion":"OTROS CERCADO DE VICE MANZANA A5 LOTE 01 DISTRITO VICE PROVINCIA SECHURA DEPARTAMENTO PIURA","disa":"PIURA","red":"NO PERTENECE A NINGUNA RED","microrred":"NO PERTENECE A NINGUNA MICRORED","categoria":"ESTABLECIMIENTO DE SALUD SIN INTERNAMIENTO","condicion":"ACTIVO","actualizado":"2023/08/01 19:00:00.000","fuente":"MINSA","urlRenipr":"http://app20.susalud.gob.pe:8080/registro-renipress-webapp/ipress.htm?action=mostrarVer&idipress=00028367"}},{"type":"Feature","geometry":{"type":"Point","coordinates":[-80.65488819999996,-5.1782883999999285]},"properties":{"objectid":18665,"nombre":"CENTRO MEDICO PROVITA E.I.R.L..","departamento":"PIURA","provincia":"PIURA","distrito":"PIURA","institucion":"PRIVADO","codigoMinsa":29456,"direccion":"URBANIZACIÓN LA ALBORADA MANZANA A LOTE 28 DISTRITO PIURA PROVINCIA PIURA DEPARTAMENTO PIURA","disa":"","red":"","microrred":"","categoria":"ESTABLECIMIENTO DE SALUD SIN INTERNAMIENTO","condicion":"RUC INACTIVO EN SUNAT","actualizado":"2023/08/01 19:00:00.000","fuente":"MINSA","urlRenipr":"http://app20.susalud.gob.pe:8080/registro-renipress-webapp/ipress.htm?action=mostrarVer&idipress=00029456"}},{"type":"Feature","geometry":{"type":"Point","coordinates":[-80.34111259999997,-4.926307299999962]},"properties":{"objectid":18800,"nombre":"VALLELAB","departamento":"PIURA","provincia":"PIURA","distrito":"TAMBO GRANDE","institucion":"PRIVADO","codigoMinsa":30661,"direccion":"CARRETERA TAMBOGRANDE - SULLANA PISO 1 MANZANA X LOTE 88-01 KILOMETRO 1063 DISTRITO TAMBO GRANDE PROVINCIA PIURA DEPARTAMENTO PIURA","disa":"PIURA","red":"","microrred":"","categoria":"SERVICIO MÉDICO DE APOYO","condicion":"ACTIVO","actualizado":"2023/08/01 19:00:00.000","fuente":"MINSA","urlRenipr":"http://app20.susalud.gob.pe:8080/registro-renipress-webapp/ipress.htm?action=mostrarVer&idipress=00030661"}},{"type":"Feature","geometry":{"type":"Point","coordinates":[-80.62175599999995,-5.200344599999937]},"properties":{"objectid":18830,"nombre":"VITALMENTE","departamento":"PIURA","provincia":"PIURA","distrito":"PIURA","institucion":"PRIVADO","codigoMinsa":30880,"direccion":"URBANIZACIÓN LOS EDUCADORES MANZANA C LOTE 01 DISTRITO PIURA PROVINCIA PIURA DEPARTAMENTO PIURA","disa":"PIURA","red":"","microrred":"","categoria":"ESTABLECIMIENTO DE SALUD SIN INTERNAMIENTO","condicion":"ACTIVO","actualizado":"2023/08/01 19:00:00.000","fuente":"MINSA","urlRenipr":"http://app20.susalud.gob.pe:8080/registro-renipress-webapp/ipress.htm?action=mostrarVer&idipress=00030880"}},{"type":"Feature","geometry":{"type":"Point","coordinates":[-80.67810889999998,-5.179396299999951]},"properties":{"objectid":19103,"nombre":"ASISTENCIA SALUD S.C.R.L. AMBULANCIA EUD - 715","departamento":"PIURA","provincia":"PIURA","distrito":"VEINTISEIS DE OCTUBRE","institucion":"PRIVADO","codigoMinsa":25187,"direccion":"AVENIDA CHULUCANAS NÚMERO 6 MANZANA 7 LOTE 6 DISTRITO VEINTISEIS DE OCTUBRE PROVINCIA PIURA DEPARTAMENTO PIURA","disa":"PIURA","red":"","microrred":"","categoria":"SERVICIO MÉDICO DE APOYO","condicion":"ACTIVO","actualizado":"2023/08/01 19:00:00.000","fuente":"MINSA","urlRenipr":"http://app20.susalud.gob.pe:8080/registro-renipress-webapp/ipress.htm?action=mostrarVer&idipress=00025187"}},{"type":"Feature","geometry":{"type":"Point","coordinates":[-80.68643229999998,-4.903637999999944]},"properties":{"objectid":19218,"nombre":"CLINICA INMACULADA","departamento":"PIURA","provincia":"SULLANA","distrito":"SULLANA","institucion":"PRIVADO","codigoMinsa":12261,"direccion":"AVENIDA AV. JOSE DE LAMA Nº 1011 DISTRITO SULLANA PROVINCIA SULLANA DEPARTAMENTO PIURA","disa":"PIURA","red":"NO PERTENECE A NINGUNA RED","microrred":"NO PERTENECE A NINGUNA MICRORED","categoria":"ESTABLECIMIENTO DE SALUD CON INTERNAMIENTO","condicion":"ACTIVO","actualizado":"2023/08/01 19:00:00.000","fuente":"MINSA","urlRenipr":"http://app20.susalud.gob.pe:8080/registro-renipress-webapp/ipress.htm?action=mostrarVer&idipress=00012261"}},{"type":"Feature","geometry":{"type":"Point","coordinates":[-80.62175599999995,-5.200344599999937]},"properties":{"objectid":19295,"nombre":"KAREN CARRASCO CENTRO DENTAL","departamento":"PIURA","provincia":"PIURA","distrito":"PIURA","institucion":"PRIVADO","codigoMinsa":30681,"direccion":"CALLE CUZCO NÚMERO 854 DISTRITO PIURA PROVINCIA PIURA DEPARTAMENTO PIURA","disa":"PIURA","red":"","microrred":"","categoria":"ESTABLECIMIENTO DE SALUD SIN INTERNAMIENTO","condicion":"ACTIVO","actualizado":"2023/08/01 19:00:00.000","fuente":"MINSA","urlRenipr":"http://app20.susalud.gob.pe:8080/registro-renipress-webapp/ipress.htm?action=mostrarVer&idipress=00030681"}},{"type":"Feature","geometry":{"type":"Point","coordinates":[-81.03129889999997,-4.466140899999971]},"properties":{"objectid":19349,"nombre":"GRUPO OPTICO MEGA LEN´S","departamento":"PIURA","provincia":"TALARA","distrito":"PARIÑAS","institucion":"PRIVADO","codigoMinsa":30961,"direccion":"PASAJE CENTRO CIVIICO NÚMERO 208 DISTRITO PARIÑAS PROVINCIA TALARA DEPARTAMENTO PIURA","disa":"PIURA","red":"","microrred":"","categoria":"SERVICIO MÉDICO DE APOYO","condicion":"ACTIVO","actualizado":"2023/08/01 19:00:00.000","fuente":"MINSA","urlRenipr":"http://app20.susalud.gob.pe:8080/registro-renipress-webapp/ipress.htm?action=mostrarVer&idipress=00030961"}},{"type":"Feature","geometry":{"type":"Point","coordinates":[-81.26289609999998,-4.581151999999975]},"properties":{"objectid":19666,"nombre":"OISO S.A.C","departamento":"PIURA","provincia":"TALARA","distrito":"PARIÑAS","institucion":"PRIVADO","codigoMinsa":30677,"direccion":"URBANIZACIÓN SUDAMERICA A8 DISTRITO PARIÑAS PROVINCIA TALARA DEPARTAMENTO PIURA","disa":"PIURA","red":"","microrred":"","categoria":"ESTABLECIMIENTO DE SALUD SIN INTERNAMIENTO","condicion":"ACTIVO","actualizado":"2023/08/01 19:00:00.000","fuente":"MINSA","urlRenipr":"http://app20.susalud.gob.pe:8080/registro-renipress-webapp/ipress.htm?action=mostrarVer&idipress=00030677"}},{"type":"Feature","geometry":{"type":"Point","coordinates":[-80.65488819999996,-5.1782883999999285]},"properties":{"objectid":19805,"nombre":"CLINICA DE ESPECIALIDADES MEDICAS SAN MIGUEL ARCANGEL","departamento":"PIURA","provincia":"PIURA","distrito":"PIURA","institucion":"PRIVADO","codigoMinsa":23197,"direccion":"CALLE C 5 C 5 SAN FELIPE COSTADO - UDEP PIURA PIURA PIURA","disa":"PIURA","red":"NO PERTENECE A NINGUNA RED","microrred":"NO PERTENECE A NINGUNA MICRORED","categoria":"ESTABLECIMIENTO DE SALUD SIN INTERNAMIENTO","condicion":"ACTIVO","actualizado":"2023/08/01 19:00:00.000","fuente":"MINSA","urlRenipr":"http://app20.susalud.gob.pe:8080/registro-renipress-webapp/ipress.htm?action=mostrarVer&idipress=00023197"}},{"type":"Feature","geometry":{"type":"Point","coordinates":[-80.62806027999994,-5.181446609999966]},"properties":{"objectid":19923,"nombre":"RESOCENTRO PIURA","departamento":"PIURA","provincia":"PIURA","distrito":"PIURA","institucion":"PRIVADO","codigoMinsa":16066,"direccion":"AVENIDA AV. SAN RAMON N° 549 /553 URB EL CHIPE DISTRITO PIURA PROVINCIA PIURA DEPARTAMENTO PIURA","disa":"PIURA","red":"NO PERTENECE A NINGUNA RED","microrred":"NO PERTENECE A NINGUNA MICRORED","categoria":"SERVICIO MÉDICO DE APOYO","condicion":"ACTIVO","actualizado":"2023/08/01 19:00:00.000","fuente":"MINSA","urlRenipr":"http://app20.susalud.gob.pe:8080/registro-renipress-webapp/ipress.htm?action=mostrarVer&idipress=00016066"}},{"type":"Feature","geometry":{"type":"Point","coordinates":[-80.65488819999996,-5.1782883999999285]},"properties":{"objectid":20091,"nombre":"PRETEL MEDIC","departamento":"PIURA","provincia":"PIURA","distrito":"PIURA","institucion":"PRIVADO","codigoMinsa":26930,"direccion":"CALLE SAN CRISTOBAL NÚMERO 177 179 URBANIZACIÓN SANTA ISABEL DISTRITO PIURA PROVINCIA PIURA DEPARTAMENTO PIURA","disa":"PIURA","red":"NO PERTENECE A NINGUNA RED","microrred":"NO PERTENECE A NINGUNA MICRORED","categoria":"ESTABLECIMIENTO DE SALUD SIN INTERNAMIENTO","condicion":"ACTIVO","actualizado":"2023/08/01 19:00:00.000","fuente":"MINSA","urlRenipr":"http://app20.susalud.gob.pe:8080/registro-renipress-webapp/ipress.htm?action=mostrarVer&idipress=00026930"}},{"type":"Feature","geometry":{"type":"Point","coordinates":[-80.67532485999999,-4.908294659999967]},"properties":{"objectid":20343,"nombre":"CENTRO DE SALUD 09 DE OCTUBRE","departamento":"PIURA","provincia":"SULLANA","distrito":"SULLANA","institucion":"GOBIERNO REGIONAL","codigoMinsa":2013,"direccion":"OTROS VICHAYAL Nº1101 NUEVE DE OCTUBRE VICHAYAL Nº1101 NUEVE DE OCTUBRE SULLANA SULLANA PIURA","disa":"PIURA","red":"SULLANA","microrred":"BELLAVISTA","categoria":"ESTABLECIMIENTO DE SALUD SIN INTERNAMIENTO","condicion":"ACTIVO","actualizado":"2023/08/01 19:00:00.000","fuente":"MINSA","urlRenipr":"http://app20.susalud.gob.pe:8080/registro-renipress-webapp/ipress.htm?action=mostrarVer&idipress=00002013"}},{"type":"Feature","geometry":{"type":"Point","coordinates":[-80.68721013999993,-4.898571129999937]},"properties":{"objectid":20375,"nombre":"MEDICOS SOLIDARIOS SMG S.A.C.","departamento":"PIURA","provincia":"SULLANA","distrito":"SULLANA","institucion":"PRIVADO","codigoMinsa":25394,"direccion":"CALLE dos NÚMERO 800 DISTRITO SULLANA PROVINCIA SULLANA DEPARTAMENTO PIURA","disa":"","red":"","microrred":"","categoria":"ESTABLECIMIENTO DE SALUD SIN INTERNAMIENTO","condicion":"RETIRO VOLUNTARIO","actualizado":"2023/08/01 19:00:00.000","fuente":"MINSA","urlRenipr":"http://app20.susalud.gob.pe:8080/registro-renipress-webapp/ipress.htm?action=mostrarVer&idipress=00025394"}},{"type":"Feature","geometry":{"type":"Point","coordinates":[-81.27384045999997,-4.568419399999925]},"properties":{"objectid":20466,"nombre":"HOSPITAL II TALARA","departamento":"PIURA","provincia":"TALARA","distrito":"PARIÑAS","institucion":"ESSALUD","codigoMinsa":12243,"direccion":"AVENIDA AV. PANAMERICANA S/N CARRETERA A LOBITOS S/N AV. PANAMERICANA S/N CARRETERA A LOBITOS PARIÑAS TALARA PIURA","disa":"PIURA","red":"NO PERTENECE A NINGUNA RED","microrred":"NO PERTENECE A NINGUNA MICRORED","categoria":"ESTABLECIMIENTO DE SALUD CON INTERNAMIENTO","condicion":"ACTIVO","actualizado":"2023/08/01 19:00:00.000","fuente":"MINSA","urlRenipr":"http://app20.susalud.gob.pe:8080/registro-renipress-webapp/ipress.htm?action=mostrarVer&idipress=00012243"}},{"type":"Feature","geometry":{"type":"Point","coordinates":[-80.68643229999998,-4.903637999999944]},"properties":{"objectid":20485,"nombre":"CONSULTORIO GINECO OBSTETRICO ORION","departamento":"PIURA","provincia":"SULLANA","distrito":"SULLANA","institucion":"PRIVADO","codigoMinsa":23303,"direccion":"CALLE URBANIZACION SULLANA NÚMERO 1 MANZANA L LOTE 33 URBANIZACIÓN SULLANA DISTRITO SULLANA PROVINCIA SULLANA DEPARTAMENTO PIURA","disa":"PIURA","red":"","microrred":"","categoria":"ESTABLECIMIENTO DE SALUD SIN INTERNAMIENTO","condicion":"ACTIVO","actualizado":"2023/08/01 19:00:00.000","fuente":"MINSA","urlRenipr":"http://app20.susalud.gob.pe:8080/registro-renipress-webapp/ipress.htm?action=mostrarVer&idipress=00023303"}},{"type":"Feature","geometry":{"type":"Point","coordinates":[-80.62249999999995,-5.201669999999979]},"properties":{"objectid":20490,"nombre":"CONSULTORIO MEDICO SPA \"AROMAS Y SALUD\"","departamento":"PIURA","provincia":"PIURA","distrito":"CASTILLA","institucion":"PRIVADO","codigoMinsa":27460,"direccion":"CALLE LAS ESMERALDAS NÚMERO 4 PISO 1 MANZANA N LOTE 04 URBANIZACIÓN MIRAFLORES DISTRITO CASTILLA PROVINCIA PIURA DEPARTAMENTO PIURA","disa":"PIURA","red":"NO PERTENECE A NINGUNA RED","microrred":"NO PERTENECE A NINGUNA MICRORED","categoria":"ESTABLECIMIENTO DE SALUD SIN INTERNAMIENTO","condicion":"ACTIVO","actualizado":"2023/08/01 19:00:00.000","fuente":"MINSA","urlRenipr":"http://app20.susalud.gob.pe:8080/registro-renipress-webapp/ipress.htm?action=mostrarVer&idipress=00027460"}},{"type":"Feature","geometry":{"type":"Point","coordinates":[-80.59875489999996,-5.18632649999995]},"properties":{"objectid":20498,"nombre":"SERVICIOS MEDICOS INTEGRALES MONTEVERDE EIRL","departamento":"PIURA","provincia":"PIURA","distrito":"CASTILLA","institucion":"PRIVADO","codigoMinsa":31291,"direccion":"URBANIZACIÓN PARQUE RESIDENCIAL MONTEVERDE 2DA ETAPA MANZANA J LOTE 03 DISTRITO CASTILLA PROVINCIA PIURA DEPARTAMENTO PIURA","disa":"PIURA","red":"","microrred":"","categoria":"ESTABLECIMIENTO DE SALUD SIN INTERNAMIENTO","condicion":"ACTIVO","actualizado":"2023/08/01 19:00:00.000","fuente":"MINSA","urlRenipr":"http://app20.susalud.gob.pe:8080/registro-renipress-webapp/ipress.htm?action=mostrarVer&idipress=00031291"}},{"type":"Feature","geometry":{"type":"Point","coordinates":[-80.67170623999993,-4.884676009999964]},"properties":{"objectid":20506,"nombre":"CENTRO DE SALUD DE BELLAVISTA","departamento":"PIURA","provincia":"SULLANA","distrito":"BELLAVISTA","institucion":"GOBIERNO REGIONAL","codigoMinsa":2001,"direccion":"OTROS TRANSVERSAL LUCIANO CASTILLO COLONNA S/N A.H ESTEBAN PAULETICH BELLAVISTA S/N TRANSVERSAL LUCIANO CASTILLO COLONNA S/N A.H ESTEBAN PAULETICH BELLAVISTA BELLAVISTA SULLANA PIURA","disa":"PIURA","red":"SULLANA","microrred":"BELLAVISTA","categoria":"ESTABLECIMIENTO DE SALUD CON INTERNAMIENTO","condicion":"ACTIVO","actualizado":"2023/08/01 19:00:00.000","fuente":"MINSA","urlRenipr":"http://app20.susalud.gob.pe:8080/registro-renipress-webapp/ipress.htm?action=mostrarVer&idipress=00002001"}},{"type":"Feature","geometry":{"type":"Point","coordinates":[-79.77728324999998,-4.680964079999967]},"properties":{"objectid":20508,"nombre":"ARREYPITE - PINGOLA","departamento":"PIURA","provincia":"AYABACA","distrito":"AYABACA","institucion":"GOBIERNO REGIONAL","codigoMinsa":1918,"direccion":"OTROS CASERIO ARREYPITE PINGOLA - AYABACA DISTRITO AYABACA PROVINCIA AYABACA DEPARTAMENTO PIURA","disa":"PIURA","red":"AYABACA","microrred":"AYABACA","categoria":"ESTABLECIMIENTO DE SALUD SIN INTERNAMIENTO","condicion":"ACTIVO","actualizado":"2023/08/01 19:00:00.000","fuente":"MINSA","urlRenipr":"http://app20.susalud.gob.pe:8080/registro-renipress-webapp/ipress.htm?action=mostrarVer&idipress=00001918"}},{"type":"Feature","geometry":{"type":"Point","coordinates":[-79.52998081999993,-4.625299319999954]},"properties":{"objectid":20509,"nombre":"SAMANGUILLA","departamento":"PIURA","provincia":"AYABACA","distrito":"AYABACA","institucion":"GOBIERNO REGIONAL","codigoMinsa":1927,"direccion":"OTROS CASERIO SAMANGUILLA - AYABACA DISTRITO AYABACA PROVINCIA AYABACA DEPARTAMENTO PIURA","disa":"PIURA","red":"AYABACA","microrred":"AYABACA","categoria":"ESTABLECIMIENTO DE SALUD SIN INTERNAMIENTO","condicion":"ACTIVO","actualizado":"2023/08/01 19:00:00.000","fuente":"MINSA","urlRenipr":"http://app20.susalud.gob.pe:8080/registro-renipress-webapp/ipress.htm?action=mostrarVer&idipress=00001927"}},{"type":"Feature","geometry":{"type":"Point","coordinates":[-80.43118874999999,-4.787912269999936]},"properties":{"objectid":20510,"nombre":"SOMATE ALTO","departamento":"PIURA","provincia":"SULLANA","distrito":"SULLANA","institucion":"GOBIERNO REGIONAL","codigoMinsa":2008,"direccion":"OTROS SOMATE ALTO S/N BELLAVISTA NÚMERO S/N DISTRITO BELLAVISTA PROVINCIA SULLANA DEPARTAMENTO PIURA","disa":"PIURA","red":"SULLANA","microrred":"BELLAVISTA","categoria":"ESTABLECIMIENTO DE SALUD SIN INTERNAMIENTO","condicion":"ACTIVO","actualizado":"2023/08/01 19:00:00.000","fuente":"MINSA","urlRenipr":"http://app20.susalud.gob.pe:8080/registro-renipress-webapp/ipress.htm?action=mostrarVer&idipress=00002008"}},{"type":"Feature","geometry":{"type":"Point","coordinates":[-80.52323611999998,-4.413096699999926]},"properties":{"objectid":20511,"nombre":"QUEBRADA SECA","departamento":"PIURA","provincia":"SULLANA","distrito":"LANCONES","institucion":"GOBIERNO REGIONAL","codigoMinsa":2066,"direccion":"OTROS CASERIO QUEBRADA SECA DISTRITO LANCONES PROVINCIA SULLANA DEPARTAMENTO PIURA","disa":"PIURA","red":"SULLANA","microrred":"LANCONES","categoria":"ESTABLECIMIENTO DE SALUD SIN INTERNAMIENTO","condicion":"ACTIVO","actualizado":"2023/08/01 19:00:00.000","fuente":"MINSA","urlRenipr":"http://app20.susalud.gob.pe:8080/registro-renipress-webapp/ipress.htm?action=mostrarVer&idipress=00002066"}},{"type":"Feature","geometry":{"type":"Point","coordinates":[-80.00104113999998,-4.850115879999976]},"properties":{"objectid":20512,"nombre":"COLETAS-CHACHACOMAL","departamento":"PIURA","provincia":"AYABACA","distrito":"SAPILLICA","institucion":"GOBIERNO REGIONAL","codigoMinsa":1957,"direccion":"OTROS CASERIO COLETAS CHACHACOMAL DISTRITO SAPILLICA PROVINCIA AYABACA DEPARTAMENTO PIURA","disa":"PIURA","red":"AYABACA","microrred":"LAS LOMAS","categoria":"ESTABLECIMIENTO DE SALUD SIN INTERNAMIENTO","condicion":"ACTIVO","actualizado":"2023/08/01 19:00:00.000","fuente":"MINSA","urlRenipr":"http://app20.susalud.gob.pe:8080/registro-renipress-webapp/ipress.htm?action=mostrarVer&idipress=00001957"}},{"type":"Feature","geometry":{"type":"Point","coordinates":[-80.38928710999994,-4.294131769999979]},"properties":{"objectid":20513,"nombre":"EL PITAYO","departamento":"PIURA","provincia":"SULLANA","distrito":"LANCONES","institucion":"GOBIERNO REGIONAL","codigoMinsa":2067,"direccion":"OTROS CASERIO EL PITAYO DISTRITO LANCONES PROVINCIA SULLANA DEPARTAMENTO PIURA","disa":"PIURA","red":"SULLANA","microrred":"LANCONES","categoria":"ESTABLECIMIENTO DE SALUD SIN INTERNAMIENTO","condicion":"ACTIVO","actualizado":"2023/08/01 19:00:00.000","fuente":"MINSA","urlRenipr":"http://app20.susalud.gob.pe:8080/registro-renipress-webapp/ipress.htm?action=mostrarVer&idipress=00002067"}},{"type":"Feature","geometry":{"type":"Point","coordinates":[-79.64398516999995,-4.436351979999927]},"properties":{"objectid":20514,"nombre":"SAUSAL","departamento":"PIURA","provincia":"AYABACA","distrito":"AYABACA","institucion":"GOBIERNO REGIONAL","codigoMinsa":1925,"direccion":"OTROS CASERIO SAUSAL - AYABACA DISTRITO AYABACA PROVINCIA AYABACA DEPARTAMENTO PIURA","disa":"PIURA","red":"AYABACA","microrred":"AYABACA","categoria":"ESTABLECIMIENTO DE SALUD SIN INTERNAMIENTO","condicion":"ACTIVO","actualizado":"2023/08/01 19:00:00.000","fuente":"MINSA","urlRenipr":"http://app20.susalud.gob.pe:8080/registro-renipress-webapp/ipress.htm?action=mostrarVer&idipress=00001925"}},{"type":"Feature","geometry":{"type":"Point","coordinates":[-79.76241769999996,-5.287963899999966]},"properties":{"objectid":20573,"nombre":"BARRIOS","departamento":"PIURA","provincia":"MORROPON","distrito":"SAN JUAN DE BIGOTE","institucion":"GOBIERNO REGIONAL","codigoMinsa":30743,"direccion":"CARRETERA BIGOTE LALAQUIZ DISTRITO SAN JUAN DE BIGOTE PROVINCIA MORROPON DEPARTAMENTO PIURA","disa":"PIURA","red":"MORROPON CHULUCANAS","microrred":"SALITRAL","categoria":"ESTABLECIMIENTO DE SALUD SIN INTERNAMIENTO","condicion":"ACTIVO","actualizado":"2023/08/01 19:00:00.000","fuente":"MINSA","urlRenipr":"http://app20.susalud.gob.pe:8080/registro-renipress-webapp/ipress.htm?action=mostrarVer&idipress=00030743"}},{"type":"Feature","geometry":{"type":"Point","coordinates":[-80.04790832999998,-5.174444999999935]},"properties":{"objectid":20574,"nombre":"E.S FRANCO","departamento":"PIURA","provincia":"MORROPON","distrito":"MORROPON","institucion":"GOBIERNO REGIONAL","codigoMinsa":2184,"direccion":"OTROS CENTRO POBLADO FRANCO DISTRITO MORROPON PROVINCIA MORROPON DEPARTAMENTO PIURA","disa":"PIURA","red":"MORROPON CHULUCANAS","microrred":"MORROPON","categoria":"ESTABLECIMIENTO DE SALUD SIN INTERNAMIENTO","condicion":"ACTIVO","actualizado":"2023/08/01 19:00:00.000","fuente":"MINSA","urlRenipr":"http://app20.susalud.gob.pe:8080/registro-renipress-webapp/ipress.htm?action=mostrarVer&idipress=00002184"}},{"type":"Feature","geometry":{"type":"Point","coordinates":[-80.66668408999999,-5.004099069999938]},"properties":{"objectid":20575,"nombre":"E.S. CIENEGUILLO SUR","departamento":"PIURA","provincia":"PIURA","distrito":"VEINTISEIS DE OCTUBRE","institucion":"GOBIERNO REGIONAL","codigoMinsa":2095,"direccion":"OTROS CENTRO POBLADO CIENEGUILLO SUR - SANTA ROSA S/N S/N CENTRO POBLADO CIENEGUILLO SUR - SANTA ROSA S/N VEINTISEIS DE OCTUBRE PIURA PIURA","disa":"PIURA","red":"PIURA CASTILLA","microrred":"PIURA","categoria":"ESTABLECIMIENTO DE SALUD SIN INTERNAMIENTO","condicion":"ACTIVO","actualizado":"2023/08/01 19:00:00.000","fuente":"MINSA","urlRenipr":"http://app20.susalud.gob.pe:8080/registro-renipress-webapp/ipress.htm?action=mostrarVer&idipress=00002095"}},{"type":"Feature","geometry":{"type":"Point","coordinates":[-80.75432087999997,-5.437242569999967]},"properties":{"objectid":20577,"nombre":"E.S. BELLAVISTA","departamento":"PIURA","provincia":"SECHURA","distrito":"BELLAVISTA DE LA UNION","institucion":"GOBIERNO REGIONAL","codigoMinsa":2157,"direccion":"AVENIDA AV. MARISCAL CASTILLA N° 124 BELLAVISTA AV. MARISCAL CASTILLA N° 124 BELLAVISTA BELLAVISTA DE LA UNION SECHURA PIURA","disa":"PIURA","red":"BAJO PIURA","microrred":"SECHURA","categoria":"ESTABLECIMIENTO DE SALUD SIN INTERNAMIENTO","condicion":"ACTIVO","actualizado":"2023/08/01 19:00:00.000","fuente":"MINSA","urlRenipr":"http://app20.susalud.gob.pe:8080/registro-renipress-webapp/ipress.htm?action=mostrarVer&idipress=00002157"}},{"type":"Feature","geometry":{"type":"Point","coordinates":[-80.64618166999998,-5.174996669999928]},"properties":{"objectid":20578,"nombre":"ACLAS LOS ALGARROBOS","departamento":"PIURA","provincia":"PIURA","distrito":"PIURA","institucion":"GOBIERNO REGIONAL","codigoMinsa":2085,"direccion":"OTROS PRIMERA ETAPA LOS ALGARROBOS S/N S/N PRIMERA ETAPA LOS ALGARROBOS S/N PIURA PIURA PIURA","disa":"PIURA","red":"PIURA CASTILLA","microrred":"PIURA","categoria":"ESTABLECIMIENTO DE SALUD CON INTERNAMIENTO","condicion":"ACTIVO","actualizado":"2023/08/01 19:00:00.000","fuente":"MINSA","urlRenipr":"http://app20.susalud.gob.pe:8080/registro-renipress-webapp/ipress.htm?action=mostrarVer&idipress=00002085"}},{"type":"Feature","geometry":{"type":"Point","coordinates":[-79.73851067999993,-5.143305599999962]},"properties":{"objectid":20579,"nombre":"PUESTO DE SALUD LAJOS","departamento":"PIURA","provincia":"MORROPON","distrito":"YAMANGO","institucion":"GOBIERNO REGIONAL","codigoMinsa":2195,"direccion":"OTROS CENTRO POBLADO LAJOS DISTRITO YAMANGO PROVINCIA MORROPON DEPARTAMENTO PIURA","disa":"PIURA","red":"MORROPON CHULUCANAS","microrred":"MORROPON","categoria":"ESTABLECIMIENTO DE SALUD SIN INTERNAMIENTO","condicion":"ACTIVO","actualizado":"2023/08/01 19:00:00.000","fuente":"MINSA","urlRenipr":"http://app20.susalud.gob.pe:8080/registro-renipress-webapp/ipress.htm?action=mostrarVer&idipress=00002195"}},{"type":"Feature","geometry":{"type":"Point","coordinates":[-80.63972666999996,-5.200418329999934]},"properties":{"objectid":20580,"nombre":"E.S. SAN PEDRO","departamento":"PIURA","provincia":"PIURA","distrito":"PIURA","institucion":"GOBIERNO REGIONAL","codigoMinsa":2092,"direccion":"OTROS ESQ. MANAGUA CON BUENOS AIRES S/N A.H SAN PEDRO S/N ESQ. MANAGUA CON BUENOS AIRES S/N A.H SAN PEDRO PIURA PIURA PIURA","disa":"PIURA","red":"PIURA CASTILLA","microrred":"PIURA","categoria":"ESTABLECIMIENTO DE SALUD CON INTERNAMIENTO","condicion":"ACTIVO","actualizado":"2023/08/01 19:00:00.000","fuente":"MINSA","urlRenipr":"http://app20.susalud.gob.pe:8080/registro-renipress-webapp/ipress.htm?action=mostrarVer&idipress=00002092"}},{"type":"Feature","geometry":{"type":"Point","coordinates":[-79.86495666999997,-4.997723329999928]},"properties":{"objectid":20581,"nombre":"E.S QUINCHAYO GRANDE","departamento":"PIURA","provincia":"MORROPON","distrito":"SANTO DOMINGO","institucion":"GOBIERNO REGIONAL","codigoMinsa":2217,"direccion":"CALLE CALLE SANTA CRUZ S/N NÚMERO S/N DISTRITO SANTO DOMINGO PROVINCIA MORROPON DEPARTAMENTO PIURA","disa":"PIURA","red":"MORROPON CHULUCANAS","microrred":"CHALACO","categoria":"ESTABLECIMIENTO DE SALUD SIN INTERNAMIENTO","condicion":"ACTIVO","actualizado":"2023/08/01 19:00:00.000","fuente":"MINSA","urlRenipr":"http://app20.susalud.gob.pe:8080/registro-renipress-webapp/ipress.htm?action=mostrarVer&idipress=00002217"}},{"type":"Feature","geometry":{"type":"Point","coordinates":[-80.61926499999998,-5.198284999999942]},"properties":{"objectid":20582,"nombre":"E.S. CASTILLA","departamento":"PIURA","provincia":"PIURA","distrito":"CASTILLA","institucion":"GOBIERNO REGIONAL","codigoMinsa":2100,"direccion":"AVENIDA AV. RAMON CASTILLA N° 385 AV. RAMON CASTILLA N° 385 CASTILLA PIURA PIURA","disa":"PIURA","red":"PIURA CASTILLA","microrred":"CASTILLA","categoria":"ESTABLECIMIENTO DE SALUD CON INTERNAMIENTO","condicion":"ACTIVO","actualizado":"2023/08/01 19:00:00.000","fuente":"MINSA","urlRenipr":"http://app20.susalud.gob.pe:8080/registro-renipress-webapp/ipress.htm?action=mostrarVer&idipress=00002100"}},{"type":"Feature","geometry":{"type":"Point","coordinates":[-79.79485332999997,-5.04342166999993]},"properties":{"objectid":20583,"nombre":"ESTABLECIMIENTO DE SALUD CHALACO.","departamento":"PIURA","provincia":"MORROPON","distrito":"CHALACO","institucion":"GOBIERNO REGIONAL","codigoMinsa":2202,"direccion":"JIRÓN JR. AYACUCHO N° 348 JR. AYACUCHO N° 348 CHALACO MORROPON PIURA","disa":"PIURA","red":"MORROPON CHULUCANAS","microrred":"CHALACO","categoria":"ESTABLECIMIENTO DE SALUD CON INTERNAMIENTO","condicion":"ACTIVO","actualizado":"2023/08/01 19:00:00.000","fuente":"MINSA","urlRenipr":"http://app20.susalud.gob.pe:8080/registro-renipress-webapp/ipress.htm?action=mostrarVer&idipress=00002202"}},{"type":"Feature","geometry":{"type":"Point","coordinates":[-79.80263733999999,-5.208147209999936]},"properties":{"objectid":20584,"nombre":"P.S PISCAN","departamento":"PIURA","provincia":"MORROPON","distrito":"YAMANGO","institucion":"GOBIERNO REGIONAL","codigoMinsa":2194,"direccion":"OTROS CENTRO POBLADO PISCAN DISTRITO YAMANGO PROVINCIA MORROPON DEPARTAMENTO PIURA","disa":"PIURA","red":"MORROPON CHULUCANAS","microrred":"MORROPON","categoria":"ESTABLECIMIENTO DE SALUD SIN INTERNAMIENTO","condicion":"ACTIVO","actualizado":"2023/08/01 19:00:00.000","fuente":"MINSA","urlRenipr":"http://app20.susalud.gob.pe:8080/registro-renipress-webapp/ipress.htm?action=mostrarVer&idipress=00002194"}},{"type":"Feature","geometry":{"type":"Point","coordinates":[-80.66019071999995,-5.236189649999972]},"properties":{"objectid":20585,"nombre":"P.S LA LEGUA","departamento":"PIURA","provincia":"PIURA","distrito":"CATACAOS","institucion":"GOBIERNO REGIONAL","codigoMinsa":2117,"direccion":"OTROS BARRIO CENTRO S/N VILLA LA LEGUA S/N BARRIO CENTRO S/N VILLA LA LEGUA CATACAOS PIURA PIURA","disa":"PIURA","red":"BAJO PIURA","microrred":"CATACAOS","categoria":"ESTABLECIMIENTO DE SALUD SIN INTERNAMIENTO","condicion":"ACTIVO","actualizado":"2023/08/01 19:00:00.000","fuente":"MINSA","urlRenipr":"http://app20.susalud.gob.pe:8080/registro-renipress-webapp/ipress.htm?action=mostrarVer&idipress=00002117"}},{"type":"Feature","geometry":{"type":"Point","coordinates":[-79.45215666999997,-5.706404999999961]},"properties":{"objectid":20586,"nombre":"P.S SAN ISIDRO","departamento":"PIURA","provincia":"HUANCABAMBA","distrito":"HUARMACA","institucion":"GOBIERNO REGIONAL","codigoMinsa":2273,"direccion":"OTROS CASERIO SAN ISIDRO DISTRITO HUARMACA PROVINCIA HUANCABAMBA DEPARTAMENTO PIURA","disa":"PIURA","red":"HUARMACA","microrred":"HUARMACA","categoria":"ESTABLECIMIENTO DE SALUD SIN INTERNAMIENTO","condicion":"ACTIVO","actualizado":"2023/08/01 19:00:00.000","fuente":"MINSA","urlRenipr":"http://app20.susalud.gob.pe:8080/registro-renipress-webapp/ipress.htm?action=mostrarVer&idipress=00002273"}},{"type":"Feature","geometry":{"type":"Point","coordinates":[-79.42767066999994,-5.1472204299999476]},"properties":{"objectid":20587,"nombre":"ESTABLECIMIENTO DE SALUD SAPALACHE.","departamento":"PIURA","provincia":"HUANCABAMBA","distrito":"EL CARMEN DE LA FRONTERA","institucion":"GOBIERNO REGIONAL","codigoMinsa":2257,"direccion":"OTROS SAPALACHE S/N S/N SAPALACHE S/N EL CARMEN DE LA FRONTERA HUANCABAMBA PIURA","disa":"PIURA","red":"HUANCABAMBA","microrred":"HUANCABAMBA","categoria":"ESTABLECIMIENTO DE SALUD SIN INTERNAMIENTO","condicion":"ACTIVO","actualizado":"2023/08/01 19:00:00.000","fuente":"MINSA","urlRenipr":"http://app20.susalud.gob.pe:8080/registro-renipress-webapp/ipress.htm?action=mostrarVer&idipress=00002257"}},{"type":"Feature","geometry":{"type":"Point","coordinates":[-79.70922311999999,-5.4245213899999385]},"properties":{"objectid":20588,"nombre":"ESTABLECIMIENTO DE SALUD CHANRRO","departamento":"PIURA","provincia":"HUANCABAMBA","distrito":"SAN MIGUEL DE EL FAIQUE","institucion":"GOBIERNO REGIONAL","codigoMinsa":2244,"direccion":"OTROS CENTRO POBLADO CHANRRO S/N N?ERO S/N DISTRITO SAN MIGUEL DE EL FAIQUE PROVINCIA HUANCABAMBA DEPARTAMENTO PIURA","disa":"PIURA","red":"MORROPON CHULUCANAS","microrred":"CANCHAQUE","categoria":"ESTABLECIMIENTO DE SALUD SIN INTERNAMIENTO","condicion":"ACTIVO","actualizado":"2023/08/01 19:00:00.000","fuente":"MINSA","urlRenipr":"http://app20.susalud.gob.pe:8080/registro-renipress-webapp/ipress.htm?action=mostrarVer&idipress=00002244"}},{"type":"Feature","geometry":{"type":"Point","coordinates":[-80.67046359999995,-5.181947499999978]},"properties":{"objectid":20626,"nombre":"MAGICA SONRISA","departamento":"PIURA","provincia":"PIURA","distrito":"VEINTISEIS DE OCTUBRE","institucion":"PRIVADO","codigoMinsa":30737,"direccion":"AVENIDA GRAU NÚMERO 4311 DISTRITO VEINTISEIS DE OCTUBRE PROVINCIA PIURA DEPARTAMENTO PIURA","disa":"PIURA","red":"","microrred":"","categoria":"ESTABLECIMIENTO DE SALUD SIN INTERNAMIENTO","condicion":"ACTIVO","actualizado":"2023/08/01 19:00:00.000","fuente":"MINSA","urlRenipr":"http://app20.susalud.gob.pe:8080/registro-renipress-webapp/ipress.htm?action=mostrarVer&idipress=00030737"}},{"type":"Feature","geometry":{"type":"Point","coordinates":[-80.67349029999997,-5.188701099999946]},"properties":{"objectid":20641,"nombre":"CENTRO MEDICO BOSCONIA","departamento":"PIURA","provincia":"PIURA","distrito":"PIURA","institucion":"PRIVADO","codigoMinsa":12794,"direccion":"AVENIDA AV. JUAN VELASCO ALVARADO S/N NÚMERO S/N DISTRITO PIURA PROVINCIA PIURA DEPARTAMENTO PIURA","disa":"PIURA","red":"NO PERTENECE A NINGUNA RED","microrred":"NO PERTENECE A NINGUNA MICRORED","categoria":"ESTABLECIMIENTO DE SALUD SIN INTERNAMIENTO","condicion":"ACTIVO","actualizado":"2023/08/01 19:00:00.000","fuente":"MINSA","urlRenipr":"http://app20.susalud.gob.pe:8080/registro-renipress-webapp/ipress.htm?action=mostrarVer&idipress=00012794"}},{"type":"Feature","geometry":{"type":"Point","coordinates":[-80.62665853999994,-5.182288249999942]},"properties":{"objectid":20642,"nombre":"CSO CAYETANO","departamento":"PIURA","provincia":"PIURA","distrito":"PIURA","institucion":"PRIVADO","codigoMinsa":25856,"direccion":"AVENIDA FORTUNATO CHIRICHIGNO MANZANA A LOTE A5 - 2B URBANIZACIÓN EL CHIPE DISTRITO PIURA PROVINCIA PIURA DEPARTAMENTO PIURA","disa":"PIURA","red":"NO PERTENECE A NINGUNA RED","microrred":"NO PERTENECE A NINGUNA MICRORED","categoria":"ESTABLECIMIENTO DE SALUD SIN INTERNAMIENTO","condicion":"ACTIVO","actualizado":"2023/08/01 19:00:00.000","fuente":"MINSA","urlRenipr":"http://app20.susalud.gob.pe:8080/registro-renipress-webapp/ipress.htm?action=mostrarVer&idipress=00025856"}},{"type":"Feature","geometry":{"type":"Point","coordinates":[-80.64708686999995,-5.179010709999943]},"properties":{"objectid":20745,"nombre":"CENTRO MEDICO ODONTOLOGICO \"BELLO HORIZONTE\"","departamento":"PIURA","provincia":"PIURA","distrito":"PIURA","institucion":"PRIVADO","codigoMinsa":27044,"direccion":"URBANIZACIÓN BELLO HORIZONTE N?ERO SN PISO 1 MANZANA B3 LOTE 20 URBANIZACI? BELLO HORIZONTE DISTRITO PIURA PROVINCIA PIURA DEPARTAMENTO PIURA","disa":"PIURA","red":"NO PERTENECE A NINGUNA RED","microrred":"NO PERTENECE A NINGUNA MICRORED","categoria":"ESTABLECIMIENTO DE SALUD SIN INTERNAMIENTO","condicion":"ACTIVO","actualizado":"2023/08/01 19:00:00.000","fuente":"MINSA","urlRenipr":"http://app20.susalud.gob.pe:8080/registro-renipress-webapp/ipress.htm?action=mostrarVer&idipress=00027044"}},{"type":"Feature","geometry":{"type":"Point","coordinates":[-80.62818879999998,-5.195068099999958]},"properties":{"objectid":20752,"nombre":"CONSULTORIO DENTAL RISDENT","departamento":"PIURA","provincia":"PIURA","distrito":"PIURA","institucion":"PRIVADO","codigoMinsa":30867,"direccion":"CALLE CUZCO NÚMERO 660 INTERIOR 102 DISTRITO PIURA PROVINCIA PIURA DEPARTAMENTO PIURA","disa":"PIURA","red":"","microrred":"","categoria":"ESTABLECIMIENTO DE SALUD SIN INTERNAMIENTO","condicion":"ACTIVO","actualizado":"2023/08/01 19:00:00.000","fuente":"MINSA","urlRenipr":"http://app20.susalud.gob.pe:8080/registro-renipress-webapp/ipress.htm?action=mostrarVer&idipress=00030867"}},{"type":"Feature","geometry":{"type":"Point","coordinates":[-80.49938569999995,-5.114184399999942]},"properties":{"objectid":20765,"nombre":"CORPORACIÓN AMERICANA DENTAL","departamento":"PIURA","provincia":"PIURA","distrito":"CASTILLA","institucion":"PRIVADO","codigoMinsa":27626,"direccion":"AVENIDA GUILLERMO IRAZOLA PISO 1 MANZANA D LOTE 19 URBANIZACI? MIRAFLORES DISTRITO CASTILLA PROVINCIA PIURA DEPARTAMENTO PIURA","disa":"PIURA","red":"NO PERTENECE A NINGUNA RED","microrred":"NO PERTENECE A NINGUNA MICRORED","categoria":"ESTABLECIMIENTO DE SALUD SIN INTERNAMIENTO","condicion":"ACTIVO","actualizado":"2023/08/01 19:00:00.000","fuente":"MINSA","urlRenipr":"http://app20.susalud.gob.pe:8080/registro-renipress-webapp/ipress.htm?action=mostrarVer&idipress=00027626"}},{"type":"Feature","geometry":{"type":"Point","coordinates":[-81.09621719999996,-5.0938487999999325]},"properties":{"objectid":20767,"nombre":"POSTA MEDICA MUNICIPAL DR. MIGUEL CRUZADO VERA","departamento":"PIURA","provincia":"PAITA","distrito":"PAITA","institucion":"PRIVADO","codigoMinsa":14252,"direccion":"OTROS VICTOR RAUL HAYA DE LA TORRE F1 LOTE 19 DISTRITO PAITA PROVINCIA PAITA DEPARTAMENTO PIURA","disa":"PIURA","red":"","microrred":"NO PERTENECE A NINGUNA MICRORED","categoria":"ESTABLECIMIENTO DE SALUD SIN INTERNAMIENTO","condicion":"ACTIVO","actualizado":"2023/08/01 19:00:00.000","fuente":"MINSA","urlRenipr":"http://app20.susalud.gob.pe:8080/registro-renipress-webapp/ipress.htm?action=mostrarVer&idipress=00014252"}},{"type":"Feature","geometry":{"type":"Point","coordinates":[-80.68817179999996,-5.168472099999974]},"properties":{"objectid":20768,"nombre":"CONSULTORIO MEDICO MI NIÑO JESUS","departamento":"PIURA","provincia":"PIURA","distrito":"VEINTISEIS DE OCTUBRE","institucion":"PRIVADO","codigoMinsa":31045,"direccion":"URBANIZACIÓN SANTA MARGARITA 5 ETAPA MANZANA FB LOTE 01 URBANIZACIÓN SANTA MARGARITA 5 ETAPA DISTRITO VEINTISEIS DE OCTUBRE PROVINCIA PIURA DEPARTAMENTO PIURA","disa":"PIURA","red":"","microrred":"","categoria":"ESTABLECIMIENTO DE SALUD SIN INTERNAMIENTO","condicion":"ACTIVO","actualizado":"2023/08/01 19:00:00.000","fuente":"MINSA","urlRenipr":"http://app20.susalud.gob.pe:8080/registro-renipress-webapp/ipress.htm?action=mostrarVer&idipress=00031045"}},{"type":"Feature","geometry":{"type":"Point","coordinates":[-80.62348339999994,-5.221159899999975]},"properties":{"objectid":20778,"nombre":"CENTRO MEDICO MIRAFLORES PIURA S.A.C.","departamento":"PIURA","provincia":"PIURA","distrito":"CASTILLA","institucion":"PRIVADO","codigoMinsa":31610,"direccion":"CALLE LOS FICUS MANZANA Q-1 LOTE 6 URBANIZACIÓN MIRAFLORES DISTRITO CASTILLA PROVINCIA PIURA DEPARTAMENTO PIURA","disa":"PIURA","red":"","microrred":"","categoria":"ESTABLECIMIENTO DE SALUD SIN INTERNAMIENTO","condicion":"ACTIVO","actualizado":"2023/08/01 19:00:00.000","fuente":"MINSA","urlRenipr":"http://app20.susalud.gob.pe:8080/registro-renipress-webapp/ipress.htm?action=mostrarVer&idipress=00031610"}},{"type":"Feature","geometry":{"type":"Point","coordinates":[-80.59875489999996,-5.18632649999995]},"properties":{"objectid":20784,"nombre":"CENTRO ODONTOLOGICO DEL BUENO","departamento":"PIURA","provincia":"PIURA","distrito":"CASTILLA","institucion":"PRIVADO","codigoMinsa":31206,"direccion":"URBANIZACIÓN MIRAFLORES II PARTE SUB LOTE SECCION SECTOR 1 A MANZANA K LOTE 07 DISTRITO CASTILLA PROVINCIA PIURA DEPARTAMENTO PIURA","disa":"PIURA","red":"","microrred":"","categoria":"ESTABLECIMIENTO DE SALUD SIN INTERNAMIENTO","condicion":"ACTIVO","actualizado":"2023/08/01 19:00:00.000","fuente":"MINSA","urlRenipr":"http://app20.susalud.gob.pe:8080/registro-renipress-webapp/ipress.htm?action=mostrarVer&idipress=00031206"}},{"type":"Feature","geometry":{"type":"Point","coordinates":[-80.62720099999996,-5.185481899999957]},"properties":{"objectid":20891,"nombre":"GALLO HOLDING S.A.C.","departamento":"PIURA","provincia":"PIURA","distrito":"PIURA","institucion":"OTRO","codigoMinsa":29583,"direccion":"AVENIDA SAN RAMON NÚMERO 373 PISO 1 URBANIZACIÓN EL CHIPE DISTRITO PIURA PROVINCIA PIURA DEPARTAMENTO PIURA","disa":"PIURA","red":"","microrred":"NO PERTENECE A NINGUNA MICRORED","categoria":"SERVICIO MÉDICO DE APOYO","condicion":"ACTIVO","actualizado":"2023/08/01 19:00:00.000","fuente":"MINSA","urlRenipr":"http://app20.susalud.gob.pe:8080/registro-renipress-webapp/ipress.htm?action=mostrarVer&idipress=00029583"}},{"type":"Feature","geometry":{"type":"Point","coordinates":[-80.68983333999995,-4.8934293899999375]},"properties":{"objectid":20920,"nombre":"LIBMAN ESTHETIC","departamento":"PIURA","provincia":"SULLANA","distrito":"SULLANA","institucion":"PRIVADO","codigoMinsa":30740,"direccion":"CALLE SUCRE NÚMERO 766 DISTRITO SULLANA PROVINCIA SULLANA DEPARTAMENTO PIURA","disa":"PIURA","red":"","microrred":"","categoria":"ESTABLECIMIENTO DE SALUD SIN INTERNAMIENTO","condicion":"ACTIVO","actualizado":"2023/08/01 19:00:00.000","fuente":"MINSA","urlRenipr":"http://app20.susalud.gob.pe:8080/registro-renipress-webapp/ipress.htm?action=mostrarVer&idipress=00030740"}},{"type":"Feature","geometry":{"type":"Point","coordinates":[-80.63412709999994,-5.199811099999977]},"properties":{"objectid":20953,"nombre":"CENTRO DE SALUD INTEGRAL LA FLORIDA S.A.C.","departamento":"PIURA","provincia":"PIURA","distrito":"PIURA","institucion":"PRIVADO","codigoMinsa":31655,"direccion":"AVENIDA RICHARD CUSHING NÚMERO 282 DISTRITO PIURA PROVINCIA PIURA DEPARTAMENTO PIURA","disa":"PIURA","red":"","microrred":"","categoria":"ESTABLECIMIENTO DE SALUD SIN INTERNAMIENTO","condicion":"ACTIVO","actualizado":"2023/08/01 19:00:00.000","fuente":"MINSA","urlRenipr":"http://app20.susalud.gob.pe:8080/registro-renipress-webapp/ipress.htm?action=mostrarVer&idipress=00031655"}},{"type":"Feature","geometry":{"type":"Point","coordinates":[-80.65488819999996,-5.1782883999999285]},"properties":{"objectid":20992,"nombre":"OPTICA WORLD E.I.R.L.","departamento":"PIURA","provincia":"PIURA","distrito":"PIURA","institucion":"PRIVADO","codigoMinsa":26542,"direccion":"AVENIDA SANCHEZ CERRO NÚMERO 748 DISTRITO PIURA PROVINCIA PIURA DEPARTAMENTO PIURA","disa":"PIURA","red":"NO PERTENECE A NINGUNA RED","microrred":"NO PERTENECE A NINGUNA MICRORED","categoria":"SERVICIO MÉDICO DE APOYO","condicion":"ACTIVO","actualizado":"2023/08/01 19:00:00.000","fuente":"MINSA","urlRenipr":"http://app20.susalud.gob.pe:8080/registro-renipress-webapp/ipress.htm?action=mostrarVer&idipress=00026542"}},{"type":"Feature","geometry":{"type":"Point","coordinates":[-80.68639999999994,-4.903599999999926]},"properties":{"objectid":21196,"nombre":"LABORATORIO CLINICO OVILAB EIRL","departamento":"PIURA","provincia":"SULLANA","distrito":"SULLANA","institucion":"PRIVADO","codigoMinsa":13498,"direccion":"JIRÓN JIRON MIROQUEZADA S/N NÚMERO S/N DISTRITO SULLANA PROVINCIA SULLANA DEPARTAMENTO PIURA","disa":"PIURA","red":"NO PERTENECE A NINGUNA RED","microrred":"NO PERTENECE A NINGUNA MICRORED","categoria":"SERVICIO MÉDICO DE APOYO","condicion":"ACTIVO","actualizado":"2023/08/01 19:00:00.000","fuente":"MINSA","urlRenipr":"http://app20.susalud.gob.pe:8080/registro-renipress-webapp/ipress.htm?action=mostrarVer&idipress=00013498"}},{"type":"Feature","geometry":{"type":"Point","coordinates":[-80.68643229999998,-4.903637999999944]},"properties":{"objectid":21252,"nombre":"GINESALUD & MUNDITOURS SAC","departamento":"PIURA","provincia":"SULLANA","distrito":"SULLANA","institucion":"PRIVADO","codigoMinsa":12821,"direccion":"CALLE CALLE 2 N° 800 - BUENOS AIRES DISTRITO SULLANA PROVINCIA SULLANA DEPARTAMENTO PIURA","disa":"","red":"","microrred":"","categoria":"ESTABLECIMIENTO DE SALUD SIN INTERNAMIENTO","condicion":"RETIRO VOLUNTARIO","actualizado":"2023/08/01 19:00:00.000","fuente":"MINSA","urlRenipr":"http://app20.susalud.gob.pe:8080/registro-renipress-webapp/ipress.htm?action=mostrarVer&idipress=00012821"}},{"type":"Feature","geometry":{"type":"Point","coordinates":[-81.04248895999996,-4.105310969999948]},"properties":{"objectid":21363,"nombre":"MEDICAL CENTER","departamento":"PIURA","provincia":"TALARA","distrito":"MANCORA","institucion":"PRIVADO","codigoMinsa":11720,"direccion":"AVENIDA AV PANAMERICANA NORTE S/N NÚMERO S/N DISTRITO MANCORA PROVINCIA TALARA DEPARTAMENTO PIURA","disa":"PIURA","red":"NO PERTENECE A NINGUNA RED","microrred":"NO PERTENECE A NINGUNA MICRORED","categoria":"ESTABLECIMIENTO DE SALUD SIN INTERNAMIENTO","condicion":"ACTIVO","actualizado":"2023/08/01 19:00:00.000","fuente":"MINSA","urlRenipr":"http://app20.susalud.gob.pe:8080/registro-renipress-webapp/ipress.htm?action=mostrarVer&idipress=00011720"}},{"type":"Feature","geometry":{"type":"Point","coordinates":[-80.65488819999996,-5.1782883999999285]},"properties":{"objectid":21413,"nombre":"OPTICA MOGOLLON SAC","departamento":"PIURA","provincia":"PIURA","distrito":"CASTILLA","institucion":"PRIVADO","codigoMinsa":16193,"direccion":"AVENIDA AV. SANCHEZ CERRO Nª 640 DISTRITO CASTILLA PROVINCIA PIURA DEPARTAMENTO PIURA","disa":"PIURA","red":"NO PERTENECE A NINGUNA RED","microrred":"NO PERTENECE A NINGUNA MICRORED","categoria":"SERVICIO MÉDICO DE APOYO","condicion":"ACTIVO","actualizado":"2023/08/01 19:00:00.000","fuente":"MINSA","urlRenipr":"http://app20.susalud.gob.pe:8080/registro-renipress-webapp/ipress.htm?action=mostrarVer&idipress=00016193"}},{"type":"Feature","geometry":{"type":"Point","coordinates":[-80.63017716999997,-5.1928367399999615]},"properties":{"objectid":21457,"nombre":"CLÍNICA LOS COCOS","departamento":"PIURA","provincia":"PIURA","distrito":"PIURA","institucion":"PRIVADO","codigoMinsa":13042,"direccion":"AVENIDA SULLANA NÚMERO 290 292 URBANIZACIÓN CLUB GRAU DISTRITO PIURA PROVINCIA PIURA DEPARTAMENTO PIURA","disa":"PIURA","red":"NO PERTENECE A NINGUNA RED","microrred":"NO PERTENECE A NINGUNA MICRORED","categoria":"ESTABLECIMIENTO DE SALUD CON INTERNAMIENTO","condicion":"ACTIVO","actualizado":"2023/08/01 19:00:00.000","fuente":"MINSA","urlRenipr":"http://app20.susalud.gob.pe:8080/registro-renipress-webapp/ipress.htm?action=mostrarVer&idipress=00013042"}},{"type":"Feature","geometry":{"type":"Point","coordinates":[-80.69614319999994,-4.905856799999981]},"properties":{"objectid":21524,"nombre":"CONSULTORIO MEDICO SANTA ROSA_LABORAT.BURGOS","departamento":"PIURA","provincia":"SULLANA","distrito":"SULLANA","institucion":"PRIVADO","codigoMinsa":30245,"direccion":"CALLE SANTA AURA NÚMERO 1098 DISTRITO SULLANA PROVINCIA SULLANA DEPARTAMENTO PIURA","disa":"","red":"","microrred":"","categoria":"ESTABLECIMIENTO DE SALUD SIN INTERNAMIENTO","condicion":"RUC INACTIVO EN SUNAT","actualizado":"2023/08/01 19:00:00.000","fuente":"MINSA","urlRenipr":"http://app20.susalud.gob.pe:8080/registro-renipress-webapp/ipress.htm?action=mostrarVer&idipress=00030245"}},{"type":"Feature","geometry":{"type":"Point","coordinates":[-80.69506139999999,-4.89670289999998]},"properties":{"objectid":21860,"nombre":"Laboratorio de analisis clinicos san gabriel","departamento":"PIURA","provincia":"SULLANA","distrito":"SULLANA","institucion":"PRIVADO","codigoMinsa":23767,"direccion":"AVENIDA avenida NÚMERO 439 PISO 2 DISTRITO SULLANA PROVINCIA SULLANA DEPARTAMENTO PIURA","disa":"PIURA","red":"","microrred":"","categoria":"SERVICIO MÉDICO DE APOYO","condicion":"ACTIVO","actualizado":"2023/08/01 19:00:00.000","fuente":"MINSA","urlRenipr":"http://app20.susalud.gob.pe:8080/registro-renipress-webapp/ipress.htm?action=mostrarVer&idipress=00023767"}},{"type":"Feature","geometry":{"type":"Point","coordinates":[-80.62828027999996,-5.19919914999997]},"properties":{"objectid":21863,"nombre":"CENTRO DE SALUD RENAL SAN MATIAS S.A.C.","departamento":"PIURA","provincia":"PIURA","distrito":"PIURA","institucion":"PRIVADO","codigoMinsa":19139,"direccion":"CALLE CALLE AREQUIPA SUR Nº 1134 DISTRITO PIURA PROVINCIA PIURA DEPARTAMENTO PIURA","disa":"PIURA","red":"NO PERTENECE A NINGUNA RED","microrred":"NO PERTENECE A NINGUNA MICRORED","categoria":"SERVICIO MÉDICO DE APOYO","condicion":"ACTIVO","actualizado":"2023/08/01 19:00:00.000","fuente":"MINSA","urlRenipr":"http://app20.susalud.gob.pe:8080/registro-renipress-webapp/ipress.htm?action=mostrarVer&idipress=00019139"}},{"type":"Feature","geometry":{"type":"Point","coordinates":[-80.63992951999995,-5.188455139999974]},"properties":{"objectid":21912,"nombre":"SEMID PERÚ","departamento":"PIURA","provincia":"PIURA","distrito":"PIURA","institucion":"PRIVADO","codigoMinsa":26476,"direccion":"JIRÓN LAS LOMAS PISO 1 MANZANA S LOTE 48 URBANIZACI? SANTA ANA DISTRITO PIURA PROVINCIA PIURA DEPARTAMENTO PIURA","disa":"PIURA","red":"NO PERTENECE A NINGUNA RED","microrred":"NO PERTENECE A NINGUNA MICRORED","categoria":"SERVICIO MÉDICO DE APOYO","condicion":"ACTIVO","actualizado":"2023/08/01 19:00:00.000","fuente":"MINSA","urlRenipr":"http://app20.susalud.gob.pe:8080/registro-renipress-webapp/ipress.htm?action=mostrarVer&idipress=00026476"}},{"type":"Feature","geometry":{"type":"Point","coordinates":[-80.66517789999995,-5.187528799999939]},"properties":{"objectid":21916,"nombre":"DENTAL COSMETICS","departamento":"PIURA","provincia":"PIURA","distrito":"CASTILLA","institucion":"PRIVADO","codigoMinsa":26963,"direccion":"AVENIDA INDEPENDENCIA N?ERO 244 PISO 1 URBANIZACI? MIRAFLORES DISTRITO CASTILLA PROVINCIA PIURA DEPARTAMENTO PIURA","disa":"PIURA","red":"NO PERTENECE A NINGUNA RED","microrred":"NO PERTENECE A NINGUNA MICRORED","categoria":"ESTABLECIMIENTO DE SALUD SIN INTERNAMIENTO","condicion":"ACTIVO","actualizado":"2023/08/01 19:00:00.000","fuente":"MINSA","urlRenipr":"http://app20.susalud.gob.pe:8080/registro-renipress-webapp/ipress.htm?action=mostrarVer&idipress=00026963"}},{"type":"Feature","geometry":{"type":"Point","coordinates":[-80.65488819999996,-5.1782883999999285]},"properties":{"objectid":21952,"nombre":"MEDICERP ESPECIALIDADES MEDICAS S.C.R.L.","departamento":"PIURA","provincia":"PIURA","distrito":"PIURA","institucion":"PRIVADO","codigoMinsa":27409,"direccion":"AVENIDA GRAU NÚMERO 1222 DISTRITO PIURA PROVINCIA PIURA DEPARTAMENTO PIURA","disa":"PIURA","red":"NO PERTENECE A NINGUNA RED","microrred":"NO PERTENECE A NINGUNA MICRORED","categoria":"ESTABLECIMIENTO DE SALUD SIN INTERNAMIENTO","condicion":"ACTIVO","actualizado":"2023/08/01 19:00:00.000","fuente":"MINSA","urlRenipr":"http://app20.susalud.gob.pe:8080/registro-renipress-webapp/ipress.htm?action=mostrarVer&idipress=00027409"}},{"type":"Feature","geometry":{"type":"Point","coordinates":[-80.62175599999995,-5.200344599999937]},"properties":{"objectid":22014,"nombre":"CENTRO MEDICO A&D","departamento":"PIURA","provincia":"PIURA","distrito":"PIURA","institucion":"PRIVADO","codigoMinsa":28888,"direccion":"CALLE OTTO TONSMANN NÚMERO 234 PISO 2 DEPARTAMENTO 202 URBANIZACIÓN RESIDENCIAL MIGUEL GRAU DISTRITO PIURA PROVINCIA PIURA DEPARTAMENTO PIURA","disa":"PIURA","red":"NO PERTENECE A NINGUNA RED","microrred":"NO PERTENECE A NINGUNA MICRORED","categoria":"ESTABLECIMIENTO DE SALUD SIN INTERNAMIENTO","condicion":"ACTIVO","actualizado":"2023/08/01 19:00:00.000","fuente":"MINSA","urlRenipr":"http://app20.susalud.gob.pe:8080/registro-renipress-webapp/ipress.htm?action=mostrarVer&idipress=00028888"}},{"type":"Feature","geometry":{"type":"Point","coordinates":[-81.26078837999995,-4.581593789999943]},"properties":{"objectid":22017,"nombre":"CENTRO MEDICO VILLA FAP","departamento":"PIURA","provincia":"TALARA","distrito":"PARIÑAS","institucion":"SANIDAD DE LA FUERZA AEREA DEL PERU","codigoMinsa":11721,"direccion":"OTROS VILLA FAP-TALARA DISTRITO PARIÑAS PROVINCIA TALARA DEPARTAMENTO PIURA","disa":"PIURA","red":"NO PERTENECE A NINGUNA RED","microrred":"NO PERTENECE A NINGUNA MICRORED","categoria":"ESTABLECIMIENTO DE SALUD SIN INTERNAMIENTO","condicion":"ACTIVO","actualizado":"2023/08/01 19:00:00.000","fuente":"MINSA","urlRenipr":"http://app20.susalud.gob.pe:8080/registro-renipress-webapp/ipress.htm?action=mostrarVer&idipress=00011721"}},{"type":"Feature","geometry":{"type":"Point","coordinates":[-80.63229289999998,-5.194887499999936]},"properties":{"objectid":22091,"nombre":"SIMEDIC DIAGNOSTICA SAC","departamento":"PIURA","provincia":"PIURA","distrito":"PIURA","institucion":"PRIVADO","codigoMinsa":12845,"direccion":"AVENIDA AV. GRAU N° 750 DISTRITO PIURA PROVINCIA PIURA DEPARTAMENTO PIURA","disa":"","red":"","microrred":"","categoria":"ESTABLECIMIENTO DE SALUD SIN INTERNAMIENTO","condicion":"RUC INACTIVO EN SUNAT","actualizado":"2023/08/01 19:00:00.000","fuente":"MINSA","urlRenipr":"http://app20.susalud.gob.pe:8080/registro-renipress-webapp/ipress.htm?action=mostrarVer&idipress=00012845"}},{"type":"Feature","geometry":{"type":"Point","coordinates":[-80.68688290999995,-4.898245089999932]},"properties":{"objectid":22132,"nombre":"KARINA ISABEL CHUNGA ROA","departamento":"PIURA","provincia":"SULLANA","distrito":"SULLANA","institucion":"PRIVADO","codigoMinsa":25401,"direccion":"CALLE 2 NÚMERO 800 DISTRITO SULLANA PROVINCIA SULLANA DEPARTAMENTO PIURA","disa":"","red":"","microrred":"","categoria":"ESTABLECIMIENTO DE SALUD SIN INTERNAMIENTO","condicion":"RETIRO VOLUNTARIO","actualizado":"2023/08/01 19:00:00.000","fuente":"MINSA","urlRenipr":"http://app20.susalud.gob.pe:8080/registro-renipress-webapp/ipress.htm?action=mostrarVer&idipress=00025401"}},{"type":"Feature","geometry":{"type":"Point","coordinates":[-80.65488819999996,-5.1782883999999285]},"properties":{"objectid":22134,"nombre":"CENTRO DE ENDOSCOPIA DIGESTIVA DT","departamento":"PIURA","provincia":"PIURA","distrito":"PIURA","institucion":"PRIVADO","codigoMinsa":26117,"direccion":"AVENIDA SULLANA N?ERO 290 292 DISTRITO PIURA PROVINCIA PIURA DEPARTAMENTO PIURA","disa":"PIURA","red":"NO PERTENECE A NINGUNA RED","microrred":"NO PERTENECE A NINGUNA MICRORED","categoria":"ESTABLECIMIENTO DE SALUD SIN INTERNAMIENTO","condicion":"ACTIVO","actualizado":"2023/08/01 19:00:00.000","fuente":"MINSA","urlRenipr":"http://app20.susalud.gob.pe:8080/registro-renipress-webapp/ipress.htm?action=mostrarVer&idipress=00026117"}},{"type":"Feature","geometry":{"type":"Point","coordinates":[-80.66517789999995,-5.187528799999939]},"properties":{"objectid":22252,"nombre":"CENTRO MEDICO LECCA REYES E.I.R.L.","departamento":"PIURA","provincia":"PIURA","distrito":"CASTILLA","institucion":"PRIVADO","codigoMinsa":26638,"direccion":"CALLE LOS COCOS ASENTAMIENTO HUMANO LA PRIMAVERA MANZANA D4 LOTE 07 DISTRITO CASTILLA PROVINCIA PIURA DEPARTAMENTO PIURA","disa":"PIURA","red":"NO PERTENECE A NINGUNA RED","microrred":"NO PERTENECE A NINGUNA MICRORED","categoria":"ESTABLECIMIENTO DE SALUD SIN INTERNAMIENTO","condicion":"ACTIVO","actualizado":"2023/08/01 19:00:00.000","fuente":"MINSA","urlRenipr":"http://app20.susalud.gob.pe:8080/registro-renipress-webapp/ipress.htm?action=mostrarVer&idipress=00026638"}},{"type":"Feature","geometry":{"type":"Point","coordinates":[-80.65488819999996,-5.1782883999999285]},"properties":{"objectid":22394,"nombre":"CENTRO MEDICO LABORAL SAFETY SST E.I.R.L.","departamento":"PIURA","provincia":"PIURA","distrito":"PIURA","institucion":"PRIVADO","codigoMinsa":23765,"direccion":"CALLE LOS CEIBOS MANZANA L LOTE 15-B URBANIZACIÓN SANTA ISABEL DISTRITO PIURA PROVINCIA PIURA DEPARTAMENTO PIURA","disa":"PIURA","red":"NO PERTENECE A NINGUNA RED","microrred":"NO PERTENECE A NINGUNA MICRORED","categoria":"ESTABLECIMIENTO DE SALUD SIN INTERNAMIENTO","condicion":"ACTIVO","actualizado":"2023/08/01 19:00:00.000","fuente":"MINSA","urlRenipr":"http://app20.susalud.gob.pe:8080/registro-renipress-webapp/ipress.htm?action=mostrarVer&idipress=00023765"}},{"type":"Feature","geometry":{"type":"Point","coordinates":[-80.65488819999996,-5.1782883999999285]},"properties":{"objectid":22476,"nombre":"CENTRO DE ESPECIALIDADES MEDICAS SANTA MARIA","departamento":"PIURA","provincia":"PIURA","distrito":"PIURA","institucion":"PRIVADO","codigoMinsa":14788,"direccion":"CALLE CALLE HUANCAVELICA 1059-PIURA DISTRITO PIURA PROVINCIA PIURA DEPARTAMENTO PIURA","disa":"PIURA","red":"NO PERTENECE A NINGUNA RED","microrred":"NO PERTENECE A NINGUNA MICRORED","categoria":"ESTABLECIMIENTO DE SALUD SIN INTERNAMIENTO","condicion":"ACTIVO","actualizado":"2023/08/01 19:00:00.000","fuente":"MINSA","urlRenipr":"http://app20.susalud.gob.pe:8080/registro-renipress-webapp/ipress.htm?action=mostrarVer&idipress=00014788"}},{"type":"Feature","geometry":{"type":"Point","coordinates":[-80.63020716999995,-5.183789969999964]},"properties":{"objectid":22522,"nombre":"ENFERMERA A CASA","departamento":"PIURA","provincia":"PIURA","distrito":"PIURA","institucion":"PRIVADO","codigoMinsa":31171,"direccion":"URBANIZACIÓN SANTA ISABEL MANZANA E LOTE 16 URBANIZACIÓN SANTA ISABEL DISTRITO PIURA PROVINCIA PIURA DEPARTAMENTO PIURA","disa":"PIURA","red":"","microrred":"","categoria":"ESTABLECIMIENTO DE SALUD SIN INTERNAMIENTO","condicion":"ACTIVO","actualizado":"2023/08/01 19:00:00.000","fuente":"MINSA","urlRenipr":"http://app20.susalud.gob.pe:8080/registro-renipress-webapp/ipress.htm?action=mostrarVer&idipress=00031171"}},{"type":"Feature","geometry":{"type":"Point","coordinates":[-80.21827698999994,-4.84863318999993]},"properties":{"objectid":22535,"nombre":"TEJEDORES","departamento":"PIURA","provincia":"PIURA","distrito":"TAMBO GRANDE","institucion":"GOBIERNO REGIONAL","codigoMinsa":1980,"direccion":"OTROS CENTRO POBLADO DE TEJEDORES DISTRITO TAMBO GRANDE PROVINCIA PIURA DEPARTAMENTO PIURA","disa":"PIURA","red":"AYABACA","microrred":"TAMBOGRANDE","categoria":"ESTABLECIMIENTO DE SALUD SIN INTERNAMIENTO","condicion":"ACTIVO","actualizado":"2023/08/01 19:00:00.000","fuente":"MINSA","urlRenipr":"http://app20.susalud.gob.pe:8080/registro-renipress-webapp/ipress.htm?action=mostrarVer&idipress=00001980"}},{"type":"Feature","geometry":{"type":"Point","coordinates":[-80.14985090999994,-4.719551939999974]},"properties":{"objectid":22536,"nombre":"HUACHUMA ALTA","departamento":"PIURA","provincia":"PIURA","distrito":"LAS LOMAS","institucion":"GOBIERNO REGIONAL","codigoMinsa":1938,"direccion":"OTROS CASERIO HUACHUMA ALTA - LAS LOMAS CASERIO HUACHUMA ALTA - LAS LOMAS LAS LOMAS PIURA PIURA","disa":"PIURA","red":"AYABACA","microrred":"LAS LOMAS","categoria":"ESTABLECIMIENTO DE SALUD SIN INTERNAMIENTO","condicion":"ACTIVO","actualizado":"2023/08/01 19:00:00.000","fuente":"MINSA","urlRenipr":"http://app20.susalud.gob.pe:8080/registro-renipress-webapp/ipress.htm?action=mostrarVer&idipress=00001938"}},{"type":"Feature","geometry":{"type":"Point","coordinates":[-80.68643229999998,-4.903637999999944]},"properties":{"objectid":22538,"nombre":"CIENEGUILLO SUR ALTO","departamento":"PIURA","provincia":"SULLANA","distrito":"SULLANA","institucion":"GOBIERNO REGIONAL","codigoMinsa":24065,"direccion":"CARRETERA PANAMERICANA NORTE PIURA A SULLANA 21 CARRETERA PIURA A SULLANA SULLANA SULLANA PIURA","disa":"PIURA","red":"SULLANA","microrred":"BELLAVISTA","categoria":"ESTABLECIMIENTO DE SALUD SIN INTERNAMIENTO","condicion":"ACTIVO","actualizado":"2023/08/01 19:00:00.000","fuente":"MINSA","urlRenipr":"http://app20.susalud.gob.pe:8080/registro-renipress-webapp/ipress.htm?action=mostrarVer&idipress=00024065"}},{"type":"Feature","geometry":{"type":"Point","coordinates":[-80.53273424999998,-4.7446061399999735]},"properties":{"objectid":22539,"nombre":"SOMATE BAJO","departamento":"PIURA","provincia":"SULLANA","distrito":"SULLANA","institucion":"GOBIERNO REGIONAL","codigoMinsa":2006,"direccion":"OTROS SOMATE BAJO DISTRITO BELLAVISTA PROVINCIA SULLANA DEPARTAMENTO PIURA","disa":"PIURA","red":"SULLANA","microrred":"BELLAVISTA","categoria":"ESTABLECIMIENTO DE SALUD SIN INTERNAMIENTO","condicion":"ACTIVO","actualizado":"2023/08/01 19:00:00.000","fuente":"MINSA","urlRenipr":"http://app20.susalud.gob.pe:8080/registro-renipress-webapp/ipress.htm?action=mostrarVer&idipress=00002006"}},{"type":"Feature","geometry":{"type":"Point","coordinates":[-80.08242574999997,-4.708958089999953]},"properties":{"objectid":22540,"nombre":"GARABATOS","departamento":"PIURA","provincia":"PIURA","distrito":"LAS LOMAS","institucion":"GOBIERNO REGIONAL","codigoMinsa":1942,"direccion":"OTROS CASERIO GARABATO LAS LOMAS DISTRITO LAS LOMAS PROVINCIA PIURA DEPARTAMENTO PIURA","disa":"PIURA","red":"AYABACA","microrred":"LAS LOMAS","categoria":"ESTABLECIMIENTO DE SALUD SIN INTERNAMIENTO","condicion":"ACTIVO","actualizado":"2023/08/01 19:00:00.000","fuente":"MINSA","urlRenipr":"http://app20.susalud.gob.pe:8080/registro-renipress-webapp/ipress.htm?action=mostrarVer&idipress=00001942"}},{"type":"Feature","geometry":{"type":"Point","coordinates":[-79.87401017999997,-4.772871819999978]},"properties":{"objectid":22541,"nombre":"SAN JUAN DE LAGUNAS","departamento":"PIURA","provincia":"AYABACA","distrito":"LAGUNAS","institucion":"GOBIERNO REGIONAL","codigoMinsa":1968,"direccion":"OTROS CASERIO SAN JUAN DE LAGUNAS DISTRITO LAGUNAS PROVINCIA AYABACA DEPARTAMENTO PIURA","disa":"PIURA","red":"AYABACA","microrred":"PAIMAS","categoria":"ESTABLECIMIENTO DE SALUD SIN INTERNAMIENTO","condicion":"ACTIVO","actualizado":"2023/08/01 19:00:00.000","fuente":"MINSA","urlRenipr":"http://app20.susalud.gob.pe:8080/registro-renipress-webapp/ipress.htm?action=mostrarVer&idipress=00001968"}},{"type":"Feature","geometry":{"type":"Point","coordinates":[-79.70869045999996,-4.538656089999961]},"properties":{"objectid":22542,"nombre":"CHOCAN","departamento":"PIURA","provincia":"AYABACA","distrito":"AYABACA","institucion":"GOBIERNO REGIONAL","codigoMinsa":1916,"direccion":"OTROS CASERIO CHOCAN - AYABACA DISTRITO AYABACA PROVINCIA AYABACA DEPARTAMENTO PIURA","disa":"PIURA","red":"AYABACA","microrred":"AYABACA","categoria":"ESTABLECIMIENTO DE SALUD SIN INTERNAMIENTO","condicion":"ACTIVO","actualizado":"2023/08/01 19:00:00.000","fuente":"MINSA","urlRenipr":"http://app20.susalud.gob.pe:8080/registro-renipress-webapp/ipress.htm?action=mostrarVer&idipress=00001916"}},{"type":"Feature","geometry":{"type":"Point","coordinates":[-81.07240431999998,-4.865038079999977]},"properties":{"objectid":22544,"nombre":"VICHAYAL","departamento":"PIURA","provincia":"PAITA","distrito":"VICHAYAL","institucion":"GOBIERNO REGIONAL","codigoMinsa":2078,"direccion":"OTROS ALFONSO UGARTE S/N VICHAYAL S/N ALFONSO UGARTE S/N VICHAYAL VICHAYAL PAITA PIURA","disa":"PIURA","red":"SULLANA","microrred":"TALARA","categoria":"ESTABLECIMIENTO DE SALUD SIN INTERNAMIENTO","condicion":"ACTIVO","actualizado":"2023/08/01 19:00:00.000","fuente":"MINSA","urlRenipr":"http://app20.susalud.gob.pe:8080/registro-renipress-webapp/ipress.htm?action=mostrarVer&idipress=00002078"}},{"type":"Feature","geometry":{"type":"Point","coordinates":[-80.68666784999994,-4.998655499999927]},"properties":{"objectid":22545,"nombre":"CANAL MOCHO-CIENEG.SUR","departamento":"PIURA","provincia":"SULLANA","distrito":"SULLANA","institucion":"GOBIERNO REGIONAL","codigoMinsa":2016,"direccion":"OTROS CASERIO CANAL MOCHO CIENEGUILLO SUR CASERIO CANAL MOCHO CIENEGUILLO SUR SULLANA SULLANA PIURA","disa":"PIURA","red":"SULLANA","microrred":"BELLAVISTA","categoria":"ESTABLECIMIENTO DE SALUD SIN INTERNAMIENTO","condicion":"ACTIVO","actualizado":"2023/08/01 19:00:00.000","fuente":"MINSA","urlRenipr":"http://app20.susalud.gob.pe:8080/registro-renipress-webapp/ipress.htm?action=mostrarVer&idipress=00002016"}},{"type":"Feature","geometry":{"type":"Point","coordinates":[-80.66109695999995,-4.869893249999961]},"properties":{"objectid":22546,"nombre":"EL CUCHO","departamento":"PIURA","provincia":"SULLANA","distrito":"SULLANA","institucion":"GOBIERNO REGIONAL","codigoMinsa":2009,"direccion":"AVENIDA CENTRO POBLADO EL CUCHO AV. LATINA S/N S/N CENTRO POBLADO EL CUCHO AV. LATINA S/N SULLANA SULLANA PIURA","disa":"PIURA","red":"SULLANA","microrred":"BELLAVISTA","categoria":"ESTABLECIMIENTO DE SALUD SIN INTERNAMIENTO","condicion":"ACTIVO","actualizado":"2023/08/01 19:00:00.000","fuente":"MINSA","urlRenipr":"http://app20.susalud.gob.pe:8080/registro-renipress-webapp/ipress.htm?action=mostrarVer&idipress=00002009"}},{"type":"Feature","geometry":{"type":"Point","coordinates":[-80.74499361999995,-4.792376929999932]},"properties":{"objectid":22547,"nombre":"LA NORIA","departamento":"PIURA","provincia":"SULLANA","distrito":"MARCAVELICA","institucion":"GOBIERNO REGIONAL","codigoMinsa":2040,"direccion":"OTROS CASERIO LA NORIA- MARCAVELICA DISTRITO MARCAVELICA PROVINCIA SULLANA DEPARTAMENTO PIURA","disa":"PIURA","red":"SULLANA","microrred":"MARCAVELICA","categoria":"ESTABLECIMIENTO DE SALUD SIN INTERNAMIENTO","condicion":"ACTIVO","actualizado":"2023/08/01 19:00:00.000","fuente":"MINSA","urlRenipr":"http://app20.susalud.gob.pe:8080/registro-renipress-webapp/ipress.htm?action=mostrarVer&idipress=00002040"}},{"type":"Feature","geometry":{"type":"Point","coordinates":[-80.65488819999996,-5.1782883999999285]},"properties":{"objectid":22568,"nombre":"MAXX SALUD","departamento":"PIURA","provincia":"PIURA","distrito":"PIURA","institucion":"PRIVADO","codigoMinsa":27518,"direccion":"JIRÓN OTTO TONSMAN MANZANA N LOTE 11 URBANIZACI? RESIDENCIAL GRAU DISTRITO PIURA PROVINCIA PIURA DEPARTAMENTO PIURA","disa":"PIURA","red":"NO PERTENECE A NINGUNA RED","microrred":"NO PERTENECE A NINGUNA MICRORED","categoria":"ESTABLECIMIENTO DE SALUD SIN INTERNAMIENTO","condicion":"ACTIVO","actualizado":"2023/08/01 19:00:00.000","fuente":"MINSA","urlRenipr":"http://app20.susalud.gob.pe:8080/registro-renipress-webapp/ipress.htm?action=mostrarVer&idipress=00027518"}},{"type":"Feature","geometry":{"type":"Point","coordinates":[-80.62075049999999,-5.202363399999967]},"properties":{"objectid":22587,"nombre":"CONSULTORIO MEDICO SERABI","departamento":"PIURA","provincia":"PIURA","distrito":"PIURA","institucion":"PRIVADO","codigoMinsa":27360,"direccion":"AVENIDA GRAU NÚMERO 461 DISTRITO PIURA PROVINCIA PIURA DEPARTAMENTO PIURA","disa":"PIURA","red":"NO PERTENECE A NINGUNA RED","microrred":"NO PERTENECE A NINGUNA MICRORED","categoria":"ESTABLECIMIENTO DE SALUD SIN INTERNAMIENTO","condicion":"ACTIVO","actualizado":"2023/08/01 19:00:00.000","fuente":"MINSA","urlRenipr":"http://app20.susalud.gob.pe:8080/registro-renipress-webapp/ipress.htm?action=mostrarVer&idipress=00027360"}},{"type":"Feature","geometry":{"type":"Point","coordinates":[-80.68643229999998,-4.903637999999944]},"properties":{"objectid":22591,"nombre":"FISIOMED CENTRO ESPECIALIZADO DE TERAPIA REHABILITACION Y ORTOPEDIA S.A.C.","departamento":"PIURA","provincia":"SULLANA","distrito":"SULLANA","institucion":"PRIVADO","codigoMinsa":30679,"direccion":"CALLE SAN PEDRO NÚMERO 116 URBANIZACIÓN SANTA ROSA DISTRITO SULLANA PROVINCIA SULLANA DEPARTAMENTO PIURA","disa":"PIURA","red":"","microrred":"","categoria":"SERVICIO MÉDICO DE APOYO","condicion":"ACTIVO","actualizado":"2023/08/01 19:00:00.000","fuente":"MINSA","urlRenipr":"http://app20.susalud.gob.pe:8080/registro-renipress-webapp/ipress.htm?action=mostrarVer&idipress=00030679"}},{"type":"Feature","geometry":{"type":"Point","coordinates":[-80.65488819999996,-5.1782883999999285]},"properties":{"objectid":22593,"nombre":"CENTRO MEDICO MI ANGELITO","departamento":"PIURA","provincia":"PAITA","distrito":"PAITA","institucion":"PRIVADO","codigoMinsa":26121,"direccion":"OTROS ASENTAMIENTO HUMANO CIUDAD ROJA DEL PESCADOR MANZANA S1 LOTE 20 DISTRITO PAITA PROVINCIA PAITA DEPARTAMENTO PIURA","disa":"PIURA","red":"NO PERTENECE A NINGUNA RED","microrred":"NO PERTENECE A NINGUNA MICRORED","categoria":"ESTABLECIMIENTO DE SALUD SIN INTERNAMIENTO","condicion":"ACTIVO","actualizado":"2023/08/01 19:00:00.000","fuente":"MINSA","urlRenipr":"http://app20.susalud.gob.pe:8080/registro-renipress-webapp/ipress.htm?action=mostrarVer&idipress=00026121"}},{"type":"Feature","geometry":{"type":"Point","coordinates":[-80.63542169999994,-5.194061999999974]},"properties":{"objectid":22606,"nombre":"CENTRO ODONTOLOGICO AMERICANO - PIURA","departamento":"PIURA","provincia":"PIURA","distrito":"PIURA","institucion":"PRIVADO","codigoMinsa":15614,"direccion":"AVENIDA AV. GRAU NRO. 1050 LOTE D - 1 DISTRITO PIURA PROVINCIA PIURA DEPARTAMENTO PIURA","disa":"PIURA","red":"NO PERTENECE A NINGUNA RED","microrred":"NO PERTENECE A NINGUNA MICRORED","categoria":"ESTABLECIMIENTO DE SALUD SIN INTERNAMIENTO","condicion":"ACTIVO","actualizado":"2023/08/01 19:00:00.000","fuente":"MINSA","urlRenipr":"http://app20.susalud.gob.pe:8080/registro-renipress-webapp/ipress.htm?action=mostrarVer&idipress=00015614"}},{"type":"Feature","geometry":{"type":"Point","coordinates":[-80.63488940999997,-5.2009464999999295]},"properties":{"objectid":22618,"nombre":"CONSULTORIO ODONTOLOGICO SG.DENT E.I.R.L.","departamento":"PIURA","provincia":"PIURA","distrito":"PIURA","institucion":"OTRO","codigoMinsa":25311,"direccion":"AVENIDA DON BOSCO EX CIRCUNVALACION NÚMERO 2 MANZANA C LOTE 2 URBANIZACIÓN LOS TITANES DISTRITO PIURA PROVINCIA PIURA DEPARTAMENTO PIURA","disa":"PIURA","red":"NO PERTENECE A NINGUNA RED","microrred":"NO PERTENECE A NINGUNA MICRORED","categoria":"ESTABLECIMIENTO DE SALUD SIN INTERNAMIENTO","condicion":"ACTIVO","actualizado":"2023/08/01 19:00:00.000","fuente":"MINSA","urlRenipr":"http://app20.susalud.gob.pe:8080/registro-renipress-webapp/ipress.htm?action=mostrarVer&idipress=00025311"}},{"type":"Feature","geometry":{"type":"Point","coordinates":[-80.66737109999997,-5.15914859999998]},"properties":{"objectid":22624,"nombre":"CENTRO DE SALUD MENTAL COMUNITARIO LAS DALIAS","departamento":"PIURA","provincia":"PIURA","distrito":"VEINTISEIS DE OCTUBRE","institucion":"GOBIERNO REGIONAL","codigoMinsa":30872,"direccion":"CALLE LOS ALGARROBOS- SECTOR II C 1 TODA LA AVENIDA PRINCIPAL DE LAS DALIAS VEINTISEIS DE OCTUBRE PIURA PIURA","disa":"PIURA","red":"PIURA CASTILLA","microrred":"PIURA","categoria":"ESTABLECIMIENTO DE SALUD SIN INTERNAMIENTO","condicion":"ACTIVO","actualizado":"2023/08/01 19:00:00.000","fuente":"MINSA","urlRenipr":"http://app20.susalud.gob.pe:8080/registro-renipress-webapp/ipress.htm?action=mostrarVer&idipress=00030872"}},{"type":"Feature","geometry":{"type":"Point","coordinates":[-79.68000933999997,-5.214977809999937]},"properties":{"objectid":22625,"nombre":"E.S. EL PAPAYO","departamento":"PIURA","provincia":"HUANCABAMBA","distrito":"LALAQUIZ","institucion":"GOBIERNO REGIONAL","codigoMinsa":30253,"direccion":"OTROS CENTRO POBLADO PAPAYO NÚMERO S/N DISTRITO LALAQUIZ PROVINCIA HUANCABAMBA DEPARTAMENTO PIURA","disa":"PIURA","red":"MORROPON CHULUCANAS","microrred":"SALITRAL","categoria":"ESTABLECIMIENTO DE SALUD SIN INTERNAMIENTO","condicion":"ACTIVO","actualizado":"2023/08/01 19:00:00.000","fuente":"MINSA","urlRenipr":"http://app20.susalud.gob.pe:8080/registro-renipress-webapp/ipress.htm?action=mostrarVer&idipress=00030253"}},{"type":"Feature","geometry":{"type":"Point","coordinates":[-79.69937832999994,-4.930258329999958]},"properties":{"objectid":22626,"nombre":"P.S EL TULMAN","departamento":"PIURA","provincia":"AYABACA","distrito":"PACAIPAMPA","institucion":"GOBIERNO REGIONAL","codigoMinsa":2214,"direccion":"OTROS CENTRO POBLADO TULMAN S/N NÚMERO S/N DISTRITO PACAIPAMPA PROVINCIA AYABACA DEPARTAMENTO PIURA","disa":"PIURA","red":"MORROPON CHULUCANAS","microrred":"CHALACO","categoria":"ESTABLECIMIENTO DE SALUD SIN INTERNAMIENTO","condicion":"ACTIVO","actualizado":"2023/08/01 19:00:00.000","fuente":"MINSA","urlRenipr":"http://app20.susalud.gob.pe:8080/registro-renipress-webapp/ipress.htm?action=mostrarVer&idipress=00002214"}},{"type":"Feature","geometry":{"type":"Point","coordinates":[-79.44042732999998,-5.469560239999964]},"properties":{"objectid":22627,"nombre":"P.S CUSE","departamento":"PIURA","provincia":"HUANCABAMBA","distrito":"SONDORILLO","institucion":"GOBIERNO REGIONAL","codigoMinsa":2269,"direccion":"OTROS CUSE CENTRO POBLADO S/N S/N CUSE CENTRO POBLADO S/N SONDORILLO HUANCABAMBA PIURA","disa":"PIURA","red":"HUANCABAMBA","microrred":"HUANCABAMBA","categoria":"ESTABLECIMIENTO DE SALUD SIN INTERNAMIENTO","condicion":"ACTIVO","actualizado":"2023/08/01 19:00:00.000","fuente":"MINSA","urlRenipr":"http://app20.susalud.gob.pe:8080/registro-renipress-webapp/ipress.htm?action=mostrarVer&idipress=00002269"}},{"type":"Feature","geometry":{"type":"Point","coordinates":[-80.76821128999995,-5.383069409999962]},"properties":{"objectid":22628,"nombre":"E.S. TABLAZO NORTE","departamento":"PIURA","provincia":"PIURA","distrito":"LA UNION","institucion":"GOBIERNO REGIONAL","codigoMinsa":2133,"direccion":"AVENIDA AV. PRINCIPAL S/N TABLAZO NORTE S/N AV. PRINCIPAL S/N TABLAZO NORTE LA UNION PIURA PIURA","disa":"PIURA","red":"BAJO PIURA","microrred":"CATACAOS","categoria":"ESTABLECIMIENTO DE SALUD SIN INTERNAMIENTO","condicion":"ACTIVO","actualizado":"2023/08/01 19:00:00.000","fuente":"MINSA","urlRenipr":"http://app20.susalud.gob.pe:8080/registro-renipress-webapp/ipress.htm?action=mostrarVer&idipress=00002133"}},{"type":"Feature","geometry":{"type":"Point","coordinates":[-80.64393729999995,-5.189394099999959]},"properties":{"objectid":22630,"nombre":"CENTRO DE SALUD MENTAL COMUNITARIO SECHURA","departamento":"PIURA","provincia":"SECHURA","distrito":"SECHURA","institucion":"GOBIERNO REGIONAL","codigoMinsa":26929,"direccion":"AVENIDA VICTOR TEMOCHE LA RAMPA A1 1 TERMINAL TERRESTRE - SECHURA SECHURA SECHURA PIURA","disa":"PIURA","red":"BAJO PIURA","microrred":"SECHURA","categoria":"ESTABLECIMIENTO DE SALUD SIN INTERNAMIENTO","condicion":"ACTIVO","actualizado":"2023/08/01 19:00:00.000","fuente":"MINSA","urlRenipr":"http://app20.susalud.gob.pe:8080/registro-renipress-webapp/ipress.htm?action=mostrarVer&idipress=00026929"}},{"type":"Feature","geometry":{"type":"Point","coordinates":[-79.57790666999995,-5.567336669999975]},"properties":{"objectid":22631,"nombre":"P.S SUCCHIRCA","departamento":"PIURA","provincia":"HUANCABAMBA","distrito":"HUARMACA","institucion":"GOBIERNO REGIONAL","codigoMinsa":2280,"direccion":"OTROS CASERIO SUCCHIRCA CASERIO SUCCHIRCA HUARMACA HUANCABAMBA PIURA","disa":"PIURA","red":"HUARMACA","microrred":"HUARMACA","categoria":"ESTABLECIMIENTO DE SALUD SIN INTERNAMIENTO","condicion":"ACTIVO","actualizado":"2023/08/01 19:00:00.000","fuente":"MINSA","urlRenipr":"http://app20.susalud.gob.pe:8080/registro-renipress-webapp/ipress.htm?action=mostrarVer&idipress=00002280"}},{"type":"Feature","geometry":{"type":"Point","coordinates":[-79.52507840999994,-5.014310889999933]},"properties":{"objectid":22632,"nombre":"P.S TAMBILLO","departamento":"PIURA","provincia":"HUANCABAMBA","distrito":"EL CARMEN DE LA FRONTERA","institucion":"GOBIERNO REGIONAL","codigoMinsa":15276,"direccion":"OTROS CASERIO TAMBILLO DISTRITO EL CARMEN DE LA FRONTERA PROVINCIA HUANCABAMBA DEPARTAMENTO PIURA","disa":"PIURA","red":"HUANCABAMBA","microrred":"HUANCABAMBA","categoria":"ESTABLECIMIENTO DE SALUD SIN INTERNAMIENTO","condicion":"ACTIVO","actualizado":"2023/08/01 19:00:00.000","fuente":"MINSA","urlRenipr":"http://app20.susalud.gob.pe:8080/registro-renipress-webapp/ipress.htm?action=mostrarVer&idipress=00015276"}},{"type":"Feature","geometry":{"type":"Point","coordinates":[-79.75101499999994,-5.051113329999964]},"properties":{"objectid":22634,"nombre":"E.S. I-1 PORTACHUELO","departamento":"PIURA","provincia":"MORROPON","distrito":"CHALACO","institucion":"GOBIERNO REGIONAL","codigoMinsa":2206,"direccion":"OTROS LOS LUCUMOS S/N S/N LOS LUCUMOS S/N CHALACO MORROPON PIURA","disa":"PIURA","red":"MORROPON CHULUCANAS","microrred":"CHALACO","categoria":"ESTABLECIMIENTO DE SALUD SIN INTERNAMIENTO","condicion":"ACTIVO","actualizado":"2023/08/01 19:00:00.000","fuente":"MINSA","urlRenipr":"http://app20.susalud.gob.pe:8080/registro-renipress-webapp/ipress.htm?action=mostrarVer&idipress=00002206"}},{"type":"Feature","geometry":{"type":"Point","coordinates":[-81.03703145999998,-5.822798999999975]},"properties":{"objectid":22635,"nombre":"P.S PUERTO RICO","departamento":"PIURA","provincia":"SECHURA","distrito":"SECHURA","institucion":"GOBIERNO REGIONAL","codigoMinsa":2149,"direccion":"CENTRO POBLADO PUERTO RICO S/N","disa":"PIURA","red":"BAJO PIURA","microrred":"SECHURA","categoria":"ESTABLECIMIENTO DE SALUD SIN INTERNAMIENTO","condicion":"ACTIVO","actualizado":"2023/08/01 19:00:00.000","fuente":"MINSA","urlRenipr":"http://app20.susalud.gob.pe:8080/registro-renipress-webapp/ipress.htm?action=mostrarVer&idipress=00002149"}},{"type":"Feature","geometry":{"type":"Point","coordinates":[-80.66408499999994,-5.1907033299999625]},"properties":{"objectid":22636,"nombre":"C.S NUEVA ESPERANZA","departamento":"PIURA","provincia":"PIURA","distrito":"VEINTISEIS DE OCTUBRE","institucion":"GOBIERNO REGIONAL","codigoMinsa":2089,"direccion":"CALLE CALLE EL ALTO S/N SECTOR 02 NUEVA ESPERANZA S/N CALLE EL ALTO S/N SECTOR 02 NUEVA ESPERANZA VEINTISEIS DE OCTUBRE PIURA PIURA","disa":"PIURA","red":"PIURA CASTILLA","microrred":"PIURA","categoria":"ESTABLECIMIENTO DE SALUD SIN INTERNAMIENTO","condicion":"ACTIVO","actualizado":"2023/08/01 19:00:00.000","fuente":"MINSA","urlRenipr":"http://app20.susalud.gob.pe:8080/registro-renipress-webapp/ipress.htm?action=mostrarVer&idipress=00002089"}},{"type":"Feature","geometry":{"type":"Point","coordinates":[-80.63138166999994,-5.186349999999948]},"properties":{"objectid":22637,"nombre":"E.S. PACHITEA","departamento":"PIURA","provincia":"PIURA","distrito":"PIURA","institucion":"GOBIERNO REGIONAL","codigoMinsa":2086,"direccion":"AVENIDA ESQ. AV. LUIS ANTONIO EGUIGUREN/MARTIRES DE UCHURACCAY S/N URB. SANTA ISABEL S/N ESQ. AV. LUIS ANTONIO EGUIGUREN/MARTIRES DE UCHURACCAY S/N URB. SANTA ISABEL PIURA PIURA PIURA","disa":"PIURA","red":"PIURA CASTILLA","microrred":"PIURA","categoria":"ESTABLECIMIENTO DE SALUD CON INTERNAMIENTO","condicion":"ACTIVO","actualizado":"2023/08/01 19:00:00.000","fuente":"MINSA","urlRenipr":"http://app20.susalud.gob.pe:8080/registro-renipress-webapp/ipress.htm?action=mostrarVer&idipress=00002086"}},{"type":"Feature","geometry":{"type":"Point","coordinates":[-79.54677833999995,-5.498507979999943]},"properties":{"objectid":22638,"nombre":"P.S TUNAS","departamento":"PIURA","provincia":"HUANCABAMBA","distrito":"HUARMACA","institucion":"GOBIERNO REGIONAL","codigoMinsa":2274,"direccion":"OTROS CENTRO POBLADO TUNAS CENTRO POBLADO TUNAS HUARMACA HUANCABAMBA PIURA","disa":"PIURA","red":"HUARMACA","microrred":"HUARMACA","categoria":"ESTABLECIMIENTO DE SALUD SIN INTERNAMIENTO","condicion":"ACTIVO","actualizado":"2023/08/01 19:00:00.000","fuente":"MINSA","urlRenipr":"http://app20.susalud.gob.pe:8080/registro-renipress-webapp/ipress.htm?action=mostrarVer&idipress=00002274"}},{"type":"Feature","geometry":{"type":"Point","coordinates":[-79.32706257999996,-5.012831879999965]},"properties":{"objectid":22639,"nombre":"P.S EL CARMEN","departamento":"PIURA","provincia":"HUANCABAMBA","distrito":"EL CARMEN DE LA FRONTERA","institucion":"GOBIERNO REGIONAL","codigoMinsa":2256,"direccion":"OTROS CASERIO EL CARMEN S/N S/N CASERIO EL CARMEN S/N EL CARMEN DE LA FRONTERA HUANCABAMBA PIURA","disa":"PIURA","red":"HUANCABAMBA","microrred":"HUANCABAMBA","categoria":"ESTABLECIMIENTO DE SALUD SIN INTERNAMIENTO","condicion":"ACTIVO","actualizado":"2023/08/01 19:00:00.000","fuente":"MINSA","urlRenipr":"http://app20.susalud.gob.pe:8080/registro-renipress-webapp/ipress.htm?action=mostrarVer&idipress=00002256"}},{"type":"Feature","geometry":{"type":"Point","coordinates":[-80.65488819999996,-5.1782883999999285]},"properties":{"objectid":22685,"nombre":"DENTAL VASMOR","departamento":"PIURA","provincia":"PIURA","distrito":"CASTILLA","institucion":"PRIVADO","codigoMinsa":26543,"direccion":"CALLE LIBERTAD NÚMERO 708 DISTRITO CASTILLA PROVINCIA PIURA DEPARTAMENTO PIURA","disa":"PIURA","red":"NO PERTENECE A NINGUNA RED","microrred":"NO PERTENECE A NINGUNA MICRORED","categoria":"ESTABLECIMIENTO DE SALUD SIN INTERNAMIENTO","condicion":"ACTIVO","actualizado":"2023/08/01 19:00:00.000","fuente":"MINSA","urlRenipr":"http://app20.susalud.gob.pe:8080/registro-renipress-webapp/ipress.htm?action=mostrarVer&idipress=00026543"}},{"type":"Feature","geometry":{"type":"Point","coordinates":[-80.63179558999997,-5.194728199999929]},"properties":{"objectid":22688,"nombre":"NICOLAS FRANCISCO VASSALLO DOIG","departamento":"PIURA","provincia":"PIURA","distrito":"PIURA","institucion":"PRIVADO","codigoMinsa":26464,"direccion":"AVENIDA LOS COCOS NÚMERO 111 PISO 1 DEPARTAMENTO 110 URBANIZACIÓN CLUB GRAU DISTRITO PIURA PROVINCIA PIURA DEPARTAMENTO PIURA","disa":"PIURA","red":"NO PERTENECE A NINGUNA RED","microrred":"NO PERTENECE A NINGUNA MICRORED","categoria":"ESTABLECIMIENTO DE SALUD SIN INTERNAMIENTO","condicion":"ACTIVO","actualizado":"2023/08/01 19:00:00.000","fuente":"MINSA","urlRenipr":"http://app20.susalud.gob.pe:8080/registro-renipress-webapp/ipress.htm?action=mostrarVer&idipress=00026464"}},{"type":"Feature","geometry":{"type":"Point","coordinates":[-80.62175599999995,-5.200344599999937]},"properties":{"objectid":22699,"nombre":"LABORATORIO DE ANÁLISIS CLÍNICOS BIONALISIS PIURA S.A.C.","departamento":"PIURA","provincia":"PIURA","distrito":"PIURA","institucion":"PRIVADO","codigoMinsa":20525,"direccion":"AVENIDA AVENIDA GRAU N° 760 INTERIOR 109 DISTRITO PIURA PROVINCIA PIURA DEPARTAMENTO PIURA","disa":"PIURA","red":"NO PERTENECE A NINGUNA RED","microrred":"NO PERTENECE A NINGUNA MICRORED","categoria":"SERVICIO MÉDICO DE APOYO","condicion":"ACTIVO","actualizado":"2023/08/01 19:00:00.000","fuente":"MINSA","urlRenipr":"http://app20.susalud.gob.pe:8080/registro-renipress-webapp/ipress.htm?action=mostrarVer&idipress=00020525"}},{"type":"Feature","geometry":{"type":"Point","coordinates":[-80.65488819999996,-5.1782883999999285]},"properties":{"objectid":22702,"nombre":"CENTRO NEUROLÓGICO DE LA CRUZ S.A.C.","departamento":"PIURA","provincia":"PIURA","distrito":"PIURA","institucion":"PRIVADO","codigoMinsa":27870,"direccion":"AVENIDA SANCHEZ CERRO NÚMERO 450 PISO 2 DEPARTAMENTO 206 DISTRITO PIURA PROVINCIA PIURA DEPARTAMENTO PIURA","disa":"PIURA","red":"NO PERTENECE A NINGUNA RED","microrred":"NO PERTENECE A NINGUNA MICRORED","categoria":"ESTABLECIMIENTO DE SALUD SIN INTERNAMIENTO","condicion":"ACTIVO","actualizado":"2023/08/01 19:00:00.000","fuente":"MINSA","urlRenipr":"http://app20.susalud.gob.pe:8080/registro-renipress-webapp/ipress.htm?action=mostrarVer&idipress=00027870"}},{"type":"Feature","geometry":{"type":"Point","coordinates":[-80.62436629999996,-5.2164999999999395]},"properties":{"objectid":22756,"nombre":"CORPORACION EL PODEROSO DE ISRAEL EIRL","departamento":"PIURA","provincia":"PIURA","distrito":"PIURA","institucion":"PRIVADO","codigoMinsa":30471,"direccion":"URBANIZACIÓN HERMANOS CARCAMO MANZANA C LOTE 10 URBANIZACIÓN HERMANOS CARCACAMO DISTRITO PIURA PROVINCIA PIURA DEPARTAMENTO PIURA","disa":"PIURA","red":"","microrred":"","categoria":"ESTABLECIMIENTO DE SALUD SIN INTERNAMIENTO","condicion":"ACTIVO","actualizado":"2023/08/01 19:00:00.000","fuente":"MINSA","urlRenipr":"http://app20.susalud.gob.pe:8080/registro-renipress-webapp/ipress.htm?action=mostrarVer&idipress=00030471"}},{"type":"Feature","geometry":{"type":"Point","coordinates":[-81.09621719999996,-5.0938487999999325]},"properties":{"objectid":22765,"nombre":"CENTRO MEDICO BENEL","departamento":"PIURA","provincia":"PAITA","distrito":"PAITA","institucion":"PRIVADO","codigoMinsa":29021,"direccion":"JIRÓN ALIANZA NÚMERO 484 PISO 1 DISTRITO PAITA PROVINCIA PAITA DEPARTAMENTO PIURA","disa":"PIURA","red":"","microrred":"","categoria":"ESTABLECIMIENTO DE SALUD SIN INTERNAMIENTO","condicion":"ACTIVO","actualizado":"2023/08/01 19:00:00.000","fuente":"MINSA","urlRenipr":"http://app20.susalud.gob.pe:8080/registro-renipress-webapp/ipress.htm?action=mostrarVer&idipress=00029021"}},{"type":"Feature","geometry":{"type":"Point","coordinates":[-80.65488819999996,-5.1782883999999285]},"properties":{"objectid":22812,"nombre":"ASOCIACION COMUNIDAD TERAPEUTICA PROFESIONAL RESTAURACION Y CAMBIO","departamento":"PIURA","provincia":"PIURA","distrito":"CASTILLA","institucion":"PRIVADO","codigoMinsa":28337,"direccion":"OTROS ASAENTAMIENTO HUMANO LA PRIMAVERA III ETAPA MANZANA H1 LOTE 01 DISTRITO CASTILLA PROVINCIA PIURA DEPARTAMENTO PIURA","disa":"PIURA","red":"NO PERTENECE A NINGUNA RED","microrred":"NO PERTENECE A NINGUNA MICRORED","categoria":"SERVICIO MÉDICO DE APOYO","condicion":"ACTIVO","actualizado":"2023/08/01 19:00:00.000","fuente":"MINSA","urlRenipr":"http://app20.susalud.gob.pe:8080/registro-renipress-webapp/ipress.htm?action=mostrarVer&idipress=00028337"}},{"type":"Feature","geometry":{"type":"Point","coordinates":[-80.62175599999995,-5.200344599999937]},"properties":{"objectid":22860,"nombre":"CENTRO ODONTOLOGICO INTURIAS","departamento":"PIURA","provincia":"PIURA","distrito":"PIURA","institucion":"PRIVADO","codigoMinsa":28879,"direccion":"AVENIDA GRAU NÚMERO 1109 PISO 2 DISTRITO PIURA PROVINCIA PIURA DEPARTAMENTO PIURA","disa":"PIURA","red":"NO PERTENECE A NINGUNA RED","microrred":"NO PERTENECE A NINGUNA MICRORED","categoria":"ESTABLECIMIENTO DE SALUD SIN INTERNAMIENTO","condicion":"ACTIVO","actualizado":"2023/08/01 19:00:00.000","fuente":"MINSA","urlRenipr":"http://app20.susalud.gob.pe:8080/registro-renipress-webapp/ipress.htm?action=mostrarVer&idipress=00028879"}},{"type":"Feature","geometry":{"type":"Point","coordinates":[-79.45000519999996,-5.239147299999956]},"properties":{"objectid":22861,"nombre":"LABORATORIO DE ANALISIS CLINICOS ODONLAB","departamento":"PIURA","provincia":"HUANCABAMBA","distrito":"HUANCABAMBA","institucion":"PRIVADO","codigoMinsa":28778,"direccion":"CALLE JUNIN NÚMERO 123 DISTRITO HUANCABAMBA PROVINCIA HUANCABAMBA DEPARTAMENTO PIURA","disa":"PIURA","red":"NO PERTENECE A NINGUNA RED","microrred":"NO PERTENECE A NINGUNA MICRORED","categoria":"SERVICIO MÉDICO DE APOYO","condicion":"ACTIVO","actualizado":"2023/08/01 19:00:00.000","fuente":"MINSA","urlRenipr":"http://app20.susalud.gob.pe:8080/registro-renipress-webapp/ipress.htm?action=mostrarVer&idipress=00028778"}},{"type":"Feature","geometry":{"type":"Point","coordinates":[-80.65488819999996,-5.1782883999999285]},"properties":{"objectid":22868,"nombre":"CENTROMEDIC PIURA S.A.C.","departamento":"PIURA","provincia":"PIURA","distrito":"PIURA","institucion":"PRIVADO","codigoMinsa":16180,"direccion":"CALLE URB. SANTA ISABEL CALLE LOS CEIBOS Nº 266, MZ. L LOTE 17 DISTRITO PIURA PROVINCIA PIURA DEPARTAMENTO PIURA","disa":"PIURA","red":"NO PERTENECE A NINGUNA RED","microrred":"NO PERTENECE A NINGUNA MICRORED","categoria":"ESTABLECIMIENTO DE SALUD SIN INTERNAMIENTO","condicion":"ACTIVO","actualizado":"2023/08/01 19:00:00.000","fuente":"MINSA","urlRenipr":"http://app20.susalud.gob.pe:8080/registro-renipress-webapp/ipress.htm?action=mostrarVer&idipress=00016180"}},{"type":"Feature","geometry":{"type":"Point","coordinates":[-80.62175599999995,-5.200344599999937]},"properties":{"objectid":22966,"nombre":"SEYSO LAB","departamento":"PIURA","provincia":"PIURA","distrito":"PIURA","institucion":"PRIVADO","codigoMinsa":31336,"direccion":"AVENIDA SAN RAMON NÚMERO 373 URBANIZACIÓN SAN DIONISIO EL CHIPE DISTRITO PIURA PROVINCIA PIURA DEPARTAMENTO PIURA","disa":"PIURA","red":"","microrred":"","categoria":"ESTABLECIMIENTO DE SALUD SIN INTERNAMIENTO","condicion":"ACTIVO","actualizado":"2023/08/01 19:00:00.000","fuente":"MINSA","urlRenipr":"http://app20.susalud.gob.pe:8080/registro-renipress-webapp/ipress.htm?action=mostrarVer&idipress=00031336"}},{"type":"Feature","geometry":{"type":"Point","coordinates":[-80.65488819999996,-5.1782883999999285]},"properties":{"objectid":23025,"nombre":"CENTRO MEDICO HEMATOLOGICO E.I.R.L.","departamento":"PIURA","provincia":"PIURA","distrito":"PIURA","institucion":"PRIVADO","codigoMinsa":24964,"direccion":"AVENIDA GRAU NÚMERO 1068 DISTRITO PIURA PROVINCIA PIURA DEPARTAMENTO PIURA","disa":"PIURA","red":"NO PERTENECE A NINGUNA RED","microrred":"NO PERTENECE A NINGUNA MICRORED","categoria":"SERVICIO MÉDICO DE APOYO","condicion":"ACTIVO","actualizado":"2023/08/01 19:00:00.000","fuente":"MINSA","urlRenipr":"http://app20.susalud.gob.pe:8080/registro-renipress-webapp/ipress.htm?action=mostrarVer&idipress=00024964"}},{"type":"Feature","geometry":{"type":"Point","coordinates":[-80.65488819999996,-5.1782883999999285]},"properties":{"objectid":23068,"nombre":"CLINICA PREVENCION Y SALUD E.I.R.L.","departamento":"PIURA","provincia":"PIURA","distrito":"CASTILLA","institucion":"PRIVADO","codigoMinsa":24573,"direccion":"URBANIZACIÓN LAS PALMERAS I ETAPA MANZANA A4 LOTE 1-2 URBANIZACIÓN LAS PALMERAS DISTRITO CASTILLA PROVINCIA PIURA DEPARTAMENTO PIURA","disa":"PIURA","red":"NO PERTENECE A NINGUNA RED","microrred":"NO PERTENECE A NINGUNA MICRORED","categoria":"ESTABLECIMIENTO DE SALUD SIN INTERNAMIENTO","condicion":"ACTIVO","actualizado":"2023/08/01 19:00:00.000","fuente":"MINSA","urlRenipr":"http://app20.susalud.gob.pe:8080/registro-renipress-webapp/ipress.htm?action=mostrarVer&idipress=00024573"}},{"type":"Feature","geometry":{"type":"Point","coordinates":[-80.65488819999996,-5.1782883999999285]},"properties":{"objectid":23188,"nombre":"CONSULTORIO MEDICO \"DR. SALAZAR\"","departamento":"PIURA","provincia":"SECHURA","distrito":"SECHURA","institucion":"PRIVADO","codigoMinsa":25102,"direccion":"CALLE RESTAURACION NÚMERO 951 PISO 1 DISTRITO SECHURA PROVINCIA SECHURA DEPARTAMENTO PIURA","disa":"PIURA","red":"NO PERTENECE A NINGUNA RED","microrred":"NO PERTENECE A NINGUNA MICRORED","categoria":"ESTABLECIMIENTO DE SALUD SIN INTERNAMIENTO","condicion":"ACTIVO","actualizado":"2023/08/01 19:00:00.000","fuente":"MINSA","urlRenipr":"http://app20.susalud.gob.pe:8080/registro-renipress-webapp/ipress.htm?action=mostrarVer&idipress=00025102"}},{"type":"Feature","geometry":{"type":"Point","coordinates":[-80.65374423999998,-5.177097019999962]},"properties":{"objectid":23189,"nombre":"ODONTOLOGIA INTEGRAL GUERRERO","departamento":"PIURA","provincia":"PIURA","distrito":"PIURA","institucion":"PRIVADO","codigoMinsa":26353,"direccion":"AVENIDA BELLO HORIZONTE PISO 2 MANZANA A LOTE 23 URBANIZACIÓN BANCARIOS II ETAPA DISTRITO PIURA PROVINCIA PIURA DEPARTAMENTO PIURA","disa":"PIURA","red":"NO PERTENECE A NINGUNA RED","microrred":"NO PERTENECE A NINGUNA MICRORED","categoria":"ESTABLECIMIENTO DE SALUD SIN INTERNAMIENTO","condicion":"ACTIVO","actualizado":"2023/08/01 19:00:00.000","fuente":"MINSA","urlRenipr":"http://app20.susalud.gob.pe:8080/registro-renipress-webapp/ipress.htm?action=mostrarVer&idipress=00026353"}},{"type":"Feature","geometry":{"type":"Point","coordinates":[-80.62436629999996,-5.2164999999999395]},"properties":{"objectid":23346,"nombre":"OPTICA VILENS E.I.R.L","departamento":"PIURA","provincia":"PIURA","distrito":"CATACAOS","institucion":"PRIVADO","codigoMinsa":16518,"direccion":"AVENIDA AV. SANCHEZ CERRO Nº 634 DISTRITO CATACAOS PROVINCIA PIURA DEPARTAMENTO PIURA","disa":"PIURA","red":"NO PERTENECE A NINGUNA RED","microrred":"NO PERTENECE A NINGUNA MICRORED","categoria":"SERVICIO MÉDICO DE APOYO","condicion":"ACTIVO","actualizado":"2023/08/01 19:00:00.000","fuente":"MINSA","urlRenipr":"http://app20.susalud.gob.pe:8080/registro-renipress-webapp/ipress.htm?action=mostrarVer&idipress=00016518"}},{"type":"Feature","geometry":{"type":"Point","coordinates":[-81.26822158999994,-4.576114779999955]},"properties":{"objectid":23349,"nombre":"SERVIMEDIN DR. CHONG SAC","departamento":"PIURA","provincia":"TALARA","distrito":"PARIÑAS","institucion":"PRIVADO","codigoMinsa":25910,"direccion":"PARQUE 15 NÚMERO 2 DISTRITO PARIÑAS PROVINCIA TALARA DEPARTAMENTO PIURA","disa":"PIURA","red":"NO PERTENECE A NINGUNA RED","microrred":"NO PERTENECE A NINGUNA MICRORED","categoria":"ESTABLECIMIENTO DE SALUD SIN INTERNAMIENTO","condicion":"ACTIVO","actualizado":"2023/08/01 19:00:00.000","fuente":"MINSA","urlRenipr":"http://app20.susalud.gob.pe:8080/registro-renipress-webapp/ipress.htm?action=mostrarVer&idipress=00025910"}},{"type":"Feature","geometry":{"type":"Point","coordinates":[-80.65296899999998,-5.1957093999999415]},"properties":{"objectid":23399,"nombre":"OPTICA PROGRESO S.R.L.","departamento":"PIURA","provincia":"PIURA","distrito":"PIURA","institucion":"PRIVADO","codigoMinsa":29963,"direccion":"AVENIDA SANCHEZ CERRO NÚMERO 736 DISTRITO PIURA PROVINCIA PIURA DEPARTAMENTO PIURA","disa":"PIURA","red":"","microrred":"","categoria":"SERVICIO MÉDICO DE APOYO","condicion":"ACTIVO","actualizado":"2023/08/01 19:00:00.000","fuente":"MINSA","urlRenipr":"http://app20.susalud.gob.pe:8080/registro-renipress-webapp/ipress.htm?action=mostrarVer&idipress=00029963"}},{"type":"Feature","geometry":{"type":"Point","coordinates":[-81.09621719999996,-5.0938487999999325]},"properties":{"objectid":23447,"nombre":"GRUPO OPTICO MEGA LEN´S","departamento":"PIURA","provincia":"PAITA","distrito":"PAITA","institucion":"PRIVADO","codigoMinsa":30690,"direccion":"JIRÓN PLAZA DE ARMAS NÚMERO 408 DISTRITO PAITA PROVINCIA PAITA DEPARTAMENTO PIURA","disa":"PIURA","red":"","microrred":"","categoria":"SERVICIO MÉDICO DE APOYO","condicion":"ACTIVO","actualizado":"2023/08/01 19:00:00.000","fuente":"MINSA","urlRenipr":"http://app20.susalud.gob.pe:8080/registro-renipress-webapp/ipress.htm?action=mostrarVer&idipress=00030690"}},{"type":"Feature","geometry":{"type":"Point","coordinates":[-80.65488819999996,-5.1782883999999285]},"properties":{"objectid":23465,"nombre":"CONSULTORIO ODONTOLOGICO LA MERCED","departamento":"PIURA","provincia":"PIURA","distrito":"PIURA","institucion":"PRIVADO","codigoMinsa":27324,"direccion":"AVENIDA SANCHEZ CERRO MANZANA N LOTE 8A URBANIZACI? LAS MERCEDES DISTRITO PIURA PROVINCIA PIURA DEPARTAMENTO PIURA","disa":"PIURA","red":"NO PERTENECE A NINGUNA RED","microrred":"NO PERTENECE A NINGUNA MICRORED","categoria":"ESTABLECIMIENTO DE SALUD SIN INTERNAMIENTO","condicion":"ACTIVO","actualizado":"2023/08/01 19:00:00.000","fuente":"MINSA","urlRenipr":"http://app20.susalud.gob.pe:8080/registro-renipress-webapp/ipress.htm?action=mostrarVer&idipress=00027324"}},{"type":"Feature","geometry":{"type":"Point","coordinates":[-80.68643229999998,-4.903637999999944]},"properties":{"objectid":23471,"nombre":"JUAN CARLOS GALLOZA RIVAS","departamento":"PIURA","provincia":"SULLANA","distrito":"SULLANA","institucion":"PRIVADO","codigoMinsa":26316,"direccion":"AVENIDA JOSE DE LAMA NÚMERO 603 DISTRITO SULLANA PROVINCIA SULLANA DEPARTAMENTO PIURA","disa":"PIURA","red":"NO PERTENECE A NINGUNA RED","microrred":"NO PERTENECE A NINGUNA MICRORED","categoria":"ESTABLECIMIENTO DE SALUD SIN INTERNAMIENTO","condicion":"ACTIVO","actualizado":"2023/08/01 19:00:00.000","fuente":"MINSA","urlRenipr":"http://app20.susalud.gob.pe:8080/registro-renipress-webapp/ipress.htm?action=mostrarVer&idipress=00026316"}},{"type":"Feature","geometry":{"type":"Point","coordinates":[-81.09621719999996,-5.0938487999999325]},"properties":{"objectid":23581,"nombre":"CENTRO OPTICO PANORAMA","departamento":"PIURA","provincia":"PAITA","distrito":"PAITA","institucion":"PRIVADO","codigoMinsa":20913,"direccion":"JIRÓN JIRON MELENDEZ Nº 284 DISTRITO PAITA PROVINCIA PAITA DEPARTAMENTO PIURA","disa":"PIURA","red":"","microrred":"NO PERTENECE A NINGUNA MICRORED","categoria":"SERVICIO MÉDICO DE APOYO","condicion":"ACTIVO","actualizado":"2023/08/01 19:00:00.000","fuente":"MINSA","urlRenipr":"http://app20.susalud.gob.pe:8080/registro-renipress-webapp/ipress.htm?action=mostrarVer&idipress=00020913"}},{"type":"Feature","geometry":{"type":"Point","coordinates":[-80.65488819999996,-5.1782883999999285]},"properties":{"objectid":23686,"nombre":"GLOBAL MEDIC PIURA","departamento":"PIURA","provincia":"PIURA","distrito":"PIURA","institucion":"PRIVADO","codigoMinsa":22000,"direccion":"CALLE CALLE LOS CEIBOS Nº 320 MZ M, LT.13 URB. SANTA ISABEL DISTRITO PIURA PROVINCIA PIURA DEPARTAMENTO PIURA","disa":"PIURA","red":"NO PERTENECE A NINGUNA RED","microrred":"NO PERTENECE A NINGUNA MICRORED","categoria":"ESTABLECIMIENTO DE SALUD SIN INTERNAMIENTO","condicion":"ACTIVO","actualizado":"2023/08/01 19:00:00.000","fuente":"MINSA","urlRenipr":"http://app20.susalud.gob.pe:8080/registro-renipress-webapp/ipress.htm?action=mostrarVer&idipress=00022000"}},{"type":"Feature","geometry":{"type":"Point","coordinates":[-80.65488819999996,-5.1782883999999285]},"properties":{"objectid":23708,"nombre":"CENTRO ODONTOLOGICO SAN JOSE","departamento":"PIURA","provincia":"PIURA","distrito":"PIURA","institucion":"PRIVADO","codigoMinsa":19663,"direccion":"AVENIDA AV. GRAU Nº 1797- 1799-A URB. SAN JOSE DISTRITO PIURA PROVINCIA PIURA DEPARTAMENTO PIURA","disa":"PIURA","red":"NO PERTENECE A NINGUNA RED","microrred":"NO PERTENECE A NINGUNA MICRORED","categoria":"ESTABLECIMIENTO DE SALUD SIN INTERNAMIENTO","condicion":"ACTIVO","actualizado":"2023/08/01 19:00:00.000","fuente":"MINSA","urlRenipr":"http://app20.susalud.gob.pe:8080/registro-renipress-webapp/ipress.htm?action=mostrarVer&idipress=00019663"}},{"type":"Feature","geometry":{"type":"Point","coordinates":[-80.96140048999996,-4.910214519999954]},"properties":{"objectid":23711,"nombre":"MUNICIPALIDAD DISTRITAL DE LA HUACA","departamento":"PIURA","provincia":"PAITA","distrito":"LA HUACA","institucion":"PRIVADO","codigoMinsa":12484,"direccion":"CENTRO POBLADO MIRAFLORES","disa":"PIURA","red":"NO PERTENECE A NINGUNA RED","microrred":"NO PERTENECE A NINGUNA MICRORED","categoria":"ESTABLECIMIENTO DE SALUD SIN INTERNAMIENTO","condicion":"ACTIVO","actualizado":"2023/08/01 19:00:00.000","fuente":"MINSA","urlRenipr":"http://app20.susalud.gob.pe:8080/registro-renipress-webapp/ipress.htm?action=mostrarVer&idipress=00012484"}},{"type":"Feature","geometry":{"type":"Point","coordinates":[-80.59875489999996,-5.18632649999995]},"properties":{"objectid":23838,"nombre":"CLÍNICA PRAGA INTERNACIONAL S.A.C. AMBULANCIA EUF-231","departamento":"PIURA","provincia":"PIURA","distrito":"CASTILLA","institucion":"PRIVADO","codigoMinsa":31500,"direccion":"URBANIZACIÓN MIRAFLORES MANZANA LL´ LOTE 13 -14 DISTRITO CASTILLA PROVINCIA PIURA DEPARTAMENTO PIURA","disa":"PIURA","red":"","microrred":"","categoria":"SERVICIO MÉDICO DE APOYO","condicion":"ACTIVO","actualizado":"2023/08/01 19:00:00.000","fuente":"MINSA","urlRenipr":"http://app20.susalud.gob.pe:8080/registro-renipress-webapp/ipress.htm?action=mostrarVer&idipress=00031500"}},{"type":"Feature","geometry":{"type":"Point","coordinates":[-80.61657443999997,-5.186521419999963]},"properties":{"objectid":23839,"nombre":"CLINICA PRAGA INTERNACIONAL S.A.C.","departamento":"PIURA","provincia":"PIURA","distrito":"CASTILLA","institucion":"PRIVADO","codigoMinsa":16181,"direccion":"OTROS URB. MIRAFLORES MZ LL´13 - 14 CASTILLA DISTRITO CASTILLA PROVINCIA PIURA DEPARTAMENTO PIURA","disa":"PIURA","red":"NO PERTENECE A NINGUNA RED","microrred":"NO PERTENECE A NINGUNA MICRORED","categoria":"SERVICIO MÉDICO DE APOYO","condicion":"ACTIVO","actualizado":"2023/08/01 19:00:00.000","fuente":"MINSA","urlRenipr":"http://app20.susalud.gob.pe:8080/registro-renipress-webapp/ipress.htm?action=mostrarVer&idipress=00016181"}},{"type":"Feature","geometry":{"type":"Point","coordinates":[-80.80782529999993,-5.565166499999975]},"properties":{"objectid":24077,"nombre":"CENTRO INTEGRAL DE SERVICIOS MEDICOS BAYOVAR SAC - CISMEDIC BAYOVAR SAC","departamento":"PIURA","provincia":"SECHURA","distrito":"SECHURA","institucion":"PRIVADO","codigoMinsa":23951,"direccion":"CALLE BUENOS AIRES NÚMERO 415 DISTRITO SECHURA PROVINCIA SECHURA DEPARTAMENTO PIURA","disa":"PIURA","red":"NO PERTENECE A NINGUNA RED","microrred":"NO PERTENECE A NINGUNA MICRORED","categoria":"ESTABLECIMIENTO DE SALUD SIN INTERNAMIENTO","condicion":"ACTIVO","actualizado":"2023/08/01 19:00:00.000","fuente":"MINSA","urlRenipr":"http://app20.susalud.gob.pe:8080/registro-renipress-webapp/ipress.htm?action=mostrarVer&idipress=00023951"}},{"type":"Feature","geometry":{"type":"Point","coordinates":[-80.49938569999995,-5.114184399999942]},"properties":{"objectid":24078,"nombre":"HOSPITAL DE ESPECIALIDADES MEDICAS SAN IGNACIO DE LOYOLA S.C.R.L.","departamento":"PIURA","provincia":"PIURA","distrito":"CASTILLA","institucion":"PRIVADO","codigoMinsa":27488,"direccion":"AVENIDA RAMON CASTILLA NÚMERO 365 371 DISTRITO CASTILLA PROVINCIA PIURA DEPARTAMENTO PIURA","disa":"PIURA","red":"","microrred":"NO PERTENECE A NINGUNA MICRORED","categoria":"ESTABLECIMIENTO DE SALUD CON INTERNAMIENTO","condicion":"ACTIVO","actualizado":"2023/08/01 19:00:00.000","fuente":"MINSA","urlRenipr":"http://app20.susalud.gob.pe:8080/registro-renipress-webapp/ipress.htm?action=mostrarVer&idipress=00027488"}},{"type":"Feature","geometry":{"type":"Point","coordinates":[-80.68643229999998,-4.903637999999944]},"properties":{"objectid":24093,"nombre":"CONSULTORIOS MEDICO LAS MERCEDES","departamento":"PIURA","provincia":"SULLANA","distrito":"SULLANA","institucion":"PRIVADO","codigoMinsa":11494,"direccion":"CALLE CALLE BALTA N?ERO 114 DISTRITO SULLANA PROVINCIA SULLANA DEPARTAMENTO PIURA","disa":"PIURA","red":"NO PERTENECE A NINGUNA RED","microrred":"NO PERTENECE A NINGUNA MICRORED","categoria":"ESTABLECIMIENTO DE SALUD SIN INTERNAMIENTO","condicion":"ACTIVO","actualizado":"2023/08/01 19:00:00.000","fuente":"MINSA","urlRenipr":"http://app20.susalud.gob.pe:8080/registro-renipress-webapp/ipress.htm?action=mostrarVer&idipress=00011494"}},{"type":"Feature","geometry":{"type":"Point","coordinates":[-80.65934389999995,-5.193645899999979]},"properties":{"objectid":24136,"nombre":"IDEAS S.A.","departamento":"PIURA","provincia":"PIURA","distrito":"PIURA","institucion":"PRIVADO","codigoMinsa":28354,"direccion":"PASAJE SANTA CLARA NÚMERO 153 DISTRITO PIURA PROVINCIA PIURA DEPARTAMENTO PIURA","disa":"PIURA","red":"NO PERTENECE A NINGUNA RED","microrred":"NO PERTENECE A NINGUNA MICRORED","categoria":"SERVICIO MÉDICO DE APOYO","condicion":"ACTIVO","actualizado":"2023/08/01 19:00:00.000","fuente":"MINSA","urlRenipr":"http://app20.susalud.gob.pe:8080/registro-renipress-webapp/ipress.htm?action=mostrarVer&idipress=00028354"}},{"type":"Feature","geometry":{"type":"Point","coordinates":[-80.68691969999998,-4.8981041999999775]},"properties":{"objectid":24147,"nombre":"CONSULTORIO DE OFTALMOLOGIA 3","departamento":"PIURA","provincia":"SULLANA","distrito":"SULLANA","institucion":"PRIVADO","codigoMinsa":25233,"direccion":"CALLE DOS NÚMERO 800 URBANIZACIÓN BARRIO BUENOS AIRES DISTRITO SULLANA PROVINCIA SULLANA DEPARTAMENTO PIURA","disa":"","red":"","microrred":"","categoria":"ESTABLECIMIENTO DE SALUD SIN INTERNAMIENTO","condicion":"RETIRO VOLUNTARIO","actualizado":"2023/08/01 19:00:00.000","fuente":"MINSA","urlRenipr":"http://app20.susalud.gob.pe:8080/registro-renipress-webapp/ipress.htm?action=mostrarVer&idipress=00025233"}},{"type":"Feature","geometry":{"type":"Point","coordinates":[-80.65488819999996,-5.1782883999999285]},"properties":{"objectid":24168,"nombre":"FERTIFEM","departamento":"PIURA","provincia":"PIURA","distrito":"PIURA","institucion":"PRIVADO","codigoMinsa":27636,"direccion":"CALLE SAN RAMON BARRIO NORTE NÚMERO 287 DISTRITO PIURA PROVINCIA PIURA DEPARTAMENTO PIURA","disa":"PIURA","red":"NO PERTENECE A NINGUNA RED","microrred":"NO PERTENECE A NINGUNA MICRORED","categoria":"ESTABLECIMIENTO DE SALUD SIN INTERNAMIENTO","condicion":"ACTIVO","actualizado":"2023/08/01 19:00:00.000","fuente":"MINSA","urlRenipr":"http://app20.susalud.gob.pe:8080/registro-renipress-webapp/ipress.htm?action=mostrarVer&idipress=00027636"}},{"type":"Feature","geometry":{"type":"Point","coordinates":[-80.62348339999994,-5.221159899999975]},"properties":{"objectid":24298,"nombre":"LABORATORIO DE ANALISIS CLINICOS SAN PABLO","departamento":"PIURA","provincia":"PIURA","distrito":"CASTILLA","institucion":"PRIVADO","codigoMinsa":28486,"direccion":"URBANIZACIÓN SAN BERNARDO MANZANA A LOTE 12 URBANIZACIÓN SAN BERNARDO DISTRITO CASTILLA PROVINCIA PIURA DEPARTAMENTO PIURA","disa":"PIURA","red":"NO PERTENECE A NINGUNA RED","microrred":"NO PERTENECE A NINGUNA MICRORED","categoria":"SERVICIO MÉDICO DE APOYO","condicion":"ACTIVO","actualizado":"2023/08/01 19:00:00.000","fuente":"MINSA","urlRenipr":"http://app20.susalud.gob.pe:8080/registro-renipress-webapp/ipress.htm?action=mostrarVer&idipress=00028486"}},{"type":"Feature","geometry":{"type":"Point","coordinates":[-80.59875489999996,-5.18632649999995]},"properties":{"objectid":24359,"nombre":"BYOCEL LH EIRL","departamento":"PIURA","provincia":"PIURA","distrito":"CASTILLA","institucion":"PRIVADO","codigoMinsa":30926,"direccion":"AVENIDA GUARDIA CIVIL NÚMERO S/N MANZANA G LOTE 2 URBANIZACIÓN MIRAFLORES I ETAPA DISTRITO CASTILLA PROVINCIA PIURA DEPARTAMENTO PIURA","disa":"PIURA","red":"","microrred":"","categoria":"ESTABLECIMIENTO DE SALUD SIN INTERNAMIENTO","condicion":"ACTIVO","actualizado":"2023/08/01 19:00:00.000","fuente":"MINSA","urlRenipr":"http://app20.susalud.gob.pe:8080/registro-renipress-webapp/ipress.htm?action=mostrarVer&idipress=00030926"}},{"type":"Feature","geometry":{"type":"Point","coordinates":[-80.65488819999996,-5.1782883999999285]},"properties":{"objectid":24388,"nombre":"CONSULTORIOS SANNA BELEN","departamento":"PIURA","provincia":"PIURA","distrito":"PIURA","institucion":"PRIVADO","codigoMinsa":27587,"direccion":"OTROS AGRUPAMIENTO SAN DIONICIO A 04 MANZANA A LOTE 04 URBANIZACIÓN SAN DIONICIO DISTRITO PIURA PROVINCIA PIURA DEPARTAMENTO PIURA","disa":"PIURA","red":"NO PERTENECE A NINGUNA RED","microrred":"NO PERTENECE A NINGUNA MICRORED","categoria":"ESTABLECIMIENTO DE SALUD SIN INTERNAMIENTO","condicion":"ACTIVO","actualizado":"2023/08/01 19:00:00.000","fuente":"MINSA","urlRenipr":"http://app20.susalud.gob.pe:8080/registro-renipress-webapp/ipress.htm?action=mostrarVer&idipress=00027587"}},{"type":"Feature","geometry":{"type":"Point","coordinates":[-80.78411992999997,-4.849929209999971]},"properties":{"objectid":24417,"nombre":"LA GOLONDRINA","departamento":"PIURA","provincia":"SULLANA","distrito":"MARCAVELICA","institucion":"GOBIERNO REGIONAL","codigoMinsa":2034,"direccion":"AVENIDA AV. GRAU S-N LA GOLONDRINA DISTRITO MARCAVELICA PROVINCIA SULLANA DEPARTAMENTO PIURA","disa":"PIURA","red":"SULLANA","microrred":"MARCAVELICA","categoria":"ESTABLECIMIENTO DE SALUD SIN INTERNAMIENTO","condicion":"ACTIVO","actualizado":"2023/08/01 19:00:00.000","fuente":"MINSA","urlRenipr":"http://app20.susalud.gob.pe:8080/registro-renipress-webapp/ipress.htm?action=mostrarVer&idipress=00002034"}},{"type":"Feature","geometry":{"type":"Point","coordinates":[-80.65488819999996,-5.1782883999999285]},"properties":{"objectid":24529,"nombre":"POSTA MEDICA SECHURA","departamento":"PIURA","provincia":"SECHURA","distrito":"SECHURA","institucion":"ESSALUD","codigoMinsa":20629,"direccion":"OTROS AA.HH. VICTOR RAUL I ETAPA LAS ORQUIDEAS DISTRITO SECHURA PROVINCIA SECHURA DEPARTAMENTO PIURA","disa":"PIURA","red":"NO PERTENECE A NINGUNA RED","microrred":"NO PERTENECE A NINGUNA MICRORED","categoria":"ESTABLECIMIENTO DE SALUD SIN INTERNAMIENTO","condicion":"ACTIVO","actualizado":"2023/08/01 19:00:00.000","fuente":"MINSA","urlRenipr":"http://app20.susalud.gob.pe:8080/registro-renipress-webapp/ipress.htm?action=mostrarVer&idipress=00020629"}},{"type":"Feature","geometry":{"type":"Point","coordinates":[-80.62686499999995,-5.195722599999954]},"properties":{"objectid":24534,"nombre":"CENTRO DE ATENCIÓN PRIMARIA CAP III METROPOLITANO- ESSALUD","departamento":"PIURA","provincia":"PIURA","distrito":"PIURA","institucion":"ESSALUD","codigoMinsa":12235,"direccion":"OTROS ESQUINA ICA - TACNA N° 388 - CERCADO DE PIURA DISTRITO PIURA PROVINCIA PIURA DEPARTAMENTO PIURA","disa":"PIURA","red":"NO PERTENECE A NINGUNA RED","microrred":"NO PERTENECE A NINGUNA MICRORED","categoria":"ESTABLECIMIENTO DE SALUD SIN INTERNAMIENTO","condicion":"ACTIVO","actualizado":"2023/08/01 19:00:00.000","fuente":"MINSA","urlRenipr":"http://app20.susalud.gob.pe:8080/registro-renipress-webapp/ipress.htm?action=mostrarVer&idipress=00012235"}},{"type":"Feature","geometry":{"type":"Point","coordinates":[-80.74770253999998,-5.403028859999949]},"properties":{"objectid":24538,"nombre":"CENTRO MEDICO \"LEONCIO AMAYA TUME\"","departamento":"PIURA","provincia":"PIURA","distrito":"LA UNION","institucion":"ESSALUD","codigoMinsa":11733,"direccion":"AVENIDA AV.AUGUSTO B. LEGUIA 666 DISTRITO LA UNION PROVINCIA PIURA DEPARTAMENTO PIURA","disa":"PIURA","red":"NO PERTENECE A NINGUNA RED","microrred":"NO PERTENECE A NINGUNA MICRORED","categoria":"ESTABLECIMIENTO DE SALUD SIN INTERNAMIENTO","condicion":"ACTIVO","actualizado":"2023/08/01 19:00:00.000","fuente":"MINSA","urlRenipr":"http://app20.susalud.gob.pe:8080/registro-renipress-webapp/ipress.htm?action=mostrarVer&idipress=00011733"}},{"type":"Feature","geometry":{"type":"Point","coordinates":[-80.59875489999996,-5.18632649999995]},"properties":{"objectid":24550,"nombre":"CENTRO OFTALMOLOGICO DSC SAC","departamento":"PIURA","provincia":"PIURA","distrito":"CASTILLA","institucion":"PRIVADO","codigoMinsa":30685,"direccion":"AVENIDA INDEPENDENCIA MANZANA O LOTE 2 URBANIZACIÓN MIRAFLORES DISTRITO CASTILLA PROVINCIA PIURA DEPARTAMENTO PIURA","disa":"PIURA","red":"","microrred":"","categoria":"ESTABLECIMIENTO DE SALUD SIN INTERNAMIENTO","condicion":"ACTIVO","actualizado":"2023/08/01 19:00:00.000","fuente":"MINSA","urlRenipr":"http://app20.susalud.gob.pe:8080/registro-renipress-webapp/ipress.htm?action=mostrarVer&idipress=00030685"}},{"type":"Feature","geometry":{"type":"Point","coordinates":[-81.13036589999996,-4.180090399999926]},"properties":{"objectid":24559,"nombre":"CONSULTORIOS MEDICOS IGNACIO MERINO E.I.R.L.","departamento":"PIURA","provincia":"TALARA","distrito":"LOS ORGANOS","institucion":"OTRO","codigoMinsa":30628,"direccion":"CALLE 3 - BARRIO MIRAFLORES NÚMERO 703 PISO 1 DISTRITO LOS ORGANOS PROVINCIA TALARA DEPARTAMENTO PIURA","disa":"PIURA","red":"","microrred":"NO PERTENECE A NINGUNA MICRORED","categoria":"ESTABLECIMIENTO DE SALUD SIN INTERNAMIENTO","condicion":"ACTIVO","actualizado":"2023/08/01 19:00:00.000","fuente":"MINSA","urlRenipr":"http://app20.susalud.gob.pe:8080/registro-renipress-webapp/ipress.htm?action=mostrarVer&idipress=00030628"}},{"type":"Feature","geometry":{"type":"Point","coordinates":[-80.63183889999993,-5.1949030699999525]},"properties":{"objectid":24561,"nombre":"MARIA DE LOS ANGELES GUZMAN DIAZ","departamento":"PIURA","provincia":"PIURA","distrito":"PIURA","institucion":"PRIVADO","codigoMinsa":26576,"direccion":"AVENIDA LOS COCOS NÚMERO 111 PISO 2 DEPARTAMENTO 215 URBANIZACIÓN CLUB GRAU DISTRITO PIURA PROVINCIA PIURA DEPARTAMENTO PIURA","disa":"PIURA","red":"NO PERTENECE A NINGUNA RED","microrred":"NO PERTENECE A NINGUNA MICRORED","categoria":"ESTABLECIMIENTO DE SALUD SIN INTERNAMIENTO","condicion":"ACTIVO","actualizado":"2023/08/01 19:00:00.000","fuente":"MINSA","urlRenipr":"http://app20.susalud.gob.pe:8080/registro-renipress-webapp/ipress.htm?action=mostrarVer&idipress=00026576"}},{"type":"Feature","geometry":{"type":"Point","coordinates":[-79.57542841999998,-4.541547219999927]},"properties":{"objectid":24565,"nombre":"GIGANTE","departamento":"PIURA","provincia":"AYABACA","distrito":"AYABACA","institucion":"GOBIERNO REGIONAL","codigoMinsa":7320,"direccion":"OTROS CENTRO POBLADO GIGANTE DISTRITO AYABACA PROVINCIA AYABACA DEPARTAMENTO PIURA","disa":"PIURA","red":"AYABACA","microrred":"AYABACA","categoria":"ESTABLECIMIENTO DE SALUD SIN INTERNAMIENTO","condicion":"ACTIVO","actualizado":"2023/08/01 19:00:00.000","fuente":"MINSA","urlRenipr":"http://app20.susalud.gob.pe:8080/registro-renipress-webapp/ipress.htm?action=mostrarVer&idipress=00007320"}},{"type":"Feature","geometry":{"type":"Point","coordinates":[-81.04568583999998,-4.105700309999975]},"properties":{"objectid":24566,"nombre":"CENTRO DE SALUD MANCORA","departamento":"PIURA","provincia":"TALARA","distrito":"MANCORA","institucion":"GOBIERNO REGIONAL","codigoMinsa":6627,"direccion":"AVENIDA AVENIDA GRAU N° 645 AVENIDA GRAU N° 645 MANCORA TALARA PIURA","disa":"PIURA","red":"SULLANA","microrred":"LOS ORGANOS","categoria":"ESTABLECIMIENTO DE SALUD CON INTERNAMIENTO","condicion":"ACTIVO","actualizado":"2023/08/01 19:00:00.000","fuente":"MINSA","urlRenipr":"http://app20.susalud.gob.pe:8080/registro-renipress-webapp/ipress.htm?action=mostrarVer&idipress=00006627"}},{"type":"Feature","geometry":{"type":"Point","coordinates":[-80.50353409999997,-4.444328549999966]},"properties":{"objectid":24567,"nombre":"JAHUAY NEGRO","departamento":"PIURA","provincia":"SULLANA","distrito":"LANCONES","institucion":"GOBIERNO REGIONAL","codigoMinsa":2062,"direccion":"OTROS CASERIO JAHUAY NEGRO - LANCONES DISTRITO LANCONES PROVINCIA SULLANA DEPARTAMENTO PIURA","disa":"PIURA","red":"SULLANA","microrred":"LANCONES","categoria":"ESTABLECIMIENTO DE SALUD SIN INTERNAMIENTO","condicion":"ACTIVO","actualizado":"2023/08/01 19:00:00.000","fuente":"MINSA","urlRenipr":"http://app20.susalud.gob.pe:8080/registro-renipress-webapp/ipress.htm?action=mostrarVer&idipress=00002062"}},{"type":"Feature","geometry":{"type":"Point","coordinates":[-80.82530879999996,-4.88491055999998]},"properties":{"objectid":24569,"nombre":"PUESTO DE SALUD TANGARARA","departamento":"PIURA","provincia":"SULLANA","distrito":"MARCAVELICA","institucion":"GOBIERNO REGIONAL","codigoMinsa":2037,"direccion":"OTROS CASERIO TANGARARA DISTRITO MARCAVELICA PROVINCIA SULLANA DEPARTAMENTO PIURA","disa":"PIURA","red":"SULLANA","microrred":"MARCAVELICA","categoria":"ESTABLECIMIENTO DE SALUD SIN INTERNAMIENTO","condicion":"ACTIVO","actualizado":"2023/08/01 19:00:00.000","fuente":"MINSA","urlRenipr":"http://app20.susalud.gob.pe:8080/registro-renipress-webapp/ipress.htm?action=mostrarVer&idipress=00002037"}},{"type":"Feature","geometry":{"type":"Point","coordinates":[-80.47714536999996,-4.545684979999976]},"properties":{"objectid":24570,"nombre":"VENADOS","departamento":"PIURA","provincia":"SULLANA","distrito":"LANCONES","institucion":"GOBIERNO REGIONAL","codigoMinsa":7104,"direccion":"OTROS CASERIO VENADOS - LANCONES CASERIO VENADOS - LANCONES LANCONES SULLANA PIURA","disa":"PIURA","red":"SULLANA","microrred":"LANCONES","categoria":"ESTABLECIMIENTO DE SALUD SIN INTERNAMIENTO","condicion":"ACTIVO","actualizado":"2023/08/01 19:00:00.000","fuente":"MINSA","urlRenipr":"http://app20.susalud.gob.pe:8080/registro-renipress-webapp/ipress.htm?action=mostrarVer&idipress=00007104"}},{"type":"Feature","geometry":{"type":"Point","coordinates":[-80.72258561999996,-4.909059399999933]},"properties":{"objectid":24571,"nombre":"CENTRO DE SALUD NUEVO SULLANA","departamento":"PIURA","provincia":"SULLANA","distrito":"SULLANA","institucion":"GOBIERNO REGIONAL","codigoMinsa":2017,"direccion":"OTROS NUEVA SULLANA NUEVA SULLANA SULLANA SULLANA PIURA","disa":"PIURA","red":"SULLANA","microrred":"BELLAVISTA","categoria":"ESTABLECIMIENTO DE SALUD SIN INTERNAMIENTO","condicion":"ACTIVO","actualizado":"2023/08/01 19:00:00.000","fuente":"MINSA","urlRenipr":"http://app20.susalud.gob.pe:8080/registro-renipress-webapp/ipress.htm?action=mostrarVer&idipress=00002017"}},{"type":"Feature","geometry":{"type":"Point","coordinates":[-80.71042787999994,-4.904589659999942]},"properties":{"objectid":24572,"nombre":"CENTRO DE SALUD \"VILLA PRIMAVERA\"","departamento":"PIURA","provincia":"SULLANA","distrito":"SULLANA","institucion":"GOBIERNO REGIONAL","codigoMinsa":2012,"direccion":"OTROS LOS LAURELES S/N VILLA PRIMAVERA S/N LOS LAURELES S/N VILLA PRIMAVERA SULLANA SULLANA PIURA","disa":"PIURA","red":"SULLANA","microrred":"BELLAVISTA","categoria":"ESTABLECIMIENTO DE SALUD SIN INTERNAMIENTO","condicion":"ACTIVO","actualizado":"2023/08/01 19:00:00.000","fuente":"MINSA","urlRenipr":"http://app20.susalud.gob.pe:8080/registro-renipress-webapp/ipress.htm?action=mostrarVer&idipress=00002012"}},{"type":"Feature","geometry":{"type":"Point","coordinates":[-79.90523475999998,-4.6424332699999695]},"properties":{"objectid":24573,"nombre":"QUEBRADA DE AGUA","departamento":"PIURA","provincia":"AYABACA","distrito":"MONTERO","institucion":"GOBIERNO REGIONAL","codigoMinsa":1973,"direccion":"OTROS CASERIO QUEBRADA DE AGUA MONTERO DISTRITO MONTERO PROVINCIA AYABACA DEPARTAMENTO PIURA","disa":"PIURA","red":"AYABACA","microrred":"PAIMAS","categoria":"ESTABLECIMIENTO DE SALUD SIN INTERNAMIENTO","condicion":"ACTIVO","actualizado":"2023/08/01 19:00:00.000","fuente":"MINSA","urlRenipr":"http://app20.susalud.gob.pe:8080/registro-renipress-webapp/ipress.htm?action=mostrarVer&idipress=00001973"}},{"type":"Feature","geometry":{"type":"Point","coordinates":[-79.84307197999993,-4.599077249999937]},"properties":{"objectid":24574,"nombre":"MARMAS ALTO","departamento":"PIURA","provincia":"AYABACA","distrito":"MONTERO","institucion":"GOBIERNO REGIONAL","codigoMinsa":1972,"direccion":"OTROS CASERIO MARMAS ALTO DISTRITO MONTERO PROVINCIA AYABACA DEPARTAMENTO PIURA","disa":"PIURA","red":"AYABACA","microrred":"PAIMAS","categoria":"ESTABLECIMIENTO DE SALUD SIN INTERNAMIENTO","condicion":"ACTIVO","actualizado":"2023/08/01 19:00:00.000","fuente":"MINSA","urlRenipr":"http://app20.susalud.gob.pe:8080/registro-renipress-webapp/ipress.htm?action=mostrarVer&idipress=00001972"}},{"type":"Feature","geometry":{"type":"Point","coordinates":[-80.45224569999993,-4.500119109999957]},"properties":{"objectid":24575,"nombre":"HUASIMAL DE LA SOLANA","departamento":"PIURA","provincia":"SULLANA","distrito":"LANCONES","institucion":"GOBIERNO REGIONAL","codigoMinsa":2063,"direccion":"OTROS CASERIO HUASIMAL DE LA SOLANA DISTRITO LANCONES PROVINCIA SULLANA DEPARTAMENTO PIURA","disa":"PIURA","red":"SULLANA","microrred":"LANCONES","categoria":"ESTABLECIMIENTO DE SALUD SIN INTERNAMIENTO","condicion":"ACTIVO","actualizado":"2023/08/01 19:00:00.000","fuente":"MINSA","urlRenipr":"http://app20.susalud.gob.pe:8080/registro-renipress-webapp/ipress.htm?action=mostrarVer&idipress=00002063"}},{"type":"Feature","geometry":{"type":"Point","coordinates":[-80.73812742999996,-4.877395949999936]},"properties":{"objectid":24576,"nombre":"VISTA FLORIDA","departamento":"PIURA","provincia":"SULLANA","distrito":"MARCAVELICA","institucion":"GOBIERNO REGIONAL","codigoMinsa":2039,"direccion":"OTROS CASERIO VISTA FLORIDA - MARCAVELICA DISTRITO MARCAVELICA PROVINCIA SULLANA DEPARTAMENTO PIURA","disa":"PIURA","red":"SULLANA","microrred":"MARCAVELICA","categoria":"ESTABLECIMIENTO DE SALUD SIN INTERNAMIENTO","condicion":"ACTIVO","actualizado":"2023/08/01 19:00:00.000","fuente":"MINSA","urlRenipr":"http://app20.susalud.gob.pe:8080/registro-renipress-webapp/ipress.htm?action=mostrarVer&idipress=00002039"}},{"type":"Feature","geometry":{"type":"Point","coordinates":[-80.18529646999997,-4.7318202599999495]},"properties":{"objectid":24577,"nombre":"PUERTA PULACHE","departamento":"PIURA","provincia":"PIURA","distrito":"LAS LOMAS","institucion":"GOBIERNO REGIONAL","codigoMinsa":1941,"direccion":"OTROS CASERIO PUERTA PULACHE DISTRITO LAS LOMAS PROVINCIA PIURA DEPARTAMENTO PIURA","disa":"PIURA","red":"AYABACA","microrred":"LAS LOMAS","categoria":"ESTABLECIMIENTO DE SALUD SIN INTERNAMIENTO","condicion":"ACTIVO","actualizado":"2023/08/01 19:00:00.000","fuente":"MINSA","urlRenipr":"http://app20.susalud.gob.pe:8080/registro-renipress-webapp/ipress.htm?action=mostrarVer&idipress=00001941"}},{"type":"Feature","geometry":{"type":"Point","coordinates":[-79.59160897999999,-4.844425739999963]},"properties":{"objectid":24578,"nombre":"PORTACHUELO DE YANTA","departamento":"PIURA","provincia":"AYABACA","distrito":"AYABACA","institucion":"GOBIERNO REGIONAL","codigoMinsa":1930,"direccion":"OTROS CASERIO PORTACHUELO YANTA - AYABACA DISTRITO AYABACA PROVINCIA AYABACA DEPARTAMENTO PIURA","disa":"PIURA","red":"AYABACA","microrred":"AYABACA","categoria":"ESTABLECIMIENTO DE SALUD SIN INTERNAMIENTO","condicion":"ACTIVO","actualizado":"2023/08/01 19:00:00.000","fuente":"MINSA","urlRenipr":"http://app20.susalud.gob.pe:8080/registro-renipress-webapp/ipress.htm?action=mostrarVer&idipress=00001930"}},{"type":"Feature","geometry":{"type":"Point","coordinates":[-80.68770009999997,-4.892108899999926]},"properties":{"objectid":24588,"nombre":"CLINICA MATERNO INFANTIL VIRGEN MARIA E.I.R.L.","departamento":"PIURA","provincia":"SULLANA","distrito":"SULLANA","institucion":"PRIVADO","codigoMinsa":27175,"direccion":"CALLE MARIA AUXILIADORA MANZANA 248 LOTE 7 DISTRITO SULLANA PROVINCIA SULLANA DEPARTAMENTO PIURA","disa":"PIURA","red":"NO PERTENECE A NINGUNA RED","microrred":"NO PERTENECE A NINGUNA MICRORED","categoria":"ESTABLECIMIENTO DE SALUD CON INTERNAMIENTO","condicion":"ACTIVO","actualizado":"2023/08/01 19:00:00.000","fuente":"MINSA","urlRenipr":"http://app20.susalud.gob.pe:8080/registro-renipress-webapp/ipress.htm?action=mostrarVer&idipress=00027175"}},{"type":"Feature","geometry":{"type":"Point","coordinates":[-80.17076506999996,-5.1030007299999625]},"properties":{"objectid":24593,"nombre":"E.S II-1 HOSPITAL CHULUCANAS","departamento":"PIURA","provincia":"MORROPON","distrito":"CHULUCANAS","institucion":"GOBIERNO REGIONAL","codigoMinsa":2161,"direccion":"OTROS ASENTAMIENTO HUMANO VATE MANRIQUE S/N CALLE DANIEL ALCIDES CARRION S/N VATE MANRIQUE CHULUCANAS MORROPON PIURA","disa":"PIURA","red":"MORROPON CHULUCANAS","microrred":"CHULUCANAS","categoria":"ESTABLECIMIENTO DE SALUD CON INTERNAMIENTO","condicion":"ACTIVO","actualizado":"2023/08/01 19:00:00.000","fuente":"MINSA","urlRenipr":"http://app20.susalud.gob.pe:8080/registro-renipress-webapp/ipress.htm?action=mostrarVer&idipress=00002161"}},{"type":"Feature","geometry":{"type":"Point","coordinates":[-80.69258839999998,-4.899196199999949]},"properties":{"objectid":24598,"nombre":"LABORATORIO CLINICO \"NIZALAB\"","departamento":"PIURA","provincia":"SULLANA","distrito":"SULLANA","institucion":"PRIVADO","codigoMinsa":30750,"direccion":"AVENIDA JOSE DE LAMA NÚMERO 844 DISTRITO SULLANA PROVINCIA SULLANA DEPARTAMENTO PIURA","disa":"PIURA","red":"","microrred":"","categoria":"SERVICIO MÉDICO DE APOYO","condicion":"ACTIVO","actualizado":"2023/08/01 19:00:00.000","fuente":"MINSA","urlRenipr":"http://app20.susalud.gob.pe:8080/registro-renipress-webapp/ipress.htm?action=mostrarVer&idipress=00030750"}},{"type":"Feature","geometry":{"type":"Point","coordinates":[-80.65766229999997,-5.196370899999977]},"properties":{"objectid":24601,"nombre":"DIALESSAB MEDIC EIRL","departamento":"PIURA","provincia":"PIURA","distrito":"VEINTISEIS DE OCTUBRE","institucion":"PRIVADO","codigoMinsa":30024,"direccion":"CALLE DANIEL ALCIDES CARRION ASENTAMIENTO HUMANO SAN MARTIN MANZANA C1 LOTE 28 DISTRITO VEINTISEIS DE OCTUBRE PROVINCIA PIURA DEPARTAMENTO PIURA","disa":"PIURA","red":"","microrred":"","categoria":"SERVICIO MÉDICO DE APOYO","condicion":"ACTIVO","actualizado":"2023/08/01 19:00:00.000","fuente":"MINSA","urlRenipr":"http://app20.susalud.gob.pe:8080/registro-renipress-webapp/ipress.htm?action=mostrarVer&idipress=00030024"}},{"type":"Feature","geometry":{"type":"Point","coordinates":[-80.09891841999996,-5.065397419999954]},"properties":{"objectid":24650,"nombre":"P.S PAPELILLO","departamento":"PIURA","provincia":"MORROPON","distrito":"CHULUCANAS","institucion":"GOBIERNO REGIONAL","codigoMinsa":2163,"direccion":"OTROS CENTRO POBLADO PAPELILLO CENTRO POBLADO PAPELILLO CHULUCANAS MORROPON PIURA","disa":"PIURA","red":"MORROPON CHULUCANAS","microrred":"CHULUCANAS","categoria":"ESTABLECIMIENTO DE SALUD SIN INTERNAMIENTO","condicion":"ACTIVO","actualizado":"2023/08/01 19:00:00.000","fuente":"MINSA","urlRenipr":"http://app20.susalud.gob.pe:8080/registro-renipress-webapp/ipress.htm?action=mostrarVer&idipress=00002163"}},{"type":"Feature","geometry":{"type":"Point","coordinates":[-79.63022249999995,-5.736740739999959]},"properties":{"objectid":24651,"nombre":"P.S HUALQUIRO","departamento":"PIURA","provincia":"HUANCABAMBA","distrito":"HUARMACA","institucion":"GOBIERNO REGIONAL","codigoMinsa":2271,"direccion":"OTROS CENTRO POBLADO SANTA PAULA DE HUALQUIRO S/N NÚMERO S/N DISTRITO HUARMACA PROVINCIA HUANCABAMBA DEPARTAMENTO PIURA","disa":"PIURA","red":"HUARMACA","microrred":"HUARMACA","categoria":"ESTABLECIMIENTO DE SALUD SIN INTERNAMIENTO","condicion":"ACTIVO","actualizado":"2023/08/01 19:00:00.000","fuente":"MINSA","urlRenipr":"http://app20.susalud.gob.pe:8080/registro-renipress-webapp/ipress.htm?action=mostrarVer&idipress=00002271"}},{"type":"Feature","geometry":{"type":"Point","coordinates":[-79.87617832999996,-5.0754316699999436]},"properties":{"objectid":24652,"nombre":"E.S. PAMBARUMBE","departamento":"PIURA","provincia":"MORROPON","distrito":"SANTA CATALINA DE MOSSA","institucion":"GOBIERNO REGIONAL","codigoMinsa":2219,"direccion":"OTROS CENTRO POBLADO PAMBARUMBE S/N S/N CENTRO POBLADO PAMBARUMBE S/N SANTA CATALINA DE MOSSA MORROPON PIURA","disa":"PIURA","red":"MORROPON CHULUCANAS","microrred":"CHALACO","categoria":"ESTABLECIMIENTO DE SALUD SIN INTERNAMIENTO","condicion":"ACTIVO","actualizado":"2023/08/01 19:00:00.000","fuente":"MINSA","urlRenipr":"http://app20.susalud.gob.pe:8080/registro-renipress-webapp/ipress.htm?action=mostrarVer&idipress=00002219"}},{"type":"Feature","geometry":{"type":"Point","coordinates":[-80.02582361999998,-5.223432779999939]},"properties":{"objectid":24653,"nombre":"E.S. CARRASQUILLO","departamento":"PIURA","provincia":"MORROPON","distrito":"BUENOS AIRES","institucion":"GOBIERNO REGIONAL","codigoMinsa":2191,"direccion":"AVENIDA AV. PERU S/N CENTRO POBLADO CARRASQUILLO S/N AV. PERU S/N CENTRO POBLADO CARRASQUILLO BUENOS AIRES MORROPON PIURA","disa":"PIURA","red":"MORROPON CHULUCANAS","microrred":"MORROPON","categoria":"ESTABLECIMIENTO DE SALUD SIN INTERNAMIENTO","condicion":"ACTIVO","actualizado":"2023/08/01 19:00:00.000","fuente":"MINSA","urlRenipr":"http://app20.susalud.gob.pe:8080/registro-renipress-webapp/ipress.htm?action=mostrarVer&idipress=00002191"}},{"type":"Feature","geometry":{"type":"Point","coordinates":[-79.54293299999995,-5.693278999999961]},"properties":{"objectid":24654,"nombre":"HIGUERON PAMPA","departamento":"PIURA","provincia":"HUANCABAMBA","distrito":"HUARMACA","institucion":"GOBIERNO REGIONAL","codigoMinsa":30598,"direccion":"OTROS CASERIO HIGUERON PAMPA DISTRITO HUARMACA PROVINCIA HUANCABAMBA DEPARTAMENTO PIURA","disa":"PIURA","red":"HUARMACA","microrred":"HUARMACA","categoria":"ESTABLECIMIENTO DE SALUD SIN INTERNAMIENTO","condicion":"ACTIVO","actualizado":"2023/08/01 19:00:00.000","fuente":"MINSA","urlRenipr":"http://app20.susalud.gob.pe:8080/registro-renipress-webapp/ipress.htm?action=mostrarVer&idipress=00030598"}},{"type":"Feature","geometry":{"type":"Point","coordinates":[-79.64458572999996,-5.225149119999969]},"properties":{"objectid":24655,"nombre":"P.S LOS RANCHOS","departamento":"PIURA","provincia":"HUANCABAMBA","distrito":"CANCHAQUE","institucion":"GOBIERNO REGIONAL","codigoMinsa":2236,"direccion":"CALLE CALLE ANDRES BELLO S/N S/N CALLE ANDRES BELLO S/N CANCHAQUE HUANCABAMBA PIURA","disa":"PIURA","red":"MORROPON CHULUCANAS","microrred":"SALITRAL","categoria":"ESTABLECIMIENTO DE SALUD SIN INTERNAMIENTO","condicion":"ACTIVO","actualizado":"2023/08/01 19:00:00.000","fuente":"MINSA","urlRenipr":"http://app20.susalud.gob.pe:8080/registro-renipress-webapp/ipress.htm?action=mostrarVer&idipress=00002236"}},{"type":"Feature","geometry":{"type":"Point","coordinates":[-79.77494666999996,-5.173734999999965]},"properties":{"objectid":24656,"nombre":"TAMBOYA","departamento":"PIURA","provincia":"MORROPON","distrito":"YAMANGO","institucion":"GOBIERNO REGIONAL","codigoMinsa":2193,"direccion":"CALLE CALLE JESUS DE NAZARETH S/N NÚMERO S/N DISTRITO YAMANGO PROVINCIA MORROPON DEPARTAMENTO PIURA","disa":"PIURA","red":"MORROPON CHULUCANAS","microrred":"MORROPON","categoria":"ESTABLECIMIENTO DE SALUD SIN INTERNAMIENTO","condicion":"ACTIVO","actualizado":"2023/08/01 19:00:00.000","fuente":"MINSA","urlRenipr":"http://app20.susalud.gob.pe:8080/registro-renipress-webapp/ipress.htm?action=mostrarVer&idipress=00002193"}},{"type":"Feature","geometry":{"type":"Point","coordinates":[-79.75112773999996,-5.182491249999941]},"properties":{"objectid":24657,"nombre":"ESTABLECIMIENTO DE SALUD YAMANGO.","departamento":"PIURA","provincia":"MORROPON","distrito":"YAMANGO","institucion":"GOBIERNO REGIONAL","codigoMinsa":2192,"direccion":"CALLE CALLE LAS RUICAS S/N S/N CALLE LAS RUICAS S/N YAMANGO MORROPON PIURA","disa":"PIURA","red":"MORROPON CHULUCANAS","microrred":"MORROPON","categoria":"ESTABLECIMIENTO DE SALUD CON INTERNAMIENTO","condicion":"ACTIVO","actualizado":"2023/08/01 19:00:00.000","fuente":"MINSA","urlRenipr":"http://app20.susalud.gob.pe:8080/registro-renipress-webapp/ipress.htm?action=mostrarVer&idipress=00002192"}},{"type":"Feature","geometry":{"type":"Point","coordinates":[-81.11954287999998,-5.279636189999962]},"properties":{"objectid":24658,"nombre":"E.S. LA TORTUGA","departamento":"PIURA","provincia":"SECHURA","distrito":"VICE","institucion":"GOBIERNO REGIONAL","codigoMinsa":2154,"direccion":"OTROS CENTRO POBLADO LA TORTUGA S/N S/N VICE SECHURA PIURA","disa":"PIURA","red":"BAJO PIURA","microrred":"SECHURA","categoria":"ESTABLECIMIENTO DE SALUD SIN INTERNAMIENTO","condicion":"ACTIVO","actualizado":"2023/08/01 19:00:00.000","fuente":"MINSA","urlRenipr":"http://app20.susalud.gob.pe:8080/registro-renipress-webapp/ipress.htm?action=mostrarVer&idipress=00002154"}},{"type":"Feature","geometry":{"type":"Point","coordinates":[-80.77525417999999,-5.416665739999928]},"properties":{"objectid":24659,"nombre":"C.S VICE","departamento":"PIURA","provincia":"SECHURA","distrito":"VICE","institucion":"GOBIERNO REGIONAL","codigoMinsa":2151,"direccion":"OTROS CENTRO POBLADO VICE S/N S/N CENTRO POBLADO VICE S/N VICE SECHURA PIURA","disa":"PIURA","red":"BAJO PIURA","microrred":"SECHURA","categoria":"ESTABLECIMIENTO DE SALUD SIN INTERNAMIENTO","condicion":"ACTIVO","actualizado":"2023/08/01 19:00:00.000","fuente":"MINSA","urlRenipr":"http://app20.susalud.gob.pe:8080/registro-renipress-webapp/ipress.htm?action=mostrarVer&idipress=00002151"}},{"type":"Feature","geometry":{"type":"Point","coordinates":[-80.69732383999997,-5.379908399999977]},"properties":{"objectid":24661,"nombre":"E.S. CHATITO","departamento":"PIURA","provincia":"PIURA","distrito":"LA ARENA","institucion":"GOBIERNO REGIONAL","codigoMinsa":2129,"direccion":"JIRÓN JR. MIGUEL GRAU Nº 141 JR. MIGUEL GRAU Nº 141 LA ARENA PIURA PIURA","disa":"PIURA","red":"BAJO PIURA","microrred":"CATACAOS","categoria":"ESTABLECIMIENTO DE SALUD SIN INTERNAMIENTO","condicion":"ACTIVO","actualizado":"2023/08/01 19:00:00.000","fuente":"MINSA","urlRenipr":"http://app20.susalud.gob.pe:8080/registro-renipress-webapp/ipress.htm?action=mostrarVer&idipress=00002129"}},{"type":"Feature","geometry":{"type":"Point","coordinates":[-79.43718652999996,-5.789406949999943]},"properties":{"objectid":24662,"nombre":"P.S NUEVO HUALAPAMPA","departamento":"PIURA","provincia":"HUANCABAMBA","distrito":"HUARMACA","institucion":"GOBIERNO REGIONAL","codigoMinsa":2283,"direccion":"OTROS CENTRO POBLADO NUEVO HUALAPAMPA S/N S/N CENTRO POBLADO NUEVO HUALAPAMPA S/N HUARMACA HUANCABAMBA PIURA","disa":"PIURA","red":"HUARMACA","microrred":"HUARMACA","categoria":"ESTABLECIMIENTO DE SALUD SIN INTERNAMIENTO","condicion":"ACTIVO","actualizado":"2023/08/01 19:00:00.000","fuente":"MINSA","urlRenipr":"http://app20.susalud.gob.pe:8080/registro-renipress-webapp/ipress.htm?action=mostrarVer&idipress=00002283"}},{"type":"Feature","geometry":{"type":"Point","coordinates":[-80.62929379999997,-5.198169899999925]},"properties":{"objectid":24817,"nombre":"CENTRO ODONTOLOGICO PEDIATRICO DENTI KIDS E.I.R.L.","departamento":"PIURA","provincia":"PIURA","distrito":"PIURA","institucion":"PRIVADO","codigoMinsa":28742,"direccion":"JIRÓN JUNIN NÚMERO 1049 DISTRITO PIURA PROVINCIA PIURA DEPARTAMENTO PIURA","disa":"PIURA","red":"NO PERTENECE A NINGUNA RED","microrred":"NO PERTENECE A NINGUNA MICRORED","categoria":"ESTABLECIMIENTO DE SALUD SIN INTERNAMIENTO","condicion":"ACTIVO","actualizado":"2023/08/01 19:00:00.000","fuente":"MINSA","urlRenipr":"http://app20.susalud.gob.pe:8080/registro-renipress-webapp/ipress.htm?action=mostrarVer&idipress=00028742"}},{"type":"Feature","geometry":{"type":"Point","coordinates":[-80.34118219999993,-4.932295799999963]},"properties":{"objectid":24851,"nombre":"CENTRO MEDICO ´PRECOPCEPCIONAL Y OBSTETRICO GARAVITO","departamento":"PIURA","provincia":"PIURA","distrito":"TAMBO GRANDE","institucion":"PRIVADO","codigoMinsa":29602,"direccion":"JIRÓN TUMBES N?ERO 643 DISTRITO TAMBO GRANDE PROVINCIA PIURA DEPARTAMENTO PIURA","disa":"PIURA","red":"","microrred":"","categoria":"ESTABLECIMIENTO DE SALUD SIN INTERNAMIENTO","condicion":"ACTIVO","actualizado":"2023/08/01 19:00:00.000","fuente":"MINSA","urlRenipr":"http://app20.susalud.gob.pe:8080/registro-renipress-webapp/ipress.htm?action=mostrarVer&idipress=00029602"}},{"type":"Feature","geometry":{"type":"Point","coordinates":[-80.62886808999997,-5.173904839999977]},"properties":{"objectid":24866,"nombre":"INNOVA SALUD SEGURIDAD & MEDIO AMBIENTE S.A.C.","departamento":"PIURA","provincia":"PIURA","distrito":"PIURA","institucion":"PRIVADO","codigoMinsa":12952,"direccion":"CALLE CALLE LAS DALIAS MZ. A LOTE Nª 24 URB. LOS GERANIOS DISTRITO PIURA PROVINCIA PIURA DEPARTAMENTO PIURA","disa":"PIURA","red":"NO PERTENECE A NINGUNA RED","microrred":"NO PERTENECE A NINGUNA MICRORED","categoria":"ESTABLECIMIENTO DE SALUD SIN INTERNAMIENTO","condicion":"ACTIVO","actualizado":"2023/08/01 19:00:00.000","fuente":"MINSA","urlRenipr":"http://app20.susalud.gob.pe:8080/registro-renipress-webapp/ipress.htm?action=mostrarVer&idipress=00012952"}},{"type":"Feature","geometry":{"type":"Point","coordinates":[-80.61835939999997,-5.206262899999956]},"properties":{"objectid":24879,"nombre":"DENTALIA ESPECIALISTAS DENTALES S.C.R.L.","departamento":"PIURA","provincia":"PIURA","distrito":"CASTILLA","institucion":"PRIVADO","codigoMinsa":30999,"direccion":"AVENIDA LUIS MONTERO NÚMERO 422 MANZANA O-1 LOTE 23 URBANIZACIÓN MIRAFLORES DISTRITO CASTILLA PROVINCIA PIURA DEPARTAMENTO PIURA","disa":"PIURA","red":"","microrred":"","categoria":"ESTABLECIMIENTO DE SALUD SIN INTERNAMIENTO","condicion":"ACTIVO","actualizado":"2023/08/01 19:00:00.000","fuente":"MINSA","urlRenipr":"http://app20.susalud.gob.pe:8080/registro-renipress-webapp/ipress.htm?action=mostrarVer&idipress=00030999"}},{"type":"Feature","geometry":{"type":"Point","coordinates":[-80.59875489999996,-5.18632649999995]},"properties":{"objectid":24892,"nombre":"SERVICIOS MÉDICOS GOMEZ SALUD SAC","departamento":"PIURA","provincia":"PIURA","distrito":"CASTILLA","institucion":"PRIVADO","codigoMinsa":29028,"direccion":"URBANIZACIÓN EL BOSQUE MANZANA B LOTE 18 URBANIZACIÓN EL BOSQUE DISTRITO CASTILLA PROVINCIA PIURA DEPARTAMENTO PIURA","disa":"PIURA","red":"","microrred":"","categoria":"ESTABLECIMIENTO DE SALUD SIN INTERNAMIENTO","condicion":"ACTIVO","actualizado":"2023/08/01 19:00:00.000","fuente":"MINSA","urlRenipr":"http://app20.susalud.gob.pe:8080/registro-renipress-webapp/ipress.htm?action=mostrarVer&idipress=00029028"}},{"type":"Feature","geometry":{"type":"Point","coordinates":[-80.63140919999995,-5.186547799999971]},"properties":{"objectid":24895,"nombre":"CENTRO MEDICO EN BUENAS MANOS","departamento":"PIURA","provincia":"PIURA","distrito":"PIURA","institucion":"PRIVADO","codigoMinsa":28316,"direccion":"AVENIDA LUIS EGUIGUREN (EX MALAGA) ASENTAMIENTO HUMANO PACHITEA NÚMERO 1049 DISTRITO PIURA PROVINCIA PIURA DEPARTAMENTO PIURA","disa":"PIURA","red":"NO PERTENECE A NINGUNA RED","microrred":"NO PERTENECE A NINGUNA MICRORED","categoria":"ESTABLECIMIENTO DE SALUD SIN INTERNAMIENTO","condicion":"ACTIVO","actualizado":"2023/08/01 19:00:00.000","fuente":"MINSA","urlRenipr":"http://app20.susalud.gob.pe:8080/registro-renipress-webapp/ipress.htm?action=mostrarVer&idipress=00028316"}},{"type":"Feature","geometry":{"type":"Point","coordinates":[-80.66425059999995,-5.251596599999971]},"properties":{"objectid":25028,"nombre":"CSI CLINICA SAN ISIDRO","departamento":"PIURA","provincia":"PIURA","distrito":"CATACAOS","institucion":"PRIVADO","codigoMinsa":30997,"direccion":"CALLE MARIANO DIAZ CASERIO VIDUQUE 238 A 300 METROS AL NORTE DEL RESTAURANT EL RANCHO CASERIO VIDUQUE CATACAOS PIURA PIURA","disa":"PIURA","red":"","microrred":"NO PERTENECE A NINGUNA MICRORED","categoria":"ESTABLECIMIENTO DE SALUD SIN INTERNAMIENTO","condicion":"ACTIVO","actualizado":"2023/08/01 19:00:00.000","fuente":"MINSA","urlRenipr":"http://app20.susalud.gob.pe:8080/registro-renipress-webapp/ipress.htm?action=mostrarVer&idipress=00030997"}},{"type":"Feature","geometry":{"type":"Point","coordinates":[-80.59875489999996,-5.18632649999995]},"properties":{"objectid":25050,"nombre":"CENTRO MEDICO ESTETICO ALDANNA","departamento":"PIURA","provincia":"PIURA","distrito":"CASTILLA","institucion":"PRIVADO","codigoMinsa":30634,"direccion":"AVENIDA ALAMEDA LOS FICUS MANZANA BM LOTE 36 URBANIZACIÓN MIRAFLORES COUNTRY CLUB DISTRITO CASTILLA PROVINCIA PIURA DEPARTAMENTO PIURA","disa":"PIURA","red":"","microrred":"","categoria":"ESTABLECIMIENTO DE SALUD SIN INTERNAMIENTO","condicion":"ACTIVO","actualizado":"2023/08/01 19:00:00.000","fuente":"MINSA","urlRenipr":"http://app20.susalud.gob.pe:8080/registro-renipress-webapp/ipress.htm?action=mostrarVer&idipress=00030634"}},{"type":"Feature","geometry":{"type":"Point","coordinates":[-79.99526819999994,-4.5202174399999535]},"properties":{"objectid":25077,"nombre":"ENFERMERIA RC N°7 SUYO","departamento":"PIURA","provincia":"AYABACA","distrito":"SUYO","institucion":"SANIDAD DEL EJERCITO DEL PERU","codigoMinsa":29465,"direccion":"CARRETERA PANAMERICANA KILOMETRO 1113 DISTRITO SUYO PROVINCIA AYABACA DEPARTAMENTO PIURA","disa":"PIURA","red":"","microrred":"NO PERTENECE A NINGUNA MICRORED","categoria":"ESTABLECIMIENTO DE SALUD SIN INTERNAMIENTO","condicion":"ACTIVO","actualizado":"2023/08/01 19:00:00.000","fuente":"MINSA","urlRenipr":"http://app20.susalud.gob.pe:8080/registro-renipress-webapp/ipress.htm?action=mostrarVer&idipress=00029465"}},{"type":"Feature","geometry":{"type":"Point","coordinates":[-80.69173559999996,-4.898811699999953]},"properties":{"objectid":25092,"nombre":"CENTRO MEDICO LABONORTE","departamento":"PIURA","provincia":"SULLANA","distrito":"SULLANA","institucion":"PRIVADO","codigoMinsa":25106,"direccion":"AVENIDA SANTA ROSA 409 1 FRENTE AL HOSPITAL DE SULLANA SULLANA SULLANA PIURA","disa":"PIURA","red":"NO PERTENECE A NINGUNA RED","microrred":"NO PERTENECE A NINGUNA MICRORED","categoria":"ESTABLECIMIENTO DE SALUD SIN INTERNAMIENTO","condicion":"ACTIVO","actualizado":"2023/08/01 19:00:00.000","fuente":"MINSA","urlRenipr":"http://app20.susalud.gob.pe:8080/registro-renipress-webapp/ipress.htm?action=mostrarVer&idipress=00025106"}},{"type":"Feature","geometry":{"type":"Point","coordinates":[-80.62098617999999,-5.194083559999967]},"properties":{"objectid":25100,"nombre":"CENTRO MEDICO HEMATOLOGICO EIRL","departamento":"PIURA","provincia":"PIURA","distrito":"CASTILLA","institucion":"PRIVADO","codigoMinsa":26512,"direccion":"CALLE JOSE OLAYA MANZANA C LOTE 06 URBANIZACIÓN MIRAFLORES DISTRITO CASTILLA PROVINCIA PIURA DEPARTAMENTO PIURA","disa":"PIURA","red":"NO PERTENECE A NINGUNA RED","microrred":"NO PERTENECE A NINGUNA MICRORED","categoria":"ESTABLECIMIENTO DE SALUD SIN INTERNAMIENTO","condicion":"ACTIVO","actualizado":"2023/08/01 19:00:00.000","fuente":"MINSA","urlRenipr":"http://app20.susalud.gob.pe:8080/registro-renipress-webapp/ipress.htm?action=mostrarVer&idipress=00026512"}},{"type":"Feature","geometry":{"type":"Point","coordinates":[-80.68643229999998,-4.903637999999944]},"properties":{"objectid":25168,"nombre":"OPTICA SOLIDARIA","departamento":"PIURA","provincia":"SULLANA","distrito":"SULLANA","institucion":"PRIVADO","codigoMinsa":25229,"direccion":"OTROS CALLE 2 BARRIO BUENOS AIRES NÚMERO 800 DISTRITO SULLANA PROVINCIA SULLANA DEPARTAMENTO PIURA","disa":"","red":"","microrred":"","categoria":"SERVICIO MÉDICO DE APOYO","condicion":"RETIRO VOLUNTARIO","actualizado":"2023/08/01 19:00:00.000","fuente":"MINSA","urlRenipr":"http://app20.susalud.gob.pe:8080/registro-renipress-webapp/ipress.htm?action=mostrarVer&idipress=00025229"}},{"type":"Feature","geometry":{"type":"Point","coordinates":[-80.62982979999998,-5.186683099999925]},"properties":{"objectid":25625,"nombre":"LICENCIAS MEDI CAR S.A.C.","departamento":"PIURA","provincia":"PIURA","distrito":"PIURA","institucion":"PRIVADO","codigoMinsa":27059,"direccion":"AVENIDA LUIS ANTONIO EGUIGUREN N?ERO 804 PISO 1 URBANIZACI? LA TINA DISTRITO PIURA PROVINCIA PIURA DEPARTAMENTO PIURA","disa":"PIURA","red":"NO PERTENECE A NINGUNA RED","microrred":"NO PERTENECE A NINGUNA MICRORED","categoria":"ESTABLECIMIENTO DE SALUD SIN INTERNAMIENTO","condicion":"ACTIVO","actualizado":"2023/08/01 19:00:00.000","fuente":"MINSA","urlRenipr":"http://app20.susalud.gob.pe:8080/registro-renipress-webapp/ipress.htm?action=mostrarVer&idipress=00027059"}},{"type":"Feature","geometry":{"type":"Point","coordinates":[-80.63527409999995,-5.194141599999966]},"properties":{"objectid":25691,"nombre":"ODONTOSALUD PONGO S.R.L.","departamento":"PIURA","provincia":"PIURA","distrito":"PIURA","institucion":"PRIVADO","codigoMinsa":19820,"direccion":"AVENIDA AV. GRAU Nº 1026 DISTRITO PIURA PROVINCIA PIURA DEPARTAMENTO PIURA","disa":"PIURA","red":"NO PERTENECE A NINGUNA RED","microrred":"NO PERTENECE A NINGUNA MICRORED","categoria":"ESTABLECIMIENTO DE SALUD SIN INTERNAMIENTO","condicion":"ACTIVO","actualizado":"2023/08/01 19:00:00.000","fuente":"MINSA","urlRenipr":"http://app20.susalud.gob.pe:8080/registro-renipress-webapp/ipress.htm?action=mostrarVer&idipress=00019820"}},{"type":"Feature","geometry":{"type":"Point","coordinates":[-80.68527979999999,-4.9038900999999555]},"properties":{"objectid":25694,"nombre":"CENTRO DE DIALISIS INTEGRAL \" SAN JUAN BOSCO\"","departamento":"PIURA","provincia":"SULLANA","distrito":"SULLANA","institucion":"PRIVADO","codigoMinsa":13096,"direccion":"CALLE CALLE SAN JUAN BOSCO N°302 URB.SANTA ROSA DISTRITO SULLANA PROVINCIA SULLANA DEPARTAMENTO PIURA","disa":"PIURA","red":"NO PERTENECE A NINGUNA RED","microrred":"NO PERTENECE A NINGUNA MICRORED","categoria":"SERVICIO MÉDICO DE APOYO","condicion":"ACTIVO","actualizado":"2023/08/01 19:00:00.000","fuente":"MINSA","urlRenipr":"http://app20.susalud.gob.pe:8080/registro-renipress-webapp/ipress.htm?action=mostrarVer&idipress=00013096"}},{"type":"Feature","geometry":{"type":"Point","coordinates":[-80.65488819999996,-5.1782883999999285]},"properties":{"objectid":26092,"nombre":"ENDOGIN","departamento":"PIURA","provincia":"PIURA","distrito":"PIURA","institucion":"PRIVADO","codigoMinsa":26859,"direccion":"PASAJE IV MANZANA C1 LOTE 22 URBANIZACI? BELLO HORIZONTE DISTRITO PIURA PROVINCIA PIURA DEPARTAMENTO PIURA","disa":"PIURA","red":"NO PERTENECE A NINGUNA RED","microrred":"NO PERTENECE A NINGUNA MICRORED","categoria":"ESTABLECIMIENTO DE SALUD SIN INTERNAMIENTO","condicion":"ACTIVO","actualizado":"2023/08/01 19:00:00.000","fuente":"MINSA","urlRenipr":"http://app20.susalud.gob.pe:8080/registro-renipress-webapp/ipress.htm?action=mostrarVer&idipress=00026859"}},{"type":"Feature","geometry":{"type":"Point","coordinates":[-81.09621719999996,-5.0938487999999325]},"properties":{"objectid":26175,"nombre":"CENTRO MEDICO PAITA SRL","departamento":"PIURA","provincia":"PAITA","distrito":"PAITA","institucion":"PRIVADO","codigoMinsa":25893,"direccion":"JIRÓN ZEPITA NÚMERO 548 DISTRITO PAITA PROVINCIA PAITA DEPARTAMENTO PIURA","disa":"PIURA","red":"NO PERTENECE A NINGUNA RED","microrred":"NO PERTENECE A NINGUNA MICRORED","categoria":"ESTABLECIMIENTO DE SALUD SIN INTERNAMIENTO","condicion":"ACTIVO","actualizado":"2023/08/01 19:00:00.000","fuente":"MINSA","urlRenipr":"http://app20.susalud.gob.pe:8080/registro-renipress-webapp/ipress.htm?action=mostrarVer&idipress=00025893"}},{"type":"Feature","geometry":{"type":"Point","coordinates":[-80.66517789999995,-5.187528799999939]},"properties":{"objectid":26265,"nombre":"AUNA CLINICA MIRAFLORES","departamento":"PIURA","provincia":"PIURA","distrito":"CASTILLA","institucion":"PRIVADO","codigoMinsa":13494,"direccion":"CALLE LAS DALIAS A-12-URB.MIRAFLORES-CASTILLA-PIURA","disa":"PIURA","red":"NO PERTENECE A NINGUNA RED","microrred":"NO PERTENECE A NINGUNA MICRORED","categoria":"ESTABLECIMIENTO DE SALUD CON INTERNAMIENTO","condicion":"ACTIVO","actualizado":"2023/08/01 19:00:00.000","fuente":"MINSA","urlRenipr":"http://app20.susalud.gob.pe:8080/registro-renipress-webapp/ipress.htm?action=mostrarVer&idipress=00013494"}},{"type":"Feature","geometry":{"type":"Point","coordinates":[-80.68827919999995,-4.8938503999999625]},"properties":{"objectid":26413,"nombre":"CM&SO BELEN EIRL","departamento":"PIURA","provincia":"SULLANA","distrito":"SULLANA","institucion":"OTRO","codigoMinsa":30630,"direccion":"CALLE CALLE GRAU NÚMERO 999 DISTRITO SULLANA PROVINCIA SULLANA DEPARTAMENTO PIURA","disa":"PIURA","red":"","microrred":"NO PERTENECE A NINGUNA MICRORED","categoria":"ESTABLECIMIENTO DE SALUD SIN INTERNAMIENTO","condicion":"ACTIVO","actualizado":"2023/08/01 19:00:00.000","fuente":"MINSA","urlRenipr":"http://app20.susalud.gob.pe:8080/registro-renipress-webapp/ipress.htm?action=mostrarVer&idipress=00030630"}},{"type":"Feature","geometry":{"type":"Point","coordinates":[-80.38476012999996,-4.882561019999969]},"properties":{"objectid":26553,"nombre":"PEDREGAL","departamento":"PIURA","provincia":"PIURA","distrito":"TAMBO GRANDE","institucion":"GOBIERNO REGIONAL","codigoMinsa":1989,"direccion":"OTROS CASERIO PEDREGAL - TAMBOGRANDE CASERIO PEDREGAL - TAMBOGRANDE TAMBO GRANDE PIURA PIURA","disa":"PIURA","red":"AYABACA","microrred":"TAMBOGRANDE","categoria":"ESTABLECIMIENTO DE SALUD SIN INTERNAMIENTO","condicion":"ACTIVO","actualizado":"2023/08/01 19:00:00.000","fuente":"MINSA","urlRenipr":"http://app20.susalud.gob.pe:8080/registro-renipress-webapp/ipress.htm?action=mostrarVer&idipress=00001989"}},{"type":"Feature","geometry":{"type":"Point","coordinates":[-80.67553629999998,-5.264856399999928]},"properties":{"objectid":26649,"nombre":"CENTRO DE ATENCION PRIMARIA-CAP III CATACAOS","departamento":"PIURA","provincia":"PIURA","distrito":"CATACAOS","institucion":"ESSALUD","codigoMinsa":12319,"direccion":"JR. ZEPITA Nº 535 Y JR. SAN FRANCISCO Nº 646","disa":"PIURA","red":"NO PERTENECE A NINGUNA RED","microrred":"NO PERTENECE A NINGUNA MICRORED","categoria":"ESTABLECIMIENTO DE SALUD SIN INTERNAMIENTO","condicion":"ACTIVO","actualizado":"2023/08/01 19:00:00.000","fuente":"MINSA","urlRenipr":"http://app20.susalud.gob.pe:8080/registro-renipress-webapp/ipress.htm?action=mostrarVer&idipress=00012319"}},{"type":"Feature","geometry":{"type":"Point","coordinates":[-80.69444999999996,-4.8949049999999374]},"properties":{"objectid":26692,"nombre":"LABORATORIO REFERENCIAL DE SALUD LUCIANO CASTILLO COLONNA","departamento":"PIURA","provincia":"SULLANA","distrito":"SULLANA","institucion":"GOBIERNO REGIONAL","codigoMinsa":10422,"direccion":"OTROS TRANSVERSAL TUMBES S/N S/N TRANSVERSAL TUMBES S/N SULLANA SULLANA PIURA","disa":"PIURA","red":"SULLANA","microrred":"BELLAVISTA","categoria":"SERVICIO MÉDICO DE APOYO","condicion":"ACTIVO","actualizado":"2023/08/01 19:00:00.000","fuente":"MINSA","urlRenipr":"http://app20.susalud.gob.pe:8080/registro-renipress-webapp/ipress.htm?action=mostrarVer&idipress=00010422"}},{"type":"Feature","geometry":{"type":"Point","coordinates":[-79.99400728999996,-4.747651309999981]},"properties":{"objectid":26693,"nombre":"TASAJERAS","departamento":"PIURA","provincia":"AYABACA","distrito":"SAPILLICA","institucion":"GOBIERNO REGIONAL","codigoMinsa":1956,"direccion":"OTROS CASERIO TASAJERAS DISTRITO SAPILLICA PROVINCIA AYABACA DEPARTAMENTO PIURA","disa":"PIURA","red":"AYABACA","microrred":"LAS LOMAS","categoria":"ESTABLECIMIENTO DE SALUD SIN INTERNAMIENTO","condicion":"ACTIVO","actualizado":"2023/08/01 19:00:00.000","fuente":"MINSA","urlRenipr":"http://app20.susalud.gob.pe:8080/registro-renipress-webapp/ipress.htm?action=mostrarVer&idipress=00001956"}},{"type":"Feature","geometry":{"type":"Point","coordinates":[-81.05831811999997,-5.005362659999946]},"properties":{"objectid":26694,"nombre":"SAN LUCAS DE COLAN","departamento":"PIURA","provincia":"PAITA","distrito":"COLAN","institucion":"GOBIERNO REGIONAL","codigoMinsa":2024,"direccion":"OTROS CASERIO SAN LUCAS DE COLAN DISTRITO COLAN PROVINCIA PAITA DEPARTAMENTO PIURA","disa":"PIURA","red":"SULLANA","microrred":"PAITA","categoria":"ESTABLECIMIENTO DE SALUD SIN INTERNAMIENTO","condicion":"ACTIVO","actualizado":"2023/08/01 19:00:00.000","fuente":"MINSA","urlRenipr":"http://app20.susalud.gob.pe:8080/registro-renipress-webapp/ipress.htm?action=mostrarVer&idipress=00002024"}},{"type":"Feature","geometry":{"type":"Point","coordinates":[-81.09621719999996,-5.0938487999999325]},"properties":{"objectid":26695,"nombre":"HOGAR PROTEGIDO","departamento":"PIURA","provincia":"PAITA","distrito":"PAITA","institucion":"GOBIERNO REGIONAL","codigoMinsa":28853,"direccion":"OTROS ASENTAMIENTO HUMANO CIUDAD ROJA NÚMERO S2 LOTE 08 DISTRITO PAITA PROVINCIA PAITA DEPARTAMENTO PIURA","disa":"PIURA","red":"NO PERTENECE A NINGUNA RED","microrred":"NO PERTENECE A NINGUNA MICRORED","categoria":"SERVICIO MÉDICO DE APOYO","condicion":"ACTIVO","actualizado":"2023/08/01 19:00:00.000","fuente":"MINSA","urlRenipr":"http://app20.susalud.gob.pe:8080/registro-renipress-webapp/ipress.htm?action=mostrarVer&idipress=00028853"}},{"type":"Feature","geometry":{"type":"Point","coordinates":[-80.61004311999994,-4.785294389999933]},"properties":{"objectid":26696,"nombre":"PUENTE DE LOS SERRANOS","departamento":"PIURA","provincia":"SULLANA","distrito":"QUERECOTILLO","institucion":"GOBIERNO REGIONAL","codigoMinsa":2056,"direccion":"OTROS CASERIO PUENTE DE LOS SERRANOS DISTRITO QUERECOTILLO PROVINCIA SULLANA DEPARTAMENTO PIURA","disa":"PIURA","red":"SULLANA","microrred":"QUERECOTILLO","categoria":"ESTABLECIMIENTO DE SALUD SIN INTERNAMIENTO","condicion":"ACTIVO","actualizado":"2023/08/01 19:00:00.000","fuente":"MINSA","urlRenipr":"http://app20.susalud.gob.pe:8080/registro-renipress-webapp/ipress.htm?action=mostrarVer&idipress=00002056"}},{"type":"Feature","geometry":{"type":"Point","coordinates":[-80.41128962999994,-4.229412289999971]},"properties":{"objectid":26697,"nombre":"CHORRERA DE PULGUERAS","departamento":"PIURA","provincia":"SULLANA","distrito":"LANCONES","institucion":"GOBIERNO REGIONAL","codigoMinsa":2070,"direccion":"OTROS CASERIO CHORRERA DE PULGUERAS DISTRITO LANCONES PROVINCIA SULLANA DEPARTAMENTO PIURA","disa":"PIURA","red":"SULLANA","microrred":"LANCONES","categoria":"ESTABLECIMIENTO DE SALUD SIN INTERNAMIENTO","condicion":"ACTIVO","actualizado":"2023/08/01 19:00:00.000","fuente":"MINSA","urlRenipr":"http://app20.susalud.gob.pe:8080/registro-renipress-webapp/ipress.htm?action=mostrarVer&idipress=00002070"}},{"type":"Feature","geometry":{"type":"Point","coordinates":[-77.04512939999995,-12.054163599999981]},"properties":{"objectid":26698,"nombre":"CENTRO DE SALUD MENTAL COMUNITARIO \"SAN CLEMENTE\" DE TALARA","departamento":"PIURA","provincia":"TALARA","distrito":"PARIÑAS","institucion":"GOBIERNO REGIONAL","codigoMinsa":28678,"direccion":"AVENIDA A 514 1 1 TALARA ALTA ANTES DE LLEGAR AL PEAJE DE TALARA PARIÑAS TALARA PIURA","disa":"PIURA","red":"SULLANA","microrred":"TALARA","categoria":"ESTABLECIMIENTO DE SALUD SIN INTERNAMIENTO","condicion":"ACTIVO","actualizado":"2023/08/01 19:00:00.000","fuente":"MINSA","urlRenipr":"http://app20.susalud.gob.pe:8080/registro-renipress-webapp/ipress.htm?action=mostrarVer&idipress=00028678"}},{"type":"Feature","geometry":{"type":"Point","coordinates":[-80.31319772999996,-4.740697279999949]},"properties":{"objectid":26699,"nombre":"CP5","departamento":"PIURA","provincia":"PIURA","distrito":"LAS LOMAS","institucion":"GOBIERNO REGIONAL","codigoMinsa":7173,"direccion":"OTROS CASERIO CP5 DISTRITO LAS LOMAS PROVINCIA PIURA DEPARTAMENTO PIURA","disa":"PIURA","red":"AYABACA","microrred":"LAS LOMAS","categoria":"ESTABLECIMIENTO DE SALUD SIN INTERNAMIENTO","condicion":"ACTIVO","actualizado":"2023/08/01 19:00:00.000","fuente":"MINSA","urlRenipr":"http://app20.susalud.gob.pe:8080/registro-renipress-webapp/ipress.htm?action=mostrarVer&idipress=00007173"}},{"type":"Feature","geometry":{"type":"Point","coordinates":[-80.30070305999999,-4.886342729999967]},"properties":{"objectid":26700,"nombre":"EL PORVENIR","departamento":"PIURA","provincia":"PIURA","distrito":"TAMBO GRANDE","institucion":"GOBIERNO REGIONAL","codigoMinsa":1992,"direccion":"OTROS CASERIO CP-3 SAN MARTIN DISTRITO TAMBO GRANDE PROVINCIA PIURA DEPARTAMENTO PIURA","disa":"PIURA","red":"AYABACA","microrred":"TAMBOGRANDE","categoria":"ESTABLECIMIENTO DE SALUD SIN INTERNAMIENTO","condicion":"ACTIVO","actualizado":"2023/08/01 19:00:00.000","fuente":"MINSA","urlRenipr":"http://app20.susalud.gob.pe:8080/registro-renipress-webapp/ipress.htm?action=mostrarVer&idipress=00001992"}},{"type":"Feature","geometry":{"type":"Point","coordinates":[-81.27513851999998,-4.456625269999961]},"properties":{"objectid":26701,"nombre":"LOBITOS","departamento":"PIURA","provincia":"TALARA","distrito":"LOBITOS","institucion":"GOBIERNO REGIONAL","codigoMinsa":2077,"direccion":"OTROS BARRIO PRIMAVERA A- 100 LOBITOS BARRIO PRIMAVERA A- 100 LOBITOS LOBITOS TALARA PIURA","disa":"PIURA","red":"SULLANA","microrred":"TALARA","categoria":"ESTABLECIMIENTO DE SALUD SIN INTERNAMIENTO","condicion":"ACTIVO","actualizado":"2023/08/01 19:00:00.000","fuente":"MINSA","urlRenipr":"http://app20.susalud.gob.pe:8080/registro-renipress-webapp/ipress.htm?action=mostrarVer&idipress=00002077"}},{"type":"Feature","geometry":{"type":"Point","coordinates":[-80.85865885999993,-4.919730859999959]},"properties":{"objectid":26702,"nombre":"MACACARA","departamento":"PIURA","provincia":"PAITA","distrito":"LA HUACA","institucion":"GOBIERNO REGIONAL","codigoMinsa":2030,"direccion":"OTROS CASERIO MACACARA DISTRITO LA HUACA PROVINCIA PAITA DEPARTAMENTO PIURA","disa":"PIURA","red":"SULLANA","microrred":"PAITA","categoria":"ESTABLECIMIENTO DE SALUD SIN INTERNAMIENTO","condicion":"ACTIVO","actualizado":"2023/08/01 19:00:00.000","fuente":"MINSA","urlRenipr":"http://app20.susalud.gob.pe:8080/registro-renipress-webapp/ipress.htm?action=mostrarVer&idipress=00002030"}},{"type":"Feature","geometry":{"type":"Point","coordinates":[-80.74915629999998,-4.907116199999962]},"properties":{"objectid":26728,"nombre":"CENTRO MEDICO D VIDA","departamento":"PIURA","provincia":"SULLANA","distrito":"MIGUEL CHECA","institucion":"PRIVADO","codigoMinsa":29582,"direccion":"AVENIDA BOLIVAR NÚMERO 325 DISTRITO MIGUEL CHECA PROVINCIA SULLANA DEPARTAMENTO PIURA","disa":"PIURA","red":"","microrred":"","categoria":"ESTABLECIMIENTO DE SALUD SIN INTERNAMIENTO","condicion":"ACTIVO","actualizado":"2023/08/01 19:00:00.000","fuente":"MINSA","urlRenipr":"http://app20.susalud.gob.pe:8080/registro-renipress-webapp/ipress.htm?action=mostrarVer&idipress=00029582"}},{"type":"Feature","geometry":{"type":"Point","coordinates":[-81.09621719999996,-5.0938487999999325]},"properties":{"objectid":26744,"nombre":"LABORATORIO DE ANALISIS CLINICOS \"MASI-LAB\"","departamento":"PIURA","provincia":"PAITA","distrito":"PAITA","institucion":"PRIVADO","codigoMinsa":30688,"direccion":"AVENIDA JOSE CARLOS MARIATEGUI MANZANA E1 LOTE 16 URBANIZACIÓN CIUDAD ROJA DEL PESCADOR DISTRITO PAITA PROVINCIA PAITA DEPARTAMENTO PIURA","disa":"PIURA","red":"","microrred":"","categoria":"SERVICIO MÉDICO DE APOYO","condicion":"ACTIVO","actualizado":"2023/08/01 19:00:00.000","fuente":"MINSA","urlRenipr":"http://app20.susalud.gob.pe:8080/registro-renipress-webapp/ipress.htm?action=mostrarVer&idipress=00030688"}},{"type":"Feature","geometry":{"type":"Point","coordinates":[-80.65488819999996,-5.1782883999999285]},"properties":{"objectid":26774,"nombre":"PREVENTU SALUD","departamento":"PIURA","provincia":"PIURA","distrito":"VEINTISEIS DE OCTUBRE","institucion":"PRIVADO","codigoMinsa":24990,"direccion":"AVENIDA JUAN BOSCO (EX CIRCUNVALACION) ASENTAMIENTO HUMANO FATIMA MANZANA B LOTE 03 DISTRITO VEINTISEIS DE OCTUBRE PROVINCIA PIURA DEPARTAMENTO PIURA","disa":"PIURA","red":"NO PERTENECE A NINGUNA RED","microrred":"NO PERTENECE A NINGUNA MICRORED","categoria":"ESTABLECIMIENTO DE SALUD SIN INTERNAMIENTO","condicion":"ACTIVO","actualizado":"2023/08/01 19:00:00.000","fuente":"MINSA","urlRenipr":"http://app20.susalud.gob.pe:8080/registro-renipress-webapp/ipress.htm?action=mostrarVer&idipress=00024990"}},{"type":"Feature","geometry":{"type":"Point","coordinates":[-80.61274832999999,-5.376693329999966]},"properties":{"objectid":26775,"nombre":"P.S ALMIRANTE GRAU EX CHATO CHICO","departamento":"PIURA","provincia":"PIURA","distrito":"CURA MORI","institucion":"GOBIERNO REGIONAL","codigoMinsa":2138,"direccion":"AVENIDA AV. 23 DE FEBRERO PANAMERICANA SUR KM 797 CURA MORI DISTRITO CURA MORI PROVINCIA PIURA DEPARTAMENTO PIURA","disa":"PIURA","red":"BAJO PIURA","microrred":"CATACAOS","categoria":"ESTABLECIMIENTO DE SALUD SIN INTERNAMIENTO","condicion":"ACTIVO","actualizado":"2023/08/01 19:00:00.000","fuente":"MINSA","urlRenipr":"http://app20.susalud.gob.pe:8080/registro-renipress-webapp/ipress.htm?action=mostrarVer&idipress=00002138"}},{"type":"Feature","geometry":{"type":"Point","coordinates":[-80.60133499999995,-5.482109999999977]},"properties":{"objectid":26776,"nombre":"E.S. MALA VIDA","departamento":"PIURA","provincia":"SECHURA","distrito":"CRISTO NOS VALGA","institucion":"GOBIERNO REGIONAL","codigoMinsa":2123,"direccion":"OTROS CENTRO POBLADO MALA VIDA CENTRO POBLADO MALA VIDA CRISTO NOS VALGA SECHURA PIURA","disa":"PIURA","red":"BAJO PIURA","microrred":"CATACAOS","categoria":"ESTABLECIMIENTO DE SALUD SIN INTERNAMIENTO","condicion":"ACTIVO","actualizado":"2023/08/01 19:00:00.000","fuente":"MINSA","urlRenipr":"http://app20.susalud.gob.pe:8080/registro-renipress-webapp/ipress.htm?action=mostrarVer&idipress=00002123"}},{"type":"Feature","geometry":{"type":"Point","coordinates":[-79.72063929999996,-5.312614959999962]},"properties":{"objectid":26777,"nombre":"P.S LA QUEMAZON","departamento":"PIURA","provincia":"MORROPON","distrito":"SAN JUAN DE BIGOTE","institucion":"GOBIERNO REGIONAL","codigoMinsa":2229,"direccion":"CALLE CALLE GRAU N° 260 CALLE GRAU N° 260 SAN JUAN DE BIGOTE MORROPON PIURA","disa":"PIURA","red":"MORROPON CHULUCANAS","microrred":"SALITRAL","categoria":"ESTABLECIMIENTO DE SALUD SIN INTERNAMIENTO","condicion":"ACTIVO","actualizado":"2023/08/01 19:00:00.000","fuente":"MINSA","urlRenipr":"http://app20.susalud.gob.pe:8080/registro-renipress-webapp/ipress.htm?action=mostrarVer&idipress=00002229"}},{"type":"Feature","geometry":{"type":"Point","coordinates":[-79.59772916999998,-5.425509009999928]},"properties":{"objectid":26778,"nombre":"P.S. HUAYABO","departamento":"PIURA","provincia":"HUANCABAMBA","distrito":"SAN MIGUEL DE EL FAIQUE","institucion":"GOBIERNO REGIONAL","codigoMinsa":2248,"direccion":"OTROS MZ. B LOTE Nº 16 CASERIO HUAYABO MZ. B LOTE Nº 16 CASERIO HUAYABO SAN MIGUEL DE EL FAIQUE HUANCABAMBA PIURA","disa":"PIURA","red":"MORROPON CHULUCANAS","microrred":"CANCHAQUE","categoria":"ESTABLECIMIENTO DE SALUD SIN INTERNAMIENTO","condicion":"ACTIVO","actualizado":"2023/08/01 19:00:00.000","fuente":"MINSA","urlRenipr":"http://app20.susalud.gob.pe:8080/registro-renipress-webapp/ipress.htm?action=mostrarVer&idipress=00002248"}},{"type":"Feature","geometry":{"type":"Point","coordinates":[-79.43438553999994,-5.56694903999994]},"properties":{"objectid":26780,"nombre":"P.S RODEOPAMPA","departamento":"PIURA","provincia":"HUANCABAMBA","distrito":"HUARMACA","institucion":"GOBIERNO REGIONAL","codigoMinsa":2276,"direccion":"OTROS CENTRO POBLADO RODEOPAMPA S/N S/N CENTRO POBLADO RODEOPAMPA S/N HUARMACA HUANCABAMBA PIURA","disa":"PIURA","red":"HUARMACA","microrred":"HUARMACA","categoria":"ESTABLECIMIENTO DE SALUD SIN INTERNAMIENTO","condicion":"ACTIVO","actualizado":"2023/08/01 19:00:00.000","fuente":"MINSA","urlRenipr":"http://app20.susalud.gob.pe:8080/registro-renipress-webapp/ipress.htm?action=mostrarVer&idipress=00002276"}},{"type":"Feature","geometry":{"type":"Point","coordinates":[-79.85555790999996,-5.342282399999931]},"properties":{"objectid":26781,"nombre":"P.S MALACASI","departamento":"PIURA","provincia":"MORROPON","distrito":"SALITRAL","institucion":"GOBIERNO REGIONAL","codigoMinsa":2227,"direccion":"AVENIDA AV. JUAN CUGLIVAN N° 621 AV. JUAN CUGLIVAN N° 621 SALITRAL MORROPON PIURA","disa":"PIURA","red":"MORROPON CHULUCANAS","microrred":"SALITRAL","categoria":"ESTABLECIMIENTO DE SALUD SIN INTERNAMIENTO","condicion":"ACTIVO","actualizado":"2023/08/01 19:00:00.000","fuente":"MINSA","urlRenipr":"http://app20.susalud.gob.pe:8080/registro-renipress-webapp/ipress.htm?action=mostrarVer&idipress=00002227"}},{"type":"Feature","geometry":{"type":"Point","coordinates":[-80.05831332999998,-5.232636669999977]},"properties":{"objectid":26782,"nombre":"P.S. LAYNAS","departamento":"PIURA","provincia":"MORROPON","distrito":"LA MATANZA","institucion":"GOBIERNO REGIONAL","codigoMinsa":2179,"direccion":"OTROS CENTRO POBLADO LAYNAS CENTRO POBLADO LAYNAS LA MATANZA MORROPON PIURA","disa":"PIURA","red":"MORROPON CHULUCANAS","microrred":"CHULUCANAS","categoria":"ESTABLECIMIENTO DE SALUD SIN INTERNAMIENTO","condicion":"ACTIVO","actualizado":"2023/08/01 19:00:00.000","fuente":"MINSA","urlRenipr":"http://app20.susalud.gob.pe:8080/registro-renipress-webapp/ipress.htm?action=mostrarVer&idipress=00002179"}},{"type":"Feature","geometry":{"type":"Point","coordinates":[-80.07062666999997,-4.900256669999976]},"properties":{"objectid":26783,"nombre":"LAS CUEVAS","departamento":"PIURA","provincia":"AYABACA","distrito":"FRIAS","institucion":"GOBIERNO REGIONAL","codigoMinsa":2177,"direccion":"OTROS CENTRO POBLADO LAS CUEVAS CENTRO POBLADO LAS CUEVAS FRIAS AYABACA PIURA","disa":"PIURA","red":"MORROPON CHULUCANAS","microrred":"CHULUCANAS","categoria":"ESTABLECIMIENTO DE SALUD SIN INTERNAMIENTO","condicion":"ACTIVO","actualizado":"2023/08/01 19:00:00.000","fuente":"MINSA","urlRenipr":"http://app20.susalud.gob.pe:8080/registro-renipress-webapp/ipress.htm?action=mostrarVer&idipress=00002177"}},{"type":"Feature","geometry":{"type":"Point","coordinates":[-80.69644297999997,-5.043810229999963]},"properties":{"objectid":26786,"nombre":"E.S LAS VEGAS DE CIENEGUILLO","departamento":"PIURA","provincia":"PIURA","distrito":"PIURA","institucion":"GOBIERNO REGIONAL","codigoMinsa":2096,"direccion":"OTROS CENTRO POBLADO CASERÍO LAS VEGAS SECTOR CIENEGUILLO SUR S/N LT. 02 MZ. H PIURA PIURA PIURA","disa":"PIURA","red":"PIURA CASTILLA","microrred":"PIURA","categoria":"ESTABLECIMIENTO DE SALUD SIN INTERNAMIENTO","condicion":"ACTIVO","actualizado":"2023/08/01 19:00:00.000","fuente":"MINSA","urlRenipr":"http://app20.susalud.gob.pe:8080/registro-renipress-webapp/ipress.htm?action=mostrarVer&idipress=00002096"}},{"type":"Feature","geometry":{"type":"Point","coordinates":[-79.61223499999994,-5.614939999999933]},"properties":{"objectid":26787,"nombre":"P.S LA LOMA","departamento":"PIURA","provincia":"HUANCABAMBA","distrito":"HUARMACA","institucion":"GOBIERNO REGIONAL","codigoMinsa":2275,"direccion":"OTROS CENTRO POBLADO LA LOMA S/N S/N CENTRO POBLADO LA LOMA S/N HUARMACA HUANCABAMBA PIURA","disa":"PIURA","red":"HUARMACA","microrred":"HUARMACA","categoria":"ESTABLECIMIENTO DE SALUD SIN INTERNAMIENTO","condicion":"ACTIVO","actualizado":"2023/08/01 19:00:00.000","fuente":"MINSA","urlRenipr":"http://app20.susalud.gob.pe:8080/registro-renipress-webapp/ipress.htm?action=mostrarVer&idipress=00002275"}},{"type":"Feature","geometry":{"type":"Point","coordinates":[-80.65296899999998,-5.1957093999999415]},"properties":{"objectid":26898,"nombre":"PREVENIR CENTRO MEDICO Y ODONTOLOGICO S.R.L.","departamento":"PIURA","provincia":"PIURA","distrito":"PIURA","institucion":"PRIVADO","codigoMinsa":30597,"direccion":"AVENIDA SULLANA NÚMERO 686 DISTRITO PIURA PROVINCIA PIURA DEPARTAMENTO PIURA","disa":"PIURA","red":"","microrred":"","categoria":"ESTABLECIMIENTO DE SALUD SIN INTERNAMIENTO","condicion":"ACTIVO","actualizado":"2023/08/01 19:00:00.000","fuente":"MINSA","urlRenipr":"http://app20.susalud.gob.pe:8080/registro-renipress-webapp/ipress.htm?action=mostrarVer&idipress=00030597"}},{"type":"Feature","geometry":{"type":"Point","coordinates":[-80.68643229999998,-4.903637999999944]},"properties":{"objectid":26901,"nombre":"CLINICA VIRGEN DEL PILAR SCRL","departamento":"PIURA","provincia":"SULLANA","distrito":"SULLANA","institucion":"PRIVADO","codigoMinsa":10777,"direccion":"CALLE CALLE BOLIVAR 285 DISTRITO SULLANA PROVINCIA SULLANA DEPARTAMENTO PIURA","disa":"PIURA","red":"","microrred":"NO PERTENECE A NINGUNA MICRORED","categoria":"ESTABLECIMIENTO DE SALUD CON INTERNAMIENTO","condicion":"ACTIVO","actualizado":"2023/08/01 19:00:00.000","fuente":"MINSA","urlRenipr":"http://app20.susalud.gob.pe:8080/registro-renipress-webapp/ipress.htm?action=mostrarVer&idipress=00010777"}},{"type":"Feature","geometry":{"type":"Point","coordinates":[-80.63955449999997,-5.192591499999935]},"properties":{"objectid":26919,"nombre":"SERVICIO OPTICO SOCIAL","departamento":"PIURA","provincia":"PIURA","distrito":"PIURA","institucion":"PRIVADO","codigoMinsa":26424,"direccion":"AVENIDA GRAU N?ERO 1460 DEPARTAMENTO 49 INTERIOR 01 DISTRITO PIURA PROVINCIA PIURA DEPARTAMENTO PIURA","disa":"PIURA","red":"NO PERTENECE A NINGUNA RED","microrred":"NO PERTENECE A NINGUNA MICRORED","categoria":"SERVICIO MÉDICO DE APOYO","condicion":"ACTIVO","actualizado":"2023/08/01 19:00:00.000","fuente":"MINSA","urlRenipr":"http://app20.susalud.gob.pe:8080/registro-renipress-webapp/ipress.htm?action=mostrarVer&idipress=00026424"}},{"type":"Feature","geometry":{"type":"Point","coordinates":[-80.65488819999996,-5.1782883999999285]},"properties":{"objectid":26922,"nombre":"CENTRO MEDICO ASISTENCIAL SAN ANDRES S.A.C.","departamento":"PIURA","provincia":"PIURA","distrito":"PIURA","institucion":"PRIVADO","codigoMinsa":27634,"direccion":"URBANIZACIÓN ANGAMOS INTERIOR 101 MANZANA L LOTE 08 DISTRITO PIURA PROVINCIA PIURA DEPARTAMENTO PIURA","disa":"PIURA","red":"NO PERTENECE A NINGUNA RED","microrred":"NO PERTENECE A NINGUNA MICRORED","categoria":"ESTABLECIMIENTO DE SALUD SIN INTERNAMIENTO","condicion":"ACTIVO","actualizado":"2023/08/01 19:00:00.000","fuente":"MINSA","urlRenipr":"http://app20.susalud.gob.pe:8080/registro-renipress-webapp/ipress.htm?action=mostrarVer&idipress=00027634"}},{"type":"Feature","geometry":{"type":"Point","coordinates":[-80.65488819999996,-5.1782883999999285]},"properties":{"objectid":26945,"nombre":"COF- PIURA SRL","departamento":"PIURA","provincia":"PIURA","distrito":"CASTILLA","institucion":"PRIVADO","codigoMinsa":29712,"direccion":"CALLE LAS ACACIAS NÚMERO 224 PISO 1 URBANIZACIÓN MIRAFLORES DISTRITO CASTILLA PROVINCIA PIURA DEPARTAMENTO PIURA","disa":"PIURA","red":"","microrred":"","categoria":"ESTABLECIMIENTO DE SALUD SIN INTERNAMIENTO","condicion":"ACTIVO","actualizado":"2023/08/01 19:00:00.000","fuente":"MINSA","urlRenipr":"http://app20.susalud.gob.pe:8080/registro-renipress-webapp/ipress.htm?action=mostrarVer&idipress=00029712"}},{"type":"Feature","geometry":{"type":"Point","coordinates":[-80.69425749999994,-4.896030699999926]},"properties":{"objectid":26946,"nombre":"D & L LAB","departamento":"PIURA","provincia":"SULLANA","distrito":"SULLANA","institucion":"PRIVADO","codigoMinsa":26401,"direccion":"AVENIDA SANTA ROSA N?ERO 319 PISO 2 DISTRITO SULLANA PROVINCIA SULLANA DEPARTAMENTO PIURA","disa":"PIURA","red":"NO PERTENECE A NINGUNA RED","microrred":"NO PERTENECE A NINGUNA MICRORED","categoria":"SERVICIO MÉDICO DE APOYO","condicion":"ACTIVO","actualizado":"2023/08/01 19:00:00.000","fuente":"MINSA","urlRenipr":"http://app20.susalud.gob.pe:8080/registro-renipress-webapp/ipress.htm?action=mostrarVer&idipress=00026401"}},{"type":"Feature","geometry":{"type":"Point","coordinates":[-80.59875489999996,-5.18632649999995]},"properties":{"objectid":26972,"nombre":"EVOLUTION DENTAL CENTER S.A.C.","departamento":"PIURA","provincia":"PIURA","distrito":"CASTILLA","institucion":"PRIVADO","codigoMinsa":31198,"direccion":"URBANIZACIÓN MIRAFLORES MANZANA Ñ LOTE 12 URBANIZACIÓN MIRAFLORES DISTRITO CASTILLA PROVINCIA PIURA DEPARTAMENTO PIURA","disa":"PIURA","red":"","microrred":"","categoria":"ESTABLECIMIENTO DE SALUD SIN INTERNAMIENTO","condicion":"ACTIVO","actualizado":"2023/08/01 19:00:00.000","fuente":"MINSA","urlRenipr":"http://app20.susalud.gob.pe:8080/registro-renipress-webapp/ipress.htm?action=mostrarVer&idipress=00031198"}},{"type":"Feature","geometry":{"type":"Point","coordinates":[-80.65488819999996,-5.1782883999999285]},"properties":{"objectid":26993,"nombre":"CAPILARA","departamento":"PIURA","provincia":"PIURA","distrito":"PIURA","institucion":"PRIVADO","codigoMinsa":27849,"direccion":"CALLE 1 MANZANA B LOTE 8 URBANIZACIÓN EL CHIPE SECTORLA LAGUNA DISTRITO PIURA PROVINCIA PIURA DEPARTAMENTO PIURA","disa":"","red":"","microrred":"","categoria":"ESTABLECIMIENTO DE SALUD SIN INTERNAMIENTO","condicion":"RUC INACTIVO EN SUNAT","actualizado":"2023/08/01 19:00:00.000","fuente":"MINSA","urlRenipr":"http://app20.susalud.gob.pe:8080/registro-renipress-webapp/ipress.htm?action=mostrarVer&idipress=00027849"}},{"type":"Feature","geometry":{"type":"Point","coordinates":[-80.65488819999996,-5.1782883999999285]},"properties":{"objectid":27001,"nombre":"TUESTA DENT","departamento":"PIURA","provincia":"PIURA","distrito":"VEINTISEIS DE OCTUBRE","institucion":"PRIVADO","codigoMinsa":28779,"direccion":"URBANIZACIÓN .ENACE 2 ETAPA MANZANA k LOTE 33 URBANIZACIÓN ENACE 2 ETAPA DISTRITO VEINTISEIS DE OCTUBRE PROVINCIA PIURA DEPARTAMENTO PIURA","disa":"PIURA","red":"NO PERTENECE A NINGUNA RED","microrred":"NO PERTENECE A NINGUNA MICRORED","categoria":"ESTABLECIMIENTO DE SALUD SIN INTERNAMIENTO","condicion":"ACTIVO","actualizado":"2023/08/01 19:00:00.000","fuente":"MINSA","urlRenipr":"http://app20.susalud.gob.pe:8080/registro-renipress-webapp/ipress.htm?action=mostrarVer&idipress=00028779"}},{"type":"Feature","geometry":{"type":"Point","coordinates":[-80.62982979999998,-5.186683099999925]},"properties":{"objectid":27003,"nombre":"MEDICAL WORD PIURA S.A.C.","departamento":"PIURA","provincia":"PIURA","distrito":"PIURA","institucion":"PRIVADO","codigoMinsa":28516,"direccion":"AVENIDA LUIS EGUIGUREN EX MALAGA NÚMERO 804 URBANIZACIÓN LA TINA DISTRITO PIURA PROVINCIA PIURA DEPARTAMENTO PIURA","disa":"","red":"","microrred":"","categoria":"ESTABLECIMIENTO DE SALUD SIN INTERNAMIENTO","condicion":"RUC INACTIVO EN SUNAT","actualizado":"2023/08/01 19:00:00.000","fuente":"MINSA","urlRenipr":"http://app20.susalud.gob.pe:8080/registro-renipress-webapp/ipress.htm?action=mostrarVer&idipress=00028516"}},{"type":"Feature","geometry":{"type":"Point","coordinates":[-80.68487049999999,-4.888766199999964]},"properties":{"objectid":27069,"nombre":"POSTA MEDICA POLICIAL SULLANA","departamento":"PIURA","provincia":"SULLANA","distrito":"SULLANA","institucion":"SANIDAD DE LA POLICIA NACIONAL DEL PERU","codigoMinsa":10688,"direccion":"CALLE CALLE UGARTECHE 416 DISTRITO SULLANA PROVINCIA SULLANA DEPARTAMENTO PIURA","disa":"PIURA","red":"NO PERTENECE A NINGUNA RED","microrred":"NO PERTENECE A NINGUNA MICRORED","categoria":"ESTABLECIMIENTO DE SALUD SIN INTERNAMIENTO","condicion":"ACTIVO","actualizado":"2023/08/01 19:00:00.000","fuente":"MINSA","urlRenipr":"http://app20.susalud.gob.pe:8080/registro-renipress-webapp/ipress.htm?action=mostrarVer&idipress=00010688"}},{"type":"Feature","geometry":{"type":"Point","coordinates":[-80.62175599999995,-5.200344599999937]},"properties":{"objectid":27111,"nombre":"NUEVO CENTRO OPTICO VILLANUEVA E.I.R.L.","departamento":"PIURA","provincia":"PIURA","distrito":"PIURA","institucion":"PRIVADO","codigoMinsa":30654,"direccion":"CALLE CUZCO NÚMERO 514 DISTRITO PIURA PROVINCIA PIURA DEPARTAMENTO PIURA","disa":"PIURA","red":"","microrred":"","categoria":"SERVICIO MÉDICO DE APOYO","condicion":"ACTIVO","actualizado":"2023/08/01 19:00:00.000","fuente":"MINSA","urlRenipr":"http://app20.susalud.gob.pe:8080/registro-renipress-webapp/ipress.htm?action=mostrarVer&idipress=00030654"}},{"type":"Feature","geometry":{"type":"Point","coordinates":[-80.65296899999998,-5.1957093999999415]},"properties":{"objectid":27130,"nombre":"CONSULTORIOS MUCHIK S.A.C.","departamento":"PIURA","provincia":"PIURA","distrito":"PIURA","institucion":"PRIVADO","codigoMinsa":30569,"direccion":"JIRÓN TOMAS CORTEZ NÚMERO 511 MANZANA B LOTE 02 URBANIZACIÓN RESIDENCIAL CORDIVIOLA DISTRITO PIURA PROVINCIA PIURA DEPARTAMENTO PIURA","disa":"PIURA","red":"","microrred":"","categoria":"ESTABLECIMIENTO DE SALUD SIN INTERNAMIENTO","condicion":"ACTIVO","actualizado":"2023/08/01 19:00:00.000","fuente":"MINSA","urlRenipr":"http://app20.susalud.gob.pe:8080/registro-renipress-webapp/ipress.htm?action=mostrarVer&idipress=00030569"}},{"type":"Feature","geometry":{"type":"Point","coordinates":[-81.11484245999998,-5.084770589999948]},"properties":{"objectid":27131,"nombre":"CENTRO MEDICO CASTELLI","departamento":"PIURA","provincia":"PAITA","distrito":"PAITA","institucion":"PRIVADO","codigoMinsa":25565,"direccion":"JIRÓN BOLIVAR 128 NÚMERO 128 DISTRITO PAITA PROVINCIA PAITA DEPARTAMENTO PIURA","disa":"PIURA","red":"NO PERTENECE A NINGUNA RED","microrred":"NO PERTENECE A NINGUNA MICRORED","categoria":"ESTABLECIMIENTO DE SALUD SIN INTERNAMIENTO","condicion":"ACTIVO","actualizado":"2023/08/01 19:00:00.000","fuente":"MINSA","urlRenipr":"http://app20.susalud.gob.pe:8080/registro-renipress-webapp/ipress.htm?action=mostrarVer&idipress=00025565"}},{"type":"Feature","geometry":{"type":"Point","coordinates":[-80.62175599999995,-5.200344599999937]},"properties":{"objectid":27134,"nombre":"GESTAFEM-CENTRO DE ATENCION INTEGRAL A LA MUJER E.I.R.L.","departamento":"PIURA","provincia":"PIURA","distrito":"PIURA","institucion":"PRIVADO","codigoMinsa":30768,"direccion":"JIRÓN HUANCAVELICA NÚMERO 1400 DISTRITO PIURA PROVINCIA PIURA DEPARTAMENTO PIURA","disa":"PIURA","red":"","microrred":"","categoria":"ESTABLECIMIENTO DE SALUD SIN INTERNAMIENTO","condicion":"ACTIVO","actualizado":"2023/08/01 19:00:00.000","fuente":"MINSA","urlRenipr":"http://app20.susalud.gob.pe:8080/registro-renipress-webapp/ipress.htm?action=mostrarVer&idipress=00030768"}},{"type":"Feature","geometry":{"type":"Point","coordinates":[-81.30534946999995,-4.660255819999975]},"properties":{"objectid":27186,"nombre":"SANNA CENTRO CLINICO NEGRITOS","departamento":"PIURA","provincia":"TALARA","distrito":"LA BREA","institucion":"PRIVADO","codigoMinsa":13489,"direccion":"AV. LEONCIO PRADO N° 200","disa":"PIURA","red":"NO PERTENECE A NINGUNA RED","microrred":"NO PERTENECE A NINGUNA MICRORED","categoria":"ESTABLECIMIENTO DE SALUD SIN INTERNAMIENTO","condicion":"ACTIVO","actualizado":"2023/08/01 19:00:00.000","fuente":"MINSA","urlRenipr":"http://app20.susalud.gob.pe:8080/registro-renipress-webapp/ipress.htm?action=mostrarVer&idipress=00013489"}},{"type":"Feature","geometry":{"type":"Point","coordinates":[-80.65488819999996,-5.1782883999999285]},"properties":{"objectid":27196,"nombre":"HOME SAFETY S.A.C.","departamento":"PIURA","provincia":"PIURA","distrito":"PIURA","institucion":"PRIVADO","codigoMinsa":29138,"direccion":"JIRÓN SANTA MARIA NÚMERO 267 MANZANA G LOTE 04 URBANIZACIÓN SANTA ISABEL DISTRITO PIURA PROVINCIA PIURA DEPARTAMENTO PIURA","disa":"PIURA","red":"NO PERTENECE A NINGUNA RED","microrred":"NO PERTENECE A NINGUNA MICRORED","categoria":"ESTABLECIMIENTO DE SALUD SIN INTERNAMIENTO","condicion":"ACTIVO","actualizado":"2023/08/01 19:00:00.000","fuente":"MINSA","urlRenipr":"http://app20.susalud.gob.pe:8080/registro-renipress-webapp/ipress.htm?action=mostrarVer&idipress=00029138"}},{"type":"Feature","geometry":{"type":"Point","coordinates":[-80.65488819999996,-5.1782883999999285]},"properties":{"objectid":27243,"nombre":"MEDGASTRO E.I.R.L.","departamento":"PIURA","provincia":"PIURA","distrito":"PIURA","institucion":"PRIVADO","codigoMinsa":23549,"direccion":"AVENIDA SAN RAMON NÚMERO 301 PISO 3 DEPARTAMENTO 311 URBANIZACIÓN SANTA ISABEL DISTRITO PIURA PROVINCIA PIURA DEPARTAMENTO PIURA","disa":"PIURA","red":"NO PERTENECE A NINGUNA RED","microrred":"NO PERTENECE A NINGUNA MICRORED","categoria":"ESTABLECIMIENTO DE SALUD SIN INTERNAMIENTO","condicion":"ACTIVO","actualizado":"2023/08/01 19:00:00.000","fuente":"MINSA","urlRenipr":"http://app20.susalud.gob.pe:8080/registro-renipress-webapp/ipress.htm?action=mostrarVer&idipress=00023549"}},{"type":"Feature","geometry":{"type":"Point","coordinates":[-81.09621719999996,-5.0938487999999325]},"properties":{"objectid":27311,"nombre":"CONSULTORIO MEDICO OBSTETRICO Y APOYO AL DIAGNOSTICO CORAZÓN DE MARÍA","departamento":"PIURA","provincia":"PAITA","distrito":"PAITA","institucion":"PRIVADO","codigoMinsa":13491,"direccion":"OTROS MK2_LOTE16 / CIUDAD ROJA DEL PESCADOR DISTRITO PAITA PROVINCIA PAITA DEPARTAMENTO PIURA","disa":"PIURA","red":"","microrred":"NO PERTENECE A NINGUNA MICRORED","categoria":"ESTABLECIMIENTO DE SALUD SIN INTERNAMIENTO","condicion":"ACTIVO","actualizado":"2023/08/01 19:00:00.000","fuente":"MINSA","urlRenipr":"http://app20.susalud.gob.pe:8080/registro-renipress-webapp/ipress.htm?action=mostrarVer&idipress=00013491"}},{"type":"Feature","geometry":{"type":"Point","coordinates":[-80.63124799999997,-5.186497999999972]},"properties":{"objectid":27363,"nombre":"MEDITRAN PERU EIRL","departamento":"PIURA","provincia":"PIURA","distrito":"PIURA","institucion":"PRIVADO","codigoMinsa":24833,"direccion":"AVENIDA LUIS ANTONIO EGUIGUREN EX MALAGA 336 N?ERO 1027 PISO 2 DISTRITO PIURA PROVINCIA PIURA DEPARTAMENTO PIURA","disa":"PIURA","red":"NO PERTENECE A NINGUNA RED","microrred":"NO PERTENECE A NINGUNA MICRORED","categoria":"ESTABLECIMIENTO DE SALUD SIN INTERNAMIENTO","condicion":"ACTIVO","actualizado":"2023/08/01 19:00:00.000","fuente":"MINSA","urlRenipr":"http://app20.susalud.gob.pe:8080/registro-renipress-webapp/ipress.htm?action=mostrarVer&idipress=00024833"}},{"type":"Feature","geometry":{"type":"Point","coordinates":[-80.68929519999995,-4.89231639999997]},"properties":{"objectid":27401,"nombre":"LABORATORIO YARASCA EIRL","departamento":"PIURA","provincia":"SULLANA","distrito":"SULLANA","institucion":"PRIVADO","codigoMinsa":23053,"direccion":"CALLE SAN MARTIN NÚMERO 964 DISTRITO SULLANA PROVINCIA SULLANA DEPARTAMENTO PIURA","disa":"PIURA","red":"","microrred":"","categoria":"SERVICIO MÉDICO DE APOYO","condicion":"ACTIVO","actualizado":"2023/08/01 19:00:00.000","fuente":"MINSA","urlRenipr":"http://app20.susalud.gob.pe:8080/registro-renipress-webapp/ipress.htm?action=mostrarVer&idipress=00023053"}},{"type":"Feature","geometry":{"type":"Point","coordinates":[-80.64876769999995,-5.189529499999935]},"properties":{"objectid":27419,"nombre":"CENTRO MEDICO DOCTOR LUIS QUITO","departamento":"PIURA","provincia":"PIURA","distrito":"PIURA","institucion":"PRIVADO","codigoMinsa":28743,"direccion":"AVENIDA CESAR VALLEJO NÚMERO 110 DISTRITO PIURA PROVINCIA PIURA DEPARTAMENTO PIURA","disa":"PIURA","red":"NO PERTENECE A NINGUNA RED","microrred":"NO PERTENECE A NINGUNA MICRORED","categoria":"ESTABLECIMIENTO DE SALUD SIN INTERNAMIENTO","condicion":"ACTIVO","actualizado":"2023/08/01 19:00:00.000","fuente":"MINSA","urlRenipr":"http://app20.susalud.gob.pe:8080/registro-renipress-webapp/ipress.htm?action=mostrarVer&idipress=00028743"}},{"type":"Feature","geometry":{"type":"Point","coordinates":[-80.65488819999996,-5.1782883999999285]},"properties":{"objectid":27521,"nombre":"MEDGYN - MEDICINA ESTETICA & GINECOLOGIA","departamento":"PIURA","provincia":"PIURA","distrito":"PIURA","institucion":"PRIVADO","codigoMinsa":26451,"direccion":"CALLE DEL PARQUE N?ERO 288 URBANIZACI? SANTA ISABEL DISTRITO PIURA PROVINCIA PIURA DEPARTAMENTO PIURA","disa":"PIURA","red":"NO PERTENECE A NINGUNA RED","microrred":"NO PERTENECE A NINGUNA MICRORED","categoria":"ESTABLECIMIENTO DE SALUD SIN INTERNAMIENTO","condicion":"ACTIVO","actualizado":"2023/08/01 19:00:00.000","fuente":"MINSA","urlRenipr":"http://app20.susalud.gob.pe:8080/registro-renipress-webapp/ipress.htm?action=mostrarVer&idipress=00026451"}},{"type":"Feature","geometry":{"type":"Point","coordinates":[-80.62175599999995,-5.200344599999937]},"properties":{"objectid":27552,"nombre":"EL CONDUCTOR RESPONSABLE S.A.C.","departamento":"PIURA","provincia":"PIURA","distrito":"PIURA","institucion":"PRIVADO","codigoMinsa":21168,"direccion":"AVENIDA AV. LUIS ANTONIO EGUIGUREN Nº 878 ( EX MALAGA) DISTRITO PIURA PROVINCIA PIURA DEPARTAMENTO PIURA","disa":"PIURA","red":"NO PERTENECE A NINGUNA RED","microrred":"NO PERTENECE A NINGUNA MICRORED","categoria":"ESTABLECIMIENTO DE SALUD SIN INTERNAMIENTO","condicion":"ACTIVO","actualizado":"2023/08/01 19:00:00.000","fuente":"MINSA","urlRenipr":"http://app20.susalud.gob.pe:8080/registro-renipress-webapp/ipress.htm?action=mostrarVer&idipress=00021168"}},{"type":"Feature","geometry":{"type":"Point","coordinates":[-81.26289609999998,-4.581151999999975]},"properties":{"objectid":27600,"nombre":"OPTICA MB LEN´S TALARA","departamento":"PIURA","provincia":"TALARA","distrito":"PARIÑAS","institucion":"PRIVADO","codigoMinsa":30953,"direccion":"AVENIDA MARISCAL CACERES NÚMERO E15 DISTRITO PARIÑAS PROVINCIA TALARA DEPARTAMENTO PIURA","disa":"PIURA","red":"","microrred":"","categoria":"SERVICIO MÉDICO DE APOYO","condicion":"ACTIVO","actualizado":"2023/08/01 19:00:00.000","fuente":"MINSA","urlRenipr":"http://app20.susalud.gob.pe:8080/registro-renipress-webapp/ipress.htm?action=mostrarVer&idipress=00030953"}},{"type":"Feature","geometry":{"type":"Point","coordinates":[-80.69780699999995,-4.900597999999945]},"properties":{"objectid":27709,"nombre":"CLÍNICA SANTA ROSA","departamento":"PIURA","provincia":"SULLANA","distrito":"SULLANA","institucion":"PRIVADO","codigoMinsa":12262,"direccion":"AVENIDA AVENIDA PANAMERICANA Nº 332 URBANIZACIÓN SANTA ROSA AVENIDA PANAMERICANA Nº 332 URBANIZACIÓN SANTA ROSA SULLANA SULLANA PIURA","disa":"PIURA","red":"NO PERTENECE A NINGUNA RED","microrred":"NO PERTENECE A NINGUNA MICRORED","categoria":"ESTABLECIMIENTO DE SALUD CON INTERNAMIENTO","condicion":"ACTIVO","actualizado":"2023/08/01 19:00:00.000","fuente":"MINSA","urlRenipr":"http://app20.susalud.gob.pe:8080/registro-renipress-webapp/ipress.htm?action=mostrarVer&idipress=00012262"}},{"type":"Feature","geometry":{"type":"Point","coordinates":[-80.65488819999996,-5.1782883999999285]},"properties":{"objectid":27878,"nombre":"CONSULTORIO MEDICO DRA. SILVIA GARCIA","departamento":"PIURA","provincia":"PIURA","distrito":"PIURA","institucion":"PRIVADO","codigoMinsa":13593,"direccion":"AVENIDA ESQUINA AVENIDA GRAU/BELAUNDA 2113-C2 INTERIOR 23 DISTRITO PIURA PROVINCIA PIURA DEPARTAMENTO PIURA","disa":"PIURA","red":"NO PERTENECE A NINGUNA RED","microrred":"NO PERTENECE A NINGUNA MICRORED","categoria":"ESTABLECIMIENTO DE SALUD SIN INTERNAMIENTO","condicion":"ACTIVO","actualizado":"2023/08/01 19:00:00.000","fuente":"MINSA","urlRenipr":"http://app20.susalud.gob.pe:8080/registro-renipress-webapp/ipress.htm?action=mostrarVer&idipress=00013593"}},{"type":"Feature","geometry":{"type":"Point","coordinates":[-80.65488819999996,-5.1782883999999285]},"properties":{"objectid":27891,"nombre":"CENTRO ESPECIALIZADO EN TRAUMATOLOGIA Y COLUMNA S.A.C.","departamento":"PIURA","provincia":"PIURA","distrito":"CASTILLA","institucion":"PRIVADO","codigoMinsa":26324,"direccion":"AVENIDA INDEPENDENCIA NÚMERO 294 URBANIZACIÓN MIRAFLORES DISTRITO CASTILLA PROVINCIA PIURA DEPARTAMENTO PIURA","disa":"PIURA","red":"NO PERTENECE A NINGUNA RED","microrred":"NO PERTENECE A NINGUNA MICRORED","categoria":"ESTABLECIMIENTO DE SALUD SIN INTERNAMIENTO","condicion":"ACTIVO","actualizado":"2023/08/01 19:00:00.000","fuente":"MINSA","urlRenipr":"http://app20.susalud.gob.pe:8080/registro-renipress-webapp/ipress.htm?action=mostrarVer&idipress=00026324"}},{"type":"Feature","geometry":{"type":"Point","coordinates":[-80.65488819999996,-5.1782883999999285]},"properties":{"objectid":28166,"nombre":"CLINICA DENTAL DIESTHETIC","departamento":"PIURA","provincia":"PIURA","distrito":"PIURA","institucion":"PRIVADO","codigoMinsa":20820,"direccion":"AVENIDA AV. SANCHEZ CERRO Nº 111 DISTRITO PIURA PROVINCIA PIURA DEPARTAMENTO PIURA","disa":"PIURA","red":"NO PERTENECE A NINGUNA RED","microrred":"NO PERTENECE A NINGUNA MICRORED","categoria":"ESTABLECIMIENTO DE SALUD SIN INTERNAMIENTO","condicion":"ACTIVO","actualizado":"2023/08/01 19:00:00.000","fuente":"MINSA","urlRenipr":"http://app20.susalud.gob.pe:8080/registro-renipress-webapp/ipress.htm?action=mostrarVer&idipress=00020820"}},{"type":"Feature","geometry":{"type":"Point","coordinates":[-80.64122703999999,-5.188417179999931]},"properties":{"objectid":28361,"nombre":"IN VITRO GESTAR","departamento":"PIURA","provincia":"PIURA","distrito":"PIURA","institucion":"PRIVADO","codigoMinsa":25116,"direccion":"JIRÓN TAMBOGRANDE MANZANA P LOTE 39 URBANIZACIÓN SANTA ANA DISTRITO PIURA PROVINCIA PIURA DEPARTAMENTO PIURA","disa":"PIURA","red":"NO PERTENECE A NINGUNA RED","microrred":"NO PERTENECE A NINGUNA MICRORED","categoria":"SERVICIO MÉDICO DE APOYO","condicion":"ACTIVO","actualizado":"2023/08/01 19:00:00.000","fuente":"MINSA","urlRenipr":"http://app20.susalud.gob.pe:8080/registro-renipress-webapp/ipress.htm?action=mostrarVer&idipress=00025116"}},{"type":"Feature","geometry":{"type":"Point","coordinates":[-80.65488819999996,-5.1782883999999285]},"properties":{"objectid":28432,"nombre":"BOSTON SERVICIOS MEDICOS","departamento":"PIURA","provincia":"PIURA","distrito":"PIURA","institucion":"PRIVADO","codigoMinsa":27031,"direccion":"AVENIDA RAMON MUJICA N?ERO 108 PISO 6 INTERIOR 606 DISTRITO PIURA PROVINCIA PIURA DEPARTAMENTO PIURA","disa":"PIURA","red":"NO PERTENECE A NINGUNA RED","microrred":"NO PERTENECE A NINGUNA MICRORED","categoria":"ESTABLECIMIENTO DE SALUD SIN INTERNAMIENTO","condicion":"ACTIVO","actualizado":"2023/08/01 19:00:00.000","fuente":"MINSA","urlRenipr":"http://app20.susalud.gob.pe:8080/registro-renipress-webapp/ipress.htm?action=mostrarVer&idipress=00027031"}},{"type":"Feature","geometry":{"type":"Point","coordinates":[-80.68643229999998,-4.903637999999944]},"properties":{"objectid":28434,"nombre":"ODONTOLOGIA","departamento":"PIURA","provincia":"SULLANA","distrito":"SULLANA","institucion":"PRIVADO","codigoMinsa":25107,"direccion":"CALLE DOS NÚMERO 800 PISO 1 DISTRITO SULLANA PROVINCIA SULLANA DEPARTAMENTO PIURA","disa":"PIURA","red":"NO PERTENECE A NINGUNA RED","microrred":"NO PERTENECE A NINGUNA MICRORED","categoria":"ESTABLECIMIENTO DE SALUD SIN INTERNAMIENTO","condicion":"ACTIVO","actualizado":"2023/08/01 19:00:00.000","fuente":"MINSA","urlRenipr":"http://app20.susalud.gob.pe:8080/registro-renipress-webapp/ipress.htm?action=mostrarVer&idipress=00025107"}},{"type":"Feature","geometry":{"type":"Point","coordinates":[-80.62175599999995,-5.200344599999937]},"properties":{"objectid":28548,"nombre":"E & M COSULTORIO DENTAL E.I.R.L.","departamento":"PIURA","provincia":"PIURA","distrito":"PIURA","institucion":"PRIVADO","codigoMinsa":31234,"direccion":"AVENIDA GRAU NÚMERO 1890 URBANIZACIÓN MAGISTERIAL DISTRITO PIURA PROVINCIA PIURA DEPARTAMENTO PIURA","disa":"","red":"","microrred":"","categoria":"ESTABLECIMIENTO DE SALUD SIN INTERNAMIENTO","condicion":"RUC INACTIVO EN SUNAT","actualizado":"2023/08/01 19:00:00.000","fuente":"MINSA","urlRenipr":"http://app20.susalud.gob.pe:8080/registro-renipress-webapp/ipress.htm?action=mostrarVer&idipress=00031234"}},{"type":"Feature","geometry":{"type":"Point","coordinates":[-80.65488819999996,-5.1782883999999285]},"properties":{"objectid":28557,"nombre":"SANNA - CLINICA BELEN","departamento":"PIURA","provincia":"PIURA","distrito":"PIURA","institucion":"PRIVADO","codigoMinsa":18310,"direccion":"CALLE CALLE SAN CRISTOBAL Nº 267 URB. EL CHIPE DISTRITO PIURA PROVINCIA PIURA DEPARTAMENTO PIURA","disa":"PIURA","red":"NO PERTENECE A NINGUNA RED","microrred":"NO PERTENECE A NINGUNA MICRORED","categoria":"ESTABLECIMIENTO DE SALUD CON INTERNAMIENTO","condicion":"ACTIVO","actualizado":"2023/08/01 19:00:00.000","fuente":"MINSA","urlRenipr":"http://app20.susalud.gob.pe:8080/registro-renipress-webapp/ipress.htm?action=mostrarVer&idipress=00018310"}},{"type":"Feature","geometry":{"type":"Point","coordinates":[-80.38006661999998,-4.805745879999961]},"properties":{"objectid":28588,"nombre":"LLOQUE YUPANQUI","departamento":"PIURA","provincia":"PIURA","distrito":"TAMBO GRANDE","institucion":"GOBIERNO REGIONAL","codigoMinsa":1991,"direccion":"OTROS CASERIO LLOQUE YUPANQUI DISTRITO TAMBO GRANDE PROVINCIA PIURA DEPARTAMENTO PIURA","disa":"PIURA","red":"AYABACA","microrred":"TAMBOGRANDE","categoria":"ESTABLECIMIENTO DE SALUD SIN INTERNAMIENTO","condicion":"ACTIVO","actualizado":"2023/08/01 19:00:00.000","fuente":"MINSA","urlRenipr":"http://app20.susalud.gob.pe:8080/registro-renipress-webapp/ipress.htm?action=mostrarVer&idipress=00001991"}},{"type":"Feature","geometry":{"type":"Point","coordinates":[-80.51464685999997,-4.9578727899999535]},"properties":{"objectid":28589,"nombre":"PROGRESO BAJO","departamento":"PIURA","provincia":"PIURA","distrito":"TAMBO GRANDE","institucion":"GOBIERNO REGIONAL","codigoMinsa":1995,"direccion":"OTROS CASERIO PROGRESO BAJO DISTRITO TAMBO GRANDE PROVINCIA PIURA DEPARTAMENTO PIURA","disa":"PIURA","red":"AYABACA","microrred":"TAMBOGRANDE","categoria":"ESTABLECIMIENTO DE SALUD SIN INTERNAMIENTO","condicion":"ACTIVO","actualizado":"2023/08/01 19:00:00.000","fuente":"MINSA","urlRenipr":"http://app20.susalud.gob.pe:8080/registro-renipress-webapp/ipress.htm?action=mostrarVer&idipress=00001995"}},{"type":"Feature","geometry":{"type":"Point","coordinates":[-80.57582157999997,-4.730027979999932]},"properties":{"objectid":28590,"nombre":"SAN FRANCISCO CHOCAN","departamento":"PIURA","provincia":"SULLANA","distrito":"QUERECOTILLO","institucion":"GOBIERNO REGIONAL","codigoMinsa":2052,"direccion":"OTROS CASERIO SAN FRANCISCO CHOCAN DISTRITO QUERECOTILLO PROVINCIA SULLANA DEPARTAMENTO PIURA","disa":"PIURA","red":"SULLANA","microrred":"QUERECOTILLO","categoria":"ESTABLECIMIENTO DE SALUD SIN INTERNAMIENTO","condicion":"ACTIVO","actualizado":"2023/08/01 19:00:00.000","fuente":"MINSA","urlRenipr":"http://app20.susalud.gob.pe:8080/registro-renipress-webapp/ipress.htm?action=mostrarVer&idipress=00002052"}},{"type":"Feature","geometry":{"type":"Point","coordinates":[-80.77139086999995,-4.8599890399999595]},"properties":{"objectid":28591,"nombre":"MALLARES","departamento":"PIURA","provincia":"SULLANA","distrito":"MARCAVELICA","institucion":"GOBIERNO REGIONAL","codigoMinsa":2035,"direccion":"OTROS CASERIO MALLARES CASERIO MALLARES MARCAVELICA SULLANA PIURA","disa":"PIURA","red":"SULLANA","microrred":"MARCAVELICA","categoria":"ESTABLECIMIENTO DE SALUD SIN INTERNAMIENTO","condicion":"ACTIVO","actualizado":"2023/08/01 19:00:00.000","fuente":"MINSA","urlRenipr":"http://app20.susalud.gob.pe:8080/registro-renipress-webapp/ipress.htm?action=mostrarVer&idipress=00002035"}},{"type":"Feature","geometry":{"type":"Point","coordinates":[-80.65488819999996,-5.1782883999999285]},"properties":{"objectid":28689,"nombre":"CONSULTORIOS CARITA FELIZ","departamento":"PIURA","provincia":"PIURA","distrito":"PIURA","institucion":"PRIVADO","codigoMinsa":13605,"direccion":"JIRÓN JR. HUANCAVELICA 925 URB. 4 DE ENERO JR. HUANCAVELICA 925 URB. 4 DE ENERO PIURA PIURA PIURA","disa":"PIURA","red":"NO PERTENECE A NINGUNA RED","microrred":"NO PERTENECE A NINGUNA MICRORED","categoria":"ESTABLECIMIENTO DE SALUD SIN INTERNAMIENTO","condicion":"ACTIVO","actualizado":"2023/08/01 19:00:00.000","fuente":"MINSA","urlRenipr":"http://app20.susalud.gob.pe:8080/registro-renipress-webapp/ipress.htm?action=mostrarVer&idipress=00013605"}},{"type":"Feature","geometry":{"type":"Point","coordinates":[-80.65488819999996,-5.1782883999999285]},"properties":{"objectid":28690,"nombre":"GRUPO CARITA FELIZ S.A.","departamento":"PIURA","provincia":"PIURA","distrito":"PIURA","institucion":"PRIVADO","codigoMinsa":25208,"direccion":"CALLE HUANCAVELICA NÚMERO 1039 URBANIZACIÓN 4 DE ENERO DISTRITO PIURA PROVINCIA PIURA DEPARTAMENTO PIURA","disa":"PIURA","red":"","microrred":"NO PERTENECE A NINGUNA MICRORED","categoria":"ESTABLECIMIENTO DE SALUD CON INTERNAMIENTO","condicion":"ACTIVO","actualizado":"2023/08/01 19:00:00.000","fuente":"MINSA","urlRenipr":"http://app20.susalud.gob.pe:8080/registro-renipress-webapp/ipress.htm?action=mostrarVer&idipress=00025208"}},{"type":"Feature","geometry":{"type":"Point","coordinates":[-80.87231339999994,-4.846788199999935]},"properties":{"objectid":28724,"nombre":"POSTA MEDICA IGNACIO ESCUDERO","departamento":"PIURA","provincia":"SULLANA","distrito":"IGNACIO ESCUDERO","institucion":"ESSALUD","codigoMinsa":20626,"direccion":"AVENIDA AVENIDA PANAMERICANA NRO 212 IGNACIO ESCUDERO DISTRITO IGNACIO ESCUDERO PROVINCIA SULLANA DEPARTAMENTO PIURA","disa":"PIURA","red":"NO PERTENECE A NINGUNA RED","microrred":"NO PERTENECE A NINGUNA MICRORED","categoria":"ESTABLECIMIENTO DE SALUD SIN INTERNAMIENTO","condicion":"ACTIVO","actualizado":"2023/08/01 19:00:00.000","fuente":"MINSA","urlRenipr":"http://app20.susalud.gob.pe:8080/registro-renipress-webapp/ipress.htm?action=mostrarVer&idipress=00020626"}},{"type":"Feature","geometry":{"type":"Point","coordinates":[-80.65296899999998,-5.1957093999999415]},"properties":{"objectid":28741,"nombre":"CASTILABS LABORATORIO CLINICO E.I.R.L.","departamento":"PIURA","provincia":"PIURA","distrito":"VEINTISEIS DE OCTUBRE","institucion":"PRIVADO","codigoMinsa":30153,"direccion":"OTROS ASENTAMIENTO HUMANO EL ROSAL MANZANA A LOTE 8 DISTRITO VEINTISEIS DE OCTUBRE PROVINCIA PIURA DEPARTAMENTO PIURA","disa":"PIURA","red":"","microrred":"","categoria":"SERVICIO MÉDICO DE APOYO","condicion":"ACTIVO","actualizado":"2023/08/01 19:00:00.000","fuente":"MINSA","urlRenipr":"http://app20.susalud.gob.pe:8080/registro-renipress-webapp/ipress.htm?action=mostrarVer&idipress=00030153"}},{"type":"Feature","geometry":{"type":"Point","coordinates":[-79.94771295999999,-4.624785429999974]},"properties":{"objectid":28753,"nombre":"C. S. PAIMAS","departamento":"PIURA","provincia":"AYABACA","distrito":"PAIMAS","institucion":"GOBIERNO REGIONAL","codigoMinsa":1959,"direccion":"AVENIDA AV.FERNANDO BELAUNDE S/N PAIMAS S/N AV.FERNANDO BELAUNDE S/N PAIMAS PAIMAS AYABACA PIURA","disa":"PIURA","red":"AYABACA","microrred":"PAIMAS","categoria":"ESTABLECIMIENTO DE SALUD CON INTERNAMIENTO","condicion":"ACTIVO","actualizado":"2023/08/01 19:00:00.000","fuente":"MINSA","urlRenipr":"http://app20.susalud.gob.pe:8080/registro-renipress-webapp/ipress.htm?action=mostrarVer&idipress=00001959"}},{"type":"Feature","geometry":{"type":"Point","coordinates":[-79.71471959999997,-4.638900099999944]},"properties":{"objectid":28754,"nombre":"PUESTO DE SALUD I - 1 DE TABLAS","departamento":"PIURA","provincia":"AYABACA","distrito":"AYABACA","institucion":"GOBIERNO REGIONAL","codigoMinsa":28663,"direccion":"OTROS COMUNIDAD CAMPESINA DE CHOCAN, SECTOR TABLAS - AYABACA NÚMERO S/N DISTRITO AYABACA PROVINCIA AYABACA DEPARTAMENTO PIURA","disa":"PIURA","red":"AYABACA","microrred":"AYABACA","categoria":"ESTABLECIMIENTO DE SALUD SIN INTERNAMIENTO","condicion":"ACTIVO","actualizado":"2023/08/01 19:00:00.000","fuente":"MINSA","urlRenipr":"http://app20.susalud.gob.pe:8080/registro-renipress-webapp/ipress.htm?action=mostrarVer&idipress=00028663"}},{"type":"Feature","geometry":{"type":"Point","coordinates":[-80.28861316999996,-4.437077299999942]},"properties":{"objectid":28755,"nombre":"ENCUENTRO DE ROMEROS","departamento":"PIURA","provincia":"SULLANA","distrito":"LANCONES","institucion":"GOBIERNO REGIONAL","codigoMinsa":6709,"direccion":"OTROS CASERIO ENCUENTRO DE ROMEROS DISTRITO LANCONES PROVINCIA SULLANA DEPARTAMENTO PIURA","disa":"PIURA","red":"SULLANA","microrred":"LANCONES","categoria":"ESTABLECIMIENTO DE SALUD SIN INTERNAMIENTO","condicion":"ACTIVO","actualizado":"2023/08/01 19:00:00.000","fuente":"MINSA","urlRenipr":"http://app20.susalud.gob.pe:8080/registro-renipress-webapp/ipress.htm?action=mostrarVer&idipress=00006709"}},{"type":"Feature","geometry":{"type":"Point","coordinates":[-80.09712692999994,-4.7190206999999305]},"properties":{"objectid":28756,"nombre":"LA MENTA","departamento":"PIURA","provincia":"PIURA","distrito":"LAS LOMAS","institucion":"GOBIERNO REGIONAL","codigoMinsa":1944,"direccion":"OTROS COMUNIDAD LA MENTA DISTRITO LAS LOMAS PROVINCIA PIURA DEPARTAMENTO PIURA","disa":"PIURA","red":"AYABACA","microrred":"LAS LOMAS","categoria":"ESTABLECIMIENTO DE SALUD SIN INTERNAMIENTO","condicion":"ACTIVO","actualizado":"2023/08/01 19:00:00.000","fuente":"MINSA","urlRenipr":"http://app20.susalud.gob.pe:8080/registro-renipress-webapp/ipress.htm?action=mostrarVer&idipress=00001944"}},{"type":"Feature","geometry":{"type":"Point","coordinates":[-80.64590891999995,-4.83709695999994]},"properties":{"objectid":28757,"nombre":"CLAS QUERECOTILLO","departamento":"PIURA","provincia":"SULLANA","distrito":"QUERECOTILLO","institucion":"GOBIERNO REGIONAL","codigoMinsa":2050,"direccion":"CALLE CALLE MIGUEL GRAU N° 525 CALLE MIGUEL GRAU N° 525 QUERECOTILLO SULLANA PIURA","disa":"PIURA","red":"SULLANA","microrred":"QUERECOTILLO","categoria":"ESTABLECIMIENTO DE SALUD CON INTERNAMIENTO","condicion":"ACTIVO","actualizado":"2023/08/01 19:00:00.000","fuente":"MINSA","urlRenipr":"http://app20.susalud.gob.pe:8080/registro-renipress-webapp/ipress.htm?action=mostrarVer&idipress=00002050"}},{"type":"Feature","geometry":{"type":"Point","coordinates":[-79.78385829999996,-4.557701559999941]},"properties":{"objectid":28758,"nombre":"OXAHUAY","departamento":"PIURA","provincia":"AYABACA","distrito":"SICCHEZ","institucion":"GOBIERNO REGIONAL","codigoMinsa":1975,"direccion":"OTROS CASERIO OXAHUAY - SICCHEZ DISTRITO SICCHEZ PROVINCIA AYABACA DEPARTAMENTO PIURA","disa":"PIURA","red":"AYABACA","microrred":"PAIMAS","categoria":"ESTABLECIMIENTO DE SALUD SIN INTERNAMIENTO","condicion":"ACTIVO","actualizado":"2023/08/01 19:00:00.000","fuente":"MINSA","urlRenipr":"http://app20.susalud.gob.pe:8080/registro-renipress-webapp/ipress.htm?action=mostrarVer&idipress=00001975"}},{"type":"Feature","geometry":{"type":"Point","coordinates":[-80.30842739999997,-4.7045036299999765]},"properties":{"objectid":28760,"nombre":"PELINGARA","departamento":"PIURA","provincia":"PIURA","distrito":"LAS LOMAS","institucion":"GOBIERNO REGIONAL","codigoMinsa":1937,"direccion":"OTROS CASERIO PELINGARA LAS LOMAS DISTRITO LAS LOMAS PROVINCIA PIURA DEPARTAMENTO PIURA","disa":"PIURA","red":"AYABACA","microrred":"LAS LOMAS","categoria":"ESTABLECIMIENTO DE SALUD SIN INTERNAMIENTO","condicion":"ACTIVO","actualizado":"2023/08/01 19:00:00.000","fuente":"MINSA","urlRenipr":"http://app20.susalud.gob.pe:8080/registro-renipress-webapp/ipress.htm?action=mostrarVer&idipress=00001937"}},{"type":"Feature","geometry":{"type":"Point","coordinates":[-80.58865975999998,-4.780500939999968]},"properties":{"objectid":28761,"nombre":"LA PEÑA - LA HORCA","departamento":"PIURA","provincia":"SULLANA","distrito":"QUERECOTILLO","institucion":"GOBIERNO REGIONAL","codigoMinsa":2053,"direccion":"OTROS CASERIO LA PEÑA -LA HORCA DISTRITO QUERECOTILLO PROVINCIA SULLANA DEPARTAMENTO PIURA","disa":"PIURA","red":"SULLANA","microrred":"QUERECOTILLO","categoria":"ESTABLECIMIENTO DE SALUD SIN INTERNAMIENTO","condicion":"ACTIVO","actualizado":"2023/08/01 19:00:00.000","fuente":"MINSA","urlRenipr":"http://app20.susalud.gob.pe:8080/registro-renipress-webapp/ipress.htm?action=mostrarVer&idipress=00002053"}},{"type":"Feature","geometry":{"type":"Point","coordinates":[-80.72616342999999,-4.852220469999963]},"properties":{"objectid":28762,"nombre":"LA QUINTA","departamento":"PIURA","provincia":"SULLANA","distrito":"MARCAVELICA","institucion":"GOBIERNO REGIONAL","codigoMinsa":2041,"direccion":"OTROS BARRIO CENTRO S-N LA QUINTA DISTRITO MARCAVELICA PROVINCIA SULLANA DEPARTAMENTO PIURA","disa":"PIURA","red":"SULLANA","microrred":"MARCAVELICA","categoria":"ESTABLECIMIENTO DE SALUD SIN INTERNAMIENTO","condicion":"ACTIVO","actualizado":"2023/08/01 19:00:00.000","fuente":"MINSA","urlRenipr":"http://app20.susalud.gob.pe:8080/registro-renipress-webapp/ipress.htm?action=mostrarVer&idipress=00002041"}},{"type":"Feature","geometry":{"type":"Point","coordinates":[-80.42059016999997,-4.829809789999956]},"properties":{"objectid":28763,"nombre":"SANTA ELENA - LAS LOMAS","departamento":"PIURA","provincia":"PIURA","distrito":"LAS LOMAS","institucion":"GOBIERNO REGIONAL","codigoMinsa":1940,"direccion":"OTROS CASERIO SANTA ELENA - LAS LOMAS DISTRITO LAS LOMAS PROVINCIA PIURA DEPARTAMENTO PIURA","disa":"PIURA","red":"AYABACA","microrred":"LAS LOMAS","categoria":"ESTABLECIMIENTO DE SALUD SIN INTERNAMIENTO","condicion":"ACTIVO","actualizado":"2023/08/01 19:00:00.000","fuente":"MINSA","urlRenipr":"http://app20.susalud.gob.pe:8080/registro-renipress-webapp/ipress.htm?action=mostrarVer&idipress=00001940"}},{"type":"Feature","geometry":{"type":"Point","coordinates":[-79.58504262999998,-4.491654499999925]},"properties":{"objectid":28764,"nombre":"REMOLINOS","departamento":"PIURA","provincia":"AYABACA","distrito":"AYABACA","institucion":"GOBIERNO REGIONAL","codigoMinsa":1921,"direccion":"OTROS CASERIO REMOLINOS- AYABACA DISTRITO AYABACA PROVINCIA AYABACA DEPARTAMENTO PIURA","disa":"PIURA","red":"AYABACA","microrred":"AYABACA","categoria":"ESTABLECIMIENTO DE SALUD SIN INTERNAMIENTO","condicion":"ACTIVO","actualizado":"2023/08/01 19:00:00.000","fuente":"MINSA","urlRenipr":"http://app20.susalud.gob.pe:8080/registro-renipress-webapp/ipress.htm?action=mostrarVer&idipress=00001921"}},{"type":"Feature","geometry":{"type":"Point","coordinates":[-80.00280654999995,-4.514300319999961]},"properties":{"objectid":28765,"nombre":"CENTRO DE SALUD SUYO","departamento":"PIURA","provincia":"AYABACA","distrito":"SUYO","institucion":"GOBIERNO REGIONAL","codigoMinsa":1945,"direccion":"JIRÓN JR. GUEPI- S/N - SUYO S/N JR. GUEPI- S/N - SUYO SUYO AYABACA PIURA","disa":"PIURA","red":"AYABACA","microrred":"LAS LOMAS","categoria":"ESTABLECIMIENTO DE SALUD SIN INTERNAMIENTO","condicion":"ACTIVO","actualizado":"2023/08/01 19:00:00.000","fuente":"MINSA","urlRenipr":"http://app20.susalud.gob.pe:8080/registro-renipress-webapp/ipress.htm?action=mostrarVer&idipress=00001945"}},{"type":"Feature","geometry":{"type":"Point","coordinates":[-80.65629049999995,-5.177745499999958]},"properties":{"objectid":28785,"nombre":"CENTRO NEFROLOGICO DEL NORTE E.I.R.L","departamento":"PIURA","provincia":"PIURA","distrito":"PIURA","institucion":"PRIVADO","codigoMinsa":13546,"direccion":"CALLE CALLE FEDERICO HELGUERO 128 URB. EL CHIPE DISTRITO PIURA PROVINCIA PIURA DEPARTAMENTO PIURA","disa":"PIURA","red":"NO PERTENECE A NINGUNA RED","microrred":"NO PERTENECE A NINGUNA MICRORED","categoria":"SERVICIO MÉDICO DE APOYO","condicion":"ACTIVO","actualizado":"2023/08/01 19:00:00.000","fuente":"MINSA","urlRenipr":"http://app20.susalud.gob.pe:8080/registro-renipress-webapp/ipress.htm?action=mostrarVer&idipress=00013546"}},{"type":"Feature","geometry":{"type":"Point","coordinates":[-80.69258839999998,-4.899196199999949]},"properties":{"objectid":28786,"nombre":"CENTRO INTERNACIONAL DE ESPECIALIDADES MEDICAS Y FERTILIDAD MUJERCITAS E.I.R.L","departamento":"PIURA","provincia":"SULLANA","distrito":"SULLANA","institucion":"PRIVADO","codigoMinsa":31302,"direccion":"AVENIDA JOSE DE LAMA NÚMERO 844 PISO 1 DISTRITO SULLANA PROVINCIA SULLANA DEPARTAMENTO PIURA","disa":"PIURA","red":"","microrred":"","categoria":"ESTABLECIMIENTO DE SALUD SIN INTERNAMIENTO","condicion":"ACTIVO","actualizado":"2023/08/01 19:00:00.000","fuente":"MINSA","urlRenipr":"http://app20.susalud.gob.pe:8080/registro-renipress-webapp/ipress.htm?action=mostrarVer&idipress=00031302"}},{"type":"Feature","geometry":{"type":"Point","coordinates":[-80.65488819999996,-5.1782883999999285]},"properties":{"objectid":28818,"nombre":"CONSULTORIO DENTAL JEMA","departamento":"PIURA","provincia":"PIURA","distrito":"PIURA","institucion":"PRIVADO","codigoMinsa":25811,"direccion":"CALLE URUBAMBA ASENTAMIENTO HUMANO PACHITEA NÚMERO 207 MANZANA F LOTE 2 DISTRITO PIURA PROVINCIA PIURA DEPARTAMENTO PIURA","disa":"PIURA","red":"NO PERTENECE A NINGUNA RED","microrred":"NO PERTENECE A NINGUNA MICRORED","categoria":"ESTABLECIMIENTO DE SALUD SIN INTERNAMIENTO","condicion":"ACTIVO","actualizado":"2023/08/01 19:00:00.000","fuente":"MINSA","urlRenipr":"http://app20.susalud.gob.pe:8080/registro-renipress-webapp/ipress.htm?action=mostrarVer&idipress=00025811"}},{"type":"Feature","geometry":{"type":"Point","coordinates":[-80.19839666999997,-5.092559999999935]},"properties":{"objectid":28826,"nombre":"P.S I - 2 LA ENCANTADA","departamento":"PIURA","provincia":"MORROPON","distrito":"CHULUCANAS","institucion":"GOBIERNO REGIONAL","codigoMinsa":2170,"direccion":"OTROS JORGE CHAVEZ S/N S/N CHULUCANAS MORROPON PIURA","disa":"PIURA","red":"MORROPON CHULUCANAS","microrred":"CHULUCANAS","categoria":"ESTABLECIMIENTO DE SALUD SIN INTERNAMIENTO","condicion":"ACTIVO","actualizado":"2023/08/01 19:00:00.000","fuente":"MINSA","urlRenipr":"http://app20.susalud.gob.pe:8080/registro-renipress-webapp/ipress.htm?action=mostrarVer&idipress=00002170"}},{"type":"Feature","geometry":{"type":"Point","coordinates":[-79.97055832999996,-4.9031799999999635]},"properties":{"objectid":28827,"nombre":"E.S. PARIHUANAS","departamento":"PIURA","provincia":"AYABACA","distrito":"FRIAS","institucion":"GOBIERNO REGIONAL","codigoMinsa":2175,"direccion":"OTROS CENTRO POBLADO PARIHUANAS CENTRO POBLADO PARIHUANAS FRIAS AYABACA PIURA","disa":"PIURA","red":"MORROPON CHULUCANAS","microrred":"CHULUCANAS","categoria":"ESTABLECIMIENTO DE SALUD SIN INTERNAMIENTO","condicion":"ACTIVO","actualizado":"2023/08/01 19:00:00.000","fuente":"MINSA","urlRenipr":"http://app20.susalud.gob.pe:8080/registro-renipress-webapp/ipress.htm?action=mostrarVer&idipress=00002175"}},{"type":"Feature","geometry":{"type":"Point","coordinates":[-79.51368166999998,-5.735589999999945]},"properties":{"objectid":28829,"nombre":"P.S EL SAUCE","departamento":"PIURA","provincia":"HUANCABAMBA","distrito":"HUARMACA","institucion":"GOBIERNO REGIONAL","codigoMinsa":15376,"direccion":"OTROS CASERIO EL SAUCE CASERIO EL SAUCE HUARMACA HUANCABAMBA PIURA","disa":"PIURA","red":"HUARMACA","microrred":"HUARMACA","categoria":"ESTABLECIMIENTO DE SALUD SIN INTERNAMIENTO","condicion":"ACTIVO","actualizado":"2023/08/01 19:00:00.000","fuente":"MINSA","urlRenipr":"http://app20.susalud.gob.pe:8080/registro-renipress-webapp/ipress.htm?action=mostrarVer&idipress=00015376"}},{"type":"Feature","geometry":{"type":"Point","coordinates":[-79.96751832999996,-5.189129999999977]},"properties":{"objectid":28830,"nombre":"ESTABLECIMIENTO DE SALUD MORROPON","departamento":"PIURA","provincia":"MORROPON","distrito":"MORROPON","institucion":"GOBIERNO REGIONAL","codigoMinsa":2182,"direccion":"CALLE AA.HH. SANTA JULIA CALLE FRANCISCO BOLOGNESI MZ. L LOTE Nº 3 AA.HH. SANTA JULIA CALLE FRANCISCO BOLOGNESI MZ. L LOTE Nº 3 MORROPON MORROPON PIURA","disa":"PIURA","red":"MORROPON CHULUCANAS","microrred":"MORROPON","categoria":"ESTABLECIMIENTO DE SALUD CON INTERNAMIENTO","condicion":"ACTIVO","actualizado":"2023/08/01 19:00:00.000","fuente":"MINSA","urlRenipr":"http://app20.susalud.gob.pe:8080/registro-renipress-webapp/ipress.htm?action=mostrarVer&idipress=00002182"}},{"type":"Feature","geometry":{"type":"Point","coordinates":[-79.90382166999996,-4.970389999999952]},"properties":{"objectid":28831,"nombre":"E.S. CULCAS","departamento":"PIURA","provincia":"AYABACA","distrito":"FRIAS","institucion":"GOBIERNO REGIONAL","codigoMinsa":15959,"direccion":"OTROS CASERIO CULCAS CASERIO CULCAS FRIAS AYABACA PIURA","disa":"PIURA","red":"MORROPON CHULUCANAS","microrred":"CHULUCANAS","categoria":"ESTABLECIMIENTO DE SALUD SIN INTERNAMIENTO","condicion":"ACTIVO","actualizado":"2023/08/01 19:00:00.000","fuente":"MINSA","urlRenipr":"http://app20.susalud.gob.pe:8080/registro-renipress-webapp/ipress.htm?action=mostrarVer&idipress=00015959"}},{"type":"Feature","geometry":{"type":"Point","coordinates":[-79.49270787999995,-5.3754737099999375]},"properties":{"objectid":28832,"nombre":"E.S. TALLAPAMPA","departamento":"PIURA","provincia":"HUANCABAMBA","distrito":"SAN MIGUEL DE EL FAIQUE","institucion":"GOBIERNO REGIONAL","codigoMinsa":15178,"direccion":"OTROS CASERIO TALLAPAMPA CASERIO TALLAPAMPA SAN MIGUEL DE EL FAIQUE HUANCABAMBA PIURA","disa":"PIURA","red":"MORROPON CHULUCANAS","microrred":"CANCHAQUE","categoria":"ESTABLECIMIENTO DE SALUD SIN INTERNAMIENTO","condicion":"ACTIVO","actualizado":"2023/08/01 19:00:00.000","fuente":"MINSA","urlRenipr":"http://app20.susalud.gob.pe:8080/registro-renipress-webapp/ipress.htm?action=mostrarVer&idipress=00015178"}},{"type":"Feature","geometry":{"type":"Point","coordinates":[-79.70568865999996,-5.513035219999949]},"properties":{"objectid":28833,"nombre":"P.S HUALCAS","departamento":"PIURA","provincia":"MORROPON","distrito":"SALITRAL","institucion":"GOBIERNO REGIONAL","codigoMinsa":2224,"direccion":"CALLE PRINCIPAL S/N","disa":"PIURA","red":"MORROPON CHULUCANAS","microrred":"SALITRAL","categoria":"ESTABLECIMIENTO DE SALUD SIN INTERNAMIENTO","condicion":"ACTIVO","actualizado":"2023/08/01 19:00:00.000","fuente":"MINSA","urlRenipr":"http://app20.susalud.gob.pe:8080/registro-renipress-webapp/ipress.htm?action=mostrarVer&idipress=00002224"}},{"type":"Feature","geometry":{"type":"Point","coordinates":[-79.78038117999995,-5.430374449999931]},"properties":{"objectid":28834,"nombre":"P.S SERRAN","departamento":"PIURA","provincia":"MORROPON","distrito":"SALITRAL","institucion":"GOBIERNO REGIONAL","codigoMinsa":2223,"direccion":"CALLE CALLE FRANCISCO BOLOGNESI S/N NÚMERO S/N DISTRITO SALITRAL PROVINCIA MORROPON DEPARTAMENTO PIURA","disa":"PIURA","red":"MORROPON CHULUCANAS","microrred":"SALITRAL","categoria":"ESTABLECIMIENTO DE SALUD SIN INTERNAMIENTO","condicion":"ACTIVO","actualizado":"2023/08/01 19:00:00.000","fuente":"MINSA","urlRenipr":"http://app20.susalud.gob.pe:8080/registro-renipress-webapp/ipress.htm?action=mostrarVer&idipress=00002223"}},{"type":"Feature","geometry":{"type":"Point","coordinates":[-79.94290822999994,-4.93465421999997]},"properties":{"objectid":28836,"nombre":"E.S. FRÍAS","departamento":"PIURA","provincia":"AYABACA","distrito":"FRIAS","institucion":"GOBIERNO REGIONAL","codigoMinsa":2171,"direccion":"AVENIDA AV. HUARIGAS S/N S/N AV. HUARIGAS S/N FRIAS AYABACA PIURA","disa":"PIURA","red":"MORROPON CHULUCANAS","microrred":"CHULUCANAS","categoria":"ESTABLECIMIENTO DE SALUD SIN INTERNAMIENTO","condicion":"ACTIVO","actualizado":"2023/08/01 19:00:00.000","fuente":"MINSA","urlRenipr":"http://app20.susalud.gob.pe:8080/registro-renipress-webapp/ipress.htm?action=mostrarVer&idipress=00002171"}},{"type":"Feature","geometry":{"type":"Point","coordinates":[-80.75760107999997,-5.317226709999943]},"properties":{"objectid":28837,"nombre":"E.S. CASA GRANDE","departamento":"PIURA","provincia":"PIURA","distrito":"LA ARENA","institucion":"GOBIERNO REGIONAL","codigoMinsa":2125,"direccion":"AVENIDA AV. PRINCIPAL - CENTRO POBLADO CASA GRANDE AV. PRINCIPAL - CENTRO POBLADO CASA GRANDE LA ARENA PIURA PIURA","disa":"PIURA","red":"BAJO PIURA","microrred":"CATACAOS","categoria":"ESTABLECIMIENTO DE SALUD SIN INTERNAMIENTO","condicion":"ACTIVO","actualizado":"2023/08/01 19:00:00.000","fuente":"MINSA","urlRenipr":"http://app20.susalud.gob.pe:8080/registro-renipress-webapp/ipress.htm?action=mostrarVer&idipress=00002125"}},{"type":"Feature","geometry":{"type":"Point","coordinates":[-80.68416166999998,-5.308306669999979]},"properties":{"objectid":28838,"nombre":"E.S. PEDREGAL GRANDE","departamento":"PIURA","provincia":"PIURA","distrito":"CATACAOS","institucion":"GOBIERNO REGIONAL","codigoMinsa":2113,"direccion":"AVENIDA AV. SANCHEZ S/N VILLA PEDREGAL GRANDE S/N AV. SANCHEZ S/N VILLA PEDREGAL GRANDE CATACAOS PIURA PIURA","disa":"PIURA","red":"BAJO PIURA","microrred":"CATACAOS","categoria":"ESTABLECIMIENTO DE SALUD SIN INTERNAMIENTO","condicion":"ACTIVO","actualizado":"2023/08/01 19:00:00.000","fuente":"MINSA","urlRenipr":"http://app20.susalud.gob.pe:8080/registro-renipress-webapp/ipress.htm?action=mostrarVer&idipress=00002113"}},{"type":"Feature","geometry":{"type":"Point","coordinates":[-79.48005361999998,-5.383069819999946]},"properties":{"objectid":28839,"nombre":"E.S I-2 UCHUPATA","departamento":"PIURA","provincia":"HUANCABAMBA","distrito":"SONDORILLO","institucion":"GOBIERNO REGIONAL","codigoMinsa":2268,"direccion":"OTROS UCHUPATA CENTRO S/N S/N UCHUPATA CENTRO S/N SONDORILLO HUANCABAMBA PIURA","disa":"PIURA","red":"HUANCABAMBA","microrred":"HUANCABAMBA","categoria":"ESTABLECIMIENTO DE SALUD SIN INTERNAMIENTO","condicion":"ACTIVO","actualizado":"2023/08/01 19:00:00.000","fuente":"MINSA","urlRenipr":"http://app20.susalud.gob.pe:8080/registro-renipress-webapp/ipress.htm?action=mostrarVer&idipress=00002268"}},{"type":"Feature","geometry":{"type":"Point","coordinates":[-80.65488819999996,-5.1782883999999285]},"properties":{"objectid":28927,"nombre":"UNIDENT","departamento":"PIURA","provincia":"PIURA","distrito":"PIURA","institucion":"PRIVADO","codigoMinsa":30935,"direccion":"AVENIDA SAN RAMON MANZANA A LOTE 13 URBANIZACIÓN EL CHIPE DISTRITO PIURA PROVINCIA PIURA DEPARTAMENTO PIURA","disa":"PIURA","red":"","microrred":"","categoria":"ESTABLECIMIENTO DE SALUD SIN INTERNAMIENTO","condicion":"ACTIVO","actualizado":"2023/08/01 19:00:00.000","fuente":"MINSA","urlRenipr":"http://app20.susalud.gob.pe:8080/registro-renipress-webapp/ipress.htm?action=mostrarVer&idipress=00030935"}},{"type":"Feature","geometry":{"type":"Point","coordinates":[-80.65488819999996,-5.1782883999999285]},"properties":{"objectid":28928,"nombre":"CENTRO ODONTOLOGICO UNIDENT","departamento":"PIURA","provincia":"PIURA","distrito":"CASTILLA","institucion":"PRIVADO","codigoMinsa":26960,"direccion":"URBANIZACIÓN MIRAFLORES MANZANA M LOTE 6 URBANIZACIÓN MIRAFLORES DISTRITO CASTILLA PROVINCIA PIURA DEPARTAMENTO PIURA","disa":"PIURA","red":"NO PERTENECE A NINGUNA RED","microrred":"NO PERTENECE A NINGUNA MICRORED","categoria":"ESTABLECIMIENTO DE SALUD SIN INTERNAMIENTO","condicion":"ACTIVO","actualizado":"2023/08/01 19:00:00.000","fuente":"MINSA","urlRenipr":"http://app20.susalud.gob.pe:8080/registro-renipress-webapp/ipress.htm?action=mostrarVer&idipress=00026960"}},{"type":"Feature","geometry":{"type":"Point","coordinates":[-80.66457901999996,-5.1842479599999365]},"properties":{"objectid":28958,"nombre":"CENTRO ESPECIALIZADO EN MEDICINA FAMILIAR Y COMUNITARIA NORTE S.A.C","departamento":"PIURA","provincia":"PIURA","distrito":"VEINTISEIS DE OCTUBRE","institucion":"PRIVADO","codigoMinsa":27580,"direccion":"AVENIDA CHULUCANAS PISO 2 INTERIOR 2 MANZANA J 1 LOTE 13 B URBANIZACI? AA.HH SANTA ROSA DISTRITO VEINTISEIS DE OCTUBRE PROVINCIA PIURA DEPARTAMENTO PIURA","disa":"PIURA","red":"NO PERTENECE A NINGUNA RED","microrred":"NO PERTENECE A NINGUNA MICRORED","categoria":"ESTABLECIMIENTO DE SALUD SIN INTERNAMIENTO","condicion":"ACTIVO","actualizado":"2023/08/01 19:00:00.000","fuente":"MINSA","urlRenipr":"http://app20.susalud.gob.pe:8080/registro-renipress-webapp/ipress.htm?action=mostrarVer&idipress=00027580"}},{"type":"Feature","geometry":{"type":"Point","coordinates":[-80.65488819999996,-5.1782883999999285]},"properties":{"objectid":28997,"nombre":"OPTICA D`FLORES","departamento":"PIURA","provincia":"PIURA","distrito":"PIURA","institucion":"PRIVADO","codigoMinsa":12917,"direccion":"AVENIDA AV. LORETO 532 DISTRITO PIURA PROVINCIA PIURA DEPARTAMENTO PIURA","disa":"","red":"","microrred":"","categoria":"SERVICIO MÉDICO DE APOYO","condicion":"RUC INACTIVO EN SUNAT","actualizado":"2023/08/01 19:00:00.000","fuente":"MINSA","urlRenipr":"http://app20.susalud.gob.pe:8080/registro-renipress-webapp/ipress.htm?action=mostrarVer&idipress=00012917"}},{"type":"Feature","geometry":{"type":"Point","coordinates":[-80.63420962999999,-5.194640919999927]},"properties":{"objectid":28999,"nombre":"SERVICIOS MÉDICOS GESTAR BIEN","departamento":"PIURA","provincia":"PIURA","distrito":"PIURA","institucion":"PRIVADO","codigoMinsa":27573,"direccion":"AVENIDA GRAU 913 RESIDENCIAL OCCIDENTAL NÚMERO 913 DISTRITO PIURA PROVINCIA PIURA DEPARTAMENTO PIURA","disa":"PIURA","red":"NO PERTENECE A NINGUNA RED","microrred":"NO PERTENECE A NINGUNA MICRORED","categoria":"ESTABLECIMIENTO DE SALUD SIN INTERNAMIENTO","condicion":"ACTIVO","actualizado":"2023/08/01 19:00:00.000","fuente":"MINSA","urlRenipr":"http://app20.susalud.gob.pe:8080/registro-renipress-webapp/ipress.htm?action=mostrarVer&idipress=00027573"}},{"type":"Feature","geometry":{"type":"Point","coordinates":[-80.34111259999997,-4.926307299999962]},"properties":{"objectid":29020,"nombre":"CLINICA MUJER","departamento":"PIURA","provincia":"PIURA","distrito":"TAMBO GRANDE","institucion":"PRIVADO","codigoMinsa":29606,"direccion":"AVENIDA FROILAN ALAMA MANZANA D LOTE 10 DISTRITO TAMBO GRANDE PROVINCIA PIURA DEPARTAMENTO PIURA","disa":"","red":"","microrred":"","categoria":"ESTABLECIMIENTO DE SALUD CON INTERNAMIENTO","condicion":"RUC INACTIVO EN SUNAT","actualizado":"2023/08/01 19:00:00.000","fuente":"MINSA","urlRenipr":"http://app20.susalud.gob.pe:8080/registro-renipress-webapp/ipress.htm?action=mostrarVer&idipress=00029606"}},{"type":"Feature","geometry":{"type":"Point","coordinates":[-80.62067399999995,-5.194649999999967]},"properties":{"objectid":29108,"nombre":"POLICLINICO PNP \"ALMIRANTE MIGUEL GRAU\"","departamento":"PIURA","provincia":"PIURA","distrito":"CASTILLA","institucion":"SANIDAD DE LA POLICIA NACIONAL DEL PERU","codigoMinsa":10679,"direccion":"AVENIDA CAYETANO HEREDIA CUADRA 3 NÚMERO S/N URBANIZACIÓN MIRAFLORES DISTRITO CASTILLA PROVINCIA PIURA DEPARTAMENTO PIURA","disa":"PIURA","red":"NO PERTENECE A NINGUNA RED","microrred":"NO PERTENECE A NINGUNA MICRORED","categoria":"ESTABLECIMIENTO DE SALUD SIN INTERNAMIENTO","condicion":"ACTIVO","actualizado":"2023/08/01 19:00:00.000","fuente":"MINSA","urlRenipr":"http://app20.susalud.gob.pe:8080/registro-renipress-webapp/ipress.htm?action=mostrarVer&idipress=00010679"}},{"type":"Feature","geometry":{"type":"Point","coordinates":[-80.65296899999998,-5.1957093999999415]},"properties":{"objectid":29137,"nombre":"CENTRO MEDICO SUAVAL S.A.C.","departamento":"PIURA","provincia":"PIURA","distrito":"PIURA","institucion":"PRIVADO","codigoMinsa":29061,"direccion":"CALLE LOS CEIBOS MANZANA C LOTE 06 DISTRITO PIURA PROVINCIA PIURA DEPARTAMENTO PIURA","disa":"PIURA","red":"NO PERTENECE A NINGUNA RED","microrred":"NO PERTENECE A NINGUNA MICRORED","categoria":"ESTABLECIMIENTO DE SALUD SIN INTERNAMIENTO","condicion":"ACTIVO","actualizado":"2023/08/01 19:00:00.000","fuente":"MINSA","urlRenipr":"http://app20.susalud.gob.pe:8080/registro-renipress-webapp/ipress.htm?action=mostrarVer&idipress=00029061"}},{"type":"Feature","geometry":{"type":"Point","coordinates":[-80.69880739999996,-4.906449799999962]},"properties":{"objectid":29196,"nombre":"Dental AC","departamento":"PIURA","provincia":"SULLANA","distrito":"SULLANA","institucion":"PRIVADO","codigoMinsa":31000,"direccion":"CALLE Santa Ana NÚMERO 660 PISO 1 DISTRITO SULLANA PROVINCIA SULLANA DEPARTAMENTO PIURA","disa":"PIURA","red":"","microrred":"","categoria":"ESTABLECIMIENTO DE SALUD SIN INTERNAMIENTO","condicion":"ACTIVO","actualizado":"2023/08/01 19:00:00.000","fuente":"MINSA","urlRenipr":"http://app20.susalud.gob.pe:8080/registro-renipress-webapp/ipress.htm?action=mostrarVer&idipress=00031000"}},{"type":"Feature","geometry":{"type":"Point","coordinates":[-80.85092549999996,-5.637415499999975]},"properties":{"objectid":29223,"nombre":"ENFERMERÍA DEL FUERTE MATACABALLO","departamento":"PIURA","provincia":"SECHURA","distrito":"SECHURA","institucion":"SANIDAD DEL EJERCITO DEL PERU","codigoMinsa":26873,"direccion":"CARRETERA CALETA MATACABALLO CA. N?ERO S/N DISTRITO SECHURA PROVINCIA SECHURA DEPARTAMENTO PIURA","disa":"PIURA","red":"NO PERTENECE A NINGUNA RED","microrred":"NO PERTENECE A NINGUNA MICRORED","categoria":"ESTABLECIMIENTO DE SALUD SIN INTERNAMIENTO","condicion":"ACTIVO","actualizado":"2023/08/01 19:00:00.000","fuente":"MINSA","urlRenipr":"http://app20.susalud.gob.pe:8080/registro-renipress-webapp/ipress.htm?action=mostrarVer&idipress=00026873"}},{"type":"Feature","geometry":{"type":"Point","coordinates":[-80.59875489999996,-5.18632649999995]},"properties":{"objectid":29291,"nombre":"CONSULTORIO PREVENCION Y SALUD E.I.R.L.","departamento":"PIURA","provincia":"PIURA","distrito":"CASTILLA","institucion":"PRIVADO","codigoMinsa":30069,"direccion":"AVENIDA LUIS MONTERO NÚMERO 259 MANZANA W LOTE 09 URBANIZACIÓN MIRAFLORES DISTRITO CASTILLA PROVINCIA PIURA DEPARTAMENTO PIURA","disa":"PIURA","red":"","microrred":"","categoria":"ESTABLECIMIENTO DE SALUD SIN INTERNAMIENTO","condicion":"ACTIVO","actualizado":"2023/08/01 19:00:00.000","fuente":"MINSA","urlRenipr":"http://app20.susalud.gob.pe:8080/registro-renipress-webapp/ipress.htm?action=mostrarVer&idipress=00030069"}},{"type":"Feature","geometry":{"type":"Point","coordinates":[-80.59875489999996,-5.18632649999995]},"properties":{"objectid":29325,"nombre":"CENTRO ESPECIALIZADO DE REHABILITACION SAC-\"CERSAC\"","departamento":"PIURA","provincia":"PIURA","distrito":"CASTILLA","institucion":"PRIVADO","codigoMinsa":16777,"direccion":"OTROS MZ B´LT 1 II ETAPA URB MIRAFLORES DISTRITO CASTILLA PROVINCIA PIURA DEPARTAMENTO PIURA","disa":"PIURA","red":"NO PERTENECE A NINGUNA RED","microrred":"NO PERTENECE A NINGUNA MICRORED","categoria":"SERVICIO MÉDICO DE APOYO","condicion":"ACTIVO","actualizado":"2023/08/01 19:00:00.000","fuente":"MINSA","urlRenipr":"http://app20.susalud.gob.pe:8080/registro-renipress-webapp/ipress.htm?action=mostrarVer&idipress=00016777"}},{"type":"Feature","geometry":{"type":"Point","coordinates":[-80.61856697999997,-5.1919719699999405]},"properties":{"objectid":29361,"nombre":"FISIO CENTER","departamento":"PIURA","provincia":"PIURA","distrito":"CASTILLA","institucion":"PRIVADO","codigoMinsa":25545,"direccion":"CALLE LAS CAMELIAS PISO 1 MANZANA W LOTE 27 URBANIZACI? MIRAFLORES DISTRITO CASTILLA PROVINCIA PIURA DEPARTAMENTO PIURA","disa":"PIURA","red":"NO PERTENECE A NINGUNA RED","microrred":"NO PERTENECE A NINGUNA MICRORED","categoria":"SERVICIO MÉDICO DE APOYO","condicion":"ACTIVO","actualizado":"2023/08/01 19:00:00.000","fuente":"MINSA","urlRenipr":"http://app20.susalud.gob.pe:8080/registro-renipress-webapp/ipress.htm?action=mostrarVer&idipress=00025545"}},{"type":"Feature","geometry":{"type":"Point","coordinates":[-81.27530629999995,-4.578658999999959]},"properties":{"objectid":29429,"nombre":"GRUPO MEDICO EMPRESARIAL S.A.C- GME -SAC","departamento":"PIURA","provincia":"TALARA","distrito":"PARIÑAS","institucion":"PRIVADO","codigoMinsa":10698,"direccion":"AVENIDA AV. A - 106 PRIMER PISO DISTRITO PARIÑAS PROVINCIA TALARA DEPARTAMENTO PIURA","disa":"PIURA","red":"NO PERTENECE A NINGUNA RED","microrred":"NO PERTENECE A NINGUNA MICRORED","categoria":"ESTABLECIMIENTO DE SALUD SIN INTERNAMIENTO","condicion":"ACTIVO","actualizado":"2023/08/01 19:00:00.000","fuente":"MINSA","urlRenipr":"http://app20.susalud.gob.pe:8080/registro-renipress-webapp/ipress.htm?action=mostrarVer&idipress=00010698"}},{"type":"Feature","geometry":{"type":"Point","coordinates":[-80.68851839999996,-4.898257999999942]},"properties":{"objectid":29441,"nombre":"MEDIVISION","departamento":"PIURA","provincia":"SULLANA","distrito":"SULLANA","institucion":"PRIVADO","codigoMinsa":25236,"direccion":"CALLE BUENOS AIRES NÚMERO 800 DISTRITO SULLANA PROVINCIA SULLANA DEPARTAMENTO PIURA","disa":"","red":"","microrred":"","categoria":"SERVICIO MÉDICO DE APOYO","condicion":"RETIRO VOLUNTARIO","actualizado":"2023/08/01 19:00:00.000","fuente":"MINSA","urlRenipr":"http://app20.susalud.gob.pe:8080/registro-renipress-webapp/ipress.htm?action=mostrarVer&idipress=00025236"}},{"type":"Feature","geometry":{"type":"Point","coordinates":[-80.65488819999996,-5.1782883999999285]},"properties":{"objectid":29554,"nombre":"LABORATORIO PASTEUR S.A.C.","departamento":"PIURA","provincia":"PIURA","distrito":"PIURA","institucion":"PRIVADO","codigoMinsa":12473,"direccion":"AVENIDA AV.SAN RAMON Nº 301- URBANIZACION EL CHIPE DISTRITO PIURA PROVINCIA PIURA DEPARTAMENTO PIURA","disa":"PIURA","red":"NO PERTENECE A NINGUNA RED","microrred":"NO PERTENECE A NINGUNA MICRORED","categoria":"SERVICIO MÉDICO DE APOYO","condicion":"ACTIVO","actualizado":"2023/08/01 19:00:00.000","fuente":"MINSA","urlRenipr":"http://app20.susalud.gob.pe:8080/registro-renipress-webapp/ipress.htm?action=mostrarVer&idipress=00012473"}},{"type":"Feature","geometry":{"type":"Point","coordinates":[-81.26289609999998,-4.581151999999975]},"properties":{"objectid":29560,"nombre":"CENTRO MEDICO ARCANGEL LEON","departamento":"PIURA","provincia":"TALARA","distrito":"PARIÑAS","institucion":"PRIVADO","codigoMinsa":18964,"direccion":"OTROS URBANIZACION LOS PINOS I ETAPA H-07 DISTRITO PARIÑAS PROVINCIA TALARA DEPARTAMENTO PIURA","disa":"PIURA","red":"NO PERTENECE A NINGUNA RED","microrred":"NO PERTENECE A NINGUNA MICRORED","categoria":"ESTABLECIMIENTO DE SALUD SIN INTERNAMIENTO","condicion":"ACTIVO","actualizado":"2023/08/01 19:00:00.000","fuente":"MINSA","urlRenipr":"http://app20.susalud.gob.pe:8080/registro-renipress-webapp/ipress.htm?action=mostrarVer&idipress=00018964"}},{"type":"Feature","geometry":{"type":"Point","coordinates":[-80.68643229999998,-4.903637999999944]},"properties":{"objectid":29697,"nombre":"CENTRO INTERNACIONAL DE ESPECIALIDADES MEDICAS Y FERTILIDAD MUJERCITAS","departamento":"PIURA","provincia":"SULLANA","distrito":"SULLANA","institucion":"PRIVADO","codigoMinsa":16640,"direccion":"AVENIDA AV. JOSE DE LAMA N° 844 DISTRITO SULLANA PROVINCIA SULLANA DEPARTAMENTO PIURA","disa":"PIURA","red":"NO PERTENECE A NINGUNA RED","microrred":"NO PERTENECE A NINGUNA MICRORED","categoria":"ESTABLECIMIENTO DE SALUD SIN INTERNAMIENTO","condicion":"ACTIVO","actualizado":"2023/08/01 19:00:00.000","fuente":"MINSA","urlRenipr":"http://app20.susalud.gob.pe:8080/registro-renipress-webapp/ipress.htm?action=mostrarVer&idipress=00016640"}},{"type":"Feature","geometry":{"type":"Point","coordinates":[-80.65488819999996,-5.1782883999999285]},"properties":{"objectid":29700,"nombre":"OPTICA ALVA","departamento":"PIURA","provincia":"PIURA","distrito":"PIURA","institucion":"PRIVADO","codigoMinsa":27530,"direccion":"AVENIDA LORETO SUR N?ERO 1051 DISTRITO PIURA PROVINCIA PIURA DEPARTAMENTO PIURA","disa":"PIURA","red":"NO PERTENECE A NINGUNA RED","microrred":"NO PERTENECE A NINGUNA MICRORED","categoria":"SERVICIO MÉDICO DE APOYO","condicion":"ACTIVO","actualizado":"2023/08/01 19:00:00.000","fuente":"MINSA","urlRenipr":"http://app20.susalud.gob.pe:8080/registro-renipress-webapp/ipress.htm?action=mostrarVer&idipress=00027530"}},{"type":"Feature","geometry":{"type":"Point","coordinates":[-80.69333309999996,-4.895089999999925]},"properties":{"objectid":29770,"nombre":"LABORATORIO DE ANÁLISIS CLÍNICOS Y MICROBIOLÓGICOS SAN FERNANDO","departamento":"PIURA","provincia":"SULLANA","distrito":"SULLANA","institucion":"PRIVADO","codigoMinsa":13564,"direccion":"AVENIDA AV. SANTA ROSA 251 - 2DO. PISO - SULLANA DISTRITO SULLANA PROVINCIA SULLANA DEPARTAMENTO PIURA","disa":"PIURA","red":"NO PERTENECE A NINGUNA RED","microrred":"NO PERTENECE A NINGUNA MICRORED","categoria":"SERVICIO MÉDICO DE APOYO","condicion":"ACTIVO","actualizado":"2023/08/01 19:00:00.000","fuente":"MINSA","urlRenipr":"http://app20.susalud.gob.pe:8080/registro-renipress-webapp/ipress.htm?action=mostrarVer&idipress=00013564"}},{"type":"Feature","geometry":{"type":"Point","coordinates":[-80.65488819999996,-5.1782883999999285]},"properties":{"objectid":29905,"nombre":"CENTRO DENTAL VICUS","departamento":"PIURA","provincia":"PIURA","distrito":"PIURA","institucion":"PRIVADO","codigoMinsa":18898,"direccion":"OTROS C.H. VICUS MZ. A LOTE Nº 10 DPTO. 102 1ER. PISO DISTRITO PIURA PROVINCIA PIURA DEPARTAMENTO PIURA","disa":"PIURA","red":"NO PERTENECE A NINGUNA RED","microrred":"NO PERTENECE A NINGUNA MICRORED","categoria":"ESTABLECIMIENTO DE SALUD SIN INTERNAMIENTO","condicion":"ACTIVO","actualizado":"2023/08/01 19:00:00.000","fuente":"MINSA","urlRenipr":"http://app20.susalud.gob.pe:8080/registro-renipress-webapp/ipress.htm?action=mostrarVer&idipress=00018898"}},{"type":"Feature","geometry":{"type":"Point","coordinates":[-80.65488819999996,-5.1782883999999285]},"properties":{"objectid":29928,"nombre":"CLINICA OFTALMOLOGICA DR. PONGO S.R.L.","departamento":"PIURA","provincia":"PIURA","distrito":"PIURA","institucion":"PRIVADO","codigoMinsa":26303,"direccion":"AVENIDA GRAU NÚMERO 1026 DISTRITO PIURA PROVINCIA PIURA DEPARTAMENTO PIURA","disa":"PIURA","red":"NO PERTENECE A NINGUNA RED","microrred":"NO PERTENECE A NINGUNA MICRORED","categoria":"ESTABLECIMIENTO DE SALUD SIN INTERNAMIENTO","condicion":"ACTIVO","actualizado":"2023/08/01 19:00:00.000","fuente":"MINSA","urlRenipr":"http://app20.susalud.gob.pe:8080/registro-renipress-webapp/ipress.htm?action=mostrarVer&idipress=00026303"}},{"type":"Feature","geometry":{"type":"Point","coordinates":[-80.63337389999998,-5.194833499999959]},"properties":{"objectid":29968,"nombre":"DIGITAL MEDICA PIURA EIRL","departamento":"PIURA","provincia":"PIURA","distrito":"PIURA","institucion":"PRIVADO","codigoMinsa":27457,"direccion":"AVENIDA GRAU NÚMERO 831 URBANIZACIÓN SECCION 1B PIURA CERCADO DISTRITO PIURA PROVINCIA PIURA DEPARTAMENTO PIURA","disa":"PIURA","red":"NO PERTENECE A NINGUNA RED","microrred":"NO PERTENECE A NINGUNA MICRORED","categoria":"ESTABLECIMIENTO DE SALUD SIN INTERNAMIENTO","condicion":"ACTIVO","actualizado":"2023/08/01 19:00:00.000","fuente":"MINSA","urlRenipr":"http://app20.susalud.gob.pe:8080/registro-renipress-webapp/ipress.htm?action=mostrarVer&idipress=00027457"}},{"type":"Feature","geometry":{"type":"Point","coordinates":[-80.65296899999998,-5.1957093999999415]},"properties":{"objectid":30282,"nombre":"CONSULTORIO MEDICO NEFROLOGICO","departamento":"PIURA","provincia":"PIURA","distrito":"PIURA","institucion":"PRIVADO","codigoMinsa":29250,"direccion":"CALLE SAN CRISTOBAL NÚMERO 267 INTERIOR 118 LOTE 02 URBANIZACIÓN EL CHIPE DISTRITO PIURA PROVINCIA PIURA DEPARTAMENTO PIURA","disa":"PIURA","red":"","microrred":"","categoria":"ESTABLECIMIENTO DE SALUD SIN INTERNAMIENTO","condicion":"ACTIVO","actualizado":"2023/08/01 19:00:00.000","fuente":"MINSA","urlRenipr":"http://app20.susalud.gob.pe:8080/registro-renipress-webapp/ipress.htm?action=mostrarVer&idipress=00029250"}},{"type":"Feature","geometry":{"type":"Point","coordinates":[-81.27558830999999,-4.5785104399999454]},"properties":{"objectid":30283,"nombre":"ADMINISTRADORA CLINICA TRESA","departamento":"PIURA","provincia":"TALARA","distrito":"PARIÑAS","institucion":"PRIVADO","codigoMinsa":11396,"direccion":"AVENIDA AVENIDA A- 108 B DISTRITO PARIÑAS PROVINCIA TALARA DEPARTAMENTO PIURA","disa":"PIURA","red":"NO PERTENECE A NINGUNA RED","microrred":"NO PERTENECE A NINGUNA MICRORED","categoria":"ESTABLECIMIENTO DE SALUD CON INTERNAMIENTO","condicion":"ACTIVO","actualizado":"2023/08/01 19:00:00.000","fuente":"MINSA","urlRenipr":"http://app20.susalud.gob.pe:8080/registro-renipress-webapp/ipress.htm?action=mostrarVer&idipress=00011396"}},{"type":"Feature","geometry":{"type":"Point","coordinates":[-80.68851839999996,-4.898257999999942]},"properties":{"objectid":30296,"nombre":"servicio de medicina fisica y rehabilitacion","departamento":"PIURA","provincia":"SULLANA","distrito":"SULLANA","institucion":"PRIVADO","codigoMinsa":25230,"direccion":"CALLE DOS NÚMERO 800 DISTRITO SULLANA PROVINCIA SULLANA DEPARTAMENTO PIURA","disa":"","red":"","microrred":"","categoria":"SERVICIO MÉDICO DE APOYO","condicion":"RETIRO VOLUNTARIO","actualizado":"2023/08/01 19:00:00.000","fuente":"MINSA","urlRenipr":"http://app20.susalud.gob.pe:8080/registro-renipress-webapp/ipress.htm?action=mostrarVer&idipress=00025230"}},{"type":"Feature","geometry":{"type":"Point","coordinates":[-80.68689912999997,-4.897984419999943]},"properties":{"objectid":30321,"nombre":"HOSPITAL DE LA SOLIDARIDAD SULLANA","departamento":"PIURA","provincia":"SULLANA","distrito":"SULLANA","institucion":"PRIVADO","codigoMinsa":10650,"direccion":"CALLE CALLE 2 ESQUINA CON TRANSVERSAL PIURA DISTRITO SULLANA PROVINCIA SULLANA DEPARTAMENTO PIURA","disa":"","red":"","microrred":"","categoria":"SERVICIO MÉDICO DE APOYO","condicion":"RETIRO VOLUNTARIO","actualizado":"2023/08/01 19:00:00.000","fuente":"MINSA","urlRenipr":"http://app20.susalud.gob.pe:8080/registro-renipress-webapp/ipress.htm?action=mostrarVer&idipress=00010650"}},{"type":"Feature","geometry":{"type":"Point","coordinates":[-80.65488819999996,-5.1782883999999285]},"properties":{"objectid":30362,"nombre":"CLINICA DOCENTE ESTOMATOLOGICA UNIVERSIDAD \"ALAS PERUANAS\"","departamento":"PIURA","provincia":"PIURA","distrito":"CASTILLA","institucion":"PRIVADO","codigoMinsa":25757,"direccion":"OTROS KM. 4 CARRETERA CHULUCANAS - CASTILLA DISTRITO CASTILLA PROVINCIA PIURA DEPARTAMENTO PIURA","disa":"PIURA","red":"NO PERTENECE A NINGUNA RED","microrred":"NO PERTENECE A NINGUNA MICRORED","categoria":"ESTABLECIMIENTO DE SALUD SIN INTERNAMIENTO","condicion":"ACTIVO","actualizado":"2023/08/01 19:00:00.000","fuente":"MINSA","urlRenipr":"http://app20.susalud.gob.pe:8080/registro-renipress-webapp/ipress.htm?action=mostrarVer&idipress=00025757"}},{"type":"Feature","geometry":{"type":"Point","coordinates":[-80.65488819999996,-5.1782883999999285]},"properties":{"objectid":30532,"nombre":"BM CORPORACION OFTALMOLOGICA E.I.R.L.","departamento":"PIURA","provincia":"PIURA","distrito":"CASTILLA","institucion":"PRIVADO","codigoMinsa":25632,"direccion":"AVENIDA INDEPENDENCIA N?ERO 216 PISO 2 INTERIOR 3 URBANIZACI? MIRAFLORES DISTRITO CASTILLA PROVINCIA PIURA DEPARTAMENTO PIURA","disa":"PIURA","red":"NO PERTENECE A NINGUNA RED","microrred":"NO PERTENECE A NINGUNA MICRORED","categoria":"ESTABLECIMIENTO DE SALUD SIN INTERNAMIENTO","condicion":"ACTIVO","actualizado":"2023/08/01 19:00:00.000","fuente":"MINSA","urlRenipr":"http://app20.susalud.gob.pe:8080/registro-renipress-webapp/ipress.htm?action=mostrarVer&idipress=00025632"}},{"type":"Feature","geometry":{"type":"Point","coordinates":[-80.68817179999996,-5.168472099999974]},"properties":{"objectid":30533,"nombre":"DIAGNOSTIC LAB","departamento":"PIURA","provincia":"PIURA","distrito":"VEINTISEIS DE OCTUBRE","institucion":"PRIVADO","codigoMinsa":28468,"direccion":"URBANIZACIÓN MICAELA BASTIDAS IV ETAPA MANZANA M2 LOTE 42 URBANIZACIÓN MICAELA BASTIDAS IV ETAPA DISTRITO VEINTISEIS DE OCTUBRE PROVINCIA PIURA DEPARTAMENTO PIURA","disa":"PIURA","red":"NO PERTENECE A NINGUNA RED","microrred":"NO PERTENECE A NINGUNA MICRORED","categoria":"SERVICIO MÉDICO DE APOYO","condicion":"ACTIVO","actualizado":"2023/08/01 19:00:00.000","fuente":"MINSA","urlRenipr":"http://app20.susalud.gob.pe:8080/registro-renipress-webapp/ipress.htm?action=mostrarVer&idipress=00028468"}},{"type":"Feature","geometry":{"type":"Point","coordinates":[-80.65298089999999,-5.245461099999943]},"properties":{"objectid":30577,"nombre":"HOSPITAL PRIVADO DEL PERU","departamento":"PIURA","provincia":"PIURA","distrito":"CATACAOS","institucion":"PRIVADO","codigoMinsa":10723,"direccion":"CARRETERA KM. 5 CARRETERA PIURA - CATACAOS / CASERÍO SIMBILÁ DISTRITO CATACAOS PROVINCIA PIURA DEPARTAMENTO PIURA","disa":"PIURA","red":"NO PERTENECE A NINGUNA RED","microrred":"NO PERTENECE A NINGUNA MICRORED","categoria":"ESTABLECIMIENTO DE SALUD CON INTERNAMIENTO","condicion":"ACTIVO","actualizado":"2023/08/01 19:00:00.000","fuente":"MINSA","urlRenipr":"http://app20.susalud.gob.pe:8080/registro-renipress-webapp/ipress.htm?action=mostrarVer&idipress=00010723"}},{"type":"Feature","geometry":{"type":"Point","coordinates":[-80.96029616999994,-4.912006549999944]},"properties":{"objectid":30641,"nombre":"LA HUACA","departamento":"PIURA","provincia":"PAITA","distrito":"LA HUACA","institucion":"GOBIERNO REGIONAL","codigoMinsa":2027,"direccion":"CALLE CALLE INCLAN N°409 CALLE INCLAN N°409 LA HUACA PAITA PIURA","disa":"PIURA","red":"SULLANA","microrred":"PAITA","categoria":"ESTABLECIMIENTO DE SALUD SIN INTERNAMIENTO","condicion":"ACTIVO","actualizado":"2023/08/01 19:00:00.000","fuente":"MINSA","urlRenipr":"http://app20.susalud.gob.pe:8080/registro-renipress-webapp/ipress.htm?action=mostrarVer&idipress=00002027"}},{"type":"Feature","geometry":{"type":"Point","coordinates":[-80.42052450999995,-4.829736129999958]},"properties":{"objectid":30642,"nombre":"YAHUAR HUACA","departamento":"PIURA","provincia":"PIURA","distrito":"TAMBO GRANDE","institucion":"GOBIERNO REGIONAL","codigoMinsa":1993,"direccion":"OTROS CASERIO YAHUAR HUACA DISTRITO TAMBO GRANDE PROVINCIA PIURA DEPARTAMENTO PIURA","disa":"PIURA","red":"AYABACA","microrred":"TAMBOGRANDE","categoria":"ESTABLECIMIENTO DE SALUD SIN INTERNAMIENTO","condicion":"ACTIVO","actualizado":"2023/08/01 19:00:00.000","fuente":"MINSA","urlRenipr":"http://app20.susalud.gob.pe:8080/registro-renipress-webapp/ipress.htm?action=mostrarVer&idipress=00001993"}},{"type":"Feature","geometry":{"type":"Point","coordinates":[-80.41456715999999,-4.890373909999937]},"properties":{"objectid":30643,"nombre":"CHICA ALTA","departamento":"PIURA","provincia":"PIURA","distrito":"TAMBO GRANDE","institucion":"GOBIERNO REGIONAL","codigoMinsa":1986,"direccion":"OTROS CENTRO POBLADO CHICA ALTA DISTRITO TAMBO GRANDE PROVINCIA PIURA DEPARTAMENTO PIURA","disa":"PIURA","red":"AYABACA","microrred":"TAMBOGRANDE","categoria":"ESTABLECIMIENTO DE SALUD SIN INTERNAMIENTO","condicion":"ACTIVO","actualizado":"2023/08/01 19:00:00.000","fuente":"MINSA","urlRenipr":"http://app20.susalud.gob.pe:8080/registro-renipress-webapp/ipress.htm?action=mostrarVer&idipress=00001986"}},{"type":"Feature","geometry":{"type":"Point","coordinates":[-80.63263299999994,-5.195784999999944]},"properties":{"objectid":30684,"nombre":"UNILABS LABORATORY DIAGNOSTICS","departamento":"PIURA","provincia":"PIURA","distrito":"PIURA","institucion":"PRIVADO","codigoMinsa":31408,"direccion":"JIRÓN HUANCAVELICA NÚMERO 1069 DISTRITO PIURA PROVINCIA PIURA DEPARTAMENTO PIURA","disa":"PIURA","red":"","microrred":"","categoria":"SERVICIO MÉDICO DE APOYO","condicion":"ACTIVO","actualizado":"2023/08/01 19:00:00.000","fuente":"MINSA","urlRenipr":"http://app20.susalud.gob.pe:8080/registro-renipress-webapp/ipress.htm?action=mostrarVer&idipress=00031408"}},{"type":"Feature","geometry":{"type":"Point","coordinates":[-80.68643229999998,-4.903637999999944]},"properties":{"objectid":30690,"nombre":"MEDICENTRO ARCANGEL SULLANA 1","departamento":"PIURA","provincia":"SULLANA","distrito":"SULLANA","institucion":"PRIVADO","codigoMinsa":14547,"direccion":"AVENIDA JOSE DE LAMA Nª 063 Y TRAV. MIROQUEZADA S/N NÚMERO S/N DISTRITO SULLANA PROVINCIA SULLANA DEPARTAMENTO PIURA","disa":"","red":"","microrred":"","categoria":"ESTABLECIMIENTO DE SALUD SIN INTERNAMIENTO","condicion":"RETIRO VOLUNTARIO","actualizado":"2023/08/01 19:00:00.000","fuente":"MINSA","urlRenipr":"http://app20.susalud.gob.pe:8080/registro-renipress-webapp/ipress.htm?action=mostrarVer&idipress=00014547"}},{"type":"Feature","geometry":{"type":"Point","coordinates":[-80.16435429999996,-5.093166499999938]},"properties":{"objectid":30729,"nombre":"CLINICA VIRGEN DE GUADALUPE","departamento":"PIURA","provincia":"MORROPON","distrito":"CHULUCANAS","institucion":"PRIVADO","codigoMinsa":31235,"direccion":"JIRÓN HUANCAVELICA NÚMERO 1244 DISTRITO CHULUCANAS PROVINCIA MORROPON DEPARTAMENTO PIURA","disa":"PIURA","red":"","microrred":"","categoria":"ESTABLECIMIENTO DE SALUD SIN INTERNAMIENTO","condicion":"ACTIVO","actualizado":"2023/08/01 19:00:00.000","fuente":"MINSA","urlRenipr":"http://app20.susalud.gob.pe:8080/registro-renipress-webapp/ipress.htm?action=mostrarVer&idipress=00031235"}},{"type":"Feature","geometry":{"type":"Point","coordinates":[-79.60444449999994,-5.375897879999968]},"properties":{"objectid":30764,"nombre":"POSTA MEDICA ESSALUD CANCHAQUE","departamento":"PIURA","provincia":"HUANCABAMBA","distrito":"CANCHAQUE","institucion":"ESSALUD","codigoMinsa":19835,"direccion":"AVENIDA AV. 22 DE AGOSTO 301 CANCHAQUE DISTRITO CANCHAQUE PROVINCIA HUANCABAMBA DEPARTAMENTO PIURA","disa":"PIURA","red":"NO PERTENECE A NINGUNA RED","microrred":"NO PERTENECE A NINGUNA MICRORED","categoria":"ESTABLECIMIENTO DE SALUD SIN INTERNAMIENTO","condicion":"ACTIVO","actualizado":"2023/08/01 19:00:00.000","fuente":"MINSA","urlRenipr":"http://app20.susalud.gob.pe:8080/registro-renipress-webapp/ipress.htm?action=mostrarVer&idipress=00019835"}},{"type":"Feature","geometry":{"type":"Point","coordinates":[-80.15808407999998,-5.100652909999951]},"properties":{"objectid":30769,"nombre":"CAP II CHULUCANAS","departamento":"PIURA","provincia":"MORROPON","distrito":"CHULUCANAS","institucion":"ESSALUD","codigoMinsa":19913,"direccion":"AVENIDA AV MARIA PARADO DE BELLIDO MZ U LOTE 01 AA.HH. ÑACARA DISTRITO CHULUCANAS PROVINCIA MORROPON DEPARTAMENTO PIURA","disa":"PIURA","red":"NO PERTENECE A NINGUNA RED","microrred":"NO PERTENECE A NINGUNA MICRORED","categoria":"ESTABLECIMIENTO DE SALUD SIN INTERNAMIENTO","condicion":"ACTIVO","actualizado":"2023/08/01 19:00:00.000","fuente":"MINSA","urlRenipr":"http://app20.susalud.gob.pe:8080/registro-renipress-webapp/ipress.htm?action=mostrarVer&idipress=00019913"}},{"type":"Feature","geometry":{"type":"Point","coordinates":[-80.34158083999995,-4.934847429999934]},"properties":{"objectid":30772,"nombre":"CENTRO MEDICO ESSALUD TAMBOGRANDE","departamento":"PIURA","provincia":"PIURA","distrito":"TAMBO GRANDE","institucion":"ESSALUD","codigoMinsa":11707,"direccion":"JIRÓN JIRON LIMA N° 352 TAMBOGRANDE DISTRITO TAMBO GRANDE PROVINCIA PIURA DEPARTAMENTO PIURA","disa":"PIURA","red":"NO PERTENECE A NINGUNA RED","microrred":"NO PERTENECE A NINGUNA MICRORED","categoria":"ESTABLECIMIENTO DE SALUD SIN INTERNAMIENTO","condicion":"ACTIVO","actualizado":"2023/08/01 19:00:00.000","fuente":"MINSA","urlRenipr":"http://app20.susalud.gob.pe:8080/registro-renipress-webapp/ipress.htm?action=mostrarVer&idipress=00011707"}},{"type":"Feature","geometry":{"type":"Point","coordinates":[-80.61938166999994,-5.198266669999953]},"properties":{"objectid":30773,"nombre":"CAP III CASTILLA","departamento":"PIURA","provincia":"PIURA","distrito":"CASTILLA","institucion":"ESSALUD","codigoMinsa":10243,"direccion":"CALLE LEONCIO PRADO AAHH CALIXTO BALAREZO NÚMERO S/N DISTRITO CASTILLA PROVINCIA PIURA DEPARTAMENTO PIURA","disa":"PIURA","red":"NO PERTENECE A NINGUNA RED","microrred":"NO PERTENECE A NINGUNA MICRORED","categoria":"ESTABLECIMIENTO DE SALUD SIN INTERNAMIENTO","condicion":"ACTIVO","actualizado":"2023/08/01 19:00:00.000","fuente":"MINSA","urlRenipr":"http://app20.susalud.gob.pe:8080/registro-renipress-webapp/ipress.htm?action=mostrarVer&idipress=00010243"}},{"type":"Feature","geometry":{"type":"Point","coordinates":[-80.65488819999996,-5.1782883999999285]},"properties":{"objectid":30790,"nombre":"P&M NORTH MEDIC GROUP - NORTH DENT","departamento":"PIURA","provincia":"PIURA","distrito":"PIURA","institucion":"PRIVADO","codigoMinsa":26437,"direccion":"CALLE CUZCO N?ERO 714 PISO 2 DEPARTAMENTO 202 DISTRITO PIURA PROVINCIA PIURA DEPARTAMENTO PIURA","disa":"PIURA","red":"NO PERTENECE A NINGUNA RED","microrred":"NO PERTENECE A NINGUNA MICRORED","categoria":"ESTABLECIMIENTO DE SALUD SIN INTERNAMIENTO","condicion":"ACTIVO","actualizado":"2023/08/01 19:00:00.000","fuente":"MINSA","urlRenipr":"http://app20.susalud.gob.pe:8080/registro-renipress-webapp/ipress.htm?action=mostrarVer&idipress=00026437"}},{"type":"Feature","geometry":{"type":"Point","coordinates":[-80.65296899999998,-5.1957093999999415]},"properties":{"objectid":30798,"nombre":"CONSULTORIO DENTAL DRA. DIANA LEON","departamento":"PIURA","provincia":"PIURA","distrito":"PIURA","institucion":"PRIVADO","codigoMinsa":30355,"direccion":"AVENIDA LOS COCOS NÚMERO 111 URBANIZACIÓN CLUB GRAU DISTRITO PIURA PROVINCIA PIURA DEPARTAMENTO PIURA","disa":"PIURA","red":"","microrred":"","categoria":"ESTABLECIMIENTO DE SALUD SIN INTERNAMIENTO","condicion":"ACTIVO","actualizado":"2023/08/01 19:00:00.000","fuente":"MINSA","urlRenipr":"http://app20.susalud.gob.pe:8080/registro-renipress-webapp/ipress.htm?action=mostrarVer&idipress=00030355"}},{"type":"Feature","geometry":{"type":"Point","coordinates":[-80.68643229999998,-4.903637999999944]},"properties":{"objectid":30807,"nombre":"HOGAR PROTEGIDO DE SULLANA","departamento":"PIURA","provincia":"SULLANA","distrito":"SULLANA","institucion":"GOBIERNO REGIONAL","codigoMinsa":31453,"direccion":"CAMINO AFIRMADO NUEVA ESPERANZA MANZANA LL LOTE 22 DISTRITO SULLANA PROVINCIA SULLANA DEPARTAMENTO PIURA","disa":"PIURA","red":"SULLANA","microrred":"BELLAVISTA","categoria":"SERVICIO MÉDICO DE APOYO","condicion":"ACTIVO","actualizado":"2023/08/01 19:00:00.000","fuente":"MINSA","urlRenipr":"http://app20.susalud.gob.pe:8080/registro-renipress-webapp/ipress.htm?action=mostrarVer&idipress=00031453"}},{"type":"Feature","geometry":{"type":"Point","coordinates":[-79.94552629999998,-4.627142799999945]},"properties":{"objectid":30808,"nombre":"CENTRO DE SALUD MENTAL COMUNITARIO \"BUEN SAMARITANO\"","departamento":"PIURA","provincia":"AYABACA","distrito":"PAIMAS","institucion":"GOBIERNO REGIONAL","codigoMinsa":31459,"direccion":"AVENIDA FERNANDO BELAUNDE TERRY MANZANA P LOTE 3 DISTRITO PAIMAS PROVINCIA AYABACA DEPARTAMENTO PIURA","disa":"PIURA","red":"AYABACA","microrred":"PAIMAS","categoria":"ESTABLECIMIENTO DE SALUD SIN INTERNAMIENTO","condicion":"ACTIVO","actualizado":"2023/08/01 19:00:00.000","fuente":"MINSA","urlRenipr":"http://app20.susalud.gob.pe:8080/registro-renipress-webapp/ipress.htm?action=mostrarVer&idipress=00031459"}},{"type":"Feature","geometry":{"type":"Point","coordinates":[-81.30397386999994,-4.6586340099999575]},"properties":{"objectid":30809,"nombre":"NEGRITOS","departamento":"PIURA","provincia":"TALARA","distrito":"LA BREA","institucion":"GOBIERNO REGIONAL","codigoMinsa":2075,"direccion":"OTROS URB. SUD AMERICA D-14 TALARA URB. SUD AMERICA D-14 TALARA LA BREA TALARA PIURA","disa":"PIURA","red":"SULLANA","microrred":"TALARA","categoria":"ESTABLECIMIENTO DE SALUD SIN INTERNAMIENTO","condicion":"ACTIVO","actualizado":"2023/08/01 19:00:00.000","fuente":"MINSA","urlRenipr":"http://app20.susalud.gob.pe:8080/registro-renipress-webapp/ipress.htm?action=mostrarVer&idipress=00002075"}},{"type":"Feature","geometry":{"type":"Point","coordinates":[-80.68317753999997,-4.859865529999979]},"properties":{"objectid":30810,"nombre":"CENTRO DE SALUD SALITRAL","departamento":"PIURA","provincia":"SULLANA","distrito":"SALITRAL","institucion":"GOBIERNO REGIONAL","codigoMinsa":2058,"direccion":"OTROS TRANSV. GALVEZ CON BOLOGNESI SALITRAL TRANSV. GALVEZ CON BOLOGNESI SALITRAL SALITRAL SULLANA PIURA","disa":"PIURA","red":"SULLANA","microrred":"QUERECOTILLO","categoria":"ESTABLECIMIENTO DE SALUD SIN INTERNAMIENTO","condicion":"ACTIVO","actualizado":"2023/08/01 19:00:00.000","fuente":"MINSA","urlRenipr":"http://app20.susalud.gob.pe:8080/registro-renipress-webapp/ipress.htm?action=mostrarVer&idipress=00002058"}},{"type":"Feature","geometry":{"type":"Point","coordinates":[-81.02622574999998,-4.885056949999978]},"properties":{"objectid":30811,"nombre":"CENTRO DE SALUD EL ARENAL","departamento":"PIURA","provincia":"PAITA","distrito":"ARENAL","institucion":"GOBIERNO REGIONAL","codigoMinsa":2025,"direccion":"OTROS CASERIO EL ARENAL CASERIO EL ARENAL ARENAL PAITA PIURA","disa":"PIURA","red":"SULLANA","microrred":"PAITA","categoria":"ESTABLECIMIENTO DE SALUD SIN INTERNAMIENTO","condicion":"ACTIVO","actualizado":"2023/08/01 19:00:00.000","fuente":"MINSA","urlRenipr":"http://app20.susalud.gob.pe:8080/registro-renipress-webapp/ipress.htm?action=mostrarVer&idipress=00002025"}},{"type":"Feature","geometry":{"type":"Point","coordinates":[-80.33621451999994,-4.922993409999947]},"properties":{"objectid":30812,"nombre":"CENTRO DE SALUD MATERNO INFANTIL TAMBOGRANDE","departamento":"PIURA","provincia":"PIURA","distrito":"TAMBO GRANDE","institucion":"GOBIERNO REGIONAL","codigoMinsa":1977,"direccion":"OTROS ZONA INDUSTRIAL AA.HH. FROILAN ALAMA ZONA INDUSTRIAL AA.HH. FROILAN ALAMA TAMBO GRANDE PIURA PIURA","disa":"PIURA","red":"AYABACA","microrred":"TAMBOGRANDE","categoria":"ESTABLECIMIENTO DE SALUD CON INTERNAMIENTO","condicion":"ACTIVO","actualizado":"2023/08/01 19:00:00.000","fuente":"MINSA","urlRenipr":"http://app20.susalud.gob.pe:8080/registro-renipress-webapp/ipress.htm?action=mostrarVer&idipress=00001977"}},{"type":"Feature","geometry":{"type":"Point","coordinates":[-79.47918473999994,-4.648090949999926]},"properties":{"objectid":30813,"nombre":"ESPINDOLA","departamento":"PIURA","provincia":"AYABACA","distrito":"AYABACA","institucion":"GOBIERNO REGIONAL","codigoMinsa":1920,"direccion":"OTROS CASERIO DE ESPINDOLA COMUNIDAD DE SAMANGA DISTRITO AYABACA PROVINCIA AYABACA DEPARTAMENTO PIURA","disa":"PIURA","red":"AYABACA","microrred":"AYABACA","categoria":"ESTABLECIMIENTO DE SALUD SIN INTERNAMIENTO","condicion":"ACTIVO","actualizado":"2023/08/01 19:00:00.000","fuente":"MINSA","urlRenipr":"http://app20.susalud.gob.pe:8080/registro-renipress-webapp/ipress.htm?action=mostrarVer&idipress=00001920"}},{"type":"Feature","geometry":{"type":"Point","coordinates":[-81.27209590999996,-4.578828999999928]},"properties":{"objectid":30814,"nombre":"CENTRO DE SALUD TALARA II","departamento":"PIURA","provincia":"TALARA","distrito":"PARIÑAS","institucion":"GOBIERNO REGIONAL","codigoMinsa":2074,"direccion":"AVENIDA AVENIDA GRAU S/N EXPOLICLINICO PETROPERU S/N AVENIDA GRAU S/N EXPOLICLINICO PETROPERU PARIÑAS TALARA PIURA","disa":"PIURA","red":"SULLANA","microrred":"TALARA","categoria":"ESTABLECIMIENTO DE SALUD CON INTERNAMIENTO","condicion":"ACTIVO","actualizado":"2023/08/01 19:00:00.000","fuente":"MINSA","urlRenipr":"http://app20.susalud.gob.pe:8080/registro-renipress-webapp/ipress.htm?action=mostrarVer&idipress=00002074"}},{"type":"Feature","geometry":{"type":"Point","coordinates":[-80.30393102999994,-5.007015649999971]},"properties":{"objectid":30815,"nombre":"LA RITA","departamento":"PIURA","provincia":"PIURA","distrito":"TAMBO GRANDE","institucion":"GOBIERNO REGIONAL","codigoMinsa":2000,"direccion":"OTROS CASERIO LA RITA - TAMBOGRANDE CASERIO LA RITA - TAMBOGRANDE TAMBO GRANDE PIURA PIURA","disa":"PIURA","red":"AYABACA","microrred":"TAMBOGRANDE","categoria":"ESTABLECIMIENTO DE SALUD SIN INTERNAMIENTO","condicion":"ACTIVO","actualizado":"2023/08/01 19:00:00.000","fuente":"MINSA","urlRenipr":"http://app20.susalud.gob.pe:8080/registro-renipress-webapp/ipress.htm?action=mostrarVer&idipress=00002000"}},{"type":"Feature","geometry":{"type":"Point","coordinates":[-79.98171620999995,-4.775510689999976]},"properties":{"objectid":30816,"nombre":"SAPILLLICA","departamento":"PIURA","provincia":"AYABACA","distrito":"SAPILLICA","institucion":"GOBIERNO REGIONAL","codigoMinsa":1955,"direccion":"CALLE CALLE LA ARENA S/N. SAPILLLICA S/N CALLE LA ARENA S/N. SAPILLLICA SAPILLICA AYABACA PIURA","disa":"PIURA","red":"AYABACA","microrred":"LAS LOMAS","categoria":"ESTABLECIMIENTO DE SALUD SIN INTERNAMIENTO","condicion":"ACTIVO","actualizado":"2023/08/01 19:00:00.000","fuente":"MINSA","urlRenipr":"http://app20.susalud.gob.pe:8080/registro-renipress-webapp/ipress.htm?action=mostrarVer&idipress=00001955"}},{"type":"Feature","geometry":{"type":"Point","coordinates":[-80.65488819999996,-5.1782883999999285]},"properties":{"objectid":30852,"nombre":"INSTITUTO MÉDICO DEL DOLOR Y REHABILITACIÓN DRA.SILVANA BORRERO","departamento":"PIURA","provincia":"PIURA","distrito":"PIURA","institucion":"PRIVADO","codigoMinsa":21654,"direccion":"CALLE LAS CASUARINAS NÚMERO 193 MANZANA J LOTE 03 DISTRITO PIURA PROVINCIA PIURA DEPARTAMENTO PIURA","disa":"PIURA","red":"NO PERTENECE A NINGUNA RED","microrred":"NO PERTENECE A NINGUNA MICRORED","categoria":"SERVICIO MÉDICO DE APOYO","condicion":"ACTIVO","actualizado":"2023/08/01 19:00:00.000","fuente":"MINSA","urlRenipr":"http://app20.susalud.gob.pe:8080/registro-renipress-webapp/ipress.htm?action=mostrarVer&idipress=00021654"}},{"type":"Feature","geometry":{"type":"Point","coordinates":[-81.09340129999998,-5.093106999999975]},"properties":{"objectid":30855,"nombre":"CENTRO MEDICO Y DE AYUDA AL DIAGNOSTICO GALENO","departamento":"PIURA","provincia":"PAITA","distrito":"PAITA","institucion":"PRIVADO","codigoMinsa":30963,"direccion":"URBANIZACIÓN ISABEL BARRETO II ETAPA MANZANA P LOTE 3 DISTRITO PAITA PROVINCIA PAITA DEPARTAMENTO PIURA","disa":"PIURA","red":"","microrred":"","categoria":"ESTABLECIMIENTO DE SALUD SIN INTERNAMIENTO","condicion":"ACTIVO","actualizado":"2023/08/01 19:00:00.000","fuente":"MINSA","urlRenipr":"http://app20.susalud.gob.pe:8080/registro-renipress-webapp/ipress.htm?action=mostrarVer&idipress=00030963"}},{"type":"Feature","geometry":{"type":"Point","coordinates":[-79.64915831999997,-5.308306119999941]},"properties":{"objectid":30889,"nombre":"E.S. CILIA","departamento":"PIURA","provincia":"HUANCABAMBA","distrito":"CANCHAQUE","institucion":"GOBIERNO REGIONAL","codigoMinsa":2231,"direccion":"OTROS CENTRO POBLADO CILIA S/N S/N CENTRO POBLADO CILIA S/N CANCHAQUE HUANCABAMBA PIURA","disa":"PIURA","red":"MORROPON CHULUCANAS","microrred":"SALITRAL","categoria":"ESTABLECIMIENTO DE SALUD SIN INTERNAMIENTO","condicion":"ACTIVO","actualizado":"2023/08/01 19:00:00.000","fuente":"MINSA","urlRenipr":"http://app20.susalud.gob.pe:8080/registro-renipress-webapp/ipress.htm?action=mostrarVer&idipress=00002231"}},{"type":"Feature","geometry":{"type":"Point","coordinates":[-79.37823153999994,-5.880214149999972]},"properties":{"objectid":30890,"nombre":"P.S JACAPAMPA","departamento":"PIURA","provincia":"HUANCABAMBA","distrito":"HUARMACA","institucion":"GOBIERNO REGIONAL","codigoMinsa":2287,"direccion":"OTROS CENTRO POBLADO JACAPAMPA S/N NÚMERO S/N DISTRITO HUARMACA PROVINCIA HUANCABAMBA DEPARTAMENTO PIURA","disa":"PIURA","red":"HUARMACA","microrred":"HUARMACA","categoria":"ESTABLECIMIENTO DE SALUD SIN INTERNAMIENTO","condicion":"ACTIVO","actualizado":"2023/08/01 19:00:00.000","fuente":"MINSA","urlRenipr":"http://app20.susalud.gob.pe:8080/registro-renipress-webapp/ipress.htm?action=mostrarVer&idipress=00002287"}},{"type":"Feature","geometry":{"type":"Point","coordinates":[-80.65488819999996,-5.1782883999999285]},"properties":{"objectid":30891,"nombre":"SAMU - SERVICIO DE ATENCIÓN MÓVIL DE URGENCIAS","departamento":"PIURA","provincia":"PIURA","distrito":"CASTILLA","institucion":"GOBIERNO REGIONAL","codigoMinsa":26311,"direccion":"AVENIDA IRAZOLA S/N MIRAFLORES COSTADO DEL HOSPITAL REGIONAL CASTILLA PIURA PIURA","disa":"PIURA","red":"PIURA CASTILLA","microrred":"CASTILLA","categoria":"SERVICIO MÉDICO DE APOYO","condicion":"ACTIVO","actualizado":"2023/08/01 19:00:00.000","fuente":"MINSA","urlRenipr":"http://app20.susalud.gob.pe:8080/registro-renipress-webapp/ipress.htm?action=mostrarVer&idipress=00026311"}},{"type":"Feature","geometry":{"type":"Point","coordinates":[-79.78645975999996,-5.317853859999957]},"properties":{"objectid":30892,"nombre":"ESTABLECIMIENTO DE SALUD SAN JUAN DE BIGOTE","departamento":"PIURA","provincia":"MORROPON","distrito":"SAN JUAN DE BIGOTE","institucion":"GOBIERNO REGIONAL","codigoMinsa":2228,"direccion":"OTROS JOSE CARLOS MARIATEGUI S/N S/N JOSE CARLOS MARIATEGUI S/N SAN JUAN DE BIGOTE MORROPON PIURA","disa":"PIURA","red":"MORROPON CHULUCANAS","microrred":"SALITRAL","categoria":"ESTABLECIMIENTO DE SALUD SIN INTERNAMIENTO","condicion":"ACTIVO","actualizado":"2023/08/01 19:00:00.000","fuente":"MINSA","urlRenipr":"http://app20.susalud.gob.pe:8080/registro-renipress-webapp/ipress.htm?action=mostrarVer&idipress=00002228"}},{"type":"Feature","geometry":{"type":"Point","coordinates":[-80.07562999999999,-5.153661669999963]},"properties":{"objectid":30893,"nombre":"P.S. PIURA LA VIEJA","departamento":"PIURA","provincia":"MORROPON","distrito":"LA MATANZA","institucion":"GOBIERNO REGIONAL","codigoMinsa":15981,"direccion":"OTROS CASERIO PIURA LA VIEJA CASERIO PIURA LA VIEJA LA MATANZA MORROPON PIURA","disa":"PIURA","red":"MORROPON CHULUCANAS","microrred":"CHULUCANAS","categoria":"ESTABLECIMIENTO DE SALUD SIN INTERNAMIENTO","condicion":"ACTIVO","actualizado":"2023/08/01 19:00:00.000","fuente":"MINSA","urlRenipr":"http://app20.susalud.gob.pe:8080/registro-renipress-webapp/ipress.htm?action=mostrarVer&idipress=00015981"}},{"type":"Feature","geometry":{"type":"Point","coordinates":[-79.82487832999999,-5.128964999999937]},"properties":{"objectid":30894,"nombre":"E.S. LA RINCONADA","departamento":"PIURA","provincia":"MORROPON","distrito":"CHALACO","institucion":"GOBIERNO REGIONAL","codigoMinsa":2187,"direccion":"CALLE CENTRO POBLADO LA RINCONADA CALLE SAN FRANCISCO MZ. A LT. Nº 22 DISTRITO CHALACO PROVINCIA MORROPON DEPARTAMENTO PIURA","disa":"PIURA","red":"MORROPON CHULUCANAS","microrred":"CHALACO","categoria":"ESTABLECIMIENTO DE SALUD SIN INTERNAMIENTO","condicion":"ACTIVO","actualizado":"2023/08/01 19:00:00.000","fuente":"MINSA","urlRenipr":"http://app20.susalud.gob.pe:8080/registro-renipress-webapp/ipress.htm?action=mostrarVer&idipress=00002187"}},{"type":"Feature","geometry":{"type":"Point","coordinates":[-79.53172334999994,-5.19516133999997]},"properties":{"objectid":30895,"nombre":"P.S JACOCHA","departamento":"PIURA","provincia":"HUANCABAMBA","distrito":"HUANCABAMBA","institucion":"GOBIERNO REGIONAL","codigoMinsa":16970,"direccion":"OTROS CASERIO JACOCHA DISTRITO HUANCABAMBA PROVINCIA HUANCABAMBA DEPARTAMENTO PIURA","disa":"PIURA","red":"HUANCABAMBA","microrred":"HUANCABAMBA","categoria":"ESTABLECIMIENTO DE SALUD SIN INTERNAMIENTO","condicion":"ACTIVO","actualizado":"2023/08/01 19:00:00.000","fuente":"MINSA","urlRenipr":"http://app20.susalud.gob.pe:8080/registro-renipress-webapp/ipress.htm?action=mostrarVer&idipress=00016970"}},{"type":"Feature","geometry":{"type":"Point","coordinates":[-80.81514183999997,-5.520804699999928]},"properties":{"objectid":30896,"nombre":"E.S I-1 CHUSIS","departamento":"PIURA","provincia":"SECHURA","distrito":"SECHURA","institucion":"GOBIERNO REGIONAL","codigoMinsa":2148,"direccion":"OTROS CENTRO POBLADO CHUSIS S/N NÚMERO S/N DISTRITO SECHURA PROVINCIA SECHURA DEPARTAMENTO PIURA","disa":"PIURA","red":"BAJO PIURA","microrred":"SECHURA","categoria":"ESTABLECIMIENTO DE SALUD SIN INTERNAMIENTO","condicion":"ACTIVO","actualizado":"2023/08/01 19:00:00.000","fuente":"MINSA","urlRenipr":"http://app20.susalud.gob.pe:8080/registro-renipress-webapp/ipress.htm?action=mostrarVer&idipress=00002148"}},{"type":"Feature","geometry":{"type":"Point","coordinates":[-80.84943620999996,-5.678009409999959]},"properties":{"objectid":30897,"nombre":"E.S. I-1 CONSTANTE","departamento":"PIURA","provincia":"SECHURA","distrito":"SECHURA","institucion":"GOBIERNO REGIONAL","codigoMinsa":2146,"direccion":"CARRETERA CARRETERA SECHURA BAYOVAR CALETA CONSTANTE DISTRITO SECHURA PROVINCIA SECHURA DEPARTAMENTO PIURA","disa":"PIURA","red":"BAJO PIURA","microrred":"SECHURA","categoria":"ESTABLECIMIENTO DE SALUD SIN INTERNAMIENTO","condicion":"ACTIVO","actualizado":"2023/08/01 19:00:00.000","fuente":"MINSA","urlRenipr":"http://app20.susalud.gob.pe:8080/registro-renipress-webapp/ipress.htm?action=mostrarVer&idipress=00002146"}},{"type":"Feature","geometry":{"type":"Point","coordinates":[-80.67188483999996,-5.246471209999925]},"properties":{"objectid":30898,"nombre":"P.S I - 1 SAN JACINTO","departamento":"PIURA","provincia":"PIURA","distrito":"CATACAOS","institucion":"GOBIERNO REGIONAL","codigoMinsa":2118,"direccion":"CALLE CALLE N° 5 S/N CASERIO SAN JACINTO NÚMERO S/N DISTRITO CATACAOS PROVINCIA PIURA DEPARTAMENTO PIURA","disa":"PIURA","red":"BAJO PIURA","microrred":"CATACAOS","categoria":"ESTABLECIMIENTO DE SALUD SIN INTERNAMIENTO","condicion":"ACTIVO","actualizado":"2023/08/01 19:00:00.000","fuente":"MINSA","urlRenipr":"http://app20.susalud.gob.pe:8080/registro-renipress-webapp/ipress.htm?action=mostrarVer&idipress=00002118"}},{"type":"Feature","geometry":{"type":"Point","coordinates":[-80.67194999999998,-5.265563329999964]},"properties":{"objectid":30899,"nombre":"CENTRO DE SALUD MATERNO INFANTIL-CATACAOS","departamento":"PIURA","provincia":"PIURA","distrito":"CATACAOS","institucion":"GOBIERNO REGIONAL","codigoMinsa":2112,"direccion":"AVENIDA AV. CAYETANO HEREDIA N° 1108 DISTRITO CATACAOS PROVINCIA PIURA DEPARTAMENTO PIURA","disa":"PIURA","red":"BAJO PIURA","microrred":"CATACAOS","categoria":"ESTABLECIMIENTO DE SALUD CON INTERNAMIENTO","condicion":"ACTIVO","actualizado":"2023/08/01 19:00:00.000","fuente":"MINSA","urlRenipr":"http://app20.susalud.gob.pe:8080/registro-renipress-webapp/ipress.htm?action=mostrarVer&idipress=00002112"}},{"type":"Feature","geometry":{"type":"Point","coordinates":[-80.62057666999993,-5.012018329999933]},"properties":{"objectid":30900,"nombre":"P.S. LAGRIMAS DE CURUMUY","departamento":"PIURA","provincia":"PIURA","distrito":"PIURA","institucion":"GOBIERNO REGIONAL","codigoMinsa":2098,"direccion":"OTROS CASERIO LAGRIMAS DE CURUMUY-MEDIO PIURA CASERIO LAGRIMAS DE CURUMUY-MEDIO PIURA PIURA PIURA PIURA","disa":"PIURA","red":"PIURA CASTILLA","microrred":"PIURA","categoria":"ESTABLECIMIENTO DE SALUD SIN INTERNAMIENTO","condicion":"ACTIVO","actualizado":"2023/08/01 19:00:00.000","fuente":"MINSA","urlRenipr":"http://app20.susalud.gob.pe:8080/registro-renipress-webapp/ipress.htm?action=mostrarVer&idipress=00002098"}},{"type":"Feature","geometry":{"type":"Point","coordinates":[-80.64476332999999,-5.196859999999958]},"properties":{"objectid":30901,"nombre":"E.S I-4 CONSUELO DE VELASCO","departamento":"PIURA","provincia":"PIURA","distrito":"VEINTISEIS DE OCTUBRE","institucion":"GOBIERNO REGIONAL","codigoMinsa":2088,"direccion":"CALLE CALLE LOS GERANIOS MZ. G LOTE Nº 02 AA.HH CONSUELO DE VELASCO CALLE LOS GERANIOS MZ. G LOTE Nº 02 AA.HH CONSUELO DE VELASCO VEINTISEIS DE OCTUBRE PIURA PIURA","disa":"PIURA","red":"PIURA CASTILLA","microrred":"PIURA","categoria":"ESTABLECIMIENTO DE SALUD CON INTERNAMIENTO","condicion":"ACTIVO","actualizado":"2023/08/01 19:00:00.000","fuente":"MINSA","urlRenipr":"http://app20.susalud.gob.pe:8080/registro-renipress-webapp/ipress.htm?action=mostrarVer&idipress=00002088"}},{"type":"Feature","geometry":{"type":"Point","coordinates":[-79.42640015999996,-5.499300239999968]},"properties":{"objectid":30902,"nombre":"P.S. LOMA GRANDE","departamento":"PIURA","provincia":"HUANCABAMBA","distrito":"HUARMACA","institucion":"GOBIERNO REGIONAL","codigoMinsa":2285,"direccion":"OTROS CENTRO POBLADO LOMA GRANDE S/N S/N CENTRO POBLADO LOMA GRANDE S/N HUARMACA HUANCABAMBA PIURA","disa":"PIURA","red":"HUARMACA","microrred":"HUARMACA","categoria":"ESTABLECIMIENTO DE SALUD SIN INTERNAMIENTO","condicion":"ACTIVO","actualizado":"2023/08/01 19:00:00.000","fuente":"MINSA","urlRenipr":"http://app20.susalud.gob.pe:8080/registro-renipress-webapp/ipress.htm?action=mostrarVer&idipress=00002285"}},{"type":"Feature","geometry":{"type":"Point","coordinates":[-79.50117493999994,-5.175543089999962]},"properties":{"objectid":30903,"nombre":"P.S JICATE BAJO","departamento":"PIURA","provincia":"HUANCABAMBA","distrito":"HUANCABAMBA","institucion":"GOBIERNO REGIONAL","codigoMinsa":2254,"direccion":"OTROS CENTRO POBLADO JICATE DISTRITO HUANCABAMBA PROVINCIA HUANCABAMBA DEPARTAMENTO PIURA","disa":"PIURA","red":"HUANCABAMBA","microrred":"HUANCABAMBA","categoria":"ESTABLECIMIENTO DE SALUD SIN INTERNAMIENTO","condicion":"ACTIVO","actualizado":"2023/08/01 19:00:00.000","fuente":"MINSA","urlRenipr":"http://app20.susalud.gob.pe:8080/registro-renipress-webapp/ipress.htm?action=mostrarVer&idipress=00002254"}},{"type":"Feature","geometry":{"type":"Point","coordinates":[-79.55406300999994,-5.4235308099999315]},"properties":{"objectid":30904,"nombre":"P.S. NARANJO DE SAN MIGUEL DE EL FAIQUE","departamento":"PIURA","provincia":"HUANCABAMBA","distrito":"SAN MIGUEL DE EL FAIQUE","institucion":"GOBIERNO REGIONAL","codigoMinsa":2249,"direccion":"OTROS MZ. A LOTE Nº 08 CASERIO NARANJO MZ. A LOTE Nº 08 CASERIO NARANJO SAN MIGUEL DE EL FAIQUE HUANCABAMBA PIURA","disa":"PIURA","red":"MORROPON CHULUCANAS","microrred":"CANCHAQUE","categoria":"ESTABLECIMIENTO DE SALUD SIN INTERNAMIENTO","condicion":"ACTIVO","actualizado":"2023/08/01 19:00:00.000","fuente":"MINSA","urlRenipr":"http://app20.susalud.gob.pe:8080/registro-renipress-webapp/ipress.htm?action=mostrarVer&idipress=00002249"}},{"type":"Feature","geometry":{"type":"Point","coordinates":[-79.64833080999995,-5.295559929999968]},"properties":{"objectid":30905,"nombre":"P.S SAN FRANCISCO","departamento":"PIURA","provincia":"HUANCABAMBA","distrito":"CANCHAQUE","institucion":"GOBIERNO REGIONAL","codigoMinsa":2241,"direccion":"OTROS CENTRO POBLADO SAN FRANCISCO S/N S/N CENTRO POBLADO SAN FRANCISCO S/N CANCHAQUE HUANCABAMBA PIURA","disa":"PIURA","red":"MORROPON CHULUCANAS","microrred":"CANCHAQUE","categoria":"ESTABLECIMIENTO DE SALUD SIN INTERNAMIENTO","condicion":"ACTIVO","actualizado":"2023/08/01 19:00:00.000","fuente":"MINSA","urlRenipr":"http://app20.susalud.gob.pe:8080/registro-renipress-webapp/ipress.htm?action=mostrarVer&idipress=00002241"}},{"type":"Feature","geometry":{"type":"Point","coordinates":[-81.09621719999996,-5.0938487999999325]},"properties":{"objectid":30961,"nombre":"TERMINALES PORTUARIOS EUROANDINOS PAITA SA.","departamento":"PIURA","provincia":"PAITA","distrito":"PAITA","institucion":"PRIVADO","codigoMinsa":25874,"direccion":"JIRÓN FERROCARRIL NÚMERO 127 PISO 1 DISTRITO PAITA PROVINCIA PAITA DEPARTAMENTO PIURA","disa":"PIURA","red":"NO PERTENECE A NINGUNA RED","microrred":"NO PERTENECE A NINGUNA MICRORED","categoria":"SERVICIO MÉDICO DE APOYO","condicion":"ACTIVO","actualizado":"2023/08/01 19:00:00.000","fuente":"MINSA","urlRenipr":"http://app20.susalud.gob.pe:8080/registro-renipress-webapp/ipress.htm?action=mostrarVer&idipress=00025874"}},{"type":"Feature","geometry":{"type":"Point","coordinates":[-80.65488819999996,-5.1782883999999285]},"properties":{"objectid":30964,"nombre":"CONSULTORIOS DE ENFERMERIA PREVENIR","departamento":"PIURA","provincia":"PIURA","distrito":"VEINTISEIS DE OCTUBRE","institucion":"PRIVADO","codigoMinsa":29707,"direccion":"AVENIDA AA.HH EL ROSAL NÚMERO 1 PISO 1 DEPARTAMENTO 1 INTERIOR 1 MANZANA A LOTE 20 DISTRITO VEINTISEIS DE OCTUBRE PROVINCIA PIURA DEPARTAMENTO PIURA","disa":"","red":"","microrred":"","categoria":"ESTABLECIMIENTO DE SALUD SIN INTERNAMIENTO","condicion":"RUC INACTIVO EN SUNAT","actualizado":"2023/08/01 19:00:00.000","fuente":"MINSA","urlRenipr":"http://app20.susalud.gob.pe:8080/registro-renipress-webapp/ipress.htm?action=mostrarVer&idipress=00029707"}},{"type":"Feature","geometry":{"type":"Point","coordinates":[-80.65488819999996,-5.1782883999999285]},"properties":{"objectid":30983,"nombre":"CENTRO ODONTOLOGICO FISIO DENT","departamento":"PIURA","provincia":"PIURA","distrito":"PIURA","institucion":"PRIVADO","codigoMinsa":26974,"direccion":"AVENIDA GRAU NÚMERO 1898 MANZANA B LOTE 11 URBANIZACIÓN GRAU DISTRITO PIURA PROVINCIA PIURA DEPARTAMENTO PIURA","disa":"PIURA","red":"NO PERTENECE A NINGUNA RED","microrred":"NO PERTENECE A NINGUNA MICRORED","categoria":"ESTABLECIMIENTO DE SALUD SIN INTERNAMIENTO","condicion":"ACTIVO","actualizado":"2023/08/01 19:00:00.000","fuente":"MINSA","urlRenipr":"http://app20.susalud.gob.pe:8080/registro-renipress-webapp/ipress.htm?action=mostrarVer&idipress=00026974"}},{"type":"Feature","geometry":{"type":"Point","coordinates":[-81.27093032999994,-4.579132189999939]},"properties":{"objectid":30994,"nombre":"Laboratorio Clínico DIAGNÓSTICA","departamento":"PIURA","provincia":"TALARA","distrito":"PARIÑAS","institucion":"OTRO","codigoMinsa":26899,"direccion":"AVENIDA A N?ERO 71 DISTRITO PARIÑAS PROVINCIA TALARA DEPARTAMENTO PIURA","disa":"PIURA","red":"NO PERTENECE A NINGUNA RED","microrred":"NO PERTENECE A NINGUNA MICRORED","categoria":"SERVICIO MÉDICO DE APOYO","condicion":"ACTIVO","actualizado":"2023/08/01 19:00:00.000","fuente":"MINSA","urlRenipr":"http://app20.susalud.gob.pe:8080/registro-renipress-webapp/ipress.htm?action=mostrarVer&idipress=00026899"}},{"type":"Feature","geometry":{"type":"Point","coordinates":[-80.16831465999996,-5.10341238999996]},"properties":{"objectid":31022,"nombre":"CONSULTORIO MEDICO OBSTETRICO \"SOLIDARIDAD\"","departamento":"PIURA","provincia":"MORROPON","distrito":"CHULUCANAS","institucion":"PRIVADO","codigoMinsa":27207,"direccion":"AVENIDA RAMON CASTILLA N?ERO 1562 DISTRITO CHULUCANAS PROVINCIA MORROPON DEPARTAMENTO PIURA","disa":"PIURA","red":"NO PERTENECE A NINGUNA RED","microrred":"NO PERTENECE A NINGUNA MICRORED","categoria":"ESTABLECIMIENTO DE SALUD SIN INTERNAMIENTO","condicion":"ACTIVO","actualizado":"2023/08/01 19:00:00.000","fuente":"MINSA","urlRenipr":"http://app20.susalud.gob.pe:8080/registro-renipress-webapp/ipress.htm?action=mostrarVer&idipress=00027207"}},{"type":"Feature","geometry":{"type":"Point","coordinates":[-80.65488819999996,-5.1782883999999285]},"properties":{"objectid":31049,"nombre":"CONTROL MEDIC PIURA S.A.C.","departamento":"PIURA","provincia":"PIURA","distrito":"PIURA","institucion":"PRIVADO","codigoMinsa":27886,"direccion":"JIRÓN SAN CRISTOBAL MANZANA L LOTE 07 URBANIZACIÓN SANTA ISABEL DISTRITO PIURA PROVINCIA PIURA DEPARTAMENTO PIURA","disa":"PIURA","red":"","microrred":"","categoria":"ESTABLECIMIENTO DE SALUD SIN INTERNAMIENTO","condicion":"ACTIVO","actualizado":"2023/08/01 19:00:00.000","fuente":"MINSA","urlRenipr":"http://app20.susalud.gob.pe:8080/registro-renipress-webapp/ipress.htm?action=mostrarVer&idipress=00027886"}},{"type":"Feature","geometry":{"type":"Point","coordinates":[-80.65488819999996,-5.1782883999999285]},"properties":{"objectid":31065,"nombre":"CONSULTORIO MEDICO GINECOLOGICO \"SEÑOR CAUTIVO\"","departamento":"PIURA","provincia":"PIURA","distrito":"PIURA","institucion":"PRIVADO","codigoMinsa":27584,"direccion":"CALLE TACNA N?ERO 149 PISO 2 INTERIOR 201 DISTRITO PIURA PROVINCIA PIURA DEPARTAMENTO PIURA","disa":"PIURA","red":"NO PERTENECE A NINGUNA RED","microrred":"NO PERTENECE A NINGUNA MICRORED","categoria":"ESTABLECIMIENTO DE SALUD SIN INTERNAMIENTO","condicion":"ACTIVO","actualizado":"2023/08/01 19:00:00.000","fuente":"MINSA","urlRenipr":"http://app20.susalud.gob.pe:8080/registro-renipress-webapp/ipress.htm?action=mostrarVer&idipress=00027584"}},{"type":"Feature","geometry":{"type":"Point","coordinates":[-80.62348339999994,-5.221159899999975]},"properties":{"objectid":31094,"nombre":"TOPICO VERFRUT","departamento":"PIURA","provincia":"PIURA","distrito":"CASTILLA","institucion":"PRIVADO","codigoMinsa":30669,"direccion":"OTROS CASERIO EL PAPAYO MANZANA O DISTRITO CASTILLA PROVINCIA PIURA DEPARTAMENTO PIURA","disa":"PIURA","red":"","microrred":"","categoria":"ESTABLECIMIENTO DE SALUD SIN INTERNAMIENTO","condicion":"ACTIVO","actualizado":"2023/08/01 19:00:00.000","fuente":"MINSA","urlRenipr":"http://app20.susalud.gob.pe:8080/registro-renipress-webapp/ipress.htm?action=mostrarVer&idipress=00030669"}},{"type":"Feature","geometry":{"type":"Point","coordinates":[-80.65766229999997,-5.196370899999977]},"properties":{"objectid":31106,"nombre":"CENTRO ODONTOLOGICO DIGITAL","departamento":"PIURA","provincia":"PIURA","distrito":"PIURA","institucion":"PRIVADO","codigoMinsa":29928,"direccion":"CALLE SAN CRISTOBAL BARRIO NORTE NÚMERO 298 DISTRITO PIURA PROVINCIA PIURA DEPARTAMENTO PIURA","disa":"PIURA","red":"","microrred":"","categoria":"ESTABLECIMIENTO DE SALUD SIN INTERNAMIENTO","condicion":"ACTIVO","actualizado":"2023/08/01 19:00:00.000","fuente":"MINSA","urlRenipr":"http://app20.susalud.gob.pe:8080/registro-renipress-webapp/ipress.htm?action=mostrarVer&idipress=00029928"}},{"type":"Feature","geometry":{"type":"Point","coordinates":[-80.34111259999997,-4.926307299999962]},"properties":{"objectid":31127,"nombre":"CENTRO MEDICO UNISER","departamento":"PIURA","provincia":"PIURA","distrito":"TAMBO GRANDE","institucion":"PRIVADO","codigoMinsa":30652,"direccion":"PASAJE LOS FRESNOS CON JIRON LOS OLIVOS PISO 3 DEPARTAMENTO 3 MANZANA E LOTE 008 URBANIZACIÓN AAHH, EL HUERTO DISTRITO TAMBO GRANDE PROVINCIA PIURA DEPARTAMENTO PIURA","disa":"PIURA","red":"","microrred":"","categoria":"ESTABLECIMIENTO DE SALUD SIN INTERNAMIENTO","condicion":"ACTIVO","actualizado":"2023/08/01 19:00:00.000","fuente":"MINSA","urlRenipr":"http://app20.susalud.gob.pe:8080/registro-renipress-webapp/ipress.htm?action=mostrarVer&idipress=00030652"}},{"type":"Feature","geometry":{"type":"Point","coordinates":[-80.62175599999995,-5.200344599999937]},"properties":{"objectid":31261,"nombre":"OCNSULTORIO ODONTOLOGICO \"PIURA SMILE CARE\"","departamento":"PIURA","provincia":"PIURA","distrito":"PIURA","institucion":"PRIVADO","codigoMinsa":30868,"direccion":"CALLE ELIAS AGUIRRE NÚMERO 283 MANZANA H LOTE 3 URBANIZACIÓN LAS MERCEDES DISTRITO PIURA PROVINCIA PIURA DEPARTAMENTO PIURA","disa":"PIURA","red":"","microrred":"","categoria":"ESTABLECIMIENTO DE SALUD SIN INTERNAMIENTO","condicion":"ACTIVO","actualizado":"2023/08/01 19:00:00.000","fuente":"MINSA","urlRenipr":"http://app20.susalud.gob.pe:8080/registro-renipress-webapp/ipress.htm?action=mostrarVer&idipress=00030868"}},{"type":"Feature","geometry":{"type":"Point","coordinates":[-80.65488819999996,-5.1782883999999285]},"properties":{"objectid":31285,"nombre":"DENTAL SANTE","departamento":"PIURA","provincia":"PIURA","distrito":"CASTILLA","institucion":"PRIVADO","codigoMinsa":31293,"direccion":"CALLE LOS CEIBOS NÚMERO 253 PISO 1 INTERIOR 1 MANZANA A LOTE 253 URBANIZACIÓN MIRAFLORES DISTRITO CASTILLA PROVINCIA PIURA DEPARTAMENTO PIURA","disa":"PIURA","red":"","microrred":"","categoria":"ESTABLECIMIENTO DE SALUD SIN INTERNAMIENTO","condicion":"ACTIVO","actualizado":"2023/08/01 19:00:00.000","fuente":"MINSA","urlRenipr":"http://app20.susalud.gob.pe:8080/registro-renipress-webapp/ipress.htm?action=mostrarVer&idipress=00031293"}},{"type":"Feature","geometry":{"type":"Point","coordinates":[-80.63525799999996,-5.1956656999999495]},"properties":{"objectid":31296,"nombre":"ENFERMERÍA MILITAR \"INCLAN\"","departamento":"PIURA","provincia":"PIURA","distrito":"PIURA","institucion":"SANIDAD DEL EJERCITO DEL PERU","codigoMinsa":24488,"direccion":"AVENIDA SAN MARTIN NÚMERO S/N DISTRITO PIURA PROVINCIA PIURA DEPARTAMENTO PIURA","disa":"PIURA","red":"NO PERTENECE A NINGUNA RED","microrred":"NO PERTENECE A NINGUNA MICRORED","categoria":"ESTABLECIMIENTO DE SALUD SIN INTERNAMIENTO","condicion":"ACTIVO","actualizado":"2023/08/01 19:00:00.000","fuente":"MINSA","urlRenipr":"http://app20.susalud.gob.pe:8080/registro-renipress-webapp/ipress.htm?action=mostrarVer&idipress=00024488"}},{"type":"Feature","geometry":{"type":"Point","coordinates":[-80.62080399999996,-5.19389069999994]},"properties":{"objectid":31327,"nombre":"CENTRO MEDICO HEMATOLOGICO E.I.R.L.","departamento":"PIURA","provincia":"PIURA","distrito":"CASTILLA","institucion":"PRIVADO","codigoMinsa":12640,"direccion":"AVENIDA AV. GUARDIA CIVIL MZ C-08 URBANIZACION MIRAFLORES DISTRITO CASTILLA PROVINCIA PIURA DEPARTAMENTO PIURA","disa":"PIURA","red":"NO PERTENECE A NINGUNA RED","microrred":"NO PERTENECE A NINGUNA MICRORED","categoria":"ESTABLECIMIENTO DE SALUD SIN INTERNAMIENTO","condicion":"ACTIVO","actualizado":"2023/08/01 19:00:00.000","fuente":"MINSA","urlRenipr":"http://app20.susalud.gob.pe:8080/registro-renipress-webapp/ipress.htm?action=mostrarVer&idipress=00012640"}},{"type":"Feature","geometry":{"type":"Point","coordinates":[-80.69471175999996,-4.896415519999948]},"properties":{"objectid":31328,"nombre":"CENTRO MEDICO HEMATOLOGICO","departamento":"PIURA","provincia":"SULLANA","distrito":"SULLANA","institucion":"PRIVADO","codigoMinsa":23048,"direccion":"AVENIDA SANTA ROSA NÚMERO 423 PISO 1 INTERIOR 1 DISTRITO SULLANA PROVINCIA SULLANA DEPARTAMENTO PIURA","disa":"PIURA","red":"","microrred":"","categoria":"SERVICIO MÉDICO DE APOYO","condicion":"ACTIVO","actualizado":"2023/08/01 19:00:00.000","fuente":"MINSA","urlRenipr":"http://app20.susalud.gob.pe:8080/registro-renipress-webapp/ipress.htm?action=mostrarVer&idipress=00023048"}},{"type":"Feature","geometry":{"type":"Point","coordinates":[-80.59875489999996,-5.18632649999995]},"properties":{"objectid":31329,"nombre":"BUENA VISION NORTE E.I.R.L.","departamento":"PIURA","provincia":"PIURA","distrito":"CASTILLA","institucion":"PRIVADO","codigoMinsa":29584,"direccion":"AVENIDA LUIS MONTERO NÚMERO 273 MANZANA W LOTE 06 URBANIZACIÓN MIRAFLORES DISTRITO CASTILLA PROVINCIA PIURA DEPARTAMENTO PIURA","disa":"PIURA","red":"","microrred":"","categoria":"ESTABLECIMIENTO DE SALUD SIN INTERNAMIENTO","condicion":"ACTIVO","actualizado":"2023/08/01 19:00:00.000","fuente":"MINSA","urlRenipr":"http://app20.susalud.gob.pe:8080/registro-renipress-webapp/ipress.htm?action=mostrarVer&idipress=00029584"}},{"type":"Feature","geometry":{"type":"Point","coordinates":[-80.65488819999996,-5.1782883999999285]},"properties":{"objectid":31332,"nombre":"BERMANLAB","departamento":"PIURA","provincia":"PIURA","distrito":"PIURA","institucion":"PRIVADO","codigoMinsa":24528,"direccion":"AVENIDA SAN RAMON MANZANA B LOTE 02 URBANIZACIÓN SAN DIONISIO EL CHIPE DISTRITO PIURA PROVINCIA PIURA DEPARTAMENTO PIURA","disa":"PIURA","red":"NO PERTENECE A NINGUNA RED","microrred":"NO PERTENECE A NINGUNA MICRORED","categoria":"SERVICIO MÉDICO DE APOYO","condicion":"ACTIVO","actualizado":"2023/08/01 19:00:00.000","fuente":"MINSA","urlRenipr":"http://app20.susalud.gob.pe:8080/registro-renipress-webapp/ipress.htm?action=mostrarVer&idipress=00024528"}},{"type":"Feature","geometry":{"type":"Point","coordinates":[-80.61987720999997,-5.198030049999943]},"properties":{"objectid":31377,"nombre":"PYS LABORATORIO","departamento":"PIURA","provincia":"PIURA","distrito":"CASTILLA","institucion":"PRIVADO","codigoMinsa":28733,"direccion":"AVENIDA RAMON CASTILLA NÚMERO 365 DISTRITO CASTILLA PROVINCIA PIURA DEPARTAMENTO PIURA","disa":"PIURA","red":"NO PERTENECE A NINGUNA RED","microrred":"NO PERTENECE A NINGUNA MICRORED","categoria":"SERVICIO MÉDICO DE APOYO","condicion":"ACTIVO","actualizado":"2023/08/01 19:00:00.000","fuente":"MINSA","urlRenipr":"http://app20.susalud.gob.pe:8080/registro-renipress-webapp/ipress.htm?action=mostrarVer&idipress=00028733"}},{"type":"Feature","geometry":{"type":"Point","coordinates":[-80.65488819999996,-5.1782883999999285]},"properties":{"objectid":31461,"nombre":"\"CENTRO DE ESPECIALIDADES MEDICAS PIURA S.A.C.\"","departamento":"PIURA","provincia":"PIURA","distrito":"PIURA","institucion":"PRIVADO","codigoMinsa":23609,"direccion":"AVENIDA GRAU N?ERO 760 DISTRITO PIURA PROVINCIA PIURA DEPARTAMENTO PIURA","disa":"PIURA","red":"NO PERTENECE A NINGUNA RED","microrred":"NO PERTENECE A NINGUNA MICRORED","categoria":"ESTABLECIMIENTO DE SALUD SIN INTERNAMIENTO","condicion":"ACTIVO","actualizado":"2023/08/01 19:00:00.000","fuente":"MINSA","urlRenipr":"http://app20.susalud.gob.pe:8080/registro-renipress-webapp/ipress.htm?action=mostrarVer&idipress=00023609"}},{"type":"Feature","geometry":{"type":"Point","coordinates":[-80.65624539999999,-5.182722679999927]},"properties":{"objectid":31475,"nombre":"MARIOS DENTAL CENTER","departamento":"PIURA","provincia":"PIURA","distrito":"PIURA","institucion":"PRIVADO","codigoMinsa":15619,"direccion":"OTROS URB. LOS TALLANES MZ B1 LOTE 1 II ETAPA. PIURA DISTRITO PIURA PROVINCIA PIURA DEPARTAMENTO PIURA","disa":"PIURA","red":"NO PERTENECE A NINGUNA RED","microrred":"NO PERTENECE A NINGUNA MICRORED","categoria":"ESTABLECIMIENTO DE SALUD SIN INTERNAMIENTO","condicion":"ACTIVO","actualizado":"2023/08/01 19:00:00.000","fuente":"MINSA","urlRenipr":"http://app20.susalud.gob.pe:8080/registro-renipress-webapp/ipress.htm?action=mostrarVer&idipress=00015619"}},{"type":"Feature","geometry":{"type":"Point","coordinates":[-80.63676209999994,-5.1940075999999635]},"properties":{"objectid":31524,"nombre":"LABORATORIO SAN FRANCISCO","departamento":"PIURA","provincia":"PIURA","distrito":"PIURA","institucion":"PRIVADO","codigoMinsa":27799,"direccion":"AVENIDA GRAU NÚMERO 1171 PISO 2 DISTRITO PIURA PROVINCIA PIURA DEPARTAMENTO PIURA","disa":"PIURA","red":"NO PERTENECE A NINGUNA RED","microrred":"NO PERTENECE A NINGUNA MICRORED","categoria":"SERVICIO MÉDICO DE APOYO","condicion":"ACTIVO","actualizado":"2023/08/01 19:00:00.000","fuente":"MINSA","urlRenipr":"http://app20.susalud.gob.pe:8080/registro-renipress-webapp/ipress.htm?action=mostrarVer&idipress=00027799"}},{"type":"Feature","geometry":{"type":"Point","coordinates":[-81.25601439999997,-4.588984599999947]},"properties":{"objectid":31533,"nombre":"GRUPO MEDICO EMPRESARIAL SAC","departamento":"PIURA","provincia":"TALARA","distrito":"PARIÑAS","institucion":"PRIVADO","codigoMinsa":29462,"direccion":"AVENIDA GRAU NÚMERO 112 MANZANA A DISTRITO PARIÑAS PROVINCIA TALARA DEPARTAMENTO PIURA","disa":"PIURA","red":"","microrred":"","categoria":"ESTABLECIMIENTO DE SALUD SIN INTERNAMIENTO","condicion":"ACTIVO","actualizado":"2023/08/01 19:00:00.000","fuente":"MINSA","urlRenipr":"http://app20.susalud.gob.pe:8080/registro-renipress-webapp/ipress.htm?action=mostrarVer&idipress=00029462"}},{"type":"Feature","geometry":{"type":"Point","coordinates":[-80.65488819999996,-5.1782883999999285]},"properties":{"objectid":31539,"nombre":"CONSULTORIO OFTALMOLOGICO MEDIVISION PIURA S.A.C.","departamento":"PIURA","provincia":"PIURA","distrito":"PIURA","institucion":"PRIVADO","codigoMinsa":26315,"direccion":"JIRÓN JUNIN N?ERO 455 DISTRITO PIURA PROVINCIA PIURA DEPARTAMENTO PIURA","disa":"PIURA","red":"NO PERTENECE A NINGUNA RED","microrred":"NO PERTENECE A NINGUNA MICRORED","categoria":"ESTABLECIMIENTO DE SALUD SIN INTERNAMIENTO","condicion":"ACTIVO","actualizado":"2023/08/01 19:00:00.000","fuente":"MINSA","urlRenipr":"http://app20.susalud.gob.pe:8080/registro-renipress-webapp/ipress.htm?action=mostrarVer&idipress=00026315"}},{"type":"Feature","geometry":{"type":"Point","coordinates":[-80.65488819999996,-5.1782883999999285]},"properties":{"objectid":31588,"nombre":"MAS DENT CENTER S.R.L","departamento":"PIURA","provincia":"PIURA","distrito":"PIURA","institucion":"PRIVADO","codigoMinsa":17620,"direccion":"JIRÓN JR. MENDIBURO MZ. D LOTE Nº 04 DPTO. M302 3ER. PISO URB. CLUB GRAU DISTRITO PIURA PROVINCIA PIURA DEPARTAMENTO PIURA","disa":"PIURA","red":"NO PERTENECE A NINGUNA RED","microrred":"NO PERTENECE A NINGUNA MICRORED","categoria":"ESTABLECIMIENTO DE SALUD SIN INTERNAMIENTO","condicion":"ACTIVO","actualizado":"2023/08/01 19:00:00.000","fuente":"MINSA","urlRenipr":"http://app20.susalud.gob.pe:8080/registro-renipress-webapp/ipress.htm?action=mostrarVer&idipress=00017620"}},{"type":"Feature","geometry":{"type":"Point","coordinates":[-81.26940867999997,-4.574365049999926]},"properties":{"objectid":31885,"nombre":"ANALISIS CLINICOS ML S.A.C","departamento":"PIURA","provincia":"TALARA","distrito":"PARIÑAS","institucion":"PRIVADO","codigoMinsa":17233,"direccion":"AV. EL EJERCITO N°121 -BARRIO PARTICULAR","disa":"PIURA","red":"NO PERTENECE A NINGUNA RED","microrred":"NO PERTENECE A NINGUNA MICRORED","categoria":"SERVICIO MÉDICO DE APOYO","condicion":"ACTIVO","actualizado":"2023/08/01 19:00:00.000","fuente":"MINSA","urlRenipr":"http://app20.susalud.gob.pe:8080/registro-renipress-webapp/ipress.htm?action=mostrarVer&idipress=00017233"}},{"type":"Feature","geometry":{"type":"Point","coordinates":[-80.62175599999995,-5.200344599999937]},"properties":{"objectid":31909,"nombre":"VACUSALUD E.I.R.L.","departamento":"PIURA","provincia":"PIURA","distrito":"PIURA","institucion":"PRIVADO","codigoMinsa":28408,"direccion":"AVENIDA SAN RAMON A 13 SANTA INES FRENTE A LA CLINICA SANNA PIURA PIURA PIURA","disa":"PIURA","red":"NO PERTENECE A NINGUNA RED","microrred":"NO PERTENECE A NINGUNA MICRORED","categoria":"SERVICIO MÉDICO DE APOYO","condicion":"ACTIVO","actualizado":"2023/08/01 19:00:00.000","fuente":"MINSA","urlRenipr":"http://app20.susalud.gob.pe:8080/registro-renipress-webapp/ipress.htm?action=mostrarVer&idipress=00028408"}},{"type":"Feature","geometry":{"type":"Point","coordinates":[-80.63397659999998,-5.196785999999975]},"properties":{"objectid":31995,"nombre":"CLINICA SANTIVAÑEZ","departamento":"PIURA","provincia":"PIURA","distrito":"PIURA","institucion":"PRIVADO","codigoMinsa":14092,"direccion":"CALLE CALLE LOS TAMARINDOS 143 URB. 4 DE ENERO DISTRITO PIURA PROVINCIA PIURA DEPARTAMENTO PIURA","disa":"PIURA","red":"NO PERTENECE A NINGUNA RED","microrred":"NO PERTENECE A NINGUNA MICRORED","categoria":"ESTABLECIMIENTO DE SALUD CON INTERNAMIENTO","condicion":"ACTIVO","actualizado":"2023/08/01 19:00:00.000","fuente":"MINSA","urlRenipr":"http://app20.susalud.gob.pe:8080/registro-renipress-webapp/ipress.htm?action=mostrarVer&idipress=00014092"}},{"type":"Feature","geometry":{"type":"Point","coordinates":[-81.26289609999998,-4.581151999999975]},"properties":{"objectid":32118,"nombre":"ORGANIZACION IBEROAMERICANA DE SALUD OCUPACIONAL S.A.C","departamento":"PIURA","provincia":"TALARA","distrito":"PARIÑAS","institucion":"PRIVADO","codigoMinsa":10609,"direccion":"PARQUE PARQUE 50-7 TALARA-PIURA DISTRITO PARIÑAS PROVINCIA TALARA DEPARTAMENTO PIURA","disa":"PIURA","red":"NO PERTENECE A NINGUNA RED","microrred":"NO PERTENECE A NINGUNA MICRORED","categoria":"ESTABLECIMIENTO DE SALUD SIN INTERNAMIENTO","condicion":"ACTIVO","actualizado":"2023/08/01 19:00:00.000","fuente":"MINSA","urlRenipr":"http://app20.susalud.gob.pe:8080/registro-renipress-webapp/ipress.htm?action=mostrarVer&idipress=00010609"}},{"type":"Feature","geometry":{"type":"Point","coordinates":[-80.49938569999995,-5.114184399999942]},"properties":{"objectid":32181,"nombre":"CENTRO DE SALUD OCUPACIONAL DEL NORTE SAN MIGUEL ARCANGEL E.I.R.L.","departamento":"PIURA","provincia":"PIURA","distrito":"CASTILLA","institucion":"PRIVADO","codigoMinsa":21001,"direccion":"JIRÓN JIRON JUNIN Nº 425 1ER PISO DISTRITO CASTILLA PROVINCIA PIURA DEPARTAMENTO PIURA","disa":"PIURA","red":"NO PERTENECE A NINGUNA RED","microrred":"NO PERTENECE A NINGUNA MICRORED","categoria":"ESTABLECIMIENTO DE SALUD SIN INTERNAMIENTO","condicion":"ACTIVO","actualizado":"2023/08/01 19:00:00.000","fuente":"MINSA","urlRenipr":"http://app20.susalud.gob.pe:8080/registro-renipress-webapp/ipress.htm?action=mostrarVer&idipress=00021001"}},{"type":"Feature","geometry":{"type":"Point","coordinates":[-81.26962179999998,-4.578044899999952]},"properties":{"objectid":32182,"nombre":"CENTRO DE SALUD OCUPACIONAL DEL NORTE SAN MIGUEL ARCANGEL E.I.R.L.","departamento":"PIURA","provincia":"TALARA","distrito":"PARIÑAS","institucion":"PRIVADO","codigoMinsa":28871,"direccion":"PARQUE PARQUE 48 12 PARIÑAS TALARA PIURA","disa":"PIURA","red":"","microrred":"NO PERTENECE A NINGUNA MICRORED","categoria":"ESTABLECIMIENTO DE SALUD SIN INTERNAMIENTO","condicion":"ACTIVO","actualizado":"2023/08/01 19:00:00.000","fuente":"MINSA","urlRenipr":"http://app20.susalud.gob.pe:8080/registro-renipress-webapp/ipress.htm?action=mostrarVer&idipress=00028871"}},{"type":"Feature","geometry":{"type":"Point","coordinates":[-80.62547829999994,-5.210977999999955]},"properties":{"objectid":32197,"nombre":"CENTRO MEDICO OCUPACIONAL \"PODEROSO CAUTIVO\" E.I.R.L.","departamento":"PIURA","provincia":"PIURA","distrito":"PIURA","institucion":"PRIVADO","codigoMinsa":29197,"direccion":"URBANIZACIÓN COUNTRY CLUB MIRAFLORES 7 ETAPA MANZANA BW1 LOTE 11 DISTRITO PIURA PROVINCIA PIURA DEPARTAMENTO PIURA","disa":"PIURA","red":"","microrred":"","categoria":"ESTABLECIMIENTO DE SALUD CON INTERNAMIENTO","condicion":"ACTIVO","actualizado":"2023/08/01 19:00:00.000","fuente":"MINSA","urlRenipr":"http://app20.susalud.gob.pe:8080/registro-renipress-webapp/ipress.htm?action=mostrarVer&idipress=00029197"}},{"type":"Feature","geometry":{"type":"Point","coordinates":[-80.65488819999996,-5.1782883999999285]},"properties":{"objectid":32198,"nombre":"CENTRO MEDICO OCUPACIONAL \"PODEROSO CAUTIVO\" E.I.R.L.","departamento":"PIURA","provincia":"PIURA","distrito":"CASTILLA","institucion":"PRIVADO","codigoMinsa":21493,"direccion":"CALLE CALLE LAS ACACIAS Nº 215-217 URB. MIRAFLORES DISTRITO CASTILLA PROVINCIA PIURA DEPARTAMENTO PIURA","disa":"PIURA","red":"NO PERTENECE A NINGUNA RED","microrred":"NO PERTENECE A NINGUNA MICRORED","categoria":"ESTABLECIMIENTO DE SALUD SIN INTERNAMIENTO","condicion":"ACTIVO","actualizado":"2023/08/01 19:00:00.000","fuente":"MINSA","urlRenipr":"http://app20.susalud.gob.pe:8080/registro-renipress-webapp/ipress.htm?action=mostrarVer&idipress=00021493"}},{"type":"Feature","geometry":{"type":"Point","coordinates":[-80.63994024999994,-5.188362979999965]},"properties":{"objectid":32289,"nombre":"SEMID PERÚ","departamento":"PIURA","provincia":"PIURA","distrito":"PIURA","institucion":"PRIVADO","codigoMinsa":26100,"direccion":"JIRÓN LAS LOMAS PISO 1 MANZANA S LOTE 48 URBANIZACIÓN SANTA ANA DISTRITO PIURA PROVINCIA PIURA DEPARTAMENTO PIURA","disa":"PIURA","red":"NO PERTENECE A NINGUNA RED","microrred":"NO PERTENECE A NINGUNA MICRORED","categoria":"SERVICIO MÉDICO DE APOYO","condicion":"ACTIVO","actualizado":"2023/08/01 19:00:00.000","fuente":"MINSA","urlRenipr":"http://app20.susalud.gob.pe:8080/registro-renipress-webapp/ipress.htm?action=mostrarVer&idipress=00026100"}},{"type":"Feature","geometry":{"type":"Point","coordinates":[-80.65488819999996,-5.1782883999999285]},"properties":{"objectid":32313,"nombre":"DIVLAB LABORATORIO CLINICO","departamento":"PIURA","provincia":"PIURA","distrito":"PIURA","institucion":"PRIVADO","codigoMinsa":28670,"direccion":"OTROS ASENTAMIENTO HUMANO VICTOR RAUL HAYA DE LA TORRE MANZANA D LOTE 2 DISTRITO PIURA PROVINCIA PIURA DEPARTAMENTO PIURA","disa":"PIURA","red":"NO PERTENECE A NINGUNA RED","microrred":"NO PERTENECE A NINGUNA MICRORED","categoria":"SERVICIO MÉDICO DE APOYO","condicion":"ACTIVO","actualizado":"2023/08/01 19:00:00.000","fuente":"MINSA","urlRenipr":"http://app20.susalud.gob.pe:8080/registro-renipress-webapp/ipress.htm?action=mostrarVer&idipress=00028670"}},{"type":"Feature","geometry":{"type":"Point","coordinates":[-80.69692599999996,-4.9115229999999315]},"properties":{"objectid":32375,"nombre":"LABORATORIO DE ANALISIS CLINICOS \"SAN ANTONIO\" S.A.C","departamento":"PIURA","provincia":"SULLANA","distrito":"BELLAVISTA","institucion":"PRIVADO","codigoMinsa":14545,"direccion":"AVENIDA AVENIDA SANTA ROSA Nº 348 DISTRITO BELLAVISTA PROVINCIA SULLANA DEPARTAMENTO PIURA","disa":"PIURA","red":"","microrred":"NO PERTENECE A NINGUNA MICRORED","categoria":"SERVICIO MÉDICO DE APOYO","condicion":"ACTIVO","actualizado":"2023/08/01 19:00:00.000","fuente":"MINSA","urlRenipr":"http://app20.susalud.gob.pe:8080/registro-renipress-webapp/ipress.htm?action=mostrarVer&idipress=00014545"}},{"type":"Feature","geometry":{"type":"Point","coordinates":[-81.11042996999998,-5.086930579999944]},"properties":{"objectid":32404,"nombre":"CLINICA PAITA S.R.L","departamento":"PIURA","provincia":"PAITA","distrito":"PAITA","institucion":"PRIVADO","codigoMinsa":14004,"direccion":"JIRON ZEPITA Nº548","disa":"","red":"","microrred":"","categoria":"ESTABLECIMIENTO DE SALUD CON INTERNAMIENTO","condicion":"RUC INACTIVO EN SUNAT","actualizado":"2023/08/01 19:00:00.000","fuente":"MINSA","urlRenipr":"http://app20.susalud.gob.pe:8080/registro-renipress-webapp/ipress.htm?action=mostrarVer&idipress=00014004"}},{"type":"Feature","geometry":{"type":"Point","coordinates":[-80.49938569999995,-5.114184399999942]},"properties":{"objectid":32434,"nombre":"EL HOGAR DE LA MADRE","departamento":"PIURA","provincia":"PIURA","distrito":"CASTILLA","institucion":"PRIVADO","codigoMinsa":23199,"direccion":"AVENIDA RAMON CASTILLA N?ERO 552 DISTRITO CASTILLA PROVINCIA PIURA DEPARTAMENTO PIURA","disa":"PIURA","red":"NO PERTENECE A NINGUNA RED","microrred":"NO PERTENECE A NINGUNA MICRORED","categoria":"ESTABLECIMIENTO DE SALUD SIN INTERNAMIENTO","condicion":"ACTIVO","actualizado":"2023/08/01 19:00:00.000","fuente":"MINSA","urlRenipr":"http://app20.susalud.gob.pe:8080/registro-renipress-webapp/ipress.htm?action=mostrarVer&idipress=00023199"}},{"type":"Feature","geometry":{"type":"Point","coordinates":[-81.25601439999997,-4.588984599999947]},"properties":{"objectid":32438,"nombre":"SIMEDIC DIAGNOSTICA SAC","departamento":"PIURA","provincia":"TALARA","distrito":"PARIÑAS","institucion":"PRIVADO","codigoMinsa":11402,"direccion":"AVENIDA AV GRAU A-112TALARA DISTRITO PARIÑAS PROVINCIA TALARA DEPARTAMENTO PIURA","disa":"","red":"","microrred":"","categoria":"ESTABLECIMIENTO DE SALUD SIN INTERNAMIENTO","condicion":"RUC INACTIVO EN SUNAT","actualizado":"2023/08/01 19:00:00.000","fuente":"MINSA","urlRenipr":"http://app20.susalud.gob.pe:8080/registro-renipress-webapp/ipress.htm?action=mostrarVer&idipress=00011402"}},{"type":"Feature","geometry":{"type":"Point","coordinates":[-80.65488819999996,-5.1782883999999285]},"properties":{"objectid":32453,"nombre":"CONSULTORIOS MEDICOS SAN LIZBETH IERL","departamento":"PIURA","provincia":"PIURA","distrito":"PIURA","institucion":"PRIVADO","codigoMinsa":23378,"direccion":"AVENIDA JOSE EUGENIO AGUILAR SANTISTEBAN MANZANA W1 LOTE 26 URBANIZACIÓN IGNACIO MERINO I ETAPA DISTRITO PIURA PROVINCIA PIURA DEPARTAMENTO PIURA","disa":"PIURA","red":"NO PERTENECE A NINGUNA RED","microrred":"NO PERTENECE A NINGUNA MICRORED","categoria":"ESTABLECIMIENTO DE SALUD SIN INTERNAMIENTO","condicion":"ACTIVO","actualizado":"2023/08/01 19:00:00.000","fuente":"MINSA","urlRenipr":"http://app20.susalud.gob.pe:8080/registro-renipress-webapp/ipress.htm?action=mostrarVer&idipress=00023378"}},{"type":"Feature","geometry":{"type":"Point","coordinates":[-80.69230529999999,-4.899330199999952]},"properties":{"objectid":32617,"nombre":"CENTRO DE EVALUACION MEDCA CAPACITACION Y CERTIFICACION SEÑOR CAUTIVO DE AYABACA S.A.C","departamento":"PIURA","provincia":"SULLANA","distrito":"SULLANA","institucion":"PRIVADO","codigoMinsa":23390,"direccion":"AVENIDA JOSE DE LAMA 1 SULLANA SULLANA PIURA","disa":"PIURA","red":"NO PERTENECE A NINGUNA RED","microrred":"NO PERTENECE A NINGUNA MICRORED","categoria":"ESTABLECIMIENTO DE SALUD SIN INTERNAMIENTO","condicion":"ACTIVO","actualizado":"2023/08/01 19:00:00.000","fuente":"MINSA","urlRenipr":"http://app20.susalud.gob.pe:8080/registro-renipress-webapp/ipress.htm?action=mostrarVer&idipress=00023390"}},{"type":"Feature","geometry":{"type":"Point","coordinates":[-80.65488819999996,-5.1782883999999285]},"properties":{"objectid":32647,"nombre":"CENTRO MEDICO \"CESPEDES\"","departamento":"PIURA","provincia":"PIURA","distrito":"VEINTISEIS DE OCTUBRE","institucion":"PRIVADO","codigoMinsa":26554,"direccion":"AVENIDA DON BOSCO EX CIRCUNVALACION ASENTAMIENTO HUMANO SANTA ROSA NÚMERO 3460 MANZANA H LOTE 6 DISTRITO VEINTISEIS DE OCTUBRE PROVINCIA PIURA DEPARTAMENTO PIURA","disa":"","red":"","microrred":"","categoria":"ESTABLECIMIENTO DE SALUD SIN INTERNAMIENTO","condicion":"RUC INACTIVO EN SUNAT","actualizado":"2023/08/01 19:00:00.000","fuente":"MINSA","urlRenipr":"http://app20.susalud.gob.pe:8080/registro-renipress-webapp/ipress.htm?action=mostrarVer&idipress=00026554"}},{"type":"Feature","geometry":{"type":"Point","coordinates":[-80.76198879999998,-4.832388399999957]},"properties":{"objectid":32771,"nombre":"SAMAN","departamento":"PIURA","provincia":"SULLANA","distrito":"MARCAVELICA","institucion":"GOBIERNO REGIONAL","codigoMinsa":2038,"direccion":"OTROS CASERIO SAMAN MALLARES DISTRITO MARCAVELICA PROVINCIA SULLANA DEPARTAMENTO PIURA","disa":"PIURA","red":"SULLANA","microrred":"MARCAVELICA","categoria":"ESTABLECIMIENTO DE SALUD SIN INTERNAMIENTO","condicion":"ACTIVO","actualizado":"2023/08/01 19:00:00.000","fuente":"MINSA","urlRenipr":"http://app20.susalud.gob.pe:8080/registro-renipress-webapp/ipress.htm?action=mostrarVer&idipress=00002038"}},{"type":"Feature","geometry":{"type":"Point","coordinates":[-80.16349369999995,-5.099441429999956]},"properties":{"objectid":32858,"nombre":"CENTRO MEDICO \"DR. CAMACHO\"","departamento":"PIURA","provincia":"MORROPON","distrito":"CHULUCANAS","institucion":"PRIVADO","codigoMinsa":30809,"direccion":"JIRÓN MOQUEGUA NÚMERO 536 DISTRITO CHULUCANAS PROVINCIA MORROPON DEPARTAMENTO PIURA","disa":"PIURA","red":"","microrred":"","categoria":"ESTABLECIMIENTO DE SALUD CON INTERNAMIENTO","condicion":"ACTIVO","actualizado":"2023/08/01 19:00:00.000","fuente":"MINSA","urlRenipr":"http://app20.susalud.gob.pe:8080/registro-renipress-webapp/ipress.htm?action=mostrarVer&idipress=00030809"}},{"type":"Feature","geometry":{"type":"Point","coordinates":[-80.69493079999995,-4.89594349999993]},"properties":{"objectid":32862,"nombre":"CONSULTORIO MEDICO DE ECOGRAFIA","departamento":"PIURA","provincia":"SULLANA","distrito":"SULLANA","institucion":"PRIVADO","codigoMinsa":24672,"direccion":"AVENIDA SANTA ROSA NÚMERO 473 PISO 2 DISTRITO SULLANA PROVINCIA SULLANA DEPARTAMENTO PIURA","disa":"PIURA","red":"NO PERTENECE A NINGUNA RED","microrred":"NO PERTENECE A NINGUNA MICRORED","categoria":"SERVICIO MÉDICO DE APOYO","condicion":"ACTIVO","actualizado":"2023/08/01 19:00:00.000","fuente":"MINSA","urlRenipr":"http://app20.susalud.gob.pe:8080/registro-renipress-webapp/ipress.htm?action=mostrarVer&idipress=00024672"}},{"type":"Feature","geometry":{"type":"Point","coordinates":[-80.65488819999996,-5.1782883999999285]},"properties":{"objectid":32863,"nombre":"UNIDAD DE EMERGENCIA MÓVIL CLINICA CARITA FELIZ","departamento":"PIURA","provincia":"PIURA","distrito":"PIURA","institucion":"PRIVADO","codigoMinsa":26640,"direccion":"CALLE LAS ACACIAS N?ERO 172 URBANIZACI? 4 DE ENERO DISTRITO PIURA PROVINCIA PIURA DEPARTAMENTO PIURA","disa":"PIURA","red":"NO PERTENECE A NINGUNA RED","microrred":"NO PERTENECE A NINGUNA MICRORED","categoria":"SERVICIO MÉDICO DE APOYO","condicion":"ACTIVO","actualizado":"2023/08/01 19:00:00.000","fuente":"MINSA","urlRenipr":"http://app20.susalud.gob.pe:8080/registro-renipress-webapp/ipress.htm?action=mostrarVer&idipress=00026640"}},{"type":"Feature","geometry":{"type":"Point","coordinates":[-80.64821529999995,-4.83830439999997]},"properties":{"objectid":32918,"nombre":"CENTRO DE SALUD MENTAL COMUNITARIO \"SEÑOR DE CHOCAN\"","departamento":"PIURA","provincia":"SULLANA","distrito":"QUERECOTILLO","institucion":"GOBIERNO REGIONAL","codigoMinsa":31452,"direccion":"CALLE RODRIGUEZ MANZANA 31 LOTE 1 DISTRITO QUERECOTILLO PROVINCIA SULLANA DEPARTAMENTO PIURA","disa":"PIURA","red":"SULLANA","microrred":"QUERECOTILLO","categoria":"ESTABLECIMIENTO DE SALUD SIN INTERNAMIENTO","condicion":"ACTIVO","actualizado":"2023/08/01 19:00:00.000","fuente":"MINSA","urlRenipr":"http://app20.susalud.gob.pe:8080/registro-renipress-webapp/ipress.htm?action=mostrarVer&idipress=00031452"}},{"type":"Feature","geometry":{"type":"Point","coordinates":[-80.65031604999996,-4.840262309999957]},"properties":{"objectid":32919,"nombre":"CENTRO DE INVESTIGACION Y CAPACITACION EN ENTOMOLOGIA Y ENFERMEDADES TRASMISIBLES","departamento":"PIURA","provincia":"SULLANA","distrito":"QUERECOTILLO","institucion":"GOBIERNO REGIONAL","codigoMinsa":10418,"direccion":"CALLE RODRIGUEZ N° 284","disa":"PIURA","red":"SULLANA","microrred":"QUERECOTILLO","categoria":"SERVICIO MÉDICO DE APOYO","condicion":"ACTIVO","actualizado":"2023/08/01 19:00:00.000","fuente":"MINSA","urlRenipr":"http://app20.susalud.gob.pe:8080/registro-renipress-webapp/ipress.htm?action=mostrarVer&idipress=00010418"}},{"type":"Feature","geometry":{"type":"Point","coordinates":[-79.91026550999999,-4.77020626999996]},"properties":{"objectid":32920,"nombre":"EL LUCUMO","departamento":"PIURA","provincia":"AYABACA","distrito":"LAGUNAS","institucion":"GOBIERNO REGIONAL","codigoMinsa":1966,"direccion":"OTROS CASERIO EL LUCUMO S/N NÚMERO S/N DISTRITO LAGUNAS PROVINCIA AYABACA DEPARTAMENTO PIURA","disa":"PIURA","red":"AYABACA","microrred":"PAIMAS","categoria":"ESTABLECIMIENTO DE SALUD SIN INTERNAMIENTO","condicion":"ACTIVO","actualizado":"2023/08/01 19:00:00.000","fuente":"MINSA","urlRenipr":"http://app20.susalud.gob.pe:8080/registro-renipress-webapp/ipress.htm?action=mostrarVer&idipress=00001966"}},{"type":"Feature","geometry":{"type":"Point","coordinates":[-80.48896491999994,-4.701308249999954]},"properties":{"objectid":32921,"nombre":"CHILACO PELADOS","departamento":"PIURA","provincia":"SULLANA","distrito":"LANCONES","institucion":"GOBIERNO REGIONAL","codigoMinsa":2068,"direccion":"OTROS CASERIO CHILACO PELADOS DISTRITO LANCONES PROVINCIA SULLANA DEPARTAMENTO PIURA","disa":"PIURA","red":"SULLANA","microrred":"LANCONES","categoria":"ESTABLECIMIENTO DE SALUD SIN INTERNAMIENTO","condicion":"ACTIVO","actualizado":"2023/08/01 19:00:00.000","fuente":"MINSA","urlRenipr":"http://app20.susalud.gob.pe:8080/registro-renipress-webapp/ipress.htm?action=mostrarVer&idipress=00002068"}},{"type":"Feature","geometry":{"type":"Point","coordinates":[-79.49954088999993,-4.615143659999944]},"properties":{"objectid":32922,"nombre":"PUESTO DE SALUD HUILCO","departamento":"PIURA","provincia":"AYABACA","distrito":"AYABACA","institucion":"GOBIERNO REGIONAL","codigoMinsa":19844,"direccion":"OTROS CASERIO HUILCO - AYABACA DISTRITO AYABACA PROVINCIA AYABACA DEPARTAMENTO PIURA","disa":"PIURA","red":"AYABACA","microrred":"AYABACA","categoria":"ESTABLECIMIENTO DE SALUD SIN INTERNAMIENTO","condicion":"ACTIVO","actualizado":"2023/08/01 19:00:00.000","fuente":"MINSA","urlRenipr":"http://app20.susalud.gob.pe:8080/registro-renipress-webapp/ipress.htm?action=mostrarVer&idipress=00019844"}},{"type":"Feature","geometry":{"type":"Point","coordinates":[-79.52276066999997,-4.554869469999971]},"properties":{"objectid":32923,"nombre":"CALVAS DE SAMANGA","departamento":"PIURA","provincia":"AYABACA","distrito":"AYABACA","institucion":"GOBIERNO REGIONAL","codigoMinsa":1919,"direccion":"OTROS CASERIO CALVAS DE SAMANGA - AYABACA DISTRITO AYABACA PROVINCIA AYABACA DEPARTAMENTO PIURA","disa":"PIURA","red":"AYABACA","microrred":"AYABACA","categoria":"ESTABLECIMIENTO DE SALUD SIN INTERNAMIENTO","condicion":"ACTIVO","actualizado":"2023/08/01 19:00:00.000","fuente":"MINSA","urlRenipr":"http://app20.susalud.gob.pe:8080/registro-renipress-webapp/ipress.htm?action=mostrarVer&idipress=00001919"}},{"type":"Feature","geometry":{"type":"Point","coordinates":[-81.01496285999997,-4.885837889999948]},"properties":{"objectid":32924,"nombre":"AMOTAPE","departamento":"PIURA","provincia":"PAITA","distrito":"AMOTAPE","institucion":"GOBIERNO REGIONAL","codigoMinsa":2047,"direccion":"CALLE CALLE BOLIVAR S/N AMOTAPE S/N CALLE BOLIVAR S/N AMOTAPE AMOTAPE PAITA PIURA","disa":"PIURA","red":"SULLANA","microrred":"MARCAVELICA","categoria":"ESTABLECIMIENTO DE SALUD SIN INTERNAMIENTO","condicion":"ACTIVO","actualizado":"2023/08/01 19:00:00.000","fuente":"MINSA","urlRenipr":"http://app20.susalud.gob.pe:8080/registro-renipress-webapp/ipress.htm?action=mostrarVer&idipress=00002047"}},{"type":"Feature","geometry":{"type":"Point","coordinates":[-80.58338408999998,-4.831548589999954]},"properties":{"objectid":32925,"nombre":"SAN VICENTE-PIEDRA RODADA","departamento":"PIURA","provincia":"SULLANA","distrito":"SULLANA","institucion":"GOBIERNO REGIONAL","codigoMinsa":2007,"direccion":"OTROS SAN VICENTE DE PIEDRA RODADA DISTRITO BELLAVISTA PROVINCIA SULLANA DEPARTAMENTO PIURA","disa":"PIURA","red":"SULLANA","microrred":"BELLAVISTA","categoria":"ESTABLECIMIENTO DE SALUD SIN INTERNAMIENTO","condicion":"ACTIVO","actualizado":"2023/08/01 19:00:00.000","fuente":"MINSA","urlRenipr":"http://app20.susalud.gob.pe:8080/registro-renipress-webapp/ipress.htm?action=mostrarVer&idipress=00002007"}},{"type":"Feature","geometry":{"type":"Point","coordinates":[-81.12680668999997,-4.176980779999951]},"properties":{"objectid":32926,"nombre":"CENTRO DE SALUD \"LOS ORGANOS\"","departamento":"PIURA","provincia":"TALARA","distrito":"LOS ORGANOS","institucion":"GOBIERNO REGIONAL","codigoMinsa":2080,"direccion":"AVENIDA AV. PANAMERICANA NORTE S/N ORGANOS S/N AV. PANAMERICANA NORTE S/N ORGANOS LOS ORGANOS TALARA PIURA","disa":"PIURA","red":"SULLANA","microrred":"LOS ORGANOS","categoria":"ESTABLECIMIENTO DE SALUD SIN INTERNAMIENTO","condicion":"ACTIVO","actualizado":"2023/08/01 19:00:00.000","fuente":"MINSA","urlRenipr":"http://app20.susalud.gob.pe:8080/registro-renipress-webapp/ipress.htm?action=mostrarVer&idipress=00002080"}},{"type":"Feature","geometry":{"type":"Point","coordinates":[-80.59892791999994,-4.479398909999929]},"properties":{"objectid":32927,"nombre":"CASAS QUEMADAS","departamento":"PIURA","provincia":"SULLANA","distrito":"LANCONES","institucion":"GOBIERNO REGIONAL","codigoMinsa":2072,"direccion":"OTROS CASERIO CASAS QUEMADAS - LANCONES DISTRITO LANCONES PROVINCIA SULLANA DEPARTAMENTO PIURA","disa":"PIURA","red":"SULLANA","microrred":"LANCONES","categoria":"ESTABLECIMIENTO DE SALUD SIN INTERNAMIENTO","condicion":"ACTIVO","actualizado":"2023/08/01 19:00:00.000","fuente":"MINSA","urlRenipr":"http://app20.susalud.gob.pe:8080/registro-renipress-webapp/ipress.htm?action=mostrarVer&idipress=00002072"}},{"type":"Feature","geometry":{"type":"Point","coordinates":[-80.56227506999994,-4.693721219999929]},"properties":{"objectid":32928,"nombre":"SANTA VICTORIA","departamento":"PIURA","provincia":"SULLANA","distrito":"QUERECOTILLO","institucion":"GOBIERNO REGIONAL","codigoMinsa":2055,"direccion":"OTROS CASERIO SANTA VICTORIA DISTRITO QUERECOTILLO PROVINCIA SULLANA DEPARTAMENTO PIURA","disa":"PIURA","red":"SULLANA","microrred":"QUERECOTILLO","categoria":"ESTABLECIMIENTO DE SALUD SIN INTERNAMIENTO","condicion":"ACTIVO","actualizado":"2023/08/01 19:00:00.000","fuente":"MINSA","urlRenipr":"http://app20.susalud.gob.pe:8080/registro-renipress-webapp/ipress.htm?action=mostrarVer&idipress=00002055"}},{"type":"Feature","geometry":{"type":"Point","coordinates":[-80.62175599999995,-5.200344599999937]},"properties":{"objectid":32948,"nombre":"CONSULTORIO MEDICO SALUD ES VIDA","departamento":"PIURA","provincia":"PIURA","distrito":"PIURA","institucion":"PRIVADO","codigoMinsa":28395,"direccion":"CALLE E MANZANA B LOTE 20 URBANIZACIÓN LOS SAUCES DISTRITO PIURA PROVINCIA PIURA DEPARTAMENTO PIURA","disa":"PIURA","red":"NO PERTENECE A NINGUNA RED","microrred":"NO PERTENECE A NINGUNA MICRORED","categoria":"ESTABLECIMIENTO DE SALUD SIN INTERNAMIENTO","condicion":"ACTIVO","actualizado":"2023/08/01 19:00:00.000","fuente":"MINSA","urlRenipr":"http://app20.susalud.gob.pe:8080/registro-renipress-webapp/ipress.htm?action=mostrarVer&idipress=00028395"}},{"type":"Feature","geometry":{"type":"Point","coordinates":[-81.09550969999998,-5.090132799999935]},"properties":{"objectid":32955,"nombre":"CENTRO DE ESPECILIADES MEDICAS MEDIC PAITA SAC","departamento":"PIURA","provincia":"PAITA","distrito":"PAITA","institucion":"PRIVADO","codigoMinsa":30274,"direccion":"OTROS SAN ISIDRO MANZANA C LOTE 8 DISTRITO PAITA PROVINCIA PAITA DEPARTAMENTO PIURA","disa":"PIURA","red":"","microrred":"","categoria":"ESTABLECIMIENTO DE SALUD SIN INTERNAMIENTO","condicion":"ACTIVO","actualizado":"2023/08/01 19:00:00.000","fuente":"MINSA","urlRenipr":"http://app20.susalud.gob.pe:8080/registro-renipress-webapp/ipress.htm?action=mostrarVer&idipress=00030274"}},{"type":"Feature","geometry":{"type":"Point","coordinates":[-80.68643229999998,-4.903637999999944]},"properties":{"objectid":32960,"nombre":"CENTRO DE ESPECIALIDADES MEDICAS SALUD OCUPACIONAL VIRGEN DE FATIMA E.I.R.L","departamento":"PIURA","provincia":"SULLANA","distrito":"SULLANA","institucion":"PRIVADO","codigoMinsa":26122,"direccion":"CALLE UGARTE NÚMERO 1594 PISO 1 DEPARTAMENTO 1 INTERIOR 1 DISTRITO SULLANA PROVINCIA SULLANA DEPARTAMENTO PIURA","disa":"PIURA","red":"","microrred":"NO PERTENECE A NINGUNA MICRORED","categoria":"ESTABLECIMIENTO DE SALUD SIN INTERNAMIENTO","condicion":"ACTIVO","actualizado":"2023/08/01 19:00:00.000","fuente":"MINSA","urlRenipr":"http://app20.susalud.gob.pe:8080/registro-renipress-webapp/ipress.htm?action=mostrarVer&idipress=00026122"}},{"type":"Feature","geometry":{"type":"Point","coordinates":[-80.65488819999996,-5.1782883999999285]},"properties":{"objectid":32977,"nombre":"INSTITUTO MEDICO CASTILLA S.A.C.","departamento":"PIURA","provincia":"PIURA","distrito":"CASTILLA","institucion":"PRIVADO","codigoMinsa":25663,"direccion":"JIRÓN TACNA NÚMERO 200 DISTRITO CASTILLA PROVINCIA PIURA DEPARTAMENTO PIURA","disa":"PIURA","red":"NO PERTENECE A NINGUNA RED","microrred":"NO PERTENECE A NINGUNA MICRORED","categoria":"SERVICIO MÉDICO DE APOYO","condicion":"ACTIVO","actualizado":"2023/08/01 19:00:00.000","fuente":"MINSA","urlRenipr":"http://app20.susalud.gob.pe:8080/registro-renipress-webapp/ipress.htm?action=mostrarVer&idipress=00025663"}},{"type":"Feature","geometry":{"type":"Point","coordinates":[-79.83319666999995,-5.0321199999999635]},"properties":{"objectid":32997,"nombre":"P.S ÑOMA","departamento":"PIURA","provincia":"MORROPON","distrito":"SANTO DOMINGO","institucion":"GOBIERNO REGIONAL","codigoMinsa":2221,"direccion":"OTROS CENTRO POBLADO ÑOMA S/N NÚMERO S/N DISTRITO SANTO DOMINGO PROVINCIA MORROPON DEPARTAMENTO PIURA","disa":"PIURA","red":"MORROPON CHULUCANAS","microrred":"CHALACO","categoria":"ESTABLECIMIENTO DE SALUD SIN INTERNAMIENTO","condicion":"ACTIVO","actualizado":"2023/08/01 19:00:00.000","fuente":"MINSA","urlRenipr":"http://app20.susalud.gob.pe:8080/registro-renipress-webapp/ipress.htm?action=mostrarVer&idipress=00002221"}},{"type":"Feature","geometry":{"type":"Point","coordinates":[-79.45056616999995,-5.175086259999944]},"properties":{"objectid":32993,"nombre":"E.S. ÑANGALI","departamento":"PIURA","provincia":"HUANCABAMBA","distrito":"HUANCABAMBA","institucion":"GOBIERNO REGIONAL","codigoMinsa":2255,"direccion":"OTROS CASERIO ÑANGALI S/N S/N CASERIO ÑANGALI S/N HUANCABAMBA HUANCABAMBA PIURA","disa":"PIURA","red":"HUANCABAMBA","microrred":"HUANCABAMBA","categoria":"ESTABLECIMIENTO DE SALUD SIN INTERNAMIENTO","condicion":"ACTIVO","actualizado":"2023/08/01 19:00:00.000","fuente":"MINSA","urlRenipr":"http://app20.susalud.gob.pe:8080/registro-renipress-webapp/ipress.htm?action=mostrarVer&idipress=00002255"}},{"type":"Feature","geometry":{"type":"Point","coordinates":[-80.86630159999999,-5.76905198999998]},"properties":{"objectid":32994,"nombre":"LA BOCANA (DE SECHURA)","departamento":"PIURA","provincia":"SECHURA","distrito":"SECHURA","institucion":"GOBIERNO REGIONAL","codigoMinsa":2147,"direccion":"AVENIDA AV. GRAU S/N CENTRO POBLADO LA BOCANA -PARACHIQUE NÚMERO S/N DISTRITO SECHURA PROVINCIA SECHURA DEPARTAMENTO PIURA","disa":"PIURA","red":"BAJO PIURA","microrred":"SECHURA","categoria":"ESTABLECIMIENTO DE SALUD SIN INTERNAMIENTO","condicion":"ACTIVO","actualizado":"2023/08/01 19:00:00.000","fuente":"MINSA","urlRenipr":"http://app20.susalud.gob.pe:8080/registro-renipress-webapp/ipress.htm?action=mostrarVer&idipress=00002147"}},{"type":"Feature","geometry":{"type":"Point","coordinates":[-79.60559834999998,-5.401340239999968]},"properties":{"objectid":32995,"nombre":"ESTABLECIMIENTO DE SALUD EL FAIQUE.","departamento":"PIURA","provincia":"HUANCABAMBA","distrito":"SAN MIGUEL DE EL FAIQUE","institucion":"GOBIERNO REGIONAL","codigoMinsa":2245,"direccion":"JIRÓN JR. HUANCABAMBA S/N EL FAIQUE S/N JR. HUANCABAMBA S/N EL FAIQUE SAN MIGUEL DE EL FAIQUE HUANCABAMBA PIURA","disa":"PIURA","red":"MORROPON CHULUCANAS","microrred":"CANCHAQUE","categoria":"ESTABLECIMIENTO DE SALUD CON INTERNAMIENTO","condicion":"ACTIVO","actualizado":"2023/08/01 19:00:00.000","fuente":"MINSA","urlRenipr":"http://app20.susalud.gob.pe:8080/registro-renipress-webapp/ipress.htm?action=mostrarVer&idipress=00002245"}},{"type":"Feature","geometry":{"type":"Point","coordinates":[-79.64850726999998,-5.198210289999963]},"properties":{"objectid":32996,"nombre":"LA LAGUNA","departamento":"PIURA","provincia":"HUANCABAMBA","distrito":"LALAQUIZ","institucion":"GOBIERNO REGIONAL","codigoMinsa":2233,"direccion":"CALLE CALLE PIURA S/N NÚMERO S/N DISTRITO LALAQUIZ PROVINCIA HUANCABAMBA DEPARTAMENTO PIURA","disa":"PIURA","red":"MORROPON CHULUCANAS","microrred":"SALITRAL","categoria":"ESTABLECIMIENTO DE SALUD SIN INTERNAMIENTO","condicion":"ACTIVO","actualizado":"2023/08/01 19:00:00.000","fuente":"MINSA","urlRenipr":"http://app20.susalud.gob.pe:8080/registro-renipress-webapp/ipress.htm?action=mostrarVer&idipress=00002233"}},{"type":"Feature","geometry":{"type":"Point","coordinates":[-80.09033716999994,-5.208906249999927]},"properties":{"objectid":32998,"nombre":"ESTABLECIMIENTO DE SALUD LA MATANZA.","departamento":"PIURA","provincia":"MORROPON","distrito":"LA MATANZA","institucion":"GOBIERNO REGIONAL","codigoMinsa":2178,"direccion":"AVENIDA ESQ. AV. MIGUEL GRAU Y TUPAC AMARU ESQ. AV. MIGUEL GRAU Y TUPAC AMARU LA MATANZA MORROPON PIURA","disa":"PIURA","red":"MORROPON CHULUCANAS","microrred":"CHULUCANAS","categoria":"ESTABLECIMIENTO DE SALUD SIN INTERNAMIENTO","condicion":"ACTIVO","actualizado":"2023/08/01 19:00:00.000","fuente":"MINSA","urlRenipr":"http://app20.susalud.gob.pe:8080/registro-renipress-webapp/ipress.htm?action=mostrarVer&idipress=00002178"}},{"type":"Feature","geometry":{"type":"Point","coordinates":[-80.02229102999996,-4.9292398999999705]},"properties":{"objectid":32999,"nombre":"P.S SILAHUA","departamento":"PIURA","provincia":"AYABACA","distrito":"FRIAS","institucion":"GOBIERNO REGIONAL","codigoMinsa":2173,"direccion":"CALLE SANTA ROSA S/N","disa":"PIURA","red":"MORROPON CHULUCANAS","microrred":"CHULUCANAS","categoria":"ESTABLECIMIENTO DE SALUD SIN INTERNAMIENTO","condicion":"ACTIVO","actualizado":"2023/08/01 19:00:00.000","fuente":"MINSA","urlRenipr":"http://app20.susalud.gob.pe:8080/registro-renipress-webapp/ipress.htm?action=mostrarVer&idipress=00002173"}},{"type":"Feature","geometry":{"type":"Point","coordinates":[-80.70065146999997,-5.388711379999961]},"properties":{"objectid":33000,"nombre":"P.S CANIZAL CHICO","departamento":"PIURA","provincia":"PIURA","distrito":"LA UNION","institucion":"GOBIERNO REGIONAL","codigoMinsa":2136,"direccion":"AVENIDA AV. PRINCIPAL CACERIO CANIZAL CHICO-LAUNION DISTRITO LA UNION PROVINCIA PIURA DEPARTAMENTO PIURA","disa":"PIURA","red":"BAJO PIURA","microrred":"CATACAOS","categoria":"ESTABLECIMIENTO DE SALUD SIN INTERNAMIENTO","condicion":"ACTIVO","actualizado":"2023/08/01 19:00:00.000","fuente":"MINSA","urlRenipr":"http://app20.susalud.gob.pe:8080/registro-renipress-webapp/ipress.htm?action=mostrarVer&idipress=00002136"}},{"type":"Feature","geometry":{"type":"Point","coordinates":[-80.71108455999996,-5.3444844999999646]},"properties":{"objectid":33001,"nombre":"C.S LA ARENA","departamento":"PIURA","provincia":"PIURA","distrito":"LA ARENA","institucion":"GOBIERNO REGIONAL","codigoMinsa":2124,"direccion":"CALLE CALLE LIMA N° 197 CALLE LIMA N° 197 LA ARENA PIURA PIURA","disa":"PIURA","red":"BAJO PIURA","microrred":"CATACAOS","categoria":"ESTABLECIMIENTO DE SALUD SIN INTERNAMIENTO","condicion":"ACTIVO","actualizado":"2023/08/01 19:00:00.000","fuente":"MINSA","urlRenipr":"http://app20.susalud.gob.pe:8080/registro-renipress-webapp/ipress.htm?action=mostrarVer&idipress=00002124"}},{"type":"Feature","geometry":{"type":"Point","coordinates":[-80.57436166999997,-4.984781669999961]},"properties":{"objectid":33002,"nombre":"E.S. LA OBRILLA","departamento":"PIURA","provincia":"PIURA","distrito":"CASTILLA","institucion":"GOBIERNO REGIONAL","codigoMinsa":2108,"direccion":"OTROS CENTRO POBLADO LA OBRILLA S/N S/N CENTRO POBLADO LA OBRILLA S/N CASTILLA PIURA PIURA","disa":"PIURA","red":"PIURA CASTILLA","microrred":"CASTILLA","categoria":"ESTABLECIMIENTO DE SALUD SIN INTERNAMIENTO","condicion":"ACTIVO","actualizado":"2023/08/01 19:00:00.000","fuente":"MINSA","urlRenipr":"http://app20.susalud.gob.pe:8080/registro-renipress-webapp/ipress.htm?action=mostrarVer&idipress=00002108"}},{"type":"Feature","geometry":{"type":"Point","coordinates":[-79.41194666999996,-5.315178329999981]},"properties":{"objectid":33003,"nombre":"ESTABLECIMIENTO DE SALUD SONDOR.","departamento":"PIURA","provincia":"HUANCABAMBA","distrito":"SONDOR","institucion":"GOBIERNO REGIONAL","codigoMinsa":2262,"direccion":"PROLONGACIÓN PROLONGACION S/N S/N PROLONGACION S/N SONDOR HUANCABAMBA PIURA","disa":"PIURA","red":"HUANCABAMBA","microrred":"HUANCABAMBA","categoria":"ESTABLECIMIENTO DE SALUD SIN INTERNAMIENTO","condicion":"ACTIVO","actualizado":"2023/08/01 19:00:00.000","fuente":"MINSA","urlRenipr":"http://app20.susalud.gob.pe:8080/registro-renipress-webapp/ipress.htm?action=mostrarVer&idipress=00002262"}},{"type":"Feature","geometry":{"type":"Point","coordinates":[-79.53601536999997,-5.060896459999981]},"properties":{"objectid":33004,"nombre":"P.S TALANEO","departamento":"PIURA","provincia":"HUANCABAMBA","distrito":"EL CARMEN DE LA FRONTERA","institucion":"GOBIERNO REGIONAL","codigoMinsa":2258,"direccion":"OTROS CASERIO TALANEO S/N S/N CASERIO TALANEO S/N EL CARMEN DE LA FRONTERA HUANCABAMBA PIURA","disa":"PIURA","red":"HUANCABAMBA","microrred":"HUANCABAMBA","categoria":"ESTABLECIMIENTO DE SALUD SIN INTERNAMIENTO","condicion":"ACTIVO","actualizado":"2023/08/01 19:00:00.000","fuente":"MINSA","urlRenipr":"http://app20.susalud.gob.pe:8080/registro-renipress-webapp/ipress.htm?action=mostrarVer&idipress=00002258"}},{"type":"Feature","geometry":{"type":"Point","coordinates":[-79.60298387999995,-5.455531279999946]},"properties":{"objectid":33005,"nombre":"P.S EL HIGUERON","departamento":"PIURA","provincia":"HUANCABAMBA","distrito":"SAN MIGUEL DE EL FAIQUE","institucion":"GOBIERNO REGIONAL","codigoMinsa":2247,"direccion":"OTROS CASERIO EL HIGUERON MANZANA- A LOTE N° 6 CASERIO EL HIGUERON MANZANA- A LOTE N° 6 SAN MIGUEL DE EL FAIQUE HUANCABAMBA PIURA","disa":"PIURA","red":"MORROPON CHULUCANAS","microrred":"CANCHAQUE","categoria":"ESTABLECIMIENTO DE SALUD SIN INTERNAMIENTO","condicion":"ACTIVO","actualizado":"2023/08/01 19:00:00.000","fuente":"MINSA","urlRenipr":"http://app20.susalud.gob.pe:8080/registro-renipress-webapp/ipress.htm?action=mostrarVer&idipress=00002247"}},{"type":"Feature","geometry":{"type":"Point","coordinates":[-79.67690836999998,-5.420345419999933]},"properties":{"objectid":33006,"nombre":"E.S. LOMA LARGA","departamento":"PIURA","provincia":"HUANCABAMBA","distrito":"SAN MIGUEL DE EL FAIQUE","institucion":"GOBIERNO REGIONAL","codigoMinsa":2242,"direccion":"CALLE CALLE PRINCIPAL S/N S/N CALLE PRINCIPAL S/N SAN MIGUEL DE EL FAIQUE HUANCABAMBA PIURA","disa":"PIURA","red":"MORROPON CHULUCANAS","microrred":"CANCHAQUE","categoria":"ESTABLECIMIENTO DE SALUD SIN INTERNAMIENTO","condicion":"ACTIVO","actualizado":"2023/08/01 19:00:00.000","fuente":"MINSA","urlRenipr":"http://app20.susalud.gob.pe:8080/registro-renipress-webapp/ipress.htm?action=mostrarVer&idipress=00002242"}},{"type":"Feature","geometry":{"type":"Point","coordinates":[-80.69265499999995,-4.8946586999999795]},"properties":{"objectid":33036,"nombre":"CENTRO DE ANALISIS CLINICOS SAN MIGUEL ARCANGEL","departamento":"PIURA","provincia":"SULLANA","distrito":"SULLANA","institucion":"PRIVADO","codigoMinsa":26019,"direccion":"AVENIDA SANTA ROSA NÚMERO 327 PISO 1 DISTRITO SULLANA PROVINCIA SULLANA DEPARTAMENTO PIURA","disa":"PIURA","red":"NO PERTENECE A NINGUNA RED","microrred":"NO PERTENECE A NINGUNA MICRORED","categoria":"SERVICIO MÉDICO DE APOYO","condicion":"ACTIVO","actualizado":"2023/08/01 19:00:00.000","fuente":"MINSA","urlRenipr":"http://app20.susalud.gob.pe:8080/registro-renipress-webapp/ipress.htm?action=mostrarVer&idipress=00026019"}},{"type":"Feature","geometry":{"type":"Point","coordinates":[-80.65488819999996,-5.1782883999999285]},"properties":{"objectid":33048,"nombre":"CENTRO ODONTOLOGICO VITAL-DENT","departamento":"PIURA","provincia":"PIURA","distrito":"PIURA","institucion":"PRIVADO","codigoMinsa":25682,"direccion":"AVENIDA GRAU NÚMERO 1135 DISTRITO PIURA PROVINCIA PIURA DEPARTAMENTO PIURA","disa":"","red":"","microrred":"","categoria":"ESTABLECIMIENTO DE SALUD SIN INTERNAMIENTO","condicion":"RUC INACTIVO EN SUNAT","actualizado":"2023/08/01 19:00:00.000","fuente":"MINSA","urlRenipr":"http://app20.susalud.gob.pe:8080/registro-renipress-webapp/ipress.htm?action=mostrarVer&idipress=00025682"}},{"type":"Feature","geometry":{"type":"Point","coordinates":[-80.59875489999996,-5.18632649999995]},"properties":{"objectid":33057,"nombre":"LABORATORIO DE ANALISIS CLINICOS BIOANALISIS PIURA SAC","departamento":"PIURA","provincia":"PIURA","distrito":"CASTILLA","institucion":"PRIVADO","codigoMinsa":30797,"direccion":"AVENIDA RAMON CASTILLA NÚMERO 123 DISTRITO CASTILLA PROVINCIA PIURA DEPARTAMENTO PIURA","disa":"PIURA","red":"","microrred":"","categoria":"SERVICIO MÉDICO DE APOYO","condicion":"ACTIVO","actualizado":"2023/08/01 19:00:00.000","fuente":"MINSA","urlRenipr":"http://app20.susalud.gob.pe:8080/registro-renipress-webapp/ipress.htm?action=mostrarVer&idipress=00030797"}},{"type":"Feature","geometry":{"type":"Point","coordinates":[-80.65488819999996,-5.1782883999999285]},"properties":{"objectid":33106,"nombre":"PREVENIR CENTRO MEDICO Y ODONTOLOGICO","departamento":"PIURA","provincia":"PIURA","distrito":"CASTILLA","institucion":"PRIVADO","codigoMinsa":19821,"direccion":"OTROS MZA. K LOTE. 08 URB. MIRAFLORES 2 ETAPA DISTRITO CASTILLA PROVINCIA PIURA DEPARTAMENTO PIURA","disa":"PIURA","red":"NO PERTENECE A NINGUNA RED","microrred":"NO PERTENECE A NINGUNA MICRORED","categoria":"ESTABLECIMIENTO DE SALUD SIN INTERNAMIENTO","condicion":"ACTIVO","actualizado":"2023/08/01 19:00:00.000","fuente":"MINSA","urlRenipr":"http://app20.susalud.gob.pe:8080/registro-renipress-webapp/ipress.htm?action=mostrarVer&idipress=00019821"}},{"type":"Feature","geometry":{"type":"Point","coordinates":[-80.62347899999997,-5.224390099999937]},"properties":{"objectid":33109,"nombre":"CONSULTORIO DE ENFERMERIA BIENESTAR Y SALUD","departamento":"PIURA","provincia":"PIURA","distrito":"VEINTISEIS DE OCTUBRE","institucion":"PRIVADO","codigoMinsa":31470,"direccion":"OTROS ASENTAMIENTO HUMANO EL ROSAL MANZANA A LOTE 20 DISTRITO VEINTISEIS DE OCTUBRE PROVINCIA PIURA DEPARTAMENTO PIURA","disa":"PIURA","red":"","microrred":"","categoria":"ESTABLECIMIENTO DE SALUD SIN INTERNAMIENTO","condicion":"ACTIVO","actualizado":"2023/08/01 19:00:00.000","fuente":"MINSA","urlRenipr":"http://app20.susalud.gob.pe:8080/registro-renipress-webapp/ipress.htm?action=mostrarVer&idipress=00031470"}},{"type":"Feature","geometry":{"type":"Point","coordinates":[-80.65488819999996,-5.1782883999999285]},"properties":{"objectid":33137,"nombre":"OPTICA EUROVISION","departamento":"PIURA","provincia":"PIURA","distrito":"VEINTISEIS DE OCTUBRE","institucion":"PRIVADO","codigoMinsa":27212,"direccion":"AVENIDA GRAU N?ERO 2505 DISTRITO VEINTISEIS DE OCTUBRE PROVINCIA PIURA DEPARTAMENTO PIURA","disa":"PIURA","red":"NO PERTENECE A NINGUNA RED","microrred":"NO PERTENECE A NINGUNA MICRORED","categoria":"SERVICIO MÉDICO DE APOYO","condicion":"ACTIVO","actualizado":"2023/08/01 19:00:00.000","fuente":"MINSA","urlRenipr":"http://app20.susalud.gob.pe:8080/registro-renipress-webapp/ipress.htm?action=mostrarVer&idipress=00027212"}},{"type":"Feature","geometry":{"type":"Point","coordinates":[-80.62684256999995,-5.164318679999951]},"properties":{"objectid":33148,"nombre":"PUNTO DENTAL . CONSULTORIO","departamento":"PIURA","provincia":"PIURA","distrito":"PIURA","institucion":"PRIVADO","codigoMinsa":26973,"direccion":"AVENIDA LAS CASUARINAS PISO 2 INTERIOR 05 MANZANA I LOTE 01 URBANIZACI? LOS GERANIOS DISTRITO PIURA PROVINCIA PIURA DEPARTAMENTO PIURA","disa":"PIURA","red":"NO PERTENECE A NINGUNA RED","microrred":"NO PERTENECE A NINGUNA MICRORED","categoria":"ESTABLECIMIENTO DE SALUD SIN INTERNAMIENTO","condicion":"ACTIVO","actualizado":"2023/08/01 19:00:00.000","fuente":"MINSA","urlRenipr":"http://app20.susalud.gob.pe:8080/registro-renipress-webapp/ipress.htm?action=mostrarVer&idipress=00026973"}},{"type":"Feature","geometry":{"type":"Point","coordinates":[-80.63246532999995,-5.197593799999936]},"properties":{"objectid":33155,"nombre":"CONSULTORIOS PSICOLOGICOS CENTROS UNIDOS","departamento":"PIURA","provincia":"PIURA","distrito":"PIURA","institucion":"PRIVADO","codigoMinsa":27104,"direccion":"JIRÓN LOS FICUS 195 Piso 2 Urb. 4 de Enero. PIURA PIURA PIURA","disa":"PIURA","red":"NO PERTENECE A NINGUNA RED","microrred":"NO PERTENECE A NINGUNA MICRORED","categoria":"ESTABLECIMIENTO DE SALUD SIN INTERNAMIENTO","condicion":"ACTIVO","actualizado":"2023/08/01 19:00:00.000","fuente":"MINSA","urlRenipr":"http://app20.susalud.gob.pe:8080/registro-renipress-webapp/ipress.htm?action=mostrarVer&idipress=00027104"}},{"type":"Feature","geometry":{"type":"Point","coordinates":[-80.65296899999998,-5.1957093999999415]},"properties":{"objectid":33161,"nombre":"SOLEIL CENTRO MEDICO ESTETICO S.A.C.","departamento":"PIURA","provincia":"PIURA","distrito":"PIURA","institucion":"PRIVADO","codigoMinsa":28373,"direccion":"AVENIDA LAS PALMERAS MANZANA A LOTE 24 URBANIZACIÓN LOS GERANEOS DISTRITO PIURA PROVINCIA PIURA DEPARTAMENTO PIURA","disa":"PIURA","red":"NO PERTENECE A NINGUNA RED","microrred":"NO PERTENECE A NINGUNA MICRORED","categoria":"ESTABLECIMIENTO DE SALUD SIN INTERNAMIENTO","condicion":"ACTIVO","actualizado":"2023/08/01 19:00:00.000","fuente":"MINSA","urlRenipr":"http://app20.susalud.gob.pe:8080/registro-renipress-webapp/ipress.htm?action=mostrarVer&idipress=00028373"}},{"type":"Feature","geometry":{"type":"Point","coordinates":[-80.65296899999998,-5.1957093999999415]},"properties":{"objectid":33188,"nombre":"CONSULTORIO DENTAL ROSAS","departamento":"PIURA","provincia":"PIURA","distrito":"PIURA","institucion":"PRIVADO","codigoMinsa":31197,"direccion":"AVENIDA GULLMAN ASENTAMIENTO HUMANO BUENOS AIRES MANZANA D2 LOTE 03 B DISTRITO PIURA PROVINCIA PIURA DEPARTAMENTO PIURA","disa":"PIURA","red":"","microrred":"","categoria":"ESTABLECIMIENTO DE SALUD SIN INTERNAMIENTO","condicion":"ACTIVO","actualizado":"2023/08/01 19:00:00.000","fuente":"MINSA","urlRenipr":"http://app20.susalud.gob.pe:8080/registro-renipress-webapp/ipress.htm?action=mostrarVer&idipress=00031197"}},{"type":"Feature","geometry":{"type":"Point","coordinates":[-80.68534369999998,-4.8896841999999765]},"properties":{"objectid":33206,"nombre":"BIOMEDICAL","departamento":"PIURA","provincia":"SULLANA","distrito":"SULLANA","institucion":"PRIVADO","codigoMinsa":30426,"direccion":"CALLE ALMIRANTE GRAU NÚMERO 929 DISTRITO SULLANA PROVINCIA SULLANA DEPARTAMENTO PIURA","disa":"PIURA","red":"","microrred":"","categoria":"SERVICIO MÉDICO DE APOYO","condicion":"ACTIVO","actualizado":"2023/08/01 19:00:00.000","fuente":"MINSA","urlRenipr":"http://app20.susalud.gob.pe:8080/registro-renipress-webapp/ipress.htm?action=mostrarVer&idipress=00030426"}},{"type":"Feature","geometry":{"type":"Point","coordinates":[-80.59875489999996,-5.18632649999995]},"properties":{"objectid":33209,"nombre":"CENTRO MEDICO AB FAMILIA Y SALUD E.I.R.L.","departamento":"PIURA","provincia":"PIURA","distrito":"CASTILLA","institucion":"PRIVADO","codigoMinsa":29954,"direccion":"AVENIDA PROGRESO CON PASAJE VICUS ASENTAMIENTO HUMANO TALARITA NÚMERO 121 DISTRITO CASTILLA PROVINCIA PIURA DEPARTAMENTO PIURA","disa":"PIURA","red":"","microrred":"","categoria":"ESTABLECIMIENTO DE SALUD SIN INTERNAMIENTO","condicion":"ACTIVO","actualizado":"2023/08/01 19:00:00.000","fuente":"MINSA","urlRenipr":"http://app20.susalud.gob.pe:8080/registro-renipress-webapp/ipress.htm?action=mostrarVer&idipress=00029954"}},{"type":"Feature","geometry":{"type":"Point","coordinates":[-80.65930177999996,-5.1839507199999275]},"properties":{"objectid":33210,"nombre":"odontopiura","departamento":"PIURA","provincia":"PIURA","distrito":"PIURA","institucion":"PRIVADO","codigoMinsa":31410,"direccion":"PASAJE quarzo NÚMERO 26 MANZANA H LOTE 19 URBANIZACIÓN LOS TALLANES 2DA ETAPA DISTRITO PIURA PROVINCIA PIURA DEPARTAMENTO PIURA","disa":"PIURA","red":"","microrred":"","categoria":"ESTABLECIMIENTO DE SALUD SIN INTERNAMIENTO","condicion":"ACTIVO","actualizado":"2023/08/01 19:00:00.000","fuente":"MINSA","urlRenipr":"http://app20.susalud.gob.pe:8080/registro-renipress-webapp/ipress.htm?action=mostrarVer&idipress=00031410"}},{"type":"Feature","geometry":{"type":"Point","coordinates":[-80.62436629999996,-5.2164999999999395]},"properties":{"objectid":33351,"nombre":"CONSULTORIO ODONTOLOGICO \"LOZANO\"","departamento":"PIURA","provincia":"PIURA","distrito":"PIURA","institucion":"PRIVADO","codigoMinsa":30003,"direccion":"OTROS ASENTAMIENTO HUMANO VICTOR RAUL HAYA DE LA TORRE MANZANA B LOTE 06 DISTRITO PIURA PROVINCIA PIURA DEPARTAMENTO PIURA","disa":"PIURA","red":"","microrred":"","categoria":"ESTABLECIMIENTO DE SALUD SIN INTERNAMIENTO","condicion":"ACTIVO","actualizado":"2023/08/01 19:00:00.000","fuente":"MINSA","urlRenipr":"http://app20.susalud.gob.pe:8080/registro-renipress-webapp/ipress.htm?action=mostrarVer&idipress=00030003"}},{"type":"Feature","geometry":{"type":"Point","coordinates":[-80.62051332999994,-5.19589499999995]},"properties":{"objectid":33355,"nombre":"HOSPITAL MILITAR I DIVISION DEL EJERCITO PIURA","departamento":"PIURA","provincia":"PIURA","distrito":"CASTILLA","institucion":"SANIDAD DEL EJERCITO DEL PERU","codigoMinsa":12953,"direccion":"AVENIDA AV CAYETANO HEREDIA Nº 100 CASTILLA DISTRITO CASTILLA PROVINCIA PIURA DEPARTAMENTO PIURA","disa":"PIURA","red":"NO PERTENECE A NINGUNA RED","microrred":"NO PERTENECE A NINGUNA MICRORED","categoria":"ESTABLECIMIENTO DE SALUD CON INTERNAMIENTO","condicion":"ACTIVO","actualizado":"2023/08/01 19:00:00.000","fuente":"MINSA","urlRenipr":"http://app20.susalud.gob.pe:8080/registro-renipress-webapp/ipress.htm?action=mostrarVer&idipress=00012953"}},{"type":"Feature","geometry":{"type":"Point","coordinates":[-80.74262649999997,-5.458608999999967]},"properties":{"objectid":33365,"nombre":"CENTRO ODONTOLOGICO DR. MARTINEZ","departamento":"PIURA","provincia":"SECHURA","distrito":"BERNAL","institucion":"PRIVADO","codigoMinsa":30637,"direccion":"OTROS CERCADO DE BERNAL SECTOR A MANZANA 12 LOTE 8A2 DISTRITO BERNAL PROVINCIA SECHURA DEPARTAMENTO PIURA","disa":"PIURA","red":"","microrred":"","categoria":"ESTABLECIMIENTO DE SALUD SIN INTERNAMIENTO","condicion":"ACTIVO","actualizado":"2023/08/01 19:00:00.000","fuente":"MINSA","urlRenipr":"http://app20.susalud.gob.pe:8080/registro-renipress-webapp/ipress.htm?action=mostrarVer&idipress=00030637"}},{"type":"Feature","geometry":{"type":"Point","coordinates":[-80.62175599999995,-5.200344599999937]},"properties":{"objectid":33367,"nombre":"CENTRO MEDICO MONT´ SINAI","departamento":"PIURA","provincia":"PIURA","distrito":"PIURA","institucion":"PRIVADO","codigoMinsa":30990,"direccion":"URBANIZACIÓN LOS GERANIOS MANZANA I LOTE 27 DISTRITO PIURA PROVINCIA PIURA DEPARTAMENTO PIURA","disa":"PIURA","red":"","microrred":"","categoria":"ESTABLECIMIENTO DE SALUD SIN INTERNAMIENTO","condicion":"ACTIVO","actualizado":"2023/08/01 19:00:00.000","fuente":"MINSA","urlRenipr":"http://app20.susalud.gob.pe:8080/registro-renipress-webapp/ipress.htm?action=mostrarVer&idipress=00030990"}}]}