{"type":"FeatureCollection","features":[{"type":"Feature","geometry":{"type":"Point","coordinates":[-70.24627409999994,-18.006567899999936]},"properties":{"objectid":818,"nombre":"REUMACENTRO","departamento":"TACNA","provincia":"TACNA","distrito":"TACNA","institucion":"PRIVADO","codigoMinsa":12639,"direccion":"AVENIDA AVENIDA BOLOGNESI Nº 787 OF. 502 DISTRITO TACNA PROVINCIA TACNA DEPARTAMENTO TACNA","disa":"","red":"","microrred":"","categoria":"ESTABLECIMIENTO DE SALUD SIN INTERNAMIENTO","condicion":"RETIRO VOLUNTARIO","actualizado":"2023/08/01 19:00:00.000","fuente":"MINSA","urlRenipr":"http://app20.susalud.gob.pe:8080/registro-renipress-webapp/ipress.htm?action=mostrarVer&idipress=00012639"}},{"type":"Feature","geometry":{"type":"Point","coordinates":[-70.24379573999994,-18.00994517999993]},"properties":{"objectid":13980,"nombre":"MULTIDENT","departamento":"TACNA","provincia":"TACNA","distrito":"TACNA","institucion":"PRIVADO","codigoMinsa":25634,"direccion":"AVENIDA BOLOGNESI 1037 TACNA TACNA TACNA","disa":"","red":"","microrred":"","categoria":"ESTABLECIMIENTO DE SALUD SIN INTERNAMIENTO","condicion":"RUC INACTIVO EN SUNAT","actualizado":"2023/08/01 19:00:00.000","fuente":"MINSA","urlRenipr":"http://app20.susalud.gob.pe:8080/registro-renipress-webapp/ipress.htm?action=mostrarVer&idipress=00025634"}},{"type":"Feature","geometry":{"type":"Point","coordinates":[-70.24715179999998,-18.01266492999997]},"properties":{"objectid":15154,"nombre":"CENTRO DENTAL SONREIR","departamento":"TACNA","provincia":"TACNA","distrito":"TACNA","institucion":"PRIVADO","codigoMinsa":27506,"direccion":"AVENIDA Bolognesi NÚMERO 677 PISO 3 INTERIOR 3002 DISTRITO TACNA PROVINCIA TACNA DEPARTAMENTO TACNA","disa":"TACNA","red":"NO PERTENECE A NINGUNA RED","microrred":"NO PERTENECE A NINGUNA MICRORED","categoria":"ESTABLECIMIENTO DE SALUD SIN INTERNAMIENTO","condicion":"ACTIVO","actualizado":"2023/08/01 19:00:00.000","fuente":"MINSA","urlRenipr":"http://app20.susalud.gob.pe:8080/registro-renipress-webapp/ipress.htm?action=mostrarVer&idipress=00027506"}},{"type":"Feature","geometry":{"type":"Point","coordinates":[-70.25250469999997,-18.013673299999937]},"properties":{"objectid":633,"nombre":"ROMAN","departamento":"TACNA","provincia":"TACNA","distrito":"TACNA","institucion":"PRIVADO","codigoMinsa":28111,"direccion":"PLAZA ZELA NÚMERO 135 DISTRITO TACNA PROVINCIA TACNA DEPARTAMENTO TACNA","disa":"TACNA","red":"NO PERTENECE A NINGUNA RED","microrred":"NO PERTENECE A NINGUNA MICRORED","categoria":"ESTABLECIMIENTO DE SALUD SIN INTERNAMIENTO","condicion":"ACTIVO","actualizado":"2023/08/01 19:00:00.000","fuente":"MINSA","urlRenipr":"http://app20.susalud.gob.pe:8080/registro-renipress-webapp/ipress.htm?action=mostrarVer&idipress=00028111"}},{"type":"Feature","geometry":{"type":"Point","coordinates":[-70.24917337999995,-18.01773350999997]},"properties":{"objectid":8373,"nombre":"TOMODENT TACNA","departamento":"TACNA","provincia":"TACNA","distrito":"TACNA","institucion":"PRIVADO","codigoMinsa":29517,"direccion":"CALLE CORONEL BUSTIOS NÚMERO 70 DISTRITO TACNA PROVINCIA TACNA DEPARTAMENTO TACNA","disa":"TACNA","red":"","microrred":"","categoria":"SERVICIO MÉDICO DE APOYO","condicion":"ACTIVO","actualizado":"2023/08/01 19:00:00.000","fuente":"MINSA","urlRenipr":"http://app20.susalud.gob.pe:8080/registro-renipress-webapp/ipress.htm?action=mostrarVer&idipress=00029517"}},{"type":"Feature","geometry":{"type":"Point","coordinates":[-70.24979044999998,-18.013653979999958]},"properties":{"objectid":725,"nombre":"CONSULTORIO ODONOTLOGICO SALUDENTACNA","departamento":"TACNA","provincia":"TACNA","distrito":"TACNA","institucion":"PRIVADO","codigoMinsa":15926,"direccion":"CALLE CALLE AYACUCHO Nº 84 2DO. PISO DISTRITO TACNA PROVINCIA TACNA DEPARTAMENTO TACNA","disa":"TACNA","red":"","microrred":"NO PERTENECE A NINGUNA MICRORED","categoria":"ESTABLECIMIENTO DE SALUD SIN INTERNAMIENTO","condicion":"ACTIVO","actualizado":"2023/08/01 19:00:00.000","fuente":"MINSA","urlRenipr":"http://app20.susalud.gob.pe:8080/registro-renipress-webapp/ipress.htm?action=mostrarVer&idipress=00015926"}},{"type":"Feature","geometry":{"type":"Point","coordinates":[-70.25427509999997,-18.019811339999933]},"properties":{"objectid":902,"nombre":"CONSULTORIO ODONTOLOGICO LA DENT","departamento":"TACNA","provincia":"TACNA","distrito":"TACNA","institucion":"PRIVADO","codigoMinsa":12936,"direccion":"CALLE CALLE LIBRA MZ.E LTE.14 URBANIZACIÓN ROSA ARA III ETAPA DISTRITO TACNA PROVINCIA TACNA DEPARTAMENTO TACNA","disa":"TACNA","red":"NO PERTENECE A NINGUNA RED","microrred":"NO PERTENECE A NINGUNA MICRORED","categoria":"ESTABLECIMIENTO DE SALUD SIN INTERNAMIENTO","condicion":"ACTIVO","actualizado":"2023/08/01 19:00:00.000","fuente":"MINSA","urlRenipr":"http://app20.susalud.gob.pe:8080/registro-renipress-webapp/ipress.htm?action=mostrarVer&idipress=00012936"}},{"type":"Feature","geometry":{"type":"Point","coordinates":[-70.25811349999998,-18.005280599999935]},"properties":{"objectid":928,"nombre":"POLICLINICO MIRMAR","departamento":"TACNA","provincia":"TACNA","distrito":"TACNA","institucion":"PRIVADO","codigoMinsa":25154,"direccion":"CALLE HIPOLITO UNANUE CON SAUCINI NÚMERO S/N MANZANA B LOTE 15 DISTRITO TACNA PROVINCIA TACNA DEPARTAMENTO TACNA","disa":"TACNA","red":"NO PERTENECE A NINGUNA RED","microrred":"NO PERTENECE A NINGUNA MICRORED","categoria":"ESTABLECIMIENTO DE SALUD SIN INTERNAMIENTO","condicion":"ACTIVO","actualizado":"2023/08/01 19:00:00.000","fuente":"MINSA","urlRenipr":"http://app20.susalud.gob.pe:8080/registro-renipress-webapp/ipress.htm?action=mostrarVer&idipress=00025154"}},{"type":"Feature","geometry":{"type":"Point","coordinates":[-70.42662522999996,-18.183896449999963]},"properties":{"objectid":974,"nombre":"PUESTO DE SALUD 5 Y 6 LA YARADA","departamento":"TACNA","provincia":"TACNA","distrito":"LA YARADA LOS PALOS","institucion":"GOBIERNO REGIONAL","codigoMinsa":2905,"direccion":"OTROS ASENTAMIENTO 5 Y 6 LA YARADA NÚMERO S/D DISTRITO LA YARADA LOS PALOS PROVINCIA TACNA DEPARTAMENTO TACNA","disa":"TACNA","red":"TACNA","microrred":"LITORAL","categoria":"ESTABLECIMIENTO DE SALUD SIN INTERNAMIENTO","condicion":"ACTIVO","actualizado":"2023/08/01 19:00:00.000","fuente":"MINSA","urlRenipr":"http://app20.susalud.gob.pe:8080/registro-renipress-webapp/ipress.htm?action=mostrarVer&idipress=00002905"}},{"type":"Feature","geometry":{"type":"Point","coordinates":[-70.96483226999999,-17.86136382999996]},"properties":{"objectid":975,"nombre":"ITE","departamento":"TACNA","provincia":"JORGE BASADRE","distrito":"ITE","institucion":"GOBIERNO REGIONAL","codigoMinsa":2900,"direccion":"OTROS PAMPA ALTA S/N S/N PAMPA ALTA S/N ITE JORGE BASADRE TACNA","disa":"TACNA","red":"TACNA","microrred":"LITORAL","categoria":"ESTABLECIMIENTO DE SALUD SIN INTERNAMIENTO","condicion":"ACTIVO","actualizado":"2023/08/01 19:00:00.000","fuente":"MINSA","urlRenipr":"http://app20.susalud.gob.pe:8080/registro-renipress-webapp/ipress.htm?action=mostrarVer&idipress=00002900"}},{"type":"Feature","geometry":{"type":"Point","coordinates":[-70.25112162999994,-17.99016243999995]},"properties":{"objectid":976,"nombre":"PUESTO DE SALUD JUAN VELASCO ALVARADO","departamento":"TACNA","provincia":"TACNA","distrito":"ALTO DE LA ALIANZA","institucion":"GOBIERNO REGIONAL","codigoMinsa":2884,"direccion":"PROLONGACIÓN PROLONGACION AVENIDA TARATA S/N NÚMERO S/N DISTRITO ALTO DE LA ALIANZA PROVINCIA TACNA DEPARTAMENTO TACNA","disa":"TACNA","red":"TACNA","microrred":"CONO NORTE","categoria":"ESTABLECIMIENTO DE SALUD SIN INTERNAMIENTO","condicion":"ACTIVO","actualizado":"2023/08/01 19:00:00.000","fuente":"MINSA","urlRenipr":"http://app20.susalud.gob.pe:8080/registro-renipress-webapp/ipress.htm?action=mostrarVer&idipress=00002884"}},{"type":"Feature","geometry":{"type":"Point","coordinates":[-70.38771893999996,-17.30970642999995]},"properties":{"objectid":977,"nombre":"ANCOCALA","departamento":"TACNA","provincia":"CANDARAVE","distrito":"CAIRANI","institucion":"GOBIERNO REGIONAL","codigoMinsa":2872,"direccion":"OTROS CPM. ANCOCALA CPM. ANCOCALA CAIRANI CANDARAVE TACNA","disa":"TACNA","red":"TACNA","microrred":"CANDARAVE","categoria":"ESTABLECIMIENTO DE SALUD SIN INTERNAMIENTO","condicion":"ACTIVO","actualizado":"2023/08/01 19:00:00.000","fuente":"MINSA","urlRenipr":"http://app20.susalud.gob.pe:8080/registro-renipress-webapp/ipress.htm?action=mostrarVer&idipress=00002872"}},{"type":"Feature","geometry":{"type":"Point","coordinates":[-70.25890461999995,-18.045611789999953]},"properties":{"objectid":1071,"nombre":"DENTAL BOLOGNESI","departamento":"TACNA","provincia":"TACNA","distrito":"CORONEL GREGORIO ALBARRACIN LANCHIPA","institucion":"PRIVADO","codigoMinsa":25372,"direccion":"OTROS A H PROGRAMA DE VIVIENDA CONO SUR ESTE MANZANA 38 LOTE 04 DISTRITO CORONEL GREGORIO ALBARRACIN L. PROVINCIA TACNA DEPARTAMENTO TACNA","disa":"TACNA","red":"NO PERTENECE A NINGUNA RED","microrred":"NO PERTENECE A NINGUNA MICRORED","categoria":"ESTABLECIMIENTO DE SALUD SIN INTERNAMIENTO","condicion":"ACTIVO","actualizado":"2023/08/01 19:00:00.000","fuente":"MINSA","urlRenipr":"http://app20.susalud.gob.pe:8080/registro-renipress-webapp/ipress.htm?action=mostrarVer&idipress=00025372"}},{"type":"Feature","geometry":{"type":"Point","coordinates":[-70.24627409999994,-18.006567899999936]},"properties":{"objectid":1182,"nombre":"SERVICIOS DE SALUD ROSADO CHAVEZ E.I.R.L. LABORATORIO DE ANALISIS CLINICOS Y ANATOMIA PATOLOGICA","departamento":"TACNA","provincia":"TACNA","distrito":"TACNA","institucion":"PRIVADO","codigoMinsa":27005,"direccion":"AVENIDA PROLONGACION 2 DE MAYO B 15 LAS CAMELIAS FRENTE AL SERVICIO DE EMERGENCIA DEL HOSPITAL HIPOLITO UNANUE DE TACNA TACNA TACNA TACNA","disa":"TACNA","red":"NO PERTENECE A NINGUNA RED","microrred":"NO PERTENECE A NINGUNA MICRORED","categoria":"SERVICIO MÉDICO DE APOYO","condicion":"ACTIVO","actualizado":"2023/08/01 19:00:00.000","fuente":"MINSA","urlRenipr":"http://app20.susalud.gob.pe:8080/registro-renipress-webapp/ipress.htm?action=mostrarVer&idipress=00027005"}},{"type":"Feature","geometry":{"type":"Point","coordinates":[-70.96999306999999,-17.858159119999982]},"properties":{"objectid":1562,"nombre":"CENTRO DE ATENCION PRIMARIA I ITE","departamento":"TACNA","provincia":"JORGE BASADRE","distrito":"ITE","institucion":"ESSALUD","codigoMinsa":27545,"direccion":"AVENIDA Principal Zona El Mirador N?ERO S/N DISTRITO ITE PROVINCIA JORGE BASADRE DEPARTAMENTO TACNA","disa":"TACNA","red":"NO PERTENECE A NINGUNA RED","microrred":"","categoria":"ESTABLECIMIENTO DE SALUD SIN INTERNAMIENTO","condicion":"ACTIVO","actualizado":"2023/08/01 19:00:00.000","fuente":"MINSA","urlRenipr":"http://app20.susalud.gob.pe:8080/registro-renipress-webapp/ipress.htm?action=mostrarVer&idipress=00027545"}},{"type":"Feature","geometry":{"type":"Point","coordinates":[-70.25167116999995,-18.036932909999962]},"properties":{"objectid":1669,"nombre":"ZONA DENTAL","departamento":"TACNA","provincia":"TACNA","distrito":"CORONEL GREGORIO ALBARRACIN LANCHIPA","institucion":"PRIVADO","codigoMinsa":26232,"direccion":"AVENIDA MUNICIPAL PISO 2 MANZANA G3 LOTE 41 URBANIZACIÓN ALFONSO UGARTE DISTRITO CORONEL GREGORIO ALBARRACIN L. PROVINCIA TACNA DEPARTAMENTO TACNA","disa":"TACNA","red":"NO PERTENECE A NINGUNA RED","microrred":"NO PERTENECE A NINGUNA MICRORED","categoria":"ESTABLECIMIENTO DE SALUD SIN INTERNAMIENTO","condicion":"ACTIVO","actualizado":"2023/08/01 19:00:00.000","fuente":"MINSA","urlRenipr":"http://app20.susalud.gob.pe:8080/registro-renipress-webapp/ipress.htm?action=mostrarVer&idipress=00026232"}},{"type":"Feature","geometry":{"type":"Point","coordinates":[-70.24815496999997,-18.012616039999955]},"properties":{"objectid":1678,"nombre":"CONSULTORIO ODONTOLOGICO SUDAMERICANO","departamento":"TACNA","provincia":"TACNA","distrito":"TACNA","institucion":"PRIVADO","codigoMinsa":26214,"direccion":"CALLE Bolívar NÚMERO 617 621 PISO 1 DISTRITO TACNA PROVINCIA TACNA DEPARTAMENTO TACNA","disa":"TACNA","red":"NO PERTENECE A NINGUNA RED","microrred":"NO PERTENECE A NINGUNA MICRORED","categoria":"ESTABLECIMIENTO DE SALUD SIN INTERNAMIENTO","condicion":"ACTIVO","actualizado":"2023/08/01 19:00:00.000","fuente":"MINSA","urlRenipr":"http://app20.susalud.gob.pe:8080/registro-renipress-webapp/ipress.htm?action=mostrarVer&idipress=00026214"}},{"type":"Feature","geometry":{"type":"Point","coordinates":[-70.23944179999995,-18.00692829999997]},"properties":{"objectid":1771,"nombre":"CENTRO DE SALUD MENTAL COMUNITARIO UNIVERSITARIO JORGE BASADRE","departamento":"TACNA","provincia":"TACNA","distrito":"TACNA","institucion":"GOBIERNO REGIONAL","codigoMinsa":31651,"direccion":"AVENIDA GUSTAVO PINTO CON AV BOLOGNESI NÚMERO S/N DISTRITO TACNA PROVINCIA TACNA DEPARTAMENTO TACNA","disa":"TACNA","red":"TACNA","microrred":"NO PERTENECE A NINGUNA MICRORED","categoria":"ESTABLECIMIENTO DE SALUD SIN INTERNAMIENTO","condicion":"ACTIVO","actualizado":"2023/08/01 19:00:00.000","fuente":"MINSA","urlRenipr":"http://app20.susalud.gob.pe:8080/registro-renipress-webapp/ipress.htm?action=mostrarVer&idipress=00031651"}},{"type":"Feature","geometry":{"type":"Point","coordinates":[-70.25606710999995,-18.043707299999937]},"properties":{"objectid":1941,"nombre":"Arte Dental","departamento":"TACNA","provincia":"TACNA","distrito":"CORONEL GREGORIO ALBARRACIN LANCHIPA","institucion":"PRIVADO","codigoMinsa":28898,"direccion":"AVENIDA La Cultura, Alfonso Ugarte 1ra Etapa MANZANA A-1 LOTE 11 DISTRITO CORONEL GREGORIO ALBARRACIN L. PROVINCIA TACNA DEPARTAMENTO TACNA","disa":"TACNA","red":"NO PERTENECE A NINGUNA RED","microrred":"NO PERTENECE A NINGUNA MICRORED","categoria":"ESTABLECIMIENTO DE SALUD SIN INTERNAMIENTO","condicion":"ACTIVO","actualizado":"2023/08/01 19:00:00.000","fuente":"MINSA","urlRenipr":"http://app20.susalud.gob.pe:8080/registro-renipress-webapp/ipress.htm?action=mostrarVer&idipress=00028898"}},{"type":"Feature","geometry":{"type":"Point","coordinates":[-70.26259577999997,-18.025887809999972]},"properties":{"objectid":1947,"nombre":"SISOL SALUD TACNA","departamento":"TACNA","provincia":"TACNA","distrito":"TACNA","institucion":"MUNICIPALIDAD PROVINCIAL","codigoMinsa":12021,"direccion":"AVENIDA AVENIDA MANUEL A. ODRÍA S/N NÚMERO S/N DISTRITO TACNA PROVINCIA TACNA DEPARTAMENTO TACNA","disa":"TACNA","red":"NO PERTENECE A NINGUNA RED","microrred":"NO PERTENECE A NINGUNA MICRORED","categoria":"ESTABLECIMIENTO DE SALUD SIN INTERNAMIENTO","condicion":"ACTIVO","actualizado":"2023/08/01 19:00:00.000","fuente":"MINSA","urlRenipr":"http://app20.susalud.gob.pe:8080/registro-renipress-webapp/ipress.htm?action=mostrarVer&idipress=00012021"}},{"type":"Feature","geometry":{"type":"Point","coordinates":[-70.25209389999998,-18.01432909999994]},"properties":{"objectid":1978,"nombre":"BIOMED","departamento":"TACNA","provincia":"TACNA","distrito":"TACNA","institucion":"PRIVADO","codigoMinsa":28659,"direccion":"CALLE BLONDELL NÚMERO 22 PISO 1 DISTRITO TACNA PROVINCIA TACNA DEPARTAMENTO TACNA","disa":"TACNA","red":"NO PERTENECE A NINGUNA RED","microrred":"NO PERTENECE A NINGUNA MICRORED","categoria":"SERVICIO MÉDICO DE APOYO","condicion":"ACTIVO","actualizado":"2023/08/01 19:00:00.000","fuente":"MINSA","urlRenipr":"http://app20.susalud.gob.pe:8080/registro-renipress-webapp/ipress.htm?action=mostrarVer&idipress=00028659"}},{"type":"Feature","geometry":{"type":"Point","coordinates":[-70.24897673999993,-18.04217499999993]},"properties":{"objectid":2013,"nombre":"MOLAR S.O.S.","departamento":"TACNA","provincia":"TACNA","distrito":"TACNA","institucion":"PRIVADO","codigoMinsa":29927,"direccion":"AVENIDA PUYA RAIMONDI PISO 1 MANZANA D LOTE 9 URBANIZACIÓN ASOCIACIÓN AUZA ARCE DISTRITO TACNA PROVINCIA TACNA DEPARTAMENTO TACNA","disa":"TACNA","red":"","microrred":"","categoria":"ESTABLECIMIENTO DE SALUD SIN INTERNAMIENTO","condicion":"ACTIVO","actualizado":"2023/08/01 19:00:00.000","fuente":"MINSA","urlRenipr":"http://app20.susalud.gob.pe:8080/registro-renipress-webapp/ipress.htm?action=mostrarVer&idipress=00029927"}},{"type":"Feature","geometry":{"type":"Point","coordinates":[-70.23406769999997,-18.007496299999957]},"properties":{"objectid":2560,"nombre":"CLINICA AMERICANA","departamento":"TACNA","provincia":"TACNA","distrito":"TACNA","institucion":"PRIVADO","codigoMinsa":12077,"direccion":"CALLE CALLE CAJAMARCA Nº 300 CON ESQUINA LOS ÁLAMOS 190 DISTRITO TACNA PROVINCIA TACNA DEPARTAMENTO TACNA","disa":"","red":"","microrred":"","categoria":"ESTABLECIMIENTO DE SALUD CON INTERNAMIENTO","condicion":"RETIRO VOLUNTARIO","actualizado":"2023/08/01 19:00:00.000","fuente":"MINSA","urlRenipr":"http://app20.susalud.gob.pe:8080/registro-renipress-webapp/ipress.htm?action=mostrarVer&idipress=00012077"}},{"type":"Feature","geometry":{"type":"Point","coordinates":[-70.24168479999997,-17.988230359999932]},"properties":{"objectid":3110,"nombre":"CENTRO DE SALUD ALTO DE LA ALIANZA","departamento":"TACNA","provincia":"TACNA","distrito":"ALTO DE LA ALIANZA","institucion":"GOBIERNO REGIONAL","codigoMinsa":2882,"direccion":"CALLE CALLE OSCAR CARBAJAL SOTO S/N NÚMERO S/N DISTRITO ALTO DE LA ALIANZA PROVINCIA TACNA DEPARTAMENTO TACNA","disa":"TACNA","red":"TACNA","microrred":"CONO NORTE","categoria":"ESTABLECIMIENTO DE SALUD SIN INTERNAMIENTO","condicion":"ACTIVO","actualizado":"2023/08/01 19:00:00.000","fuente":"MINSA","urlRenipr":"http://app20.susalud.gob.pe:8080/registro-renipress-webapp/ipress.htm?action=mostrarVer&idipress=00002882"}},{"type":"Feature","geometry":{"type":"Point","coordinates":[-70.23827297999998,-18.019682199999977]},"properties":{"objectid":3111,"nombre":"JESUS MARIA","departamento":"TACNA","provincia":"TACNA","distrito":"TACNA","institucion":"GOBIERNO REGIONAL","codigoMinsa":2923,"direccion":"CALLE URB. VILLA MARIA DEL TRIUNFO CALLE 2 URB. VILLA MARIA DEL TRIUNFO CALLE 2 TACNA TACNA TACNA","disa":"TACNA","red":"TACNA","microrred":"METROPOLITANA","categoria":"ESTABLECIMIENTO DE SALUD SIN INTERNAMIENTO","condicion":"ACTIVO","actualizado":"2023/08/01 19:00:00.000","fuente":"MINSA","urlRenipr":"http://app20.susalud.gob.pe:8080/registro-renipress-webapp/ipress.htm?action=mostrarVer&idipress=00002923"}},{"type":"Feature","geometry":{"type":"Point","coordinates":[-69.93985189999995,-17.644231159999947]},"properties":{"objectid":3112,"nombre":"TOQUELA","departamento":"TACNA","provincia":"TACNA","distrito":"PACHIA","institucion":"GOBIERNO REGIONAL","codigoMinsa":2895,"direccion":"CALLE CALLE PRINCIPAL TOQUELA DISTRITO PACHIA PROVINCIA TACNA DEPARTAMENTO TACNA","disa":"TACNA","red":"TACNA","microrred":"FRONTERA","categoria":"ESTABLECIMIENTO DE SALUD SIN INTERNAMIENTO","condicion":"ACTIVO","actualizado":"2023/08/01 19:00:00.000","fuente":"MINSA","urlRenipr":"http://app20.susalud.gob.pe:8080/registro-renipress-webapp/ipress.htm?action=mostrarVer&idipress=00002895"}},{"type":"Feature","geometry":{"type":"Point","coordinates":[-70.18902909999997,-17.94405495999996]},"properties":{"objectid":3113,"nombre":"CALANA","departamento":"TACNA","provincia":"TACNA","distrito":"CALANA","institucion":"GOBIERNO REGIONAL","codigoMinsa":2892,"direccion":"OTROS GRAL. VARELA S/N S/N GRAL. VARELA S/N CALANA TACNA TACNA","disa":"TACNA","red":"TACNA","microrred":"FRONTERA","categoria":"ESTABLECIMIENTO DE SALUD SIN INTERNAMIENTO","condicion":"ACTIVO","actualizado":"2023/08/01 19:00:00.000","fuente":"MINSA","urlRenipr":"http://app20.susalud.gob.pe:8080/registro-renipress-webapp/ipress.htm?action=mostrarVer&idipress=00002892"}},{"type":"Feature","geometry":{"type":"Point","coordinates":[-70.25389898999998,-18.04537935999997]},"properties":{"objectid":3114,"nombre":"CENTRO DE SALUD SAN FRANCISCO","departamento":"TACNA","provincia":"TACNA","distrito":"CORONEL GREGORIO ALBARRACIN LANCHIPA","institucion":"GOBIERNO REGIONAL","codigoMinsa":2888,"direccion":"CALLE VILLA SAN FRANCISCO CALLE LOS FRESNOS S/N S/N VILLA SAN FRANCISCO CALLE LOS FRESNOS S/N CORONEL GREGORIO ALBARRACIN L. TACNA TACNA","disa":"TACNA","red":"TACNA","microrred":"CONO SUR","categoria":"ESTABLECIMIENTO DE SALUD CON INTERNAMIENTO","condicion":"ACTIVO","actualizado":"2023/08/01 19:00:00.000","fuente":"MINSA","urlRenipr":"http://app20.susalud.gob.pe:8080/registro-renipress-webapp/ipress.htm?action=mostrarVer&idipress=00002888"}},{"type":"Feature","geometry":{"type":"Point","coordinates":[-70.25003863999996,-18.000071599999956]},"properties":{"objectid":3115,"nombre":"LEONCIO PRADO","departamento":"TACNA","provincia":"TACNA","distrito":"TACNA","institucion":"GOBIERNO REGIONAL","codigoMinsa":2919,"direccion":"AVENIDA 28 DE AGOSTO S/N TACNA TACNA TACNA","disa":"TACNA","red":"TACNA","microrred":"METROPOLITANA","categoria":"ESTABLECIMIENTO DE SALUD SIN INTERNAMIENTO","condicion":"ACTIVO","actualizado":"2023/08/01 19:00:00.000","fuente":"MINSA","urlRenipr":"http://app20.susalud.gob.pe:8080/registro-renipress-webapp/ipress.htm?action=mostrarVer&idipress=00002919"}},{"type":"Feature","geometry":{"type":"Point","coordinates":[-70.24625800999996,-18.017505549999953]},"properties":{"objectid":3668,"nombre":"SAN ISIDRO LABRADOR TACNA","departamento":"TACNA","provincia":"TACNA","distrito":"TACNA","institucion":"PRIVADO","codigoMinsa":24738,"direccion":"CALLE TACNA NÚMERO 438 DISTRITO TACNA PROVINCIA TACNA DEPARTAMENTO TACNA","disa":"TACNA","red":"NO PERTENECE A NINGUNA RED","microrred":"NO PERTENECE A NINGUNA MICRORED","categoria":"ESTABLECIMIENTO DE SALUD SIN INTERNAMIENTO","condicion":"ACTIVO","actualizado":"2023/08/01 19:00:00.000","fuente":"MINSA","urlRenipr":"http://app20.susalud.gob.pe:8080/registro-renipress-webapp/ipress.htm?action=mostrarVer&idipress=00024738"}},{"type":"Feature","geometry":{"type":"Point","coordinates":[-70.25301730999996,-18.039717309999958]},"properties":{"objectid":3706,"nombre":"CENTRO DE ATENCION PRIMARIA II \"LUIS PALZA LEVANO\"","departamento":"TACNA","provincia":"TACNA","distrito":"CORONEL GREGORIO ALBARRACIN LANCHIPA","institucion":"ESSALUD","codigoMinsa":10222,"direccion":"CALLE CALLE SAN VALENTIN ASOCIACION 1° DE MAYO MZ.I LTE.17 DISTRITO CORONEL GREGORIO ALBARRACIN L. PROVINCIA TACNA DEPARTAMENTO TACNA","disa":"TACNA","red":"NO PERTENECE A NINGUNA RED","microrred":"NO PERTENECE A NINGUNA MICRORED","categoria":"ESTABLECIMIENTO DE SALUD SIN INTERNAMIENTO","condicion":"ACTIVO","actualizado":"2023/08/01 19:00:00.000","fuente":"MINSA","urlRenipr":"http://app20.susalud.gob.pe:8080/registro-renipress-webapp/ipress.htm?action=mostrarVer&idipress=00010222"}},{"type":"Feature","geometry":{"type":"Point","coordinates":[-70.25182624999997,-18.032192299999963]},"properties":{"objectid":3880,"nombre":"HOGAR PROTEGIDO NUEVO HORIZONTE","departamento":"TACNA","provincia":"TACNA","distrito":"CORONEL GREGORIO ALBARRACIN LANCHIPA","institucion":"GOBIERNO REGIONAL","codigoMinsa":31530,"direccion":"OTROS ASOCIACIÓN LAS VIÑAS PARCELA 2 MANZANA G LOTE 9 DISTRITO CORONEL GREGORIO ALBARRACIN L. PROVINCIA TACNA DEPARTAMENTO TACNA","disa":"TACNA","red":"TACNA","microrred":"NO PERTENECE A NINGUNA MICRORED","categoria":"SERVICIO MÉDICO DE APOYO","condicion":"ACTIVO","actualizado":"2023/08/01 19:00:00.000","fuente":"MINSA","urlRenipr":"http://app20.susalud.gob.pe:8080/registro-renipress-webapp/ipress.htm?action=mostrarVer&idipress=00031530"}},{"type":"Feature","geometry":{"type":"Point","coordinates":[-70.23614607999997,-18.00012436999998]},"properties":{"objectid":3891,"nombre":"CENTRO DENTAL LOAYZA","departamento":"TACNA","provincia":"TACNA","distrito":"TACNA","institucion":"PRIVADO","codigoMinsa":27378,"direccion":"AVENIDA MARISCAL CASTILLA N?ERO 1800 PISO 2 DISTRITO TACNA PROVINCIA TACNA DEPARTAMENTO TACNA","disa":"TACNA","red":"NO PERTENECE A NINGUNA RED","microrred":"NO PERTENECE A NINGUNA MICRORED","categoria":"ESTABLECIMIENTO DE SALUD SIN INTERNAMIENTO","condicion":"ACTIVO","actualizado":"2023/08/01 19:00:00.000","fuente":"MINSA","urlRenipr":"http://app20.susalud.gob.pe:8080/registro-renipress-webapp/ipress.htm?action=mostrarVer&idipress=00027378"}},{"type":"Feature","geometry":{"type":"Point","coordinates":[-70.24803392999996,-18.033536099999935]},"properties":{"objectid":3952,"nombre":"LUMALECK","departamento":"TACNA","provincia":"TACNA","distrito":"CORONEL GREGORIO ALBARRACIN LANCHIPA","institucion":"PRIVADO","codigoMinsa":27846,"direccion":"CALLE AURELIANO GARCIA MANZANA F LOTE 32 DISTRITO CORONEL GREGORIO ALBARRACIN L. PROVINCIA TACNA DEPARTAMENTO TACNA","disa":"TACNA","red":"NO PERTENECE A NINGUNA RED","microrred":"NO PERTENECE A NINGUNA MICRORED","categoria":"ESTABLECIMIENTO DE SALUD SIN INTERNAMIENTO","condicion":"ACTIVO","actualizado":"2023/08/01 19:00:00.000","fuente":"MINSA","urlRenipr":"http://app20.susalud.gob.pe:8080/registro-renipress-webapp/ipress.htm?action=mostrarVer&idipress=00027846"}},{"type":"Feature","geometry":{"type":"Point","coordinates":[-70.24627409999994,-18.006567899999936]},"properties":{"objectid":3988,"nombre":"LABORATORIO CLINICO BIOCLEAN","departamento":"TACNA","provincia":"TACNA","distrito":"CORONEL GREGORIO ALBARRACIN LANCHIPA","institucion":"PRIVADO","codigoMinsa":30372,"direccion":"OTROS ASOCIACION GUILLERMO AUZA ARCE A 01 A UN COSTADO DE LA COMISARIA - GREGORIO ALBARRACIN LANCHIPA CORONEL GREGORIO ALBARRACIN L. TACNA TACNA","disa":"TACNA","red":"","microrred":"NO PERTENECE A NINGUNA MICRORED","categoria":"SERVICIO MÉDICO DE APOYO","condicion":"ACTIVO","actualizado":"2023/08/01 19:00:00.000","fuente":"MINSA","urlRenipr":"http://app20.susalud.gob.pe:8080/registro-renipress-webapp/ipress.htm?action=mostrarVer&idipress=00030372"}},{"type":"Feature","geometry":{"type":"Point","coordinates":[-70.24627409999994,-18.006567899999936]},"properties":{"objectid":4612,"nombre":"DENTAL QUEEN","departamento":"TACNA","provincia":"TACNA","distrito":"TACNA","institucion":"PRIVADO","codigoMinsa":27261,"direccion":"CALLE BOLIVAR N?ERO 610 PISO 2 DISTRITO TACNA PROVINCIA TACNA DEPARTAMENTO TACNA","disa":"TACNA","red":"NO PERTENECE A NINGUNA RED","microrred":"NO PERTENECE A NINGUNA MICRORED","categoria":"ESTABLECIMIENTO DE SALUD SIN INTERNAMIENTO","condicion":"ACTIVO","actualizado":"2023/08/01 19:00:00.000","fuente":"MINSA","urlRenipr":"http://app20.susalud.gob.pe:8080/registro-renipress-webapp/ipress.htm?action=mostrarVer&idipress=00027261"}},{"type":"Feature","geometry":{"type":"Point","coordinates":[-70.23791819999997,-18.002309899999943]},"properties":{"objectid":5141,"nombre":"DENTOCAPLINA","departamento":"TACNA","provincia":"TACNA","distrito":"TACNA","institucion":"PRIVADO","codigoMinsa":19555,"direccion":"AVENIDA AV.LEGUIA 1892 DISTRITO TACNA PROVINCIA TACNA DEPARTAMENTO TACNA","disa":"TACNA","red":"NO PERTENECE A NINGUNA RED","microrred":"NO PERTENECE A NINGUNA MICRORED","categoria":"ESTABLECIMIENTO DE SALUD SIN INTERNAMIENTO","condicion":"ACTIVO","actualizado":"2023/08/01 19:00:00.000","fuente":"MINSA","urlRenipr":"http://app20.susalud.gob.pe:8080/registro-renipress-webapp/ipress.htm?action=mostrarVer&idipress=00019555"}},{"type":"Feature","geometry":{"type":"Point","coordinates":[-70.25821984999999,-17.316723689999947]},"properties":{"objectid":5232,"nombre":"QUILAHUANI","departamento":"TACNA","provincia":"CANDARAVE","distrito":"QUILAHUANI","institucion":"GOBIERNO REGIONAL","codigoMinsa":2880,"direccion":"PROLONGACIÓN PROLONGACION PROGRESO S/N S/N PROLONGACION PROGRESO S/N QUILAHUANI CANDARAVE TACNA","disa":"TACNA","red":"TACNA","microrred":"CANDARAVE","categoria":"ESTABLECIMIENTO DE SALUD SIN INTERNAMIENTO","condicion":"ACTIVO","actualizado":"2023/08/01 19:00:00.000","fuente":"MINSA","urlRenipr":"http://app20.susalud.gob.pe:8080/registro-renipress-webapp/ipress.htm?action=mostrarVer&idipress=00002880"}},{"type":"Feature","geometry":{"type":"Point","coordinates":[-70.39374415999998,-18.335416289999955]},"properties":{"objectid":5234,"nombre":"PUESTO DE SALUD SANTA ROSA","departamento":"TACNA","provincia":"TACNA","distrito":"LA YARADA LOS PALOS","institucion":"GOBIERNO REGIONAL","codigoMinsa":2907,"direccion":"OTROS BALNEARIO SANTA ROSA NÚMERO S/N DISTRITO LA YARADA LOS PALOS PROVINCIA TACNA DEPARTAMENTO TACNA","disa":"TACNA","red":"TACNA","microrred":"LITORAL","categoria":"ESTABLECIMIENTO DE SALUD SIN INTERNAMIENTO","condicion":"ACTIVO","actualizado":"2023/08/01 19:00:00.000","fuente":"MINSA","urlRenipr":"http://app20.susalud.gob.pe:8080/registro-renipress-webapp/ipress.htm?action=mostrarVer&idipress=00002907"}},{"type":"Feature","geometry":{"type":"Point","coordinates":[-70.51357986999994,-17.42060994999997]},"properties":{"objectid":5235,"nombre":"ILABAYA","departamento":"TACNA","provincia":"JORGE BASADRE","distrito":"ILABAYA","institucion":"GOBIERNO REGIONAL","codigoMinsa":2909,"direccion":"CALLE CALLE GRAL IGLESIAS S/N S/N CALLE GRAL IGLESIAS S/N ILABAYA JORGE BASADRE TACNA","disa":"TACNA","red":"TACNA","microrred":"JORGE BASADRE","categoria":"ESTABLECIMIENTO DE SALUD SIN INTERNAMIENTO","condicion":"ACTIVO","actualizado":"2023/08/01 19:00:00.000","fuente":"MINSA","urlRenipr":"http://app20.susalud.gob.pe:8080/registro-renipress-webapp/ipress.htm?action=mostrarVer&idipress=00002909"}},{"type":"Feature","geometry":{"type":"Point","coordinates":[-69.71552568999994,-17.28442444999996]},"properties":{"objectid":5236,"nombre":"CONCHACHIRI","departamento":"TACNA","provincia":"TARATA","distrito":"TARATA","institucion":"GOBIERNO REGIONAL","codigoMinsa":2870,"direccion":"OTROS CPM CONCHACHIRI CPM CONCHACHIRI TARATA TARATA TACNA","disa":"TACNA","red":"TACNA","microrred":"ALTO ANDINO","categoria":"ESTABLECIMIENTO DE SALUD SIN INTERNAMIENTO","condicion":"ACTIVO","actualizado":"2023/08/01 19:00:00.000","fuente":"MINSA","urlRenipr":"http://app20.susalud.gob.pe:8080/registro-renipress-webapp/ipress.htm?action=mostrarVer&idipress=00002870"}},{"type":"Feature","geometry":{"type":"Point","coordinates":[-70.29363644999995,-18.06886602999998]},"properties":{"objectid":5237,"nombre":"PUESTO DE SALUD HABITAT","departamento":"TACNA","provincia":"TACNA","distrito":"TACNA","institucion":"GOBIERNO REGIONAL","codigoMinsa":2922,"direccion":"CALLE CIUDAD DE DIOS CALLE LOS PALTOS S/N OU NÚMERO S/N DISTRITO TACNA PROVINCIA TACNA DEPARTAMENTO TACNA","disa":"TACNA","red":"TACNA","microrred":"METROPOLITANA","categoria":"ESTABLECIMIENTO DE SALUD SIN INTERNAMIENTO","condicion":"ACTIVO","actualizado":"2023/08/01 19:00:00.000","fuente":"MINSA","urlRenipr":"http://app20.susalud.gob.pe:8080/registro-renipress-webapp/ipress.htm?action=mostrarVer&idipress=00002922"}},{"type":"Feature","geometry":{"type":"Point","coordinates":[-70.24627409999994,-18.006567899999936]},"properties":{"objectid":5377,"nombre":"ODONTOCENTRO","departamento":"TACNA","provincia":"TACNA","distrito":"TACNA","institucion":"PRIVADO","codigoMinsa":27362,"direccion":"AVENIDA BOLOGNESI N?ERO 764 PISO 2 DISTRITO TACNA PROVINCIA TACNA DEPARTAMENTO TACNA","disa":"TACNA","red":"NO PERTENECE A NINGUNA RED","microrred":"NO PERTENECE A NINGUNA MICRORED","categoria":"ESTABLECIMIENTO DE SALUD SIN INTERNAMIENTO","condicion":"ACTIVO","actualizado":"2023/08/01 19:00:00.000","fuente":"MINSA","urlRenipr":"http://app20.susalud.gob.pe:8080/registro-renipress-webapp/ipress.htm?action=mostrarVer&idipress=00027362"}},{"type":"Feature","geometry":{"type":"Point","coordinates":[-70.97123139999997,-16.67224989999994]},"properties":{"objectid":5387,"nombre":"DERMOVARIX","departamento":"TACNA","provincia":"TACNA","distrito":"TACNA","institucion":"PRIVADO","codigoMinsa":29511,"direccion":"CALLE ALTO LIMA NÚMERO 1668 PISO 1 DISTRITO TACNA PROVINCIA TACNA DEPARTAMENTO TACNA","disa":"TACNA","red":"","microrred":"","categoria":"ESTABLECIMIENTO DE SALUD SIN INTERNAMIENTO","condicion":"ACTIVO","actualizado":"2023/08/01 19:00:00.000","fuente":"MINSA","urlRenipr":"http://app20.susalud.gob.pe:8080/registro-renipress-webapp/ipress.htm?action=mostrarVer&idipress=00029511"}},{"type":"Feature","geometry":{"type":"Point","coordinates":[-70.24627409999994,-18.006567899999936]},"properties":{"objectid":5406,"nombre":"DENTOPLUS","departamento":"TACNA","provincia":"TACNA","distrito":"TACNA","institucion":"PRIVADO","codigoMinsa":28100,"direccion":"AVENIDA BOLOGNESI NÚMERO 860 PISO 1 DISTRITO TACNA PROVINCIA TACNA DEPARTAMENTO TACNA","disa":"TACNA","red":"NO PERTENECE A NINGUNA RED","microrred":"NO PERTENECE A NINGUNA MICRORED","categoria":"ESTABLECIMIENTO DE SALUD SIN INTERNAMIENTO","condicion":"ACTIVO","actualizado":"2023/08/01 19:00:00.000","fuente":"MINSA","urlRenipr":"http://app20.susalud.gob.pe:8080/registro-renipress-webapp/ipress.htm?action=mostrarVer&idipress=00028100"}},{"type":"Feature","geometry":{"type":"Point","coordinates":[-70.24751329999998,-18.013044299999933]},"properties":{"objectid":5863,"nombre":"TUSDENT","departamento":"TACNA","provincia":"TACNA","distrito":"TACNA","institucion":"PRIVADO","codigoMinsa":28884,"direccion":"AVENIDA CORONEL BOLOGNESI NÚMERO 629 PISO 1 INTERIOR 1 DISTRITO TACNA PROVINCIA TACNA DEPARTAMENTO TACNA","disa":"TACNA","red":"NO PERTENECE A NINGUNA RED","microrred":"NO PERTENECE A NINGUNA MICRORED","categoria":"ESTABLECIMIENTO DE SALUD SIN INTERNAMIENTO","condicion":"ACTIVO","actualizado":"2023/08/01 19:00:00.000","fuente":"MINSA","urlRenipr":"http://app20.susalud.gob.pe:8080/registro-renipress-webapp/ipress.htm?action=mostrarVer&idipress=00028884"}},{"type":"Feature","geometry":{"type":"Point","coordinates":[-70.25447136999998,-18.015825139999947]},"properties":{"objectid":5936,"nombre":"LABORATORIO CLÍNICO BIOROMALABS","departamento":"TACNA","provincia":"TACNA","distrito":"TACNA","institucion":"PRIVADO","codigoMinsa":26592,"direccion":"CALLE BLONDELL N?ERO 120 PISO 2 DEPARTAMENTO 202 DISTRITO TACNA PROVINCIA TACNA DEPARTAMENTO TACNA","disa":"","red":"","microrred":"","categoria":"SERVICIO MÉDICO DE APOYO","condicion":"RUC INACTIVO EN SUNAT","actualizado":"2023/08/01 19:00:00.000","fuente":"MINSA","urlRenipr":"http://app20.susalud.gob.pe:8080/registro-renipress-webapp/ipress.htm?action=mostrarVer&idipress=00026592"}},{"type":"Feature","geometry":{"type":"Point","coordinates":[-70.24391707999996,-18.00982038999996]},"properties":{"objectid":5946,"nombre":"CENTRO DE ESPECIALIDADES ODONTOLOGICAS","departamento":"TACNA","provincia":"TACNA","distrito":"TACNA","institucion":"PRIVADO","codigoMinsa":29251,"direccion":"AVENIDA Bolognesi NÚMERO 1050 PISO 1 DISTRITO TACNA PROVINCIA TACNA DEPARTAMENTO TACNA","disa":"TACNA","red":"","microrred":"","categoria":"ESTABLECIMIENTO DE SALUD SIN INTERNAMIENTO","condicion":"ACTIVO","actualizado":"2023/08/01 19:00:00.000","fuente":"MINSA","urlRenipr":"http://app20.susalud.gob.pe:8080/registro-renipress-webapp/ipress.htm?action=mostrarVer&idipress=00029251"}},{"type":"Feature","geometry":{"type":"Point","coordinates":[-70.13769801999996,-17.88229094999997]},"properties":{"objectid":6308,"nombre":"ENFERMERIA DEL FUERTE MICULLA","departamento":"TACNA","provincia":"TACNA","distrito":"PACHIA","institucion":"SANIDAD DEL EJERCITO DEL PERU","codigoMinsa":11493,"direccion":"CARRETERA PALCA KM 18 FRENTE A LA CARRETERA TACNA DISTRITO PACHIA PROVINCIA TACNA DEPARTAMENTO TACNA","disa":"TACNA","red":"NO PERTENECE A NINGUNA RED","microrred":"NO PERTENECE A NINGUNA MICRORED","categoria":"ESTABLECIMIENTO DE SALUD SIN INTERNAMIENTO","condicion":"ACTIVO","actualizado":"2023/08/01 19:00:00.000","fuente":"MINSA","urlRenipr":"http://app20.susalud.gob.pe:8080/registro-renipress-webapp/ipress.htm?action=mostrarVer&idipress=00011493"}},{"type":"Feature","geometry":{"type":"Point","coordinates":[-70.23564742999997,-18.024643069999968]},"properties":{"objectid":6313,"nombre":"ENFERMERIA DEL CUARTEL TARAPACA TACNA","departamento":"TACNA","provincia":"TACNA","distrito":"CORONEL GREGORIO ALBARRACIN LANCHIPA","institucion":"SANIDAD DEL EJERCITO DEL PERU","codigoMinsa":11483,"direccion":"AVENIDA AVENIDA COLLPA S/N LAS VILCAS NÚMERO S/N DISTRITO CORONEL GREGORIO ALBARRACIN L. PROVINCIA TACNA DEPARTAMENTO TACNA","disa":"TACNA","red":"NO PERTENECE A NINGUNA RED","microrred":"NO PERTENECE A NINGUNA MICRORED","categoria":"ESTABLECIMIENTO DE SALUD SIN INTERNAMIENTO","condicion":"ACTIVO","actualizado":"2023/08/01 19:00:00.000","fuente":"MINSA","urlRenipr":"http://app20.susalud.gob.pe:8080/registro-renipress-webapp/ipress.htm?action=mostrarVer&idipress=00011483"}},{"type":"Feature","geometry":{"type":"Point","coordinates":[-70.27485520999994,-18.035463749999963]},"properties":{"objectid":6665,"nombre":"CENTRO DE SALUD MENTAL COMUNITARIO \"LA HEROICA\"","departamento":"TACNA","provincia":"TACNA","distrito":"TACNA","institucion":"GOBIERNO REGIONAL","codigoMinsa":27954,"direccion":"AVENIDA AVENIDA GUARDIA CIVIL CON LA ESQUINA DE LA AVENIDA JOSE GALVEZ NÚMERO SIN NUMERO PISO 2 DISTRITO TACNA PROVINCIA TACNA DEPARTAMENTO TACNA","disa":"TACNA","red":"TACNA","microrred":"NO PERTENECE A NINGUNA MICRORED","categoria":"ESTABLECIMIENTO DE SALUD SIN INTERNAMIENTO","condicion":"ACTIVO","actualizado":"2023/08/01 19:00:00.000","fuente":"MINSA","urlRenipr":"http://app20.susalud.gob.pe:8080/registro-renipress-webapp/ipress.htm?action=mostrarVer&idipress=00027954"}},{"type":"Feature","geometry":{"type":"Point","coordinates":[-70.24826799999994,-18.01694699999996]},"properties":{"objectid":6859,"nombre":"SOMRIEM ODONTOLOGIA","departamento":"TACNA","provincia":"TACNA","distrito":"TACNA","institucion":"PRIVADO","codigoMinsa":21888,"direccion":"CALLE CALLE CORONEL BUSTIOS N° 182 DISTRITO TACNA PROVINCIA TACNA DEPARTAMENTO TACNA","disa":"TACNA","red":"NO PERTENECE A NINGUNA RED","microrred":"NO PERTENECE A NINGUNA MICRORED","categoria":"ESTABLECIMIENTO DE SALUD SIN INTERNAMIENTO","condicion":"ACTIVO","actualizado":"2023/08/01 19:00:00.000","fuente":"MINSA","urlRenipr":"http://app20.susalud.gob.pe:8080/registro-renipress-webapp/ipress.htm?action=mostrarVer&idipress=00021888"}},{"type":"Feature","geometry":{"type":"Point","coordinates":[-70.25647479999998,-18.017060999999956]},"properties":{"objectid":6949,"nombre":"TRAUMA CENTER SANCHEZ","departamento":"TACNA","provincia":"TACNA","distrito":"TACNA","institucion":"PRIVADO","codigoMinsa":18155,"direccion":"CALLE CALLE BLONDELL N°439 DISTRITO TACNA PROVINCIA TACNA DEPARTAMENTO TACNA","disa":"TACNA","red":"NO PERTENECE A NINGUNA RED","microrred":"NO PERTENECE A NINGUNA MICRORED","categoria":"ESTABLECIMIENTO DE SALUD SIN INTERNAMIENTO","condicion":"ACTIVO","actualizado":"2023/08/01 19:00:00.000","fuente":"MINSA","urlRenipr":"http://app20.susalud.gob.pe:8080/registro-renipress-webapp/ipress.htm?action=mostrarVer&idipress=00018155"}},{"type":"Feature","geometry":{"type":"Point","coordinates":[-70.24784002999996,-18.013390559999948]},"properties":{"objectid":7034,"nombre":"CONSULTORIO DENTAL \"SERVIDENT\"","departamento":"TACNA","provincia":"TACNA","distrito":"TACNA","institucion":"PRIVADO","codigoMinsa":13234,"direccion":"CALLE CALLE MILLER Nº 34 DISTRITO TACNA PROVINCIA TACNA DEPARTAMENTO TACNA","disa":"TACNA","red":"NO PERTENECE A NINGUNA RED","microrred":"NO PERTENECE A NINGUNA MICRORED","categoria":"ESTABLECIMIENTO DE SALUD SIN INTERNAMIENTO","condicion":"ACTIVO","actualizado":"2023/08/01 19:00:00.000","fuente":"MINSA","urlRenipr":"http://app20.susalud.gob.pe:8080/registro-renipress-webapp/ipress.htm?action=mostrarVer&idipress=00013234"}},{"type":"Feature","geometry":{"type":"Point","coordinates":[-70.26577909999997,-18.03009579999997]},"properties":{"objectid":7067,"nombre":"consultorio villa dental","departamento":"TACNA","provincia":"TACNA","distrito":"TACNA","institucion":"PRIVADO","codigoMinsa":26230,"direccion":"CALLE calle patricio melendez 247 NÚMERO 247 PISO 1 DEPARTAMENTO 1 INTERIOR 1 DISTRITO TACNA PROVINCIA TACNA DEPARTAMENTO TACNA","disa":"TACNA","red":"NO PERTENECE A NINGUNA RED","microrred":"NO PERTENECE A NINGUNA MICRORED","categoria":"ESTABLECIMIENTO DE SALUD SIN INTERNAMIENTO","condicion":"ACTIVO","actualizado":"2023/08/01 19:00:00.000","fuente":"MINSA","urlRenipr":"http://app20.susalud.gob.pe:8080/registro-renipress-webapp/ipress.htm?action=mostrarVer&idipress=00026230"}},{"type":"Feature","geometry":{"type":"Point","coordinates":[-70.25117966999994,-18.015315449999946]},"properties":{"objectid":7112,"nombre":"REUMACENTRO","departamento":"TACNA","provincia":"TACNA","distrito":"TACNA","institucion":"PRIVADO","codigoMinsa":28876,"direccion":"AVENIDA BOLOGNESI NÚMERO 140 PISO 1 DISTRITO TACNA PROVINCIA TACNA DEPARTAMENTO TACNA","disa":"TACNA","red":"NO PERTENECE A NINGUNA RED","microrred":"NO PERTENECE A NINGUNA MICRORED","categoria":"ESTABLECIMIENTO DE SALUD SIN INTERNAMIENTO","condicion":"ACTIVO","actualizado":"2023/08/01 19:00:00.000","fuente":"MINSA","urlRenipr":"http://app20.susalud.gob.pe:8080/registro-renipress-webapp/ipress.htm?action=mostrarVer&idipress=00028876"}},{"type":"Feature","geometry":{"type":"Point","coordinates":[-70.21611411999999,-17.997945079999965]},"properties":{"objectid":7242,"nombre":"AREA DE SALUD E.P. TACNA","departamento":"TACNA","provincia":"TACNA","distrito":"TACNA","institucion":"INPE","codigoMinsa":17064,"direccion":"CALLE CALLE HERMANOS REYNOSO S/N NÚMERO S/N DISTRITO TACNA PROVINCIA TACNA DEPARTAMENTO TACNA","disa":"TACNA","red":"NO PERTENECE A NINGUNA RED","microrred":"NO PERTENECE A NINGUNA MICRORED","categoria":"ESTABLECIMIENTO DE SALUD SIN INTERNAMIENTO","condicion":"ACTIVO","actualizado":"2023/08/01 19:00:00.000","fuente":"MINSA","urlRenipr":"http://app20.susalud.gob.pe:8080/registro-renipress-webapp/ipress.htm?action=mostrarVer&idipress=00017064"}},{"type":"Feature","geometry":{"type":"Point","coordinates":[-69.93689990999997,-17.690005379999945]},"properties":{"objectid":7258,"nombre":"CAPLINA","departamento":"TACNA","provincia":"TACNA","distrito":"PACHIA","institucion":"GOBIERNO REGIONAL","codigoMinsa":2894,"direccion":"OTROS CPM ALTO CAPLINA S/N S/N CPM ALTO CAPLINA S/N PACHIA TACNA TACNA","disa":"TACNA","red":"TACNA","microrred":"FRONTERA","categoria":"ESTABLECIMIENTO DE SALUD SIN INTERNAMIENTO","condicion":"ACTIVO","actualizado":"2023/08/01 19:00:00.000","fuente":"MINSA","urlRenipr":"http://app20.susalud.gob.pe:8080/registro-renipress-webapp/ipress.htm?action=mostrarVer&idipress=00002894"}},{"type":"Feature","geometry":{"type":"Point","coordinates":[-70.04676383999998,-17.446960219999937]},"properties":{"objectid":7259,"nombre":"TICACO","departamento":"TACNA","provincia":"TARATA","distrito":"TICACO","institucion":"GOBIERNO REGIONAL","codigoMinsa":2934,"direccion":"CALLE CALLE A.B LEGUIA S/N S/N CALLE A.B LEGUIA S/N TICACO TARATA TACNA","disa":"TACNA","red":"TACNA","microrred":"TARATA","categoria":"ESTABLECIMIENTO DE SALUD SIN INTERNAMIENTO","condicion":"ACTIVO","actualizado":"2023/08/01 19:00:00.000","fuente":"MINSA","urlRenipr":"http://app20.susalud.gob.pe:8080/registro-renipress-webapp/ipress.htm?action=mostrarVer&idipress=00002934"}},{"type":"Feature","geometry":{"type":"Point","coordinates":[-70.25708212999996,-18.07397304999995]},"properties":{"objectid":7260,"nombre":"CENTRO DE SALUD MENTAL COMUNITARIO VILLA TACNA","departamento":"TACNA","provincia":"TACNA","distrito":"CORONEL GREGORIO ALBARRACIN LANCHIPA","institucion":"GOBIERNO REGIONAL","codigoMinsa":25831,"direccion":"OTROS ASOCIACION DE VIVIENDA LOS ARENALES ROCA ETERNA - VIÑANI III ETAPA NÚMERO S/N DISTRITO CORONEL GREGORIO ALBARRACIN L. PROVINCIA TACNA DEPARTAMENTO TACNA","disa":"TACNA","red":"TACNA","microrred":"NO PERTENECE A NINGUNA MICRORED","categoria":"ESTABLECIMIENTO DE SALUD SIN INTERNAMIENTO","condicion":"ACTIVO","actualizado":"2023/08/01 19:00:00.000","fuente":"MINSA","urlRenipr":"http://app20.susalud.gob.pe:8080/registro-renipress-webapp/ipress.htm?action=mostrarVer&idipress=00025831"}},{"type":"Feature","geometry":{"type":"Point","coordinates":[-70.15478040999994,-17.896429859999955]},"properties":{"objectid":7261,"nombre":"PUESTO DE SALUD PACHIA","departamento":"TACNA","provincia":"TACNA","distrito":"PACHIA","institucion":"GOBIERNO REGIONAL","codigoMinsa":2893,"direccion":"CALLE CALLE ARIAS ARAGUEZ S/N S/N CALLE ARIAS ARAGUEZ S/N PACHIA TACNA TACNA","disa":"TACNA","red":"TACNA","microrred":"FRONTERA","categoria":"ESTABLECIMIENTO DE SALUD SIN INTERNAMIENTO","condicion":"ACTIVO","actualizado":"2023/08/01 19:00:00.000","fuente":"MINSA","urlRenipr":"http://app20.susalud.gob.pe:8080/registro-renipress-webapp/ipress.htm?action=mostrarVer&idipress=00002893"}},{"type":"Feature","geometry":{"type":"Point","coordinates":[-70.25013897999997,-18.007229519999953]},"properties":{"objectid":7262,"nombre":"CATS","departamento":"TACNA","provincia":"TACNA","distrito":"TACNA","institucion":"GOBIERNO REGIONAL","codigoMinsa":28315,"direccion":"CALLE Patricio Melendez 574 TACNA TACNA TACNA","disa":"TACNA","red":"NO PERTENECE A NINGUNA RED","microrred":"NO PERTENECE A NINGUNA MICRORED","categoria":"SERVICIO MÉDICO DE APOYO","condicion":"ACTIVO","actualizado":"2023/08/01 19:00:00.000","fuente":"MINSA","urlRenipr":"http://app20.susalud.gob.pe:8080/registro-renipress-webapp/ipress.htm?action=mostrarVer&idipress=00028315"}},{"type":"Feature","geometry":{"type":"Point","coordinates":[-70.23343449999999,-17.979022199999974]},"properties":{"objectid":7263,"nombre":"PUESTO DE SALUD CONO NORTE","departamento":"TACNA","provincia":"TACNA","distrito":"CIUDAD NUEVA","institucion":"GOBIERNO REGIONAL","codigoMinsa":2886,"direccion":"OTROS SECTOR CONO NORTE MANZANA 143 LOTE 29 CMTE 30 DISTRITO CIUDAD NUEVA PROVINCIA TACNA DEPARTAMENTO TACNA","disa":"TACNA","red":"TACNA","microrred":"CONO NORTE","categoria":"ESTABLECIMIENTO DE SALUD SIN INTERNAMIENTO","condicion":"ACTIVO","actualizado":"2023/08/01 19:00:00.000","fuente":"MINSA","urlRenipr":"http://app20.susalud.gob.pe:8080/registro-renipress-webapp/ipress.htm?action=mostrarVer&idipress=00002886"}},{"type":"Feature","geometry":{"type":"Point","coordinates":[-70.27622858999996,-18.03370905999998]},"properties":{"objectid":7264,"nombre":"CENTRO DE SALUD AUGUSTO B. LEGUIA","departamento":"TACNA","provincia":"TACNA","distrito":"TACNA","institucion":"GOBIERNO REGIONAL","codigoMinsa":2920,"direccion":"AVENIDA AV. 200 MILLAS S/N NÚMERO S/N DISTRITO TACNA PROVINCIA TACNA DEPARTAMENTO TACNA","disa":"TACNA","red":"TACNA","microrred":"METROPOLITANA","categoria":"ESTABLECIMIENTO DE SALUD SIN INTERNAMIENTO","condicion":"ACTIVO","actualizado":"2023/08/01 19:00:00.000","fuente":"MINSA","urlRenipr":"http://app20.susalud.gob.pe:8080/registro-renipress-webapp/ipress.htm?action=mostrarVer&idipress=00002920"}},{"type":"Feature","geometry":{"type":"Point","coordinates":[-70.84482688999998,-17.70411533999993]},"properties":{"objectid":8417,"nombre":"CENTRO DE SALUD MILITAR FUERTE ARICA","departamento":"TACNA","provincia":"JORGE BASADRE","distrito":"LOCUMBA","institucion":"SANIDAD DEL EJERCITO DEL PERU","codigoMinsa":19472,"direccion":"AVENIDA AV. LOS CLAVELES CDRA.3 S/N VILLA EL EDEN KM 1216 AV. PANAMERICANA SUR NÚMERO S/N DISTRITO LOCUMBA PROVINCIA JORGE BASADRE DEPARTAMENTO TACNA","disa":"TACNA","red":"NO PERTENECE A NINGUNA RED","microrred":"NO PERTENECE A NINGUNA MICRORED","categoria":"ESTABLECIMIENTO DE SALUD SIN INTERNAMIENTO","condicion":"ACTIVO","actualizado":"2023/08/01 19:00:00.000","fuente":"MINSA","urlRenipr":"http://app20.susalud.gob.pe:8080/registro-renipress-webapp/ipress.htm?action=mostrarVer&idipress=00019472"}},{"type":"Feature","geometry":{"type":"Point","coordinates":[-70.25571419999994,-18.036700399999972]},"properties":{"objectid":8450,"nombre":"SAN IGNACIO DE LOYOLA CENTRO MEDICO","departamento":"TACNA","provincia":"TACNA","distrito":"CORONEL GREGORIO ALBARRACIN LANCHIPA","institucion":"PRIVADO","codigoMinsa":18134,"direccion":"OTROS ASOC. DE VIV. SAN FRANCISCO MZ. 103 L. 25 ASOC. DE VIV. SAN FRANCISCO MZ. 103 L. 25 CORONEL GREGORIO ALBARRACIN L. TACNA TACNA","disa":"TACNA","red":"NO PERTENECE A NINGUNA RED","microrred":"NO PERTENECE A NINGUNA MICRORED","categoria":"ESTABLECIMIENTO DE SALUD SIN INTERNAMIENTO","condicion":"ACTIVO","actualizado":"2023/08/01 19:00:00.000","fuente":"MINSA","urlRenipr":"http://app20.susalud.gob.pe:8080/registro-renipress-webapp/ipress.htm?action=mostrarVer&idipress=00018134"}},{"type":"Feature","geometry":{"type":"Point","coordinates":[-70.24606756999998,-18.006853589999935]},"properties":{"objectid":8714,"nombre":"CINDY TELLEZ AMESQUITA","departamento":"TACNA","provincia":"TACNA","distrito":"TACNA","institucion":"PRIVADO","codigoMinsa":29454,"direccion":"CALLE GENERAL VARELA NÚMERO 421B PISO 1 DISTRITO TACNA PROVINCIA TACNA DEPARTAMENTO TACNA","disa":"TACNA","red":"","microrred":"","categoria":"ESTABLECIMIENTO DE SALUD SIN INTERNAMIENTO","condicion":"ACTIVO","actualizado":"2023/08/01 19:00:00.000","fuente":"MINSA","urlRenipr":"http://app20.susalud.gob.pe:8080/registro-renipress-webapp/ipress.htm?action=mostrarVer&idipress=00029454"}},{"type":"Feature","geometry":{"type":"Point","coordinates":[-70.24708649999997,-18.01265239999998]},"properties":{"objectid":8898,"nombre":"CONSULTORIO DENTAL D& S","departamento":"TACNA","provincia":"TACNA","distrito":"TACNA","institucion":"PRIVADO","codigoMinsa":20635,"direccion":"AVENIDA AV. BOLOGNESI 677 C.C. SOLARI PLAZA DISTRITO TACNA PROVINCIA TACNA DEPARTAMENTO TACNA","disa":"TACNA","red":"NO PERTENECE A NINGUNA RED","microrred":"NO PERTENECE A NINGUNA MICRORED","categoria":"ESTABLECIMIENTO DE SALUD SIN INTERNAMIENTO","condicion":"ACTIVO","actualizado":"2023/08/01 19:00:00.000","fuente":"MINSA","urlRenipr":"http://app20.susalud.gob.pe:8080/registro-renipress-webapp/ipress.htm?action=mostrarVer&idipress=00020635"}},{"type":"Feature","geometry":{"type":"Point","coordinates":[-70.23112702999998,-18.012520029999962]},"properties":{"objectid":9425,"nombre":"LA NATIVIDAD","departamento":"TACNA","provincia":"TACNA","distrito":"TACNA","institucion":"GOBIERNO REGIONAL","codigoMinsa":2918,"direccion":"CALLE ENRIQUE LOPEZ ALBUJAR 1859 TACNA TACNA TACNA","disa":"TACNA","red":"TACNA","microrred":"METROPOLITANA","categoria":"ESTABLECIMIENTO DE SALUD SIN INTERNAMIENTO","condicion":"ACTIVO","actualizado":"2023/08/01 19:00:00.000","fuente":"MINSA","urlRenipr":"http://app20.susalud.gob.pe:8080/registro-renipress-webapp/ipress.htm?action=mostrarVer&idipress=00002918"}},{"type":"Feature","geometry":{"type":"Point","coordinates":[-70.97728568999997,-17.885777659999974]},"properties":{"objectid":9426,"nombre":"PUESTO DE SALUD PAMPA BAJA","departamento":"TACNA","provincia":"JORGE BASADRE","distrito":"ITE","institucion":"GOBIERNO REGIONAL","codigoMinsa":2901,"direccion":"CALLE CALLE PRINCIPAL PAMPA BAJA DISTRITO ITE PROVINCIA JORGE BASADRE DEPARTAMENTO TACNA","disa":"TACNA","red":"TACNA","microrred":"LITORAL","categoria":"ESTABLECIMIENTO DE SALUD SIN INTERNAMIENTO","condicion":"ACTIVO","actualizado":"2023/08/01 19:00:00.000","fuente":"MINSA","urlRenipr":"http://app20.susalud.gob.pe:8080/registro-renipress-webapp/ipress.htm?action=mostrarVer&idipress=00002901"}},{"type":"Feature","geometry":{"type":"Point","coordinates":[-70.24888885999997,-18.037530259999983]},"properties":{"objectid":9427,"nombre":"PUESTO DE SALUD 5 DE NOVIEMBRE","departamento":"TACNA","provincia":"TACNA","distrito":"CORONEL GREGORIO ALBARRACIN LANCHIPA","institucion":"GOBIERNO REGIONAL","codigoMinsa":2889,"direccion":"OTROS ASOC. PEREZ GAMBOA MZ. F LTE.32 DISTRITO CORONEL GREGORIO ALBARRACIN L. PROVINCIA TACNA DEPARTAMENTO TACNA","disa":"TACNA","red":"TACNA","microrred":"CONO SUR","categoria":"ESTABLECIMIENTO DE SALUD SIN INTERNAMIENTO","condicion":"ACTIVO","actualizado":"2023/08/01 19:00:00.000","fuente":"MINSA","urlRenipr":"http://app20.susalud.gob.pe:8080/registro-renipress-webapp/ipress.htm?action=mostrarVer&idipress=00002889"}},{"type":"Feature","geometry":{"type":"Point","coordinates":[-70.19402698999994,-17.279978809999932]},"properties":{"objectid":9428,"nombre":"PUESTO DE SALUD TOTORA","departamento":"TACNA","provincia":"CANDARAVE","distrito":"CANDARAVE","institucion":"GOBIERNO REGIONAL","codigoMinsa":2875,"direccion":"OTROS SECTOR TOTORA DISTRITO CANDARAVE PROVINCIA CANDARAVE DEPARTAMENTO TACNA","disa":"TACNA","red":"TACNA","microrred":"CANDARAVE","categoria":"ESTABLECIMIENTO DE SALUD SIN INTERNAMIENTO","condicion":"ACTIVO","actualizado":"2023/08/01 19:00:00.000","fuente":"MINSA","urlRenipr":"http://app20.susalud.gob.pe:8080/registro-renipress-webapp/ipress.htm?action=mostrarVer&idipress=00002875"}},{"type":"Feature","geometry":{"type":"Point","coordinates":[-70.49867377999993,-17.791764729999954]},"properties":{"objectid":9429,"nombre":"PUESTO DE SALUD INCLAN","departamento":"TACNA","provincia":"TACNA","distrito":"INCLAN","institucion":"GOBIERNO REGIONAL","codigoMinsa":2914,"direccion":"CALLE CALLE ALTO RAYO S/N NÚMERO S/N DISTRITO INCLAN PROVINCIA TACNA DEPARTAMENTO TACNA","disa":"TACNA","red":"TACNA","microrred":"JORGE BASADRE","categoria":"ESTABLECIMIENTO DE SALUD SIN INTERNAMIENTO","condicion":"ACTIVO","actualizado":"2023/08/01 19:00:00.000","fuente":"MINSA","urlRenipr":"http://app20.susalud.gob.pe:8080/registro-renipress-webapp/ipress.htm?action=mostrarVer&idipress=00002914"}},{"type":"Feature","geometry":{"type":"Point","coordinates":[-70.25132335999996,-17.994230339999945]},"properties":{"objectid":9656,"nombre":"PREVENTORIO","departamento":"TACNA","provincia":"TACNA","distrito":"ALTO DE LA ALIANZA","institucion":"PRIVADO","codigoMinsa":30279,"direccion":"AVENIDA JORGE BASADRE GROHMANN NÚMERO 1330 PISO 2 DISTRITO ALTO DE LA ALIANZA PROVINCIA TACNA DEPARTAMENTO TACNA","disa":"TACNA","red":"","microrred":"","categoria":"ESTABLECIMIENTO DE SALUD SIN INTERNAMIENTO","condicion":"ACTIVO","actualizado":"2023/08/01 19:00:00.000","fuente":"MINSA","urlRenipr":"http://app20.susalud.gob.pe:8080/registro-renipress-webapp/ipress.htm?action=mostrarVer&idipress=00030279"}},{"type":"Feature","geometry":{"type":"Point","coordinates":[-70.24674884999996,-18.011284339999975]},"properties":{"objectid":9852,"nombre":"INTEGRA DENTAL","departamento":"TACNA","provincia":"TACNA","distrito":"TACNA","institucion":"PRIVADO","codigoMinsa":26497,"direccion":"JIRÓN JUNIN NÚMERO 65 PISO 2 DEPARTAMENTO 201 DISTRITO TACNA PROVINCIA TACNA DEPARTAMENTO TACNA","disa":"TACNA","red":"NO PERTENECE A NINGUNA RED","microrred":"NO PERTENECE A NINGUNA MICRORED","categoria":"ESTABLECIMIENTO DE SALUD SIN INTERNAMIENTO","condicion":"ACTIVO","actualizado":"2023/08/01 19:00:00.000","fuente":"MINSA","urlRenipr":"http://app20.susalud.gob.pe:8080/registro-renipress-webapp/ipress.htm?action=mostrarVer&idipress=00026497"}},{"type":"Feature","geometry":{"type":"Point","coordinates":[-70.24627409999994,-18.006567899999936]},"properties":{"objectid":10510,"nombre":"CONSULTORIO ODONTOLOGICO MARTORELL","departamento":"TACNA","provincia":"TACNA","distrito":"TACNA","institucion":"PRIVADO","codigoMinsa":30533,"direccion":"AVENIDA CORONEL MENDOZA NÚMERO 1078 DISTRITO TACNA PROVINCIA TACNA DEPARTAMENTO TACNA","disa":"TACNA","red":"","microrred":"","categoria":"ESTABLECIMIENTO DE SALUD SIN INTERNAMIENTO","condicion":"ACTIVO","actualizado":"2023/08/01 19:00:00.000","fuente":"MINSA","urlRenipr":"http://app20.susalud.gob.pe:8080/registro-renipress-webapp/ipress.htm?action=mostrarVer&idipress=00030533"}},{"type":"Feature","geometry":{"type":"Point","coordinates":[-70.24148619999994,-18.001735099999962]},"properties":{"objectid":11069,"nombre":"ASIFA SALUD","departamento":"TACNA","provincia":"TACNA","distrito":"TACNA","institucion":"PRIVADO","codigoMinsa":25647,"direccion":"PASAJE Jose Gomez NÚMERO 1325 URBANIZACIÓN Vigil DISTRITO TACNA PROVINCIA TACNA DEPARTAMENTO TACNA","disa":"TACNA","red":"NO PERTENECE A NINGUNA RED","microrred":"NO PERTENECE A NINGUNA MICRORED","categoria":"ESTABLECIMIENTO DE SALUD SIN INTERNAMIENTO","condicion":"ACTIVO","actualizado":"2023/08/01 19:00:00.000","fuente":"MINSA","urlRenipr":"http://app20.susalud.gob.pe:8080/registro-renipress-webapp/ipress.htm?action=mostrarVer&idipress=00025647"}},{"type":"Feature","geometry":{"type":"Point","coordinates":[-70.23836828999998,-17.998874409999928]},"properties":{"objectid":11093,"nombre":"TIP DENTAL","departamento":"TACNA","provincia":"TACNA","distrito":"TACNA","institucion":"PRIVADO","codigoMinsa":28108,"direccion":"AVENIDA Vigil NÚMERO 427 PISO 1 URBANIZACIÓN Almirante Miguel Grau DISTRITO TACNA PROVINCIA TACNA DEPARTAMENTO TACNA","disa":"TACNA","red":"NO PERTENECE A NINGUNA RED","microrred":"NO PERTENECE A NINGUNA MICRORED","categoria":"ESTABLECIMIENTO DE SALUD SIN INTERNAMIENTO","condicion":"ACTIVO","actualizado":"2023/08/01 19:00:00.000","fuente":"MINSA","urlRenipr":"http://app20.susalud.gob.pe:8080/registro-renipress-webapp/ipress.htm?action=mostrarVer&idipress=00028108"}},{"type":"Feature","geometry":{"type":"Point","coordinates":[-70.24488849999994,-17.994194599999958]},"properties":{"objectid":11094,"nombre":"CONSULTORIO OBSTETRICO SIEMPRE MUJER","departamento":"TACNA","provincia":"TACNA","distrito":"TACNA","institucion":"PRIVADO","codigoMinsa":27322,"direccion":"AVENIDA PINTO N?ERO 1131 INTERIOR 3 URBANIZACI? GUSTAVO PINTO DISTRITO TACNA PROVINCIA TACNA DEPARTAMENTO TACNA","disa":"TACNA","red":"NO PERTENECE A NINGUNA RED","microrred":"NO PERTENECE A NINGUNA MICRORED","categoria":"ESTABLECIMIENTO DE SALUD SIN INTERNAMIENTO","condicion":"ACTIVO","actualizado":"2023/08/01 19:00:00.000","fuente":"MINSA","urlRenipr":"http://app20.susalud.gob.pe:8080/registro-renipress-webapp/ipress.htm?action=mostrarVer&idipress=00027322"}},{"type":"Feature","geometry":{"type":"Point","coordinates":[-70.23433959999994,-18.002296199999932]},"properties":{"objectid":11198,"nombre":"CONSULTORIO ODONTOLOGICO \"COTRI DENT\"","departamento":"TACNA","provincia":"TACNA","distrito":"TACNA","institucion":"PRIVADO","codigoMinsa":15502,"direccion":"CALLE CALLE ALTO LIMA Nº2169 DISTRITO TACNA PROVINCIA TACNA DEPARTAMENTO TACNA","disa":"TACNA","red":"NO PERTENECE A NINGUNA RED","microrred":"NO PERTENECE A NINGUNA MICRORED","categoria":"ESTABLECIMIENTO DE SALUD SIN INTERNAMIENTO","condicion":"ACTIVO","actualizado":"2023/08/01 19:00:00.000","fuente":"MINSA","urlRenipr":"http://app20.susalud.gob.pe:8080/registro-renipress-webapp/ipress.htm?action=mostrarVer&idipress=00015502"}},{"type":"Feature","geometry":{"type":"Point","coordinates":[-70.25356683999996,-18.006107149999934]},"properties":{"objectid":11302,"nombre":"DENTISALUD","departamento":"TACNA","provincia":"TACNA","distrito":"TACNA","institucion":"PRIVADO","codigoMinsa":28886,"direccion":"CALLE ARIAS Y ARAGUEZ NÚMERO 977 PISO 1 DEPARTAMENTO 11 DISTRITO TACNA PROVINCIA TACNA DEPARTAMENTO TACNA","disa":"TACNA","red":"NO PERTENECE A NINGUNA RED","microrred":"NO PERTENECE A NINGUNA MICRORED","categoria":"ESTABLECIMIENTO DE SALUD SIN INTERNAMIENTO","condicion":"ACTIVO","actualizado":"2023/08/01 19:00:00.000","fuente":"MINSA","urlRenipr":"http://app20.susalud.gob.pe:8080/registro-renipress-webapp/ipress.htm?action=mostrarVer&idipress=00028886"}},{"type":"Feature","geometry":{"type":"Point","coordinates":[-70.25389539999998,-18.04532168999998]},"properties":{"objectid":11546,"nombre":"consultorio medico especializado hamilton naki","departamento":"TACNA","provincia":"TACNA","distrito":"CORONEL GREGORIO ALBARRACIN LANCHIPA","institucion":"PRIVADO","codigoMinsa":27365,"direccion":"AVENIDA los fresnos N?ERO S/N INTERIOR 36 MANZANA C LOTE 1 DISTRITO CORONEL GREGORIO ALBARRACIN L. PROVINCIA TACNA DEPARTAMENTO TACNA","disa":"TACNA","red":"NO PERTENECE A NINGUNA RED","microrred":"NO PERTENECE A NINGUNA MICRORED","categoria":"ESTABLECIMIENTO DE SALUD SIN INTERNAMIENTO","condicion":"ACTIVO","actualizado":"2023/08/01 19:00:00.000","fuente":"MINSA","urlRenipr":"http://app20.susalud.gob.pe:8080/registro-renipress-webapp/ipress.htm?action=mostrarVer&idipress=00027365"}},{"type":"Feature","geometry":{"type":"Point","coordinates":[-70.43370965999998,-18.292431009999973]},"properties":{"objectid":11553,"nombre":"LOS PALOS","departamento":"TACNA","provincia":"TACNA","distrito":"LA YARADA LOS PALOS","institucion":"GOBIERNO REGIONAL","codigoMinsa":2908,"direccion":"OTROS CPM. LOS PALOS S/N S/N CPM. LOS PALOS S/N LA YARADA LOS PALOS TACNA TACNA","disa":"TACNA","red":"TACNA","microrred":"LITORAL","categoria":"ESTABLECIMIENTO DE SALUD SIN INTERNAMIENTO","condicion":"ACTIVO","actualizado":"2023/08/01 19:00:00.000","fuente":"MINSA","urlRenipr":"http://app20.susalud.gob.pe:8080/registro-renipress-webapp/ipress.htm?action=mostrarVer&idipress=00002908"}},{"type":"Feature","geometry":{"type":"Point","coordinates":[-70.25050183999997,-18.05530987999998]},"properties":{"objectid":11554,"nombre":"CENTRO DE SALUD VISTA ALEGRE","departamento":"TACNA","provincia":"TACNA","distrito":"CORONEL GREGORIO ALBARRACIN LANCHIPA","institucion":"GOBIERNO REGIONAL","codigoMinsa":2891,"direccion":"OTROS ASOCIACION VISTA ALEGRE MANZANA 21 LOTE 6 ASOCIACION VISTA ALEGRE MANZANA 21 LOTE 6 CORONEL GREGORIO ALBARRACIN L. TACNA TACNA","disa":"TACNA","red":"TACNA","microrred":"CONO SUR","categoria":"ESTABLECIMIENTO DE SALUD SIN INTERNAMIENTO","condicion":"ACTIVO","actualizado":"2023/08/01 19:00:00.000","fuente":"MINSA","urlRenipr":"http://app20.susalud.gob.pe:8080/registro-renipress-webapp/ipress.htm?action=mostrarVer&idipress=00002891"}},{"type":"Feature","geometry":{"type":"Point","coordinates":[-69.68069072999998,-17.574808639999958]},"properties":{"objectid":11555,"nombre":"CENTRO DE SALUD ALTO PERU","departamento":"TACNA","provincia":"TACNA","distrito":"PALCA","institucion":"GOBIERNO REGIONAL","codigoMinsa":2867,"direccion":"OTROS CPM. ALTO PERU S/N NÚMERO S/N DISTRITO PALCA PROVINCIA TACNA DEPARTAMENTO TACNA","disa":"TACNA","red":"TACNA","microrred":"ALTO ANDINO","categoria":"ESTABLECIMIENTO DE SALUD SIN INTERNAMIENTO","condicion":"ACTIVO","actualizado":"2023/08/01 19:00:00.000","fuente":"MINSA","urlRenipr":"http://app20.susalud.gob.pe:8080/registro-renipress-webapp/ipress.htm?action=mostrarVer&idipress=00002867"}},{"type":"Feature","geometry":{"type":"Point","coordinates":[-70.24627409999994,-18.006567899999936]},"properties":{"objectid":12115,"nombre":"ODONTO CITY","departamento":"TACNA","provincia":"TACNA","distrito":"TACNA","institucion":"PRIVADO","codigoMinsa":12637,"direccion":"CALLE CALLE BOLIVAR Nº 415 OF. 201 DISTRITO TACNA PROVINCIA TACNA DEPARTAMENTO TACNA","disa":"TACNA","red":"","microrred":"NO PERTENECE A NINGUNA MICRORED","categoria":"ESTABLECIMIENTO DE SALUD SIN INTERNAMIENTO","condicion":"ACTIVO","actualizado":"2023/08/01 19:00:00.000","fuente":"MINSA","urlRenipr":"http://app20.susalud.gob.pe:8080/registro-renipress-webapp/ipress.htm?action=mostrarVer&idipress=00012637"}},{"type":"Feature","geometry":{"type":"Point","coordinates":[-70.24508389999994,-18.009251699999936]},"properties":{"objectid":12353,"nombre":"CONSULTORIO GINECOLÓGICO JEAN CHAVEZ GIL","departamento":"TACNA","provincia":"TACNA","distrito":"TACNA","institucion":"PRIVADO","codigoMinsa":28847,"direccion":"CALLE ZELA NÚMERO 985 B DISTRITO TACNA PROVINCIA TACNA DEPARTAMENTO TACNA","disa":"TACNA","red":"NO PERTENECE A NINGUNA RED","microrred":"NO PERTENECE A NINGUNA MICRORED","categoria":"ESTABLECIMIENTO DE SALUD SIN INTERNAMIENTO","condicion":"ACTIVO","actualizado":"2023/08/01 19:00:00.000","fuente":"MINSA","urlRenipr":"http://app20.susalud.gob.pe:8080/registro-renipress-webapp/ipress.htm?action=mostrarVer&idipress=00028847"}},{"type":"Feature","geometry":{"type":"Point","coordinates":[-70.20124212999997,-17.96122594999997]},"properties":{"objectid":12621,"nombre":"CONSULTORIO MEDICO IBEROAMERICANO","departamento":"TACNA","provincia":"TACNA","distrito":"POCOLLAY","institucion":"PRIVADO","codigoMinsa":30250,"direccion":"OTROS 28 de Agosto PROMUVI CONO NORTE MANZANA 69 LOTE 08 DISTRITO POCOLLAY PROVINCIA TACNA DEPARTAMENTO TACNA","disa":"TACNA","red":"","microrred":"","categoria":"ESTABLECIMIENTO DE SALUD SIN INTERNAMIENTO","condicion":"ACTIVO","actualizado":"2023/08/01 19:00:00.000","fuente":"MINSA","urlRenipr":"http://app20.susalud.gob.pe:8080/registro-renipress-webapp/ipress.htm?action=mostrarVer&idipress=00030250"}},{"type":"Feature","geometry":{"type":"Point","coordinates":[-70.24617214999995,-18.00984313999993]},"properties":{"objectid":12867,"nombre":"CONSULTORIO MEDICO \"CENTRO ESPECIALIZADO OFTALMOLOGICO\"","departamento":"TACNA","provincia":"TACNA","distrito":"TACNA","institucion":"PRIVADO","codigoMinsa":15365,"direccion":"CALLE CALLE ZELA Nº885 DISTRITO TACNA PROVINCIA TACNA DEPARTAMENTO TACNA","disa":"TACNA","red":"NO PERTENECE A NINGUNA RED","microrred":"NO PERTENECE A NINGUNA MICRORED","categoria":"ESTABLECIMIENTO DE SALUD SIN INTERNAMIENTO","condicion":"ACTIVO","actualizado":"2023/08/01 19:00:00.000","fuente":"MINSA","urlRenipr":"http://app20.susalud.gob.pe:8080/registro-renipress-webapp/ipress.htm?action=mostrarVer&idipress=00015365"}},{"type":"Feature","geometry":{"type":"Point","coordinates":[-70.25626261999997,-18.017041319999976]},"properties":{"objectid":12911,"nombre":"MONTEFIORI II","departamento":"TACNA","provincia":"TACNA","distrito":"TACNA","institucion":"PRIVADO","codigoMinsa":21560,"direccion":"CALLE CALLE LORETO Nº267 SEGUNDO PISO DISTRITO TACNA PROVINCIA TACNA DEPARTAMENTO TACNA","disa":"TACNA","red":"NO PERTENECE A NINGUNA RED","microrred":"NO PERTENECE A NINGUNA MICRORED","categoria":"ESTABLECIMIENTO DE SALUD SIN INTERNAMIENTO","condicion":"ACTIVO","actualizado":"2023/08/01 19:00:00.000","fuente":"MINSA","urlRenipr":"http://app20.susalud.gob.pe:8080/registro-renipress-webapp/ipress.htm?action=mostrarVer&idipress=00021560"}},{"type":"Feature","geometry":{"type":"Point","coordinates":[-70.23406769999997,-18.007496299999957]},"properties":{"objectid":13100,"nombre":"OMED SERVICIOS MÉDICOS QUIRÚRGICOS","departamento":"TACNA","provincia":"TACNA","distrito":"TACNA","institucion":"PRIVADO","codigoMinsa":30412,"direccion":"PROLONGACIÓN CAJAMARCA NÚMERO 300 PISO 1 URBANIZACIÓN EL ROSARIO DISTRITO TACNA PROVINCIA TACNA DEPARTAMENTO TACNA","disa":"TACNA","red":"","microrred":"","categoria":"ESTABLECIMIENTO DE SALUD CON INTERNAMIENTO","condicion":"ACTIVO","actualizado":"2023/08/01 19:00:00.000","fuente":"MINSA","urlRenipr":"http://app20.susalud.gob.pe:8080/registro-renipress-webapp/ipress.htm?action=mostrarVer&idipress=00030412"}},{"type":"Feature","geometry":{"type":"Point","coordinates":[-70.24627409999994,-18.006567899999936]},"properties":{"objectid":13406,"nombre":"CENTRO DEL RIÑON","departamento":"TACNA","provincia":"TACNA","distrito":"TACNA","institucion":"PRIVADO","codigoMinsa":25436,"direccion":"AVENIDA GREGORIO ALBARRACIN NÚMERO 550 PISO 1 DISTRITO TACNA PROVINCIA TACNA DEPARTAMENTO TACNA","disa":"TACNA","red":"NO PERTENECE A NINGUNA RED","microrred":"NO PERTENECE A NINGUNA MICRORED","categoria":"SERVICIO MÉDICO DE APOYO","condicion":"ACTIVO","actualizado":"2023/08/01 19:00:00.000","fuente":"MINSA","urlRenipr":"http://app20.susalud.gob.pe:8080/registro-renipress-webapp/ipress.htm?action=mostrarVer&idipress=00025436"}},{"type":"Feature","geometry":{"type":"Point","coordinates":[-70.24593074999996,-18.011327689999973]},"properties":{"objectid":13455,"nombre":"CENTRO ODONTOLOGICO SAN MIGUEL","departamento":"TACNA","provincia":"TACNA","distrito":"TACNA","institucion":"PRIVADO","codigoMinsa":11480,"direccion":"AVENIDA AVENIDA BOLOGNESI Nº 850 AVENIDA BOLOGNESI Nº 850 TACNA TACNA TACNA","disa":"TACNA","red":"NO PERTENECE A NINGUNA RED","microrred":"NO PERTENECE A NINGUNA MICRORED","categoria":"ESTABLECIMIENTO DE SALUD SIN INTERNAMIENTO","condicion":"ACTIVO","actualizado":"2023/08/01 19:00:00.000","fuente":"MINSA","urlRenipr":"http://app20.susalud.gob.pe:8080/registro-renipress-webapp/ipress.htm?action=mostrarVer&idipress=00011480"}},{"type":"Feature","geometry":{"type":"Point","coordinates":[-70.24628496999998,-18.01210242999997]},"properties":{"objectid":13636,"nombre":"CONSULTORIO DR. MARTIN VALENCIA","departamento":"TACNA","provincia":"TACNA","distrito":"TACNA","institucion":"PRIVADO","codigoMinsa":27709,"direccion":"AVENIDA BOLOGNESI N?ERO 787 PISO 3 DEPARTAMENTO 303 DISTRITO TACNA PROVINCIA TACNA DEPARTAMENTO TACNA","disa":"TACNA","red":"NO PERTENECE A NINGUNA RED","microrred":"NO PERTENECE A NINGUNA MICRORED","categoria":"ESTABLECIMIENTO DE SALUD SIN INTERNAMIENTO","condicion":"ACTIVO","actualizado":"2023/08/01 19:00:00.000","fuente":"MINSA","urlRenipr":"http://app20.susalud.gob.pe:8080/registro-renipress-webapp/ipress.htm?action=mostrarVer&idipress=00027709"}},{"type":"Feature","geometry":{"type":"Point","coordinates":[-70.03532530999996,-17.47975145999993]},"properties":{"objectid":13641,"nombre":"TARATA","departamento":"TACNA","provincia":"TARATA","distrito":"TARATA","institucion":"GOBIERNO REGIONAL","codigoMinsa":2932,"direccion":"AVENIDA AV. 28 DE JULIO Nº 132 AV. 28 DE JULIO Nº 132 TARATA TARATA TACNA","disa":"TACNA","red":"TACNA","microrred":"TARATA","categoria":"ESTABLECIMIENTO DE SALUD SIN INTERNAMIENTO","condicion":"ACTIVO","actualizado":"2023/08/01 19:00:00.000","fuente":"MINSA","urlRenipr":"http://app20.susalud.gob.pe:8080/registro-renipress-webapp/ipress.htm?action=mostrarVer&idipress=00002932"}},{"type":"Feature","geometry":{"type":"Point","coordinates":[-70.33430333999996,-17.379849269999966]},"properties":{"objectid":13642,"nombre":"CURIBAYA","departamento":"TACNA","provincia":"CANDARAVE","distrito":"CURIBAYA","institucion":"GOBIERNO REGIONAL","codigoMinsa":2878,"direccion":"OTROS SALIDA A CANDARAVE SALIDA A CANDARAVE CURIBAYA CANDARAVE TACNA","disa":"TACNA","red":"TACNA","microrred":"CANDARAVE","categoria":"ESTABLECIMIENTO DE SALUD SIN INTERNAMIENTO","condicion":"ACTIVO","actualizado":"2023/08/01 19:00:00.000","fuente":"MINSA","urlRenipr":"http://app20.susalud.gob.pe:8080/registro-renipress-webapp/ipress.htm?action=mostrarVer&idipress=00002878"}},{"type":"Feature","geometry":{"type":"Point","coordinates":[-70.23594299999996,-17.98219409999996]},"properties":{"objectid":13818,"nombre":"consultorio odontológico virgen de Fátima","departamento":"TACNA","provincia":"TACNA","distrito":"CIUDAD NUEVA","institucion":"PRIVADO","codigoMinsa":30536,"direccion":"CALLE daniel alcides carrion manzana 54 lote 18 comite 14 PISO 3 MANZANA 54 LOTE 14 DISTRITO CIUDAD NUEVA PROVINCIA TACNA DEPARTAMENTO TACNA","disa":"TACNA","red":"","microrred":"","categoria":"ESTABLECIMIENTO DE SALUD SIN INTERNAMIENTO","condicion":"ACTIVO","actualizado":"2023/08/01 19:00:00.000","fuente":"MINSA","urlRenipr":"http://app20.susalud.gob.pe:8080/registro-renipress-webapp/ipress.htm?action=mostrarVer&idipress=00030536"}},{"type":"Feature","geometry":{"type":"Point","coordinates":[-70.24716427999994,-18.012649849999946]},"properties":{"objectid":14203,"nombre":"CONSULTORIO ODONTOLÓGICO INTERNACIONAL","departamento":"TACNA","provincia":"TACNA","distrito":"TACNA","institucion":"PRIVADO","codigoMinsa":26498,"direccion":"AVENIDA BOLOGNESI NÚMERO 677 PISO 3 DEPARTAMENTO 3013 DISTRITO TACNA PROVINCIA TACNA DEPARTAMENTO TACNA","disa":"TACNA","red":"NO PERTENECE A NINGUNA RED","microrred":"NO PERTENECE A NINGUNA MICRORED","categoria":"ESTABLECIMIENTO DE SALUD SIN INTERNAMIENTO","condicion":"ACTIVO","actualizado":"2023/08/01 19:00:00.000","fuente":"MINSA","urlRenipr":"http://app20.susalud.gob.pe:8080/registro-renipress-webapp/ipress.htm?action=mostrarVer&idipress=00026498"}},{"type":"Feature","geometry":{"type":"Point","coordinates":[-70.24213663999996,-18.003037679999977]},"properties":{"objectid":14323,"nombre":"SAN RAFAEL","departamento":"TACNA","provincia":"TACNA","distrito":"TACNA","institucion":"PRIVADO","codigoMinsa":26219,"direccion":"AVENIDA CORONEL MENDOZA NÚMERO 1385 PISO 2 DISTRITO TACNA PROVINCIA TACNA DEPARTAMENTO TACNA","disa":"TACNA","red":"NO PERTENECE A NINGUNA RED","microrred":"NO PERTENECE A NINGUNA MICRORED","categoria":"ESTABLECIMIENTO DE SALUD SIN INTERNAMIENTO","condicion":"ACTIVO","actualizado":"2023/08/01 19:00:00.000","fuente":"MINSA","urlRenipr":"http://app20.susalud.gob.pe:8080/registro-renipress-webapp/ipress.htm?action=mostrarVer&idipress=00026219"}},{"type":"Feature","geometry":{"type":"Point","coordinates":[-70.24989680999994,-18.04287875999995]},"properties":{"objectid":14345,"nombre":"ClipsDent","departamento":"TACNA","provincia":"TACNA","distrito":"TACNA","institucion":"PRIVADO","codigoMinsa":26231,"direccion":"CALLE Gerardo Vargas MANZANA E LOTE 7 URBANIZACIÓN Auza Arce DISTRITO TACNA PROVINCIA TACNA DEPARTAMENTO TACNA","disa":"TACNA","red":"NO PERTENECE A NINGUNA RED","microrred":"NO PERTENECE A NINGUNA MICRORED","categoria":"ESTABLECIMIENTO DE SALUD SIN INTERNAMIENTO","condicion":"ACTIVO","actualizado":"2023/08/01 19:00:00.000","fuente":"MINSA","urlRenipr":"http://app20.susalud.gob.pe:8080/registro-renipress-webapp/ipress.htm?action=mostrarVer&idipress=00026231"}},{"type":"Feature","geometry":{"type":"Point","coordinates":[-70.23327356999994,-17.98026865999998]},"properties":{"objectid":14487,"nombre":"CONSULTORIO DENTAL TACNA","departamento":"TACNA","provincia":"TACNA","distrito":"CIUDAD NUEVA","institucion":"PRIVADO","codigoMinsa":27280,"direccion":"AVENIDA INTERNACIONAL N?ERO CTE 30 PISO 1 MANZANA 196 LOTE 14 DISTRITO CIUDAD NUEVA PROVINCIA TACNA DEPARTAMENTO TACNA","disa":"TACNA","red":"NO PERTENECE A NINGUNA RED","microrred":"NO PERTENECE A NINGUNA MICRORED","categoria":"ESTABLECIMIENTO DE SALUD SIN INTERNAMIENTO","condicion":"ACTIVO","actualizado":"2023/08/01 19:00:00.000","fuente":"MINSA","urlRenipr":"http://app20.susalud.gob.pe:8080/registro-renipress-webapp/ipress.htm?action=mostrarVer&idipress=00027280"}},{"type":"Feature","geometry":{"type":"Point","coordinates":[-70.24783782999998,-18.01323820999994]},"properties":{"objectid":14498,"nombre":"CONSULTORIO MEDICO PEDIATRICO","departamento":"TACNA","provincia":"TACNA","distrito":"TACNA","institucion":"PRIVADO","codigoMinsa":27308,"direccion":"AVENIDA BOLOGENSI N?ERO 611 INTERIOR 203 DISTRITO TACNA PROVINCIA TACNA DEPARTAMENTO TACNA","disa":"TACNA","red":"NO PERTENECE A NINGUNA RED","microrred":"NO PERTENECE A NINGUNA MICRORED","categoria":"ESTABLECIMIENTO DE SALUD SIN INTERNAMIENTO","condicion":"ACTIVO","actualizado":"2023/08/01 19:00:00.000","fuente":"MINSA","urlRenipr":"http://app20.susalud.gob.pe:8080/registro-renipress-webapp/ipress.htm?action=mostrarVer&idipress=00027308"}},{"type":"Feature","geometry":{"type":"Point","coordinates":[-70.25168489999999,-18.042998599999976]},"properties":{"objectid":14502,"nombre":"CONSULTORIO MEDICO SAN BARTOLOME","departamento":"TACNA","provincia":"TACNA","distrito":"CORONEL GREGORIO ALBARRACIN LANCHIPA","institucion":"PRIVADO","codigoMinsa":28006,"direccion":"OTROS terrestre 06 1 1 35 c 06 frente al centro de salud san francisco CORONEL GREGORIO ALBARRACIN L. TACNA TACNA","disa":"TACNA","red":"NO PERTENECE A NINGUNA RED","microrred":"NO PERTENECE A NINGUNA MICRORED","categoria":"ESTABLECIMIENTO DE SALUD SIN INTERNAMIENTO","condicion":"ACTIVO","actualizado":"2023/08/01 19:00:00.000","fuente":"MINSA","urlRenipr":"http://app20.susalud.gob.pe:8080/registro-renipress-webapp/ipress.htm?action=mostrarVer&idipress=00028006"}},{"type":"Feature","geometry":{"type":"Point","coordinates":[-70.76973320999997,-17.61598342999997]},"properties":{"objectid":14612,"nombre":"SANIDAD EESTP LOCUMBA","departamento":"TACNA","provincia":"JORGE BASADRE","distrito":"LOCUMBA","institucion":"SANIDAD DE LA POLICIA NACIONAL DEL PERU","codigoMinsa":20599,"direccion":"OTROS VILLA MUNICIPAL DE LOCUMBA S/N S/N VILLA MUNICIPAL DE LOCUMBA S/N LOCUMBA JORGE BASADRE TACNA","disa":"","red":"","microrred":"","categoria":"ESTABLECIMIENTO DE SALUD SIN INTERNAMIENTO","condicion":"RETIRO VOLUNTARIO","actualizado":"2023/08/01 19:00:00.000","fuente":"MINSA","urlRenipr":"http://app20.susalud.gob.pe:8080/registro-renipress-webapp/ipress.htm?action=mostrarVer&idipress=00020599"}},{"type":"Feature","geometry":{"type":"Point","coordinates":[-70.24760696999994,-18.01362176999993]},"properties":{"objectid":14675,"nombre":"RX LA VIÑA","departamento":"TACNA","provincia":"TACNA","distrito":"TACNA","institucion":"PRIVADO","codigoMinsa":29561,"direccion":"CALLE Miller NÚMERO 72 DISTRITO TACNA PROVINCIA TACNA DEPARTAMENTO TACNA","disa":"TACNA","red":"","microrred":"","categoria":"SERVICIO MÉDICO DE APOYO","condicion":"ACTIVO","actualizado":"2023/08/01 19:00:00.000","fuente":"MINSA","urlRenipr":"http://app20.susalud.gob.pe:8080/registro-renipress-webapp/ipress.htm?action=mostrarVer&idipress=00029561"}},{"type":"Feature","geometry":{"type":"Point","coordinates":[-70.25849770999997,-18.009198329999947]},"properties":{"objectid":14735,"nombre":"Centro de Salud Militar de la 3ra Brigada de Caballería \"TACNA\"","departamento":"TACNA","provincia":"TACNA","distrito":"TACNA","institucion":"SANIDAD DEL EJERCITO DEL PERU","codigoMinsa":11195,"direccion":"AVENIDA AV. GREGORIO ALBARRACIN S/N NÚMERO S/N DISTRITO TACNA PROVINCIA TACNA DEPARTAMENTO TACNA","disa":"TACNA","red":"NO PERTENECE A NINGUNA RED","microrred":"NO PERTENECE A NINGUNA MICRORED","categoria":"ESTABLECIMIENTO DE SALUD SIN INTERNAMIENTO","condicion":"ACTIVO","actualizado":"2023/08/01 19:00:00.000","fuente":"MINSA","urlRenipr":"http://app20.susalud.gob.pe:8080/registro-renipress-webapp/ipress.htm?action=mostrarVer&idipress=00011195"}},{"type":"Feature","geometry":{"type":"Point","coordinates":[-70.24627409999994,-18.006567899999936]},"properties":{"objectid":14771,"nombre":"ENDOMASS","departamento":"TACNA","provincia":"TACNA","distrito":"TACNA","institucion":"PRIVADO","codigoMinsa":13137,"direccion":"AVENIDA AVENIDA HOYOS RUBIO Nº 1699 LA NATIVIDAD. DISTRITO TACNA PROVINCIA TACNA DEPARTAMENTO TACNA","disa":"TACNA","red":"NO PERTENECE A NINGUNA RED","microrred":"NO PERTENECE A NINGUNA MICRORED","categoria":"ESTABLECIMIENTO DE SALUD SIN INTERNAMIENTO","condicion":"ACTIVO","actualizado":"2023/08/01 19:00:00.000","fuente":"MINSA","urlRenipr":"http://app20.susalud.gob.pe:8080/registro-renipress-webapp/ipress.htm?action=mostrarVer&idipress=00013137"}},{"type":"Feature","geometry":{"type":"Point","coordinates":[-70.24364919999994,-18.00993743999993]},"properties":{"objectid":14993,"nombre":"HOGAR PROTEGIDO ESPERANZA DE VIDA","departamento":"TACNA","provincia":"TACNA","distrito":"TACNA","institucion":"GOBIERNO REGIONAL","codigoMinsa":29433,"direccion":"CALLE PACHECO CESPEDES MANZANA A LOTE 4 URBANIZACIÓN SANTA ELENA DISTRITO TACNA PROVINCIA TACNA DEPARTAMENTO TACNA","disa":"TACNA","red":"TACNA","microrred":"NO PERTENECE A NINGUNA MICRORED","categoria":"SERVICIO MÉDICO DE APOYO","condicion":"ACTIVO","actualizado":"2023/08/01 19:00:00.000","fuente":"MINSA","urlRenipr":"http://app20.susalud.gob.pe:8080/registro-renipress-webapp/ipress.htm?action=mostrarVer&idipress=00029433"}},{"type":"Feature","geometry":{"type":"Point","coordinates":[-70.24772248999994,-18.019066559999942]},"properties":{"objectid":15227,"nombre":"CHAVARRI MEDICAL GROUP","departamento":"TACNA","provincia":"TACNA","distrito":"TACNA","institucion":"PRIVADO","codigoMinsa":29149,"direccion":"CALLE BILLINGHURST 170 1 1 ESQUINA CALLE BILLINGURSTH CON CALLE CORONEL BUSTIOS TACNA TACNA TACNA","disa":"TACNA","red":"NO PERTENECE A NINGUNA RED","microrred":"NO PERTENECE A NINGUNA MICRORED","categoria":"ESTABLECIMIENTO DE SALUD SIN INTERNAMIENTO","condicion":"ACTIVO","actualizado":"2023/08/01 19:00:00.000","fuente":"MINSA","urlRenipr":"http://app20.susalud.gob.pe:8080/registro-renipress-webapp/ipress.htm?action=mostrarVer&idipress=00029149"}},{"type":"Feature","geometry":{"type":"Point","coordinates":[-70.24863959999993,-18.019928599999957]},"properties":{"objectid":15453,"nombre":"MEDICINA INTEGRAL TACNA S.C.R.L.","departamento":"TACNA","provincia":"TACNA","distrito":"TACNA","institucion":"PRIVADO","codigoMinsa":12394,"direccion":"CALLE CALLE TACNA Nº 159 DISTRITO TACNA PROVINCIA TACNA DEPARTAMENTO TACNA","disa":"TACNA","red":"NO PERTENECE A NINGUNA RED","microrred":"NO PERTENECE A NINGUNA MICRORED","categoria":"ESTABLECIMIENTO DE SALUD SIN INTERNAMIENTO","condicion":"ACTIVO","actualizado":"2023/08/01 19:00:00.000","fuente":"MINSA","urlRenipr":"http://app20.susalud.gob.pe:8080/registro-renipress-webapp/ipress.htm?action=mostrarVer&idipress=00012394"}},{"type":"Feature","geometry":{"type":"Point","coordinates":[-70.24421029999996,-18.02065189999996]},"properties":{"objectid":15640,"nombre":"DR. EDWIN MEDINA Laparoscopía de Avanzada","departamento":"TACNA","provincia":"TACNA","distrito":"TACNA","institucion":"PRIVADO","codigoMinsa":27363,"direccion":"AVENIDA BILLINGHURST N?ERO 600 PISO 1 DISTRITO TACNA PROVINCIA TACNA DEPARTAMENTO TACNA","disa":"TACNA","red":"NO PERTENECE A NINGUNA RED","microrred":"NO PERTENECE A NINGUNA MICRORED","categoria":"ESTABLECIMIENTO DE SALUD SIN INTERNAMIENTO","condicion":"ACTIVO","actualizado":"2023/08/01 19:00:00.000","fuente":"MINSA","urlRenipr":"http://app20.susalud.gob.pe:8080/registro-renipress-webapp/ipress.htm?action=mostrarVer&idipress=00027363"}},{"type":"Feature","geometry":{"type":"Point","coordinates":[-70.37422978999996,-16.885292119999974]},"properties":{"objectid":15700,"nombre":"HUAYTIRI","departamento":"TACNA","provincia":"CANDARAVE","distrito":"CANDARAVE","institucion":"GOBIERNO REGIONAL","codigoMinsa":2876,"direccion":"OTROS ANEXO HUAYTIRI S/N S/N ANEXO HUAYTIRI S/N CANDARAVE CANDARAVE TACNA","disa":"TACNA","red":"TACNA","microrred":"CANDARAVE","categoria":"ESTABLECIMIENTO DE SALUD SIN INTERNAMIENTO","condicion":"ACTIVO","actualizado":"2023/08/01 19:00:00.000","fuente":"MINSA","urlRenipr":"http://app20.susalud.gob.pe:8080/registro-renipress-webapp/ipress.htm?action=mostrarVer&idipress=00002876"}},{"type":"Feature","geometry":{"type":"Point","coordinates":[-70.23522873999997,-18.007236209999974]},"properties":{"objectid":15701,"nombre":"SAMU-TACNA","departamento":"TACNA","provincia":"TACNA","distrito":"TACNA","institucion":"GOBIERNO REGIONAL","codigoMinsa":23460,"direccion":"CALLE Blondell S/N TACNA TACNA TACNA","disa":"TACNA","red":"NO PERTENECE A NINGUNA RED","microrred":"NO PERTENECE A NINGUNA MICRORED","categoria":"SERVICIO MÉDICO DE APOYO","condicion":"ACTIVO","actualizado":"2023/08/01 19:00:00.000","fuente":"MINSA","urlRenipr":"http://app20.susalud.gob.pe:8080/registro-renipress-webapp/ipress.htm?action=mostrarVer&idipress=00023460"}},{"type":"Feature","geometry":{"type":"Point","coordinates":[-69.90590846999999,-17.84968458999998]},"properties":{"objectid":15702,"nombre":"VILAVILANI","departamento":"TACNA","provincia":"TACNA","distrito":"PALCA","institucion":"GOBIERNO REGIONAL","codigoMinsa":2898,"direccion":"OTROS SECTOR VILAVILANI S/N NÚMERO S/N DISTRITO PALCA PROVINCIA TACNA DEPARTAMENTO TACNA","disa":"TACNA","red":"TACNA","microrred":"FRONTERA","categoria":"ESTABLECIMIENTO DE SALUD SIN INTERNAMIENTO","condicion":"ACTIVO","actualizado":"2023/08/01 19:00:00.000","fuente":"MINSA","urlRenipr":"http://app20.susalud.gob.pe:8080/registro-renipress-webapp/ipress.htm?action=mostrarVer&idipress=00002898"}},{"type":"Feature","geometry":{"type":"Point","coordinates":[-70.11836108999995,-17.346727079999937]},"properties":{"objectid":15703,"nombre":"PUESTO DE SALUD YABROCO","departamento":"TACNA","provincia":"TARATA","distrito":"SUSAPAYA","institucion":"GOBIERNO REGIONAL","codigoMinsa":2931,"direccion":"CALLE CALLE TACNA S/N CPM YABROCO NÚMERO S/N DISTRITO SUSAPAYA PROVINCIA TARATA DEPARTAMENTO TACNA","disa":"TACNA","red":"TACNA","microrred":"TARATA","categoria":"ESTABLECIMIENTO DE SALUD SIN INTERNAMIENTO","condicion":"ACTIVO","actualizado":"2023/08/01 19:00:00.000","fuente":"MINSA","urlRenipr":"http://app20.susalud.gob.pe:8080/registro-renipress-webapp/ipress.htm?action=mostrarVer&idipress=00002931"}},{"type":"Feature","geometry":{"type":"Point","coordinates":[-70.25344512999999,-18.015584179999962]},"properties":{"objectid":15850,"nombre":"BIOMÉDICA","departamento":"TACNA","provincia":"TACNA","distrito":"TACNA","institucion":"PRIVADO","codigoMinsa":27649,"direccion":"AVENIDA CUSCO 72 1 LINEAS DEL TREN ENTRE CALLE BLONDELL Y CALLE CALLAO TACNA TACNA TACNA","disa":"TACNA","red":"NO PERTENECE A NINGUNA RED","microrred":"NO PERTENECE A NINGUNA MICRORED","categoria":"SERVICIO MÉDICO DE APOYO","condicion":"ACTIVO","actualizado":"2023/08/01 19:00:00.000","fuente":"MINSA","urlRenipr":"http://app20.susalud.gob.pe:8080/registro-renipress-webapp/ipress.htm?action=mostrarVer&idipress=00027649"}},{"type":"Feature","geometry":{"type":"Point","coordinates":[-70.25648792999993,-18.017204569999933]},"properties":{"objectid":15876,"nombre":"PROMEDIC","departamento":"TACNA","provincia":"TACNA","distrito":"TACNA","institucion":"PRIVADO","codigoMinsa":15875,"direccion":"CALLE BLONDELL 425 CALLE BLONDELL Nº425 TACNA TACNA TACNA","disa":"TACNA","red":"NO PERTENECE A NINGUNA RED","microrred":"NO PERTENECE A NINGUNA MICRORED","categoria":"ESTABLECIMIENTO DE SALUD CON INTERNAMIENTO","condicion":"ACTIVO","actualizado":"2023/08/01 19:00:00.000","fuente":"MINSA","urlRenipr":"http://app20.susalud.gob.pe:8080/registro-renipress-webapp/ipress.htm?action=mostrarVer&idipress=00015875"}},{"type":"Feature","geometry":{"type":"Point","coordinates":[-70.25578681999997,-18.045858459999977]},"properties":{"objectid":15964,"nombre":"NEO DENTAL","departamento":"TACNA","provincia":"TACNA","distrito":"CORONEL GREGORIO ALBARRACIN LANCHIPA","institucion":"PRIVADO","codigoMinsa":26223,"direccion":"CALLE CRISTÓBAL COLON PISO 2 MANZANA 96 LOTE 15 DISTRITO CORONEL GREGORIO ALBARRACIN L. PROVINCIA TACNA DEPARTAMENTO TACNA","disa":"TACNA","red":"NO PERTENECE A NINGUNA RED","microrred":"NO PERTENECE A NINGUNA MICRORED","categoria":"ESTABLECIMIENTO DE SALUD SIN INTERNAMIENTO","condicion":"ACTIVO","actualizado":"2023/08/01 19:00:00.000","fuente":"MINSA","urlRenipr":"http://app20.susalud.gob.pe:8080/registro-renipress-webapp/ipress.htm?action=mostrarVer&idipress=00026223"}},{"type":"Feature","geometry":{"type":"Point","coordinates":[-70.24550762999996,-18.01094528999994]},"properties":{"objectid":16352,"nombre":"odontologico BALDELLON","departamento":"TACNA","provincia":"TACNA","distrito":"TACNA","institucion":"PRIVADO","codigoMinsa":26445,"direccion":"AVENIDA BOLOGENSI NÚMERO 884 PISO 1 DISTRITO TACNA PROVINCIA TACNA DEPARTAMENTO TACNA","disa":"TACNA","red":"NO PERTENECE A NINGUNA RED","microrred":"NO PERTENECE A NINGUNA MICRORED","categoria":"ESTABLECIMIENTO DE SALUD SIN INTERNAMIENTO","condicion":"ACTIVO","actualizado":"2023/08/01 19:00:00.000","fuente":"MINSA","urlRenipr":"http://app20.susalud.gob.pe:8080/registro-renipress-webapp/ipress.htm?action=mostrarVer&idipress=00026445"}},{"type":"Feature","geometry":{"type":"Point","coordinates":[-70.24746499999998,-18.01283264999995]},"properties":{"objectid":16469,"nombre":"SOLIDENT","departamento":"TACNA","provincia":"TACNA","distrito":"TACNA","institucion":"PRIVADO","codigoMinsa":27708,"direccion":"AVENIDA bolognesi NÚMERO 689 PISO 2 INTERIOR 3 DISTRITO TACNA PROVINCIA TACNA DEPARTAMENTO TACNA","disa":"TACNA","red":"NO PERTENECE A NINGUNA RED","microrred":"NO PERTENECE A NINGUNA MICRORED","categoria":"ESTABLECIMIENTO DE SALUD SIN INTERNAMIENTO","condicion":"ACTIVO","actualizado":"2023/08/01 19:00:00.000","fuente":"MINSA","urlRenipr":"http://app20.susalud.gob.pe:8080/registro-renipress-webapp/ipress.htm?action=mostrarVer&idipress=00027708"}},{"type":"Feature","geometry":{"type":"Point","coordinates":[-70.25140924999994,-18.04127320999993]},"properties":{"objectid":16519,"nombre":"CONSULTORIO ODONTOLÓGICO ALEGRÍA Y SONRISAS","departamento":"TACNA","provincia":"TACNA","distrito":"CORONEL GREGORIO ALBARRACIN LANCHIPA","institucion":"PRIVADO","codigoMinsa":28819,"direccion":"OTROS ALFONSO UGARTE II ETAPA MANZANA F3 LOTE 7 DISTRITO CORONEL GREGORIO ALBARRACIN L. PROVINCIA TACNA DEPARTAMENTO TACNA","disa":"","red":"","microrred":"","categoria":"ESTABLECIMIENTO DE SALUD SIN INTERNAMIENTO","condicion":"RUC INACTIVO EN SUNAT","actualizado":"2023/08/01 19:00:00.000","fuente":"MINSA","urlRenipr":"http://app20.susalud.gob.pe:8080/registro-renipress-webapp/ipress.htm?action=mostrarVer&idipress=00028819"}},{"type":"Feature","geometry":{"type":"Point","coordinates":[-70.25197644999997,-18.017270879999955]},"properties":{"objectid":16538,"nombre":"RIO ODONTOLOGIA ESPECIALIZADA","departamento":"TACNA","provincia":"TACNA","distrito":"TACNA","institucion":"PRIVADO","codigoMinsa":28848,"direccion":"CALLE SIR JONES NÚMERO 25 INTERIOR 2 DISTRITO TACNA PROVINCIA TACNA DEPARTAMENTO TACNA","disa":"TACNA","red":"NO PERTENECE A NINGUNA RED","microrred":"NO PERTENECE A NINGUNA MICRORED","categoria":"ESTABLECIMIENTO DE SALUD SIN INTERNAMIENTO","condicion":"ACTIVO","actualizado":"2023/08/01 19:00:00.000","fuente":"MINSA","urlRenipr":"http://app20.susalud.gob.pe:8080/registro-renipress-webapp/ipress.htm?action=mostrarVer&idipress=00028848"}},{"type":"Feature","geometry":{"type":"Point","coordinates":[-70.24767957999995,-18.013511139999935]},"properties":{"objectid":16873,"nombre":"CONSULTORIO DENTAL \"SAN CARLOS\"","departamento":"TACNA","provincia":"TACNA","distrito":"TACNA","institucion":"PRIVADO","codigoMinsa":13332,"direccion":"CALLE CALLE MILLER Nº 54 DISTRITO TACNA PROVINCIA TACNA DEPARTAMENTO TACNA","disa":"TACNA","red":"","microrred":"NO PERTENECE A NINGUNA MICRORED","categoria":"ESTABLECIMIENTO DE SALUD SIN INTERNAMIENTO","condicion":"ACTIVO","actualizado":"2023/08/01 19:00:00.000","fuente":"MINSA","urlRenipr":"http://app20.susalud.gob.pe:8080/registro-renipress-webapp/ipress.htm?action=mostrarVer&idipress=00013332"}},{"type":"Feature","geometry":{"type":"Point","coordinates":[-70.23173666999998,-18.011964689999957]},"properties":{"objectid":16911,"nombre":"CONSULTORIO DENTAL VIRGEN DE LA NATIVIDAD","departamento":"TACNA","provincia":"TACNA","distrito":"TACNA","institucion":"PRIVADO","codigoMinsa":28062,"direccion":"CALLE SAN FRANCISCO N?ERO 2039 PISO 1 DISTRITO TACNA PROVINCIA TACNA DEPARTAMENTO TACNA","disa":"TACNA","red":"NO PERTENECE A NINGUNA RED","microrred":"NO PERTENECE A NINGUNA MICRORED","categoria":"ESTABLECIMIENTO DE SALUD SIN INTERNAMIENTO","condicion":"ACTIVO","actualizado":"2023/08/01 19:00:00.000","fuente":"MINSA","urlRenipr":"http://app20.susalud.gob.pe:8080/registro-renipress-webapp/ipress.htm?action=mostrarVer&idipress=00028062"}},{"type":"Feature","geometry":{"type":"Point","coordinates":[-70.24643835999996,-18.012128839999946]},"properties":{"objectid":17263,"nombre":"MEDISUR","departamento":"TACNA","provincia":"TACNA","distrito":"TACNA","institucion":"PRIVADO","codigoMinsa":16509,"direccion":"AVENIDA AVENIDA BOLOGNESI 783 OFICINA 10 DISTRITO TACNA PROVINCIA TACNA DEPARTAMENTO TACNA","disa":"TACNA","red":"NO PERTENECE A NINGUNA RED","microrred":"NO PERTENECE A NINGUNA MICRORED","categoria":"ESTABLECIMIENTO DE SALUD SIN INTERNAMIENTO","condicion":"ACTIVO","actualizado":"2023/08/01 19:00:00.000","fuente":"MINSA","urlRenipr":"http://app20.susalud.gob.pe:8080/registro-renipress-webapp/ipress.htm?action=mostrarVer&idipress=00016509"}},{"type":"Feature","geometry":{"type":"Point","coordinates":[-70.24637366999997,-18.011256639999942]},"properties":{"objectid":17465,"nombre":"\"VIVA\"","departamento":"TACNA","provincia":"TACNA","distrito":"TACNA","institucion":"PRIVADO","codigoMinsa":27372,"direccion":"CALLE 815 DISTRITO TACNA PROVINCIA TACNA DEPARTAMENTO TACNA","disa":"TACNA","red":"NO PERTENECE A NINGUNA RED","microrred":"NO PERTENECE A NINGUNA MICRORED","categoria":"ESTABLECIMIENTO DE SALUD SIN INTERNAMIENTO","condicion":"ACTIVO","actualizado":"2023/08/01 19:00:00.000","fuente":"MINSA","urlRenipr":"http://app20.susalud.gob.pe:8080/registro-renipress-webapp/ipress.htm?action=mostrarVer&idipress=00027372"}},{"type":"Feature","geometry":{"type":"Point","coordinates":[-70.36319687999998,-17.28736319999996]},"properties":{"objectid":17760,"nombre":"PUESTO DE SALUD CAIRANI","departamento":"TACNA","provincia":"CANDARAVE","distrito":"CAIRANI","institucion":"GOBIERNO REGIONAL","codigoMinsa":2871,"direccion":"CALLE CALLE PRINCIPAL 03 DE MAYO S/N NÚMERO S/N DISTRITO CAIRANI PROVINCIA CANDARAVE DEPARTAMENTO TACNA","disa":"TACNA","red":"TACNA","microrred":"CANDARAVE","categoria":"ESTABLECIMIENTO DE SALUD SIN INTERNAMIENTO","condicion":"ACTIVO","actualizado":"2023/08/01 19:00:00.000","fuente":"MINSA","urlRenipr":"http://app20.susalud.gob.pe:8080/registro-renipress-webapp/ipress.htm?action=mostrarVer&idipress=00002871"}},{"type":"Feature","geometry":{"type":"Point","coordinates":[-70.13277769999996,-17.376062459999957]},"properties":{"objectid":17761,"nombre":"SITAJARA","departamento":"TACNA","provincia":"TARATA","distrito":"SITAJARA","institucion":"GOBIERNO REGIONAL","codigoMinsa":2929,"direccion":"AVENIDA AVENIDA GRAU S/N S/N AVENIDA GRAU S/N SITAJARA TARATA TACNA","disa":"TACNA","red":"TACNA","microrred":"TARATA","categoria":"ESTABLECIMIENTO DE SALUD SIN INTERNAMIENTO","condicion":"ACTIVO","actualizado":"2023/08/01 19:00:00.000","fuente":"MINSA","urlRenipr":"http://app20.susalud.gob.pe:8080/registro-renipress-webapp/ipress.htm?action=mostrarVer&idipress=00002929"}},{"type":"Feature","geometry":{"type":"Point","coordinates":[-70.25669999999997,-18.01494299999996]},"properties":{"objectid":17762,"nombre":"LABORATORIO DE SALUD PUBLICA","departamento":"TACNA","provincia":"TACNA","distrito":"TACNA","institucion":"GOBIERNO REGIONAL","codigoMinsa":13778,"direccion":"FEDERICO BARRETO S/N ESQUINA CON 2 DE MAYO","disa":"TACNA","red":"NO PERTENECE A NINGUNA RED","microrred":"NO PERTENECE A NINGUNA MICRORED","categoria":"SERVICIO MÉDICO DE APOYO","condicion":"ACTIVO","actualizado":"2023/08/01 19:00:00.000","fuente":"MINSA","urlRenipr":"http://app20.susalud.gob.pe:8080/registro-renipress-webapp/ipress.htm?action=mostrarVer&idipress=00013778"}},{"type":"Feature","geometry":{"type":"Point","coordinates":[-70.72498513999994,-18.115229149999948]},"properties":{"objectid":17763,"nombre":"VILA VILA","departamento":"TACNA","provincia":"TACNA","distrito":"SAMA","institucion":"GOBIERNO REGIONAL","codigoMinsa":2903,"direccion":"OTROS CALETA VILA VILA CALETA VILA VILA SAMA TACNA TACNA","disa":"TACNA","red":"TACNA","microrred":"LITORAL","categoria":"ESTABLECIMIENTO DE SALUD SIN INTERNAMIENTO","condicion":"ACTIVO","actualizado":"2023/08/01 19:00:00.000","fuente":"MINSA","urlRenipr":"http://app20.susalud.gob.pe:8080/registro-renipress-webapp/ipress.htm?action=mostrarVer&idipress=00002903"}},{"type":"Feature","geometry":{"type":"Point","coordinates":[-70.22926285999995,-17.976290279999944]},"properties":{"objectid":17764,"nombre":"PUESTO DE SALUD INTIORKO","departamento":"TACNA","provincia":"TACNA","distrito":"CIUDAD NUEVA","institucion":"GOBIERNO REGIONAL","codigoMinsa":2887,"direccion":"OTROS ASOCIACION 28 DE AGOSTO S/N NÚMERO S/N DISTRITO CIUDAD NUEVA PROVINCIA TACNA DEPARTAMENTO TACNA","disa":"TACNA","red":"TACNA","microrred":"CONO NORTE","categoria":"ESTABLECIMIENTO DE SALUD SIN INTERNAMIENTO","condicion":"ACTIVO","actualizado":"2023/08/01 19:00:00.000","fuente":"MINSA","urlRenipr":"http://app20.susalud.gob.pe:8080/registro-renipress-webapp/ipress.htm?action=mostrarVer&idipress=00002887"}},{"type":"Feature","geometry":{"type":"Point","coordinates":[-70.38776174999998,-17.243715409999936]},"properties":{"objectid":17765,"nombre":"CAMILACA","departamento":"TACNA","provincia":"CANDARAVE","distrito":"CAMILACA","institucion":"GOBIERNO REGIONAL","codigoMinsa":2873,"direccion":"AVENIDA AVENIDA TACNA S/N S/N AVENIDA TACNA S/N CAMILACA CANDARAVE TACNA","disa":"TACNA","red":"TACNA","microrred":"CANDARAVE","categoria":"ESTABLECIMIENTO DE SALUD SIN INTERNAMIENTO","condicion":"ACTIVO","actualizado":"2023/08/01 19:00:00.000","fuente":"MINSA","urlRenipr":"http://app20.susalud.gob.pe:8080/registro-renipress-webapp/ipress.htm?action=mostrarVer&idipress=00002873"}},{"type":"Feature","geometry":{"type":"Point","coordinates":[-70.21731212999998,-17.497656439999957]},"properties":{"objectid":17766,"nombre":"CHIPISPAYA","departamento":"TACNA","provincia":"TARATA","distrito":"HEROES ALBARRACIN","institucion":"GOBIERNO REGIONAL","codigoMinsa":2926,"direccion":"OTROS CPM CHIPISPAYA CPM CHIPISPAYA HEROES ALBARRACIN TARATA TACNA","disa":"TACNA","red":"TACNA","microrred":"TARATA","categoria":"ESTABLECIMIENTO DE SALUD SIN INTERNAMIENTO","condicion":"ACTIVO","actualizado":"2023/08/01 19:00:00.000","fuente":"MINSA","urlRenipr":"http://app20.susalud.gob.pe:8080/registro-renipress-webapp/ipress.htm?action=mostrarVer&idipress=00002926"}},{"type":"Feature","geometry":{"type":"Point","coordinates":[-70.25418076999995,-18.015370859999962]},"properties":{"objectid":17767,"nombre":"METROPOLITANO","departamento":"TACNA","provincia":"TACNA","distrito":"TACNA","institucion":"GOBIERNO REGIONAL","codigoMinsa":2921,"direccion":"CALLE CALLE FEDERICO BARRETO Nº101 CALLE FEDERICO BARRETO Nº101 TACNA TACNA TACNA","disa":"TACNA","red":"TACNA","microrred":"METROPOLITANA","categoria":"ESTABLECIMIENTO DE SALUD SIN INTERNAMIENTO","condicion":"ACTIVO","actualizado":"2023/08/01 19:00:00.000","fuente":"MINSA","urlRenipr":"http://app20.susalud.gob.pe:8080/registro-renipress-webapp/ipress.htm?action=mostrarVer&idipress=00002921"}},{"type":"Feature","geometry":{"type":"Point","coordinates":[-70.24513671999995,-18.010651609999968]},"properties":{"objectid":18605,"nombre":"ODONTOLOGOS NEW SMILE","departamento":"TACNA","provincia":"TACNA","distrito":"TACNA","institucion":"PRIVADO","codigoMinsa":28089,"direccion":"AVENIDA bolognesi NÚMERO 920 PISO 1 DISTRITO TACNA PROVINCIA TACNA DEPARTAMENTO TACNA","disa":"TACNA","red":"NO PERTENECE A NINGUNA RED","microrred":"NO PERTENECE A NINGUNA MICRORED","categoria":"ESTABLECIMIENTO DE SALUD SIN INTERNAMIENTO","condicion":"ACTIVO","actualizado":"2023/08/01 19:00:00.000","fuente":"MINSA","urlRenipr":"http://app20.susalud.gob.pe:8080/registro-renipress-webapp/ipress.htm?action=mostrarVer&idipress=00028089"}},{"type":"Feature","geometry":{"type":"Point","coordinates":[-70.24627409999994,-18.006567899999936]},"properties":{"objectid":18624,"nombre":"SALUD LA INMACULADA","departamento":"TACNA","provincia":"TACNA","distrito":"TACNA","institucion":"PRIVADO","codigoMinsa":27913,"direccion":"OTROS AGRUPAMIENTO ROSA ARA II ETAPA F 01 UNA CUADRA ARRIBA DEL OVALO CALLAO TACNA TACNA TACNA","disa":"TACNA","red":"NO PERTENECE A NINGUNA RED","microrred":"NO PERTENECE A NINGUNA MICRORED","categoria":"ESTABLECIMIENTO DE SALUD SIN INTERNAMIENTO","condicion":"ACTIVO","actualizado":"2023/08/01 19:00:00.000","fuente":"MINSA","urlRenipr":"http://app20.susalud.gob.pe:8080/registro-renipress-webapp/ipress.htm?action=mostrarVer&idipress=00027913"}},{"type":"Feature","geometry":{"type":"Point","coordinates":[-70.25563551999994,-18.01389796999996]},"properties":{"objectid":18936,"nombre":"LABORATORIO CLISDAY","departamento":"TACNA","provincia":"TACNA","distrito":"TACNA","institucion":"PRIVADO","codigoMinsa":19522,"direccion":"AVENIDA AV. 2 DE MAYO - URB. LAS CAMELIAS B-16 (FRENTE EMERGENCIA DEL HOSPITAL) DISTRITO TACNA PROVINCIA TACNA DEPARTAMENTO TACNA","disa":"TACNA","red":"","microrred":"NO PERTENECE A NINGUNA MICRORED","categoria":"SERVICIO MÉDICO DE APOYO","condicion":"ACTIVO","actualizado":"2023/08/01 19:00:00.000","fuente":"MINSA","urlRenipr":"http://app20.susalud.gob.pe:8080/registro-renipress-webapp/ipress.htm?action=mostrarVer&idipress=00019522"}},{"type":"Feature","geometry":{"type":"Point","coordinates":[-70.25312443999997,-18.01631692999996]},"properties":{"objectid":19077,"nombre":"DENTAL MONTALVO","departamento":"TACNA","provincia":"TACNA","distrito":"TACNA","institucion":"PRIVADO","codigoMinsa":21993,"direccion":"AVENIDA AVENIDA GRAU 306 2DO. PISO DISTRITO TACNA PROVINCIA TACNA DEPARTAMENTO TACNA","disa":"TACNA","red":"NO PERTENECE A NINGUNA RED","microrred":"NO PERTENECE A NINGUNA MICRORED","categoria":"ESTABLECIMIENTO DE SALUD SIN INTERNAMIENTO","condicion":"ACTIVO","actualizado":"2023/08/01 19:00:00.000","fuente":"MINSA","urlRenipr":"http://app20.susalud.gob.pe:8080/registro-renipress-webapp/ipress.htm?action=mostrarVer&idipress=00021993"}},{"type":"Feature","geometry":{"type":"Point","coordinates":[-69.80532179999994,-17.80569849999995]},"properties":{"objectid":19144,"nombre":"CONSULTORIO TIMPURE","departamento":"TACNA","provincia":"TACNA","distrito":"PALCA","institucion":"PRIVADO","codigoMinsa":23294,"direccion":"TROCHA CARRETERA DE TACNA A TRIPARTITO NÚMERO S/N DISTRITO PALCA PROVINCIA TACNA DEPARTAMENTO TACNA","disa":"TACNA","red":"","microrred":"","categoria":"ESTABLECIMIENTO DE SALUD SIN INTERNAMIENTO","condicion":"ACTIVO","actualizado":"2023/08/01 19:00:00.000","fuente":"MINSA","urlRenipr":"http://app20.susalud.gob.pe:8080/registro-renipress-webapp/ipress.htm?action=mostrarVer&idipress=00023294"}},{"type":"Feature","geometry":{"type":"Point","coordinates":[-70.24634919999994,-18.012077619999957]},"properties":{"objectid":19490,"nombre":"CONSULTORIO MEDICO UROLOGICO","departamento":"TACNA","provincia":"TACNA","distrito":"TACNA","institucion":"PRIVADO","codigoMinsa":17360,"direccion":"AVENIDA AVENIDA BOLOGNESI N°787 INTERIOR 303 D - 22 DISTRITO TACNA PROVINCIA TACNA DEPARTAMENTO TACNA","disa":"TACNA","red":"NO PERTENECE A NINGUNA RED","microrred":"NO PERTENECE A NINGUNA MICRORED","categoria":"ESTABLECIMIENTO DE SALUD SIN INTERNAMIENTO","condicion":"ACTIVO","actualizado":"2023/08/01 19:00:00.000","fuente":"MINSA","urlRenipr":"http://app20.susalud.gob.pe:8080/registro-renipress-webapp/ipress.htm?action=mostrarVer&idipress=00017360"}},{"type":"Feature","geometry":{"type":"Point","coordinates":[-70.24593611999995,-18.011327689999973]},"properties":{"objectid":19710,"nombre":"DIAGNOSTICO POR IMÁGENES EL GALENO","departamento":"TACNA","provincia":"TACNA","distrito":"TACNA","institucion":"PRIVADO","codigoMinsa":23732,"direccion":"AVENIDA BOLOGNESI 880 TACNA TACNA TACNA","disa":"TACNA","red":"NO PERTENECE A NINGUNA RED","microrred":"NO PERTENECE A NINGUNA MICRORED","categoria":"SERVICIO MÉDICO DE APOYO","condicion":"ACTIVO","actualizado":"2023/08/01 19:00:00.000","fuente":"MINSA","urlRenipr":"http://app20.susalud.gob.pe:8080/registro-renipress-webapp/ipress.htm?action=mostrarVer&idipress=00023732"}},{"type":"Feature","geometry":{"type":"Point","coordinates":[-70.24826225999993,-18.009330639999973]},"properties":{"objectid":19724,"nombre":"CONSULTORIO DE ENFERMERIA \"STA. MARIA AUXILIADORA\"","departamento":"TACNA","provincia":"TACNA","distrito":"TACNA","institucion":"PRIVADO","codigoMinsa":12008,"direccion":"CALLE CALLE PATRICO MELENDEZ Nº 382 DISTRITO TACNA PROVINCIA TACNA DEPARTAMENTO TACNA","disa":"TACNA","red":"NO PERTENECE A NINGUNA RED","microrred":"NO PERTENECE A NINGUNA MICRORED","categoria":"ESTABLECIMIENTO DE SALUD SIN INTERNAMIENTO","condicion":"ACTIVO","actualizado":"2023/08/01 19:00:00.000","fuente":"MINSA","urlRenipr":"http://app20.susalud.gob.pe:8080/registro-renipress-webapp/ipress.htm?action=mostrarVer&idipress=00012008"}},{"type":"Feature","geometry":{"type":"Point","coordinates":[-70.24601839999997,-18.010229899999956]},"properties":{"objectid":19775,"nombre":"ESPADA ODONTOLOGÍA ESPECIALIZADA","departamento":"TACNA","provincia":"TACNA","distrito":"TACNA","institucion":"PRIVADO","codigoMinsa":28087,"direccion":"AVENIDA SAN MARTIN NÚMERO 884 PISO 1 DISTRITO TACNA PROVINCIA TACNA DEPARTAMENTO TACNA","disa":"TACNA","red":"NO PERTENECE A NINGUNA RED","microrred":"NO PERTENECE A NINGUNA MICRORED","categoria":"ESTABLECIMIENTO DE SALUD SIN INTERNAMIENTO","condicion":"ACTIVO","actualizado":"2023/08/01 19:00:00.000","fuente":"MINSA","urlRenipr":"http://app20.susalud.gob.pe:8080/registro-renipress-webapp/ipress.htm?action=mostrarVer&idipress=00028087"}},{"type":"Feature","geometry":{"type":"Point","coordinates":[-70.23496651999994,-17.98391074999995]},"properties":{"objectid":19904,"nombre":"CENTRO DE SALUD CIUDAD NUEVA","departamento":"TACNA","provincia":"TACNA","distrito":"CIUDAD NUEVA","institucion":"GOBIERNO REGIONAL","codigoMinsa":2885,"direccion":"CALLE CALLE CASIMIRO ESPEJO 489 FRENTE PLAZA JOSE OLAYA CALLE CASIMIRO ESPEJO 489 FRENTE PLAZA JOSE OLAYA CIUDAD NUEVA TACNA TACNA","disa":"TACNA","red":"TACNA","microrred":"CONO NORTE","categoria":"ESTABLECIMIENTO DE SALUD CON INTERNAMIENTO","condicion":"ACTIVO","actualizado":"2023/08/01 19:00:00.000","fuente":"MINSA","urlRenipr":"http://app20.susalud.gob.pe:8080/registro-renipress-webapp/ipress.htm?action=mostrarVer&idipress=00002885"}},{"type":"Feature","geometry":{"type":"Point","coordinates":[-69.58067837999994,-17.52969153999993]},"properties":{"objectid":19905,"nombre":"PUESTO DE SALUD ANCOMARCA","departamento":"TACNA","provincia":"TACNA","distrito":"PALCA","institucion":"GOBIERNO REGIONAL","codigoMinsa":2866,"direccion":"OTROS COMUNIDAD ANCOMARCA DISTRITO PALCA PROVINCIA TACNA DEPARTAMENTO TACNA","disa":"TACNA","red":"TACNA","microrred":"ALTO ANDINO","categoria":"ESTABLECIMIENTO DE SALUD SIN INTERNAMIENTO","condicion":"ACTIVO","actualizado":"2023/08/01 19:00:00.000","fuente":"MINSA","urlRenipr":"http://app20.susalud.gob.pe:8080/registro-renipress-webapp/ipress.htm?action=mostrarVer&idipress=00002866"}},{"type":"Feature","geometry":{"type":"Point","coordinates":[-70.25909505999994,-18.019239999999968]},"properties":{"objectid":20032,"nombre":"CENTRO MEDICO ESPECIALIZADO SAGRADO CORAZÓN","departamento":"TACNA","provincia":"TACNA","distrito":"TACNA","institucion":"PRIVADO","codigoMinsa":28828,"direccion":"CALLE BLONDELL NÚMERO 338 DISTRITO TACNA PROVINCIA TACNA DEPARTAMENTO TACNA","disa":"TACNA","red":"NO PERTENECE A NINGUNA RED","microrred":"NO PERTENECE A NINGUNA MICRORED","categoria":"ESTABLECIMIENTO DE SALUD SIN INTERNAMIENTO","condicion":"ACTIVO","actualizado":"2023/08/01 19:00:00.000","fuente":"MINSA","urlRenipr":"http://app20.susalud.gob.pe:8080/registro-renipress-webapp/ipress.htm?action=mostrarVer&idipress=00028828"}},{"type":"Feature","geometry":{"type":"Point","coordinates":[-70.24627409999994,-18.006567899999936]},"properties":{"objectid":20126,"nombre":"CONSULTORIO DENTAL SANTO DOMINGO","departamento":"TACNA","provincia":"TACNA","distrito":"CORONEL GREGORIO ALBARRACIN LANCHIPA","institucion":"PRIVADO","codigoMinsa":27248,"direccion":"OTROS ASOCIACIÓN SAN FRANCISCO MANZANA 100 LOTE 11 DISTRITO CORONEL GREGORIO ALBARRACIN L. PROVINCIA TACNA DEPARTAMENTO TACNA","disa":"TACNA","red":"NO PERTENECE A NINGUNA RED","microrred":"NO PERTENECE A NINGUNA MICRORED","categoria":"ESTABLECIMIENTO DE SALUD SIN INTERNAMIENTO","condicion":"ACTIVO","actualizado":"2023/08/01 19:00:00.000","fuente":"MINSA","urlRenipr":"http://app20.susalud.gob.pe:8080/registro-renipress-webapp/ipress.htm?action=mostrarVer&idipress=00027248"}},{"type":"Feature","geometry":{"type":"Point","coordinates":[-70.25165916999998,-18.021052949999955]},"properties":{"objectid":20374,"nombre":"LABORATORIO CLINICO ESPECIALIZADO BIOMARCAN","departamento":"TACNA","provincia":"TACNA","distrito":"TACNA","institucion":"PRIVADO","codigoMinsa":29060,"direccion":"CALLE TACNA NÚMERO S/N MANZANA B LOTE 17 URBANIZACIÓN QUINTA LAS CONDES DISTRITO TACNA PROVINCIA TACNA DEPARTAMENTO TACNA","disa":"TACNA","red":"NO PERTENECE A NINGUNA RED","microrred":"NO PERTENECE A NINGUNA MICRORED","categoria":"SERVICIO MÉDICO DE APOYO","condicion":"ACTIVO","actualizado":"2023/08/01 19:00:00.000","fuente":"MINSA","urlRenipr":"http://app20.susalud.gob.pe:8080/registro-renipress-webapp/ipress.htm?action=mostrarVer&idipress=00029060"}},{"type":"Feature","geometry":{"type":"Point","coordinates":[-70.24627409999994,-18.006567899999936]},"properties":{"objectid":20378,"nombre":"CENTRO INTEGRAL DE OFTALMOLOGIA","departamento":"TACNA","provincia":"TACNA","distrito":"TACNA","institucion":"PRIVADO","codigoMinsa":28106,"direccion":"AVENIDA BILLINGHURST N?ERO 589 DISTRITO TACNA PROVINCIA TACNA DEPARTAMENTO TACNA","disa":"TACNA","red":"NO PERTENECE A NINGUNA RED","microrred":"NO PERTENECE A NINGUNA MICRORED","categoria":"ESTABLECIMIENTO DE SALUD SIN INTERNAMIENTO","condicion":"ACTIVO","actualizado":"2023/08/01 19:00:00.000","fuente":"MINSA","urlRenipr":"http://app20.susalud.gob.pe:8080/registro-renipress-webapp/ipress.htm?action=mostrarVer&idipress=00028106"}},{"type":"Feature","geometry":{"type":"Point","coordinates":[-70.24838399999999,-18.012738199999944]},"properties":{"objectid":20480,"nombre":"Consultorio Dental Sonríe con Esperanza","departamento":"TACNA","provincia":"TACNA","distrito":"TACNA","institucion":"PRIVADO","codigoMinsa":26480,"direccion":"PASAJE Libertad NÚMERO 55 PISO 1 URBANIZACIÓN Cercado DISTRITO TACNA PROVINCIA TACNA DEPARTAMENTO TACNA","disa":"TACNA","red":"NO PERTENECE A NINGUNA RED","microrred":"NO PERTENECE A NINGUNA MICRORED","categoria":"ESTABLECIMIENTO DE SALUD SIN INTERNAMIENTO","condicion":"ACTIVO","actualizado":"2023/08/01 19:00:00.000","fuente":"MINSA","urlRenipr":"http://app20.susalud.gob.pe:8080/registro-renipress-webapp/ipress.htm?action=mostrarVer&idipress=00026480"}},{"type":"Feature","geometry":{"type":"Point","coordinates":[-70.24634363999996,-18.012073079999936]},"properties":{"objectid":20504,"nombre":"ODONTO PLACE","departamento":"TACNA","provincia":"TACNA","distrito":"TACNA","institucion":"PRIVADO","codigoMinsa":17612,"direccion":"AVENIDA AVENIDA BOLOGNESI 783 DISTRITO TACNA PROVINCIA TACNA DEPARTAMENTO TACNA","disa":"TACNA","red":"NO PERTENECE A NINGUNA RED","microrred":"NO PERTENECE A NINGUNA MICRORED","categoria":"ESTABLECIMIENTO DE SALUD SIN INTERNAMIENTO","condicion":"ACTIVO","actualizado":"2023/08/01 19:00:00.000","fuente":"MINSA","urlRenipr":"http://app20.susalud.gob.pe:8080/registro-renipress-webapp/ipress.htm?action=mostrarVer&idipress=00017612"}},{"type":"Feature","geometry":{"type":"Point","coordinates":[-70.25352999999996,-18.01591499999995]},"properties":{"objectid":20530,"nombre":"CONSULTORIO ODONTOLOGICO \"ODONTOTACNA\"","departamento":"TACNA","provincia":"TACNA","distrito":"TACNA","institucion":"PRIVADO","codigoMinsa":11036,"direccion":"CALLE CALLE CALLAO Nº 05 DISTRITO TACNA PROVINCIA TACNA DEPARTAMENTO TACNA","disa":"TACNA","red":"","microrred":"NO PERTENECE A NINGUNA MICRORED","categoria":"ESTABLECIMIENTO DE SALUD SIN INTERNAMIENTO","condicion":"ACTIVO","actualizado":"2023/08/01 19:00:00.000","fuente":"MINSA","urlRenipr":"http://app20.susalud.gob.pe:8080/registro-renipress-webapp/ipress.htm?action=mostrarVer&idipress=00011036"}},{"type":"Feature","geometry":{"type":"Point","coordinates":[-70.25120399999997,-18.01505432999994]},"properties":{"objectid":20550,"nombre":"ECOGRAFIAS SHANEL","departamento":"TACNA","provincia":"TACNA","distrito":"TACNA","institucion":"PRIVADO","codigoMinsa":25572,"direccion":"CALLE BOLIVAR NÚMERO 169 PISO 2 INTERIOR 4 DISTRITO TACNA PROVINCIA TACNA DEPARTAMENTO TACNA","disa":"TACNA","red":"NO PERTENECE A NINGUNA RED","microrred":"NO PERTENECE A NINGUNA MICRORED","categoria":"SERVICIO MÉDICO DE APOYO","condicion":"ACTIVO","actualizado":"2023/08/01 19:00:00.000","fuente":"MINSA","urlRenipr":"http://app20.susalud.gob.pe:8080/registro-renipress-webapp/ipress.htm?action=mostrarVer&idipress=00025572"}},{"type":"Feature","geometry":{"type":"Point","coordinates":[-70.25524328999995,-18.01515982999996]},"properties":{"objectid":20822,"nombre":"HOSPITAL HIPOLITO UNANUE DE TACNA","departamento":"TACNA","provincia":"TACNA","distrito":"TACNA","institucion":"GOBIERNO REGIONAL","codigoMinsa":2864,"direccion":"CALLE CALLE FEDERICO BARRETO S/N S/N CALLE FEDERICO BARRETO S/N TACNA TACNA TACNA","disa":"TACNA","red":"NO PERTENECE A NINGUNA RED","microrred":"NO PERTENECE A NINGUNA MICRORED","categoria":"ESTABLECIMIENTO DE SALUD CON INTERNAMIENTO","condicion":"ACTIVO","actualizado":"2023/08/01 19:00:00.000","fuente":"MINSA","urlRenipr":"http://app20.susalud.gob.pe:8080/registro-renipress-webapp/ipress.htm?action=mostrarVer&idipress=00002864"}},{"type":"Feature","geometry":{"type":"Point","coordinates":[-70.03445683999996,-17.47881444999996]},"properties":{"objectid":20975,"nombre":"ENFERMERÍA DEL CUARTEL TARATA","departamento":"TACNA","provincia":"TARATA","distrito":"TARATA","institucion":"SANIDAD DEL EJERCITO DEL PERU","codigoMinsa":11492,"direccion":"CALLE CALLE 28 DE JULIO S/N S/N CALLE 28 DE JULIO S/N TARATA TARATA TACNA","disa":"","red":"","microrred":"","categoria":"ESTABLECIMIENTO DE SALUD SIN INTERNAMIENTO","condicion":"RETIRO VOLUNTARIO","actualizado":"2023/08/01 19:00:00.000","fuente":"MINSA","urlRenipr":"http://app20.susalud.gob.pe:8080/registro-renipress-webapp/ipress.htm?action=mostrarVer&idipress=00011492"}},{"type":"Feature","geometry":{"type":"Point","coordinates":[-69.80532179999994,-17.80569849999995]},"properties":{"objectid":21231,"nombre":"UME PUCAMARCA","departamento":"TACNA","provincia":"TACNA","distrito":"PALCA","institucion":"PRIVADO","codigoMinsa":12007,"direccion":"OTROS COMUNIDAD VILAVILANI PARAJE PASO HUAYLILLAS SUR DESVIO KM 18 DISTRITO PALCA PROVINCIA TACNA DEPARTAMENTO TACNA","disa":"TACNA","red":"NO PERTENECE A NINGUNA RED","microrred":"NO PERTENECE A NINGUNA MICRORED","categoria":"ESTABLECIMIENTO DE SALUD SIN INTERNAMIENTO","condicion":"ACTIVO","actualizado":"2023/08/01 19:00:00.000","fuente":"MINSA","urlRenipr":"http://app20.susalud.gob.pe:8080/registro-renipress-webapp/ipress.htm?action=mostrarVer&idipress=00012007"}},{"type":"Feature","geometry":{"type":"Point","coordinates":[-70.25714777999997,-18.007338249999975]},"properties":{"objectid":21384,"nombre":"POLICLINICO JOSE BENDITO","departamento":"TACNA","provincia":"TACNA","distrito":"TACNA","institucion":"PRIVADO","codigoMinsa":27236,"direccion":"CALLE JORGE BASADRE GROHMANN CON SAUCINI NÚMERO 60 DISTRITO TACNA PROVINCIA TACNA DEPARTAMENTO TACNA","disa":"TACNA","red":"NO PERTENECE A NINGUNA RED","microrred":"NO PERTENECE A NINGUNA MICRORED","categoria":"ESTABLECIMIENTO DE SALUD SIN INTERNAMIENTO","condicion":"ACTIVO","actualizado":"2023/08/01 19:00:00.000","fuente":"MINSA","urlRenipr":"http://app20.susalud.gob.pe:8080/registro-renipress-webapp/ipress.htm?action=mostrarVer&idipress=00027236"}},{"type":"Feature","geometry":{"type":"Point","coordinates":[-70.25691707999994,-18.00617761999996]},"properties":{"objectid":21439,"nombre":"POLICLINICO PILAR","departamento":"TACNA","provincia":"TACNA","distrito":"TACNA","institucion":"PRIVADO","codigoMinsa":12185,"direccion":"OTROS CENTRO COMERCIAL EL TRIÁNGULO MZ. C LTE. 51 DISTRITO TACNA PROVINCIA TACNA DEPARTAMENTO TACNA","disa":"TACNA","red":"NO PERTENECE A NINGUNA RED","microrred":"NO PERTENECE A NINGUNA MICRORED","categoria":"ESTABLECIMIENTO DE SALUD SIN INTERNAMIENTO","condicion":"ACTIVO","actualizado":"2023/08/01 19:00:00.000","fuente":"MINSA","urlRenipr":"http://app20.susalud.gob.pe:8080/registro-renipress-webapp/ipress.htm?action=mostrarVer&idipress=00012185"}},{"type":"Feature","geometry":{"type":"Point","coordinates":[-70.63042661999998,-17.27902039999998]},"properties":{"objectid":21609,"nombre":"HOSPITAL TOQUEPALA","departamento":"TACNA","provincia":"JORGE BASADRE","distrito":"ILABAYA","institucion":"PRIVADO","codigoMinsa":18230,"direccion":"TOQUEPALA PLAZA S/N","disa":"TACNA","red":"NO PERTENECE A NINGUNA RED","microrred":"NO PERTENECE A NINGUNA MICRORED","categoria":"ESTABLECIMIENTO DE SALUD CON INTERNAMIENTO","condicion":"ACTIVO","actualizado":"2023/08/01 19:00:00.000","fuente":"MINSA","urlRenipr":"http://app20.susalud.gob.pe:8080/registro-renipress-webapp/ipress.htm?action=mostrarVer&idipress=00018230"}},{"type":"Feature","geometry":{"type":"Point","coordinates":[-70.67925072999998,-18.157614299999977]},"properties":{"objectid":21922,"nombre":"CARLOS ALBERTO JARA ALMONTE FLOR","departamento":"TACNA","provincia":"TACNA","distrito":"SAMA","institucion":"GOBIERNO REGIONAL","codigoMinsa":2902,"direccion":"AVENIDA AVENIDA GRAU S/N BOCA DEL RÍO S/N AVENIDA GRAU S/N BOCA DEL RÍO SAMA TACNA TACNA","disa":"TACNA","red":"TACNA","microrred":"LITORAL","categoria":"ESTABLECIMIENTO DE SALUD SIN INTERNAMIENTO","condicion":"ACTIVO","actualizado":"2023/08/01 19:00:00.000","fuente":"MINSA","urlRenipr":"http://app20.susalud.gob.pe:8080/registro-renipress-webapp/ipress.htm?action=mostrarVer&idipress=00002902"}},{"type":"Feature","geometry":{"type":"Point","coordinates":[-70.13251897999999,-17.35482410999998]},"properties":{"objectid":21923,"nombre":"SUSAPAYA","departamento":"TACNA","provincia":"TARATA","distrito":"SUSAPAYA","institucion":"GOBIERNO REGIONAL","codigoMinsa":2930,"direccion":"CALLE CALLE TACNA S/N S/N CALLE TACNA S/N SUSAPAYA TARATA TACNA","disa":"TACNA","red":"TACNA","microrred":"TARATA","categoria":"ESTABLECIMIENTO DE SALUD SIN INTERNAMIENTO","condicion":"ACTIVO","actualizado":"2023/08/01 19:00:00.000","fuente":"MINSA","urlRenipr":"http://app20.susalud.gob.pe:8080/registro-renipress-webapp/ipress.htm?action=mostrarVer&idipress=00002930"}},{"type":"Feature","geometry":{"type":"Point","coordinates":[-70.12298759999999,-17.480535559999964]},"properties":{"objectid":21924,"nombre":"CHUCATAMANI","departamento":"TACNA","provincia":"TARATA","distrito":"HEROES ALBARRACIN","institucion":"GOBIERNO REGIONAL","codigoMinsa":2925,"direccion":"CALLE CALLE 1º DE SEPTIEMBRE S/N S/N CALLE 1º DE SEPTIEMBRE S/N HEROES ALBARRACIN TARATA TACNA","disa":"TACNA","red":"TACNA","microrred":"TARATA","categoria":"ESTABLECIMIENTO DE SALUD SIN INTERNAMIENTO","condicion":"ACTIVO","actualizado":"2023/08/01 19:00:00.000","fuente":"MINSA","urlRenipr":"http://app20.susalud.gob.pe:8080/registro-renipress-webapp/ipress.htm?action=mostrarVer&idipress=00002925"}},{"type":"Feature","geometry":{"type":"Point","coordinates":[-70.43160502999996,-17.323811259999957]},"properties":{"objectid":21925,"nombre":"CAMBAYA","departamento":"TACNA","provincia":"JORGE BASADRE","distrito":"ILABAYA","institucion":"GOBIERNO REGIONAL","codigoMinsa":2912,"direccion":"AVENIDA AVENIDA JESUS MARIA S/N S/N AVENIDA JESUS MARIA S/N ILABAYA JORGE BASADRE TACNA","disa":"TACNA","red":"TACNA","microrred":"JORGE BASADRE","categoria":"ESTABLECIMIENTO DE SALUD SIN INTERNAMIENTO","condicion":"ACTIVO","actualizado":"2023/08/01 19:00:00.000","fuente":"MINSA","urlRenipr":"http://app20.susalud.gob.pe:8080/registro-renipress-webapp/ipress.htm?action=mostrarVer&idipress=00002912"}},{"type":"Feature","geometry":{"type":"Point","coordinates":[-69.95974639999997,-17.778686689999972]},"properties":{"objectid":21926,"nombre":"PALCA","departamento":"TACNA","provincia":"TACNA","distrito":"PALCA","institucion":"GOBIERNO REGIONAL","codigoMinsa":2897,"direccion":"CALLE CALLE PALCA S/N CARRETERA TACNA-COLPA S/N CALLE PALCA S/N CARRETERA TACNA-COLPA PALCA TACNA TACNA","disa":"TACNA","red":"TACNA","microrred":"FRONTERA","categoria":"ESTABLECIMIENTO DE SALUD SIN INTERNAMIENTO","condicion":"ACTIVO","actualizado":"2023/08/01 19:00:00.000","fuente":"MINSA","urlRenipr":"http://app20.susalud.gob.pe:8080/registro-renipress-webapp/ipress.htm?action=mostrarVer&idipress=00002897"}},{"type":"Feature","geometry":{"type":"Point","coordinates":[-70.26019692999995,-18.02332820999993]},"properties":{"objectid":21942,"nombre":"CONSULTORIO MEDICO DR. ALDO PARODI LA FEMME","departamento":"TACNA","provincia":"TACNA","distrito":"TACNA","institucion":"PRIVADO","codigoMinsa":26039,"direccion":"AVENIDA MANUEL ODRIA NÚMERO 1342 URBANIZACIÓN PARA CHICO DISTRITO TACNA PROVINCIA TACNA DEPARTAMENTO TACNA","disa":"","red":"","microrred":"","categoria":"ESTABLECIMIENTO DE SALUD SIN INTERNAMIENTO","condicion":"RUC INACTIVO EN SUNAT","actualizado":"2023/08/01 19:00:00.000","fuente":"MINSA","urlRenipr":"http://app20.susalud.gob.pe:8080/registro-renipress-webapp/ipress.htm?action=mostrarVer&idipress=00026039"}},{"type":"Feature","geometry":{"type":"Point","coordinates":[-70.25622639999995,-18.00658629999998]},"properties":{"objectid":22019,"nombre":"POLICLINICO AVANTI","departamento":"TACNA","provincia":"TACNA","distrito":"TACNA","institucion":"PRIVADO","codigoMinsa":26595,"direccion":"CALLE HIPOLITO UNANUE 1020 TACNA TACNA TACNA","disa":"TACNA","red":"NO PERTENECE A NINGUNA RED","microrred":"NO PERTENECE A NINGUNA MICRORED","categoria":"ESTABLECIMIENTO DE SALUD SIN INTERNAMIENTO","condicion":"ACTIVO","actualizado":"2023/08/01 19:00:00.000","fuente":"MINSA","urlRenipr":"http://app20.susalud.gob.pe:8080/registro-renipress-webapp/ipress.htm?action=mostrarVer&idipress=00026595"}},{"type":"Feature","geometry":{"type":"Point","coordinates":[-70.24627409999994,-18.006567899999936]},"properties":{"objectid":22035,"nombre":"PATHOLAB DIAGNOSTICOS","departamento":"TACNA","provincia":"TACNA","distrito":"TACNA","institucion":"PRIVADO","codigoMinsa":30754,"direccion":"OTROS prolongación 2 de mayo NÚMERO 147 PISO 2 MANZANA b LOTE 17 URBANIZACIÓN las camelias DISTRITO TACNA PROVINCIA TACNA DEPARTAMENTO TACNA","disa":"TACNA","red":"","microrred":"","categoria":"SERVICIO MÉDICO DE APOYO","condicion":"ACTIVO","actualizado":"2023/08/01 19:00:00.000","fuente":"MINSA","urlRenipr":"http://app20.susalud.gob.pe:8080/registro-renipress-webapp/ipress.htm?action=mostrarVer&idipress=00030754"}},{"type":"Feature","geometry":{"type":"Point","coordinates":[-70.25601585999993,-18.014164129999926]},"properties":{"objectid":22046,"nombre":"LABORATORIO DE ANALISIS CLINICOS TACNA","departamento":"TACNA","provincia":"TACNA","distrito":"TACNA","institucion":"PRIVADO","codigoMinsa":23424,"direccion":"URBANIZACIÓN LAS CAMELIAS B 13 FRENTE A EMERGENCIA DEL HOSPITAL HIPOLITO UNANUE TACNA TACNA TACNA","disa":"TACNA","red":"NO PERTENECE A NINGUNA RED","microrred":"NO PERTENECE A NINGUNA MICRORED","categoria":"SERVICIO MÉDICO DE APOYO","condicion":"ACTIVO","actualizado":"2023/08/01 19:00:00.000","fuente":"MINSA","urlRenipr":"http://app20.susalud.gob.pe:8080/registro-renipress-webapp/ipress.htm?action=mostrarVer&idipress=00023424"}},{"type":"Feature","geometry":{"type":"Point","coordinates":[-70.24483640999995,-18.02023474999993]},"properties":{"objectid":22372,"nombre":"CONSULTORIO ODONTOLOGICO DENTIMED","departamento":"TACNA","provincia":"TACNA","distrito":"TACNA","institucion":"PRIVADO","codigoMinsa":28064,"direccion":"AVENIDA Billinghurts NÚMERO 565 PISO 2 DISTRITO TACNA PROVINCIA TACNA DEPARTAMENTO TACNA","disa":"TACNA","red":"NO PERTENECE A NINGUNA RED","microrred":"NO PERTENECE A NINGUNA MICRORED","categoria":"ESTABLECIMIENTO DE SALUD SIN INTERNAMIENTO","condicion":"ACTIVO","actualizado":"2023/08/01 19:00:00.000","fuente":"MINSA","urlRenipr":"http://app20.susalud.gob.pe:8080/registro-renipress-webapp/ipress.htm?action=mostrarVer&idipress=00028064"}},{"type":"Feature","geometry":{"type":"Point","coordinates":[-70.25380282999998,-18.04172023999996]},"properties":{"objectid":22475,"nombre":"SALUD JOVE ANDINA","departamento":"TACNA","provincia":"TACNA","distrito":"CORONEL GREGORIO ALBARRACIN LANCHIPA","institucion":"PRIVADO","codigoMinsa":25035,"direccion":"OTROS Conjunto Habitacional Alfonso Ugarte 1 Etapa MANZANA N-1 LOTE 28 DISTRITO CORONEL GREGORIO ALBARRACIN L. PROVINCIA TACNA DEPARTAMENTO TACNA","disa":"TACNA","red":"NO PERTENECE A NINGUNA RED","microrred":"NO PERTENECE A NINGUNA MICRORED","categoria":"ESTABLECIMIENTO DE SALUD SIN INTERNAMIENTO","condicion":"ACTIVO","actualizado":"2023/08/01 19:00:00.000","fuente":"MINSA","urlRenipr":"http://app20.susalud.gob.pe:8080/registro-renipress-webapp/ipress.htm?action=mostrarVer&idipress=00025035"}},{"type":"Feature","geometry":{"type":"Point","coordinates":[-70.24755299999998,-18.01139399999994]},"properties":{"objectid":22524,"nombre":"OdontoStudio","departamento":"TACNA","provincia":"TACNA","distrito":"TACNA","institucion":"PRIVADO","codigoMinsa":29313,"direccion":"AVENIDA San Martín NÚMERO 747 PISO 2 DISTRITO TACNA PROVINCIA TACNA DEPARTAMENTO TACNA","disa":"TACNA","red":"","microrred":"","categoria":"ESTABLECIMIENTO DE SALUD SIN INTERNAMIENTO","condicion":"ACTIVO","actualizado":"2023/08/01 19:00:00.000","fuente":"MINSA","urlRenipr":"http://app20.susalud.gob.pe:8080/registro-renipress-webapp/ipress.htm?action=mostrarVer&idipress=00029313"}},{"type":"Feature","geometry":{"type":"Point","coordinates":[-70.24627409999994,-18.006567899999936]},"properties":{"objectid":22680,"nombre":"HEMODIALISIS SAN ISIDRO","departamento":"TACNA","provincia":"TACNA","distrito":"TACNA","institucion":"PRIVADO","codigoMinsa":25662,"direccion":"URBANIZACIÓN REAL SAN FELIPE C5 REAL SAN FELIPE 2 CUADRAS DEL COLEGIO WILLIAM PRESCOTT TACNA TACNA TACNA","disa":"TACNA","red":"NO PERTENECE A NINGUNA RED","microrred":"NO PERTENECE A NINGUNA MICRORED","categoria":"SERVICIO MÉDICO DE APOYO","condicion":"ACTIVO","actualizado":"2023/08/01 19:00:00.000","fuente":"MINSA","urlRenipr":"http://app20.susalud.gob.pe:8080/registro-renipress-webapp/ipress.htm?action=mostrarVer&idipress=00025662"}},{"type":"Feature","geometry":{"type":"Point","coordinates":[-70.24441159999998,-17.988876499999947]},"properties":{"objectid":22911,"nombre":"CENTRO MEDICO DE SALUD DOMPAS","departamento":"TACNA","provincia":"TACNA","distrito":"ALTO DE LA ALIANZA","institucion":"PRIVADO","codigoMinsa":30875,"direccion":"CALLE RICARDO PIMENTEL MANZANA E LOTE 09 DISTRITO ALTO DE LA ALIANZA PROVINCIA TACNA DEPARTAMENTO TACNA","disa":"TACNA","red":"","microrred":"","categoria":"ESTABLECIMIENTO DE SALUD SIN INTERNAMIENTO","condicion":"ACTIVO","actualizado":"2023/08/01 19:00:00.000","fuente":"MINSA","urlRenipr":"http://app20.susalud.gob.pe:8080/registro-renipress-webapp/ipress.htm?action=mostrarVer&idipress=00030875"}},{"type":"Feature","geometry":{"type":"Point","coordinates":[-70.25620399999997,-18.046670999999947]},"properties":{"objectid":22940,"nombre":"A Sonreír","departamento":"TACNA","provincia":"TACNA","distrito":"CORONEL GREGORIO ALBARRACIN LANCHIPA","institucion":"PRIVADO","codigoMinsa":30608,"direccion":"OTROS villa san francisco MANZANA 95 LOTE 18 DISTRITO CORONEL GREGORIO ALBARRACIN L. PROVINCIA TACNA DEPARTAMENTO TACNA","disa":"TACNA","red":"","microrred":"","categoria":"ESTABLECIMIENTO DE SALUD SIN INTERNAMIENTO","condicion":"ACTIVO","actualizado":"2023/08/01 19:00:00.000","fuente":"MINSA","urlRenipr":"http://app20.susalud.gob.pe:8080/registro-renipress-webapp/ipress.htm?action=mostrarVer&idipress=00030608"}},{"type":"Feature","geometry":{"type":"Point","coordinates":[-70.25670229999997,-18.017219599999976]},"properties":{"objectid":22956,"nombre":"CONSULTORIO GINECOLOGIA VIDA","departamento":"TACNA","provincia":"TACNA","distrito":"TACNA","institucion":"PRIVADO","codigoMinsa":30532,"direccion":"PROLONGACIÓN BLONDEL NÚMERO 425 PISO 1 DEPARTAMENTO 1 INTERIOR 1 DISTRITO TACNA PROVINCIA TACNA DEPARTAMENTO TACNA","disa":"TACNA","red":"","microrred":"","categoria":"ESTABLECIMIENTO DE SALUD SIN INTERNAMIENTO","condicion":"ACTIVO","actualizado":"2023/08/01 19:00:00.000","fuente":"MINSA","urlRenipr":"http://app20.susalud.gob.pe:8080/registro-renipress-webapp/ipress.htm?action=mostrarVer&idipress=00030532"}},{"type":"Feature","geometry":{"type":"Point","coordinates":[-70.24787109999994,-18.012832499999945]},"properties":{"objectid":23028,"nombre":"CONSULTORIO OFTALMOLOGICO","departamento":"TACNA","provincia":"TACNA","distrito":"TACNA","institucion":"PRIVADO","codigoMinsa":18231,"direccion":"AVENIDA AVENIDA BOLOGNESI 622-A DISTRITO TACNA PROVINCIA TACNA DEPARTAMENTO TACNA","disa":"TACNA","red":"NO PERTENECE A NINGUNA RED","microrred":"NO PERTENECE A NINGUNA MICRORED","categoria":"ESTABLECIMIENTO DE SALUD SIN INTERNAMIENTO","condicion":"ACTIVO","actualizado":"2023/08/01 19:00:00.000","fuente":"MINSA","urlRenipr":"http://app20.susalud.gob.pe:8080/registro-renipress-webapp/ipress.htm?action=mostrarVer&idipress=00018231"}},{"type":"Feature","geometry":{"type":"Point","coordinates":[-70.24627409999994,-18.006567899999936]},"properties":{"objectid":23079,"nombre":"DENTAL PACIFICO ORTODONCIA","departamento":"TACNA","provincia":"TACNA","distrito":"CORONEL GREGORIO ALBARRACIN LANCHIPA","institucion":"PRIVADO","codigoMinsa":21357,"direccion":"OTROS VILLA SAN FRANCISCO MZ95 LT30 B DISTRITO CORONEL GREGORIO ALBARRACIN L. PROVINCIA TACNA DEPARTAMENTO TACNA","disa":"TACNA","red":"NO PERTENECE A NINGUNA RED","microrred":"NO PERTENECE A NINGUNA MICRORED","categoria":"ESTABLECIMIENTO DE SALUD SIN INTERNAMIENTO","condicion":"ACTIVO","actualizado":"2023/08/01 19:00:00.000","fuente":"MINSA","urlRenipr":"http://app20.susalud.gob.pe:8080/registro-renipress-webapp/ipress.htm?action=mostrarVer&idipress=00021357"}},{"type":"Feature","geometry":{"type":"Point","coordinates":[-70.24805105999997,-18.009524299999953]},"properties":{"objectid":23371,"nombre":"LOS OLIVOS","departamento":"TACNA","provincia":"TACNA","distrito":"TACNA","institucion":"PRIVADO","codigoMinsa":17580,"direccion":"CALLE CALLE PATRICIO MELENDEZ Nº347 OFICINA 4 DISTRITO TACNA PROVINCIA TACNA DEPARTAMENTO TACNA","disa":"TACNA","red":"NO PERTENECE A NINGUNA RED","microrred":"NO PERTENECE A NINGUNA MICRORED","categoria":"ESTABLECIMIENTO DE SALUD SIN INTERNAMIENTO","condicion":"ACTIVO","actualizado":"2023/08/01 19:00:00.000","fuente":"MINSA","urlRenipr":"http://app20.susalud.gob.pe:8080/registro-renipress-webapp/ipress.htm?action=mostrarVer&idipress=00017580"}},{"type":"Feature","geometry":{"type":"Point","coordinates":[-70.24980069999998,-18.014400999999964]},"properties":{"objectid":23526,"nombre":"PERUDENT","departamento":"TACNA","provincia":"TACNA","distrito":"TACNA","institucion":"PRIVADO","codigoMinsa":29308,"direccion":"AVENIDA Bolognesi NÚMERO 338 PISO 1 DISTRITO TACNA PROVINCIA TACNA DEPARTAMENTO TACNA","disa":"","red":"","microrred":"","categoria":"ESTABLECIMIENTO DE SALUD SIN INTERNAMIENTO","condicion":"RUC INACTIVO EN SUNAT","actualizado":"2023/08/01 19:00:00.000","fuente":"MINSA","urlRenipr":"http://app20.susalud.gob.pe:8080/registro-renipress-webapp/ipress.htm?action=mostrarVer&idipress=00029308"}},{"type":"Feature","geometry":{"type":"Point","coordinates":[-70.25352676999995,-18.01658219999996]},"properties":{"objectid":23717,"nombre":"UROCENTRO","departamento":"TACNA","provincia":"TACNA","distrito":"TACNA","institucion":"PRIVADO","codigoMinsa":27061,"direccion":"AVENIDA GRAU NÚMERO 19 DISTRITO TACNA PROVINCIA TACNA DEPARTAMENTO TACNA","disa":"TACNA","red":"NO PERTENECE A NINGUNA RED","microrred":"NO PERTENECE A NINGUNA MICRORED","categoria":"ESTABLECIMIENTO DE SALUD SIN INTERNAMIENTO","condicion":"ACTIVO","actualizado":"2023/08/01 19:00:00.000","fuente":"MINSA","urlRenipr":"http://app20.susalud.gob.pe:8080/registro-renipress-webapp/ipress.htm?action=mostrarVer&idipress=00027061"}},{"type":"Feature","geometry":{"type":"Point","coordinates":[-70.25100279999998,-18.012607699999933]},"properties":{"objectid":23851,"nombre":"CONSULTORIO ODONTOLOGICO PALODENT","departamento":"TACNA","provincia":"TACNA","distrito":"TACNA","institucion":"PRIVADO","codigoMinsa":11035,"direccion":"CALLE CALLE ZELA Nº 374 DISTRITO TACNA PROVINCIA TACNA DEPARTAMENTO TACNA","disa":"","red":"","microrred":"","categoria":"ESTABLECIMIENTO DE SALUD SIN INTERNAMIENTO","condicion":"RUC INACTIVO EN SUNAT","actualizado":"2023/08/01 19:00:00.000","fuente":"MINSA","urlRenipr":"http://app20.susalud.gob.pe:8080/registro-renipress-webapp/ipress.htm?action=mostrarVer&idipress=00011035"}},{"type":"Feature","geometry":{"type":"Point","coordinates":[-69.65130594999994,-17.35817137999993]},"properties":{"objectid":23994,"nombre":"CHILUYO","departamento":"TACNA","provincia":"TARATA","distrito":"TARATA","institucion":"GOBIERNO REGIONAL","codigoMinsa":2869,"direccion":"OTROS ANEXO CHILUYO S/N S/N ANEXO CHILUYO S/N TARATA TARATA TACNA","disa":"TACNA","red":"TACNA","microrred":"ALTO ANDINO","categoria":"ESTABLECIMIENTO DE SALUD SIN INTERNAMIENTO","condicion":"ACTIVO","actualizado":"2023/08/01 19:00:00.000","fuente":"MINSA","urlRenipr":"http://app20.susalud.gob.pe:8080/registro-renipress-webapp/ipress.htm?action=mostrarVer&idipress=00002869"}},{"type":"Feature","geometry":{"type":"Point","coordinates":[-70.43864010999994,-17.314379349999967]},"properties":{"objectid":23995,"nombre":"BOROGUENA","departamento":"TACNA","provincia":"JORGE BASADRE","distrito":"ILABAYA","institucion":"GOBIERNO REGIONAL","codigoMinsa":2910,"direccion":"AVENIDA AVENIDA TACNA S/N S/N AVENIDA TACNA S/N ILABAYA JORGE BASADRE TACNA","disa":"TACNA","red":"TACNA","microrred":"JORGE BASADRE","categoria":"ESTABLECIMIENTO DE SALUD SIN INTERNAMIENTO","condicion":"ACTIVO","actualizado":"2023/08/01 19:00:00.000","fuente":"MINSA","urlRenipr":"http://app20.susalud.gob.pe:8080/registro-renipress-webapp/ipress.htm?action=mostrarVer&idipress=00002910"}},{"type":"Feature","geometry":{"type":"Point","coordinates":[-70.05007452999996,-17.916561399999978]},"properties":{"objectid":23997,"nombre":"HIGUERANI","departamento":"TACNA","provincia":"TACNA","distrito":"PACHIA","institucion":"GOBIERNO REGIONAL","codigoMinsa":2896,"direccion":"CALLE CALLE PRINCIPAL HIGUERANI CALLE PRINCIPAL HIGUERANI PACHIA TACNA TACNA","disa":"TACNA","red":"TACNA","microrred":"FRONTERA","categoria":"ESTABLECIMIENTO DE SALUD SIN INTERNAMIENTO","condicion":"ACTIVO","actualizado":"2023/08/01 19:00:00.000","fuente":"MINSA","urlRenipr":"http://app20.susalud.gob.pe:8080/registro-renipress-webapp/ipress.htm?action=mostrarVer&idipress=00002896"}},{"type":"Feature","geometry":{"type":"Point","coordinates":[-69.98742450999998,-17.551823749999983]},"properties":{"objectid":23998,"nombre":"TALABAYA","departamento":"TACNA","provincia":"TARATA","distrito":"ESTIQUE","institucion":"GOBIERNO REGIONAL","codigoMinsa":2927,"direccion":"CALLE CALLE CALVARIO S/N S/N CALLE CALVARIO S/N ESTIQUE TARATA TACNA","disa":"TACNA","red":"TACNA","microrred":"TARATA","categoria":"ESTABLECIMIENTO DE SALUD SIN INTERNAMIENTO","condicion":"ACTIVO","actualizado":"2023/08/01 19:00:00.000","fuente":"MINSA","urlRenipr":"http://app20.susalud.gob.pe:8080/registro-renipress-webapp/ipress.htm?action=mostrarVer&idipress=00002927"}},{"type":"Feature","geometry":{"type":"Point","coordinates":[-70.24627409999994,-18.006567899999936]},"properties":{"objectid":24116,"nombre":"CONSULTORIO OBSTETRICO RENACER","departamento":"TACNA","provincia":"TACNA","distrito":"TACNA","institucion":"PRIVADO","codigoMinsa":20671,"direccion":"AVENIDA AV. PINTO 1128 - A DISTRITO TACNA PROVINCIA TACNA DEPARTAMENTO TACNA","disa":"TACNA","red":"NO PERTENECE A NINGUNA RED","microrred":"NO PERTENECE A NINGUNA MICRORED","categoria":"ESTABLECIMIENTO DE SALUD SIN INTERNAMIENTO","condicion":"ACTIVO","actualizado":"2023/08/01 19:00:00.000","fuente":"MINSA","urlRenipr":"http://app20.susalud.gob.pe:8080/registro-renipress-webapp/ipress.htm?action=mostrarVer&idipress=00020671"}},{"type":"Feature","geometry":{"type":"Point","coordinates":[-70.23533559999998,-18.006745199999955]},"properties":{"objectid":24137,"nombre":"CENTRO MEDICO MAS SALUD","departamento":"TACNA","provincia":"TACNA","distrito":"TACNA","institucion":"PRIVADO","codigoMinsa":29732,"direccion":"CALLE LOS GERANIOS NÚMERO 235 URBANIZACIÓN PESCASEROLLI DISTRITO TACNA PROVINCIA TACNA DEPARTAMENTO TACNA","disa":"TACNA","red":"","microrred":"","categoria":"ESTABLECIMIENTO DE SALUD SIN INTERNAMIENTO","condicion":"ACTIVO","actualizado":"2023/08/01 19:00:00.000","fuente":"MINSA","urlRenipr":"http://app20.susalud.gob.pe:8080/registro-renipress-webapp/ipress.htm?action=mostrarVer&idipress=00029732"}},{"type":"Feature","geometry":{"type":"Point","coordinates":[-70.76707062999998,-17.61365472999995]},"properties":{"objectid":24531,"nombre":"CENTRO DE ATENCION PRIMARIA I LOCUMBA","departamento":"TACNA","provincia":"JORGE BASADRE","distrito":"LOCUMBA","institucion":"ESSALUD","codigoMinsa":18550,"direccion":"OTROS VILLA MUNICIPAL DE LOCUMBA S/N NÚMERO S/N DISTRITO LOCUMBA PROVINCIA JORGE BASADRE DEPARTAMENTO TACNA","disa":"TACNA","red":"NO PERTENECE A NINGUNA RED","microrred":"NO PERTENECE A NINGUNA MICRORED","categoria":"ESTABLECIMIENTO DE SALUD SIN INTERNAMIENTO","condicion":"ACTIVO","actualizado":"2023/08/01 19:00:00.000","fuente":"MINSA","urlRenipr":"http://app20.susalud.gob.pe:8080/registro-renipress-webapp/ipress.htm?action=mostrarVer&idipress=00018550"}},{"type":"Feature","geometry":{"type":"Point","coordinates":[-70.25095184999998,-18.014774299999942]},"properties":{"objectid":24714,"nombre":"DERMAMED LASER","departamento":"TACNA","provincia":"TACNA","distrito":"TACNA","institucion":"PRIVADO","codigoMinsa":29914,"direccion":"CALLE BOLIVAR NÚMERO 226 PISO 1 DISTRITO TACNA PROVINCIA TACNA DEPARTAMENTO TACNA","disa":"TACNA","red":"","microrred":"","categoria":"ESTABLECIMIENTO DE SALUD SIN INTERNAMIENTO","condicion":"ACTIVO","actualizado":"2023/08/01 19:00:00.000","fuente":"MINSA","urlRenipr":"http://app20.susalud.gob.pe:8080/registro-renipress-webapp/ipress.htm?action=mostrarVer&idipress=00029914"}},{"type":"Feature","geometry":{"type":"Point","coordinates":[-70.24591159999994,-18.01246759999998]},"properties":{"objectid":24864,"nombre":"ODONTAL","departamento":"TACNA","provincia":"TACNA","distrito":"TACNA","institucion":"PRIVADO","codigoMinsa":28035,"direccion":"OTROS PALLARDELLI N?ERO 169 PISO 1 DISTRITO TACNA PROVINCIA TACNA DEPARTAMENTO TACNA","disa":"TACNA","red":"NO PERTENECE A NINGUNA RED","microrred":"NO PERTENECE A NINGUNA MICRORED","categoria":"ESTABLECIMIENTO DE SALUD SIN INTERNAMIENTO","condicion":"ACTIVO","actualizado":"2023/08/01 19:00:00.000","fuente":"MINSA","urlRenipr":"http://app20.susalud.gob.pe:8080/registro-renipress-webapp/ipress.htm?action=mostrarVer&idipress=00028035"}},{"type":"Feature","geometry":{"type":"Point","coordinates":[-70.25432781999996,-18.015685839999946]},"properties":{"objectid":24956,"nombre":"POLICLINICO POLICIAL TACNA","departamento":"TACNA","provincia":"TACNA","distrito":"TACNA","institucion":"SANIDAD DE LA POLICIA NACIONAL DEL PERU","codigoMinsa":11528,"direccion":"CALLE CALLE BLONDELL Nº 110 DISTRITO TACNA PROVINCIA TACNA DEPARTAMENTO TACNA","disa":"TACNA","red":"NO PERTENECE A NINGUNA RED","microrred":"NO PERTENECE A NINGUNA MICRORED","categoria":"ESTABLECIMIENTO DE SALUD SIN INTERNAMIENTO","condicion":"ACTIVO","actualizado":"2023/08/01 19:00:00.000","fuente":"MINSA","urlRenipr":"http://app20.susalud.gob.pe:8080/registro-renipress-webapp/ipress.htm?action=mostrarVer&idipress=00011528"}},{"type":"Feature","geometry":{"type":"Point","coordinates":[-70.24773399999998,-18.013436199999944]},"properties":{"objectid":25043,"nombre":"OPTICA LUNAS & STYLOS","departamento":"TACNA","provincia":"TACNA","distrito":"TACNA","institucion":"PRIVADO","codigoMinsa":30562,"direccion":"CALLE MARISCAL MILLER NÚMERO 38 PISO 1 DISTRITO TACNA PROVINCIA TACNA DEPARTAMENTO TACNA","disa":"TACNA","red":"","microrred":"","categoria":"SERVICIO MÉDICO DE APOYO","condicion":"ACTIVO","actualizado":"2023/08/01 19:00:00.000","fuente":"MINSA","urlRenipr":"http://app20.susalud.gob.pe:8080/registro-renipress-webapp/ipress.htm?action=mostrarVer&idipress=00030562"}},{"type":"Feature","geometry":{"type":"Point","coordinates":[-70.08030149999996,-17.91247655999996]},"properties":{"objectid":25076,"nombre":"ENFERMERIA DEL FUERTE IQUIQUE - PALCA","departamento":"TACNA","provincia":"TACNA","distrito":"PALCA","institucion":"SANIDAD DEL EJERCITO DEL PERU","codigoMinsa":11490,"direccion":"AVENIDA AV. INTERNACIONAL COLLPA LA PAZ S/N NÚMERO S/N DISTRITO PALCA PROVINCIA TACNA DEPARTAMENTO TACNA","disa":"TACNA","red":"NO PERTENECE A NINGUNA RED","microrred":"NO PERTENECE A NINGUNA MICRORED","categoria":"ESTABLECIMIENTO DE SALUD SIN INTERNAMIENTO","condicion":"ACTIVO","actualizado":"2023/08/01 19:00:00.000","fuente":"MINSA","urlRenipr":"http://app20.susalud.gob.pe:8080/registro-renipress-webapp/ipress.htm?action=mostrarVer&idipress=00011490"}},{"type":"Feature","geometry":{"type":"Point","coordinates":[-70.24954638999998,-18.014148829999954]},"properties":{"objectid":25267,"nombre":"LABORATORIO CLÍNICO ROMALABS","departamento":"TACNA","provincia":"TACNA","distrito":"TACNA","institucion":"PRIVADO","codigoMinsa":25824,"direccion":"AVENIDA BOLOGNESI 376 2 201 Al costado de la polleria Pollo Pechugón TACNA TACNA TACNA","disa":"TACNA","red":"NO PERTENECE A NINGUNA RED","microrred":"NO PERTENECE A NINGUNA MICRORED","categoria":"SERVICIO MÉDICO DE APOYO","condicion":"ACTIVO","actualizado":"2023/08/01 19:00:00.000","fuente":"MINSA","urlRenipr":"http://app20.susalud.gob.pe:8080/registro-renipress-webapp/ipress.htm?action=mostrarVer&idipress=00025824"}},{"type":"Feature","geometry":{"type":"Point","coordinates":[-70.24824281999997,-18.01313362999997]},"properties":{"objectid":25333,"nombre":"ODONTOLOGÍA GENERAL REYNA","departamento":"TACNA","provincia":"TACNA","distrito":"TACNA","institucion":"PRIVADO","codigoMinsa":21738,"direccion":"AVENIDA AV. BOLOGNESI 572 DISTRITO TACNA PROVINCIA TACNA DEPARTAMENTO TACNA","disa":"TACNA","red":"NO PERTENECE A NINGUNA RED","microrred":"NO PERTENECE A NINGUNA MICRORED","categoria":"ESTABLECIMIENTO DE SALUD SIN INTERNAMIENTO","condicion":"ACTIVO","actualizado":"2023/08/01 19:00:00.000","fuente":"MINSA","urlRenipr":"http://app20.susalud.gob.pe:8080/registro-renipress-webapp/ipress.htm?action=mostrarVer&idipress=00021738"}},{"type":"Feature","geometry":{"type":"Point","coordinates":[-70.25055374999994,-18.017575609999938]},"properties":{"objectid":26056,"nombre":"CLINICA ISABEL","departamento":"TACNA","provincia":"TACNA","distrito":"TACNA","institucion":"PRIVADO","codigoMinsa":11466,"direccion":"CALLE CALLE ARICA Nº 151 CALLE ARICA Nº 151 TACNA TACNA TACNA","disa":"TACNA","red":"NO PERTENECE A NINGUNA RED","microrred":"NO PERTENECE A NINGUNA MICRORED","categoria":"ESTABLECIMIENTO DE SALUD CON INTERNAMIENTO","condicion":"ACTIVO","actualizado":"2023/08/01 19:00:00.000","fuente":"MINSA","urlRenipr":"http://app20.susalud.gob.pe:8080/registro-renipress-webapp/ipress.htm?action=mostrarVer&idipress=00011466"}},{"type":"Feature","geometry":{"type":"Point","coordinates":[-69.74263172999997,-17.382204979999926]},"properties":{"objectid":26066,"nombre":"CORACORANI","departamento":"TACNA","provincia":"TARATA","distrito":"TARATA","institucion":"GOBIERNO REGIONAL","codigoMinsa":2868,"direccion":"OTROS ANEXO CORACORANI ANEXO CORACORANI TARATA TARATA TACNA","disa":"TACNA","red":"TACNA","microrred":"ALTO ANDINO","categoria":"ESTABLECIMIENTO DE SALUD SIN INTERNAMIENTO","condicion":"ACTIVO","actualizado":"2023/08/01 19:00:00.000","fuente":"MINSA","urlRenipr":"http://app20.susalud.gob.pe:8080/registro-renipress-webapp/ipress.htm?action=mostrarVer&idipress=00002868"}},{"type":"Feature","geometry":{"type":"Point","coordinates":[-70.45779507999998,-17.65209914999997]},"properties":{"objectid":26067,"nombre":"CORUCA","departamento":"TACNA","provincia":"TACNA","distrito":"INCLAN","institucion":"GOBIERNO REGIONAL","codigoMinsa":2915,"direccion":"OTROS ANEXO CORUCA S/N NÚMERO S/N DISTRITO INCLAN PROVINCIA TACNA DEPARTAMENTO TACNA","disa":"TACNA","red":"TACNA","microrred":"JORGE BASADRE","categoria":"ESTABLECIMIENTO DE SALUD SIN INTERNAMIENTO","condicion":"ACTIVO","actualizado":"2023/08/01 19:00:00.000","fuente":"MINSA","urlRenipr":"http://app20.susalud.gob.pe:8080/registro-renipress-webapp/ipress.htm?action=mostrarVer&idipress=00002915"}},{"type":"Feature","geometry":{"type":"Point","coordinates":[-70.26031198999993,-18.042381139999975]},"properties":{"objectid":26068,"nombre":"PUESTO DE SALUD LAS BEGONIAS","departamento":"TACNA","provincia":"TACNA","distrito":"CORONEL GREGORIO ALBARRACIN LANCHIPA","institucion":"GOBIERNO REGIONAL","codigoMinsa":2890,"direccion":"PLAZA PLAZA PRINCIPAL LAS BEGONIAS S/N NÚMERO S/N DISTRITO CORONEL GREGORIO ALBARRACIN L. PROVINCIA TACNA DEPARTAMENTO TACNA","disa":"TACNA","red":"TACNA","microrred":"CONO SUR","categoria":"ESTABLECIMIENTO DE SALUD SIN INTERNAMIENTO","condicion":"ACTIVO","actualizado":"2023/08/01 19:00:00.000","fuente":"MINSA","urlRenipr":"http://app20.susalud.gob.pe:8080/registro-renipress-webapp/ipress.htm?action=mostrarVer&idipress=00002890"}},{"type":"Feature","geometry":{"type":"Point","coordinates":[-70.21943139999996,-17.99463352999993]},"properties":{"objectid":26069,"nombre":"POCOLLAY","departamento":"TACNA","provincia":"TACNA","distrito":"POCOLLAY","institucion":"GOBIERNO REGIONAL","codigoMinsa":2899,"direccion":"AVENIDA AV.CELESTINO VARGAS S/N S/N AV.CELESTINO VARGAS S/N POCOLLAY TACNA TACNA","disa":"TACNA","red":"TACNA","microrred":"FRONTERA","categoria":"ESTABLECIMIENTO DE SALUD SIN INTERNAMIENTO","condicion":"ACTIVO","actualizado":"2023/08/01 19:00:00.000","fuente":"MINSA","urlRenipr":"http://app20.susalud.gob.pe:8080/registro-renipress-webapp/ipress.htm?action=mostrarVer&idipress=00002899"}},{"type":"Feature","geometry":{"type":"Point","coordinates":[-70.32165313999997,-17.31276435999996]},"properties":{"objectid":26070,"nombre":"HUANUARA","departamento":"TACNA","provincia":"CANDARAVE","distrito":"HUANUARA","institucion":"GOBIERNO REGIONAL","codigoMinsa":2879,"direccion":"CALLE CALLE BOLOGNESI S/N S/N CALLE BOLOGNESI S/N HUANUARA CANDARAVE TACNA","disa":"TACNA","red":"TACNA","microrred":"JORGE BASADRE","categoria":"ESTABLECIMIENTO DE SALUD SIN INTERNAMIENTO","condicion":"ACTIVO","actualizado":"2023/08/01 19:00:00.000","fuente":"MINSA","urlRenipr":"http://app20.susalud.gob.pe:8080/registro-renipress-webapp/ipress.htm?action=mostrarVer&idipress=00002879"}},{"type":"Feature","geometry":{"type":"Point","coordinates":[-70.23523972999993,-18.000605479999933]},"properties":{"objectid":26071,"nombre":"CENTRO DE SALUD BOLOGNESI","departamento":"TACNA","provincia":"TACNA","distrito":"TACNA","institucion":"GOBIERNO REGIONAL","codigoMinsa":2917,"direccion":"AVENIDA BASADRE Y FORERO 2119 TACNA TACNA TACNA","disa":"TACNA","red":"TACNA","microrred":"METROPOLITANA","categoria":"ESTABLECIMIENTO DE SALUD SIN INTERNAMIENTO","condicion":"ACTIVO","actualizado":"2023/08/01 19:00:00.000","fuente":"MINSA","urlRenipr":"http://app20.susalud.gob.pe:8080/registro-renipress-webapp/ipress.htm?action=mostrarVer&idipress=00002917"}},{"type":"Feature","geometry":{"type":"Point","coordinates":[-70.76317924999995,-17.614364959999932]},"properties":{"objectid":26072,"nombre":"CENTRO DE SALUD LOCUMBA","departamento":"TACNA","provincia":"JORGE BASADRE","distrito":"LOCUMBA","institucion":"GOBIERNO REGIONAL","codigoMinsa":2913,"direccion":"CALLE CALLE ALFONSO UGARTE S/N NÚMERO S/N DISTRITO LOCUMBA PROVINCIA JORGE BASADRE DEPARTAMENTO TACNA","disa":"TACNA","red":"TACNA","microrred":"JORGE BASADRE","categoria":"ESTABLECIMIENTO DE SALUD SIN INTERNAMIENTO","condicion":"ACTIVO","actualizado":"2023/08/01 19:00:00.000","fuente":"MINSA","urlRenipr":"http://app20.susalud.gob.pe:8080/registro-renipress-webapp/ipress.htm?action=mostrarVer&idipress=00002913"}},{"type":"Feature","geometry":{"type":"Point","coordinates":[-70.25938281999998,-18.01219877999995]},"properties":{"objectid":26076,"nombre":"POLICLINICO PIERO","departamento":"TACNA","provincia":"TACNA","distrito":"TACNA","institucion":"PRIVADO","codigoMinsa":30073,"direccion":"URBANIZACIÓN PEDRO RUIZ GALLO PISO 1 MANZANA C LOTE 11 URBANIZACIÓN PEDRO RUIZ GALLO DISTRITO TACNA PROVINCIA TACNA DEPARTAMENTO TACNA","disa":"TACNA","red":"","microrred":"","categoria":"ESTABLECIMIENTO DE SALUD SIN INTERNAMIENTO","condicion":"ACTIVO","actualizado":"2023/08/01 19:00:00.000","fuente":"MINSA","urlRenipr":"http://app20.susalud.gob.pe:8080/registro-renipress-webapp/ipress.htm?action=mostrarVer&idipress=00030073"}},{"type":"Feature","geometry":{"type":"Point","coordinates":[-70.25320703999995,-18.019844189999958]},"properties":{"objectid":26116,"nombre":"DELUXE","departamento":"TACNA","provincia":"TACNA","distrito":"TACNA","institucion":"PRIVADO","codigoMinsa":26051,"direccion":"AVENIDA Cuzco NÚMERO 445 PISO 1 URBANIZACIÓN Villa Hermosa DISTRITO TACNA PROVINCIA TACNA DEPARTAMENTO TACNA","disa":"TACNA","red":"NO PERTENECE A NINGUNA RED","microrred":"NO PERTENECE A NINGUNA MICRORED","categoria":"ESTABLECIMIENTO DE SALUD SIN INTERNAMIENTO","condicion":"ACTIVO","actualizado":"2023/08/01 19:00:00.000","fuente":"MINSA","urlRenipr":"http://app20.susalud.gob.pe:8080/registro-renipress-webapp/ipress.htm?action=mostrarVer&idipress=00026051"}},{"type":"Feature","geometry":{"type":"Point","coordinates":[-70.25607891999994,-18.01414244999995]},"properties":{"objectid":26155,"nombre":"ECOMEDIC","departamento":"TACNA","provincia":"TACNA","distrito":"TACNA","institucion":"PRIVADO","codigoMinsa":27198,"direccion":"URBANIZACIÓN LAS CAMELIAS MANZANA B LOTE 13 DISTRITO TACNA PROVINCIA TACNA DEPARTAMENTO TACNA","disa":"TACNA","red":"NO PERTENECE A NINGUNA RED","microrred":"NO PERTENECE A NINGUNA MICRORED","categoria":"ESTABLECIMIENTO DE SALUD SIN INTERNAMIENTO","condicion":"ACTIVO","actualizado":"2023/08/01 19:00:00.000","fuente":"MINSA","urlRenipr":"http://app20.susalud.gob.pe:8080/registro-renipress-webapp/ipress.htm?action=mostrarVer&idipress=00027198"}},{"type":"Feature","geometry":{"type":"Point","coordinates":[-70.26577909999997,-18.03009579999997]},"properties":{"objectid":26492,"nombre":"MONTERO ODONTO STUDIO","departamento":"TACNA","provincia":"TACNA","distrito":"TACNA","institucion":"PRIVADO","codigoMinsa":27671,"direccion":"PROLONGACIÓN GENERAL SUAREZ INTERIOR 101 MANZANA B LOTE 5 URBANIZACIÓN QUINTA SILES DISTRITO TACNA PROVINCIA TACNA DEPARTAMENTO TACNA","disa":"TACNA","red":"NO PERTENECE A NINGUNA RED","microrred":"NO PERTENECE A NINGUNA MICRORED","categoria":"ESTABLECIMIENTO DE SALUD SIN INTERNAMIENTO","condicion":"ACTIVO","actualizado":"2023/08/01 19:00:00.000","fuente":"MINSA","urlRenipr":"http://app20.susalud.gob.pe:8080/registro-renipress-webapp/ipress.htm?action=mostrarVer&idipress=00027671"}},{"type":"Feature","geometry":{"type":"Point","coordinates":[-70.25123039999994,-18.015001499999983]},"properties":{"objectid":26639,"nombre":"CONSULTORIO MEDICO PEDRO SAKURAY","departamento":"TACNA","provincia":"TACNA","distrito":"TACNA","institucion":"PRIVADO","codigoMinsa":26235,"direccion":"CALLE Bolivar NÚMERO 169 PISO 2 DISTRITO TACNA PROVINCIA TACNA DEPARTAMENTO TACNA","disa":"","red":"","microrred":"","categoria":"ESTABLECIMIENTO DE SALUD SIN INTERNAMIENTO","condicion":"RUC INACTIVO EN SUNAT","actualizado":"2023/08/01 19:00:00.000","fuente":"MINSA","urlRenipr":"http://app20.susalud.gob.pe:8080/registro-renipress-webapp/ipress.htm?action=mostrarVer&idipress=00026235"}},{"type":"Feature","geometry":{"type":"Point","coordinates":[-70.25922109999993,-18.02418309999996]},"properties":{"objectid":26737,"nombre":"CIDENT","departamento":"TACNA","provincia":"TACNA","distrito":"TACNA","institucion":"PRIVADO","codigoMinsa":27379,"direccion":"URBANIZACIÓN LOS CEDROS PISO 1 MANZANA F LOTE 1B DISTRITO TACNA PROVINCIA TACNA DEPARTAMENTO TACNA","disa":"TACNA","red":"NO PERTENECE A NINGUNA RED","microrred":"NO PERTENECE A NINGUNA MICRORED","categoria":"ESTABLECIMIENTO DE SALUD SIN INTERNAMIENTO","condicion":"ACTIVO","actualizado":"2023/08/01 19:00:00.000","fuente":"MINSA","urlRenipr":"http://app20.susalud.gob.pe:8080/registro-renipress-webapp/ipress.htm?action=mostrarVer&idipress=00027379"}},{"type":"Feature","geometry":{"type":"Point","coordinates":[-70.25352947999994,-18.01006505999993]},"properties":{"objectid":26817,"nombre":"ROSSE CONSULTORIO ODONTOLOGICO","departamento":"TACNA","provincia":"TACNA","distrito":"TACNA","institucion":"PRIVADO","codigoMinsa":26412,"direccion":"CALLE PRESBITERO ANDIA NÚMERO 234 PISO 2 DISTRITO TACNA PROVINCIA TACNA DEPARTAMENTO TACNA","disa":"","red":"","microrred":"","categoria":"ESTABLECIMIENTO DE SALUD SIN INTERNAMIENTO","condicion":"RUC INACTIVO EN SUNAT","actualizado":"2023/08/01 19:00:00.000","fuente":"MINSA","urlRenipr":"http://app20.susalud.gob.pe:8080/registro-renipress-webapp/ipress.htm?action=mostrarVer&idipress=00026412"}},{"type":"Feature","geometry":{"type":"Point","coordinates":[-70.24598707999996,-18.041709099999935]},"properties":{"objectid":26832,"nombre":"CONSULTORIO DENTAL ELIZABETH I","departamento":"TACNA","provincia":"TACNA","distrito":"CORONEL GREGORIO ALBARRACIN LANCHIPA","institucion":"PRIVADO","codigoMinsa":29232,"direccion":"PARQUE PARQUE DE LA AMISTAD PISO 2 MANZANA I 2 LOTE 24 DISTRITO CORONEL GREGORIO ALBARRACIN L. PROVINCIA TACNA DEPARTAMENTO TACNA","disa":"TACNA","red":"","microrred":"","categoria":"ESTABLECIMIENTO DE SALUD SIN INTERNAMIENTO","condicion":"ACTIVO","actualizado":"2023/08/01 19:00:00.000","fuente":"MINSA","urlRenipr":"http://app20.susalud.gob.pe:8080/registro-renipress-webapp/ipress.htm?action=mostrarVer&idipress=00029232"}},{"type":"Feature","geometry":{"type":"Point","coordinates":[-70.24685147999998,-18.01299407999994]},"properties":{"objectid":26926,"nombre":"CONSULTORIO ODONTOLOGICO DENTAL CARE","departamento":"TACNA","provincia":"TACNA","distrito":"TACNA","institucion":"PRIVADO","codigoMinsa":27380,"direccion":"AVENIDA bolognesi 677 3 3009 cercado de tacna frente al pasaje vigil galeria solari plaza TACNA TACNA TACNA","disa":"TACNA","red":"NO PERTENECE A NINGUNA RED","microrred":"NO PERTENECE A NINGUNA MICRORED","categoria":"ESTABLECIMIENTO DE SALUD SIN INTERNAMIENTO","condicion":"ACTIVO","actualizado":"2023/08/01 19:00:00.000","fuente":"MINSA","urlRenipr":"http://app20.susalud.gob.pe:8080/registro-renipress-webapp/ipress.htm?action=mostrarVer&idipress=00027380"}},{"type":"Feature","geometry":{"type":"Point","coordinates":[-70.24387080999998,-18.009746209999946]},"properties":{"objectid":26937,"nombre":"DENTAL ALARICO AQUIZE","departamento":"TACNA","provincia":"TACNA","distrito":"TACNA","institucion":"PRIVADO","codigoMinsa":28821,"direccion":"AVENIDA Bolognesi N?ERO 1050 PISO 1 DISTRITO TACNA PROVINCIA TACNA DEPARTAMENTO TACNA","disa":"TACNA","red":"NO PERTENECE A NINGUNA RED","microrred":"NO PERTENECE A NINGUNA MICRORED","categoria":"ESTABLECIMIENTO DE SALUD SIN INTERNAMIENTO","condicion":"ACTIVO","actualizado":"2023/08/01 19:00:00.000","fuente":"MINSA","urlRenipr":"http://app20.susalud.gob.pe:8080/registro-renipress-webapp/ipress.htm?action=mostrarVer&idipress=00028821"}},{"type":"Feature","geometry":{"type":"Point","coordinates":[-70.24572153999998,-18.01119504999997]},"properties":{"objectid":26948,"nombre":"RODENT","departamento":"TACNA","provincia":"TACNA","distrito":"TACNA","institucion":"PRIVADO","codigoMinsa":27284,"direccion":"AVENIDA BOLOGNESI N?ERO 870 PISO 1 DISTRITO TACNA PROVINCIA TACNA DEPARTAMENTO TACNA","disa":"TACNA","red":"NO PERTENECE A NINGUNA RED","microrred":"NO PERTENECE A NINGUNA MICRORED","categoria":"ESTABLECIMIENTO DE SALUD SIN INTERNAMIENTO","condicion":"ACTIVO","actualizado":"2023/08/01 19:00:00.000","fuente":"MINSA","urlRenipr":"http://app20.susalud.gob.pe:8080/registro-renipress-webapp/ipress.htm?action=mostrarVer&idipress=00027284"}},{"type":"Feature","geometry":{"type":"Point","coordinates":[-70.24610240999993,-18.01503391999995]},"properties":{"objectid":26962,"nombre":"CENTRO MÉDICO SAN PEDRO APOSTOL","departamento":"TACNA","provincia":"TACNA","distrito":"TACNA","institucion":"PRIVADO","codigoMinsa":15390,"direccion":"CALLE CALLE CORONEL BUSTIOS CUADRA Nº6 LTE.C CALLE CORONEL BUSTIOS CUADRA Nº6 LTE.C TACNA TACNA TACNA","disa":"TACNA","red":"NO PERTENECE A NINGUNA RED","microrred":"NO PERTENECE A NINGUNA MICRORED","categoria":"ESTABLECIMIENTO DE SALUD SIN INTERNAMIENTO","condicion":"ACTIVO","actualizado":"2023/08/01 19:00:00.000","fuente":"MINSA","urlRenipr":"http://app20.susalud.gob.pe:8080/registro-renipress-webapp/ipress.htm?action=mostrarVer&idipress=00015390"}},{"type":"Feature","geometry":{"type":"Point","coordinates":[-70.21663295999997,-17.998364339999966]},"properties":{"objectid":26986,"nombre":"E.P. MUJERES TACNA","departamento":"TACNA","provincia":"TACNA","distrito":"POCOLLAY","institucion":"INPE","codigoMinsa":19065,"direccion":"CALLE CALLE HERMANOS REYNOSO S/N NÚMERO S/N DISTRITO POCOLLAY PROVINCIA TACNA DEPARTAMENTO TACNA","disa":"TACNA","red":"NO PERTENECE A NINGUNA RED","microrred":"NO PERTENECE A NINGUNA MICRORED","categoria":"ESTABLECIMIENTO DE SALUD SIN INTERNAMIENTO","condicion":"ACTIVO","actualizado":"2023/08/01 19:00:00.000","fuente":"MINSA","urlRenipr":"http://app20.susalud.gob.pe:8080/registro-renipress-webapp/ipress.htm?action=mostrarVer&idipress=00019065"}},{"type":"Feature","geometry":{"type":"Point","coordinates":[-70.24708649999997,-18.01265239999998]},"properties":{"objectid":27192,"nombre":"SALAMANCA","departamento":"TACNA","provincia":"TACNA","distrito":"TACNA","institucion":"PRIVADO","codigoMinsa":26589,"direccion":"AVENIDA BOLOGNESI NÚMERO 677 PISO 4 DEPARTAMENTO 4001 DISTRITO TACNA PROVINCIA TACNA DEPARTAMENTO TACNA","disa":"TACNA","red":"NO PERTENECE A NINGUNA RED","microrred":"NO PERTENECE A NINGUNA MICRORED","categoria":"ESTABLECIMIENTO DE SALUD SIN INTERNAMIENTO","condicion":"ACTIVO","actualizado":"2023/08/01 19:00:00.000","fuente":"MINSA","urlRenipr":"http://app20.susalud.gob.pe:8080/registro-renipress-webapp/ipress.htm?action=mostrarVer&idipress=00026589"}},{"type":"Feature","geometry":{"type":"Point","coordinates":[-70.24963487999997,-18.014238099999943]},"properties":{"objectid":27303,"nombre":"DENTIST ESPECIALIDADES","departamento":"TACNA","provincia":"TACNA","distrito":"TACNA","institucion":"PRIVADO","codigoMinsa":11979,"direccion":"AVENIDA AVENIDA BOLOGNESI Nº 332 DISTRITO TACNA PROVINCIA TACNA DEPARTAMENTO TACNA","disa":"TACNA","red":"NO PERTENECE A NINGUNA RED","microrred":"NO PERTENECE A NINGUNA MICRORED","categoria":"ESTABLECIMIENTO DE SALUD SIN INTERNAMIENTO","condicion":"ACTIVO","actualizado":"2023/08/01 19:00:00.000","fuente":"MINSA","urlRenipr":"http://app20.susalud.gob.pe:8080/registro-renipress-webapp/ipress.htm?action=mostrarVer&idipress=00011979"}},{"type":"Feature","geometry":{"type":"Point","coordinates":[-70.24627409999994,-18.006567899999936]},"properties":{"objectid":27316,"nombre":"ROGA ESTHETIC","departamento":"TACNA","provincia":"TACNA","distrito":"TACNA","institucion":"PRIVADO","codigoMinsa":25476,"direccion":"AVENIDA bolognesi NÚMERO 651 PISO 2 DISTRITO TACNA PROVINCIA TACNA DEPARTAMENTO TACNA","disa":"","red":"","microrred":"","categoria":"ESTABLECIMIENTO DE SALUD SIN INTERNAMIENTO","condicion":"RUC INACTIVO EN SUNAT","actualizado":"2023/08/01 19:00:00.000","fuente":"MINSA","urlRenipr":"http://app20.susalud.gob.pe:8080/registro-renipress-webapp/ipress.htm?action=mostrarVer&idipress=00025476"}},{"type":"Feature","geometry":{"type":"Point","coordinates":[-70.25343824999999,-18.01651587999993]},"properties":{"objectid":27849,"nombre":"TODO ORTODONCIA","departamento":"TACNA","provincia":"TACNA","distrito":"TACNA","institucion":"PRIVADO","codigoMinsa":27256,"direccion":"AVENIDA GRAU 19 TACNA TACNA TACNA","disa":"TACNA","red":"NO PERTENECE A NINGUNA RED","microrred":"NO PERTENECE A NINGUNA MICRORED","categoria":"ESTABLECIMIENTO DE SALUD SIN INTERNAMIENTO","condicion":"ACTIVO","actualizado":"2023/08/01 19:00:00.000","fuente":"MINSA","urlRenipr":"http://app20.susalud.gob.pe:8080/registro-renipress-webapp/ipress.htm?action=mostrarVer&idipress=00027256"}},{"type":"Feature","geometry":{"type":"Point","coordinates":[-70.25228993999997,-17.27166311999997]},"properties":{"objectid":28109,"nombre":"CANDARAVE","departamento":"TACNA","provincia":"CANDARAVE","distrito":"CANDARAVE","institucion":"GOBIERNO REGIONAL","codigoMinsa":2874,"direccion":"CALLE CALLE SAN FRANCISCO S/N S/N CALLE SAN FRANCISCO S/N CANDARAVE CANDARAVE TACNA","disa":"TACNA","red":"TACNA","microrred":"CANDARAVE","categoria":"ESTABLECIMIENTO DE SALUD SIN INTERNAMIENTO","condicion":"ACTIVO","actualizado":"2023/08/01 19:00:00.000","fuente":"MINSA","urlRenipr":"http://app20.susalud.gob.pe:8080/registro-renipress-webapp/ipress.htm?action=mostrarVer&idipress=00002874"}},{"type":"Feature","geometry":{"type":"Point","coordinates":[-70.03272026999997,-17.525178839999967]},"properties":{"objectid":28110,"nombre":"TARUCACHI","departamento":"TACNA","provincia":"TARATA","distrito":"TARUCACHI","institucion":"GOBIERNO REGIONAL","codigoMinsa":2933,"direccion":"CALLE CALLE GRAU S/N S/N CALLE GRAU S/N TARUCACHI TARATA TACNA","disa":"TACNA","red":"TACNA","microrred":"TARATA","categoria":"ESTABLECIMIENTO DE SALUD SIN INTERNAMIENTO","condicion":"ACTIVO","actualizado":"2023/08/01 19:00:00.000","fuente":"MINSA","urlRenipr":"http://app20.susalud.gob.pe:8080/registro-renipress-webapp/ipress.htm?action=mostrarVer&idipress=00002933"}},{"type":"Feature","geometry":{"type":"Point","coordinates":[-70.26268943999997,-18.026671559999954]},"properties":{"objectid":28490,"nombre":"LA PALMERA","departamento":"TACNA","provincia":"TACNA","distrito":"TACNA","institucion":"PRIVADO","codigoMinsa":27374,"direccion":"PASAJE PANAMA MANZANA B LOTE 12 DISTRITO TACNA PROVINCIA TACNA DEPARTAMENTO TACNA","disa":"TACNA","red":"NO PERTENECE A NINGUNA RED","microrred":"NO PERTENECE A NINGUNA MICRORED","categoria":"ESTABLECIMIENTO DE SALUD SIN INTERNAMIENTO","condicion":"ACTIVO","actualizado":"2023/08/01 19:00:00.000","fuente":"MINSA","urlRenipr":"http://app20.susalud.gob.pe:8080/registro-renipress-webapp/ipress.htm?action=mostrarVer&idipress=00027374"}},{"type":"Feature","geometry":{"type":"Point","coordinates":[-70.24627409999994,-18.006567899999936]},"properties":{"objectid":28565,"nombre":"CLINICA LA LUZ","departamento":"TACNA","provincia":"TACNA","distrito":"TACNA","institucion":"PRIVADO","codigoMinsa":27462,"direccion":"AVENIDA MANUAL A. ODRIA NÚMERO 702 DISTRITO TACNA PROVINCIA TACNA DEPARTAMENTO TACNA","disa":"TACNA","red":"","microrred":"NO PERTENECE A NINGUNA MICRORED","categoria":"ESTABLECIMIENTO DE SALUD CON INTERNAMIENTO","condicion":"ACTIVO","actualizado":"2023/08/01 19:00:00.000","fuente":"MINSA","urlRenipr":"http://app20.susalud.gob.pe:8080/registro-renipress-webapp/ipress.htm?action=mostrarVer&idipress=00027462"}},{"type":"Feature","geometry":{"type":"Point","coordinates":[-70.25105129999997,-18.015194099999974]},"properties":{"objectid":28695,"nombre":"CONSULTORIO MEDICO JIMMY SAKURAY","departamento":"TACNA","provincia":"TACNA","distrito":"TACNA","institucion":"PRIVADO","codigoMinsa":26236,"direccion":"AVENIDA Bolognesi NÚMERO 140 PISO 2 DISTRITO TACNA PROVINCIA TACNA DEPARTAMENTO TACNA","disa":"TACNA","red":"NO PERTENECE A NINGUNA RED","microrred":"NO PERTENECE A NINGUNA MICRORED","categoria":"ESTABLECIMIENTO DE SALUD SIN INTERNAMIENTO","condicion":"ACTIVO","actualizado":"2023/08/01 19:00:00.000","fuente":"MINSA","urlRenipr":"http://app20.susalud.gob.pe:8080/registro-renipress-webapp/ipress.htm?action=mostrarVer&idipress=00026236"}},{"type":"Feature","geometry":{"type":"Point","coordinates":[-70.24414724999997,-18.00277916999994]},"properties":{"objectid":28712,"nombre":"CENTRO DE ATENCION PRIMARIA II OSCAR FERNANDEZ DAVILA VÉLEZ","departamento":"TACNA","provincia":"TACNA","distrito":"TACNA","institucion":"ESSALUD","codigoMinsa":10228,"direccion":"CALLE CALLE TARAPACA Nº 1035 URB FCO G. VIGIL DISTRITO TACNA PROVINCIA TACNA DEPARTAMENTO TACNA","disa":"TACNA","red":"TACNA","microrred":"","categoria":"ESTABLECIMIENTO DE SALUD SIN INTERNAMIENTO","condicion":"ACTIVO","actualizado":"2023/08/01 19:00:00.000","fuente":"MINSA","urlRenipr":"http://app20.susalud.gob.pe:8080/registro-renipress-webapp/ipress.htm?action=mostrarVer&idipress=00010228"}},{"type":"Feature","geometry":{"type":"Point","coordinates":[-70.25099832999996,-18.013669999999934]},"properties":{"objectid":28719,"nombre":"CENTRO DE ATENCION PRIMARIA III METROPOLITANO DE TACNA","departamento":"TACNA","provincia":"TACNA","distrito":"TACNA","institucion":"ESSALUD","codigoMinsa":10190,"direccion":"AVENIDA AV. SAN MARTIN Nº 282 DISTRITO TACNA PROVINCIA TACNA DEPARTAMENTO TACNA","disa":"TACNA","red":"TACNA","microrred":"","categoria":"ESTABLECIMIENTO DE SALUD SIN INTERNAMIENTO","condicion":"ACTIVO","actualizado":"2023/08/01 19:00:00.000","fuente":"MINSA","urlRenipr":"http://app20.susalud.gob.pe:8080/registro-renipress-webapp/ipress.htm?action=mostrarVer&idipress=00010190"}},{"type":"Feature","geometry":{"type":"Point","coordinates":[-70.20382166999997,-17.98153999999994]},"properties":{"objectid":28728,"nombre":"HOSPITAL III DANIEL ALCIDES CARRIÓN","departamento":"TACNA","provincia":"TACNA","distrito":"CALANA","institucion":"ESSALUD","codigoMinsa":10185,"direccion":"CARRETERA CARRETERA CALANA KM 6.5 - CALANA CARRETERA CALANA KM 6.5 - CALANA CALANA TACNA TACNA","disa":"TACNA","red":"NO PERTENECE A NINGUNA RED","microrred":"NO PERTENECE A NINGUNA MICRORED","categoria":"ESTABLECIMIENTO DE SALUD CON INTERNAMIENTO","condicion":"ACTIVO","actualizado":"2023/08/01 19:00:00.000","fuente":"MINSA","urlRenipr":"http://app20.susalud.gob.pe:8080/registro-renipress-webapp/ipress.htm?action=mostrarVer&idipress=00010185"}},{"type":"Feature","geometry":{"type":"Point","coordinates":[-70.24670539999994,-18.01789539999993]},"properties":{"objectid":28812,"nombre":"CENTRO ODONTOLOGICO AMERICANO - TACNA","departamento":"TACNA","provincia":"TACNA","distrito":"TACNA","institucion":"PRIVADO","codigoMinsa":17115,"direccion":"CALLE CALLE BILLINGHURTS N° 358 CERCADO DISTRITO TACNA PROVINCIA TACNA DEPARTAMENTO TACNA","disa":"TACNA","red":"","microrred":"NO PERTENECE A NINGUNA MICRORED","categoria":"ESTABLECIMIENTO DE SALUD SIN INTERNAMIENTO","condicion":"ACTIVO","actualizado":"2023/08/01 19:00:00.000","fuente":"MINSA","urlRenipr":"http://app20.susalud.gob.pe:8080/registro-renipress-webapp/ipress.htm?action=mostrarVer&idipress=00017115"}},{"type":"Feature","geometry":{"type":"Point","coordinates":[-70.26109339999994,-18.000392459999944]},"properties":{"objectid":28886,"nombre":"DENTAL GOMEZ","departamento":"TACNA","provincia":"TACNA","distrito":"ALTO DE LA ALIANZA","institucion":"PRIVADO","codigoMinsa":26432,"direccion":"AVENIDA CIRCUNVALACION NORTE MANZANA A LOTE 17 URBANIZACIÓN SAN PEDRO DISTRITO ALTO DE LA ALIANZA PROVINCIA TACNA DEPARTAMENTO TACNA","disa":"TACNA","red":"NO PERTENECE A NINGUNA RED","microrred":"NO PERTENECE A NINGUNA MICRORED","categoria":"ESTABLECIMIENTO DE SALUD SIN INTERNAMIENTO","condicion":"ACTIVO","actualizado":"2023/08/01 19:00:00.000","fuente":"MINSA","urlRenipr":"http://app20.susalud.gob.pe:8080/registro-renipress-webapp/ipress.htm?action=mostrarVer&idipress=00026432"}},{"type":"Feature","geometry":{"type":"Point","coordinates":[-70.25703511999995,-18.013865689999932]},"properties":{"objectid":28935,"nombre":"TERAPIAS MEDICAS TACNA","departamento":"TACNA","provincia":"TACNA","distrito":"TACNA","institucion":"PRIVADO","codigoMinsa":27373,"direccion":"PASAJE callao 4 1 d-4 a treinta metros de emergencia del hospital Unanue,esquina Egatur TACNA TACNA TACNA","disa":"TACNA","red":"NO PERTENECE A NINGUNA RED","microrred":"NO PERTENECE A NINGUNA MICRORED","categoria":"ESTABLECIMIENTO DE SALUD SIN INTERNAMIENTO","condicion":"ACTIVO","actualizado":"2023/08/01 19:00:00.000","fuente":"MINSA","urlRenipr":"http://app20.susalud.gob.pe:8080/registro-renipress-webapp/ipress.htm?action=mostrarVer&idipress=00027373"}},{"type":"Feature","geometry":{"type":"Point","coordinates":[-70.25038979999994,-18.04534899999993]},"properties":{"objectid":29001,"nombre":"DENTÍSTICA UNIVERSO DENTAL","departamento":"TACNA","provincia":"TACNA","distrito":"CORONEL GREGORIO ALBARRACIN LANCHIPA","institucion":"PRIVADO","codigoMinsa":30752,"direccion":"AVENIDA MUNICIPAL PISO 2 MANZANA D LOTE 7 URBANIZACIÓN ASOCIACIÓN LAS VILCAS DISTRITO CORONEL GREGORIO ALBARRACIN L. PROVINCIA TACNA DEPARTAMENTO TACNA","disa":"TACNA","red":"","microrred":"","categoria":"ESTABLECIMIENTO DE SALUD SIN INTERNAMIENTO","condicion":"ACTIVO","actualizado":"2023/08/01 19:00:00.000","fuente":"MINSA","urlRenipr":"http://app20.susalud.gob.pe:8080/registro-renipress-webapp/ipress.htm?action=mostrarVer&idipress=00030752"}},{"type":"Feature","geometry":{"type":"Point","coordinates":[-70.25129997999994,-18.01100840999993]},"properties":{"objectid":29045,"nombre":"POLICLINICO LA LUZ","departamento":"TACNA","provincia":"TACNA","distrito":"TACNA","institucion":"PRIVADO","codigoMinsa":30796,"direccion":"AVENIDA 2 DE MAYO NÚMERO 464 DISTRITO TACNA PROVINCIA TACNA DEPARTAMENTO TACNA","disa":"TACNA","red":"","microrred":"","categoria":"ESTABLECIMIENTO DE SALUD SIN INTERNAMIENTO","condicion":"ACTIVO","actualizado":"2023/08/01 19:00:00.000","fuente":"MINSA","urlRenipr":"http://app20.susalud.gob.pe:8080/registro-renipress-webapp/ipress.htm?action=mostrarVer&idipress=00030796"}},{"type":"Feature","geometry":{"type":"Point","coordinates":[-70.24627409999994,-18.006567899999936]},"properties":{"objectid":29173,"nombre":"CONSULTORIO DENTAL TORRES","departamento":"TACNA","provincia":"TACNA","distrito":"TACNA","institucion":"PRIVADO","codigoMinsa":30534,"direccion":"URBANIZACIÓN Urbanización Monte Verde II etapa D 03 MANZANA D LOTE 03 URBANIZACIÓN Monte Verde DISTRITO TACNA PROVINCIA TACNA DEPARTAMENTO TACNA","disa":"TACNA","red":"","microrred":"","categoria":"ESTABLECIMIENTO DE SALUD SIN INTERNAMIENTO","condicion":"ACTIVO","actualizado":"2023/08/01 19:00:00.000","fuente":"MINSA","urlRenipr":"http://app20.susalud.gob.pe:8080/registro-renipress-webapp/ipress.htm?action=mostrarVer&idipress=00030534"}},{"type":"Feature","geometry":{"type":"Point","coordinates":[-70.24158999999997,-18.005661999999973]},"properties":{"objectid":29303,"nombre":"CONSULTORIO ODONTOLOGICO \"PERIO DENT\"","departamento":"TACNA","provincia":"TACNA","distrito":"TACNA","institucion":"PRIVADO","codigoMinsa":11037,"direccion":"AVENIDA AV. AUGUSTO B. LEGUIA Nº 1389 DISTRITO TACNA PROVINCIA TACNA DEPARTAMENTO TACNA","disa":"TACNA","red":"NO PERTENECE A NINGUNA RED","microrred":"NO PERTENECE A NINGUNA MICRORED","categoria":"ESTABLECIMIENTO DE SALUD SIN INTERNAMIENTO","condicion":"ACTIVO","actualizado":"2023/08/01 19:00:00.000","fuente":"MINSA","urlRenipr":"http://app20.susalud.gob.pe:8080/registro-renipress-webapp/ipress.htm?action=mostrarVer&idipress=00011037"}},{"type":"Feature","geometry":{"type":"Point","coordinates":[-70.25810059999998,-18.02106391999996]},"properties":{"objectid":29375,"nombre":"TECNOLASER","departamento":"TACNA","provincia":"TACNA","distrito":"TACNA","institucion":"PRIVADO","codigoMinsa":25581,"direccion":"AVENIDA Manuel A. Odria NÚMERO 1569 PISO 1 DISTRITO TACNA PROVINCIA TACNA DEPARTAMENTO TACNA","disa":"TACNA","red":"NO PERTENECE A NINGUNA RED","microrred":"NO PERTENECE A NINGUNA MICRORED","categoria":"ESTABLECIMIENTO DE SALUD SIN INTERNAMIENTO","condicion":"ACTIVO","actualizado":"2023/08/01 19:00:00.000","fuente":"MINSA","urlRenipr":"http://app20.susalud.gob.pe:8080/registro-renipress-webapp/ipress.htm?action=mostrarVer&idipress=00025581"}},{"type":"Feature","geometry":{"type":"Point","coordinates":[-70.24654194999994,-18.010656479999966]},"properties":{"objectid":29609,"nombre":"DENTHARD","departamento":"TACNA","provincia":"TACNA","distrito":"TACNA","institucion":"PRIVADO","codigoMinsa":17431,"direccion":"CALLE CALLE SAN MARTIN 841 CALLE SAN MARTIN 841 TACNA TACNA TACNA","disa":"TACNA","red":"NO PERTENECE A NINGUNA RED","microrred":"NO PERTENECE A NINGUNA MICRORED","categoria":"ESTABLECIMIENTO DE SALUD SIN INTERNAMIENTO","condicion":"ACTIVO","actualizado":"2023/08/01 19:00:00.000","fuente":"MINSA","urlRenipr":"http://app20.susalud.gob.pe:8080/registro-renipress-webapp/ipress.htm?action=mostrarVer&idipress=00017431"}},{"type":"Feature","geometry":{"type":"Point","coordinates":[-70.25318099999998,-18.03306699999996]},"properties":{"objectid":29625,"nombre":"CENTRO MEDICO INTEGRAL VIDA Y SALUD","departamento":"TACNA","provincia":"TACNA","distrito":"CORONEL GREGORIO ALBARRACIN LANCHIPA","institucion":"PRIVADO","codigoMinsa":12853,"direccion":"OTROS ASOCIACION VILLA LA AGRONÓMICA MZ. K LTE. 24 DISTRITO CORONEL GREGORIO ALBARRACIN L. PROVINCIA TACNA DEPARTAMENTO TACNA","disa":"TACNA","red":"NO PERTENECE A NINGUNA RED","microrred":"NO PERTENECE A NINGUNA MICRORED","categoria":"ESTABLECIMIENTO DE SALUD SIN INTERNAMIENTO","condicion":"ACTIVO","actualizado":"2023/08/01 19:00:00.000","fuente":"MINSA","urlRenipr":"http://app20.susalud.gob.pe:8080/registro-renipress-webapp/ipress.htm?action=mostrarVer&idipress=00012853"}},{"type":"Feature","geometry":{"type":"Point","coordinates":[-70.24641356999996,-18.01211842999993]},"properties":{"objectid":29850,"nombre":"BIOSALUD","departamento":"TACNA","provincia":"TACNA","distrito":"TACNA","institucion":"PRIVADO","codigoMinsa":28036,"direccion":"AVENIDA BOLOGNESI N?ERO 787 PISO 2 INTERIOR 203 DISTRITO TACNA PROVINCIA TACNA DEPARTAMENTO TACNA","disa":"TACNA","red":"NO PERTENECE A NINGUNA RED","microrred":"NO PERTENECE A NINGUNA MICRORED","categoria":"ESTABLECIMIENTO DE SALUD SIN INTERNAMIENTO","condicion":"ACTIVO","actualizado":"2023/08/01 19:00:00.000","fuente":"MINSA","urlRenipr":"http://app20.susalud.gob.pe:8080/registro-renipress-webapp/ipress.htm?action=mostrarVer&idipress=00028036"}},{"type":"Feature","geometry":{"type":"Point","coordinates":[-70.25868878999995,-18.01454087999997]},"properties":{"objectid":29874,"nombre":"REMASUR","departamento":"TACNA","provincia":"TACNA","distrito":"TACNA","institucion":"PRIVADO","codigoMinsa":21023,"direccion":"PROLONGACIÓN PROLONGACIÓN DANIEL ALCIDES CARRIÓN 360, CERCADO DISTRITO TACNA PROVINCIA TACNA DEPARTAMENTO TACNA","disa":"TACNA","red":"","microrred":"NO PERTENECE A NINGUNA MICRORED","categoria":"SERVICIO MÉDICO DE APOYO","condicion":"ACTIVO","actualizado":"2023/08/01 19:00:00.000","fuente":"MINSA","urlRenipr":"http://app20.susalud.gob.pe:8080/registro-renipress-webapp/ipress.htm?action=mostrarVer&idipress=00021023"}},{"type":"Feature","geometry":{"type":"Point","coordinates":[-70.25606952999993,-18.01684236999995]},"properties":{"objectid":30192,"nombre":"Diagnostic","departamento":"TACNA","provincia":"TACNA","distrito":"TACNA","institucion":"PRIVADO","codigoMinsa":28166,"direccion":"CALLE BLONDEL NÚMERO 338 PISO 2 DISTRITO TACNA PROVINCIA TACNA DEPARTAMENTO TACNA","disa":"TACNA","red":"NO PERTENECE A NINGUNA RED","microrred":"NO PERTENECE A NINGUNA MICRORED","categoria":"SERVICIO MÉDICO DE APOYO","condicion":"ACTIVO","actualizado":"2023/08/01 19:00:00.000","fuente":"MINSA","urlRenipr":"http://app20.susalud.gob.pe:8080/registro-renipress-webapp/ipress.htm?action=mostrarVer&idipress=00028166"}},{"type":"Feature","geometry":{"type":"Point","coordinates":[-70.25679905999993,-18.00641994999995]},"properties":{"objectid":30194,"nombre":"DIVINO NIÑO JESUS","departamento":"TACNA","provincia":"TACNA","distrito":"TACNA","institucion":"PRIVADO","codigoMinsa":27813,"direccion":"AVENIDA SAUCINI N?ERO 223 PISO 1 DISTRITO TACNA PROVINCIA TACNA DEPARTAMENTO TACNA","disa":"TACNA","red":"NO PERTENECE A NINGUNA RED","microrred":"NO PERTENECE A NINGUNA MICRORED","categoria":"ESTABLECIMIENTO DE SALUD SIN INTERNAMIENTO","condicion":"ACTIVO","actualizado":"2023/08/01 19:00:00.000","fuente":"MINSA","urlRenipr":"http://app20.susalud.gob.pe:8080/registro-renipress-webapp/ipress.htm?action=mostrarVer&idipress=00027813"}},{"type":"Feature","geometry":{"type":"Point","coordinates":[-70.21937151999998,-17.99634893999996]},"properties":{"objectid":30198,"nombre":"CENTRO DE SALUD MENTAL COMUNITARIO VALLE POCOLLAY","departamento":"TACNA","provincia":"TACNA","distrito":"POCOLLAY","institucion":"GOBIERNO REGIONAL","codigoMinsa":27064,"direccion":"CALLE SAN MARTIN CON CALLE LA MERCED S/N 1 FRENTE PLAZA POCOLLAY POCOLLAY TACNA TACNA","disa":"TACNA","red":"TACNA","microrred":"NO PERTENECE A NINGUNA MICRORED","categoria":"ESTABLECIMIENTO DE SALUD SIN INTERNAMIENTO","condicion":"ACTIVO","actualizado":"2023/08/01 19:00:00.000","fuente":"MINSA","urlRenipr":"http://app20.susalud.gob.pe:8080/registro-renipress-webapp/ipress.htm?action=mostrarVer&idipress=00027064"}},{"type":"Feature","geometry":{"type":"Point","coordinates":[-70.25317868999997,-18.069603859999972]},"properties":{"objectid":30199,"nombre":"CENTRO DE SALUD VIÑANI","departamento":"TACNA","provincia":"TACNA","distrito":"CORONEL GREGORIO ALBARRACIN LANCHIPA","institucion":"GOBIERNO REGIONAL","codigoMinsa":6724,"direccion":"OTROS PAMPAS DE VIÑANI NÚMERO S/N DISTRITO CORONEL GREGORIO ALBARRACIN L. PROVINCIA TACNA DEPARTAMENTO TACNA","disa":"TACNA","red":"TACNA","microrred":"CONO SUR","categoria":"ESTABLECIMIENTO DE SALUD SIN INTERNAMIENTO","condicion":"ACTIVO","actualizado":"2023/08/01 19:00:00.000","fuente":"MINSA","urlRenipr":"http://app20.susalud.gob.pe:8080/registro-renipress-webapp/ipress.htm?action=mostrarVer&idipress=00006724"}},{"type":"Feature","geometry":{"type":"Point","coordinates":[-70.25696902999994,-17.995345269999973]},"properties":{"objectid":30200,"nombre":"PUESTO DE SALUD RAMON COPAJA","departamento":"TACNA","provincia":"TACNA","distrito":"ALTO DE LA ALIANZA","institucion":"GOBIERNO REGIONAL","codigoMinsa":2924,"direccion":"OTROS ESQUINA EMILIO PELAEZ CON NAZCA S/N NÚMERO S/N DISTRITO ALTO DE LA ALIANZA PROVINCIA TACNA DEPARTAMENTO TACNA","disa":"TACNA","red":"TACNA","microrred":"CONO NORTE","categoria":"ESTABLECIMIENTO DE SALUD SIN INTERNAMIENTO","condicion":"ACTIVO","actualizado":"2023/08/01 19:00:00.000","fuente":"MINSA","urlRenipr":"http://app20.susalud.gob.pe:8080/registro-renipress-webapp/ipress.htm?action=mostrarVer&idipress=00002924"}},{"type":"Feature","geometry":{"type":"Point","coordinates":[-70.55917421999999,-17.861570349999965]},"properties":{"objectid":30201,"nombre":"PUESTO DE SALUD LAS YARAS","departamento":"TACNA","provincia":"TACNA","distrito":"SAMA","institucion":"GOBIERNO REGIONAL","codigoMinsa":2916,"direccion":"AVENIDA AV. LOS HEROES S/N NÚMERO S/N DISTRITO SAMA PROVINCIA TACNA DEPARTAMENTO TACNA","disa":"TACNA","red":"TACNA","microrred":"JORGE BASADRE","categoria":"ESTABLECIMIENTO DE SALUD SIN INTERNAMIENTO","condicion":"ACTIVO","actualizado":"2023/08/01 19:00:00.000","fuente":"MINSA","urlRenipr":"http://app20.susalud.gob.pe:8080/registro-renipress-webapp/ipress.htm?action=mostrarVer&idipress=00002916"}},{"type":"Feature","geometry":{"type":"Point","coordinates":[-70.45090371999999,-18.153653179999935]},"properties":{"objectid":30202,"nombre":"28 DE AGOSTO","departamento":"TACNA","provincia":"TACNA","distrito":"LA YARADA LOS PALOS","institucion":"GOBIERNO REGIONAL","codigoMinsa":2904,"direccion":"OTROS VIA CONSTANERA TACNA-ILO KM20 S/N LA YARADA LOS PALOS TACNA TACNA","disa":"TACNA","red":"TACNA","microrred":"LITORAL","categoria":"ESTABLECIMIENTO DE SALUD SIN INTERNAMIENTO","condicion":"ACTIVO","actualizado":"2023/08/01 19:00:00.000","fuente":"MINSA","urlRenipr":"http://app20.susalud.gob.pe:8080/registro-renipress-webapp/ipress.htm?action=mostrarVer&idipress=00002904"}},{"type":"Feature","geometry":{"type":"Point","coordinates":[-70.54918148999997,-17.48036756999994]},"properties":{"objectid":30203,"nombre":"MIRAVE","departamento":"TACNA","provincia":"JORGE BASADRE","distrito":"ILABAYA","institucion":"GOBIERNO REGIONAL","codigoMinsa":2911,"direccion":"CALLE CALLE ARICA S/N S/N CALLE ARICA S/N ILABAYA JORGE BASADRE TACNA","disa":"TACNA","red":"TACNA","microrred":"JORGE BASADRE","categoria":"ESTABLECIMIENTO DE SALUD SIN INTERNAMIENTO","condicion":"ACTIVO","actualizado":"2023/08/01 19:00:00.000","fuente":"MINSA","urlRenipr":"http://app20.susalud.gob.pe:8080/registro-renipress-webapp/ipress.htm?action=mostrarVer&idipress=00002911"}},{"type":"Feature","geometry":{"type":"Point","coordinates":[-70.03000042999997,-17.540406839999946]},"properties":{"objectid":30204,"nombre":"ESTIQUE PAMPA","departamento":"TACNA","provincia":"TARATA","distrito":"ESTIQUE-PAMPA","institucion":"GOBIERNO REGIONAL","codigoMinsa":2928,"direccion":"CALLE CALLE TACNA S/N S/N CALLE TACNA S/N ESTIQUE PAMPA TARATA TACNA","disa":"TACNA","red":"TACNA","microrred":"TARATA","categoria":"ESTABLECIMIENTO DE SALUD SIN INTERNAMIENTO","condicion":"ACTIVO","actualizado":"2023/08/01 19:00:00.000","fuente":"MINSA","urlRenipr":"http://app20.susalud.gob.pe:8080/registro-renipress-webapp/ipress.htm?action=mostrarVer&idipress=00002928"}},{"type":"Feature","geometry":{"type":"Point","coordinates":[-70.24421029999996,-18.02065189999996]},"properties":{"objectid":30361,"nombre":"GINECOLOGIA INTEGRAL LOS ANGELES","departamento":"TACNA","provincia":"TACNA","distrito":"TACNA","institucion":"PRIVADO","codigoMinsa":27364,"direccion":"AVENIDA BILLINGHURST N?ERO 600 PISO 1 DISTRITO TACNA PROVINCIA TACNA DEPARTAMENTO TACNA","disa":"TACNA","red":"NO PERTENECE A NINGUNA RED","microrred":"NO PERTENECE A NINGUNA MICRORED","categoria":"ESTABLECIMIENTO DE SALUD SIN INTERNAMIENTO","condicion":"ACTIVO","actualizado":"2023/08/01 19:00:00.000","fuente":"MINSA","urlRenipr":"http://app20.susalud.gob.pe:8080/registro-renipress-webapp/ipress.htm?action=mostrarVer&idipress=00027364"}},{"type":"Feature","geometry":{"type":"Point","coordinates":[-70.25400470999995,-18.01554952999993]},"properties":{"objectid":30603,"nombre":"CERTA","departamento":"TACNA","provincia":"TACNA","distrito":"TACNA","institucion":"PRIVADO","codigoMinsa":24986,"direccion":"CALLE calle blondell NÚMERO 44 PISO 1 DEPARTAMENTO 1 DISTRITO TACNA PROVINCIA TACNA DEPARTAMENTO TACNA","disa":"TACNA","red":"NO PERTENECE A NINGUNA RED","microrred":"NO PERTENECE A NINGUNA MICRORED","categoria":"SERVICIO MÉDICO DE APOYO","condicion":"ACTIVO","actualizado":"2023/08/01 19:00:00.000","fuente":"MINSA","urlRenipr":"http://app20.susalud.gob.pe:8080/registro-renipress-webapp/ipress.htm?action=mostrarVer&idipress=00024986"}},{"type":"Feature","geometry":{"type":"Point","coordinates":[-70.24960000999994,-18.015727709999965]},"properties":{"objectid":30625,"nombre":"LABORATORIO BIOLAB","departamento":"TACNA","provincia":"TACNA","distrito":"TACNA","institucion":"PRIVADO","codigoMinsa":27989,"direccion":"CALLE Restauración N?ERO A7 URBANIZACI? Agrupamiento Zela DISTRITO TACNA PROVINCIA TACNA DEPARTAMENTO TACNA","disa":"TACNA","red":"","microrred":"","categoria":"SERVICIO MÉDICO DE APOYO","condicion":"ACTIVO","actualizado":"2023/08/01 19:00:00.000","fuente":"MINSA","urlRenipr":"http://app20.susalud.gob.pe:8080/registro-renipress-webapp/ipress.htm?action=mostrarVer&idipress=00027989"}},{"type":"Feature","geometry":{"type":"Point","coordinates":[-70.03247840999995,-17.47439948999994]},"properties":{"objectid":30778,"nombre":"CENTRO DE ATENCION PRIMARIA I TARATA","departamento":"TACNA","provincia":"TARATA","distrito":"TARATA","institucion":"ESSALUD","codigoMinsa":10192,"direccion":"CALLE CALLE BOLOGNESI Nº 551 DISTRITO TARATA PROVINCIA TARATA DEPARTAMENTO TACNA","disa":"TACNA","red":"NO PERTENECE A NINGUNA RED","microrred":"NO PERTENECE A NINGUNA MICRORED","categoria":"ESTABLECIMIENTO DE SALUD SIN INTERNAMIENTO","condicion":"ACTIVO","actualizado":"2023/08/01 19:00:00.000","fuente":"MINSA","urlRenipr":"http://app20.susalud.gob.pe:8080/registro-renipress-webapp/ipress.htm?action=mostrarVer&idipress=00010192"}},{"type":"Feature","geometry":{"type":"Point","coordinates":[-70.26633704999995,-18.02460653999998]},"properties":{"objectid":30949,"nombre":"ONCOSUR TACNA","departamento":"TACNA","provincia":"TACNA","distrito":"TACNA","institucion":"PRIVADO","codigoMinsa":28107,"direccion":"AVENIDA EJERCITO N?ERO 805 PISO 1 DISTRITO TACNA PROVINCIA TACNA DEPARTAMENTO TACNA","disa":"TACNA","red":"NO PERTENECE A NINGUNA RED","microrred":"NO PERTENECE A NINGUNA MICRORED","categoria":"ESTABLECIMIENTO DE SALUD SIN INTERNAMIENTO","condicion":"ACTIVO","actualizado":"2023/08/01 19:00:00.000","fuente":"MINSA","urlRenipr":"http://app20.susalud.gob.pe:8080/registro-renipress-webapp/ipress.htm?action=mostrarVer&idipress=00028107"}},{"type":"Feature","geometry":{"type":"Point","coordinates":[-70.25377701999997,-18.045742709999956]},"properties":{"objectid":31055,"nombre":"laboratorio clinico san bartolome","departamento":"TACNA","provincia":"TACNA","distrito":"CORONEL GREGORIO ALBARRACIN LANCHIPA","institucion":"PRIVADO","codigoMinsa":28328,"direccion":"AVENIDA fresnos NÚMERO 36 PISO 1 INTERIOR 36 MANZANA c LOTE 36a DISTRITO CORONEL GREGORIO ALBARRACIN L. PROVINCIA TACNA DEPARTAMENTO TACNA","disa":"TACNA","red":"NO PERTENECE A NINGUNA RED","microrred":"NO PERTENECE A NINGUNA MICRORED","categoria":"SERVICIO MÉDICO DE APOYO","condicion":"ACTIVO","actualizado":"2023/08/01 19:00:00.000","fuente":"MINSA","urlRenipr":"http://app20.susalud.gob.pe:8080/registro-renipress-webapp/ipress.htm?action=mostrarVer&idipress=00028328"}},{"type":"Feature","geometry":{"type":"Point","coordinates":[-70.24627409999994,-18.006567899999936]},"properties":{"objectid":31057,"nombre":"neodents yr","departamento":"TACNA","provincia":"TACNA","distrito":"TACNA","institucion":"PRIVADO","codigoMinsa":27321,"direccion":"AVENIDA bolognesi N?ERO 556 PISO 1 DISTRITO TACNA PROVINCIA TACNA DEPARTAMENTO TACNA","disa":"TACNA","red":"NO PERTENECE A NINGUNA RED","microrred":"NO PERTENECE A NINGUNA MICRORED","categoria":"ESTABLECIMIENTO DE SALUD SIN INTERNAMIENTO","condicion":"ACTIVO","actualizado":"2023/08/01 19:00:00.000","fuente":"MINSA","urlRenipr":"http://app20.susalud.gob.pe:8080/registro-renipress-webapp/ipress.htm?action=mostrarVer&idipress=00027321"}},{"type":"Feature","geometry":{"type":"Point","coordinates":[-70.25044379999997,-18.01446509999994]},"properties":{"objectid":31070,"nombre":"DENTAL ORTHODONTIC RM","departamento":"TACNA","provincia":"TACNA","distrito":"TACNA","institucion":"PRIVADO","codigoMinsa":28820,"direccion":"CALLE BOLIVAR NÚMERO 289 PISO 2 INTERIOR 1 DISTRITO TACNA PROVINCIA TACNA DEPARTAMENTO TACNA","disa":"TACNA","red":"NO PERTENECE A NINGUNA RED","microrred":"NO PERTENECE A NINGUNA MICRORED","categoria":"ESTABLECIMIENTO DE SALUD SIN INTERNAMIENTO","condicion":"ACTIVO","actualizado":"2023/08/01 19:00:00.000","fuente":"MINSA","urlRenipr":"http://app20.susalud.gob.pe:8080/registro-renipress-webapp/ipress.htm?action=mostrarVer&idipress=00028820"}},{"type":"Feature","geometry":{"type":"Point","coordinates":[-70.76293689999994,-17.614458999999954]},"properties":{"objectid":31586,"nombre":"PUESTO DE SALUD PAMPA SITANA","departamento":"TACNA","provincia":"JORGE BASADRE","distrito":"LOCUMBA","institucion":"GOBIERNO REGIONAL","codigoMinsa":30609,"direccion":"CALLE MIRAVE MANZANA 47 LOTE 01 DISTRITO LOCUMBA PROVINCIA JORGE BASADRE DEPARTAMENTO TACNA","disa":"TACNA","red":"TACNA","microrred":"JORGE BASADRE","categoria":"ESTABLECIMIENTO DE SALUD SIN INTERNAMIENTO","condicion":"ACTIVO","actualizado":"2023/08/01 19:00:00.000","fuente":"MINSA","urlRenipr":"http://app20.susalud.gob.pe:8080/registro-renipress-webapp/ipress.htm?action=mostrarVer&idipress=00030609"}},{"type":"Feature","geometry":{"type":"Point","coordinates":[-70.23131288999997,-17.982527759999982]},"properties":{"objectid":31683,"nombre":"CENTRO DE SALUD MENTAL COMUNITARIO VILLA DEL NORTE","departamento":"TACNA","provincia":"TACNA","distrito":"TACNA","institucion":"GOBIERNO REGIONAL","codigoMinsa":27953,"direccion":"OTROS ASENTAMIENTO HUMANO MARGINAL AMPLIACION CIUDAD NUEVA COMITE 35 215 26 ESQUINA CALLE JUAN MOORE CON CALLE JOSE SANTOS ATAHUALPA A DOS CUADRAS DE ESTADIO CACHIPUCARA TACNA TACNA TACNA","disa":"TACNA","red":"TACNA","microrred":"NO PERTENECE A NINGUNA MICRORED","categoria":"ESTABLECIMIENTO DE SALUD SIN INTERNAMIENTO","condicion":"ACTIVO","actualizado":"2023/08/01 19:00:00.000","fuente":"MINSA","urlRenipr":"http://app20.susalud.gob.pe:8080/registro-renipress-webapp/ipress.htm?action=mostrarVer&idipress=00027953"}},{"type":"Feature","geometry":{"type":"Point","coordinates":[-70.24099799999993,-18.007935699999962]},"properties":{"objectid":31747,"nombre":"LABCLINE S.A.C.","departamento":"TACNA","provincia":"TACNA","distrito":"TACNA","institucion":"PRIVADO","codigoMinsa":13780,"direccion":"AVENIDA AVENIDA BOLOGNESI Nº 787 3ER. PISO OF. 304 DISTRITO TACNA PROVINCIA TACNA DEPARTAMENTO TACNA","disa":"","red":"","microrred":"","categoria":"SERVICIO MÉDICO DE APOYO","condicion":"RUC INACTIVO EN SUNAT","actualizado":"2023/08/01 19:00:00.000","fuente":"MINSA","urlRenipr":"http://app20.susalud.gob.pe:8080/registro-renipress-webapp/ipress.htm?action=mostrarVer&idipress=00013780"}},{"type":"Feature","geometry":{"type":"Point","coordinates":[-70.24687819999997,-18.013199499999928]},"properties":{"objectid":31790,"nombre":"CONSULTOPRIO ODONTOLOGICO \"LASERDENT\"","departamento":"TACNA","provincia":"TACNA","distrito":"TACNA","institucion":"PRIVADO","codigoMinsa":14242,"direccion":"AVENIDA AVENIDA BOLOGNESI Nº787 OF. 504 DISTRITO TACNA PROVINCIA TACNA DEPARTAMENTO TACNA","disa":"TACNA","red":"NO PERTENECE A NINGUNA RED","microrred":"NO PERTENECE A NINGUNA MICRORED","categoria":"ESTABLECIMIENTO DE SALUD SIN INTERNAMIENTO","condicion":"ACTIVO","actualizado":"2023/08/01 19:00:00.000","fuente":"MINSA","urlRenipr":"http://app20.susalud.gob.pe:8080/registro-renipress-webapp/ipress.htm?action=mostrarVer&idipress=00014242"}},{"type":"Feature","geometry":{"type":"Point","coordinates":[-70.24627409999994,-18.006567899999936]},"properties":{"objectid":32295,"nombre":"DENTAL GOLD","departamento":"TACNA","provincia":"TACNA","distrito":"TACNA","institucion":"PRIVADO","codigoMinsa":29915,"direccion":"AVENIDA Bolognesi NÚMERO 862 PISO 1 DISTRITO TACNA PROVINCIA TACNA DEPARTAMENTO TACNA","disa":"TACNA","red":"","microrred":"","categoria":"ESTABLECIMIENTO DE SALUD SIN INTERNAMIENTO","condicion":"ACTIVO","actualizado":"2023/08/01 19:00:00.000","fuente":"MINSA","urlRenipr":"http://app20.susalud.gob.pe:8080/registro-renipress-webapp/ipress.htm?action=mostrarVer&idipress=00029915"}},{"type":"Feature","geometry":{"type":"Point","coordinates":[-70.24856962999996,-17.994171759999972]},"properties":{"objectid":32297,"nombre":"LA ESPERANZA","departamento":"TACNA","provincia":"TACNA","distrito":"ALTO DE LA ALIANZA","institucion":"GOBIERNO REGIONAL","codigoMinsa":2883,"direccion":"AVENIDA AV.JORGE BASADRE Nº1100 AV.JORGE BASADRE Nº1100 ALTO DE LA ALIANZA TACNA TACNA","disa":"TACNA","red":"TACNA","microrred":"CONO NORTE","categoria":"ESTABLECIMIENTO DE SALUD CON INTERNAMIENTO","condicion":"ACTIVO","actualizado":"2023/08/01 19:00:00.000","fuente":"MINSA","urlRenipr":"http://app20.susalud.gob.pe:8080/registro-renipress-webapp/ipress.htm?action=mostrarVer&idipress=00002883"}},{"type":"Feature","geometry":{"type":"Point","coordinates":[-70.20922352999997,-17.26678359999994]},"properties":{"objectid":32298,"nombre":"PUESTO DE SALUD SANTA CRUZ","departamento":"TACNA","provincia":"CANDARAVE","distrito":"CANDARAVE","institucion":"GOBIERNO REGIONAL","codigoMinsa":2877,"direccion":"CALLE CALLE YUCAMANI S/N S/N CALLE YUCAMANI S/N CANDARAVE CANDARAVE TACNA","disa":"TACNA","red":"TACNA","microrred":"CANDARAVE","categoria":"ESTABLECIMIENTO DE SALUD SIN INTERNAMIENTO","condicion":"ACTIVO","actualizado":"2023/08/01 19:00:00.000","fuente":"MINSA","urlRenipr":"http://app20.susalud.gob.pe:8080/registro-renipress-webapp/ipress.htm?action=mostrarVer&idipress=00002877"}},{"type":"Feature","geometry":{"type":"Point","coordinates":[-69.54065285999997,-17.40938874999995]},"properties":{"objectid":32299,"nombre":"PUESTO DE SALUD RIO KAÑO","departamento":"TACNA","provincia":"TACNA","distrito":"PALCA","institucion":"GOBIERNO REGIONAL","codigoMinsa":2865,"direccion":"OTROS ANEXO RIO KAÑO ANEXO RIO KAÑO PALCA TACNA TACNA","disa":"TACNA","red":"TACNA","microrred":"ALTO ANDINO","categoria":"ESTABLECIMIENTO DE SALUD SIN INTERNAMIENTO","condicion":"ACTIVO","actualizado":"2023/08/01 19:00:00.000","fuente":"MINSA","urlRenipr":"http://app20.susalud.gob.pe:8080/registro-renipress-webapp/ipress.htm?action=mostrarVer&idipress=00002865"}},{"type":"Feature","geometry":{"type":"Point","coordinates":[-70.24109932999994,-17.328963389999956]},"properties":{"objectid":32300,"nombre":"ARICOTA","departamento":"TACNA","provincia":"CANDARAVE","distrito":"QUILAHUANI","institucion":"GOBIERNO REGIONAL","codigoMinsa":2881,"direccion":"CALLE CALLE ALFONSO UGARTE S/N S/N CALLE ALFONSO UGARTE S/N QUILAHUANI CANDARAVE TACNA","disa":"TACNA","red":"TACNA","microrred":"CANDARAVE","categoria":"ESTABLECIMIENTO DE SALUD SIN INTERNAMIENTO","condicion":"ACTIVO","actualizado":"2023/08/01 19:00:00.000","fuente":"MINSA","urlRenipr":"http://app20.susalud.gob.pe:8080/registro-renipress-webapp/ipress.htm?action=mostrarVer&idipress=00002881"}},{"type":"Feature","geometry":{"type":"Point","coordinates":[-70.51386386999997,-18.20842308999994]},"properties":{"objectid":32301,"nombre":"LOS OLIVOS","departamento":"TACNA","provincia":"TACNA","distrito":"LA YARADA LOS PALOS","institucion":"GOBIERNO REGIONAL","codigoMinsa":2906,"direccion":"OTROS COOPERATIVA AGRARIA LOS OLIVOS S/N LA YARADA LOS PALOS TACNA TACNA","disa":"TACNA","red":"TACNA","microrred":"LITORAL","categoria":"ESTABLECIMIENTO DE SALUD SIN INTERNAMIENTO","condicion":"ACTIVO","actualizado":"2023/08/01 19:00:00.000","fuente":"MINSA","urlRenipr":"http://app20.susalud.gob.pe:8080/registro-renipress-webapp/ipress.htm?action=mostrarVer&idipress=00002906"}},{"type":"Feature","geometry":{"type":"Point","coordinates":[-70.24736843999995,-18.01246023999994]},"properties":{"objectid":32302,"nombre":"DIAGNOSTICO POR IMAGENES SANCHEZ MUCHAYPIÑA","departamento":"TACNA","provincia":"TACNA","distrito":"TACNA","institucion":"PRIVADO","codigoMinsa":24685,"direccion":"AVENIDA BOLOGNESI NÚMERO 678 PISO 1 DISTRITO TACNA PROVINCIA TACNA DEPARTAMENTO TACNA","disa":"TACNA","red":"NO PERTENECE A NINGUNA RED","microrred":"NO PERTENECE A NINGUNA MICRORED","categoria":"SERVICIO MÉDICO DE APOYO","condicion":"ACTIVO","actualizado":"2023/08/01 19:00:00.000","fuente":"MINSA","urlRenipr":"http://app20.susalud.gob.pe:8080/registro-renipress-webapp/ipress.htm?action=mostrarVer&idipress=00024685"}},{"type":"Feature","geometry":{"type":"Point","coordinates":[-70.26330702999996,-18.025672719999932]},"properties":{"objectid":32392,"nombre":"DENTAL RAMOS","departamento":"TACNA","provincia":"TACNA","distrito":"TACNA","institucion":"PRIVADO","codigoMinsa":28041,"direccion":"CALLE Cuneo Vidal N?ERO 70 PISO 1 DISTRITO TACNA PROVINCIA TACNA DEPARTAMENTO TACNA","disa":"TACNA","red":"NO PERTENECE A NINGUNA RED","microrred":"NO PERTENECE A NINGUNA MICRORED","categoria":"ESTABLECIMIENTO DE SALUD SIN INTERNAMIENTO","condicion":"ACTIVO","actualizado":"2023/08/01 19:00:00.000","fuente":"MINSA","urlRenipr":"http://app20.susalud.gob.pe:8080/registro-renipress-webapp/ipress.htm?action=mostrarVer&idipress=00028041"}},{"type":"Feature","geometry":{"type":"Point","coordinates":[-70.24865922999999,-18.01367713999997]},"properties":{"objectid":32395,"nombre":"HARMONY CENTRO ODONTOLOGICO ESPECIALIZADO.","departamento":"TACNA","provincia":"TACNA","distrito":"TACNA","institucion":"PRIVADO","codigoMinsa":25139,"direccion":"AVENIDA BOLOGNESI NÚMERO 508 PISO 2 DISTRITO TACNA PROVINCIA TACNA DEPARTAMENTO TACNA","disa":"TACNA","red":"","microrred":"NO PERTENECE A NINGUNA MICRORED","categoria":"ESTABLECIMIENTO DE SALUD SIN INTERNAMIENTO","condicion":"ACTIVO","actualizado":"2023/08/01 19:00:00.000","fuente":"MINSA","urlRenipr":"http://app20.susalud.gob.pe:8080/registro-renipress-webapp/ipress.htm?action=mostrarVer&idipress=00025139"}},{"type":"Feature","geometry":{"type":"Point","coordinates":[-70.25002629999994,-18.014016999999967]},"properties":{"objectid":32428,"nombre":"CENTRO DE FERTILIDAD CONCEBIR","departamento":"TACNA","provincia":"TACNA","distrito":"TACNA","institucion":"PRIVADO","codigoMinsa":26229,"direccion":"CALLE BOLIVAR NÚMERO 344 DISTRITO TACNA PROVINCIA TACNA DEPARTAMENTO TACNA","disa":"TACNA","red":"NO PERTENECE A NINGUNA RED","microrred":"NO PERTENECE A NINGUNA MICRORED","categoria":"ESTABLECIMIENTO DE SALUD SIN INTERNAMIENTO","condicion":"ACTIVO","actualizado":"2023/08/01 19:00:00.000","fuente":"MINSA","urlRenipr":"http://app20.susalud.gob.pe:8080/registro-renipress-webapp/ipress.htm?action=mostrarVer&idipress=00026229"}},{"type":"Feature","geometry":{"type":"Point","coordinates":[-70.25383052999996,-18.04522179999998]},"properties":{"objectid":32989,"nombre":"LABORATORIO CLINICO OCHOA","departamento":"TACNA","provincia":"TACNA","distrito":"CORONEL GREGORIO ALBARRACIN LANCHIPA","institucion":"PRIVADO","codigoMinsa":25445,"direccion":"OTROS ASOCIACIÓN SAN FRANCISCO 13 C Frente al Centro de Salud San Francisco CORONEL GREGORIO ALBARRACIN L. TACNA TACNA","disa":"TACNA","red":"NO PERTENECE A NINGUNA RED","microrred":"NO PERTENECE A NINGUNA MICRORED","categoria":"SERVICIO MÉDICO DE APOYO","condicion":"ACTIVO","actualizado":"2023/08/01 19:00:00.000","fuente":"MINSA","urlRenipr":"http://app20.susalud.gob.pe:8080/registro-renipress-webapp/ipress.htm?action=mostrarVer&idipress=00025445"}},{"type":"Feature","geometry":{"type":"Point","coordinates":[-70.25186499999995,-18.036681999999928]},"properties":{"objectid":33107,"nombre":"ENDO DENTAL ODONTOLOGOS","departamento":"TACNA","provincia":"TACNA","distrito":"CORONEL GREGORIO ALBARRACIN LANCHIPA","institucion":"PRIVADO","codigoMinsa":30227,"direccion":"OTROS C.H. ALFONSO UGARTE I ETAPA MANZANA G3 LOTE 41 DISTRITO CORONEL GREGORIO ALBARRACIN L. PROVINCIA TACNA DEPARTAMENTO TACNA","disa":"TACNA","red":"","microrred":"","categoria":"ESTABLECIMIENTO DE SALUD SIN INTERNAMIENTO","condicion":"ACTIVO","actualizado":"2023/08/01 19:00:00.000","fuente":"MINSA","urlRenipr":"http://app20.susalud.gob.pe:8080/registro-renipress-webapp/ipress.htm?action=mostrarVer&idipress=00030227"}},{"type":"Feature","geometry":{"type":"Point","coordinates":[-70.25630039999999,-18.017101999999966]},"properties":{"objectid":33142,"nombre":"CONSULTORIO DE OTORRINOLARINGOLOGIA","departamento":"TACNA","provincia":"TACNA","distrito":"TACNA","institucion":"PRIVADO","codigoMinsa":28042,"direccion":"CALLE LORETO NÚMERO 267 PISO 4 INTERIOR 10 DISTRITO TACNA PROVINCIA TACNA DEPARTAMENTO TACNA","disa":"TACNA","red":"NO PERTENECE A NINGUNA RED","microrred":"NO PERTENECE A NINGUNA MICRORED","categoria":"ESTABLECIMIENTO DE SALUD SIN INTERNAMIENTO","condicion":"ACTIVO","actualizado":"2023/08/01 19:00:00.000","fuente":"MINSA","urlRenipr":"http://app20.susalud.gob.pe:8080/registro-renipress-webapp/ipress.htm?action=mostrarVer&idipress=00028042"}},{"type":"Feature","geometry":{"type":"Point","coordinates":[-70.24614817999998,-18.009633279999946]},"properties":{"objectid":33154,"nombre":"D´CALIDAD DENT","departamento":"TACNA","provincia":"TACNA","distrito":"TACNA","institucion":"PRIVADO","codigoMinsa":27287,"direccion":"CALLE GENERAL VIZQUERRA N?ERO 228 PISO 1 DEPARTAMENTO 101 INTERIOR 101 DISTRITO TACNA PROVINCIA TACNA DEPARTAMENTO TACNA","disa":"TACNA","red":"NO PERTENECE A NINGUNA RED","microrred":"NO PERTENECE A NINGUNA MICRORED","categoria":"ESTABLECIMIENTO DE SALUD SIN INTERNAMIENTO","condicion":"ACTIVO","actualizado":"2023/08/01 19:00:00.000","fuente":"MINSA","urlRenipr":"http://app20.susalud.gob.pe:8080/registro-renipress-webapp/ipress.htm?action=mostrarVer&idipress=00027287"}},{"type":"Feature","geometry":{"type":"Point","coordinates":[-70.24776714999996,-18.016815749999978]},"properties":{"objectid":33381,"nombre":"SANIDAD DEL DESTACAMENTO AÉREO DE TACNA","departamento":"TACNA","provincia":"TACNA","distrito":"TACNA","institucion":"SANIDAD DE LA FUERZA AEREA DEL PERU","codigoMinsa":26594,"direccion":"AVENIDA BILLINGHURST NÚMERO 202 PISO 1 DISTRITO TACNA PROVINCIA TACNA DEPARTAMENTO TACNA","disa":"TACNA","red":"NO PERTENECE A NINGUNA RED","microrred":"NO PERTENECE A NINGUNA MICRORED","categoria":"ESTABLECIMIENTO DE SALUD SIN INTERNAMIENTO","condicion":"ACTIVO","actualizado":"2023/08/01 19:00:00.000","fuente":"MINSA","urlRenipr":"http://app20.susalud.gob.pe:8080/registro-renipress-webapp/ipress.htm?action=mostrarVer&idipress=00026594"}}]}