{"type":"FeatureCollection","features":[{"type":"Feature","geometry":{"type":"Point","coordinates":[-74.86778468999995,-8.529346289999978]},"properties":{"objectid":47,"nombre":"P.S LAS MERCEDES KM. 42","departamento":"UCAYALI","provincia":"CORONEL PORTILLO","distrito":"CAMPOVERDE","institucion":"GOBIERNO REGIONAL","codigoMinsa":5433,"direccion":"CARRETERA CARRETERA FEDERICO BASADRE KM.42 DISTRITO CAMPOVERDE PROVINCIA CORONEL PORTILLO DEPARTAMENTO UCAYALI","disa":"UCAYALI","red":"FEDERICO BASADRE - YARINACOCHA","microrred":"CAMPO VERDE","categoria":"ESTABLECIMIENTO DE SALUD SIN INTERNAMIENTO","condicion":"ACTIVO","actualizado":"2023/08/01 19:00:00.000","fuente":"MINSA","urlRenipr":"http://app20.susalud.gob.pe:8080/registro-renipress-webapp/ipress.htm?action=mostrarVer&idipress=00005433"}},{"type":"Feature","geometry":{"type":"Point","coordinates":[-74.89245332999997,-8.235118329999978]},"properties":{"objectid":48,"nombre":"SAN PABLO DE JUANTIA","departamento":"UCAYALI","provincia":"CORONEL PORTILLO","distrito":"NUEVA REQUENA","institucion":"GOBIERNO REGIONAL","codigoMinsa":13174,"direccion":"OTROS CASERIO SAN PABLO DE JUANTIA S/N MARGEN IZQUIERDA DEL RIO AGUAYTIA NÚMERO S/N DISTRITO NUEVA REQUENA PROVINCIA CORONEL PORTILLO DEPARTAMENTO UCAYALI","disa":"UCAYALI","red":"FEDERICO BASADRE - YARINACOCHA","microrred":"NUEVA REQUENA","categoria":"ESTABLECIMIENTO DE SALUD SIN INTERNAMIENTO","condicion":"ACTIVO","actualizado":"2023/08/01 19:00:00.000","fuente":"MINSA","urlRenipr":"http://app20.susalud.gob.pe:8080/registro-renipress-webapp/ipress.htm?action=mostrarVer&idipress=00013174"}},{"type":"Feature","geometry":{"type":"Point","coordinates":[-74.77125666999996,-8.120253329999969]},"properties":{"objectid":49,"nombre":"SHAMBO PORVENIR","departamento":"UCAYALI","provincia":"CORONEL PORTILLO","distrito":"NUEVA REQUENA","institucion":"GOBIERNO REGIONAL","codigoMinsa":5449,"direccion":"OTROS CASERIO SHAMBO PORVENIR S/N RIO BAJO AGUAYTIA NÚMERO S/N DISTRITO NUEVA REQUENA PROVINCIA CORONEL PORTILLO DEPARTAMENTO UCAYALI","disa":"UCAYALI","red":"FEDERICO BASADRE - YARINACOCHA","microrred":"NUEVA REQUENA","categoria":"ESTABLECIMIENTO DE SALUD SIN INTERNAMIENTO","condicion":"ACTIVO","actualizado":"2023/08/01 19:00:00.000","fuente":"MINSA","urlRenipr":"http://app20.susalud.gob.pe:8080/registro-renipress-webapp/ipress.htm?action=mostrarVer&idipress=00005449"}},{"type":"Feature","geometry":{"type":"Point","coordinates":[-74.46984829999997,-9.098311149999972]},"properties":{"objectid":1307,"nombre":"GALILEA","departamento":"UCAYALI","provincia":"CORONEL PORTILLO","distrito":"IPARIA","institucion":"GOBIERNO REGIONAL","codigoMinsa":5499,"direccion":"OTROS CASERIO GALILEA S/N NÚMERO S/N DISTRITO IPARIA PROVINCIA CORONEL PORTILLO DEPARTAMENTO UCAYALI","disa":"UCAYALI","red":"CORONEL PORTILLO","microrred":"IPARIA","categoria":"ESTABLECIMIENTO DE SALUD SIN INTERNAMIENTO","condicion":"ACTIVO","actualizado":"2023/08/01 19:00:00.000","fuente":"MINSA","urlRenipr":"http://app20.susalud.gob.pe:8080/registro-renipress-webapp/ipress.htm?action=mostrarVer&idipress=00005499"}},{"type":"Feature","geometry":{"type":"Point","coordinates":[-74.26727308999995,-8.850883089999968]},"properties":{"objectid":1309,"nombre":"BELLA FLOR","departamento":"UCAYALI","provincia":"CORONEL PORTILLO","distrito":"MASISEA","institucion":"GOBIERNO REGIONAL","codigoMinsa":5479,"direccion":"OTROS CASERIO BELLA FLOR S/N NÚMERO S/N DISTRITO MASISEA PROVINCIA CORONEL PORTILLO DEPARTAMENTO UCAYALI","disa":"UCAYALI","red":"CORONEL PORTILLO","microrred":"MASISEA","categoria":"ESTABLECIMIENTO DE SALUD SIN INTERNAMIENTO","condicion":"ACTIVO","actualizado":"2023/08/01 19:00:00.000","fuente":"MINSA","urlRenipr":"http://app20.susalud.gob.pe:8080/registro-renipress-webapp/ipress.htm?action=mostrarVer&idipress=00005479"}},{"type":"Feature","geometry":{"type":"Point","coordinates":[-74.58666830999994,-8.369096929999955]},"properties":{"objectid":1433,"nombre":"CENTRO AMERICA","departamento":"UCAYALI","provincia":"CORONEL PORTILLO","distrito":"YARINACOCHA","institucion":"GOBIERNO REGIONAL","codigoMinsa":5539,"direccion":"OTROS MZ C LT 23 AA.HH. TEODORO BINDER DISTRITO YARINACOCHA PROVINCIA CORONEL PORTILLO DEPARTAMENTO UCAYALI","disa":"UCAYALI","red":"FEDERICO BASADRE - YARINACOCHA","microrred":"NUEVO PARAISO","categoria":"ESTABLECIMIENTO DE SALUD SIN INTERNAMIENTO","condicion":"ACTIVO","actualizado":"2023/08/01 19:00:00.000","fuente":"MINSA","urlRenipr":"http://app20.susalud.gob.pe:8080/registro-renipress-webapp/ipress.htm?action=mostrarVer&idipress=00005539"}},{"type":"Feature","geometry":{"type":"Point","coordinates":[-75.02664009999995,-8.612965239999937]},"properties":{"objectid":2094,"nombre":"PUESTO DE SALUD NOLBERTH DE ALTO ARUYA","departamento":"UCAYALI","provincia":"PADRE ABAD","distrito":"NESHUYA","institucion":"GOBIERNO REGIONAL","codigoMinsa":30508,"direccion":"JIRÓN SELVA MANZANA A LOTE 01 DISTRITO NESHUYA PROVINCIA PADRE ABAD DEPARTAMENTO UCAYALI","disa":"UCAYALI","red":"FEDERICO BASADRE - YARINACOCHA","microrred":"MONTE ALEGRE-CURIMANA","categoria":"ESTABLECIMIENTO DE SALUD SIN INTERNAMIENTO","condicion":"ACTIVO","actualizado":"2023/08/01 19:00:00.000","fuente":"MINSA","urlRenipr":"http://app20.susalud.gob.pe:8080/registro-renipress-webapp/ipress.htm?action=mostrarVer&idipress=00030508"}},{"type":"Feature","geometry":{"type":"Point","coordinates":[-74.56624549999998,-8.403627899999947]},"properties":{"objectid":2095,"nombre":"VIRGEN DEL CARMEN","departamento":"UCAYALI","provincia":"PADRE ABAD","distrito":"NESHUYA","institucion":"GOBIERNO REGIONAL","codigoMinsa":21850,"direccion":"CARRETERA CARRETERA CURIMANA KM.10 INTERIOR 12 MARGEN IZQUIERDA CARRETERA CURIMANA KM.10 INTERIOR 12 MARGEN IZQUIERDA NESHUYA PADRE ABAD UCAYALI","disa":"UCAYALI","red":"FEDERICO BASADRE - YARINACOCHA","microrred":"MONTE ALEGRE-CURIMANA","categoria":"ESTABLECIMIENTO DE SALUD SIN INTERNAMIENTO","condicion":"ACTIVO","actualizado":"2023/08/01 19:00:00.000","fuente":"MINSA","urlRenipr":"http://app20.susalud.gob.pe:8080/registro-renipress-webapp/ipress.htm?action=mostrarVer&idipress=00021850"}},{"type":"Feature","geometry":{"type":"Point","coordinates":[-74.53201840999998,-8.381894029999955]},"properties":{"objectid":2479,"nombre":"CLÍNICA ODONTOLOGICA DENTO SALUD E.I.R.L.","departamento":"UCAYALI","provincia":"CORONEL PORTILLO","distrito":"CALLERIA","institucion":"PRIVADO","codigoMinsa":9228,"direccion":"JIRÓN JR. INDEPENDENCIA Nº 324 DISTRITO CALLERIA PROVINCIA CORONEL PORTILLO DEPARTAMENTO UCAYALI","disa":"UCAYALI","red":"NO PERTENECE A NINGUNA RED","microrred":"NO PERTENECE A NINGUNA MICRORED","categoria":"ESTABLECIMIENTO DE SALUD SIN INTERNAMIENTO","condicion":"ACTIVO","actualizado":"2023/08/01 19:00:00.000","fuente":"MINSA","urlRenipr":"http://app20.susalud.gob.pe:8080/registro-renipress-webapp/ipress.htm?action=mostrarVer&idipress=00009228"}},{"type":"Feature","geometry":{"type":"Point","coordinates":[-74.54486349999996,-8.379286899999954]},"properties":{"objectid":2634,"nombre":"clinica especializada amazonica sac","departamento":"UCAYALI","provincia":"CORONEL PORTILLO","distrito":"CALLERIA","institucion":"PRIVADO","codigoMinsa":27312,"direccion":"JIRÓN 28 DE JULIO 401 CALLERIA CORONEL PORTILLO UCAYALI","disa":"UCAYALI","red":"NO PERTENECE A NINGUNA RED","microrred":"NO PERTENECE A NINGUNA MICRORED","categoria":"ESTABLECIMIENTO DE SALUD CON INTERNAMIENTO","condicion":"ACTIVO","actualizado":"2023/08/01 19:00:00.000","fuente":"MINSA","urlRenipr":"http://app20.susalud.gob.pe:8080/registro-renipress-webapp/ipress.htm?action=mostrarVer&idipress=00027312"}},{"type":"Feature","geometry":{"type":"Point","coordinates":[-74.53248819999999,-8.383311499999934]},"properties":{"objectid":2811,"nombre":"UCAYALI MEDICAL CENTER DEL DR. NEIL ALARCO QUISPE","departamento":"UCAYALI","provincia":"CORONEL PORTILLO","distrito":"YARINACOCHA","institucion":"PRIVADO","codigoMinsa":30786,"direccion":"JIRÓN ALFREDO EGLINTON NÚMERO 1186 MANZANA E LOTE 3 URBANIZACIÓN AAHH. MARIA PARADO DE BELLIDO DISTRITO YARINACOCHA PROVINCIA CORONEL PORTILLO DEPARTAMENTO UCAYALI","disa":"UCAYALI","red":"","microrred":"","categoria":"ESTABLECIMIENTO DE SALUD SIN INTERNAMIENTO","condicion":"ACTIVO","actualizado":"2023/08/01 19:00:00.000","fuente":"MINSA","urlRenipr":"http://app20.susalud.gob.pe:8080/registro-renipress-webapp/ipress.htm?action=mostrarVer&idipress=00030786"}},{"type":"Feature","geometry":{"type":"Point","coordinates":[-74.20634432999998,-10.924420999999938]},"properties":{"objectid":3195,"nombre":"PAOTI","departamento":"UCAYALI","provincia":"ATALAYA","distrito":"RAIMONDI","institucion":"GOBIERNO REGIONAL","codigoMinsa":5511,"direccion":"OTROS CC.NN. PAOTI S/N NÚMERO S/N DISTRITO RAIMONDI PROVINCIA ATALAYA DEPARTAMENTO UCAYALI","disa":"UCAYALI","red":"ATALAYA","microrred":"ATALAYA","categoria":"ESTABLECIMIENTO DE SALUD SIN INTERNAMIENTO","condicion":"ACTIVO","actualizado":"2023/08/01 19:00:00.000","fuente":"MINSA","urlRenipr":"http://app20.susalud.gob.pe:8080/registro-renipress-webapp/ipress.htm?action=mostrarVer&idipress=00005511"}},{"type":"Feature","geometry":{"type":"Point","coordinates":[-74.63100381999999,-8.001135599999941]},"properties":{"objectid":3440,"nombre":"NUEVO SAPOSOA","departamento":"UCAYALI","provincia":"CORONEL PORTILLO","distrito":"CALLERIA","institucion":"GOBIERNO REGIONAL","codigoMinsa":5466,"direccion":"OTROS CASERIO NUEVO SAPOSOA S/N S/N CASERIO NUEVO SAPOSOA S/N CALLERIA CORONEL PORTILLO UCAYALI","disa":"UCAYALI","red":"CORONEL PORTILLO","microrred":"SAN FERNANDO","categoria":"ESTABLECIMIENTO DE SALUD SIN INTERNAMIENTO","condicion":"ACTIVO","actualizado":"2023/08/01 19:00:00.000","fuente":"MINSA","urlRenipr":"http://app20.susalud.gob.pe:8080/registro-renipress-webapp/ipress.htm?action=mostrarVer&idipress=00005466"}},{"type":"Feature","geometry":{"type":"Point","coordinates":[-70.50802660999994,-9.442660089999947]},"properties":{"objectid":3441,"nombre":"PALESTINA","departamento":"UCAYALI","provincia":"PURUS","distrito":"PURUS","institucion":"GOBIERNO REGIONAL","codigoMinsa":5530,"direccion":"OTROS CENTRO POBLADO PALESTINA RIO BAJO PURUS DISTRITO PURUS PROVINCIA PURUS DEPARTAMENTO UCAYALI","disa":"UCAYALI","red":"CORONEL PORTILLO","microrred":"PURUS","categoria":"ESTABLECIMIENTO DE SALUD SIN INTERNAMIENTO","condicion":"ACTIVO","actualizado":"2023/08/01 19:00:00.000","fuente":"MINSA","urlRenipr":"http://app20.susalud.gob.pe:8080/registro-renipress-webapp/ipress.htm?action=mostrarVer&idipress=00005530"}},{"type":"Feature","geometry":{"type":"Point","coordinates":[-74.46703885999995,-9.074673529999927]},"properties":{"objectid":3442,"nombre":"NUEVO AHUAYPA","departamento":"UCAYALI","provincia":"CORONEL PORTILLO","distrito":"IPARIA","institucion":"GOBIERNO REGIONAL","codigoMinsa":5490,"direccion":"OTROS CC.NN NUEVO AHUAYPA NÚMERO S/N DISTRITO IPARIA PROVINCIA CORONEL PORTILLO DEPARTAMENTO UCAYALI","disa":"UCAYALI","red":"CORONEL PORTILLO","microrred":"IPARIA","categoria":"ESTABLECIMIENTO DE SALUD SIN INTERNAMIENTO","condicion":"ACTIVO","actualizado":"2023/08/01 19:00:00.000","fuente":"MINSA","urlRenipr":"http://app20.susalud.gob.pe:8080/registro-renipress-webapp/ipress.htm?action=mostrarVer&idipress=00005490"}},{"type":"Feature","geometry":{"type":"Point","coordinates":[-74.44774171999995,-8.455948649999925]},"properties":{"objectid":3443,"nombre":"JUAN VELASCO ALVARADO","departamento":"UCAYALI","provincia":"CORONEL PORTILLO","distrito":"MANANTAY","institucion":"GOBIERNO REGIONAL","codigoMinsa":7629,"direccion":"OTROS CASERIO JUAN VELASCO ALVARADO CASERIO JUAN VELASCO ALVARADO MANANTAY CORONEL PORTILLO UCAYALI","disa":"UCAYALI","red":"CORONEL PORTILLO","microrred":"SAN FERNANDO","categoria":"ESTABLECIMIENTO DE SALUD SIN INTERNAMIENTO","condicion":"ACTIVO","actualizado":"2023/08/01 19:00:00.000","fuente":"MINSA","urlRenipr":"http://app20.susalud.gob.pe:8080/registro-renipress-webapp/ipress.htm?action=mostrarVer&idipress=00007629"}},{"type":"Feature","geometry":{"type":"Point","coordinates":[-74.05440173999995,-8.736936379999975]},"properties":{"objectid":3445,"nombre":"SANTA FE DE INAMAPUYA","departamento":"UCAYALI","provincia":"CORONEL PORTILLO","distrito":"MASISEA","institucion":"GOBIERNO REGIONAL","codigoMinsa":5483,"direccion":"OTROS CASERIO SANTA FE DE INAMAPUYA S/N NÚMERO S/N DISTRITO MASISEA PROVINCIA CORONEL PORTILLO DEPARTAMENTO UCAYALI","disa":"UCAYALI","red":"CORONEL PORTILLO","microrred":"MASISEA","categoria":"ESTABLECIMIENTO DE SALUD SIN INTERNAMIENTO","condicion":"ACTIVO","actualizado":"2023/08/01 19:00:00.000","fuente":"MINSA","urlRenipr":"http://app20.susalud.gob.pe:8080/registro-renipress-webapp/ipress.htm?action=mostrarVer&idipress=00005483"}},{"type":"Feature","geometry":{"type":"Point","coordinates":[-75.01623668999997,-8.751012549999928]},"properties":{"objectid":3688,"nombre":"LA UNION","departamento":"UCAYALI","provincia":"PADRE ABAD","distrito":"NESHUYA","institucion":"GOBIERNO REGIONAL","codigoMinsa":5419,"direccion":"CARRETERA CASERIO LA UNION KM.75 CARRETERA FEDERICO BASADE DISTRITO NESHUYA PROVINCIA PADRE ABAD DEPARTAMENTO UCAYALI","disa":"UCAYALI","red":"FEDERICO BASADRE - YARINACOCHA","microrred":"MONTE ALEGRE-CURIMANA","categoria":"ESTABLECIMIENTO DE SALUD SIN INTERNAMIENTO","condicion":"ACTIVO","actualizado":"2023/08/01 19:00:00.000","fuente":"MINSA","urlRenipr":"http://app20.susalud.gob.pe:8080/registro-renipress-webapp/ipress.htm?action=mostrarVer&idipress=00005419"}},{"type":"Feature","geometry":{"type":"Point","coordinates":[-74.54646166999999,-8.39115832999994]},"properties":{"objectid":3707,"nombre":"HOSPITAL II PUCALLPA- ESSALUD","departamento":"UCAYALI","provincia":"CORONEL PORTILLO","distrito":"CALLERIA","institucion":"ESSALUD","codigoMinsa":9600,"direccion":"AVENIDA AV.LLOQUE YUPANQUI 510 AV.LLOQUE YUPANQUI 510 CALLERIA CORONEL PORTILLO UCAYALI","disa":"UCAYALI","red":"NO PERTENECE A NINGUNA RED","microrred":"NO PERTENECE A NINGUNA MICRORED","categoria":"ESTABLECIMIENTO DE SALUD CON INTERNAMIENTO","condicion":"ACTIVO","actualizado":"2023/08/01 19:00:00.000","fuente":"MINSA","urlRenipr":"http://app20.susalud.gob.pe:8080/registro-renipress-webapp/ipress.htm?action=mostrarVer&idipress=00009600"}},{"type":"Feature","geometry":{"type":"Point","coordinates":[-73.95730032999995,-9.828952669999978]},"properties":{"objectid":3790,"nombre":"NUEVA ITALIA","departamento":"UCAYALI","provincia":"ATALAYA","distrito":"TAHUANIA","institucion":"GOBIERNO REGIONAL","codigoMinsa":5521,"direccion":"OTROS CC.NN. NUEVA ITALIA S/N NÚMERO S/N DISTRITO TAHUANIA PROVINCIA ATALAYA DEPARTAMENTO UCAYALI","disa":"UCAYALI","red":"ATALAYA","microrred":"BOLOGNESI","categoria":"ESTABLECIMIENTO DE SALUD SIN INTERNAMIENTO","condicion":"ACTIVO","actualizado":"2023/08/01 19:00:00.000","fuente":"MINSA","urlRenipr":"http://app20.susalud.gob.pe:8080/registro-renipress-webapp/ipress.htm?action=mostrarVer&idipress=00005521"}},{"type":"Feature","geometry":{"type":"Point","coordinates":[-74.30623521999996,-9.352464699999928]},"properties":{"objectid":4200,"nombre":"COLONIA DEL CACO.","departamento":"UCAYALI","provincia":"CORONEL PORTILLO","distrito":"IPARIA","institucion":"GOBIERNO REGIONAL","codigoMinsa":5492,"direccion":"OTROS COMUNIDAD NATIVA COLONIA DEL CACO S/N NÚMERO S/N DISTRITO IPARIA PROVINCIA CORONEL PORTILLO DEPARTAMENTO UCAYALI","disa":"UCAYALI","red":"CORONEL PORTILLO","microrred":"IPARIA","categoria":"ESTABLECIMIENTO DE SALUD SIN INTERNAMIENTO","condicion":"ACTIVO","actualizado":"2023/08/01 19:00:00.000","fuente":"MINSA","urlRenipr":"http://app20.susalud.gob.pe:8080/registro-renipress-webapp/ipress.htm?action=mostrarVer&idipress=00005492"}},{"type":"Feature","geometry":{"type":"Point","coordinates":[-74.58261659999994,-8.392862199999968]},"properties":{"objectid":4219,"nombre":"CENTRO DE SALUD MILITAR PUCALLPA","departamento":"UCAYALI","provincia":"CORONEL PORTILLO","distrito":"CALLERIA","institucion":"SANIDAD DEL EJERCITO DEL PERU","codigoMinsa":20896,"direccion":"AVENIDA AVENIDA FEDERICO BASADRE KM 11 DISTRITO CALLERIA PROVINCIA CORONEL PORTILLO DEPARTAMENTO UCAYALI","disa":"UCAYALI","red":"NO PERTENECE A NINGUNA RED","microrred":"NO PERTENECE A NINGUNA MICRORED","categoria":"ESTABLECIMIENTO DE SALUD SIN INTERNAMIENTO","condicion":"ACTIVO","actualizado":"2023/08/01 19:00:00.000","fuente":"MINSA","urlRenipr":"http://app20.susalud.gob.pe:8080/registro-renipress-webapp/ipress.htm?action=mostrarVer&idipress=00020896"}},{"type":"Feature","geometry":{"type":"Point","coordinates":[-74.53429228999994,-8.379537179999943]},"properties":{"objectid":4525,"nombre":"ESMEDIC E.I.R.L. - SEDE SALAVERRY","departamento":"UCAYALI","provincia":"CORONEL PORTILLO","distrito":"CALLERIA","institucion":"PRIVADO","codigoMinsa":24608,"direccion":"JIRÓN SALAVERRY NÚMERO 408 DISTRITO CALLERIA PROVINCIA CORONEL PORTILLO DEPARTAMENTO UCAYALI","disa":"UCAYALI","red":"NO PERTENECE A NINGUNA RED","microrred":"NO PERTENECE A NINGUNA MICRORED","categoria":"ESTABLECIMIENTO DE SALUD CON INTERNAMIENTO","condicion":"ACTIVO","actualizado":"2023/08/01 19:00:00.000","fuente":"MINSA","urlRenipr":"http://app20.susalud.gob.pe:8080/registro-renipress-webapp/ipress.htm?action=mostrarVer&idipress=00024608"}},{"type":"Feature","geometry":{"type":"Point","coordinates":[-74.53367860999998,-8.384037999999975]},"properties":{"objectid":4669,"nombre":"CONSOCIO DE INVERSIONES SANTA CRUZ E.I.R.L","departamento":"UCAYALI","provincia":"CORONEL PORTILLO","distrito":"CALLERIA","institucion":"PRIVADO","codigoMinsa":14764,"direccion":"JR. UCAYALI Nº 393","disa":"UCAYALI","red":"NO PERTENECE A NINGUNA RED","microrred":"NO PERTENECE A NINGUNA MICRORED","categoria":"ESTABLECIMIENTO DE SALUD SIN INTERNAMIENTO","condicion":"ACTIVO","actualizado":"2023/08/01 19:00:00.000","fuente":"MINSA","urlRenipr":"http://app20.susalud.gob.pe:8080/registro-renipress-webapp/ipress.htm?action=mostrarVer&idipress=00014764"}},{"type":"Feature","geometry":{"type":"Point","coordinates":[-74.54980683999997,-8.389683469999966]},"properties":{"objectid":5590,"nombre":"MICAELA BASTIDAS","departamento":"UCAYALI","provincia":"CORONEL PORTILLO","distrito":"CALLERIA","institucion":"GOBIERNO REGIONAL","codigoMinsa":5558,"direccion":"AVENIDA 3 DE ABRIL 595 AA.HH.MICAELA BASTIDAS CALLERIA CORONEL PORTILLO UCAYALI","disa":"UCAYALI","red":"CORONEL PORTILLO","microrred":"09 DE OCTUBRE","categoria":"ESTABLECIMIENTO DE SALUD SIN INTERNAMIENTO","condicion":"ACTIVO","actualizado":"2023/08/01 19:00:00.000","fuente":"MINSA","urlRenipr":"http://app20.susalud.gob.pe:8080/registro-renipress-webapp/ipress.htm?action=mostrarVer&idipress=00005558"}},{"type":"Feature","geometry":{"type":"Point","coordinates":[-74.02688977999998,-8.855525949999958]},"properties":{"objectid":5591,"nombre":"VINUNCURO","departamento":"UCAYALI","provincia":"CORONEL PORTILLO","distrito":"MASISEA","institucion":"GOBIERNO REGIONAL","codigoMinsa":5484,"direccion":"OTROS CASERIO VINUNCURO S/N S/N CASERIO VINUNCURO S/N MASISEA CORONEL PORTILLO UCAYALI","disa":"UCAYALI","red":"CORONEL PORTILLO","microrred":"MASISEA","categoria":"ESTABLECIMIENTO DE SALUD SIN INTERNAMIENTO","condicion":"ACTIVO","actualizado":"2023/08/01 19:00:00.000","fuente":"MINSA","urlRenipr":"http://app20.susalud.gob.pe:8080/registro-renipress-webapp/ipress.htm?action=mostrarVer&idipress=00005484"}},{"type":"Feature","geometry":{"type":"Point","coordinates":[-74.36116897999995,-8.398582959999942]},"properties":{"objectid":5592,"nombre":"SANTA CARMELA DE MASHANGAY","departamento":"UCAYALI","provincia":"CORONEL PORTILLO","distrito":"CALLERIA","institucion":"GOBIERNO REGIONAL","codigoMinsa":5457,"direccion":"OTROS CASERIO SANTA CARMELA QUEBRADA DE MASHANGAY CASERIO SANTA CARMELA QUEBRADA DE MASHANGAY CALLERIA CORONEL PORTILLO UCAYALI","disa":"UCAYALI","red":"CORONEL PORTILLO","microrred":"SAN FERNANDO","categoria":"ESTABLECIMIENTO DE SALUD SIN INTERNAMIENTO","condicion":"ACTIVO","actualizado":"2023/08/01 19:00:00.000","fuente":"MINSA","urlRenipr":"http://app20.susalud.gob.pe:8080/registro-renipress-webapp/ipress.htm?action=mostrarVer&idipress=00005457"}},{"type":"Feature","geometry":{"type":"Point","coordinates":[-73.78728189999998,-9.049499199999957]},"properties":{"objectid":5593,"nombre":"NUEVO HORIZONTE","departamento":"UCAYALI","provincia":"CORONEL PORTILLO","distrito":"MASISEA","institucion":"GOBIERNO REGIONAL","codigoMinsa":5482,"direccion":"OTROS CASERIO NUEVO HORIZONTE S/N S/N CASERIO NUEVO HORIZONTE S/N MASISEA CORONEL PORTILLO UCAYALI","disa":"UCAYALI","red":"CORONEL PORTILLO","microrred":"MASISEA","categoria":"ESTABLECIMIENTO DE SALUD SIN INTERNAMIENTO","condicion":"ACTIVO","actualizado":"2023/08/01 19:00:00.000","fuente":"MINSA","urlRenipr":"http://app20.susalud.gob.pe:8080/registro-renipress-webapp/ipress.htm?action=mostrarVer&idipress=00005482"}},{"type":"Feature","geometry":{"type":"Point","coordinates":[-74.54761939999997,-8.401838829999974]},"properties":{"objectid":5598,"nombre":"7 DE JUNIO","departamento":"UCAYALI","provincia":"CORONEL PORTILLO","distrito":"MANANTAY","institucion":"GOBIERNO REGIONAL","codigoMinsa":5554,"direccion":"JIRÓN LOS TULIPANES S/D MZ 5 LOTE 27 AA.HH. 7 DE JUNIO MANANTAY CORONEL PORTILLO UCAYALI","disa":"UCAYALI","red":"CORONEL PORTILLO","microrred":"SAN FERNANDO","categoria":"ESTABLECIMIENTO DE SALUD SIN INTERNAMIENTO","condicion":"ACTIVO","actualizado":"2023/08/01 19:00:00.000","fuente":"MINSA","urlRenipr":"http://app20.susalud.gob.pe:8080/registro-renipress-webapp/ipress.htm?action=mostrarVer&idipress=00005554"}},{"type":"Feature","geometry":{"type":"Point","coordinates":[-75.25124022999995,-9.115980469999954]},"properties":{"objectid":5695,"nombre":"PUERTO NUEVO","departamento":"UCAYALI","provincia":"PADRE ABAD","distrito":"IRAZOLA","institucion":"GOBIERNO REGIONAL","codigoMinsa":10765,"direccion":"OTROS CC.NN PUERTO NUEVO S/N RIO ARRIBA SAN ALEJANDRO S/N CC.NN PUERTO NUEVO S/N RIO ARRIBA SAN ALEJANDRO IRAZOLA PADRE ABAD UCAYALI","disa":"UCAYALI","red":"AGUAYTIA","microrred":"SAN ALEJANDRO","categoria":"ESTABLECIMIENTO DE SALUD SIN INTERNAMIENTO","condicion":"ACTIVO","actualizado":"2023/08/01 19:00:00.000","fuente":"MINSA","urlRenipr":"http://app20.susalud.gob.pe:8080/registro-renipress-webapp/ipress.htm?action=mostrarVer&idipress=00010765"}},{"type":"Feature","geometry":{"type":"Point","coordinates":[-74.90866558999994,-8.576700509999966]},"properties":{"objectid":5835,"nombre":"SANTA ROSA KM. 50 CFB","departamento":"UCAYALI","provincia":"CORONEL PORTILLO","distrito":"CAMPOVERDE","institucion":"GOBIERNO REGIONAL","codigoMinsa":5431,"direccion":"OTROS CASERIO SANTA ROSA DE LIMA KM 50 S/N NÚMERO S/N DISTRITO CAMPOVERDE PROVINCIA CORONEL PORTILLO DEPARTAMENTO UCAYALI","disa":"UCAYALI","red":"FEDERICO BASADRE - YARINACOCHA","microrred":"CAMPO VERDE","categoria":"ESTABLECIMIENTO DE SALUD SIN INTERNAMIENTO","condicion":"ACTIVO","actualizado":"2023/08/01 19:00:00.000","fuente":"MINSA","urlRenipr":"http://app20.susalud.gob.pe:8080/registro-renipress-webapp/ipress.htm?action=mostrarVer&idipress=00005431"}},{"type":"Feature","geometry":{"type":"Point","coordinates":[-74.17915049999993,-9.72444816999996]},"properties":{"objectid":5948,"nombre":"SEMPAYA","departamento":"UCAYALI","provincia":"ATALAYA","distrito":"TAHUANIA","institucion":"GOBIERNO REGIONAL","codigoMinsa":5519,"direccion":"OTROS CC.NN.SEMPAYA S/N NÚMERO S/N DISTRITO TAHUANIA PROVINCIA ATALAYA DEPARTAMENTO UCAYALI","disa":"UCAYALI","red":"ATALAYA","microrred":"BOLOGNESI","categoria":"ESTABLECIMIENTO DE SALUD SIN INTERNAMIENTO","condicion":"ACTIVO","actualizado":"2023/08/01 19:00:00.000","fuente":"MINSA","urlRenipr":"http://app20.susalud.gob.pe:8080/registro-renipress-webapp/ipress.htm?action=mostrarVer&idipress=00005519"}},{"type":"Feature","geometry":{"type":"Point","coordinates":[-73.52129782999998,-10.69110132999998]},"properties":{"objectid":5949,"nombre":"SERJALI","departamento":"UCAYALI","provincia":"ATALAYA","distrito":"RAIMONDI","institucion":"GOBIERNO REGIONAL","codigoMinsa":5517,"direccion":"OTROS CASERIO SERJALI S/N NÚMERO S/N DISTRITO RAIMONDI PROVINCIA ATALAYA DEPARTAMENTO UCAYALI","disa":"UCAYALI","red":"ATALAYA","microrred":"ATALAYA","categoria":"ESTABLECIMIENTO DE SALUD SIN INTERNAMIENTO","condicion":"ACTIVO","actualizado":"2023/08/01 19:00:00.000","fuente":"MINSA","urlRenipr":"http://app20.susalud.gob.pe:8080/registro-renipress-webapp/ipress.htm?action=mostrarVer&idipress=00005517"}},{"type":"Feature","geometry":{"type":"Point","coordinates":[-74.53596866999999,-8.38434542999994]},"properties":{"objectid":6095,"nombre":"CLINICA MATERNA SAN JUAN BOSCO","departamento":"UCAYALI","provincia":"CORONEL PORTILLO","distrito":"CALLERIA","institucion":"PRIVADO","codigoMinsa":30789,"direccion":"JIRÓN CONTAMANA NÚMERO 128 DISTRITO CALLERIA PROVINCIA CORONEL PORTILLO DEPARTAMENTO UCAYALI","disa":"UCAYALI","red":"","microrred":"NO PERTENECE A NINGUNA MICRORED","categoria":"ESTABLECIMIENTO DE SALUD SIN INTERNAMIENTO","condicion":"ACTIVO","actualizado":"2023/08/01 19:00:00.000","fuente":"MINSA","urlRenipr":"http://app20.susalud.gob.pe:8080/registro-renipress-webapp/ipress.htm?action=mostrarVer&idipress=00030789"}},{"type":"Feature","geometry":{"type":"Point","coordinates":[-74.99389624999998,-8.694495489999952]},"properties":{"objectid":6295,"nombre":"NUEVO SAN JUAN KM. 69","departamento":"UCAYALI","provincia":"PADRE ABAD","distrito":"NESHUYA","institucion":"GOBIERNO REGIONAL","codigoMinsa":5420,"direccion":"CARRETERA CASERIO NUEVO SAN JUAN KM. 69 CARRETERA FEDERICO BASADRE DISTRITO NESHUYA PROVINCIA PADRE ABAD DEPARTAMENTO UCAYALI","disa":"UCAYALI","red":"FEDERICO BASADRE - YARINACOCHA","microrred":"MONTE ALEGRE-CURIMANA","categoria":"ESTABLECIMIENTO DE SALUD SIN INTERNAMIENTO","condicion":"ACTIVO","actualizado":"2023/08/01 19:00:00.000","fuente":"MINSA","urlRenipr":"http://app20.susalud.gob.pe:8080/registro-renipress-webapp/ipress.htm?action=mostrarVer&idipress=00005420"}},{"type":"Feature","geometry":{"type":"Point","coordinates":[-74.67064282999996,-8.354515489999926]},"properties":{"objectid":6296,"nombre":"SANTA TERESITA","departamento":"UCAYALI","provincia":"CORONEL PORTILLO","distrito":"YARINACOCHA","institucion":"GOBIERNO REGIONAL","codigoMinsa":5547,"direccion":"OTROS CC.NN. SANTA TERESITA S/N CC.NN. SANTA TERESITA S/N YARINACOCHA CORONEL PORTILLO UCAYALI","disa":"UCAYALI","red":"FEDERICO BASADRE - YARINACOCHA","microrred":"NUEVO PARAISO","categoria":"ESTABLECIMIENTO DE SALUD SIN INTERNAMIENTO","condicion":"ACTIVO","actualizado":"2023/08/01 19:00:00.000","fuente":"MINSA","urlRenipr":"http://app20.susalud.gob.pe:8080/registro-renipress-webapp/ipress.htm?action=mostrarVer&idipress=00005547"}},{"type":"Feature","geometry":{"type":"Point","coordinates":[-74.58803865999994,-8.23811969999997]},"properties":{"objectid":6297,"nombre":"NUEVA UNION","departamento":"UCAYALI","provincia":"CORONEL PORTILLO","distrito":"YARINACOCHA","institucion":"GOBIERNO REGIONAL","codigoMinsa":7237,"direccion":"OTROS CASERIO NUEVA UNION S/N S/N CASERIO NUEVA UNION S/N YARINACOCHA CORONEL PORTILLO UCAYALI","disa":"UCAYALI","red":"FEDERICO BASADRE - YARINACOCHA","microrred":"SAN JOSE DE YARINACOCHA","categoria":"ESTABLECIMIENTO DE SALUD SIN INTERNAMIENTO","condicion":"ACTIVO","actualizado":"2023/08/01 19:00:00.000","fuente":"MINSA","urlRenipr":"http://app20.susalud.gob.pe:8080/registro-renipress-webapp/ipress.htm?action=mostrarVer&idipress=00007237"}},{"type":"Feature","geometry":{"type":"Point","coordinates":[-74.71418745999995,-8.370389129999978]},"properties":{"objectid":6298,"nombre":"ANTONIO RAYMONDI","departamento":"UCAYALI","provincia":"CORONEL PORTILLO","distrito":"CAMPOVERDE","institucion":"GOBIERNO REGIONAL","codigoMinsa":5437,"direccion":"CARRETERA CARRETERA FEDERICO BASADRE KM.19 INTERIOR 6 CASERIO ANTONIO RAYMONDI CARRETERA FEDERICO BASADRE KM.19 INTERIOR 6 CASERIO ANTONIO RAYMONDI CAMPOVERDE CORONEL PORTILLO UCAYALI","disa":"UCAYALI","red":"FEDERICO BASADRE - YARINACOCHA","microrred":"CAMPO VERDE","categoria":"ESTABLECIMIENTO DE SALUD SIN INTERNAMIENTO","condicion":"ACTIVO","actualizado":"2023/08/01 19:00:00.000","fuente":"MINSA","urlRenipr":"http://app20.susalud.gob.pe:8080/registro-renipress-webapp/ipress.htm?action=mostrarVer&idipress=00005437"}},{"type":"Feature","geometry":{"type":"Point","coordinates":[-75.53801596999995,-8.807843229999946]},"properties":{"objectid":6321,"nombre":"MARISCAL CACERES.","departamento":"UCAYALI","provincia":"PADRE ABAD","distrito":"PADRE ABAD","institucion":"GOBIERNO REGIONAL","codigoMinsa":5402,"direccion":"OTROS CASERIO MARISCAL CASERES RIO ALTO AGUAYTIA DISTRITO PADRE ABAD PROVINCIA PADRE ABAD DEPARTAMENTO UCAYALI","disa":"UCAYALI","red":"AGUAYTIA","microrred":"AGUAYTIA","categoria":"ESTABLECIMIENTO DE SALUD SIN INTERNAMIENTO","condicion":"ACTIVO","actualizado":"2023/08/01 19:00:00.000","fuente":"MINSA","urlRenipr":"http://app20.susalud.gob.pe:8080/registro-renipress-webapp/ipress.htm?action=mostrarVer&idipress=00005402"}},{"type":"Feature","geometry":{"type":"Point","coordinates":[-74.53713530999994,-8.38377123999993]},"properties":{"objectid":6465,"nombre":"CONSULTORIO MEDICO DANSALUD","departamento":"UCAYALI","provincia":"CORONEL PORTILLO","distrito":"CALLERIA","institucion":"PRIVADO","codigoMinsa":19052,"direccion":"JIRON SALAVERRY 745 B","disa":"UCAYALI","red":"NO PERTENECE A NINGUNA RED","microrred":"NO PERTENECE A NINGUNA MICRORED","categoria":"ESTABLECIMIENTO DE SALUD SIN INTERNAMIENTO","condicion":"ACTIVO","actualizado":"2023/08/01 19:00:00.000","fuente":"MINSA","urlRenipr":"http://app20.susalud.gob.pe:8080/registro-renipress-webapp/ipress.htm?action=mostrarVer&idipress=00019052"}},{"type":"Feature","geometry":{"type":"Point","coordinates":[-74.52837848999997,-8.378658619999953]},"properties":{"objectid":6805,"nombre":"CLINICA AMAZONICA E.I.R.L","departamento":"UCAYALI","provincia":"CORONEL PORTILLO","distrito":"CALLERIA","institucion":"PRIVADO","codigoMinsa":8841,"direccion":"AVENIDA AV. SAENZ PEÑA N° 421 DISTRITO CALLERIA PROVINCIA CORONEL PORTILLO DEPARTAMENTO UCAYALI","disa":"UCAYALI","red":"NO PERTENECE A NINGUNA RED","microrred":"NO PERTENECE A NINGUNA MICRORED","categoria":"ESTABLECIMIENTO DE SALUD SIN INTERNAMIENTO","condicion":"ACTIVO","actualizado":"2023/08/01 19:00:00.000","fuente":"MINSA","urlRenipr":"http://app20.susalud.gob.pe:8080/registro-renipress-webapp/ipress.htm?action=mostrarVer&idipress=00008841"}},{"type":"Feature","geometry":{"type":"Point","coordinates":[-74.53261961999993,-8.379496639999957]},"properties":{"objectid":6890,"nombre":"CENTRO MEDICO ESPECIALISTA MONSERRATE EIRL","departamento":"UCAYALI","provincia":"CORONEL PORTILLO","distrito":"CALLERIA","institucion":"PRIVADO","codigoMinsa":15426,"direccion":"JR. ATAHUALPA Nº 409","disa":"UCAYALI","red":"NO PERTENECE A NINGUNA RED","microrred":"NO PERTENECE A NINGUNA MICRORED","categoria":"ESTABLECIMIENTO DE SALUD SIN INTERNAMIENTO","condicion":"ACTIVO","actualizado":"2023/08/01 19:00:00.000","fuente":"MINSA","urlRenipr":"http://app20.susalud.gob.pe:8080/registro-renipress-webapp/ipress.htm?action=mostrarVer&idipress=00015426"}},{"type":"Feature","geometry":{"type":"Point","coordinates":[-74.37056816999996,-10.762329669999929]},"properties":{"objectid":7333,"nombre":"CHEQUITAVO","departamento":"UCAYALI","provincia":"ATALAYA","distrito":"RAIMONDI","institucion":"GOBIERNO REGIONAL","codigoMinsa":5514,"direccion":"OTROS CC.NN. CHEQUITAVO S/N NÚMERO S/N DISTRITO RAIMONDI PROVINCIA ATALAYA DEPARTAMENTO UCAYALI","disa":"UCAYALI","red":"ATALAYA","microrred":"ATALAYA","categoria":"ESTABLECIMIENTO DE SALUD SIN INTERNAMIENTO","condicion":"ACTIVO","actualizado":"2023/08/01 19:00:00.000","fuente":"MINSA","urlRenipr":"http://app20.susalud.gob.pe:8080/registro-renipress-webapp/ipress.htm?action=mostrarVer&idipress=00005514"}},{"type":"Feature","geometry":{"type":"Point","coordinates":[-72.67962792999998,-9.763055839999936]},"properties":{"objectid":7608,"nombre":"DULCE GLORIA","departamento":"UCAYALI","provincia":"ATALAYA","distrito":"YURUA","institucion":"GOBIERNO REGIONAL","codigoMinsa":5526,"direccion":"OTROS COMUNIDAD NATIVA DULCE GLORIA COMUNIDAD NATIVA DULCE GLORIA YURUA ATALAYA UCAYALI","disa":"UCAYALI","red":"CORONEL PORTILLO","microrred":"YURUA","categoria":"ESTABLECIMIENTO DE SALUD SIN INTERNAMIENTO","condicion":"ACTIVO","actualizado":"2023/08/01 19:00:00.000","fuente":"MINSA","urlRenipr":"http://app20.susalud.gob.pe:8080/registro-renipress-webapp/ipress.htm?action=mostrarVer&idipress=00005526"}},{"type":"Feature","geometry":{"type":"Point","coordinates":[-74.44432332999997,-8.292654999999968]},"properties":{"objectid":7609,"nombre":"SANTA ELENA","departamento":"UCAYALI","provincia":"CORONEL PORTILLO","distrito":"CALLERIA","institucion":"GOBIERNO REGIONAL","codigoMinsa":5571,"direccion":"OTROS CASERIO SANTA ELENA S/N S/N CASERIO SANTA ELENA S/N CALLERIA CORONEL PORTILLO UCAYALI","disa":"UCAYALI","red":"CORONEL PORTILLO","microrred":"09 DE OCTUBRE","categoria":"ESTABLECIMIENTO DE SALUD SIN INTERNAMIENTO","condicion":"ACTIVO","actualizado":"2023/08/01 19:00:00.000","fuente":"MINSA","urlRenipr":"http://app20.susalud.gob.pe:8080/registro-renipress-webapp/ipress.htm?action=mostrarVer&idipress=00005571"}},{"type":"Feature","geometry":{"type":"Point","coordinates":[-70.97413914999998,-9.957648369999959]},"properties":{"objectid":7610,"nombre":"NUEVA LUZ","departamento":"UCAYALI","provincia":"PURUS","distrito":"PURUS","institucion":"GOBIERNO REGIONAL","codigoMinsa":5533,"direccion":"OTROS COMUNIDAD NATIVA NUEVA LUZ S/N NÚMERO S/N DISTRITO PURUS PROVINCIA PURUS DEPARTAMENTO UCAYALI","disa":"UCAYALI","red":"CORONEL PORTILLO","microrred":"PURUS","categoria":"ESTABLECIMIENTO DE SALUD SIN INTERNAMIENTO","condicion":"ACTIVO","actualizado":"2023/08/01 19:00:00.000","fuente":"MINSA","urlRenipr":"http://app20.susalud.gob.pe:8080/registro-renipress-webapp/ipress.htm?action=mostrarVer&idipress=00005533"}},{"type":"Feature","geometry":{"type":"Point","coordinates":[-74.50120991999995,-8.323312359999932]},"properties":{"objectid":7612,"nombre":"YANAMAYO","departamento":"UCAYALI","provincia":"CORONEL PORTILLO","distrito":"CALLERIA","institucion":"GOBIERNO REGIONAL","codigoMinsa":5575,"direccion":"OTROS CASERIO YANAMAYO S/N S/N CASERIO YANAMAYO S/N CALLERIA CORONEL PORTILLO UCAYALI","disa":"UCAYALI","red":"CORONEL PORTILLO","microrred":"09 DE OCTUBRE","categoria":"ESTABLECIMIENTO DE SALUD SIN INTERNAMIENTO","condicion":"ACTIVO","actualizado":"2023/08/01 19:00:00.000","fuente":"MINSA","urlRenipr":"http://app20.susalud.gob.pe:8080/registro-renipress-webapp/ipress.htm?action=mostrarVer&idipress=00005575"}},{"type":"Feature","geometry":{"type":"Point","coordinates":[-75.38986230999996,-8.941143759999932]},"properties":{"objectid":7705,"nombre":"SAN PEDRO DE CHIO","departamento":"UCAYALI","provincia":"PADRE ABAD","distrito":"IRAZOLA","institucion":"GOBIERNO REGIONAL","codigoMinsa":5409,"direccion":"CARRETERA CASERIO SAN PEDRO DE CHIO S/N KM.138 CARRETERA FEDERICO BASADRE NÚMERO S/N DISTRITO IRAZOLA PROVINCIA PADRE ABAD DEPARTAMENTO UCAYALI","disa":"UCAYALI","red":"AGUAYTIA","microrred":"SAN ALEJANDRO","categoria":"ESTABLECIMIENTO DE SALUD SIN INTERNAMIENTO","condicion":"ACTIVO","actualizado":"2023/08/01 19:00:00.000","fuente":"MINSA","urlRenipr":"http://app20.susalud.gob.pe:8080/registro-renipress-webapp/ipress.htm?action=mostrarVer&idipress=00005409"}},{"type":"Feature","geometry":{"type":"Point","coordinates":[-75.23338145999998,-8.789994959999945]},"properties":{"objectid":7706,"nombre":"NUEVO TAHUANTINSUYO","departamento":"UCAYALI","provincia":"PADRE ABAD","distrito":"IRAZOLA","institucion":"GOBIERNO REGIONAL","codigoMinsa":5413,"direccion":"OTROS CASERIO NUEVO TAHUANTINSUYO S/N KM. 112 NÚMERO S/N DISTRITO IRAZOLA PROVINCIA PADRE ABAD DEPARTAMENTO UCAYALI","disa":"UCAYALI","red":"AGUAYTIA","microrred":"SAN ALEJANDRO","categoria":"ESTABLECIMIENTO DE SALUD SIN INTERNAMIENTO","condicion":"ACTIVO","actualizado":"2023/08/01 19:00:00.000","fuente":"MINSA","urlRenipr":"http://app20.susalud.gob.pe:8080/registro-renipress-webapp/ipress.htm?action=mostrarVer&idipress=00005413"}},{"type":"Feature","geometry":{"type":"Point","coordinates":[-75.25652435999996,-8.444513409999956]},"properties":{"objectid":7707,"nombre":"BELLO HORIZONTE","departamento":"UCAYALI","provincia":"PADRE ABAD","distrito":"CURIMANA","institucion":"GOBIERNO REGIONAL","codigoMinsa":5424,"direccion":"CARRETERA CASERIO BELLO HORIZONTE -CARRETERA DE PENTRACION AGUAYTIA ENERGY CASERIO BELLO HORIZONTE -CARRETERA DE PENTRACION AGUAYTIA ENERGY CURIMANA PADRE ABAD UCAYALI","disa":"UCAYALI","red":"FEDERICO BASADRE - YARINACOCHA","microrred":"MONTE ALEGRE-CURIMANA","categoria":"ESTABLECIMIENTO DE SALUD SIN INTERNAMIENTO","condicion":"ACTIVO","actualizado":"2023/08/01 19:00:00.000","fuente":"MINSA","urlRenipr":"http://app20.susalud.gob.pe:8080/registro-renipress-webapp/ipress.htm?action=mostrarVer&idipress=00005424"}},{"type":"Feature","geometry":{"type":"Point","coordinates":[-74.53628905999994,-8.380782249999982]},"properties":{"objectid":7852,"nombre":"PMI CAYETANO HEREDIA E.I.R.L","departamento":"UCAYALI","provincia":"CORONEL PORTILLO","distrito":"CALLERIA","institucion":"PRIVADO","codigoMinsa":10263,"direccion":"JIRÓN JR ZAVALA Nº 457 DISTRITO CALLERIA PROVINCIA CORONEL PORTILLO DEPARTAMENTO UCAYALI","disa":"UCAYALI","red":"NO PERTENECE A NINGUNA RED","microrred":"NO PERTENECE A NINGUNA MICRORED","categoria":"ESTABLECIMIENTO DE SALUD SIN INTERNAMIENTO","condicion":"ACTIVO","actualizado":"2023/08/01 19:00:00.000","fuente":"MINSA","urlRenipr":"http://app20.susalud.gob.pe:8080/registro-renipress-webapp/ipress.htm?action=mostrarVer&idipress=00010263"}},{"type":"Feature","geometry":{"type":"Point","coordinates":[-75.07609876999999,-8.49802466999995]},"properties":{"objectid":7859,"nombre":"PUEBLO LIBRE","departamento":"UCAYALI","provincia":"CORONEL PORTILLO","distrito":"CAMPOVERDE","institucion":"GOBIERNO REGIONAL","codigoMinsa":5427,"direccion":"CARRETERA CFB KM.34 INTERIOR 10 KM. CARRETERA NUEVA REQUENA -CASERIO PUEBLO LIBRE CFB KM.34 INTERIOR 10 KM. CARRETERA NUEVA REQUENA -CASERIO PUEBLO LIBRE CAMPOVERDE CORONEL PORTILLO UCAYALI","disa":"UCAYALI","red":"FEDERICO BASADRE - YARINACOCHA","microrred":"CAMPO VERDE","categoria":"ESTABLECIMIENTO DE SALUD SIN INTERNAMIENTO","condicion":"ACTIVO","actualizado":"2023/08/01 19:00:00.000","fuente":"MINSA","urlRenipr":"http://app20.susalud.gob.pe:8080/registro-renipress-webapp/ipress.htm?action=mostrarVer&idipress=00005427"}},{"type":"Feature","geometry":{"type":"Point","coordinates":[-74.80684539999999,-8.476121199999966]},"properties":{"objectid":8399,"nombre":"PUESTO DE SALUD AMAKELLA","departamento":"UCAYALI","provincia":"CORONEL PORTILLO","distrito":"CAMPOVERDE","institucion":"GOBIERNO REGIONAL","codigoMinsa":25879,"direccion":"OTROS CASERIO AMAKELLA KM 19 INT 19 KM DISTRITO CAMPOVERDE PROVINCIA CORONEL PORTILLO DEPARTAMENTO UCAYALI","disa":"UCAYALI","red":"FEDERICO BASADRE - YARINACOCHA","microrred":"CAMPO VERDE","categoria":"ESTABLECIMIENTO DE SALUD SIN INTERNAMIENTO","condicion":"ACTIVO","actualizado":"2023/08/01 19:00:00.000","fuente":"MINSA","urlRenipr":"http://app20.susalud.gob.pe:8080/registro-renipress-webapp/ipress.htm?action=mostrarVer&idipress=00025879"}},{"type":"Feature","geometry":{"type":"Point","coordinates":[-74.57035332999999,-8.303786669999965]},"properties":{"objectid":8401,"nombre":"MARISCAL SUCRE","departamento":"UCAYALI","provincia":"CORONEL PORTILLO","distrito":"YARINACOCHA","institucion":"GOBIERNO REGIONAL","codigoMinsa":5546,"direccion":"OTROS CASERIO MARISCAL SUCRE CASERIO MARISCAL SUCRE YARINACOCHA CORONEL PORTILLO UCAYALI","disa":"UCAYALI","red":"FEDERICO BASADRE - YARINACOCHA","microrred":"SAN JOSE DE YARINACOCHA","categoria":"ESTABLECIMIENTO DE SALUD SIN INTERNAMIENTO","condicion":"ACTIVO","actualizado":"2023/08/01 19:00:00.000","fuente":"MINSA","urlRenipr":"http://app20.susalud.gob.pe:8080/registro-renipress-webapp/ipress.htm?action=mostrarVer&idipress=00005546"}},{"type":"Feature","geometry":{"type":"Point","coordinates":[-74.43837129999997,-9.306205499999976]},"properties":{"objectid":8402,"nombre":"AMAQUIRIA","departamento":"UCAYALI","provincia":"CORONEL PORTILLO","distrito":"IPARIA","institucion":"GOBIERNO REGIONAL","codigoMinsa":5491,"direccion":"JIRÓN JR: AMAQUIRIA S/N NÚMERO S/N DISTRITO IPARIA PROVINCIA CORONEL PORTILLO DEPARTAMENTO UCAYALI","disa":"UCAYALI","red":"CORONEL PORTILLO","microrred":"IPARIA","categoria":"ESTABLECIMIENTO DE SALUD SIN INTERNAMIENTO","condicion":"ACTIVO","actualizado":"2023/08/01 19:00:00.000","fuente":"MINSA","urlRenipr":"http://app20.susalud.gob.pe:8080/registro-renipress-webapp/ipress.htm?action=mostrarVer&idipress=00005491"}},{"type":"Feature","geometry":{"type":"Point","coordinates":[-74.80100471999998,-8.579516559999945]},"properties":{"objectid":8404,"nombre":"AGUA BLANCA","departamento":"UCAYALI","provincia":"CORONEL PORTILLO","distrito":"CAMPOVERDE","institucion":"GOBIERNO REGIONAL","codigoMinsa":5429,"direccion":"CARRETERA CARRETERA FEDERICO BASADRE KM.34 INTERIOR 12 CARRETERA TOURNAVISTA CASERIO AGUA BLANCA CARRETERA FEDERICO BASADRE KM.34 INTERIOR 12 CARRETERA TOURNAVISTA CASERIO AGUA BLANCA CAMPOVERDE CORONEL PORTILLO UCAYALI","disa":"UCAYALI","red":"FEDERICO BASADRE - YARINACOCHA","microrred":"CAMPO VERDE","categoria":"ESTABLECIMIENTO DE SALUD SIN INTERNAMIENTO","condicion":"ACTIVO","actualizado":"2023/08/01 19:00:00.000","fuente":"MINSA","urlRenipr":"http://app20.susalud.gob.pe:8080/registro-renipress-webapp/ipress.htm?action=mostrarVer&idipress=00005429"}},{"type":"Feature","geometry":{"type":"Point","coordinates":[-74.53396178999998,-8.381108119999965]},"properties":{"objectid":8822,"nombre":"CLINICA DENTAL SAN MIGUEL","departamento":"UCAYALI","provincia":"CORONEL PORTILLO","distrito":"CALLERIA","institucion":"PRIVADO","codigoMinsa":8372,"direccion":"JR. PROGRESO Nº 393 - 1ER PISO","disa":"UCAYALI","red":"NO PERTENECE A NINGUNA RED","microrred":"NO PERTENECE A NINGUNA MICRORED","categoria":"ESTABLECIMIENTO DE SALUD SIN INTERNAMIENTO","condicion":"ACTIVO","actualizado":"2023/08/01 19:00:00.000","fuente":"MINSA","urlRenipr":"http://app20.susalud.gob.pe:8080/registro-renipress-webapp/ipress.htm?action=mostrarVer&idipress=00008372"}},{"type":"Feature","geometry":{"type":"Point","coordinates":[-74.53823532999996,-8.38168122999997]},"properties":{"objectid":8849,"nombre":"CLINICA FERNANDEZ E.I.R.L.","departamento":"UCAYALI","provincia":"CORONEL PORTILLO","distrito":"CALLERIA","institucion":"PRIVADO","codigoMinsa":13055,"direccion":"AVENIDA AV. SAENZ PEÑA 150 DISTRITO CALLERIA PROVINCIA CORONEL PORTILLO DEPARTAMENTO UCAYALI","disa":"UCAYALI","red":"NO PERTENECE A NINGUNA RED","microrred":"NO PERTENECE A NINGUNA MICRORED","categoria":"ESTABLECIMIENTO DE SALUD SIN INTERNAMIENTO","condicion":"ACTIVO","actualizado":"2023/08/01 19:00:00.000","fuente":"MINSA","urlRenipr":"http://app20.susalud.gob.pe:8080/registro-renipress-webapp/ipress.htm?action=mostrarVer&idipress=00013055"}},{"type":"Feature","geometry":{"type":"Point","coordinates":[-74.53812324999996,-8.38148198999994]},"properties":{"objectid":9067,"nombre":"CLINICA JUAN PABLO II","departamento":"UCAYALI","provincia":"CORONEL PORTILLO","distrito":"CALLERIA","institucion":"PRIVADO","codigoMinsa":16897,"direccion":"AVENIDA SAENZ PEÑA 3ER PISO 166 CALLERIA CORONEL PORTILLO UCAYALI","disa":"","red":"","microrred":"","categoria":"ESTABLECIMIENTO DE SALUD SIN INTERNAMIENTO","condicion":"RETIRO VOLUNTARIO","actualizado":"2023/08/01 19:00:00.000","fuente":"MINSA","urlRenipr":"http://app20.susalud.gob.pe:8080/registro-renipress-webapp/ipress.htm?action=mostrarVer&idipress=00016897"}},{"type":"Feature","geometry":{"type":"Point","coordinates":[-74.53685150999996,-8.392501309999943]},"properties":{"objectid":9785,"nombre":"BELLAVISTA","departamento":"UCAYALI","provincia":"CORONEL PORTILLO","distrito":"CALLERIA","institucion":"GOBIERNO REGIONAL","codigoMinsa":5552,"direccion":"JIRÓN REVOLUCION 432 AA.HH. BELLAVISTA CALLERIA CORONEL PORTILLO UCAYALI","disa":"UCAYALI","red":"CORONEL PORTILLO","microrred":"09 DE OCTUBRE","categoria":"ESTABLECIMIENTO DE SALUD SIN INTERNAMIENTO","condicion":"ACTIVO","actualizado":"2023/08/01 19:00:00.000","fuente":"MINSA","urlRenipr":"http://app20.susalud.gob.pe:8080/registro-renipress-webapp/ipress.htm?action=mostrarVer&idipress=00005552"}},{"type":"Feature","geometry":{"type":"Point","coordinates":[-74.56689337999995,-8.401568689999976]},"properties":{"objectid":9786,"nombre":"FRATERNIDAD","departamento":"UCAYALI","provincia":"CORONEL PORTILLO","distrito":"MANANTAY","institucion":"GOBIERNO REGIONAL","codigoMinsa":5563,"direccion":"OTROS AA.HH.FRATERNIDAD S/N S/N AA.HH.FRATERNIDAD S/N MANANTAY CORONEL PORTILLO UCAYALI","disa":"UCAYALI","red":"CORONEL PORTILLO","microrred":"09 DE OCTUBRE","categoria":"ESTABLECIMIENTO DE SALUD SIN INTERNAMIENTO","condicion":"ACTIVO","actualizado":"2023/08/01 19:00:00.000","fuente":"MINSA","urlRenipr":"http://app20.susalud.gob.pe:8080/registro-renipress-webapp/ipress.htm?action=mostrarVer&idipress=00005563"}},{"type":"Feature","geometry":{"type":"Point","coordinates":[-72.98026585999997,-9.41397011999993]},"properties":{"objectid":9787,"nombre":"SAWAWO","departamento":"UCAYALI","provincia":"ATALAYA","distrito":"YURUA","institucion":"GOBIERNO REGIONAL","codigoMinsa":16453,"direccion":"OTROS CC.NN.SAWAWO A ORILLAS DEL RIO ABUYA LIMITE CON LA REPUBLICA FEDERAL DE BRASIL CC.NN.SAWAWO A ORILLAS DEL RIO ABUYA LIMITE CON LA REPUBLICA FEDERAL DE BRASIL YURUA ATALAYA UCAYALI","disa":"UCAYALI","red":"CORONEL PORTILLO","microrred":"YURUA","categoria":"ESTABLECIMIENTO DE SALUD SIN INTERNAMIENTO","condicion":"ACTIVO","actualizado":"2023/08/01 19:00:00.000","fuente":"MINSA","urlRenipr":"http://app20.susalud.gob.pe:8080/registro-renipress-webapp/ipress.htm?action=mostrarVer&idipress=00016453"}},{"type":"Feature","geometry":{"type":"Point","coordinates":[-74.38239466999994,-8.380037689999938]},"properties":{"objectid":9788,"nombre":"SANTA TERESA DE SHINUYA","departamento":"UCAYALI","provincia":"CORONEL PORTILLO","distrito":"MANANTAY","institucion":"GOBIERNO REGIONAL","codigoMinsa":7417,"direccion":"OTROS CASERIO DE SANTA TERESA SHINUYA CASERIO DE SANTA TERESA SHINUYA MANANTAY CORONEL PORTILLO UCAYALI","disa":"UCAYALI","red":"CORONEL PORTILLO","microrred":"SAN FERNANDO","categoria":"ESTABLECIMIENTO DE SALUD SIN INTERNAMIENTO","condicion":"ACTIVO","actualizado":"2023/08/01 19:00:00.000","fuente":"MINSA","urlRenipr":"http://app20.susalud.gob.pe:8080/registro-renipress-webapp/ipress.htm?action=mostrarVer&idipress=00007417"}},{"type":"Feature","geometry":{"type":"Point","coordinates":[-74.51063666999994,-8.259024999999951]},"properties":{"objectid":9791,"nombre":"CHANCAY","departamento":"UCAYALI","provincia":"CORONEL PORTILLO","distrito":"CALLERIA","institucion":"GOBIERNO REGIONAL","codigoMinsa":5574,"direccion":"OTROS CASERIO CHANCAY S/N NÚMERO S/N DISTRITO CALLERIA PROVINCIA CORONEL PORTILLO DEPARTAMENTO UCAYALI","disa":"UCAYALI","red":"CORONEL PORTILLO","microrred":"09 DE OCTUBRE","categoria":"ESTABLECIMIENTO DE SALUD SIN INTERNAMIENTO","condicion":"ACTIVO","actualizado":"2023/08/01 19:00:00.000","fuente":"MINSA","urlRenipr":"http://app20.susalud.gob.pe:8080/registro-renipress-webapp/ipress.htm?action=mostrarVer&idipress=00005574"}},{"type":"Feature","geometry":{"type":"Point","coordinates":[-75.29456899999997,-8.936703199999954]},"properties":{"objectid":9863,"nombre":"PUESTO DE SALUD LOS OLIVOS","departamento":"UCAYALI","provincia":"PADRE ABAD","distrito":"PADRE ABAD","institucion":"GOBIERNO REGIONAL","codigoMinsa":30638,"direccion":"CARRETERA CASERÍO DE LOS OLIVOS DISTRITO PADRE ABAD PROVINCIA PADRE ABAD DEPARTAMENTO UCAYALI","disa":"UCAYALI","red":"AGUAYTIA","microrred":"AGUAYTIA","categoria":"ESTABLECIMIENTO DE SALUD SIN INTERNAMIENTO","condicion":"ACTIVO","actualizado":"2023/08/01 19:00:00.000","fuente":"MINSA","urlRenipr":"http://app20.susalud.gob.pe:8080/registro-renipress-webapp/ipress.htm?action=mostrarVer&idipress=00030638"}},{"type":"Feature","geometry":{"type":"Point","coordinates":[-74.54486349999996,-8.379286899999954]},"properties":{"objectid":9877,"nombre":"CENTRO MEDICO NUEVO PARAISO","departamento":"UCAYALI","provincia":"CORONEL PORTILLO","distrito":"CALLERIA","institucion":"PRIVADO","codigoMinsa":30348,"direccion":"JIRÓN JOSE BALTA NÚMERO 201 PISO 1 MANZANA F LOTE 06 DISTRITO CALLERIA PROVINCIA CORONEL PORTILLO DEPARTAMENTO UCAYALI","disa":"UCAYALI","red":"","microrred":"","categoria":"ESTABLECIMIENTO DE SALUD SIN INTERNAMIENTO","condicion":"ACTIVO","actualizado":"2023/08/01 19:00:00.000","fuente":"MINSA","urlRenipr":"http://app20.susalud.gob.pe:8080/registro-renipress-webapp/ipress.htm?action=mostrarVer&idipress=00030348"}},{"type":"Feature","geometry":{"type":"Point","coordinates":[-74.53112610999995,-8.376939289999939]},"properties":{"objectid":9933,"nombre":"HOSPITAL REGIONAL DE PUCALLPA","departamento":"UCAYALI","provincia":"CORONEL PORTILLO","distrito":"CALLERIA","institucion":"GOBIERNO REGIONAL","codigoMinsa":5576,"direccion":"JIRÓN AGUSTIN CAUPER 285 PUCALLPA CALLERIA CORONEL PORTILLO UCAYALI","disa":"UCAYALI","red":"NO PERTENECE A NINGUNA RED","microrred":"NO PERTENECE A NINGUNA MICRORED","categoria":"ESTABLECIMIENTO DE SALUD CON INTERNAMIENTO","condicion":"ACTIVO","actualizado":"2023/08/01 19:00:00.000","fuente":"MINSA","urlRenipr":"http://app20.susalud.gob.pe:8080/registro-renipress-webapp/ipress.htm?action=mostrarVer&idipress=00005576"}},{"type":"Feature","geometry":{"type":"Point","coordinates":[-75.00216356999994,-8.716105439999978]},"properties":{"objectid":10007,"nombre":"SAN JUAN KM. 71","departamento":"UCAYALI","provincia":"PADRE ABAD","distrito":"NESHUYA","institucion":"GOBIERNO REGIONAL","codigoMinsa":5417,"direccion":"CARRETERA CASERIO SAN JUAN KM. 71 CARRETERA FEDERICO BASADRE DISTRITO NESHUYA PROVINCIA PADRE ABAD DEPARTAMENTO UCAYALI","disa":"UCAYALI","red":"FEDERICO BASADRE - YARINACOCHA","microrred":"MONTE ALEGRE-CURIMANA","categoria":"ESTABLECIMIENTO DE SALUD SIN INTERNAMIENTO","condicion":"ACTIVO","actualizado":"2023/08/01 19:00:00.000","fuente":"MINSA","urlRenipr":"http://app20.susalud.gob.pe:8080/registro-renipress-webapp/ipress.htm?action=mostrarVer&idipress=00005417"}},{"type":"Feature","geometry":{"type":"Point","coordinates":[-74.59577742999994,-8.33608350999998]},"properties":{"objectid":10525,"nombre":"SAN JOSE DE YARINACOCHA","departamento":"UCAYALI","provincia":"CORONEL PORTILLO","distrito":"YARINACOCHA","institucion":"GOBIERNO REGIONAL","codigoMinsa":5534,"direccion":"JIRÓN JIRON EDUARDO DEL AGUILA MZ 2 LOTE 7 CENTRO POBLADO SAN JOSE DE YARINACOCHA JIRON EDUARDO DEL AGUILA MZ 2 LOTE 7 CENTRO POBLADO SAN JOSE DE YARINACOCHA YARINACOCHA CORONEL PORTILLO UCAYALI","disa":"UCAYALI","red":"FEDERICO BASADRE - YARINACOCHA","microrred":"SAN JOSE DE YARINACOCHA","categoria":"ESTABLECIMIENTO DE SALUD SIN INTERNAMIENTO","condicion":"ACTIVO","actualizado":"2023/08/01 19:00:00.000","fuente":"MINSA","urlRenipr":"http://app20.susalud.gob.pe:8080/registro-renipress-webapp/ipress.htm?action=mostrarVer&idipress=00005534"}},{"type":"Feature","geometry":{"type":"Point","coordinates":[-75.05052286999995,-8.826030169999967]},"properties":{"objectid":10528,"nombre":"VON HUMBOLTD","departamento":"UCAYALI","provincia":"PADRE ABAD","distrito":"ALEXANDER VON HUMBOLDT","institucion":"GOBIERNO REGIONAL","codigoMinsa":5416,"direccion":"CALLE CALLE ARGENTINA S/N CENTRO POBLADO MAYOR ALEXANDER VON HUMBOLTD DISTRITO ALEXANDER VON HUMBOLDT PROVINCIA PADRE ABAD DEPARTAMENTO UCAYALI","disa":"UCAYALI","red":"FEDERICO BASADRE - YARINACOCHA","microrred":"MONTE ALEGRE-CURIMANA","categoria":"ESTABLECIMIENTO DE SALUD SIN INTERNAMIENTO","condicion":"ACTIVO","actualizado":"2023/08/01 19:00:00.000","fuente":"MINSA","urlRenipr":"http://app20.susalud.gob.pe:8080/registro-renipress-webapp/ipress.htm?action=mostrarVer&idipress=00005416"}},{"type":"Feature","geometry":{"type":"Point","coordinates":[-74.58801437999995,-8.398413639999944]},"properties":{"objectid":10529,"nombre":"NUEVO BOLOGNESI.","departamento":"UCAYALI","provincia":"CORONEL PORTILLO","distrito":"CALLERIA","institucion":"GOBIERNO REGIONAL","codigoMinsa":5562,"direccion":"JIRÓN JIRON JAUJA MZ K LT 1 DISTRITO CALLERIA PROVINCIA CORONEL PORTILLO DEPARTAMENTO UCAYALI","disa":"UCAYALI","red":"CORONEL PORTILLO","microrred":"09 DE OCTUBRE","categoria":"ESTABLECIMIENTO DE SALUD SIN INTERNAMIENTO","condicion":"ACTIVO","actualizado":"2023/08/01 19:00:00.000","fuente":"MINSA","urlRenipr":"http://app20.susalud.gob.pe:8080/registro-renipress-webapp/ipress.htm?action=mostrarVer&idipress=00005562"}},{"type":"Feature","geometry":{"type":"Point","coordinates":[-74.59495897999994,-8.35127448999998]},"properties":{"objectid":10545,"nombre":"CLAS SAN PABLO DE TUSHMO.","departamento":"UCAYALI","provincia":"CORONEL PORTILLO","distrito":"YARINACOCHA","institucion":"GOBIERNO REGIONAL","codigoMinsa":5535,"direccion":"JIRÓN JR. LIMA MZ 23 LOTE 10 CENTRO POBLADO SAN PABLO DE THUSMO DISTRITO YARINACOCHA PROVINCIA CORONEL PORTILLO DEPARTAMENTO UCAYALI","disa":"UCAYALI","red":"FEDERICO BASADRE - YARINACOCHA","microrred":"SAN JOSE DE YARINACOCHA","categoria":"ESTABLECIMIENTO DE SALUD SIN INTERNAMIENTO","condicion":"ACTIVO","actualizado":"2023/08/01 19:00:00.000","fuente":"MINSA","urlRenipr":"http://app20.susalud.gob.pe:8080/registro-renipress-webapp/ipress.htm?action=mostrarVer&idipress=00005535"}},{"type":"Feature","geometry":{"type":"Point","coordinates":[-74.58261659999994,-8.392862199999968]},"properties":{"objectid":11210,"nombre":"HOSPITAL AMAZONICO - YARINACOCHA","departamento":"UCAYALI","provincia":"CORONEL PORTILLO","distrito":"YARINACOCHA","institucion":"GOBIERNO REGIONAL","codigoMinsa":5577,"direccion":"JIRÓN JIRON AGUAYTIA Nº 605 DISTRITO YARINACOCHA PROVINCIA CORONEL PORTILLO DEPARTAMENTO UCAYALI","disa":"UCAYALI","red":"FEDERICO BASADRE - YARINACOCHA","microrred":"NO PERTENECE A NINGUNA MICRORED","categoria":"ESTABLECIMIENTO DE SALUD CON INTERNAMIENTO","condicion":"ACTIVO","actualizado":"2023/08/01 19:00:00.000","fuente":"MINSA","urlRenipr":"http://app20.susalud.gob.pe:8080/registro-renipress-webapp/ipress.htm?action=mostrarVer&idipress=00005577"}},{"type":"Feature","geometry":{"type":"Point","coordinates":[-73.75448149999994,-10.735840829999972]},"properties":{"objectid":11669,"nombre":"POLICLINICO BIOSALUD ATALAYA E.I.R.L.","departamento":"UCAYALI","provincia":"ATALAYA","distrito":"RAIMONDI","institucion":"PRIVADO","codigoMinsa":17864,"direccion":"JR.TENIENTE MEJIA S/N - ATALAYA","disa":"","red":"","microrred":"","categoria":"ESTABLECIMIENTO DE SALUD SIN INTERNAMIENTO","condicion":"RUC INACTIVO EN SUNAT","actualizado":"2023/08/01 19:00:00.000","fuente":"MINSA","urlRenipr":"http://app20.susalud.gob.pe:8080/registro-renipress-webapp/ipress.htm?action=mostrarVer&idipress=00017864"}},{"type":"Feature","geometry":{"type":"Point","coordinates":[-74.53248819999999,-8.383311499999934]},"properties":{"objectid":11908,"nombre":"SERVICIO MEDICO DE APOYO HOGAR PROTEGIDO SAN FERNANDO","departamento":"UCAYALI","provincia":"CORONEL PORTILLO","distrito":"MANANTAY","institucion":"GOBIERNO REGIONAL","codigoMinsa":30072,"direccion":"AVENIDA BELLAVISTA NÚMERO 377 DISTRITO MANANTAY PROVINCIA CORONEL PORTILLO DEPARTAMENTO UCAYALI","disa":"UCAYALI","red":"CORONEL PORTILLO","microrred":"SAN FERNANDO","categoria":"SERVICIO MÉDICO DE APOYO","condicion":"ACTIVO","actualizado":"2023/08/01 19:00:00.000","fuente":"MINSA","urlRenipr":"http://app20.susalud.gob.pe:8080/registro-renipress-webapp/ipress.htm?action=mostrarVer&idipress=00030072"}},{"type":"Feature","geometry":{"type":"Point","coordinates":[-74.25994116999993,-8.435770399999967]},"properties":{"objectid":11909,"nombre":"PUERTO BETHEL","departamento":"UCAYALI","provincia":"CORONEL PORTILLO","distrito":"CALLERIA","institucion":"GOBIERNO REGIONAL","codigoMinsa":5452,"direccion":"OTROS CC.NN. PUERTO BETHEL S/N S/N CC.NN. PUERTO BETHEL S/N CALLERIA CORONEL PORTILLO UCAYALI","disa":"UCAYALI","red":"CORONEL PORTILLO","microrred":"SAN FERNANDO","categoria":"ESTABLECIMIENTO DE SALUD SIN INTERNAMIENTO","condicion":"ACTIVO","actualizado":"2023/08/01 19:00:00.000","fuente":"MINSA","urlRenipr":"http://app20.susalud.gob.pe:8080/registro-renipress-webapp/ipress.htm?action=mostrarVer&idipress=00005452"}},{"type":"Feature","geometry":{"type":"Point","coordinates":[-74.40989686999995,-8.390594069999963]},"properties":{"objectid":11910,"nombre":"SANTO DOMINGO DE MASHANGAY","departamento":"UCAYALI","provincia":"CORONEL PORTILLO","distrito":"CALLERIA","institucion":"GOBIERNO REGIONAL","codigoMinsa":5456,"direccion":"OTROS CASERIO SANTO DOMINGO DE MASHANGAY S/N S/N CASERIO SANTO DOMINGO DE MASHANGAY S/N CALLERIA CORONEL PORTILLO UCAYALI","disa":"UCAYALI","red":"CORONEL PORTILLO","microrred":"SAN FERNANDO","categoria":"ESTABLECIMIENTO DE SALUD SIN INTERNAMIENTO","condicion":"ACTIVO","actualizado":"2023/08/01 19:00:00.000","fuente":"MINSA","urlRenipr":"http://app20.susalud.gob.pe:8080/registro-renipress-webapp/ipress.htm?action=mostrarVer&idipress=00005456"}},{"type":"Feature","geometry":{"type":"Point","coordinates":[-74.60283058999994,-8.403841299999954]},"properties":{"objectid":11912,"nombre":"NUEVA MAGDALENA","departamento":"UCAYALI","provincia":"CORONEL PORTILLO","distrito":"CALLERIA","institucion":"GOBIERNO REGIONAL","codigoMinsa":5560,"direccion":"JIRÓN JIRON JUNIN S/N MZ 9 AA.HH. NUEVA MAGDALENA S/N JIRON JUNIN S/N MZ 9 AA.HH. NUEVA MAGDALENA CALLERIA CORONEL PORTILLO UCAYALI","disa":"UCAYALI","red":"CORONEL PORTILLO","microrred":"09 DE OCTUBRE","categoria":"ESTABLECIMIENTO DE SALUD SIN INTERNAMIENTO","condicion":"ACTIVO","actualizado":"2023/08/01 19:00:00.000","fuente":"MINSA","urlRenipr":"http://app20.susalud.gob.pe:8080/registro-renipress-webapp/ipress.htm?action=mostrarVer&idipress=00005560"}},{"type":"Feature","geometry":{"type":"Point","coordinates":[-74.53248819999999,-8.383311499999934]},"properties":{"objectid":11913,"nombre":"CENTRO DE SALUD MENTAL COMUNITARIO \"NUEVO AMANECER\"","departamento":"UCAYALI","provincia":"CORONEL PORTILLO","distrito":"MANANTAY","institucion":"GOBIERNO REGIONAL","codigoMinsa":29247,"direccion":"AVENIDA SAN FERNANDO MANZANA 14 LOTE 7 DISTRITO MANANTAY PROVINCIA CORONEL PORTILLO DEPARTAMENTO UCAYALI","disa":"UCAYALI","red":"CORONEL PORTILLO","microrred":"SAN FERNANDO","categoria":"ESTABLECIMIENTO DE SALUD SIN INTERNAMIENTO","condicion":"ACTIVO","actualizado":"2023/08/01 19:00:00.000","fuente":"MINSA","urlRenipr":"http://app20.susalud.gob.pe:8080/registro-renipress-webapp/ipress.htm?action=mostrarVer&idipress=00029247"}},{"type":"Feature","geometry":{"type":"Point","coordinates":[-73.67239167999998,-9.045735579999928]},"properties":{"objectid":11914,"nombre":"NOHAYA","departamento":"UCAYALI","provincia":"CORONEL PORTILLO","distrito":"MASISEA","institucion":"GOBIERNO REGIONAL","codigoMinsa":5481,"direccion":"OTROS CASERIO NOHAYA S/N RIO TAMAYA S/N CASERIO NOHAYA S/N RIO TAMAYA MASISEA CORONEL PORTILLO UCAYALI","disa":"UCAYALI","red":"CORONEL PORTILLO","microrred":"MASISEA","categoria":"ESTABLECIMIENTO DE SALUD SIN INTERNAMIENTO","condicion":"ACTIVO","actualizado":"2023/08/01 19:00:00.000","fuente":"MINSA","urlRenipr":"http://app20.susalud.gob.pe:8080/registro-renipress-webapp/ipress.htm?action=mostrarVer&idipress=00005481"}},{"type":"Feature","geometry":{"type":"Point","coordinates":[-74.50253799999996,-8.757277409999972]},"properties":{"objectid":11915,"nombre":"VISTA ALEGRE DE PACHITEA","departamento":"UCAYALI","provincia":"CORONEL PORTILLO","distrito":"MASISEA","institucion":"GOBIERNO REGIONAL","codigoMinsa":5470,"direccion":"OTROS CASERIO VISTA ALEGRE S/N S/N CASERIO VISTA ALEGRE S/N MASISEA CORONEL PORTILLO UCAYALI","disa":"UCAYALI","red":"CORONEL PORTILLO","microrred":"MASISEA","categoria":"ESTABLECIMIENTO DE SALUD SIN INTERNAMIENTO","condicion":"ACTIVO","actualizado":"2023/08/01 19:00:00.000","fuente":"MINSA","urlRenipr":"http://app20.susalud.gob.pe:8080/registro-renipress-webapp/ipress.htm?action=mostrarVer&idipress=00005470"}},{"type":"Feature","geometry":{"type":"Point","coordinates":[-74.61212444999995,-8.166294859999937]},"properties":{"objectid":11916,"nombre":"SAN ANTONIO","departamento":"UCAYALI","provincia":"CORONEL PORTILLO","distrito":"CALLERIA","institucion":"GOBIERNO REGIONAL","codigoMinsa":5462,"direccion":"OTROS CASERIO SAN ANTONIO S/N NÚMERO S/N DISTRITO CALLERIA PROVINCIA CORONEL PORTILLO DEPARTAMENTO UCAYALI","disa":"UCAYALI","red":"CORONEL PORTILLO","microrred":"SAN FERNANDO","categoria":"ESTABLECIMIENTO DE SALUD SIN INTERNAMIENTO","condicion":"ACTIVO","actualizado":"2023/08/01 19:00:00.000","fuente":"MINSA","urlRenipr":"http://app20.susalud.gob.pe:8080/registro-renipress-webapp/ipress.htm?action=mostrarVer&idipress=00005462"}},{"type":"Feature","geometry":{"type":"Point","coordinates":[-75.29456899999997,-8.936703199999954]},"properties":{"objectid":11998,"nombre":"PUESTO DE SALUD NUEVA FLORIDA","departamento":"UCAYALI","provincia":"PADRE ABAD","distrito":"IRAZOLA","institucion":"GOBIERNO REGIONAL","codigoMinsa":30643,"direccion":"CARRETERA CASERIO NUEVA FLORIDA DISTRITO IRAZOLA PROVINCIA PADRE ABAD DEPARTAMENTO UCAYALI","disa":"UCAYALI","red":"AGUAYTIA","microrred":"SAN ALEJANDRO","categoria":"ESTABLECIMIENTO DE SALUD SIN INTERNAMIENTO","condicion":"ACTIVO","actualizado":"2023/08/01 19:00:00.000","fuente":"MINSA","urlRenipr":"http://app20.susalud.gob.pe:8080/registro-renipress-webapp/ipress.htm?action=mostrarVer&idipress=00030643"}},{"type":"Feature","geometry":{"type":"Point","coordinates":[-74.54486349999996,-8.379286899999954]},"properties":{"objectid":12111,"nombre":"CENTRO MEDICO ESPECIALIZADO DEL ORIENTE SAC","departamento":"UCAYALI","provincia":"CORONEL PORTILLO","distrito":"CALLERIA","institucion":"PRIVADO","codigoMinsa":27039,"direccion":"JIRÓN MANCO CAPAC N?ERO 181 DISTRITO CALLERIA PROVINCIA CORONEL PORTILLO DEPARTAMENTO UCAYALI","disa":"UCAYALI","red":"NO PERTENECE A NINGUNA RED","microrred":"NO PERTENECE A NINGUNA MICRORED","categoria":"SERVICIO MÉDICO DE APOYO","condicion":"ACTIVO","actualizado":"2023/08/01 19:00:00.000","fuente":"MINSA","urlRenipr":"http://app20.susalud.gob.pe:8080/registro-renipress-webapp/ipress.htm?action=mostrarVer&idipress=00027039"}},{"type":"Feature","geometry":{"type":"Point","coordinates":[-74.59654119999993,-8.30724429999998]},"properties":{"objectid":12644,"nombre":"LEONCIO PRADO","departamento":"UCAYALI","provincia":"CORONEL PORTILLO","distrito":"YARINACOCHA","institucion":"GOBIERNO REGIONAL","codigoMinsa":5541,"direccion":"OTROS CASERIO LEONCIO PRADO S/N S/N CASERIO LEONCIO PRADO S/N YARINACOCHA CORONEL PORTILLO UCAYALI","disa":"UCAYALI","red":"FEDERICO BASADRE - YARINACOCHA","microrred":"SAN JOSE DE YARINACOCHA","categoria":"ESTABLECIMIENTO DE SALUD SIN INTERNAMIENTO","condicion":"ACTIVO","actualizado":"2023/08/01 19:00:00.000","fuente":"MINSA","urlRenipr":"http://app20.susalud.gob.pe:8080/registro-renipress-webapp/ipress.htm?action=mostrarVer&idipress=00005541"}},{"type":"Feature","geometry":{"type":"Point","coordinates":[-74.77003499999995,-8.367593119999981]},"properties":{"objectid":12645,"nombre":"SEÑOR DE LOS MILAGROS KM 24","departamento":"UCAYALI","provincia":"CORONEL PORTILLO","distrito":"CAMPOVERDE","institucion":"GOBIERNO REGIONAL","codigoMinsa":5441,"direccion":"OTROS C.F.B KM 24 INT.10 KM CASERIO SR. DE LOS MILAGROS C.F.B KM 24 INT.10 KM CASERIO SR. DE LOS MILAGROS CAMPOVERDE CORONEL PORTILLO UCAYALI","disa":"UCAYALI","red":"FEDERICO BASADRE - YARINACOCHA","microrred":"CAMPO VERDE","categoria":"ESTABLECIMIENTO DE SALUD SIN INTERNAMIENTO","condicion":"ACTIVO","actualizado":"2023/08/01 19:00:00.000","fuente":"MINSA","urlRenipr":"http://app20.susalud.gob.pe:8080/registro-renipress-webapp/ipress.htm?action=mostrarVer&idipress=00005441"}},{"type":"Feature","geometry":{"type":"Point","coordinates":[-75.44611872999997,-8.978508169999941]},"properties":{"objectid":12667,"nombre":"HUIPOCA","departamento":"UCAYALI","provincia":"PADRE ABAD","distrito":"PADRE ABAD","institucion":"GOBIERNO REGIONAL","codigoMinsa":5400,"direccion":"CARRETERA CENTRO POBLADO MENOR HUIPOCA AV. SAUL RIOS S/N KM. 147 CARRETERA FEDERICO BASADRE NÚMERO S/N DISTRITO PADRE ABAD PROVINCIA PADRE ABAD DEPARTAMENTO UCAYALI","disa":"UCAYALI","red":"AGUAYTIA","microrred":"AGUAYTIA","categoria":"ESTABLECIMIENTO DE SALUD SIN INTERNAMIENTO","condicion":"ACTIVO","actualizado":"2023/08/01 19:00:00.000","fuente":"MINSA","urlRenipr":"http://app20.susalud.gob.pe:8080/registro-renipress-webapp/ipress.htm?action=mostrarVer&idipress=00005400"}},{"type":"Feature","geometry":{"type":"Point","coordinates":[-74.53755383999999,-8.386780999999928]},"properties":{"objectid":12706,"nombre":"CENTRO MEDICO DEL ROSARIO SRL","departamento":"UCAYALI","provincia":"CORONEL PORTILLO","distrito":"CALLERIA","institucion":"PRIVADO","codigoMinsa":18097,"direccion":"JR. ATALAYA NRO. 164 (POR ESTADIO ALIARDO SORIA) UCAYALI - CORONEL PORTILLO - CALLERIA","disa":"UCAYALI","red":"NO PERTENECE A NINGUNA RED","microrred":"NO PERTENECE A NINGUNA MICRORED","categoria":"ESTABLECIMIENTO DE SALUD SIN INTERNAMIENTO","condicion":"ACTIVO","actualizado":"2023/08/01 19:00:00.000","fuente":"MINSA","urlRenipr":"http://app20.susalud.gob.pe:8080/registro-renipress-webapp/ipress.htm?action=mostrarVer&idipress=00018097"}},{"type":"Feature","geometry":{"type":"Point","coordinates":[-74.81928666999994,-8.137136669999961]},"properties":{"objectid":12724,"nombre":"ESPERANZA DE AGUAYTIA","departamento":"UCAYALI","provincia":"CORONEL PORTILLO","distrito":"NUEVA REQUENA","institucion":"GOBIERNO REGIONAL","codigoMinsa":5447,"direccion":"JIRÓN JR.HABANA MZ 5 LT 6 CASERIO ESPERANZA DE AGUAYTIA DISTRITO NUEVA REQUENA PROVINCIA CORONEL PORTILLO DEPARTAMENTO UCAYALI","disa":"UCAYALI","red":"FEDERICO BASADRE - YARINACOCHA","microrred":"NUEVA REQUENA","categoria":"ESTABLECIMIENTO DE SALUD SIN INTERNAMIENTO","condicion":"ACTIVO","actualizado":"2023/08/01 19:00:00.000","fuente":"MINSA","urlRenipr":"http://app20.susalud.gob.pe:8080/registro-renipress-webapp/ipress.htm?action=mostrarVer&idipress=00005447"}},{"type":"Feature","geometry":{"type":"Point","coordinates":[-73.46200382999996,-10.649959999999965]},"properties":{"objectid":13716,"nombre":"LA FLORESTA","departamento":"UCAYALI","provincia":"ATALAYA","distrito":"RAIMONDI","institucion":"GOBIERNO REGIONAL","codigoMinsa":5510,"direccion":"OTROS CASERIO FLORESTA S/N NÚMERO S/N DISTRITO RAIMONDI PROVINCIA ATALAYA DEPARTAMENTO UCAYALI","disa":"UCAYALI","red":"ATALAYA","microrred":"ATALAYA","categoria":"ESTABLECIMIENTO DE SALUD SIN INTERNAMIENTO","condicion":"ACTIVO","actualizado":"2023/08/01 19:00:00.000","fuente":"MINSA","urlRenipr":"http://app20.susalud.gob.pe:8080/registro-renipress-webapp/ipress.htm?action=mostrarVer&idipress=00005510"}},{"type":"Feature","geometry":{"type":"Point","coordinates":[-74.53226481999997,-8.387725829999965]},"properties":{"objectid":13735,"nombre":"CENTRO MEDICO ODONTOLOGICO RAYMONDI","departamento":"UCAYALI","provincia":"CORONEL PORTILLO","distrito":"CALLERIA","institucion":"PRIVADO","codigoMinsa":10035,"direccion":"JR.RAYMONDI Nº 802","disa":"UCAYALI","red":"NO PERTENECE A NINGUNA RED","microrred":"NO PERTENECE A NINGUNA MICRORED","categoria":"ESTABLECIMIENTO DE SALUD SIN INTERNAMIENTO","condicion":"ACTIVO","actualizado":"2023/08/01 19:00:00.000","fuente":"MINSA","urlRenipr":"http://app20.susalud.gob.pe:8080/registro-renipress-webapp/ipress.htm?action=mostrarVer&idipress=00010035"}},{"type":"Feature","geometry":{"type":"Point","coordinates":[-74.52930349999997,-8.384716099999935]},"properties":{"objectid":13785,"nombre":"RENACERIS SALUD Y BELLEZA","departamento":"UCAYALI","provincia":"CORONEL PORTILLO","distrito":"CALLERIA","institucion":"PRIVADO","codigoMinsa":30787,"direccion":"JIRÓN TARAPACA NÚMERO 960 DISTRITO CALLERIA PROVINCIA CORONEL PORTILLO DEPARTAMENTO UCAYALI","disa":"UCAYALI","red":"","microrred":"","categoria":"ESTABLECIMIENTO DE SALUD SIN INTERNAMIENTO","condicion":"ACTIVO","actualizado":"2023/08/01 19:00:00.000","fuente":"MINSA","urlRenipr":"http://app20.susalud.gob.pe:8080/registro-renipress-webapp/ipress.htm?action=mostrarVer&idipress=00030787"}},{"type":"Feature","geometry":{"type":"Point","coordinates":[-74.31485396999994,-8.855351589999941]},"properties":{"objectid":13989,"nombre":"CAIMITO","departamento":"UCAYALI","provincia":"CORONEL PORTILLO","distrito":"MASISEA","institucion":"GOBIERNO REGIONAL","codigoMinsa":5475,"direccion":"OTROS COMUNIDAD NATIVA CAIMITO S/N S/N COMUNIDAD NATIVA CAIMITO S/N MASISEA CORONEL PORTILLO UCAYALI","disa":"UCAYALI","red":"CORONEL PORTILLO","microrred":"MASISEA","categoria":"ESTABLECIMIENTO DE SALUD SIN INTERNAMIENTO","condicion":"ACTIVO","actualizado":"2023/08/01 19:00:00.000","fuente":"MINSA","urlRenipr":"http://app20.susalud.gob.pe:8080/registro-renipress-webapp/ipress.htm?action=mostrarVer&idipress=00005475"}},{"type":"Feature","geometry":{"type":"Point","coordinates":[-74.54336149999995,-8.41459287999993]},"properties":{"objectid":13990,"nombre":"MANANTAY","departamento":"UCAYALI","provincia":"CORONEL PORTILLO","distrito":"MANANTAY","institucion":"GOBIERNO REGIONAL","codigoMinsa":5553,"direccion":"JIRÓN JR: SAN MARTIN MZ 06 LOTE. 02 AA. HH. MANANTAY JR: SAN MARTIN MZ 06 LOTE. 02 AA. HH. MANANTAY MANANTAY CORONEL PORTILLO UCAYALI","disa":"UCAYALI","red":"CORONEL PORTILLO","microrred":"SAN FERNANDO","categoria":"ESTABLECIMIENTO DE SALUD SIN INTERNAMIENTO","condicion":"ACTIVO","actualizado":"2023/08/01 19:00:00.000","fuente":"MINSA","urlRenipr":"http://app20.susalud.gob.pe:8080/registro-renipress-webapp/ipress.htm?action=mostrarVer&idipress=00005553"}},{"type":"Feature","geometry":{"type":"Point","coordinates":[-74.34111759999996,-8.44155165999996]},"properties":{"objectid":13991,"nombre":"NUEVA ALIANZA","departamento":"UCAYALI","provincia":"CORONEL PORTILLO","distrito":"CALLERIA","institucion":"GOBIERNO REGIONAL","codigoMinsa":7224,"direccion":"OTROS CASERIO NUEVA ALIANZA S/N S/N CASERIO NUEVA ALIANZA S/N CALLERIA CORONEL PORTILLO UCAYALI","disa":"UCAYALI","red":"CORONEL PORTILLO","microrred":"SAN FERNANDO","categoria":"ESTABLECIMIENTO DE SALUD SIN INTERNAMIENTO","condicion":"ACTIVO","actualizado":"2023/08/01 19:00:00.000","fuente":"MINSA","urlRenipr":"http://app20.susalud.gob.pe:8080/registro-renipress-webapp/ipress.htm?action=mostrarVer&idipress=00007224"}},{"type":"Feature","geometry":{"type":"Point","coordinates":[-71.00078126999995,-10.154743989999929]},"properties":{"objectid":13992,"nombre":"GASTA BALA","departamento":"UCAYALI","provincia":"PURUS","distrito":"PURUS","institucion":"GOBIERNO REGIONAL","codigoMinsa":5531,"direccion":"OTROS COMUNIDAD NATIVA GASTA BALA S/N NÚMERO S/N DISTRITO PURUS PROVINCIA PURUS DEPARTAMENTO UCAYALI","disa":"UCAYALI","red":"CORONEL PORTILLO","microrred":"PURUS","categoria":"ESTABLECIMIENTO DE SALUD SIN INTERNAMIENTO","condicion":"ACTIVO","actualizado":"2023/08/01 19:00:00.000","fuente":"MINSA","urlRenipr":"http://app20.susalud.gob.pe:8080/registro-renipress-webapp/ipress.htm?action=mostrarVer&idipress=00005531"}},{"type":"Feature","geometry":{"type":"Point","coordinates":[-75.79428621999995,-9.17825677999997]},"properties":{"objectid":14071,"nombre":"MIGUEL GRAU SEMINARIO","departamento":"UCAYALI","provincia":"PADRE ABAD","distrito":"PADRE ABAD","institucion":"GOBIERNO REGIONAL","codigoMinsa":5403,"direccion":"CARRETERA CASERIO MIGUEL GRAU SEMINARIO S/N KM.121 CARRETERA FEDERICO BASADRE NÚMERO S/N DISTRITO PADRE ABAD PROVINCIA PADRE ABAD DEPARTAMENTO UCAYALI","disa":"UCAYALI","red":"AGUAYTIA","microrred":"AGUAYTIA","categoria":"ESTABLECIMIENTO DE SALUD SIN INTERNAMIENTO","condicion":"ACTIVO","actualizado":"2023/08/01 19:00:00.000","fuente":"MINSA","urlRenipr":"http://app20.susalud.gob.pe:8080/registro-renipress-webapp/ipress.htm?action=mostrarVer&idipress=00005403"}},{"type":"Feature","geometry":{"type":"Point","coordinates":[-75.29456899999997,-8.936703199999954]},"properties":{"objectid":14072,"nombre":"PUESTO DE SALUD NUEVA UNIÓN PALOMETA","departamento":"UCAYALI","provincia":"PADRE ABAD","distrito":"IRAZOLA","institucion":"GOBIERNO REGIONAL","codigoMinsa":30642,"direccion":"CARRETERA CASERÍO NUEVA UNIÓN PALOMETA DISTRITO IRAZOLA PROVINCIA PADRE ABAD DEPARTAMENTO UCAYALI","disa":"UCAYALI","red":"AGUAYTIA","microrred":"SAN ALEJANDRO","categoria":"ESTABLECIMIENTO DE SALUD SIN INTERNAMIENTO","condicion":"ACTIVO","actualizado":"2023/08/01 19:00:00.000","fuente":"MINSA","urlRenipr":"http://app20.susalud.gob.pe:8080/registro-renipress-webapp/ipress.htm?action=mostrarVer&idipress=00030642"}},{"type":"Feature","geometry":{"type":"Point","coordinates":[-75.48765922999996,-9.243097279999972]},"properties":{"objectid":14073,"nombre":"ALTO AGUAYTIA.","departamento":"UCAYALI","provincia":"PADRE ABAD","distrito":"PADRE ABAD","institucion":"GOBIERNO REGIONAL","codigoMinsa":5398,"direccion":"OTROS CASERIO ALTO AGUAYTIA S/N. RIO ALTO - AGUAYTIA NÚMERO S/N DISTRITO PADRE ABAD PROVINCIA PADRE ABAD DEPARTAMENTO UCAYALI","disa":"UCAYALI","red":"AGUAYTIA","microrred":"AGUAYTIA","categoria":"ESTABLECIMIENTO DE SALUD SIN INTERNAMIENTO","condicion":"ACTIVO","actualizado":"2023/08/01 19:00:00.000","fuente":"MINSA","urlRenipr":"http://app20.susalud.gob.pe:8080/registro-renipress-webapp/ipress.htm?action=mostrarVer&idipress=00005398"}},{"type":"Feature","geometry":{"type":"Point","coordinates":[-74.53559525999998,-8.379782109999951]},"properties":{"objectid":14091,"nombre":"CLINICA DENTAL ORTIZ E.I.R.L","departamento":"UCAYALI","provincia":"CORONEL PORTILLO","distrito":"CALLERIA","institucion":"PRIVADO","codigoMinsa":10941,"direccion":"JIRÓN JR. ZAVALA N° 385 - MZ. 73 - LOTE 28 DISTRITO CALLERIA PROVINCIA CORONEL PORTILLO DEPARTAMENTO UCAYALI","disa":"UCAYALI","red":"NO PERTENECE A NINGUNA RED","microrred":"NO PERTENECE A NINGUNA MICRORED","categoria":"ESTABLECIMIENTO DE SALUD SIN INTERNAMIENTO","condicion":"ACTIVO","actualizado":"2023/08/01 19:00:00.000","fuente":"MINSA","urlRenipr":"http://app20.susalud.gob.pe:8080/registro-renipress-webapp/ipress.htm?action=mostrarVer&idipress=00010941"}},{"type":"Feature","geometry":{"type":"Point","coordinates":[-73.76131940999994,-10.728776449999941]},"properties":{"objectid":14254,"nombre":"CENTRO DE SALUD ATALAYA","departamento":"UCAYALI","provincia":"ATALAYA","distrito":"RAIMONDI","institucion":"ESSALUD","codigoMinsa":9592,"direccion":"JIRÓN JR. LAS CAOBAS MZ99 LOTE 4 DISTRITO RAIMONDI PROVINCIA ATALAYA DEPARTAMENTO UCAYALI","disa":"UCAYALI","red":"NO PERTENECE A NINGUNA RED","microrred":"NO PERTENECE A NINGUNA MICRORED","categoria":"ESTABLECIMIENTO DE SALUD SIN INTERNAMIENTO","condicion":"ACTIVO","actualizado":"2023/08/01 19:00:00.000","fuente":"MINSA","urlRenipr":"http://app20.susalud.gob.pe:8080/registro-renipress-webapp/ipress.htm?action=mostrarVer&idipress=00009592"}},{"type":"Feature","geometry":{"type":"Point","coordinates":[-74.80522413999995,-8.472368919999951]},"properties":{"objectid":14255,"nombre":"POSTA MEDICA CAMPO VERDE","departamento":"UCAYALI","provincia":"CORONEL PORTILLO","distrito":"CAMPOVERDE","institucion":"ESSALUD","codigoMinsa":9604,"direccion":"CALLE CALLE MUNICIPAL S/N CAMPO VERDE NÚMERO S/N DISTRITO CAMPOVERDE PROVINCIA CORONEL PORTILLO DEPARTAMENTO UCAYALI","disa":"UCAYALI","red":"NO PERTENECE A NINGUNA RED","microrred":"NO PERTENECE A NINGUNA MICRORED","categoria":"ESTABLECIMIENTO DE SALUD SIN INTERNAMIENTO","condicion":"ACTIVO","actualizado":"2023/08/01 19:00:00.000","fuente":"MINSA","urlRenipr":"http://app20.susalud.gob.pe:8080/registro-renipress-webapp/ipress.htm?action=mostrarVer&idipress=00009604"}},{"type":"Feature","geometry":{"type":"Point","coordinates":[-74.55983408999998,-8.375229349999927]},"properties":{"objectid":14256,"nombre":"CENTRO DE ATENCION INTEGRAL ESSALUD ALAMEDAS","departamento":"UCAYALI","provincia":"CORONEL PORTILLO","distrito":"YARINACOCHA","institucion":"ESSALUD","codigoMinsa":9598,"direccion":"JIRÓN JR.LOS HELECHOS MZ F LOTE 13 DISTRITO YARINACOCHA PROVINCIA CORONEL PORTILLO DEPARTAMENTO UCAYALI","disa":"UCAYALI","red":"NO PERTENECE A NINGUNA RED","microrred":"NO PERTENECE A NINGUNA MICRORED","categoria":"ESTABLECIMIENTO DE SALUD SIN INTERNAMIENTO","condicion":"ACTIVO","actualizado":"2023/08/01 19:00:00.000","fuente":"MINSA","urlRenipr":"http://app20.susalud.gob.pe:8080/registro-renipress-webapp/ipress.htm?action=mostrarVer&idipress=00009598"}},{"type":"Feature","geometry":{"type":"Point","coordinates":[-74.58261659999994,-8.392862199999968]},"properties":{"objectid":14655,"nombre":"BAP. \"CURARAY\"","departamento":"UCAYALI","provincia":"CORONEL PORTILLO","distrito":"CALLERIA","institucion":"SANIDAD DE LA MARINA DE GUERRA DEL PERU","codigoMinsa":26159,"direccion":"AVENIDA CAHUIDE SIN NUMERO NÚMERO SIN NUMERO DISTRITO CALLERIA PROVINCIA CORONEL PORTILLO DEPARTAMENTO UCAYALI","disa":"UCAYALI","red":"NO PERTENECE A NINGUNA RED","microrred":"NO PERTENECE A NINGUNA MICRORED","categoria":"OFERTA FLEXIBLE","condicion":"ACTIVO","actualizado":"2023/08/01 19:00:00.000","fuente":"MINSA","urlRenipr":"http://app20.susalud.gob.pe:8080/registro-renipress-webapp/ipress.htm?action=mostrarVer&idipress=00026159"}},{"type":"Feature","geometry":{"type":"Point","coordinates":[-74.53089375999997,-8.378691209999943]},"properties":{"objectid":14666,"nombre":"BIOTEC LAB","departamento":"UCAYALI","provincia":"CORONEL PORTILLO","distrito":"CALLERIA","institucion":"PRIVADO","codigoMinsa":29728,"direccion":"JIRÓN Jose Del Carmen Cabrejos NÚMERO 172 MANZANA 100 LOTE 11 DISTRITO CALLERIA PROVINCIA CORONEL PORTILLO DEPARTAMENTO UCAYALI","disa":"UCAYALI","red":"","microrred":"","categoria":"SERVICIO MÉDICO DE APOYO","condicion":"ACTIVO","actualizado":"2023/08/01 19:00:00.000","fuente":"MINSA","urlRenipr":"http://app20.susalud.gob.pe:8080/registro-renipress-webapp/ipress.htm?action=mostrarVer&idipress=00029728"}},{"type":"Feature","geometry":{"type":"Point","coordinates":[-74.86326515999997,-8.478943409999943]},"properties":{"objectid":14711,"nombre":"YERBAS BUENAS","departamento":"UCAYALI","provincia":"CORONEL PORTILLO","distrito":"CAMPOVERDE","institucion":"GOBIERNO REGIONAL","codigoMinsa":7080,"direccion":"CARRETERA CARRETERA FEDERICO BASADRE KM.38 INTERIOR 3.500 CASERIO YERBAS BUENAS CARRETERA FEDERICO BASADRE KM.38 INTERIOR 3.500 CASERIO YERBAS BUENAS CAMPOVERDE CORONEL PORTILLO UCAYALI","disa":"UCAYALI","red":"FEDERICO BASADRE - YARINACOCHA","microrred":"CAMPO VERDE","categoria":"ESTABLECIMIENTO DE SALUD SIN INTERNAMIENTO","condicion":"ACTIVO","actualizado":"2023/08/01 19:00:00.000","fuente":"MINSA","urlRenipr":"http://app20.susalud.gob.pe:8080/registro-renipress-webapp/ipress.htm?action=mostrarVer&idipress=00007080"}},{"type":"Feature","geometry":{"type":"Point","coordinates":[-74.80811637999994,-8.521925109999927]},"properties":{"objectid":14712,"nombre":"PIMENTAL","departamento":"UCAYALI","provincia":"CORONEL PORTILLO","distrito":"CAMPOVERDE","institucion":"GOBIERNO REGIONAL","codigoMinsa":5432,"direccion":"CARRETERA CARRETERA FEDERICO BASADRE KM.34 INTERIOR 5 CARRETERA TOURNAVISTA CARRETERA FEDERICO BASADRE KM.34 INTERIOR 5 CARRETERA TOURNAVISTA CAMPOVERDE CORONEL PORTILLO UCAYALI","disa":"UCAYALI","red":"FEDERICO BASADRE - YARINACOCHA","microrred":"CAMPO VERDE","categoria":"ESTABLECIMIENTO DE SALUD SIN INTERNAMIENTO","condicion":"ACTIVO","actualizado":"2023/08/01 19:00:00.000","fuente":"MINSA","urlRenipr":"http://app20.susalud.gob.pe:8080/registro-renipress-webapp/ipress.htm?action=mostrarVer&idipress=00005432"}},{"type":"Feature","geometry":{"type":"Point","coordinates":[-74.80684539999999,-8.476121199999966]},"properties":{"objectid":14713,"nombre":"ALTO 9 DE FEBRERO","departamento":"UCAYALI","provincia":"CORONEL PORTILLO","distrito":"CAMPOVERDE","institucion":"GOBIERNO REGIONAL","codigoMinsa":21550,"direccion":"CARRETERA CASERIO ALTO 9 DE FEBRERO KM.50 INTERIOR 10 CARRETERA FEDERICO BASADRE DISTRITO CAMPOVERDE PROVINCIA CORONEL PORTILLO DEPARTAMENTO UCAYALI","disa":"UCAYALI","red":"FEDERICO BASADRE - YARINACOCHA","microrred":"CAMPO VERDE","categoria":"ESTABLECIMIENTO DE SALUD SIN INTERNAMIENTO","condicion":"ACTIVO","actualizado":"2023/08/01 19:00:00.000","fuente":"MINSA","urlRenipr":"http://app20.susalud.gob.pe:8080/registro-renipress-webapp/ipress.htm?action=mostrarVer&idipress=00021550"}},{"type":"Feature","geometry":{"type":"Point","coordinates":[-74.58261659999994,-8.392862199999968]},"properties":{"objectid":14714,"nombre":"CENTRO DE SALUD MENTAL COMUNITARIO BENA MANATI","departamento":"UCAYALI","provincia":"CORONEL PORTILLO","distrito":"CALLERIA","institucion":"GOBIERNO REGIONAL","codigoMinsa":28683,"direccion":"JIRÓN JIRON GRAU 220 AAHH NUEVO PARAISO MZD LT1 220 FRENTE AL CENTRO DE SALUD NUEVO PARAISO. CALLERIA CORONEL PORTILLO UCAYALI","disa":"UCAYALI","red":"FEDERICO BASADRE - YARINACOCHA","microrred":"NUEVO PARAISO","categoria":"ESTABLECIMIENTO DE SALUD SIN INTERNAMIENTO","condicion":"ACTIVO","actualizado":"2023/08/01 19:00:00.000","fuente":"MINSA","urlRenipr":"http://app20.susalud.gob.pe:8080/registro-renipress-webapp/ipress.htm?action=mostrarVer&idipress=00028683"}},{"type":"Feature","geometry":{"type":"Point","coordinates":[-74.54334719999997,-8.38247279999996]},"properties":{"objectid":14716,"nombre":"GLOBAL MEDIC","departamento":"UCAYALI","provincia":"CORONEL PORTILLO","distrito":"CALLERIA","institucion":"PRIVADO","codigoMinsa":27311,"direccion":"JIRÓN LEONCIO PRADO NÚMERO 125 DISTRITO CALLERIA PROVINCIA CORONEL PORTILLO DEPARTAMENTO UCAYALI","disa":"UCAYALI","red":"NO PERTENECE A NINGUNA RED","microrred":"NO PERTENECE A NINGUNA MICRORED","categoria":"ESTABLECIMIENTO DE SALUD SIN INTERNAMIENTO","condicion":"ACTIVO","actualizado":"2023/08/01 19:00:00.000","fuente":"MINSA","urlRenipr":"http://app20.susalud.gob.pe:8080/registro-renipress-webapp/ipress.htm?action=mostrarVer&idipress=00027311"}},{"type":"Feature","geometry":{"type":"Point","coordinates":[-74.56385559999995,-8.398469979999959]},"properties":{"objectid":14801,"nombre":"CENTRO MEDICO TERAN EIRL","departamento":"UCAYALI","provincia":"CORONEL PORTILLO","distrito":"MANANTAY","institucion":"PRIVADO","codigoMinsa":21747,"direccion":"AVENIDA AV. TUPAC AMARU MZ 7 LT 16 AA HH 4 DE JUNIO DISTRITO MANANTAY PROVINCIA CORONEL PORTILLO DEPARTAMENTO UCAYALI","disa":"","red":"","microrred":"","categoria":"ESTABLECIMIENTO DE SALUD SIN INTERNAMIENTO","condicion":"RUC INACTIVO EN SUNAT","actualizado":"2023/08/01 19:00:00.000","fuente":"MINSA","urlRenipr":"http://app20.susalud.gob.pe:8080/registro-renipress-webapp/ipress.htm?action=mostrarVer&idipress=00021747"}},{"type":"Feature","geometry":{"type":"Point","coordinates":[-74.53438273999996,-8.381800209999938]},"properties":{"objectid":15012,"nombre":"CLINICA ESMEDIC E.I.R.L.","departamento":"UCAYALI","provincia":"CORONEL PORTILLO","distrito":"CALLERIA","institucion":"PRIVADO","codigoMinsa":8589,"direccion":"JIRÓN JR. PROGRESO Nº 465 DISTRITO CALLERIA PROVINCIA CORONEL PORTILLO DEPARTAMENTO UCAYALI","disa":"UCAYALI","red":"NO PERTENECE A NINGUNA RED","microrred":"NO PERTENECE A NINGUNA MICRORED","categoria":"ESTABLECIMIENTO DE SALUD SIN INTERNAMIENTO","condicion":"ACTIVO","actualizado":"2023/08/01 19:00:00.000","fuente":"MINSA","urlRenipr":"http://app20.susalud.gob.pe:8080/registro-renipress-webapp/ipress.htm?action=mostrarVer&idipress=00008589"}},{"type":"Feature","geometry":{"type":"Point","coordinates":[-73.75450066999997,-10.72800166999997]},"properties":{"objectid":15064,"nombre":"POLICLINICO MISIONERO E.I.R.L.","departamento":"UCAYALI","provincia":"ATALAYA","distrito":"RAIMONDI","institucion":"PRIVADO","codigoMinsa":14348,"direccion":"JR. RIOJA MAZ. 30","disa":"UCAYALI","red":"NO PERTENECE A NINGUNA RED","microrred":"NO PERTENECE A NINGUNA MICRORED","categoria":"ESTABLECIMIENTO DE SALUD SIN INTERNAMIENTO","condicion":"ACTIVO","actualizado":"2023/08/01 19:00:00.000","fuente":"MINSA","urlRenipr":"http://app20.susalud.gob.pe:8080/registro-renipress-webapp/ipress.htm?action=mostrarVer&idipress=00014348"}},{"type":"Feature","geometry":{"type":"Point","coordinates":[-74.55450201999997,-8.37864946999997]},"properties":{"objectid":15299,"nombre":"CENTRO DE DIALISIS NOSTRA SIGNORA DI LOURDES SAC","departamento":"UCAYALI","provincia":"CORONEL PORTILLO","distrito":"YARINACOCHA","institucion":"OTRO","codigoMinsa":26820,"direccion":"JIRÓN ROSA MERINO MANZANA A LOTE 20 DISTRITO YARINACOCHA PROVINCIA CORONEL PORTILLO DEPARTAMENTO UCAYALI","disa":"UCAYALI","red":"NO PERTENECE A NINGUNA RED","microrred":"NO PERTENECE A NINGUNA MICRORED","categoria":"SERVICIO MÉDICO DE APOYO","condicion":"ACTIVO","actualizado":"2023/08/01 19:00:00.000","fuente":"MINSA","urlRenipr":"http://app20.susalud.gob.pe:8080/registro-renipress-webapp/ipress.htm?action=mostrarVer&idipress=00026820"}},{"type":"Feature","geometry":{"type":"Point","coordinates":[-74.53826537999998,-8.381745609999939]},"properties":{"objectid":15372,"nombre":"CLINICA JUAN PABLO II","departamento":"UCAYALI","provincia":"CORONEL PORTILLO","distrito":"CALLERIA","institucion":"PRIVADO","codigoMinsa":26079,"direccion":"AVENIDA SAENZ PEÑA 124 FRENTE OVALO SAENZ PEÑA CALLERIA CORONEL PORTILLO UCAYALI","disa":"UCAYALI","red":"NO PERTENECE A NINGUNA RED","microrred":"NO PERTENECE A NINGUNA MICRORED","categoria":"ESTABLECIMIENTO DE SALUD CON INTERNAMIENTO","condicion":"ANOTACIÓN","actualizado":"2023/08/01 19:00:00.000","fuente":"MINSA","urlRenipr":"http://app20.susalud.gob.pe:8080/registro-renipress-webapp/ipress.htm?action=mostrarVer&idipress=00026079"}},{"type":"Feature","geometry":{"type":"Point","coordinates":[-74.24034813999998,-8.43305528999997]},"properties":{"objectid":16032,"nombre":"MAZARAY","departamento":"UCAYALI","provincia":"CORONEL PORTILLO","distrito":"CALLERIA","institucion":"GOBIERNO REGIONAL","codigoMinsa":5453,"direccion":"OTROS CASERIO MAZARAY S/N S/N CASERIO MAZARAY S/N CALLERIA CORONEL PORTILLO UCAYALI","disa":"UCAYALI","red":"CORONEL PORTILLO","microrred":"SAN FERNANDO","categoria":"ESTABLECIMIENTO DE SALUD SIN INTERNAMIENTO","condicion":"ACTIVO","actualizado":"2023/08/01 19:00:00.000","fuente":"MINSA","urlRenipr":"http://app20.susalud.gob.pe:8080/registro-renipress-webapp/ipress.htm?action=mostrarVer&idipress=00005453"}},{"type":"Feature","geometry":{"type":"Point","coordinates":[-70.92833021999996,-9.947610219999945]},"properties":{"objectid":16033,"nombre":"MIGUEL GRAU","departamento":"UCAYALI","provincia":"PURUS","distrito":"PURUS","institucion":"GOBIERNO REGIONAL","codigoMinsa":16729,"direccion":"OTROS CC.NN.MIGUEL GRAU -RIO CURANJA PURÚS DISTRITO PURUS PROVINCIA PURUS DEPARTAMENTO UCAYALI","disa":"UCAYALI","red":"CORONEL PORTILLO","microrred":"PURUS","categoria":"ESTABLECIMIENTO DE SALUD SIN INTERNAMIENTO","condicion":"ACTIVO","actualizado":"2023/08/01 19:00:00.000","fuente":"MINSA","urlRenipr":"http://app20.susalud.gob.pe:8080/registro-renipress-webapp/ipress.htm?action=mostrarVer&idipress=00016729"}},{"type":"Feature","geometry":{"type":"Point","coordinates":[-74.42632379999998,-8.08906356999995]},"properties":{"objectid":16034,"nombre":"SAN MIGUEL DE CALLERIA","departamento":"UCAYALI","provincia":"CORONEL PORTILLO","distrito":"CALLERIA","institucion":"GOBIERNO REGIONAL","codigoMinsa":5468,"direccion":"CALLE CASERIO SAN MIGUEL DE CALLERIA -MARGEN IZQUIERDA DEL RIO CALLERIA DISTRITO CALLERIA PROVINCIA CORONEL PORTILLO DEPARTAMENTO UCAYALI","disa":"UCAYALI","red":"CORONEL PORTILLO","microrred":"SAN FERNANDO","categoria":"ESTABLECIMIENTO DE SALUD SIN INTERNAMIENTO","condicion":"ACTIVO","actualizado":"2023/08/01 19:00:00.000","fuente":"MINSA","urlRenipr":"http://app20.susalud.gob.pe:8080/registro-renipress-webapp/ipress.htm?action=mostrarVer&idipress=00005468"}},{"type":"Feature","geometry":{"type":"Point","coordinates":[-73.95270073999995,-8.406188439999937]},"properties":{"objectid":16035,"nombre":"SANTA ROSA DE ABUJAO","departamento":"UCAYALI","provincia":"CORONEL PORTILLO","distrito":"MASISEA","institucion":"GOBIERNO REGIONAL","codigoMinsa":5480,"direccion":"OTROS CASERIO SANTA ROSA DE ABUJAO S/N S/N CASERIO SANTA ROSA DE ABUJAO S/N MASISEA CORONEL PORTILLO UCAYALI","disa":"UCAYALI","red":"CORONEL PORTILLO","microrred":"SAN FERNANDO","categoria":"ESTABLECIMIENTO DE SALUD SIN INTERNAMIENTO","condicion":"ACTIVO","actualizado":"2023/08/01 19:00:00.000","fuente":"MINSA","urlRenipr":"http://app20.susalud.gob.pe:8080/registro-renipress-webapp/ipress.htm?action=mostrarVer&idipress=00005480"}},{"type":"Feature","geometry":{"type":"Point","coordinates":[-74.58724610999997,-8.414106409999931]},"properties":{"objectid":16036,"nombre":"LA FLORIDA","departamento":"UCAYALI","provincia":"CORONEL PORTILLO","distrito":"CALLERIA","institucion":"GOBIERNO REGIONAL","codigoMinsa":5561,"direccion":"OTROS CASERIO LA FLORIDA S/N CALLERIA CORONEL PORTILLO UCAYALI","disa":"UCAYALI","red":"CORONEL PORTILLO","microrred":"09 DE OCTUBRE","categoria":"ESTABLECIMIENTO DE SALUD SIN INTERNAMIENTO","condicion":"ACTIVO","actualizado":"2023/08/01 19:00:00.000","fuente":"MINSA","urlRenipr":"http://app20.susalud.gob.pe:8080/registro-renipress-webapp/ipress.htm?action=mostrarVer&idipress=00005561"}},{"type":"Feature","geometry":{"type":"Point","coordinates":[-74.52987329999996,-8.378737629999932]},"properties":{"objectid":16177,"nombre":"CENTRO MEDICO IBAZETA LAB S.A.C.","departamento":"UCAYALI","provincia":"CORONEL PORTILLO","distrito":"CALLERIA","institucion":"PRIVADO","codigoMinsa":20757,"direccion":"JIRÓN JR. ADOLFO MOREY Nº227 DISTRITO CALLERIA PROVINCIA CORONEL PORTILLO DEPARTAMENTO UCAYALI","disa":"UCAYALI","red":"NO PERTENECE A NINGUNA RED","microrred":"NO PERTENECE A NINGUNA MICRORED","categoria":"ESTABLECIMIENTO DE SALUD SIN INTERNAMIENTO","condicion":"ACTIVO","actualizado":"2023/08/01 19:00:00.000","fuente":"MINSA","urlRenipr":"http://app20.susalud.gob.pe:8080/registro-renipress-webapp/ipress.htm?action=mostrarVer&idipress=00020757"}},{"type":"Feature","geometry":{"type":"Point","coordinates":[-74.56245033999994,-8.399293579999949]},"properties":{"objectid":16258,"nombre":"POSTA MEDICA DE MANANTAY","departamento":"UCAYALI","provincia":"CORONEL PORTILLO","distrito":"MANANTAY","institucion":"ESSALUD","codigoMinsa":13874,"direccion":"AVENIDA AV.AVIACION S/N MANANTAY NÚMERO S/N DISTRITO MANANTAY PROVINCIA CORONEL PORTILLO DEPARTAMENTO UCAYALI","disa":"UCAYALI","red":"NO PERTENECE A NINGUNA RED","microrred":"NO PERTENECE A NINGUNA MICRORED","categoria":"ESTABLECIMIENTO DE SALUD SIN INTERNAMIENTO","condicion":"ACTIVO","actualizado":"2023/08/01 19:00:00.000","fuente":"MINSA","urlRenipr":"http://app20.susalud.gob.pe:8080/registro-renipress-webapp/ipress.htm?action=mostrarVer&idipress=00013874"}},{"type":"Feature","geometry":{"type":"Point","coordinates":[-74.00467032999995,-10.254722669999978]},"properties":{"objectid":16359,"nombre":"TONIROMASHI","departamento":"UCAYALI","provincia":"ATALAYA","distrito":"TAHUANIA","institucion":"GOBIERNO REGIONAL","codigoMinsa":7106,"direccion":"OTROS CCNN TORINOMASHI S/N NÚMERO S/N DISTRITO TAHUANIA PROVINCIA ATALAYA DEPARTAMENTO UCAYALI","disa":"UCAYALI","red":"ATALAYA","microrred":"BOLOGNESI","categoria":"ESTABLECIMIENTO DE SALUD SIN INTERNAMIENTO","condicion":"ACTIVO","actualizado":"2023/08/01 19:00:00.000","fuente":"MINSA","urlRenipr":"http://app20.susalud.gob.pe:8080/registro-renipress-webapp/ipress.htm?action=mostrarVer&idipress=00007106"}},{"type":"Feature","geometry":{"type":"Point","coordinates":[-74.56659709999997,-8.364639499999953]},"properties":{"objectid":16643,"nombre":"POLICLINICO POLICIAL PUCALLPA","departamento":"UCAYALI","provincia":"CORONEL PORTILLO","distrito":"CALLERIA","institucion":"SANIDAD DE LA POLICIA NACIONAL DEL PERU","codigoMinsa":10148,"direccion":"JIRÓN JIRON SUCRE CUARTA CUADRA S/N MZ B LOTE 18 Y 19- PUCALLPA N?ERO S/N DISTRITO CALLERIA PROVINCIA CORONEL PORTILLO DEPARTAMENTO UCAYALI","disa":"UCAYALI","red":"NO PERTENECE A NINGUNA RED","microrred":"NO PERTENECE A NINGUNA MICRORED","categoria":"ESTABLECIMIENTO DE SALUD SIN INTERNAMIENTO","condicion":"ACTIVO","actualizado":"2023/08/01 19:00:00.000","fuente":"MINSA","urlRenipr":"http://app20.susalud.gob.pe:8080/registro-renipress-webapp/ipress.htm?action=mostrarVer&idipress=00010148"}},{"type":"Feature","geometry":{"type":"Point","coordinates":[-74.66776799999997,-8.391584999999964]},"properties":{"objectid":16690,"nombre":"POSTA SANITARIA DE MISION SUIZA","departamento":"UCAYALI","provincia":"CORONEL PORTILLO","distrito":"YARINACOCHA","institucion":"PRIVADO","codigoMinsa":16333,"direccion":"AVENIDA AV. CASHIVOCOCHA KM15 DE LA CFB INT.KM.3 DE LA CARRETERA CASHIVOCOCHA DISTRITO YARINACOCHA PROVINCIA CORONEL PORTILLO DEPARTAMENTO UCAYALI","disa":"UCAYALI","red":"","microrred":"NO PERTENECE A NINGUNA MICRORED","categoria":"ESTABLECIMIENTO DE SALUD SIN INTERNAMIENTO","condicion":"ACTIVO","actualizado":"2023/08/01 19:00:00.000","fuente":"MINSA","urlRenipr":"http://app20.susalud.gob.pe:8080/registro-renipress-webapp/ipress.htm?action=mostrarVer&idipress=00016333"}},{"type":"Feature","geometry":{"type":"Point","coordinates":[-75.05855207999997,-8.524445059999948]},"properties":{"objectid":16747,"nombre":"VILLA DEL CAMPO","departamento":"UCAYALI","provincia":"PADRE ABAD","distrito":"NESHUYA","institucion":"GOBIERNO REGIONAL","codigoMinsa":7116,"direccion":"CARRETERA CASERIO VILLA DEL CAMPO S/N CARRETERA CURIMANA KM. 18 CASERIO VILLA DEL CAMPO S/N CARRETERA CURIMANA KM. 18 NESHUYA PADRE ABAD UCAYALI","disa":"UCAYALI","red":"FEDERICO BASADRE - YARINACOCHA","microrred":"MONTE ALEGRE-CURIMANA","categoria":"ESTABLECIMIENTO DE SALUD SIN INTERNAMIENTO","condicion":"ACTIVO","actualizado":"2023/08/01 19:00:00.000","fuente":"MINSA","urlRenipr":"http://app20.susalud.gob.pe:8080/registro-renipress-webapp/ipress.htm?action=mostrarVer&idipress=00007116"}},{"type":"Feature","geometry":{"type":"Point","coordinates":[-74.67801724999998,-8.415054149999946]},"properties":{"objectid":16748,"nombre":"TIERRA BUENA","departamento":"UCAYALI","provincia":"CORONEL PORTILLO","distrito":"CAMPOVERDE","institucion":"GOBIERNO REGIONAL","codigoMinsa":12260,"direccion":"CARRETERA CENTRO POBLADO TIERRA BUENA S/N MARGEN DEREHA CARRETERA FEDERICO BASADRE KM.17 S/N CENTRO POBLADO TIERRA BUENA S/N MARGEN DEREHA CARRETERA FEDERICO BASADRE KM.17 CAMPOVERDE CORONEL PORTILLO UCAYALI","disa":"UCAYALI","red":"FEDERICO BASADRE - YARINACOCHA","microrred":"CAMPO VERDE","categoria":"ESTABLECIMIENTO DE SALUD SIN INTERNAMIENTO","condicion":"ACTIVO","actualizado":"2023/08/01 19:00:00.000","fuente":"MINSA","urlRenipr":"http://app20.susalud.gob.pe:8080/registro-renipress-webapp/ipress.htm?action=mostrarVer&idipress=00012260"}},{"type":"Feature","geometry":{"type":"Point","coordinates":[-74.57592099999994,-8.355861189999928]},"properties":{"objectid":16749,"nombre":"LABORATORIO DE REFERENCIA REGIONAL EN SALUD PUBLICA UCAYALI","departamento":"UCAYALI","provincia":"CORONEL PORTILLO","distrito":"YARINACOCHA","institucion":"GOBIERNO REGIONAL","codigoMinsa":14314,"direccion":"AVENIDA YARINACOCHA 360 YARINACOCHA CORONEL PORTILLO UCAYALI","disa":"UCAYALI","red":"NO PERTENECE A NINGUNA RED","microrred":"NO PERTENECE A NINGUNA MICRORED","categoria":"SERVICIO MÉDICO DE APOYO","condicion":"ACTIVO","actualizado":"2023/08/01 19:00:00.000","fuente":"MINSA","urlRenipr":"http://app20.susalud.gob.pe:8080/registro-renipress-webapp/ipress.htm?action=mostrarVer&idipress=00014314"}},{"type":"Feature","geometry":{"type":"Point","coordinates":[-74.18132656999995,-9.401651969999932]},"properties":{"objectid":16750,"nombre":"PUEBLO NUEVO DEL CACO","departamento":"UCAYALI","provincia":"CORONEL PORTILLO","distrito":"IPARIA","institucion":"GOBIERNO REGIONAL","codigoMinsa":5495,"direccion":"OTROS COMUNIDAD NATIVA PUEBLO NUEVO DEL CACO S/N NÚMERO S/N DISTRITO IPARIA PROVINCIA CORONEL PORTILLO DEPARTAMENTO UCAYALI","disa":"UCAYALI","red":"CORONEL PORTILLO","microrred":"IPARIA","categoria":"ESTABLECIMIENTO DE SALUD SIN INTERNAMIENTO","condicion":"ACTIVO","actualizado":"2023/08/01 19:00:00.000","fuente":"MINSA","urlRenipr":"http://app20.susalud.gob.pe:8080/registro-renipress-webapp/ipress.htm?action=mostrarVer&idipress=00005495"}},{"type":"Feature","geometry":{"type":"Point","coordinates":[-74.92312222999993,-8.470126189999974]},"properties":{"objectid":16826,"nombre":"NUEVA TUNUYA","departamento":"UCAYALI","provincia":"CORONEL PORTILLO","distrito":"CAMPOVERDE","institucion":"GOBIERNO REGIONAL","codigoMinsa":11909,"direccion":"CARRETERA CASERIO TUNUYA S/N CARRETERA FEDERICO BASADRE KM.40 -INTERIOR 10 KM. NÚMERO S/N DISTRITO CAMPOVERDE PROVINCIA CORONEL PORTILLO DEPARTAMENTO UCAYALI","disa":"UCAYALI","red":"FEDERICO BASADRE - YARINACOCHA","microrred":"CAMPO VERDE","categoria":"ESTABLECIMIENTO DE SALUD SIN INTERNAMIENTO","condicion":"ACTIVO","actualizado":"2023/08/01 19:00:00.000","fuente":"MINSA","urlRenipr":"http://app20.susalud.gob.pe:8080/registro-renipress-webapp/ipress.htm?action=mostrarVer&idipress=00011909"}},{"type":"Feature","geometry":{"type":"Point","coordinates":[-74.88118999999995,-8.377898329999937]},"properties":{"objectid":16827,"nombre":"SARITA COLONIA","departamento":"UCAYALI","provincia":"CORONEL PORTILLO","distrito":"CAMPOVERDE","institucion":"GOBIERNO REGIONAL","codigoMinsa":5444,"direccion":"OTROS CASERIO SARITA COLONIA S/N NÚMERO S/N DISTRITO CAMPOVERDE PROVINCIA CORONEL PORTILLO DEPARTAMENTO UCAYALI","disa":"UCAYALI","red":"FEDERICO BASADRE - YARINACOCHA","microrred":"NUEVA REQUENA","categoria":"ESTABLECIMIENTO DE SALUD SIN INTERNAMIENTO","condicion":"ACTIVO","actualizado":"2023/08/01 19:00:00.000","fuente":"MINSA","urlRenipr":"http://app20.susalud.gob.pe:8080/registro-renipress-webapp/ipress.htm?action=mostrarVer&idipress=00005444"}},{"type":"Feature","geometry":{"type":"Point","coordinates":[-74.53113145999998,-8.37932700999994]},"properties":{"objectid":17150,"nombre":"CLÍNICA MONTE HOREB S.A.","departamento":"UCAYALI","provincia":"CORONEL PORTILLO","distrito":"CALLERIA","institucion":"PRIVADO","codigoMinsa":12118,"direccion":"JIRÓN JR.INMACULADA Nº 529 JR.INMACULADA Nº 529 CALLERIA CORONEL PORTILLO UCAYALI","disa":"UCAYALI","red":"NO PERTENECE A NINGUNA RED","microrred":"NO PERTENECE A NINGUNA MICRORED","categoria":"ESTABLECIMIENTO DE SALUD CON INTERNAMIENTO","condicion":"ACTIVO","actualizado":"2023/08/01 19:00:00.000","fuente":"MINSA","urlRenipr":"http://app20.susalud.gob.pe:8080/registro-renipress-webapp/ipress.htm?action=mostrarVer&idipress=00012118"}},{"type":"Feature","geometry":{"type":"Point","coordinates":[-72.58077299999997,-11.437161169999968]},"properties":{"objectid":17833,"nombre":"SANTA ROSA DE SERJALI","departamento":"UCAYALI","provincia":"ATALAYA","distrito":"SEPAHUA","institucion":"GOBIERNO REGIONAL","codigoMinsa":19549,"direccion":"OTROS CC.NN.SANTA ROSA DE SERJALI DISTRITO SEPAHUA PROVINCIA ATALAYA DEPARTAMENTO UCAYALI","disa":"UCAYALI","red":"ATALAYA","microrred":"SEPAHUA","categoria":"ESTABLECIMIENTO DE SALUD SIN INTERNAMIENTO","condicion":"ACTIVO","actualizado":"2023/08/01 19:00:00.000","fuente":"MINSA","urlRenipr":"http://app20.susalud.gob.pe:8080/registro-renipress-webapp/ipress.htm?action=mostrarVer&idipress=00019549"}},{"type":"Feature","geometry":{"type":"Point","coordinates":[-73.04403766999997,-11.144126829999948]},"properties":{"objectid":17834,"nombre":"SEPAHUA","departamento":"UCAYALI","provincia":"ATALAYA","distrito":"SEPAHUA","institucion":"GOBIERNO REGIONAL","codigoMinsa":5523,"direccion":"AVENIDA AV.FRANCISCO ALVAREZ S/N BARRIO ROSARIO S/N AV.FRANCISCO ALVAREZ S/N BARRIO ROSARIO SEPAHUA ATALAYA UCAYALI","disa":"UCAYALI","red":"ATALAYA","microrred":"SEPAHUA","categoria":"ESTABLECIMIENTO DE SALUD SIN INTERNAMIENTO","condicion":"ACTIVO","actualizado":"2023/08/01 19:00:00.000","fuente":"MINSA","urlRenipr":"http://app20.susalud.gob.pe:8080/registro-renipress-webapp/ipress.htm?action=mostrarVer&idipress=00005523"}},{"type":"Feature","geometry":{"type":"Point","coordinates":[-73.59549566999993,-10.730391329999975]},"properties":{"objectid":17835,"nombre":"RIMA","departamento":"UCAYALI","provincia":"ATALAYA","distrito":"RAIMONDI","institucion":"GOBIERNO REGIONAL","codigoMinsa":5516,"direccion":"OTROS CC.NN. RIMA S/N NÚMERO S/N DISTRITO RAIMONDI PROVINCIA ATALAYA DEPARTAMENTO UCAYALI","disa":"UCAYALI","red":"ATALAYA","microrred":"ATALAYA","categoria":"ESTABLECIMIENTO DE SALUD SIN INTERNAMIENTO","condicion":"ACTIVO","actualizado":"2023/08/01 19:00:00.000","fuente":"MINSA","urlRenipr":"http://app20.susalud.gob.pe:8080/registro-renipress-webapp/ipress.htm?action=mostrarVer&idipress=00005516"}},{"type":"Feature","geometry":{"type":"Point","coordinates":[-70.87535347999994,-9.880833459999963]},"properties":{"objectid":18080,"nombre":"SAN MARCOS","departamento":"UCAYALI","provincia":"PURUS","distrito":"PURUS","institucion":"GOBIERNO REGIONAL","codigoMinsa":5528,"direccion":"OTROS RIO MEDIO PURUS COMUNIDAD NATIVA SAN MARCOS S/N NÚMERO S/N DISTRITO PURUS PROVINCIA PURUS DEPARTAMENTO UCAYALI","disa":"UCAYALI","red":"CORONEL PORTILLO","microrred":"PURUS","categoria":"ESTABLECIMIENTO DE SALUD SIN INTERNAMIENTO","condicion":"ACTIVO","actualizado":"2023/08/01 19:00:00.000","fuente":"MINSA","urlRenipr":"http://app20.susalud.gob.pe:8080/registro-renipress-webapp/ipress.htm?action=mostrarVer&idipress=00005528"}},{"type":"Feature","geometry":{"type":"Point","coordinates":[-73.18353103999993,-8.978016689999947]},"properties":{"objectid":18081,"nombre":"PUTAYA","departamento":"UCAYALI","provincia":"CORONEL PORTILLO","distrito":"MASISEA","institucion":"GOBIERNO REGIONAL","codigoMinsa":5473,"direccion":"OTROS CASERIO PUTAYA S/N NÚMERO S/N DISTRITO MASISEA PROVINCIA CORONEL PORTILLO DEPARTAMENTO UCAYALI","disa":"UCAYALI","red":"CORONEL PORTILLO","microrred":"MASISEA","categoria":"ESTABLECIMIENTO DE SALUD SIN INTERNAMIENTO","condicion":"ACTIVO","actualizado":"2023/08/01 19:00:00.000","fuente":"MINSA","urlRenipr":"http://app20.susalud.gob.pe:8080/registro-renipress-webapp/ipress.htm?action=mostrarVer&idipress=00005473"}},{"type":"Feature","geometry":{"type":"Point","coordinates":[-74.42584832999995,-9.365658329999974]},"properties":{"objectid":18082,"nombre":"PUERTO NUEVO","departamento":"UCAYALI","provincia":"CORONEL PORTILLO","distrito":"IPARIA","institucion":"GOBIERNO REGIONAL","codigoMinsa":5501,"direccion":"OTROS COMUNIDAD NATIVA PUERTO NUEVO S/N NÚMERO S/N DISTRITO IPARIA PROVINCIA CORONEL PORTILLO DEPARTAMENTO UCAYALI","disa":"UCAYALI","red":"CORONEL PORTILLO","microrred":"IPARIA","categoria":"ESTABLECIMIENTO DE SALUD SIN INTERNAMIENTO","condicion":"ACTIVO","actualizado":"2023/08/01 19:00:00.000","fuente":"MINSA","urlRenipr":"http://app20.susalud.gob.pe:8080/registro-renipress-webapp/ipress.htm?action=mostrarVer&idipress=00005501"}},{"type":"Feature","geometry":{"type":"Point","coordinates":[-70.71249270999994,-9.772070129999975]},"properties":{"objectid":18083,"nombre":"PURUS","departamento":"UCAYALI","provincia":"PURUS","distrito":"PURUS","institucion":"GOBIERNO REGIONAL","codigoMinsa":5527,"direccion":"AVENIDA AV PEDRO RUIZ GALLO S/N S/N AV PEDRO RUIZ GALLO S/N PURUS PURUS UCAYALI","disa":"UCAYALI","red":"CORONEL PORTILLO","microrred":"PURUS","categoria":"ESTABLECIMIENTO DE SALUD SIN INTERNAMIENTO","condicion":"ACTIVO","actualizado":"2023/08/01 19:00:00.000","fuente":"MINSA","urlRenipr":"http://app20.susalud.gob.pe:8080/registro-renipress-webapp/ipress.htm?action=mostrarVer&idipress=00005527"}},{"type":"Feature","geometry":{"type":"Point","coordinates":[-74.20665989999998,-8.693838719999974]},"properties":{"objectid":18084,"nombre":"CHARASMANA","departamento":"UCAYALI","provincia":"CORONEL PORTILLO","distrito":"MASISEA","institucion":"GOBIERNO REGIONAL","codigoMinsa":14071,"direccion":"OTROS CASERIO CHARASMANA S/N S/N CASERIO CHARASMANA S/N MASISEA CORONEL PORTILLO UCAYALI","disa":"UCAYALI","red":"CORONEL PORTILLO","microrred":"MASISEA","categoria":"ESTABLECIMIENTO DE SALUD SIN INTERNAMIENTO","condicion":"ACTIVO","actualizado":"2023/08/01 19:00:00.000","fuente":"MINSA","urlRenipr":"http://app20.susalud.gob.pe:8080/registro-renipress-webapp/ipress.htm?action=mostrarVer&idipress=00014071"}},{"type":"Feature","geometry":{"type":"Point","coordinates":[-74.29653112999995,-8.398365809999973]},"properties":{"objectid":18085,"nombre":"NUEVA BETANIA","departamento":"UCAYALI","provincia":"CORONEL PORTILLO","distrito":"CALLERIA","institucion":"GOBIERNO REGIONAL","codigoMinsa":5460,"direccion":"OTROS CC.NN. NUEVA BETANIA S/N S/N CC.NN. NUEVA BETANIA S/N CALLERIA CORONEL PORTILLO UCAYALI","disa":"UCAYALI","red":"CORONEL PORTILLO","microrred":"SAN FERNANDO","categoria":"ESTABLECIMIENTO DE SALUD SIN INTERNAMIENTO","condicion":"ACTIVO","actualizado":"2023/08/01 19:00:00.000","fuente":"MINSA","urlRenipr":"http://app20.susalud.gob.pe:8080/registro-renipress-webapp/ipress.htm?action=mostrarVer&idipress=00005460"}},{"type":"Feature","geometry":{"type":"Point","coordinates":[-74.53146723999998,-8.377524509999944]},"properties":{"objectid":18205,"nombre":"CLINICA JESUS DEL ORIENTE","departamento":"UCAYALI","provincia":"CORONEL PORTILLO","distrito":"CALLERIA","institucion":"PRIVADO","codigoMinsa":30793,"direccion":"JIRÓN AGUSTIN CAUPER NÚMERO 218 DISTRITO CALLERIA PROVINCIA CORONEL PORTILLO DEPARTAMENTO UCAYALI","disa":"UCAYALI","red":"","microrred":"","categoria":"ESTABLECIMIENTO DE SALUD SIN INTERNAMIENTO","condicion":"ACTIVO","actualizado":"2023/08/01 19:00:00.000","fuente":"MINSA","urlRenipr":"http://app20.susalud.gob.pe:8080/registro-renipress-webapp/ipress.htm?action=mostrarVer&idipress=00030793"}},{"type":"Feature","geometry":{"type":"Point","coordinates":[-74.53760709999995,-8.38234499999993]},"properties":{"objectid":18358,"nombre":"CENTRO MEDICO SANTA MARIA","departamento":"UCAYALI","provincia":"CORONEL PORTILLO","distrito":"CALLERIA","institucion":"PRIVADO","codigoMinsa":31400,"direccion":"JIRÓN ZAVALA NÚMERO 580 PISO 2 DISTRITO CALLERIA PROVINCIA CORONEL PORTILLO DEPARTAMENTO UCAYALI","disa":"UCAYALI","red":"","microrred":"","categoria":"ESTABLECIMIENTO DE SALUD SIN INTERNAMIENTO","condicion":"ACTIVO","actualizado":"2023/08/01 19:00:00.000","fuente":"MINSA","urlRenipr":"http://app20.susalud.gob.pe:8080/registro-renipress-webapp/ipress.htm?action=mostrarVer&idipress=00031400"}},{"type":"Feature","geometry":{"type":"Point","coordinates":[-73.94876582999996,-9.88442766999998]},"properties":{"objectid":18431,"nombre":"TUPAC AMARU","departamento":"UCAYALI","provincia":"ATALAYA","distrito":"TAHUANIA","institucion":"GOBIERNO REGIONAL","codigoMinsa":5522,"direccion":"OTROS CC.NN. TUPAC AMARU S/N NÚMERO S/N DISTRITO TAHUANIA PROVINCIA ATALAYA DEPARTAMENTO UCAYALI","disa":"UCAYALI","red":"ATALAYA","microrred":"BOLOGNESI","categoria":"ESTABLECIMIENTO DE SALUD SIN INTERNAMIENTO","condicion":"ACTIVO","actualizado":"2023/08/01 19:00:00.000","fuente":"MINSA","urlRenipr":"http://app20.susalud.gob.pe:8080/registro-renipress-webapp/ipress.htm?action=mostrarVer&idipress=00005522"}},{"type":"Feature","geometry":{"type":"Point","coordinates":[-74.55127949999996,-8.374716689999957]},"properties":{"objectid":18533,"nombre":"CLINICA ODONTOLOGICA GUERREROS","departamento":"UCAYALI","provincia":"CORONEL PORTILLO","distrito":"CALLERIA","institucion":"PRIVADO","codigoMinsa":27369,"direccion":"JIRÓN SALVADOR ALLENDE 1065 1 POR EL COLEGIO NUEVO PARAISO CALLERIA CORONEL PORTILLO UCAYALI","disa":"UCAYALI","red":"NO PERTENECE A NINGUNA RED","microrred":"NO PERTENECE A NINGUNA MICRORED","categoria":"ESTABLECIMIENTO DE SALUD SIN INTERNAMIENTO","condicion":"ACTIVO","actualizado":"2023/08/01 19:00:00.000","fuente":"MINSA","urlRenipr":"http://app20.susalud.gob.pe:8080/registro-renipress-webapp/ipress.htm?action=mostrarVer&idipress=00027369"}},{"type":"Feature","geometry":{"type":"Point","coordinates":[-74.58261659999994,-8.392862199999968]},"properties":{"objectid":18814,"nombre":"CENTRO OFTALMOLÓGICO LUSS E.I.R.L.","departamento":"UCAYALI","provincia":"CORONEL PORTILLO","distrito":"CALLERIA","institucion":"PRIVADO","codigoMinsa":25645,"direccion":"AVENIDA SAENZ PEÑA 145 a una cuadra del ovalo de saenz peña CALLERIA CORONEL PORTILLO UCAYALI","disa":"UCAYALI","red":"NO PERTENECE A NINGUNA RED","microrred":"NO PERTENECE A NINGUNA MICRORED","categoria":"SERVICIO MÉDICO DE APOYO","condicion":"ACTIVO","actualizado":"2023/08/01 19:00:00.000","fuente":"MINSA","urlRenipr":"http://app20.susalud.gob.pe:8080/registro-renipress-webapp/ipress.htm?action=mostrarVer&idipress=00025645"}},{"type":"Feature","geometry":{"type":"Point","coordinates":[-74.57370831999998,-8.384556429999975]},"properties":{"objectid":18851,"nombre":"SANIDAD AEREA","departamento":"UCAYALI","provincia":"CORONEL PORTILLO","distrito":"YARINACOCHA","institucion":"GOBIERNO REGIONAL","codigoMinsa":13264,"direccion":"CARRETERA CARRETERA FEDERICO BASADRE KM.5.500 - AEROPUERTO DISTRITO YARINACOCHA PROVINCIA CORONEL PORTILLO DEPARTAMENTO UCAYALI","disa":"UCAYALI","red":"FEDERICO BASADRE - YARINACOCHA","microrred":"NUEVO PARAISO","categoria":"ESTABLECIMIENTO DE SALUD SIN INTERNAMIENTO","condicion":"ACTIVO","actualizado":"2023/08/01 19:00:00.000","fuente":"MINSA","urlRenipr":"http://app20.susalud.gob.pe:8080/registro-renipress-webapp/ipress.htm?action=mostrarVer&idipress=00013264"}},{"type":"Feature","geometry":{"type":"Point","coordinates":[-74.21484670999996,-9.380602149999959]},"properties":{"objectid":18852,"nombre":"CURIACA DEL CACO","departamento":"UCAYALI","provincia":"CORONEL PORTILLO","distrito":"IPARIA","institucion":"GOBIERNO REGIONAL","codigoMinsa":5488,"direccion":"OTROS COMUNIDAD NATIVA CURIACA DEL CACO S/N NÚMERO S/N DISTRITO IPARIA PROVINCIA CORONEL PORTILLO DEPARTAMENTO UCAYALI","disa":"UCAYALI","red":"CORONEL PORTILLO","microrred":"IPARIA","categoria":"ESTABLECIMIENTO DE SALUD SIN INTERNAMIENTO","condicion":"ACTIVO","actualizado":"2023/08/01 19:00:00.000","fuente":"MINSA","urlRenipr":"http://app20.susalud.gob.pe:8080/registro-renipress-webapp/ipress.htm?action=mostrarVer&idipress=00005488"}},{"type":"Feature","geometry":{"type":"Point","coordinates":[-74.60906612999997,-8.475700759999938]},"properties":{"objectid":18853,"nombre":"TUPAC AMARU","departamento":"UCAYALI","provincia":"CORONEL PORTILLO","distrito":"CAMPOVERDE","institucion":"GOBIERNO REGIONAL","codigoMinsa":5442,"direccion":"CARRETERA CARRETERA FEDERICO BASADRE KM.15 INTERIOR 12 CASERIO TUPAC AMARU DISTRITO CAMPOVERDE PROVINCIA CORONEL PORTILLO DEPARTAMENTO UCAYALI","disa":"UCAYALI","red":"CORONEL PORTILLO","microrred":"09 DE OCTUBRE","categoria":"ESTABLECIMIENTO DE SALUD SIN INTERNAMIENTO","condicion":"ACTIVO","actualizado":"2023/08/01 19:00:00.000","fuente":"MINSA","urlRenipr":"http://app20.susalud.gob.pe:8080/registro-renipress-webapp/ipress.htm?action=mostrarVer&idipress=00005442"}},{"type":"Feature","geometry":{"type":"Point","coordinates":[-75.07619986999998,-8.498184819999949]},"properties":{"objectid":18854,"nombre":"PUEBLO LIBRE CURIMANA","departamento":"UCAYALI","provincia":"PADRE ABAD","distrito":"CURIMANA","institucion":"GOBIERNO REGIONAL","codigoMinsa":6950,"direccion":"CARRETERA CARRETERA NESHUYA CURIMANA KM.21- CASERIO PUEBLO LIBRE CURIMANA DISTRITO CURIMANA PROVINCIA PADRE ABAD DEPARTAMENTO UCAYALI","disa":"UCAYALI","red":"FEDERICO BASADRE - YARINACOCHA","microrred":"MONTE ALEGRE-CURIMANA","categoria":"ESTABLECIMIENTO DE SALUD SIN INTERNAMIENTO","condicion":"ACTIVO","actualizado":"2023/08/01 19:00:00.000","fuente":"MINSA","urlRenipr":"http://app20.susalud.gob.pe:8080/registro-renipress-webapp/ipress.htm?action=mostrarVer&idipress=00006950"}},{"type":"Feature","geometry":{"type":"Point","coordinates":[-74.36304155999994,-9.254468409999959]},"properties":{"objectid":18855,"nombre":"UTUCURO","departamento":"UCAYALI","provincia":"CORONEL PORTILLO","distrito":"IPARIA","institucion":"GOBIERNO REGIONAL","codigoMinsa":5494,"direccion":"OTROS COMUNIDAD NATIVA UTUCURO S/N NÚMERO S/N DISTRITO IPARIA PROVINCIA CORONEL PORTILLO DEPARTAMENTO UCAYALI","disa":"UCAYALI","red":"CORONEL PORTILLO","microrred":"IPARIA","categoria":"ESTABLECIMIENTO DE SALUD SIN INTERNAMIENTO","condicion":"ACTIVO","actualizado":"2023/08/01 19:00:00.000","fuente":"MINSA","urlRenipr":"http://app20.susalud.gob.pe:8080/registro-renipress-webapp/ipress.htm?action=mostrarVer&idipress=00005494"}},{"type":"Feature","geometry":{"type":"Point","coordinates":[-74.96448718999994,-8.639854079999964]},"properties":{"objectid":18856,"nombre":"MONTE ALEGRE-NESHUYA","departamento":"UCAYALI","provincia":"PADRE ABAD","distrito":"NESHUYA","institucion":"GOBIERNO REGIONAL","codigoMinsa":5415,"direccion":"OTROS CENTRO POBLADO MENOR MONTE ALEGRE S/N DISTRITO NESHUYA PROVINCIA PADRE ABAD DEPARTAMENTO UCAYALI","disa":"UCAYALI","red":"FEDERICO BASADRE - YARINACOCHA","microrred":"MONTE ALEGRE-CURIMANA","categoria":"ESTABLECIMIENTO DE SALUD SIN INTERNAMIENTO","condicion":"ACTIVO","actualizado":"2023/08/01 19:00:00.000","fuente":"MINSA","urlRenipr":"http://app20.susalud.gob.pe:8080/registro-renipress-webapp/ipress.htm?action=mostrarVer&idipress=00005415"}},{"type":"Feature","geometry":{"type":"Point","coordinates":[-74.58050925999999,-8.389285659999928]},"properties":{"objectid":18881,"nombre":"SHIRAMBARI.","departamento":"UCAYALI","provincia":"CORONEL PORTILLO","distrito":"YARINACOCHA","institucion":"GOBIERNO REGIONAL","codigoMinsa":5559,"direccion":"AVENIDA AV. LA MARINA S/N CARRETERA FEDERICO BASADRE KM.6 NÚMERO S/N DISTRITO YARINACOCHA PROVINCIA CORONEL PORTILLO DEPARTAMENTO UCAYALI","disa":"UCAYALI","red":"FEDERICO BASADRE - YARINACOCHA","microrred":"NUEVO PARAISO","categoria":"ESTABLECIMIENTO DE SALUD SIN INTERNAMIENTO","condicion":"ACTIVO","actualizado":"2023/08/01 19:00:00.000","fuente":"MINSA","urlRenipr":"http://app20.susalud.gob.pe:8080/registro-renipress-webapp/ipress.htm?action=mostrarVer&idipress=00005559"}},{"type":"Feature","geometry":{"type":"Point","coordinates":[-74.83260666999996,-8.154681669999945]},"properties":{"objectid":18941,"nombre":"NARANJAL","departamento":"UCAYALI","provincia":"CORONEL PORTILLO","distrito":"NUEVA REQUENA","institucion":"GOBIERNO REGIONAL","codigoMinsa":5450,"direccion":"OTROS CASERIO NARANJAL S/N RIO BAJO AGUAYTIA NÚMERO S/N DISTRITO NUEVA REQUENA PROVINCIA CORONEL PORTILLO DEPARTAMENTO UCAYALI","disa":"UCAYALI","red":"FEDERICO BASADRE - YARINACOCHA","microrred":"NUEVA REQUENA","categoria":"ESTABLECIMIENTO DE SALUD SIN INTERNAMIENTO","condicion":"ACTIVO","actualizado":"2023/08/01 19:00:00.000","fuente":"MINSA","urlRenipr":"http://app20.susalud.gob.pe:8080/registro-renipress-webapp/ipress.htm?action=mostrarVer&idipress=00005450"}},{"type":"Feature","geometry":{"type":"Point","coordinates":[-74.53118221999995,-8.377142359999937]},"properties":{"objectid":19030,"nombre":"LABORATORIOS \"FLORES\"","departamento":"UCAYALI","provincia":"CORONEL PORTILLO","distrito":"CALLERIA","institucion":"PRIVADO","codigoMinsa":10042,"direccion":"JIRÓN JR. AGUSTIN CAUPER Nº 252 DISTRITO CALLERIA PROVINCIA CORONEL PORTILLO DEPARTAMENTO UCAYALI","disa":"UCAYALI","red":"NO PERTENECE A NINGUNA RED","microrred":"NO PERTENECE A NINGUNA MICRORED","categoria":"SERVICIO MÉDICO DE APOYO","condicion":"ACTIVO","actualizado":"2023/08/01 19:00:00.000","fuente":"MINSA","urlRenipr":"http://app20.susalud.gob.pe:8080/registro-renipress-webapp/ipress.htm?action=mostrarVer&idipress=00010042"}},{"type":"Feature","geometry":{"type":"Point","coordinates":[-74.54040187999993,-8.39778868999997]},"properties":{"objectid":19251,"nombre":"POLICLINICO REGIONAL E.I.R.L.","departamento":"UCAYALI","provincia":"CORONEL PORTILLO","distrito":"MANANTAY","institucion":"PRIVADO","codigoMinsa":9342,"direccion":"JIRON AGUAYTIA Nº 391 - SAN FERNANDO","disa":"UCAYALI","red":"NO PERTENECE A NINGUNA RED","microrred":"NO PERTENECE A NINGUNA MICRORED","categoria":"ESTABLECIMIENTO DE SALUD SIN INTERNAMIENTO","condicion":"ACTIVO","actualizado":"2023/08/01 19:00:00.000","fuente":"MINSA","urlRenipr":"http://app20.susalud.gob.pe:8080/registro-renipress-webapp/ipress.htm?action=mostrarVer&idipress=00009342"}},{"type":"Feature","geometry":{"type":"Point","coordinates":[-74.53110413999997,-8.377089879999971]},"properties":{"objectid":19628,"nombre":"CENTRO MEDICO PREVENVAC","departamento":"UCAYALI","provincia":"CORONEL PORTILLO","distrito":"CALLERIA","institucion":"PRIVADO","codigoMinsa":11058,"direccion":"JIRÓN JR. AGUSTÍN CÁUPER Nº 260 DISTRITO CALLERIA PROVINCIA CORONEL PORTILLO DEPARTAMENTO UCAYALI","disa":"UCAYALI","red":"NO PERTENECE A NINGUNA RED","microrred":"NO PERTENECE A NINGUNA MICRORED","categoria":"ESTABLECIMIENTO DE SALUD SIN INTERNAMIENTO","condicion":"ACTIVO","actualizado":"2023/08/01 19:00:00.000","fuente":"MINSA","urlRenipr":"http://app20.susalud.gob.pe:8080/registro-renipress-webapp/ipress.htm?action=mostrarVer&idipress=00011058"}},{"type":"Feature","geometry":{"type":"Point","coordinates":[-73.55315949999994,-10.694699829999934]},"properties":{"objectid":19975,"nombre":"BOCA PUCANI","departamento":"UCAYALI","provincia":"ATALAYA","distrito":"RAIMONDI","institucion":"GOBIERNO REGIONAL","codigoMinsa":5507,"direccion":"OTROS CC.NN. PUCANI S/N NÚMERO S/N DISTRITO RAIMONDI PROVINCIA ATALAYA DEPARTAMENTO UCAYALI","disa":"UCAYALI","red":"ATALAYA","microrred":"ATALAYA","categoria":"ESTABLECIMIENTO DE SALUD SIN INTERNAMIENTO","condicion":"ACTIVO","actualizado":"2023/08/01 19:00:00.000","fuente":"MINSA","urlRenipr":"http://app20.susalud.gob.pe:8080/registro-renipress-webapp/ipress.htm?action=mostrarVer&idipress=00005507"}},{"type":"Feature","geometry":{"type":"Point","coordinates":[-74.33778695999996,-8.207798909999951]},"properties":{"objectid":20204,"nombre":"NUEVO UTUQUINIA","departamento":"UCAYALI","provincia":"CORONEL PORTILLO","distrito":"CALLERIA","institucion":"GOBIERNO REGIONAL","codigoMinsa":5465,"direccion":"OTROS CASERIO NUEVO UTUQUINIA S/N NÚMERO S/N DISTRITO CALLERIA PROVINCIA CORONEL PORTILLO DEPARTAMENTO UCAYALI","disa":"UCAYALI","red":"CORONEL PORTILLO","microrred":"SAN FERNANDO","categoria":"ESTABLECIMIENTO DE SALUD SIN INTERNAMIENTO","condicion":"ACTIVO","actualizado":"2023/08/01 19:00:00.000","fuente":"MINSA","urlRenipr":"http://app20.susalud.gob.pe:8080/registro-renipress-webapp/ipress.htm?action=mostrarVer&idipress=00005465"}},{"type":"Feature","geometry":{"type":"Point","coordinates":[-74.56315759999995,-8.409078799999975]},"properties":{"objectid":20205,"nombre":"CENTRO DE SALUD MENTAL COMUNITARIO PRÓCERES DE LA INDEPENDENCIA","departamento":"UCAYALI","provincia":"CORONEL PORTILLO","distrito":"MANANTAY","institucion":"GOBIERNO REGIONAL","codigoMinsa":27062,"direccion":"JIRÓN SANTIAGO SABOYA CON CALLE LOS EUCALIPTOS 21 ASENTAMIENTO HUMANO PRÓCERES DE LA INDEPENDENCIA PLAZA DEL ASENT HUMANO PRÓCERES DE LA INDEPENDENCIA EX LAURA BOZZO MANANTAY CORONEL PORTILLO UCAYALI","disa":"UCAYALI","red":"CORONEL PORTILLO","microrred":"09 DE OCTUBRE","categoria":"ESTABLECIMIENTO DE SALUD SIN INTERNAMIENTO","condicion":"ACTIVO","actualizado":"2023/08/01 19:00:00.000","fuente":"MINSA","urlRenipr":"http://app20.susalud.gob.pe:8080/registro-renipress-webapp/ipress.htm?action=mostrarVer&idipress=00027062"}},{"type":"Feature","geometry":{"type":"Point","coordinates":[-74.36482624999996,-8.55045980999995]},"properties":{"objectid":20206,"nombre":"SANTA ISABEL DE BAHUANISHO","departamento":"UCAYALI","provincia":"CORONEL PORTILLO","distrito":"MANANTAY","institucion":"GOBIERNO REGIONAL","codigoMinsa":5459,"direccion":"OTROS CASERIO ISABEL DE BAHUANISHO S/N S/N CASERIO ISABEL DE BAHUANISHO S/N MANANTAY CORONEL PORTILLO UCAYALI","disa":"UCAYALI","red":"CORONEL PORTILLO","microrred":"SAN FERNANDO","categoria":"ESTABLECIMIENTO DE SALUD SIN INTERNAMIENTO","condicion":"ACTIVO","actualizado":"2023/08/01 19:00:00.000","fuente":"MINSA","urlRenipr":"http://app20.susalud.gob.pe:8080/registro-renipress-webapp/ipress.htm?action=mostrarVer&idipress=00005459"}},{"type":"Feature","geometry":{"type":"Point","coordinates":[-74.41249530999994,-8.40213196999997]},"properties":{"objectid":20207,"nombre":"EXITO","departamento":"UCAYALI","provincia":"CORONEL PORTILLO","distrito":"CALLERIA","institucion":"GOBIERNO REGIONAL","codigoMinsa":5455,"direccion":"OTROS CASERIO EXITO S/N NÚMERO S/N DISTRITO CALLERIA PROVINCIA CORONEL PORTILLO DEPARTAMENTO UCAYALI","disa":"UCAYALI","red":"CORONEL PORTILLO","microrred":"SAN FERNANDO","categoria":"ESTABLECIMIENTO DE SALUD SIN INTERNAMIENTO","condicion":"ACTIVO","actualizado":"2023/08/01 19:00:00.000","fuente":"MINSA","urlRenipr":"http://app20.susalud.gob.pe:8080/registro-renipress-webapp/ipress.htm?action=mostrarVer&idipress=00005455"}},{"type":"Feature","geometry":{"type":"Point","coordinates":[-75.47977728999996,-8.74267907999996]},"properties":{"objectid":20299,"nombre":"SANTA ROSA DE AGUAYTIA","departamento":"UCAYALI","provincia":"PADRE ABAD","distrito":"PADRE ABAD","institucion":"GOBIERNO REGIONAL","codigoMinsa":5411,"direccion":"OTROS CENTRO POBLADO MENOR SANTA ROSA AGUAYTIA SETOR Nº 3 DISTRITO PADRE ABAD PROVINCIA PADRE ABAD DEPARTAMENTO UCAYALI","disa":"UCAYALI","red":"AGUAYTIA","microrred":"AGUAYTIA","categoria":"ESTABLECIMIENTO DE SALUD SIN INTERNAMIENTO","condicion":"ACTIVO","actualizado":"2023/08/01 19:00:00.000","fuente":"MINSA","urlRenipr":"http://app20.susalud.gob.pe:8080/registro-renipress-webapp/ipress.htm?action=mostrarVer&idipress=00005411"}},{"type":"Feature","geometry":{"type":"Point","coordinates":[-75.34367088999994,-8.903765389999933]},"properties":{"objectid":20300,"nombre":"SAN JUAN KM. 130","departamento":"UCAYALI","provincia":"PADRE ABAD","distrito":"IRAZOLA","institucion":"GOBIERNO REGIONAL","codigoMinsa":5408,"direccion":"CARRETERA CASERIO SAN JUAN BAUTISTA S/N KM. 130 CARRETERA FEDERICO BASADRE NÚMERO S/N DISTRITO IRAZOLA PROVINCIA PADRE ABAD DEPARTAMENTO UCAYALI","disa":"UCAYALI","red":"AGUAYTIA","microrred":"SAN ALEJANDRO","categoria":"ESTABLECIMIENTO DE SALUD SIN INTERNAMIENTO","condicion":"ACTIVO","actualizado":"2023/08/01 19:00:00.000","fuente":"MINSA","urlRenipr":"http://app20.susalud.gob.pe:8080/registro-renipress-webapp/ipress.htm?action=mostrarVer&idipress=00005408"}},{"type":"Feature","geometry":{"type":"Point","coordinates":[-74.78558653999994,-8.470672579999928]},"properties":{"objectid":20448,"nombre":"PUESTO DE SALUD ALTO MANANTAY","departamento":"UCAYALI","provincia":"CORONEL PORTILLO","distrito":"CAMPOVERDE","institucion":"GOBIERNO REGIONAL","codigoMinsa":5434,"direccion":"JIRÓN JIRON PROGRESO MZ 03 LOTE 06 CASERIO ALTO MANANTAY CARRETERA FEDERICO BASADRE KM.31 INT.800MTS. DISTRITO CAMPOVERDE PROVINCIA CORONEL PORTILLO DEPARTAMENTO UCAYALI","disa":"UCAYALI","red":"FEDERICO BASADRE - YARINACOCHA","microrred":"CAMPO VERDE","categoria":"ESTABLECIMIENTO DE SALUD SIN INTERNAMIENTO","condicion":"ACTIVO","actualizado":"2023/08/01 19:00:00.000","fuente":"MINSA","urlRenipr":"http://app20.susalud.gob.pe:8080/registro-renipress-webapp/ipress.htm?action=mostrarVer&idipress=00005434"}},{"type":"Feature","geometry":{"type":"Point","coordinates":[-74.68754888999996,-8.235604559999956]},"properties":{"objectid":20567,"nombre":"MALDONADILLO","departamento":"UCAYALI","provincia":"ATALAYA","distrito":"RAIMONDI","institucion":"GOBIERNO REGIONAL","codigoMinsa":5503,"direccion":"OTROS CENTRO POBLADO MENOR MALDONADILLO S/N NÚMERO S/N DISTRITO RAIMONDI PROVINCIA ATALAYA DEPARTAMENTO UCAYALI","disa":"UCAYALI","red":"ATALAYA","microrred":"ATALAYA","categoria":"ESTABLECIMIENTO DE SALUD SIN INTERNAMIENTO","condicion":"ACTIVO","actualizado":"2023/08/01 19:00:00.000","fuente":"MINSA","urlRenipr":"http://app20.susalud.gob.pe:8080/registro-renipress-webapp/ipress.htm?action=mostrarVer&idipress=00005503"}},{"type":"Feature","geometry":{"type":"Point","coordinates":[-74.54506735999996,-8.391018619999954]},"properties":{"objectid":20781,"nombre":"CENTRO MEDICO MUNICIPAL DE ATENCION BASICA","departamento":"UCAYALI","provincia":"CORONEL PORTILLO","distrito":"CALLERIA","institucion":"MUNICIPALIDAD PROVINCIAL","codigoMinsa":21417,"direccion":"OTROS AAHH 9 OCTUBRE LT 2 MZ 24 DISTRITO CALLERIA PROVINCIA CORONEL PORTILLO DEPARTAMENTO UCAYALI","disa":"UCAYALI","red":"","microrred":"NO PERTENECE A NINGUNA MICRORED","categoria":"ESTABLECIMIENTO DE SALUD SIN INTERNAMIENTO","condicion":"ACTIVO","actualizado":"2023/08/01 19:00:00.000","fuente":"MINSA","urlRenipr":"http://app20.susalud.gob.pe:8080/registro-renipress-webapp/ipress.htm?action=mostrarVer&idipress=00021417"}},{"type":"Feature","geometry":{"type":"Point","coordinates":[-74.55485636999998,-8.377995479999981]},"properties":{"objectid":20787,"nombre":"CLAS TUPAC AMARU","departamento":"UCAYALI","provincia":"CORONEL PORTILLO","distrito":"CALLERIA","institucion":"GOBIERNO REGIONAL","codigoMinsa":5569,"direccion":"OTROS AA.HH. TUPAC AMARU MZ. I - LOTE 12 AA.HH. TUPAC AMARU MZ. I - LOTE 12 CALLERIA CORONEL PORTILLO UCAYALI","disa":"UCAYALI","red":"FEDERICO BASADRE - YARINACOCHA","microrred":"NUEVO PARAISO","categoria":"ESTABLECIMIENTO DE SALUD SIN INTERNAMIENTO","condicion":"ACTIVO","actualizado":"2023/08/01 19:00:00.000","fuente":"MINSA","urlRenipr":"http://app20.susalud.gob.pe:8080/registro-renipress-webapp/ipress.htm?action=mostrarVer&idipress=00005569"}},{"type":"Feature","geometry":{"type":"Point","coordinates":[-74.54870777999997,-8.368433899999957]},"properties":{"objectid":20939,"nombre":"JOSE OLAYA","departamento":"UCAYALI","provincia":"CORONEL PORTILLO","distrito":"CALLERIA","institucion":"GOBIERNO REGIONAL","codigoMinsa":5567,"direccion":"JIRÓN JIRON BOLOGNESI S/N MZ 1 LT 2 ASENTAMIENTO HUMANO JOSE OLAYA S/N JIRON BOLOGNESI S/N MZ 1 LT 2 ASENTAMIENTO HUMANO JOSE OLAYA CALLERIA CORONEL PORTILLO UCAYALI","disa":"UCAYALI","red":"FEDERICO BASADRE - YARINACOCHA","microrred":"NUEVO PARAISO","categoria":"ESTABLECIMIENTO DE SALUD SIN INTERNAMIENTO","condicion":"ACTIVO","actualizado":"2023/08/01 19:00:00.000","fuente":"MINSA","urlRenipr":"http://app20.susalud.gob.pe:8080/registro-renipress-webapp/ipress.htm?action=mostrarVer&idipress=00005567"}},{"type":"Feature","geometry":{"type":"Point","coordinates":[-74.57807863999994,-8.39377382999993]},"properties":{"objectid":20958,"nombre":"CENTRO DE SALUD MENTAL COMUNITARIO UNIVERSITARIO MAYUSHIN","departamento":"UCAYALI","provincia":"CORONEL PORTILLO","distrito":"CALLERIA","institucion":"GOBIERNO REGIONAL","codigoMinsa":30785,"direccion":"CARRETERA FEDERICO BASADRE KM 6 200 INTERIOR UNIVERSIDAD NACIONAL DE UCAYALI DISTRITO CALLERIA PROVINCIA CORONEL PORTILLO DEPARTAMENTO UCAYALI","disa":"UCAYALI","red":"FEDERICO BASADRE - YARINACOCHA","microrred":"NUEVO PARAISO","categoria":"ESTABLECIMIENTO DE SALUD SIN INTERNAMIENTO","condicion":"ACTIVO","actualizado":"2023/08/01 19:00:00.000","fuente":"MINSA","urlRenipr":"http://app20.susalud.gob.pe:8080/registro-renipress-webapp/ipress.htm?action=mostrarVer&idipress=00030785"}},{"type":"Feature","geometry":{"type":"Point","coordinates":[-74.34349381999994,-9.233440949999931]},"properties":{"objectid":20959,"nombre":"PUERTO BELEN","departamento":"UCAYALI","provincia":"CORONEL PORTILLO","distrito":"IPARIA","institucion":"GOBIERNO REGIONAL","codigoMinsa":5489,"direccion":"OTROS COMUNIDAD NATIVA PUERTO BELEN S/N NÚMERO S/N DISTRITO IPARIA PROVINCIA CORONEL PORTILLO DEPARTAMENTO UCAYALI","disa":"UCAYALI","red":"CORONEL PORTILLO","microrred":"IPARIA","categoria":"ESTABLECIMIENTO DE SALUD SIN INTERNAMIENTO","condicion":"ACTIVO","actualizado":"2023/08/01 19:00:00.000","fuente":"MINSA","urlRenipr":"http://app20.susalud.gob.pe:8080/registro-renipress-webapp/ipress.htm?action=mostrarVer&idipress=00005489"}},{"type":"Feature","geometry":{"type":"Point","coordinates":[-74.63821754999998,-8.334706099999948]},"properties":{"objectid":20961,"nombre":"CASHIVOCOCHA","departamento":"UCAYALI","provincia":"CORONEL PORTILLO","distrito":"YARINACOCHA","institucion":"GOBIERNO REGIONAL","codigoMinsa":5548,"direccion":"OTROS CASERIO CASHIVOCOCHA S/N YARINACOCHA S/N CASERIO CASHIVOCOCHA S/N YARINACOCHA YARINACOCHA CORONEL PORTILLO UCAYALI","disa":"UCAYALI","red":"FEDERICO BASADRE - YARINACOCHA","microrred":"SAN JOSE DE YARINACOCHA","categoria":"ESTABLECIMIENTO DE SALUD SIN INTERNAMIENTO","condicion":"ACTIVO","actualizado":"2023/08/01 19:00:00.000","fuente":"MINSA","urlRenipr":"http://app20.susalud.gob.pe:8080/registro-renipress-webapp/ipress.htm?action=mostrarVer&idipress=00005548"}},{"type":"Feature","geometry":{"type":"Point","coordinates":[-75.63987424999993,-9.058762969999975]},"properties":{"objectid":20981,"nombre":"BOQUERON","departamento":"UCAYALI","provincia":"PADRE ABAD","distrito":"PADRE ABAD","institucion":"GOBIERNO REGIONAL","codigoMinsa":5399,"direccion":"CARRETERA CENTRO POBLADO MENOR BOQUERON KM. 178 CARRETERA FEDERICO BASADRE DISTRITO PADRE ABAD PROVINCIA PADRE ABAD DEPARTAMENTO UCAYALI","disa":"UCAYALI","red":"AGUAYTIA","microrred":"AGUAYTIA","categoria":"ESTABLECIMIENTO DE SALUD SIN INTERNAMIENTO","condicion":"ACTIVO","actualizado":"2023/08/01 19:00:00.000","fuente":"MINSA","urlRenipr":"http://app20.susalud.gob.pe:8080/registro-renipress-webapp/ipress.htm?action=mostrarVer&idipress=00005399"}},{"type":"Feature","geometry":{"type":"Point","coordinates":[-74.52872967999997,-8.374632859999963]},"properties":{"objectid":21511,"nombre":"CENTRO NEFROUROLOGICO DEL ORIENTE S.A.C.","departamento":"UCAYALI","provincia":"CORONEL PORTILLO","distrito":"CALLERIA","institucion":"PRIVADO","codigoMinsa":9171,"direccion":"JIRÓN JR.JOSE DEL CARMEN CABREJOS Nº 601 DISTRITO CALLERIA PROVINCIA CORONEL PORTILLO DEPARTAMENTO UCAYALI","disa":"UCAYALI","red":"","microrred":"NO PERTENECE A NINGUNA MICRORED","categoria":"SERVICIO MÉDICO DE APOYO","condicion":"ACTIVO","actualizado":"2023/08/01 19:00:00.000","fuente":"MINSA","urlRenipr":"http://app20.susalud.gob.pe:8080/registro-renipress-webapp/ipress.htm?action=mostrarVer&idipress=00009171"}},{"type":"Feature","geometry":{"type":"Point","coordinates":[-74.53303475999996,-8.38069601999996]},"properties":{"objectid":21865,"nombre":"SALUMEDIC S.A.C.","departamento":"UCAYALI","provincia":"CORONEL PORTILLO","distrito":"CALLERIA","institucion":"PRIVADO","codigoMinsa":15866,"direccion":"JR.HUASCAR Nº160","disa":"","red":"","microrred":"","categoria":"ESTABLECIMIENTO DE SALUD SIN INTERNAMIENTO","condicion":"RETIRO VOLUNTARIO","actualizado":"2023/08/01 19:00:00.000","fuente":"MINSA","urlRenipr":"http://app20.susalud.gob.pe:8080/registro-renipress-webapp/ipress.htm?action=mostrarVer&idipress=00015866"}},{"type":"Feature","geometry":{"type":"Point","coordinates":[-73.91426116999997,-10.623472169999957]},"properties":{"objectid":22009,"nombre":"RAMON CASTILLA","departamento":"UCAYALI","provincia":"ATALAYA","distrito":"RAIMONDI","institucion":"GOBIERNO REGIONAL","codigoMinsa":5506,"direccion":"OTROS CC.NN. RAMON CASTILLA S/N NÚMERO S/N DISTRITO RAIMONDI PROVINCIA ATALAYA DEPARTAMENTO UCAYALI","disa":"UCAYALI","red":"ATALAYA","microrred":"ATALAYA","categoria":"ESTABLECIMIENTO DE SALUD SIN INTERNAMIENTO","condicion":"ACTIVO","actualizado":"2023/08/01 19:00:00.000","fuente":"MINSA","urlRenipr":"http://app20.susalud.gob.pe:8080/registro-renipress-webapp/ipress.htm?action=mostrarVer&idipress=00005506"}},{"type":"Feature","geometry":{"type":"Point","coordinates":[-74.21848816999994,-10.75778416999998]},"properties":{"objectid":22010,"nombre":"OBENTENI","departamento":"UCAYALI","provincia":"ATALAYA","distrito":"RAIMONDI","institucion":"GOBIERNO REGIONAL","codigoMinsa":5505,"direccion":"OTROS CENTRO POBLADO MENOR OBENTENI S/N NÚMERO S/N DISTRITO RAIMONDI PROVINCIA ATALAYA DEPARTAMENTO UCAYALI","disa":"UCAYALI","red":"ATALAYA","microrred":"ATALAYA","categoria":"ESTABLECIMIENTO DE SALUD SIN INTERNAMIENTO","condicion":"ACTIVO","actualizado":"2023/08/01 19:00:00.000","fuente":"MINSA","urlRenipr":"http://app20.susalud.gob.pe:8080/registro-renipress-webapp/ipress.htm?action=mostrarVer&idipress=00005505"}},{"type":"Feature","geometry":{"type":"Point","coordinates":[-73.99470482999999,-10.537410669999929]},"properties":{"objectid":22011,"nombre":"COCANI","departamento":"UCAYALI","provincia":"ATALAYA","distrito":"RAIMONDI","institucion":"GOBIERNO REGIONAL","codigoMinsa":5504,"direccion":"OTROS CC.NN.COCANI S/N NÚMERO S/N DISTRITO RAIMONDI PROVINCIA ATALAYA DEPARTAMENTO UCAYALI","disa":"UCAYALI","red":"ATALAYA","microrred":"ATALAYA","categoria":"ESTABLECIMIENTO DE SALUD SIN INTERNAMIENTO","condicion":"ACTIVO","actualizado":"2023/08/01 19:00:00.000","fuente":"MINSA","urlRenipr":"http://app20.susalud.gob.pe:8080/registro-renipress-webapp/ipress.htm?action=mostrarVer&idipress=00005504"}},{"type":"Feature","geometry":{"type":"Point","coordinates":[-74.59968555999995,-8.366217739999968]},"properties":{"objectid":22185,"nombre":"HUITOCOCHA","departamento":"UCAYALI","provincia":"CORONEL PORTILLO","distrito":"YARINACOCHA","institucion":"GOBIERNO REGIONAL","codigoMinsa":5540,"direccion":"OTROS CASERIO HUITOCOCHA- MARGEN LAGUNA HUITOCOCHA DISTRITO YARINACOCHA PROVINCIA CORONEL PORTILLO DEPARTAMENTO UCAYALI","disa":"UCAYALI","red":"FEDERICO BASADRE - YARINACOCHA","microrred":"SAN JOSE DE YARINACOCHA","categoria":"ESTABLECIMIENTO DE SALUD SIN INTERNAMIENTO","condicion":"ACTIVO","actualizado":"2023/08/01 19:00:00.000","fuente":"MINSA","urlRenipr":"http://app20.susalud.gob.pe:8080/registro-renipress-webapp/ipress.htm?action=mostrarVer&idipress=00005540"}},{"type":"Feature","geometry":{"type":"Point","coordinates":[-74.41061269999994,-8.51938384999994]},"properties":{"objectid":22262,"nombre":"NUEVO SAN JUAN","departamento":"UCAYALI","provincia":"CORONEL PORTILLO","distrito":"MANANTAY","institucion":"GOBIERNO REGIONAL","codigoMinsa":5451,"direccion":"JIRÓN JIRON PERU S/N CENTRO POBLADO SAN JUAN S/N JIRON PERU S/N CENTRO POBLADO SAN JUAN MANANTAY CORONEL PORTILLO UCAYALI","disa":"UCAYALI","red":"CORONEL PORTILLO","microrred":"SAN FERNANDO","categoria":"ESTABLECIMIENTO DE SALUD SIN INTERNAMIENTO","condicion":"ACTIVO","actualizado":"2023/08/01 19:00:00.000","fuente":"MINSA","urlRenipr":"http://app20.susalud.gob.pe:8080/registro-renipress-webapp/ipress.htm?action=mostrarVer&idipress=00005451"}},{"type":"Feature","geometry":{"type":"Point","coordinates":[-70.61951748999996,-9.584752829999957]},"properties":{"objectid":22263,"nombre":"SAN BERNARDO","departamento":"UCAYALI","provincia":"PURUS","distrito":"PURUS","institucion":"GOBIERNO REGIONAL","codigoMinsa":5532,"direccion":"OTROS RIO BAJO PURUS - COMUNIDAD NATIVA SAN BERNARDO S/N NÚMERO S/N DISTRITO PURUS PROVINCIA PURUS DEPARTAMENTO UCAYALI","disa":"UCAYALI","red":"CORONEL PORTILLO","microrred":"PURUS","categoria":"ESTABLECIMIENTO DE SALUD SIN INTERNAMIENTO","condicion":"ACTIVO","actualizado":"2023/08/01 19:00:00.000","fuente":"MINSA","urlRenipr":"http://app20.susalud.gob.pe:8080/registro-renipress-webapp/ipress.htm?action=mostrarVer&idipress=00005532"}},{"type":"Feature","geometry":{"type":"Point","coordinates":[-71.18474014999998,-10.094292799999948]},"properties":{"objectid":22264,"nombre":"BALTA","departamento":"UCAYALI","provincia":"PURUS","distrito":"PURUS","institucion":"GOBIERNO REGIONAL","codigoMinsa":5529,"direccion":"OTROS RIO CURANJA COMUNIDAD NATIVA BALTA S/N NÚMERO S/N DISTRITO PURUS PROVINCIA PURUS DEPARTAMENTO UCAYALI","disa":"UCAYALI","red":"CORONEL PORTILLO","microrred":"PURUS","categoria":"ESTABLECIMIENTO DE SALUD SIN INTERNAMIENTO","condicion":"ACTIVO","actualizado":"2023/08/01 19:00:00.000","fuente":"MINSA","urlRenipr":"http://app20.susalud.gob.pe:8080/registro-renipress-webapp/ipress.htm?action=mostrarVer&idipress=00005529"}},{"type":"Feature","geometry":{"type":"Point","coordinates":[-74.19844411999998,-8.85374158999997]},"properties":{"objectid":22265,"nombre":"JUNIN PABLO","departamento":"UCAYALI","provincia":"CORONEL PORTILLO","distrito":"MASISEA","institucion":"GOBIERNO REGIONAL","codigoMinsa":5474,"direccion":"OTROS COMUNIDAD NATIVA JUNIN PABLO S/N S/N COMUNIDAD NATIVA JUNIN PABLO S/N MASISEA CORONEL PORTILLO UCAYALI","disa":"UCAYALI","red":"CORONEL PORTILLO","microrred":"MASISEA","categoria":"ESTABLECIMIENTO DE SALUD SIN INTERNAMIENTO","condicion":"ACTIVO","actualizado":"2023/08/01 19:00:00.000","fuente":"MINSA","urlRenipr":"http://app20.susalud.gob.pe:8080/registro-renipress-webapp/ipress.htm?action=mostrarVer&idipress=00005474"}},{"type":"Feature","geometry":{"type":"Point","coordinates":[-75.77703025999995,-9.14663539999998]},"properties":{"objectid":22364,"nombre":"3 DE OCTUBRE","departamento":"UCAYALI","provincia":"PADRE ABAD","distrito":"PADRE ABAD","institucion":"GOBIERNO REGIONAL","codigoMinsa":5397,"direccion":"CARRETERA CASERIO 3 DE OCTUBRE KM. 205 CARRETERA FEDERICO BASADRE DISTRITO PADRE ABAD PROVINCIA PADRE ABAD DEPARTAMENTO UCAYALI","disa":"UCAYALI","red":"AGUAYTIA","microrred":"AGUAYTIA","categoria":"ESTABLECIMIENTO DE SALUD SIN INTERNAMIENTO","condicion":"ACTIVO","actualizado":"2023/08/01 19:00:00.000","fuente":"MINSA","urlRenipr":"http://app20.susalud.gob.pe:8080/registro-renipress-webapp/ipress.htm?action=mostrarVer&idipress=00005397"}},{"type":"Feature","geometry":{"type":"Point","coordinates":[-73.08458416999997,-11.036045499999943]},"properties":{"objectid":22615,"nombre":"PUIJA","departamento":"UCAYALI","provincia":"ATALAYA","distrito":"SEPAHUA","institucion":"GOBIERNO REGIONAL","codigoMinsa":5525,"direccion":"OTROS CC.NN.PUIJA S/N NÚMERO S/N DISTRITO SEPAHUA PROVINCIA ATALAYA DEPARTAMENTO UCAYALI","disa":"UCAYALI","red":"ATALAYA","microrred":"SEPAHUA","categoria":"ESTABLECIMIENTO DE SALUD SIN INTERNAMIENTO","condicion":"ACTIVO","actualizado":"2023/08/01 19:00:00.000","fuente":"MINSA","urlRenipr":"http://app20.susalud.gob.pe:8080/registro-renipress-webapp/ipress.htm?action=mostrarVer&idipress=00005525"}},{"type":"Feature","geometry":{"type":"Point","coordinates":[-73.75276508999997,-10.731141699999966]},"properties":{"objectid":22965,"nombre":"CENTRO MEDICO ARCANGEL GABRIEL","departamento":"UCAYALI","provincia":"ATALAYA","distrito":"RAIMONDI","institucion":"PRIVADO","codigoMinsa":31407,"direccion":"CALLE PURUS PISO 2 MANZANA 23 LOTE 5P URBANIZACIÓN SAN ANTONIO DISTRITO RAIMONDI PROVINCIA ATALAYA DEPARTAMENTO UCAYALI","disa":"UCAYALI","red":"","microrred":"","categoria":"ESTABLECIMIENTO DE SALUD SIN INTERNAMIENTO","condicion":"ACTIVO","actualizado":"2023/08/01 19:00:00.000","fuente":"MINSA","urlRenipr":"http://app20.susalud.gob.pe:8080/registro-renipress-webapp/ipress.htm?action=mostrarVer&idipress=00031407"}},{"type":"Feature","geometry":{"type":"Point","coordinates":[-75.03516992999994,-8.80251039999996]},"properties":{"objectid":22970,"nombre":"EL MILAGRO KM 83","departamento":"UCAYALI","provincia":"PADRE ABAD","distrito":"ALEXANDER VON HUMBOLDT","institucion":"GOBIERNO REGIONAL","codigoMinsa":5421,"direccion":"CARRETERA CASERIO EL MILAGRO KM. 83 CARRETERA FEDERICO BASADRE DISTRITO ALEXANDER VON HUMBOLDT PROVINCIA PADRE ABAD DEPARTAMENTO UCAYALI","disa":"UCAYALI","red":"FEDERICO BASADRE - YARINACOCHA","microrred":"MONTE ALEGRE-CURIMANA","categoria":"ESTABLECIMIENTO DE SALUD SIN INTERNAMIENTO","condicion":"ACTIVO","actualizado":"2023/08/01 19:00:00.000","fuente":"MINSA","urlRenipr":"http://app20.susalud.gob.pe:8080/registro-renipress-webapp/ipress.htm?action=mostrarVer&idipress=00005421"}},{"type":"Feature","geometry":{"type":"Point","coordinates":[-74.43837129999997,-9.306205499999976]},"properties":{"objectid":22971,"nombre":"NUEVA SAMARIA","departamento":"UCAYALI","provincia":"CORONEL PORTILLO","distrito":"IPARIA","institucion":"GOBIERNO REGIONAL","codigoMinsa":18768,"direccion":"OTROS CC.NN. NUEVA SAMARIA S/N NÚMERO S/N DISTRITO IPARIA PROVINCIA CORONEL PORTILLO DEPARTAMENTO UCAYALI","disa":"UCAYALI","red":"CORONEL PORTILLO","microrred":"IPARIA","categoria":"ESTABLECIMIENTO DE SALUD SIN INTERNAMIENTO","condicion":"ACTIVO","actualizado":"2023/08/01 19:00:00.000","fuente":"MINSA","urlRenipr":"http://app20.susalud.gob.pe:8080/registro-renipress-webapp/ipress.htm?action=mostrarVer&idipress=00018768"}},{"type":"Feature","geometry":{"type":"Point","coordinates":[-74.83516263999996,-8.495299359999933]},"properties":{"objectid":22972,"nombre":"LOS PINOS","departamento":"UCAYALI","provincia":"CORONEL PORTILLO","distrito":"CAMPOVERDE","institucion":"GOBIERNO REGIONAL","codigoMinsa":5440,"direccion":"CARRETERA CARRETERA FEDERICO BASADRE KM.37 CASERIO LOS PINOS CARRETERA FEDERICO BASADRE KM.37 CASERIO LOS PINOS CAMPOVERDE CORONEL PORTILLO UCAYALI","disa":"UCAYALI","red":"FEDERICO BASADRE - YARINACOCHA","microrred":"CAMPO VERDE","categoria":"ESTABLECIMIENTO DE SALUD SIN INTERNAMIENTO","condicion":"ACTIVO","actualizado":"2023/08/01 19:00:00.000","fuente":"MINSA","urlRenipr":"http://app20.susalud.gob.pe:8080/registro-renipress-webapp/ipress.htm?action=mostrarVer&idipress=00005440"}},{"type":"Feature","geometry":{"type":"Point","coordinates":[-74.21748077999996,-9.361357779999935]},"properties":{"objectid":22973,"nombre":"CACO MACAYA","departamento":"UCAYALI","provincia":"CORONEL PORTILLO","distrito":"IPARIA","institucion":"GOBIERNO REGIONAL","codigoMinsa":5497,"direccion":"OTROS COMUNIDAD NATIVA CACO MACAYA S/N NÚMERO S/N DISTRITO IPARIA PROVINCIA CORONEL PORTILLO DEPARTAMENTO UCAYALI","disa":"UCAYALI","red":"CORONEL PORTILLO","microrred":"IPARIA","categoria":"ESTABLECIMIENTO DE SALUD SIN INTERNAMIENTO","condicion":"ACTIVO","actualizado":"2023/08/01 19:00:00.000","fuente":"MINSA","urlRenipr":"http://app20.susalud.gob.pe:8080/registro-renipress-webapp/ipress.htm?action=mostrarVer&idipress=00005497"}},{"type":"Feature","geometry":{"type":"Point","coordinates":[-74.96086832999998,-8.350338329999943]},"properties":{"objectid":23054,"nombre":"JUVENTUD","departamento":"UCAYALI","provincia":"CORONEL PORTILLO","distrito":"NUEVA REQUENA","institucion":"GOBIERNO REGIONAL","codigoMinsa":5445,"direccion":"OTROS CASERIO JUVENTUD S/N NÚMERO S/N DISTRITO NUEVA REQUENA PROVINCIA CORONEL PORTILLO DEPARTAMENTO UCAYALI","disa":"UCAYALI","red":"FEDERICO BASADRE - YARINACOCHA","microrred":"NUEVA REQUENA","categoria":"ESTABLECIMIENTO DE SALUD SIN INTERNAMIENTO","condicion":"ACTIVO","actualizado":"2023/08/01 19:00:00.000","fuente":"MINSA","urlRenipr":"http://app20.susalud.gob.pe:8080/registro-renipress-webapp/ipress.htm?action=mostrarVer&idipress=00005445"}},{"type":"Feature","geometry":{"type":"Point","coordinates":[-74.53248819999999,-8.383311499999934]},"properties":{"objectid":23315,"nombre":"centro de medicina ocupacional pucallpa sac","departamento":"UCAYALI","provincia":"CORONEL PORTILLO","distrito":"CALLERIA","institucion":"PRIVADO","codigoMinsa":23639,"direccion":"AVENIDA SAENZ PEÑA NÚMERO 421 PISO 2 DISTRITO CALLERIA PROVINCIA CORONEL PORTILLO DEPARTAMENTO UCAYALI","disa":"UCAYALI","red":"","microrred":"","categoria":"ESTABLECIMIENTO DE SALUD SIN INTERNAMIENTO","condicion":"ACTIVO","actualizado":"2023/08/01 19:00:00.000","fuente":"MINSA","urlRenipr":"http://app20.susalud.gob.pe:8080/registro-renipress-webapp/ipress.htm?action=mostrarVer&idipress=00023639"}},{"type":"Feature","geometry":{"type":"Point","coordinates":[-74.53839300999994,-8.381284919999928]},"properties":{"objectid":23671,"nombre":"SERVICIOS GENERALES SERFARMED SYS S.A","departamento":"UCAYALI","provincia":"CORONEL PORTILLO","distrito":"CALLERIA","institucion":"PRIVADO","codigoMinsa":10505,"direccion":"AVENIDA AV. SAENZ PEÑA Nº 165 DISTRITO CALLERIA PROVINCIA CORONEL PORTILLO DEPARTAMENTO UCAYALI","disa":"UCAYALI","red":"NO PERTENECE A NINGUNA RED","microrred":"NO PERTENECE A NINGUNA MICRORED","categoria":"ESTABLECIMIENTO DE SALUD SIN INTERNAMIENTO","condicion":"ACTIVO","actualizado":"2023/08/01 19:00:00.000","fuente":"MINSA","urlRenipr":"http://app20.susalud.gob.pe:8080/registro-renipress-webapp/ipress.htm?action=mostrarVer&idipress=00010505"}},{"type":"Feature","geometry":{"type":"Point","coordinates":[-72.75966252999996,-9.530875479999963]},"properties":{"objectid":24307,"nombre":"BREU","departamento":"UCAYALI","provincia":"ATALAYA","distrito":"YURUA","institucion":"GOBIERNO REGIONAL","codigoMinsa":5513,"direccion":"AVENIDA AV. INTERNACIONAL S/N S/N AV. INTERNACIONAL S/N YURUA ATALAYA UCAYALI","disa":"UCAYALI","red":"CORONEL PORTILLO","microrred":"YURUA","categoria":"ESTABLECIMIENTO DE SALUD SIN INTERNAMIENTO","condicion":"ACTIVO","actualizado":"2023/08/01 19:00:00.000","fuente":"MINSA","urlRenipr":"http://app20.susalud.gob.pe:8080/registro-renipress-webapp/ipress.htm?action=mostrarVer&idipress=00005513"}},{"type":"Feature","geometry":{"type":"Point","coordinates":[-74.28625138999996,-8.485935909999966]},"properties":{"objectid":24308,"nombre":"VARGAS GUERRA","departamento":"UCAYALI","provincia":"CORONEL PORTILLO","distrito":"MASISEA","institucion":"GOBIERNO REGIONAL","codigoMinsa":7460,"direccion":"OTROS CASERIO VARGAS GUERRA S/N NÚMERO S/N DISTRITO MASISEA PROVINCIA CORONEL PORTILLO DEPARTAMENTO UCAYALI","disa":"UCAYALI","red":"CORONEL PORTILLO","microrred":"MASISEA","categoria":"ESTABLECIMIENTO DE SALUD SIN INTERNAMIENTO","condicion":"ACTIVO","actualizado":"2023/08/01 19:00:00.000","fuente":"MINSA","urlRenipr":"http://app20.susalud.gob.pe:8080/registro-renipress-webapp/ipress.htm?action=mostrarVer&idipress=00007460"}},{"type":"Feature","geometry":{"type":"Point","coordinates":[-74.37492142999997,-8.569714139999974]},"properties":{"objectid":24309,"nombre":"SANTA ROSA DE MASISEA","departamento":"UCAYALI","provincia":"CORONEL PORTILLO","distrito":"MASISEA","institucion":"GOBIERNO REGIONAL","codigoMinsa":5472,"direccion":"OTROS CASERIO SANTA ROSA DE MASISEA S/N S/N CASERIO SANTA ROSA DE MASISEA S/N MASISEA CORONEL PORTILLO UCAYALI","disa":"UCAYALI","red":"CORONEL PORTILLO","microrred":"MASISEA","categoria":"ESTABLECIMIENTO DE SALUD SIN INTERNAMIENTO","condicion":"ACTIVO","actualizado":"2023/08/01 19:00:00.000","fuente":"MINSA","urlRenipr":"http://app20.susalud.gob.pe:8080/registro-renipress-webapp/ipress.htm?action=mostrarVer&idipress=00005472"}},{"type":"Feature","geometry":{"type":"Point","coordinates":[-75.73610748999994,-9.089385959999959]},"properties":{"objectid":24375,"nombre":"PREVISTO","departamento":"UCAYALI","provincia":"PADRE ABAD","distrito":"PADRE ABAD","institucion":"GOBIERNO REGIONAL","codigoMinsa":5406,"direccion":"CARRETERA CENTRO POBLADO MENOR KM 190 CARRETERA FEDERICO BASADRE DISTRITO PADRE ABAD PROVINCIA PADRE ABAD DEPARTAMENTO UCAYALI","disa":"UCAYALI","red":"AGUAYTIA","microrred":"AGUAYTIA","categoria":"ESTABLECIMIENTO DE SALUD SIN INTERNAMIENTO","condicion":"ACTIVO","actualizado":"2023/08/01 19:00:00.000","fuente":"MINSA","urlRenipr":"http://app20.susalud.gob.pe:8080/registro-renipress-webapp/ipress.htm?action=mostrarVer&idipress=00005406"}},{"type":"Feature","geometry":{"type":"Point","coordinates":[-75.22911499999998,-8.958175249999954]},"properties":{"objectid":24376,"nombre":"SINCHI ROCA","departamento":"UCAYALI","provincia":"PADRE ABAD","distrito":"IRAZOLA","institucion":"GOBIERNO REGIONAL","codigoMinsa":5412,"direccion":"OTROS COMUNIDADA NATIVA SINCHI ROCA S/N NÚMERO S/N DISTRITO IRAZOLA PROVINCIA PADRE ABAD DEPARTAMENTO UCAYALI","disa":"UCAYALI","red":"AGUAYTIA","microrred":"SAN ALEJANDRO","categoria":"ESTABLECIMIENTO DE SALUD SIN INTERNAMIENTO","condicion":"ACTIVO","actualizado":"2023/08/01 19:00:00.000","fuente":"MINSA","urlRenipr":"http://app20.susalud.gob.pe:8080/registro-renipress-webapp/ipress.htm?action=mostrarVer&idipress=00005412"}},{"type":"Feature","geometry":{"type":"Point","coordinates":[-75.29456899999997,-8.936703199999954]},"properties":{"objectid":24377,"nombre":"PUESTO DE SALUD DE SHANANTIA","departamento":"UCAYALI","provincia":"PADRE ABAD","distrito":"IRAZOLA","institucion":"GOBIERNO REGIONAL","codigoMinsa":30641,"direccion":"TROCHA CARROZABLE CASERIO DE SHANANTIA DISTRITO IRAZOLA PROVINCIA PADRE ABAD DEPARTAMENTO UCAYALI","disa":"UCAYALI","red":"AGUAYTIA","microrred":"SAN ALEJANDRO","categoria":"ESTABLECIMIENTO DE SALUD SIN INTERNAMIENTO","condicion":"ACTIVO","actualizado":"2023/08/01 19:00:00.000","fuente":"MINSA","urlRenipr":"http://app20.susalud.gob.pe:8080/registro-renipress-webapp/ipress.htm?action=mostrarVer&idipress=00030641"}},{"type":"Feature","geometry":{"type":"Point","coordinates":[-75.61571313999997,-9.012176349999947]},"properties":{"objectid":24379,"nombre":"SHAMBILLO","departamento":"UCAYALI","provincia":"PADRE ABAD","distrito":"PADRE ABAD","institucion":"GOBIERNO REGIONAL","codigoMinsa":6802,"direccion":"OTROS CASERIO SHAMBILLO S/N NÚMERO S/N DISTRITO PADRE ABAD PROVINCIA PADRE ABAD DEPARTAMENTO UCAYALI","disa":"UCAYALI","red":"AGUAYTIA","microrred":"AGUAYTIA","categoria":"ESTABLECIMIENTO DE SALUD SIN INTERNAMIENTO","condicion":"ACTIVO","actualizado":"2023/08/01 19:00:00.000","fuente":"MINSA","urlRenipr":"http://app20.susalud.gob.pe:8080/registro-renipress-webapp/ipress.htm?action=mostrarVer&idipress=00006802"}},{"type":"Feature","geometry":{"type":"Point","coordinates":[-75.78766663999994,-9.154869789999964]},"properties":{"objectid":24380,"nombre":"LA DIVISORIA","departamento":"UCAYALI","provincia":"PADRE ABAD","distrito":"PADRE ABAD","institucion":"GOBIERNO REGIONAL","codigoMinsa":5401,"direccion":"CARRETERA CENTRO POBLADO MENOR LA DIVISORIA S/N KM. 207 CARRETERA FEDERICO BASADRE NÚMERO S/N DISTRITO PADRE ABAD PROVINCIA PADRE ABAD DEPARTAMENTO UCAYALI","disa":"UCAYALI","red":"AGUAYTIA","microrred":"AGUAYTIA","categoria":"ESTABLECIMIENTO DE SALUD SIN INTERNAMIENTO","condicion":"ACTIVO","actualizado":"2023/08/01 19:00:00.000","fuente":"MINSA","urlRenipr":"http://app20.susalud.gob.pe:8080/registro-renipress-webapp/ipress.htm?action=mostrarVer&idipress=00005401"}},{"type":"Feature","geometry":{"type":"Point","coordinates":[-74.75448603999996,-8.436714399999971]},"properties":{"objectid":24514,"nombre":"SAN JOSE KM 26","departamento":"UCAYALI","provincia":"CORONEL PORTILLO","distrito":"CAMPOVERDE","institucion":"GOBIERNO REGIONAL","codigoMinsa":5430,"direccion":"JIRÓN JIRON ICA S/N CASERIO SAN JOSE KM. 26 CFB S/N JIRON ICA S/N CASERIO SAN JOSE KM. 26 CFB CAMPOVERDE CORONEL PORTILLO UCAYALI","disa":"UCAYALI","red":"FEDERICO BASADRE - YARINACOCHA","microrred":"CAMPO VERDE","categoria":"ESTABLECIMIENTO DE SALUD SIN INTERNAMIENTO","condicion":"ACTIVO","actualizado":"2023/08/01 19:00:00.000","fuente":"MINSA","urlRenipr":"http://app20.susalud.gob.pe:8080/registro-renipress-webapp/ipress.htm?action=mostrarVer&idipress=00005430"}},{"type":"Feature","geometry":{"type":"Point","coordinates":[-74.53083855999995,-8.376964039999962]},"properties":{"objectid":25044,"nombre":"NEFROMED LAB E.I.R.L.","departamento":"UCAYALI","provincia":"CORONEL PORTILLO","distrito":"CALLERIA","institucion":"PRIVADO","codigoMinsa":30235,"direccion":"JIRÓN 28 DE JULIO NÚMERO 111 PISO 1 MANZANA 112 LOTE 8B DISTRITO CALLERIA PROVINCIA CORONEL PORTILLO DEPARTAMENTO UCAYALI","disa":"UCAYALI","red":"","microrred":"","categoria":"SERVICIO MÉDICO DE APOYO","condicion":"ACTIVO","actualizado":"2023/08/01 19:00:00.000","fuente":"MINSA","urlRenipr":"http://app20.susalud.gob.pe:8080/registro-renipress-webapp/ipress.htm?action=mostrarVer&idipress=00030235"}},{"type":"Feature","geometry":{"type":"Point","coordinates":[-75.10832885999997,-8.438945959999955]},"properties":{"objectid":25056,"nombre":"PUESTO DE SALUD MERIBA","departamento":"UCAYALI","provincia":"PADRE ABAD","distrito":"CURIMANA","institucion":"GOBIERNO REGIONAL","codigoMinsa":25049,"direccion":"JIRÓN BUENOS AIRES MANZANA G LOTE 05 DISTRITO CURIMANA PROVINCIA PADRE ABAD DEPARTAMENTO UCAYALI","disa":"UCAYALI","red":"FEDERICO BASADRE - YARINACOCHA","microrred":"MONTE ALEGRE-CURIMANA","categoria":"ESTABLECIMIENTO DE SALUD SIN INTERNAMIENTO","condicion":"ACTIVO","actualizado":"2023/08/01 19:00:00.000","fuente":"MINSA","urlRenipr":"http://app20.susalud.gob.pe:8080/registro-renipress-webapp/ipress.htm?action=mostrarVer&idipress=00025049"}},{"type":"Feature","geometry":{"type":"Point","coordinates":[-74.61618741999996,-8.212326599999926]},"properties":{"objectid":25057,"nombre":"NUEVA ALEJANDRIA","departamento":"UCAYALI","provincia":"CORONEL PORTILLO","distrito":"YARINACOCHA","institucion":"GOBIERNO REGIONAL","codigoMinsa":5545,"direccion":"OTROS CASERIO NUEVA ALEJANDRIA CASERIO NUEVA ALEJANDRIA YARINACOCHA CORONEL PORTILLO UCAYALI","disa":"UCAYALI","red":"FEDERICO BASADRE - YARINACOCHA","microrred":"SAN JOSE DE YARINACOCHA","categoria":"ESTABLECIMIENTO DE SALUD SIN INTERNAMIENTO","condicion":"ACTIVO","actualizado":"2023/08/01 19:00:00.000","fuente":"MINSA","urlRenipr":"http://app20.susalud.gob.pe:8080/registro-renipress-webapp/ipress.htm?action=mostrarVer&idipress=00005545"}},{"type":"Feature","geometry":{"type":"Point","coordinates":[-74.89296965999995,-8.488202069999943]},"properties":{"objectid":25058,"nombre":"SIMON BOLIVAR","departamento":"UCAYALI","provincia":"CORONEL PORTILLO","distrito":"CAMPOVERDE","institucion":"GOBIERNO REGIONAL","codigoMinsa":5438,"direccion":"CARRETERA CARRETERA FEDERICO BASADRE KM.40 INTERIOR 5 KM.CASERIO SIMON BOLIVAR DISTRITO CAMPOVERDE PROVINCIA CORONEL PORTILLO DEPARTAMENTO UCAYALI","disa":"","red":"","microrred":"","categoria":"ESTABLECIMIENTO DE SALUD SIN INTERNAMIENTO","condicion":"RETIRO VOLUNTARIO","actualizado":"2023/08/01 19:00:00.000","fuente":"MINSA","urlRenipr":"http://app20.susalud.gob.pe:8080/registro-renipress-webapp/ipress.htm?action=mostrarVer&idipress=00005438"}},{"type":"Feature","geometry":{"type":"Point","coordinates":[-74.65464275999994,-8.207429529999956]},"properties":{"objectid":25059,"nombre":"SEÑOR DE LOS MILAGROS","departamento":"UCAYALI","provincia":"CORONEL PORTILLO","distrito":"YARINACOCHA","institucion":"GOBIERNO REGIONAL","codigoMinsa":5550,"direccion":"CASERIO SEÑOR DE LOS MILAGROS","disa":"","red":"","microrred":"","categoria":"ESTABLECIMIENTO DE SALUD SIN INTERNAMIENTO","condicion":"RETIRO VOLUNTARIO","actualizado":"2023/08/01 19:00:00.000","fuente":"MINSA","urlRenipr":"http://app20.susalud.gob.pe:8080/registro-renipress-webapp/ipress.htm?action=mostrarVer&idipress=00005550"}},{"type":"Feature","geometry":{"type":"Point","coordinates":[-74.80601038999998,-8.472094349999963]},"properties":{"objectid":25060,"nombre":"CAMPO VERDE","departamento":"UCAYALI","provincia":"CORONEL PORTILLO","distrito":"CAMPOVERDE","institucion":"GOBIERNO REGIONAL","codigoMinsa":5426,"direccion":"JIRÓN JR. LIBERTAD N° 174 - CAMPOVERDE JR. LIBERTAD N° 174 - CAMPOVERDE CAMPOVERDE CORONEL PORTILLO UCAYALI","disa":"UCAYALI","red":"FEDERICO BASADRE - YARINACOCHA","microrred":"CAMPO VERDE","categoria":"ESTABLECIMIENTO DE SALUD SIN INTERNAMIENTO","condicion":"ACTIVO","actualizado":"2023/08/01 19:00:00.000","fuente":"MINSA","urlRenipr":"http://app20.susalud.gob.pe:8080/registro-renipress-webapp/ipress.htm?action=mostrarVer&idipress=00005426"}},{"type":"Feature","geometry":{"type":"Point","coordinates":[-74.57918549999994,-8.35832929999998]},"properties":{"objectid":25539,"nombre":"CENTRO MEDICO PRAXIS","departamento":"UCAYALI","provincia":"CORONEL PORTILLO","distrito":"YARINACOCHA","institucion":"PRIVADO","codigoMinsa":31399,"direccion":"JIRÓN 16 OCTUBRE PISO 1 MANZANA 93 LOTE 14 DISTRITO YARINACOCHA PROVINCIA CORONEL PORTILLO DEPARTAMENTO UCAYALI","disa":"UCAYALI","red":"","microrred":"","categoria":"ESTABLECIMIENTO DE SALUD SIN INTERNAMIENTO","condicion":"ACTIVO","actualizado":"2023/08/01 19:00:00.000","fuente":"MINSA","urlRenipr":"http://app20.susalud.gob.pe:8080/registro-renipress-webapp/ipress.htm?action=mostrarVer&idipress=00031399"}},{"type":"Feature","geometry":{"type":"Point","coordinates":[-73.75250009999996,-10.730451699999946]},"properties":{"objectid":25983,"nombre":"CENTRO MEDICO OCUPACIONAL ATALAYA","departamento":"UCAYALI","provincia":"ATALAYA","distrito":"RAIMONDI","institucion":"PRIVADO","codigoMinsa":21495,"direccion":"JIRÓN JIRÓN PANGOA 246 DISTRITO RAIMONDI PROVINCIA ATALAYA DEPARTAMENTO UCAYALI","disa":"UCAYALI","red":"NO PERTENECE A NINGUNA RED","microrred":"NO PERTENECE A NINGUNA MICRORED","categoria":"ESTABLECIMIENTO DE SALUD SIN INTERNAMIENTO","condicion":"ACTIVO","actualizado":"2023/08/01 19:00:00.000","fuente":"MINSA","urlRenipr":"http://app20.susalud.gob.pe:8080/registro-renipress-webapp/ipress.htm?action=mostrarVer&idipress=00021495"}},{"type":"Feature","geometry":{"type":"Point","coordinates":[-73.97379999999998,-10.63958299999996]},"properties":{"objectid":26136,"nombre":"UNINI","departamento":"UCAYALI","provincia":"ATALAYA","distrito":"RAIMONDI","institucion":"GOBIERNO REGIONAL","codigoMinsa":5508,"direccion":"OTROS CC.NN.MISION UNINI S/N NÚMERO S/N DISTRITO RAIMONDI PROVINCIA ATALAYA DEPARTAMENTO UCAYALI","disa":"UCAYALI","red":"ATALAYA","microrred":"ATALAYA","categoria":"ESTABLECIMIENTO DE SALUD SIN INTERNAMIENTO","condicion":"ACTIVO","actualizado":"2023/08/01 19:00:00.000","fuente":"MINSA","urlRenipr":"http://app20.susalud.gob.pe:8080/registro-renipress-webapp/ipress.htm?action=mostrarVer&idipress=00005508"}},{"type":"Feature","geometry":{"type":"Point","coordinates":[-74.42888950999998,-9.354901739999946]},"properties":{"objectid":26422,"nombre":"SHARARA","departamento":"UCAYALI","provincia":"CORONEL PORTILLO","distrito":"IPARIA","institucion":"GOBIERNO REGIONAL","codigoMinsa":5498,"direccion":"OTROS COMUNIDAD NATIVA SHARARA S/N IPARIA CORONEL PORTILLO UCAYALI","disa":"UCAYALI","red":"CORONEL PORTILLO","microrred":"IPARIA","categoria":"ESTABLECIMIENTO DE SALUD SIN INTERNAMIENTO","condicion":"ACTIVO","actualizado":"2023/08/01 19:00:00.000","fuente":"MINSA","urlRenipr":"http://app20.susalud.gob.pe:8080/registro-renipress-webapp/ipress.htm?action=mostrarVer&idipress=00005498"}},{"type":"Feature","geometry":{"type":"Point","coordinates":[-74.38312060999993,-8.530874259999962]},"properties":{"objectid":26423,"nombre":"NUEVO BAGAZAN","departamento":"UCAYALI","provincia":"CORONEL PORTILLO","distrito":"MANANTAY","institucion":"GOBIERNO REGIONAL","codigoMinsa":5458,"direccion":"CALLE CALLE BAGAZAN S/N CASERIO NUEVO BAGAZAN NÚMERO S/N DISTRITO MANANTAY PROVINCIA CORONEL PORTILLO DEPARTAMENTO UCAYALI","disa":"UCAYALI","red":"CORONEL PORTILLO","microrred":"SAN FERNANDO","categoria":"ESTABLECIMIENTO DE SALUD SIN INTERNAMIENTO","condicion":"ACTIVO","actualizado":"2023/08/01 19:00:00.000","fuente":"MINSA","urlRenipr":"http://app20.susalud.gob.pe:8080/registro-renipress-webapp/ipress.htm?action=mostrarVer&idipress=00005458"}},{"type":"Feature","geometry":{"type":"Point","coordinates":[-74.22425114999999,-8.47852273999996]},"properties":{"objectid":26424,"nombre":"SANTA ROSA DE TAMAYA","departamento":"UCAYALI","provincia":"CORONEL PORTILLO","distrito":"MASISEA","institucion":"GOBIERNO REGIONAL","codigoMinsa":9854,"direccion":"OTROS CC.NN. SANTA ROSA DE TAMAYA S/N S/N CC.NN. SANTA ROSA DE TAMAYA S/N MASISEA CORONEL PORTILLO UCAYALI","disa":"UCAYALI","red":"CORONEL PORTILLO","microrred":"MASISEA","categoria":"ESTABLECIMIENTO DE SALUD SIN INTERNAMIENTO","condicion":"ACTIVO","actualizado":"2023/08/01 19:00:00.000","fuente":"MINSA","urlRenipr":"http://app20.susalud.gob.pe:8080/registro-renipress-webapp/ipress.htm?action=mostrarVer&idipress=00009854"}},{"type":"Feature","geometry":{"type":"Point","coordinates":[-74.58512499999995,-8.01053074999993]},"properties":{"objectid":26425,"nombre":"PATRIA NUEVA","departamento":"UCAYALI","provincia":"CORONEL PORTILLO","distrito":"CALLERIA","institucion":"GOBIERNO REGIONAL","codigoMinsa":10038,"direccion":"CALLE BAJO UCAYALI- RIO CALLERIA BAJO UCAYALI- RIO CALLERIA CALLERIA CORONEL PORTILLO UCAYALI","disa":"UCAYALI","red":"CORONEL PORTILLO","microrred":"SAN FERNANDO","categoria":"ESTABLECIMIENTO DE SALUD SIN INTERNAMIENTO","condicion":"ACTIVO","actualizado":"2023/08/01 19:00:00.000","fuente":"MINSA","urlRenipr":"http://app20.susalud.gob.pe:8080/registro-renipress-webapp/ipress.htm?action=mostrarVer&idipress=00010038"}},{"type":"Feature","geometry":{"type":"Point","coordinates":[-74.27502744999998,-8.530365229999973]},"properties":{"objectid":26426,"nombre":"ISLA LIBERTAD","departamento":"UCAYALI","provincia":"CORONEL PORTILLO","distrito":"MASISEA","institucion":"GOBIERNO REGIONAL","codigoMinsa":7359,"direccion":"OTROS CASERIO ISLA LIBERTAD S/N NÚMERO S/N DISTRITO MASISEA PROVINCIA CORONEL PORTILLO DEPARTAMENTO UCAYALI","disa":"UCAYALI","red":"CORONEL PORTILLO","microrred":"MASISEA","categoria":"ESTABLECIMIENTO DE SALUD SIN INTERNAMIENTO","condicion":"ACTIVO","actualizado":"2023/08/01 19:00:00.000","fuente":"MINSA","urlRenipr":"http://app20.susalud.gob.pe:8080/registro-renipress-webapp/ipress.htm?action=mostrarVer&idipress=00007359"}},{"type":"Feature","geometry":{"type":"Point","coordinates":[-74.51740199999995,-8.863978049999957]},"properties":{"objectid":26427,"nombre":"CUNCHURI","departamento":"UCAYALI","provincia":"CORONEL PORTILLO","distrito":"IPARIA","institucion":"GOBIERNO REGIONAL","codigoMinsa":5487,"direccion":"OTROS CASERIO CUNCHURI NÚMERO S/N DISTRITO IPARIA PROVINCIA CORONEL PORTILLO DEPARTAMENTO UCAYALI","disa":"UCAYALI","red":"CORONEL PORTILLO","microrred":"IPARIA","categoria":"ESTABLECIMIENTO DE SALUD SIN INTERNAMIENTO","condicion":"ACTIVO","actualizado":"2023/08/01 19:00:00.000","fuente":"MINSA","urlRenipr":"http://app20.susalud.gob.pe:8080/registro-renipress-webapp/ipress.htm?action=mostrarVer&idipress=00005487"}},{"type":"Feature","geometry":{"type":"Point","coordinates":[-74.30119008999998,-8.606829739999966]},"properties":{"objectid":26428,"nombre":"MASISEA","departamento":"UCAYALI","provincia":"CORONEL PORTILLO","distrito":"MASISEA","institucion":"GOBIERNO REGIONAL","codigoMinsa":5469,"direccion":"AVENIDA GARCILAZO DE LA VEGA S/N MASISEA CORONEL PORTILLO UCAYALI","disa":"UCAYALI","red":"CORONEL PORTILLO","microrred":"MASISEA","categoria":"ESTABLECIMIENTO DE SALUD SIN INTERNAMIENTO","condicion":"ACTIVO","actualizado":"2023/08/01 19:00:00.000","fuente":"MINSA","urlRenipr":"http://app20.susalud.gob.pe:8080/registro-renipress-webapp/ipress.htm?action=mostrarVer&idipress=00005469"}},{"type":"Feature","geometry":{"type":"Point","coordinates":[-74.27318378999996,-8.165655129999948]},"properties":{"objectid":26429,"nombre":"SANTA SOFIA","departamento":"UCAYALI","provincia":"CORONEL PORTILLO","distrito":"CALLERIA","institucion":"GOBIERNO REGIONAL","codigoMinsa":5463,"direccion":"OTROS CASERIO SANTA SOFIA -RIO UTUQUINIA CASERIO SANTA SOFIA -RIO UTUQUINIA CALLERIA CORONEL PORTILLO UCAYALI","disa":"UCAYALI","red":"CORONEL PORTILLO","microrred":"SAN FERNANDO","categoria":"ESTABLECIMIENTO DE SALUD SIN INTERNAMIENTO","condicion":"ACTIVO","actualizado":"2023/08/01 19:00:00.000","fuente":"MINSA","urlRenipr":"http://app20.susalud.gob.pe:8080/registro-renipress-webapp/ipress.htm?action=mostrarVer&idipress=00005463"}},{"type":"Feature","geometry":{"type":"Point","coordinates":[-75.39918113999994,-8.592318249999948]},"properties":{"objectid":26506,"nombre":"SANTA ANA","departamento":"UCAYALI","provincia":"PADRE ABAD","distrito":"PADRE ABAD","institucion":"GOBIERNO REGIONAL","codigoMinsa":5410,"direccion":"OTROS CC.NN. SANTA ANA S/N NÚMERO S/N DISTRITO PADRE ABAD PROVINCIA PADRE ABAD DEPARTAMENTO UCAYALI","disa":"UCAYALI","red":"AGUAYTIA","microrred":"AGUAYTIA","categoria":"ESTABLECIMIENTO DE SALUD SIN INTERNAMIENTO","condicion":"ACTIVO","actualizado":"2023/08/01 19:00:00.000","fuente":"MINSA","urlRenipr":"http://app20.susalud.gob.pe:8080/registro-renipress-webapp/ipress.htm?action=mostrarVer&idipress=00005410"}},{"type":"Feature","geometry":{"type":"Point","coordinates":[-73.75803025999994,-10.726777609999942]},"properties":{"objectid":26527,"nombre":"CENTRO MEDICO MEDISALUD - ATALAYA","departamento":"UCAYALI","provincia":"ATALAYA","distrito":"RAIMONDI","institucion":"PRIVADO","codigoMinsa":31401,"direccion":"JIRÓN RIVAS ARAOS PISO 4 MANZANA 52 LOTE 5B DISTRITO RAIMONDI PROVINCIA ATALAYA DEPARTAMENTO UCAYALI","disa":"UCAYALI","red":"","microrred":"","categoria":"ESTABLECIMIENTO DE SALUD SIN INTERNAMIENTO","condicion":"ACTIVO","actualizado":"2023/08/01 19:00:00.000","fuente":"MINSA","urlRenipr":"http://app20.susalud.gob.pe:8080/registro-renipress-webapp/ipress.htm?action=mostrarVer&idipress=00031401"}},{"type":"Feature","geometry":{"type":"Point","coordinates":[-74.57054159999996,-8.379860749999978]},"properties":{"objectid":26539,"nombre":"HUSARES DEL PERU.","departamento":"UCAYALI","provincia":"CORONEL PORTILLO","distrito":"YARINACOCHA","institucion":"GOBIERNO REGIONAL","codigoMinsa":5566,"direccion":"JIRÓN JIRON GABINO TECCO MZ 8 LOTE 6 AA.HH. HUSARES DEL PERU JIRON GABINO TECCO MZ 8 LOTE 6 AA.HH. HUSARES DEL PERU YARINACOCHA CORONEL PORTILLO UCAYALI","disa":"UCAYALI","red":"FEDERICO BASADRE - YARINACOCHA","microrred":"NUEVO PARAISO","categoria":"ESTABLECIMIENTO DE SALUD SIN INTERNAMIENTO","condicion":"ACTIVO","actualizado":"2023/08/01 19:00:00.000","fuente":"MINSA","urlRenipr":"http://app20.susalud.gob.pe:8080/registro-renipress-webapp/ipress.htm?action=mostrarVer&idipress=00005566"}},{"type":"Feature","geometry":{"type":"Point","coordinates":[-74.53364065999995,-8.380686839999953]},"properties":{"objectid":27110,"nombre":"CLINICA LAS AMERICAS","departamento":"UCAYALI","provincia":"CORONEL PORTILLO","distrito":"CALLERIA","institucion":"PRIVADO","codigoMinsa":14897,"direccion":"JIRÓN JR. PROGRESO N° 353 DISTRITO CALLERIA PROVINCIA CORONEL PORTILLO DEPARTAMENTO UCAYALI","disa":"UCAYALI","red":"NO PERTENECE A NINGUNA RED","microrred":"NO PERTENECE A NINGUNA MICRORED","categoria":"ESTABLECIMIENTO DE SALUD CON INTERNAMIENTO","condicion":"ACTIVO","actualizado":"2023/08/01 19:00:00.000","fuente":"MINSA","urlRenipr":"http://app20.susalud.gob.pe:8080/registro-renipress-webapp/ipress.htm?action=mostrarVer&idipress=00014897"}},{"type":"Feature","geometry":{"type":"Point","coordinates":[-74.53248819999999,-8.383311499999934]},"properties":{"objectid":27152,"nombre":"SISTEMA DE ATENCIÓN MÓVIL DE URGENCIAS (SAMU)","departamento":"UCAYALI","provincia":"CORONEL PORTILLO","distrito":"CALLERIA","institucion":"GOBIERNO REGIONAL","codigoMinsa":27157,"direccion":"AVENIDA LA MARINA/ JR. MANCO CAPAC S/N 1 BASE NAVAL DE PUCALLPA CALLERIA CORONEL PORTILLO UCAYALI","disa":"UCAYALI","red":"NO PERTENECE A NINGUNA RED","microrred":"NO PERTENECE A NINGUNA MICRORED","categoria":"SERVICIO MÉDICO DE APOYO","condicion":"ACTIVO","actualizado":"2023/08/01 19:00:00.000","fuente":"MINSA","urlRenipr":"http://app20.susalud.gob.pe:8080/registro-renipress-webapp/ipress.htm?action=mostrarVer&idipress=00027157"}},{"type":"Feature","geometry":{"type":"Point","coordinates":[-74.96487819999999,-8.537248149999925]},"properties":{"objectid":27153,"nombre":"LA MERCED DE NESHUYA","departamento":"UCAYALI","provincia":"CORONEL PORTILLO","distrito":"CAMPOVERDE","institucion":"GOBIERNO REGIONAL","codigoMinsa":7081,"direccion":"CARRETERA CARRETERA FEDERICO BASADRE 50 KM INTERIOR 8KM CASERIO LA MERCED DE NESHUYA CARRETERA FEDERICO BASADRE 50 KM INTERIOR 8KM CASERIO LA MERCED DE NESHUYA CAMPOVERDE CORONEL PORTILLO UCAYALI","disa":"UCAYALI","red":"FEDERICO BASADRE - YARINACOCHA","microrred":"CAMPO VERDE","categoria":"ESTABLECIMIENTO DE SALUD SIN INTERNAMIENTO","condicion":"ACTIVO","actualizado":"2023/08/01 19:00:00.000","fuente":"MINSA","urlRenipr":"http://app20.susalud.gob.pe:8080/registro-renipress-webapp/ipress.htm?action=mostrarVer&idipress=00007081"}},{"type":"Feature","geometry":{"type":"Point","coordinates":[-74.53414434999996,-8.396743759999936]},"properties":{"objectid":27154,"nombre":"SAN FERNANDO","departamento":"UCAYALI","provincia":"CORONEL PORTILLO","distrito":"MANANTAY","institucion":"GOBIERNO REGIONAL","codigoMinsa":5551,"direccion":"AVENIDA BELLAVISTA 377 MANANTAY CORONEL PORTILLO UCAYALI","disa":"UCAYALI","red":"CORONEL PORTILLO","microrred":"SAN FERNANDO","categoria":"ESTABLECIMIENTO DE SALUD CON INTERNAMIENTO","condicion":"ACTIVO","actualizado":"2023/08/01 19:00:00.000","fuente":"MINSA","urlRenipr":"http://app20.susalud.gob.pe:8080/registro-renipress-webapp/ipress.htm?action=mostrarVer&idipress=00005551"}},{"type":"Feature","geometry":{"type":"Point","coordinates":[-75.06867666999995,-8.59566166999997]},"properties":{"objectid":27155,"nombre":"SANTA ROSA DE GUINEA","departamento":"UCAYALI","provincia":"PADRE ABAD","distrito":"NESHUYA","institucion":"GOBIERNO REGIONAL","codigoMinsa":7461,"direccion":"CARRETERA CARRETERA NESHUYA-CURIMANA KM.10 INT. 7KM CARRETERA NESHUYA-CURIMANA KM.10 INT. 7KM NESHUYA PADRE ABAD UCAYALI","disa":"UCAYALI","red":"FEDERICO BASADRE - YARINACOCHA","microrred":"MONTE ALEGRE-CURIMANA","categoria":"ESTABLECIMIENTO DE SALUD SIN INTERNAMIENTO","condicion":"ACTIVO","actualizado":"2023/08/01 19:00:00.000","fuente":"MINSA","urlRenipr":"http://app20.susalud.gob.pe:8080/registro-renipress-webapp/ipress.htm?action=mostrarVer&idipress=00007461"}},{"type":"Feature","geometry":{"type":"Point","coordinates":[-74.77891213999999,-8.497591659999955]},"properties":{"objectid":27156,"nombre":"SAN MARTIN DE MOJARAL","departamento":"UCAYALI","provincia":"CORONEL PORTILLO","distrito":"CAMPOVERDE","institucion":"GOBIERNO REGIONAL","codigoMinsa":5428,"direccion":"CARRETERA CARRETERA FEDERICO BASADRE KM.31 INTERIOR 5 CASERIO SAN MARTIN DE MOJARAL CARRETERA FEDERICO BASADRE KM.31 INTERIOR 5 CASERIO SAN MARTIN DE MOJARAL CAMPOVERDE CORONEL PORTILLO UCAYALI","disa":"UCAYALI","red":"FEDERICO BASADRE - YARINACOCHA","microrred":"CAMPO VERDE","categoria":"ESTABLECIMIENTO DE SALUD SIN INTERNAMIENTO","condicion":"ACTIVO","actualizado":"2023/08/01 19:00:00.000","fuente":"MINSA","urlRenipr":"http://app20.susalud.gob.pe:8080/registro-renipress-webapp/ipress.htm?action=mostrarVer&idipress=00005428"}},{"type":"Feature","geometry":{"type":"Point","coordinates":[-74.55099564999995,-8.373093729999937]},"properties":{"objectid":27249,"nombre":"NUEVO PARAISO","departamento":"UCAYALI","provincia":"CORONEL PORTILLO","distrito":"CALLERIA","institucion":"GOBIERNO REGIONAL","codigoMinsa":5565,"direccion":"JIRÓN JIRON GRAU Nº 220 AA.HH. NUEVO PARAISO JIRON GRAU Nº 220 AA.HH. NUEVO PARAISO CALLERIA CORONEL PORTILLO UCAYALI","disa":"UCAYALI","red":"FEDERICO BASADRE - YARINACOCHA","microrred":"NUEVO PARAISO","categoria":"ESTABLECIMIENTO DE SALUD SIN INTERNAMIENTO","condicion":"ACTIVO","actualizado":"2023/08/01 19:00:00.000","fuente":"MINSA","urlRenipr":"http://app20.susalud.gob.pe:8080/registro-renipress-webapp/ipress.htm?action=mostrarVer&idipress=00005565"}},{"type":"Feature","geometry":{"type":"Point","coordinates":[-74.52987809999996,-8.378644659999964]},"properties":{"objectid":27372,"nombre":"CLINICA DENTAL ASENCIOS S.A.C","departamento":"UCAYALI","provincia":"CORONEL PORTILLO","distrito":"CALLERIA","institucion":"PRIVADO","codigoMinsa":20437,"direccion":"JIRÓN JR. ADOLFO MOREY 227 DISTRITO CALLERIA PROVINCIA CORONEL PORTILLO DEPARTAMENTO UCAYALI","disa":"UCAYALI","red":"NO PERTENECE A NINGUNA RED","microrred":"NO PERTENECE A NINGUNA MICRORED","categoria":"ESTABLECIMIENTO DE SALUD SIN INTERNAMIENTO","condicion":"ACTIVO","actualizado":"2023/08/01 19:00:00.000","fuente":"MINSA","urlRenipr":"http://app20.susalud.gob.pe:8080/registro-renipress-webapp/ipress.htm?action=mostrarVer&idipress=00020437"}},{"type":"Feature","geometry":{"type":"Point","coordinates":[-74.56157337999997,-8.385895649999952]},"properties":{"objectid":27788,"nombre":"CENTRO DE HEMODIALISIS JUAN PABLO II SAC","departamento":"UCAYALI","provincia":"CORONEL PORTILLO","distrito":"YARINACOCHA","institucion":"PRIVADO","codigoMinsa":29708,"direccion":"AVENIDA CENTENARIO PISO 2 DEPARTAMENTO 20 MANZANA 303 LOTE 04 DISTRITO YARINACOCHA PROVINCIA CORONEL PORTILLO DEPARTAMENTO UCAYALI","disa":"UCAYALI","red":"","microrred":"","categoria":"SERVICIO MÉDICO DE APOYO","condicion":"ACTIVO","actualizado":"2023/08/01 19:00:00.000","fuente":"MINSA","urlRenipr":"http://app20.susalud.gob.pe:8080/registro-renipress-webapp/ipress.htm?action=mostrarVer&idipress=00029708"}},{"type":"Feature","geometry":{"type":"Point","coordinates":[-73.75738049999995,-10.725172329999964]},"properties":{"objectid":28188,"nombre":"ATALAYA","departamento":"UCAYALI","provincia":"ATALAYA","distrito":"RAIMONDI","institucion":"GOBIERNO REGIONAL","codigoMinsa":5502,"direccion":"JIRÓN JR: HILDEBRANDO FUENTES 360 - ATALAYA JR: HILDEBRANDO FUENTES 360 - ATALAYA RAIMONDI ATALAYA UCAYALI","disa":"UCAYALI","red":"ATALAYA","microrred":"ATALAYA","categoria":"ESTABLECIMIENTO DE SALUD CON INTERNAMIENTO","condicion":"ACTIVO","actualizado":"2023/08/01 19:00:00.000","fuente":"MINSA","urlRenipr":"http://app20.susalud.gob.pe:8080/registro-renipress-webapp/ipress.htm?action=mostrarVer&idipress=00005502"}},{"type":"Feature","geometry":{"type":"Point","coordinates":[-74.06388049999998,-10.376356169999951]},"properties":{"objectid":28189,"nombre":"CHICOSA","departamento":"UCAYALI","provincia":"ATALAYA","distrito":"RAIMONDI","institucion":"GOBIERNO REGIONAL","codigoMinsa":5509,"direccion":"OTROS CC.NN.CHICOSA S/N NÚMERO S/N DISTRITO RAIMONDI PROVINCIA ATALAYA DEPARTAMENTO UCAYALI","disa":"UCAYALI","red":"ATALAYA","microrred":"ATALAYA","categoria":"ESTABLECIMIENTO DE SALUD SIN INTERNAMIENTO","condicion":"ACTIVO","actualizado":"2023/08/01 19:00:00.000","fuente":"MINSA","urlRenipr":"http://app20.susalud.gob.pe:8080/registro-renipress-webapp/ipress.htm?action=mostrarVer&idipress=00005509"}},{"type":"Feature","geometry":{"type":"Point","coordinates":[-74.27866449999993,-10.721268499999951]},"properties":{"objectid":28190,"nombre":"ALTO CHENCORENI","departamento":"UCAYALI","provincia":"ATALAYA","distrito":"RAIMONDI","institucion":"GOBIERNO REGIONAL","codigoMinsa":5515,"direccion":"OTROS CC.NN. ALTO CHENCORENI S/N NÚMERO S/N DISTRITO RAIMONDI PROVINCIA ATALAYA DEPARTAMENTO UCAYALI","disa":"UCAYALI","red":"ATALAYA","microrred":"ATALAYA","categoria":"ESTABLECIMIENTO DE SALUD SIN INTERNAMIENTO","condicion":"ACTIVO","actualizado":"2023/08/01 19:00:00.000","fuente":"MINSA","urlRenipr":"http://app20.susalud.gob.pe:8080/registro-renipress-webapp/ipress.htm?action=mostrarVer&idipress=00005515"}},{"type":"Feature","geometry":{"type":"Point","coordinates":[-74.40779773999998,-8.625783789999957]},"properties":{"objectid":28449,"nombre":"NUEVO PARAISO","departamento":"UCAYALI","provincia":"CORONEL PORTILLO","distrito":"MASISEA","institucion":"GOBIERNO REGIONAL","codigoMinsa":10764,"direccion":"OTROS CC.NN.PARAISO S/N S/N CC.NN.PARAISO S/N MASISEA CORONEL PORTILLO UCAYALI","disa":"UCAYALI","red":"CORONEL PORTILLO","microrred":"MASISEA","categoria":"ESTABLECIMIENTO DE SALUD SIN INTERNAMIENTO","condicion":"ACTIVO","actualizado":"2023/08/01 19:00:00.000","fuente":"MINSA","urlRenipr":"http://app20.susalud.gob.pe:8080/registro-renipress-webapp/ipress.htm?action=mostrarVer&idipress=00010764"}},{"type":"Feature","geometry":{"type":"Point","coordinates":[-74.43845812999996,-9.302820339999926]},"properties":{"objectid":28450,"nombre":"IPARIA","departamento":"UCAYALI","provincia":"CORONEL PORTILLO","distrito":"IPARIA","institucion":"GOBIERNO REGIONAL","codigoMinsa":5486,"direccion":"JIRÓN JR: IPARIA S/N RIO ALTO UCAYALI S/N JR: IPARIA S/N RIO ALTO UCAYALI IPARIA CORONEL PORTILLO UCAYALI","disa":"UCAYALI","red":"CORONEL PORTILLO","microrred":"IPARIA","categoria":"ESTABLECIMIENTO DE SALUD SIN INTERNAMIENTO","condicion":"ACTIVO","actualizado":"2023/08/01 19:00:00.000","fuente":"MINSA","urlRenipr":"http://app20.susalud.gob.pe:8080/registro-renipress-webapp/ipress.htm?action=mostrarVer&idipress=00005486"}},{"type":"Feature","geometry":{"type":"Point","coordinates":[-74.55121811999999,-8.397394189999943]},"properties":{"objectid":28451,"nombre":"NUESTRA SEÑORA DE LAS MERCEDES","departamento":"UCAYALI","provincia":"CORONEL PORTILLO","distrito":"MANANTAY","institucion":"GOBIERNO REGIONAL","codigoMinsa":5557,"direccion":"JIRÓN BELGICA 16 AA.HH. NUESTRA SEÑORA DE LAS MERCEDES MANANTAY CORONEL PORTILLO UCAYALI","disa":"UCAYALI","red":"CORONEL PORTILLO","microrred":"09 DE OCTUBRE","categoria":"ESTABLECIMIENTO DE SALUD SIN INTERNAMIENTO","condicion":"ACTIVO","actualizado":"2023/08/01 19:00:00.000","fuente":"MINSA","urlRenipr":"http://app20.susalud.gob.pe:8080/registro-renipress-webapp/ipress.htm?action=mostrarVer&idipress=00005557"}},{"type":"Feature","geometry":{"type":"Point","coordinates":[-75.51247931999995,-9.052356729999929]},"properties":{"objectid":28544,"nombre":"AGUAYTIA","departamento":"UCAYALI","provincia":"PADRE ABAD","distrito":"PADRE ABAD","institucion":"GOBIERNO REGIONAL","codigoMinsa":5395,"direccion":"JIRÓN JR: LAMAS Nº 280 VILLA AGUAYTIA DISTRITO PADRE ABAD PROVINCIA PADRE ABAD DEPARTAMENTO UCAYALI","disa":"UCAYALI","red":"AGUAYTIA","microrred":"AGUAYTIA","categoria":"ESTABLECIMIENTO DE SALUD CON INTERNAMIENTO","condicion":"ACTIVO","actualizado":"2023/08/01 19:00:00.000","fuente":"MINSA","urlRenipr":"http://app20.susalud.gob.pe:8080/registro-renipress-webapp/ipress.htm?action=mostrarVer&idipress=00005395"}},{"type":"Feature","geometry":{"type":"Point","coordinates":[-75.68712649999998,-9.073937499999943]},"properties":{"objectid":28545,"nombre":"PUESTO DE SALUD YAMINO","departamento":"UCAYALI","provincia":"PADRE ABAD","distrito":"PADRE ABAD","institucion":"GOBIERNO REGIONAL","codigoMinsa":30640,"direccion":"CARRETERA COMUNIDAD NATIVA DE YAMINO DISTRITO PADRE ABAD PROVINCIA PADRE ABAD DEPARTAMENTO UCAYALI","disa":"UCAYALI","red":"AGUAYTIA","microrred":"AGUAYTIA","categoria":"ESTABLECIMIENTO DE SALUD SIN INTERNAMIENTO","condicion":"ACTIVO","actualizado":"2023/08/01 19:00:00.000","fuente":"MINSA","urlRenipr":"http://app20.susalud.gob.pe:8080/registro-renipress-webapp/ipress.htm?action=mostrarVer&idipress=00030640"}},{"type":"Feature","geometry":{"type":"Point","coordinates":[-75.51968472999994,-9.195122259999948]},"properties":{"objectid":28546,"nombre":"COMUNIDAD NATIVA DE PUERTO AZUL","departamento":"UCAYALI","provincia":"PADRE ABAD","distrito":"PADRE ABAD","institucion":"GOBIERNO REGIONAL","codigoMinsa":5407,"direccion":"OTROS CASERIO PUERTO AZUL RIO ALTO AGUAYTIA DISTRITO PADRE ABAD PROVINCIA PADRE ABAD DEPARTAMENTO UCAYALI","disa":"UCAYALI","red":"AGUAYTIA","microrred":"AGUAYTIA","categoria":"ESTABLECIMIENTO DE SALUD SIN INTERNAMIENTO","condicion":"ACTIVO","actualizado":"2023/08/01 19:00:00.000","fuente":"MINSA","urlRenipr":"http://app20.susalud.gob.pe:8080/registro-renipress-webapp/ipress.htm?action=mostrarVer&idipress=00005407"}},{"type":"Feature","geometry":{"type":"Point","coordinates":[-75.51003097999995,-9.039230799999928]},"properties":{"objectid":28708,"nombre":"POSTA MEDICA ESSALUD AGUAYTIA","departamento":"UCAYALI","provincia":"PADRE ABAD","distrito":"PADRE ABAD","institucion":"ESSALUD","codigoMinsa":9597,"direccion":"JIRÓN JR.INDEPENDENCIA 250 DISTRITO PADRE ABAD PROVINCIA PADRE ABAD DEPARTAMENTO UCAYALI","disa":"UCAYALI","red":"NO PERTENECE A NINGUNA RED","microrred":"NO PERTENECE A NINGUNA MICRORED","categoria":"ESTABLECIMIENTO DE SALUD SIN INTERNAMIENTO","condicion":"ACTIVO","actualizado":"2023/08/01 19:00:00.000","fuente":"MINSA","urlRenipr":"http://app20.susalud.gob.pe:8080/registro-renipress-webapp/ipress.htm?action=mostrarVer&idipress=00009597"}},{"type":"Feature","geometry":{"type":"Point","coordinates":[-73.11625566999999,-10.96205716999998]},"properties":{"objectid":28816,"nombre":"BUFEO POZO","departamento":"UCAYALI","provincia":"ATALAYA","distrito":"SEPAHUA","institucion":"GOBIERNO REGIONAL","codigoMinsa":5524,"direccion":"OTROS CC.NN. BUFEO POZO DISTRITO SEPAHUA PROVINCIA ATALAYA DEPARTAMENTO UCAYALI","disa":"UCAYALI","red":"ATALAYA","microrred":"SEPAHUA","categoria":"ESTABLECIMIENTO DE SALUD SIN INTERNAMIENTO","condicion":"ACTIVO","actualizado":"2023/08/01 19:00:00.000","fuente":"MINSA","urlRenipr":"http://app20.susalud.gob.pe:8080/registro-renipress-webapp/ipress.htm?action=mostrarVer&idipress=00005524"}},{"type":"Feature","geometry":{"type":"Point","coordinates":[-74.10073899999998,-9.84341816999995]},"properties":{"objectid":28817,"nombre":"SHAHUAYA","departamento":"UCAYALI","provincia":"ATALAYA","distrito":"TAHUANIA","institucion":"GOBIERNO REGIONAL","codigoMinsa":5520,"direccion":"OTROS CC.NN. SHAHUAYA S/N NÚMERO S/N DISTRITO TAHUANIA PROVINCIA ATALAYA DEPARTAMENTO UCAYALI","disa":"UCAYALI","red":"ATALAYA","microrred":"BOLOGNESI","categoria":"ESTABLECIMIENTO DE SALUD SIN INTERNAMIENTO","condicion":"ACTIVO","actualizado":"2023/08/01 19:00:00.000","fuente":"MINSA","urlRenipr":"http://app20.susalud.gob.pe:8080/registro-renipress-webapp/ipress.htm?action=mostrarVer&idipress=00005520"}},{"type":"Feature","geometry":{"type":"Point","coordinates":[-75.07405618999996,-8.713755429999935]},"properties":{"objectid":29207,"nombre":"PUESTO DE SALUD MAR DE PLATA","departamento":"UCAYALI","provincia":"PADRE ABAD","distrito":"NESHUYA","institucion":"GOBIERNO REGIONAL","codigoMinsa":30507,"direccion":"JIRÓN 28 DE JULIO MANZANA A LOTE 01 DISTRITO NESHUYA PROVINCIA PADRE ABAD DEPARTAMENTO UCAYALI","disa":"UCAYALI","red":"FEDERICO BASADRE - YARINACOCHA","microrred":"MONTE ALEGRE-CURIMANA","categoria":"ESTABLECIMIENTO DE SALUD SIN INTERNAMIENTO","condicion":"ACTIVO","actualizado":"2023/08/01 19:00:00.000","fuente":"MINSA","urlRenipr":"http://app20.susalud.gob.pe:8080/registro-renipress-webapp/ipress.htm?action=mostrarVer&idipress=00030507"}},{"type":"Feature","geometry":{"type":"Point","coordinates":[-75.06132114999997,-8.36801067999994]},"properties":{"objectid":29208,"nombre":"SAN JUAN DE TAHUAPOA","departamento":"UCAYALI","provincia":"PADRE ABAD","distrito":"CURIMANA","institucion":"GOBIERNO REGIONAL","codigoMinsa":6885,"direccion":"OTROS CASERIO SAN JUAN DE TAHUAPOA S/N BAJO AGUAYTIA S/N CASERIO SAN JUAN DE TAHUAPOA S/N BAJO AGUAYTIA CURIMANA PADRE ABAD UCAYALI","disa":"UCAYALI","red":"FEDERICO BASADRE - YARINACOCHA","microrred":"MONTE ALEGRE-CURIMANA","categoria":"ESTABLECIMIENTO DE SALUD SIN INTERNAMIENTO","condicion":"ACTIVO","actualizado":"2023/08/01 19:00:00.000","fuente":"MINSA","urlRenipr":"http://app20.susalud.gob.pe:8080/registro-renipress-webapp/ipress.htm?action=mostrarVer&idipress=00006885"}},{"type":"Feature","geometry":{"type":"Point","coordinates":[-75.19377273999999,-8.442345449999948]},"properties":{"objectid":29209,"nombre":"ZORRILLOS","departamento":"UCAYALI","provincia":"PADRE ABAD","distrito":"CURIMANA","institucion":"GOBIERNO REGIONAL","codigoMinsa":5425,"direccion":"AVENIDA AV. ZORRILLOS S/N CASERIO ZORRILLOS RIO ALTO AGUAYTIA S/N AV. ZORRILLOS S/N CASERIO ZORRILLOS RIO ALTO AGUAYTIA CURIMANA PADRE ABAD UCAYALI","disa":"UCAYALI","red":"FEDERICO BASADRE - YARINACOCHA","microrred":"MONTE ALEGRE-CURIMANA","categoria":"ESTABLECIMIENTO DE SALUD SIN INTERNAMIENTO","condicion":"ACTIVO","actualizado":"2023/08/01 19:00:00.000","fuente":"MINSA","urlRenipr":"http://app20.susalud.gob.pe:8080/registro-renipress-webapp/ipress.htm?action=mostrarVer&idipress=00005425"}},{"type":"Feature","geometry":{"type":"Point","coordinates":[-74.43837129999997,-9.306205499999976]},"properties":{"objectid":29210,"nombre":"RUNUYA","departamento":"UCAYALI","provincia":"CORONEL PORTILLO","distrito":"IPARIA","institucion":"GOBIERNO REGIONAL","codigoMinsa":5496,"direccion":"OTROS COMUNIDAD NATIVA RUNUYA S/N NÚMERO S/N DISTRITO IPARIA PROVINCIA CORONEL PORTILLO DEPARTAMENTO UCAYALI","disa":"UCAYALI","red":"CORONEL PORTILLO","microrred":"IPARIA","categoria":"ESTABLECIMIENTO DE SALUD SIN INTERNAMIENTO","condicion":"ACTIVO","actualizado":"2023/08/01 19:00:00.000","fuente":"MINSA","urlRenipr":"http://app20.susalud.gob.pe:8080/registro-renipress-webapp/ipress.htm?action=mostrarVer&idipress=00005496"}},{"type":"Feature","geometry":{"type":"Point","coordinates":[-74.86171499999995,-8.310838329999967]},"properties":{"objectid":29211,"nombre":"NUEVA REQUENA","departamento":"UCAYALI","provincia":"CORONEL PORTILLO","distrito":"NUEVA REQUENA","institucion":"GOBIERNO REGIONAL","codigoMinsa":5443,"direccion":"JIRÓN JIRON 9 DE OCTUBRE S/N KM 34 INTERIOR KM 20 NUEVA REQUENA S/N JIRON 9 DE OCTUBRE S/N KM 34 INTERIOR KM 20 NUEVA REQUENA NUEVA REQUENA CORONEL PORTILLO UCAYALI","disa":"UCAYALI","red":"FEDERICO BASADRE - YARINACOCHA","microrred":"NUEVA REQUENA","categoria":"ESTABLECIMIENTO DE SALUD SIN INTERNAMIENTO","condicion":"ACTIVO","actualizado":"2023/08/01 19:00:00.000","fuente":"MINSA","urlRenipr":"http://app20.susalud.gob.pe:8080/registro-renipress-webapp/ipress.htm?action=mostrarVer&idipress=00005443"}},{"type":"Feature","geometry":{"type":"Point","coordinates":[-75.08764228999996,-8.404928009999935]},"properties":{"objectid":29212,"nombre":"LAS MALVINAS.","departamento":"UCAYALI","provincia":"PADRE ABAD","distrito":"CURIMANA","institucion":"GOBIERNO REGIONAL","codigoMinsa":5423,"direccion":"CARRETERA CASERIO LAS MALVINAS S/N KM 29 CARRETERA NESHUYA -CURIMANA 5KM S/N CASERIO LAS MALVINAS S/N KM 29 CARRETERA NESHUYA -CURIMANA 5KM CURIMANA PADRE ABAD UCAYALI","disa":"UCAYALI","red":"FEDERICO BASADRE - YARINACOCHA","microrred":"MONTE ALEGRE-CURIMANA","categoria":"ESTABLECIMIENTO DE SALUD SIN INTERNAMIENTO","condicion":"ACTIVO","actualizado":"2023/08/01 19:00:00.000","fuente":"MINSA","urlRenipr":"http://app20.susalud.gob.pe:8080/registro-renipress-webapp/ipress.htm?action=mostrarVer&idipress=00005423"}},{"type":"Feature","geometry":{"type":"Point","coordinates":[-74.58281142999994,-8.351244049999934]},"properties":{"objectid":29214,"nombre":"SANIDAD DEL ALA AEREA N° 4","departamento":"UCAYALI","provincia":"CORONEL PORTILLO","distrito":"YARINACOCHA","institucion":"SANIDAD DE LA FUERZA AEREA DEL PERU","codigoMinsa":12044,"direccion":"AVENIDA AVENIDA YARINACOCHA S/N NÚMERO S/N DISTRITO YARINACOCHA PROVINCIA CORONEL PORTILLO DEPARTAMENTO UCAYALI","disa":"UCAYALI","red":"NO PERTENECE A NINGUNA RED","microrred":"NO PERTENECE A NINGUNA MICRORED","categoria":"ESTABLECIMIENTO DE SALUD SIN INTERNAMIENTO","condicion":"ACTIVO","actualizado":"2023/08/01 19:00:00.000","fuente":"MINSA","urlRenipr":"http://app20.susalud.gob.pe:8080/registro-renipress-webapp/ipress.htm?action=mostrarVer&idipress=00012044"}},{"type":"Feature","geometry":{"type":"Point","coordinates":[-74.52995060999996,-8.386277679999978]},"properties":{"objectid":29324,"nombre":"OPTICA PUCALLPA","departamento":"UCAYALI","provincia":"CORONEL PORTILLO","distrito":"CALLERIA","institucion":"PRIVADO","codigoMinsa":9975,"direccion":"JIRON CORONEL PORTILLO Nº 560","disa":"","red":"","microrred":"","categoria":"SERVICIO MÉDICO DE APOYO","condicion":"RUC INACTIVO EN SUNAT","actualizado":"2023/08/01 19:00:00.000","fuente":"MINSA","urlRenipr":"http://app20.susalud.gob.pe:8080/registro-renipress-webapp/ipress.htm?action=mostrarVer&idipress=00009975"}},{"type":"Feature","geometry":{"type":"Point","coordinates":[-74.52968455999996,-8.385946819999958]},"properties":{"objectid":29349,"nombre":"POLICLINICO SAN NORBERTO","departamento":"UCAYALI","provincia":"CORONEL PORTILLO","distrito":"CALLERIA","institucion":"PRIVADO","codigoMinsa":20804,"direccion":"JIRÓN JIRON CORONEL PORTILLO 518 - B DISTRITO CALLERIA PROVINCIA CORONEL PORTILLO DEPARTAMENTO UCAYALI","disa":"UCAYALI","red":"NO PERTENECE A NINGUNA RED","microrred":"NO PERTENECE A NINGUNA MICRORED","categoria":"ESTABLECIMIENTO DE SALUD SIN INTERNAMIENTO","condicion":"ACTIVO","actualizado":"2023/08/01 19:00:00.000","fuente":"MINSA","urlRenipr":"http://app20.susalud.gob.pe:8080/registro-renipress-webapp/ipress.htm?action=mostrarVer&idipress=00020804"}},{"type":"Feature","geometry":{"type":"Point","coordinates":[-74.53777089999994,-8.38114153999993]},"properties":{"objectid":30108,"nombre":"CENTRO MEDICO ZELADA","departamento":"UCAYALI","provincia":"CORONEL PORTILLO","distrito":"CALLERIA","institucion":"PRIVADO","codigoMinsa":15995,"direccion":"PASAJE PSJE. RAFAEL DE SOUZA Nº 100-A DISTRITO CALLERIA PROVINCIA CORONEL PORTILLO DEPARTAMENTO UCAYALI","disa":"UCAYALI","red":"NO PERTENECE A NINGUNA RED","microrred":"NO PERTENECE A NINGUNA MICRORED","categoria":"ESTABLECIMIENTO DE SALUD SIN INTERNAMIENTO","condicion":"ACTIVO","actualizado":"2023/08/01 19:00:00.000","fuente":"MINSA","urlRenipr":"http://app20.susalud.gob.pe:8080/registro-renipress-webapp/ipress.htm?action=mostrarVer&idipress=00015995"}},{"type":"Feature","geometry":{"type":"Point","coordinates":[-73.95182066999996,-10.026426669999978]},"properties":{"objectid":30280,"nombre":"BOLOGNESI","departamento":"UCAYALI","provincia":"ATALAYA","distrito":"TAHUANIA","institucion":"GOBIERNO REGIONAL","codigoMinsa":5518,"direccion":"JIRÓN JR. BOLOGNESI S/N S/N JR. BOLOGNESI S/N TAHUANIA ATALAYA UCAYALI","disa":"UCAYALI","red":"ATALAYA","microrred":"BOLOGNESI","categoria":"ESTABLECIMIENTO DE SALUD SIN INTERNAMIENTO","condicion":"ACTIVO","actualizado":"2023/08/01 19:00:00.000","fuente":"MINSA","urlRenipr":"http://app20.susalud.gob.pe:8080/registro-renipress-webapp/ipress.htm?action=mostrarVer&idipress=00005518"}},{"type":"Feature","geometry":{"type":"Point","coordinates":[-74.53618127999994,-8.378164999999967]},"properties":{"objectid":30284,"nombre":"NATURA ANALITICA S.A.C","departamento":"UCAYALI","provincia":"CORONEL PORTILLO","distrito":"CALLERIA","institucion":"PRIVADO","codigoMinsa":20170,"direccion":"AVENIDA AV. SAENZ PEÑA N° 503 DISTRITO CALLERIA PROVINCIA CORONEL PORTILLO DEPARTAMENTO UCAYALI","disa":"UCAYALI","red":"NO PERTENECE A NINGUNA RED","microrred":"NO PERTENECE A NINGUNA MICRORED","categoria":"SERVICIO MÉDICO DE APOYO","condicion":"ACTIVO","actualizado":"2023/08/01 19:00:00.000","fuente":"MINSA","urlRenipr":"http://app20.susalud.gob.pe:8080/registro-renipress-webapp/ipress.htm?action=mostrarVer&idipress=00020170"}},{"type":"Feature","geometry":{"type":"Point","coordinates":[-74.17811332999997,-8.725449899999944]},"properties":{"objectid":30526,"nombre":"PUERTO ALEGRE","departamento":"UCAYALI","provincia":"CORONEL PORTILLO","distrito":"MASISEA","institucion":"GOBIERNO REGIONAL","codigoMinsa":5477,"direccion":"OTROS CASERIO PUERTO ALEGRE S/N NÚMERO S/N DISTRITO MASISEA PROVINCIA CORONEL PORTILLO DEPARTAMENTO UCAYALI","disa":"UCAYALI","red":"CORONEL PORTILLO","microrred":"MASISEA","categoria":"ESTABLECIMIENTO DE SALUD SIN INTERNAMIENTO","condicion":"ACTIVO","actualizado":"2023/08/01 19:00:00.000","fuente":"MINSA","urlRenipr":"http://app20.susalud.gob.pe:8080/registro-renipress-webapp/ipress.htm?action=mostrarVer&idipress=00005477"}},{"type":"Feature","geometry":{"type":"Point","coordinates":[-74.56018470999999,-8.418251359999942]},"properties":{"objectid":30527,"nombre":"LUZ Y PAZ","departamento":"UCAYALI","provincia":"CORONEL PORTILLO","distrito":"MANANTAY","institucion":"GOBIERNO REGIONAL","codigoMinsa":7453,"direccion":"JIRÓN CABO PANTOJA S/D MANANTAY CORONEL PORTILLO UCAYALI","disa":"UCAYALI","red":"CORONEL PORTILLO","microrred":"SAN FERNANDO","categoria":"ESTABLECIMIENTO DE SALUD SIN INTERNAMIENTO","condicion":"ACTIVO","actualizado":"2023/08/01 19:00:00.000","fuente":"MINSA","urlRenipr":"http://app20.susalud.gob.pe:8080/registro-renipress-webapp/ipress.htm?action=mostrarVer&idipress=00007453"}},{"type":"Feature","geometry":{"type":"Point","coordinates":[-74.16185513999994,-8.462325739999926]},"properties":{"objectid":30528,"nombre":"ABUJAO","departamento":"UCAYALI","provincia":"CORONEL PORTILLO","distrito":"MASISEA","institucion":"GOBIERNO REGIONAL","codigoMinsa":5476,"direccion":"OTROS CASERIO ABUJAO S/N S/N CASERIO ABUJAO S/N MASISEA CORONEL PORTILLO UCAYALI","disa":"UCAYALI","red":"CORONEL PORTILLO","microrred":"SAN FERNANDO","categoria":"ESTABLECIMIENTO DE SALUD SIN INTERNAMIENTO","condicion":"ACTIVO","actualizado":"2023/08/01 19:00:00.000","fuente":"MINSA","urlRenipr":"http://app20.susalud.gob.pe:8080/registro-renipress-webapp/ipress.htm?action=mostrarVer&idipress=00005476"}},{"type":"Feature","geometry":{"type":"Point","coordinates":[-74.41345170999995,-8.693742929999928]},"properties":{"objectid":30529,"nombre":"SANTA ROSA DE DINAMARCA","departamento":"UCAYALI","provincia":"CORONEL PORTILLO","distrito":"MASISEA","institucion":"GOBIERNO REGIONAL","codigoMinsa":5471,"direccion":"OTROS CASERIO SANTA ROSA DE DINAMARCA S/N NÚMERO S/N DISTRITO MASISEA PROVINCIA CORONEL PORTILLO DEPARTAMENTO UCAYALI","disa":"UCAYALI","red":"CORONEL PORTILLO","microrred":"MASISEA","categoria":"ESTABLECIMIENTO DE SALUD SIN INTERNAMIENTO","condicion":"ACTIVO","actualizado":"2023/08/01 19:00:00.000","fuente":"MINSA","urlRenipr":"http://app20.susalud.gob.pe:8080/registro-renipress-webapp/ipress.htm?action=mostrarVer&idipress=00005471"}},{"type":"Feature","geometry":{"type":"Point","coordinates":[-74.55642614999994,-8.072697709999943]},"properties":{"objectid":30530,"nombre":"CALLERIA","departamento":"UCAYALI","provincia":"CORONEL PORTILLO","distrito":"CALLERIA","institucion":"GOBIERNO REGIONAL","codigoMinsa":5464,"direccion":"CALLE COMUNIDAD NATIVA CALLERIA S/N RIO CALLERIA NÚMERO S/N DISTRITO CALLERIA PROVINCIA CORONEL PORTILLO DEPARTAMENTO UCAYALI","disa":"UCAYALI","red":"CORONEL PORTILLO","microrred":"SAN FERNANDO","categoria":"ESTABLECIMIENTO DE SALUD SIN INTERNAMIENTO","condicion":"ACTIVO","actualizado":"2023/08/01 19:00:00.000","fuente":"MINSA","urlRenipr":"http://app20.susalud.gob.pe:8080/registro-renipress-webapp/ipress.htm?action=mostrarVer&idipress=00005464"}},{"type":"Feature","geometry":{"type":"Point","coordinates":[-74.65208642999994,-8.04804575999998]},"properties":{"objectid":30531,"nombre":"TACSHITEA","departamento":"UCAYALI","provincia":"CORONEL PORTILLO","distrito":"CALLERIA","institucion":"GOBIERNO REGIONAL","codigoMinsa":5461,"direccion":"MALECÓN JION MALECON UCAYALI CASERIO TACSHITEA S/N NÚMERO S/N DISTRITO CALLERIA PROVINCIA CORONEL PORTILLO DEPARTAMENTO UCAYALI","disa":"UCAYALI","red":"CORONEL PORTILLO","microrred":"SAN FERNANDO","categoria":"ESTABLECIMIENTO DE SALUD SIN INTERNAMIENTO","condicion":"ACTIVO","actualizado":"2023/08/01 19:00:00.000","fuente":"MINSA","urlRenipr":"http://app20.susalud.gob.pe:8080/registro-renipress-webapp/ipress.htm?action=mostrarVer&idipress=00005461"}},{"type":"Feature","geometry":{"type":"Point","coordinates":[-75.15537241999994,-8.434369799999956]},"properties":{"objectid":30613,"nombre":"CURIMANA","departamento":"UCAYALI","provincia":"PADRE ABAD","distrito":"CURIMANA","institucion":"GOBIERNO REGIONAL","codigoMinsa":5422,"direccion":"AVENIDA AV. CURIMANA S/N CENTRO POBLADO MENOR CURIMANA KM 36 CARRETERA NESHUYA S/N AV. CURIMANA S/N CENTRO POBLADO MENOR CURIMANA KM 36 CARRETERA NESHUYA CURIMANA PADRE ABAD UCAYALI","disa":"UCAYALI","red":"FEDERICO BASADRE - YARINACOCHA","microrred":"MONTE ALEGRE-CURIMANA","categoria":"ESTABLECIMIENTO DE SALUD SIN INTERNAMIENTO","condicion":"ACTIVO","actualizado":"2023/08/01 19:00:00.000","fuente":"MINSA","urlRenipr":"http://app20.susalud.gob.pe:8080/registro-renipress-webapp/ipress.htm?action=mostrarVer&idipress=00005422"}},{"type":"Feature","geometry":{"type":"Point","coordinates":[-75.12388156999998,-8.859849419999932]},"properties":{"objectid":30614,"nombre":"NUEVO UCAYALI KM.98","departamento":"UCAYALI","provincia":"PADRE ABAD","distrito":"IRAZOLA","institucion":"GOBIERNO REGIONAL","codigoMinsa":6884,"direccion":"OTROS SANCHEZ CERRO S/N NÚMERO S/N DISTRITO IRAZOLA PROVINCIA PADRE ABAD DEPARTAMENTO UCAYALI","disa":"UCAYALI","red":"AGUAYTIA","microrred":"SAN ALEJANDRO","categoria":"ESTABLECIMIENTO DE SALUD SIN INTERNAMIENTO","condicion":"ACTIVO","actualizado":"2023/08/01 19:00:00.000","fuente":"MINSA","urlRenipr":"http://app20.susalud.gob.pe:8080/registro-renipress-webapp/ipress.htm?action=mostrarVer&idipress=00006884"}},{"type":"Feature","geometry":{"type":"Point","coordinates":[-75.21123338999996,-8.827609279999933]},"properties":{"objectid":30615,"nombre":"SAN ALEJANDRO","departamento":"UCAYALI","provincia":"PADRE ABAD","distrito":"IRAZOLA","institucion":"GOBIERNO REGIONAL","codigoMinsa":5396,"direccion":"JIRÓN JR: SANCHEZ CERRO S/N NÚMERO S/N DISTRITO IRAZOLA PROVINCIA PADRE ABAD DEPARTAMENTO UCAYALI","disa":"UCAYALI","red":"AGUAYTIA","microrred":"SAN ALEJANDRO","categoria":"ESTABLECIMIENTO DE SALUD SIN INTERNAMIENTO","condicion":"ACTIVO","actualizado":"2023/08/01 19:00:00.000","fuente":"MINSA","urlRenipr":"http://app20.susalud.gob.pe:8080/registro-renipress-webapp/ipress.htm?action=mostrarVer&idipress=00005396"}},{"type":"Feature","geometry":{"type":"Point","coordinates":[-74.60292374999995,-8.32492394999997]},"properties":{"objectid":30624,"nombre":"CLAS DE SAN JUAN YARINACOCHA .","departamento":"UCAYALI","provincia":"CORONEL PORTILLO","distrito":"YARINACOCHA","institucion":"GOBIERNO REGIONAL","codigoMinsa":5542,"direccion":"OTROS SAN MARTIN Nº 15 INT.4 CASERIO SAN JUAN DE YARINACOCHA DISTRITO YARINACOCHA PROVINCIA CORONEL PORTILLO DEPARTAMENTO UCAYALI","disa":"UCAYALI","red":"FEDERICO BASADRE - YARINACOCHA","microrred":"SAN JOSE DE YARINACOCHA","categoria":"ESTABLECIMIENTO DE SALUD SIN INTERNAMIENTO","condicion":"ACTIVO","actualizado":"2023/08/01 19:00:00.000","fuente":"MINSA","urlRenipr":"http://app20.susalud.gob.pe:8080/registro-renipress-webapp/ipress.htm?action=mostrarVer&idipress=00005542"}},{"type":"Feature","geometry":{"type":"Point","coordinates":[-74.73736795999997,-8.200394349999954]},"properties":{"objectid":30628,"nombre":"CLAS UNION ZAPOTILLO","departamento":"UCAYALI","provincia":"CORONEL PORTILLO","distrito":"YARINACOCHA","institucion":"GOBIERNO REGIONAL","codigoMinsa":5544,"direccion":"OTROS CASERIO UNION ZAPOTILLO S/N S/N CASERIO UNION ZAPOTILLO S/N YARINACOCHA CORONEL PORTILLO UCAYALI","disa":"UCAYALI","red":"FEDERICO BASADRE - YARINACOCHA","microrred":"SAN JOSE DE YARINACOCHA","categoria":"ESTABLECIMIENTO DE SALUD SIN INTERNAMIENTO","condicion":"ACTIVO","actualizado":"2023/08/01 19:00:00.000","fuente":"MINSA","urlRenipr":"http://app20.susalud.gob.pe:8080/registro-renipress-webapp/ipress.htm?action=mostrarVer&idipress=00005544"}},{"type":"Feature","geometry":{"type":"Point","coordinates":[-74.53477731999999,-8.376354019999951]},"properties":{"objectid":30698,"nombre":"CLINICA SANTA ANITA PUCALLPA","departamento":"UCAYALI","provincia":"CORONEL PORTILLO","distrito":"CALLERIA","institucion":"PRIVADO","codigoMinsa":16041,"direccion":"AVENIDA AV.SAENZ PEÑA N° 737 - 739 DISTRITO CALLERIA PROVINCIA CORONEL PORTILLO DEPARTAMENTO UCAYALI","disa":"","red":"","microrred":"","categoria":"ESTABLECIMIENTO DE SALUD SIN INTERNAMIENTO","condicion":"RUC INACTIVO EN SUNAT","actualizado":"2023/08/01 19:00:00.000","fuente":"MINSA","urlRenipr":"http://app20.susalud.gob.pe:8080/registro-renipress-webapp/ipress.htm?action=mostrarVer&idipress=00016041"}},{"type":"Feature","geometry":{"type":"Point","coordinates":[-74.64147081999994,-8.276101419999975]},"properties":{"objectid":30752,"nombre":"SAN FRANCISCO DE YARINACOCHA","departamento":"UCAYALI","provincia":"CORONEL PORTILLO","distrito":"YARINACOCHA","institucion":"GOBIERNO REGIONAL","codigoMinsa":5538,"direccion":"OTROS CASERIO SAN FRANCISCO S/N S/N CASERIO SAN FRANCISCO S/N YARINACOCHA CORONEL PORTILLO UCAYALI","disa":"UCAYALI","red":"FEDERICO BASADRE - YARINACOCHA","microrred":"SAN JOSE DE YARINACOCHA","categoria":"ESTABLECIMIENTO DE SALUD SIN INTERNAMIENTO","condicion":"ACTIVO","actualizado":"2023/08/01 19:00:00.000","fuente":"MINSA","urlRenipr":"http://app20.susalud.gob.pe:8080/registro-renipress-webapp/ipress.htm?action=mostrarVer&idipress=00005538"}},{"type":"Feature","geometry":{"type":"Point","coordinates":[-74.53713646999995,-8.383087279999927]},"properties":{"objectid":31088,"nombre":"CENTRO MEDICO FABIANA DE LOS ÁNGELES E.I.R.L","departamento":"UCAYALI","provincia":"CORONEL PORTILLO","distrito":"CALLERIA","institucion":"PRIVADO","codigoMinsa":29272,"direccion":"JIRÓN 07 de Junio NÚMERO 254 MANZANA 70 LOTE 11 DISTRITO CALLERIA PROVINCIA CORONEL PORTILLO DEPARTAMENTO UCAYALI","disa":"UCAYALI","red":"","microrred":"","categoria":"ESTABLECIMIENTO DE SALUD SIN INTERNAMIENTO","condicion":"ACTIVO","actualizado":"2023/08/01 19:00:00.000","fuente":"MINSA","urlRenipr":"http://app20.susalud.gob.pe:8080/registro-renipress-webapp/ipress.htm?action=mostrarVer&idipress=00029272"}},{"type":"Feature","geometry":{"type":"Point","coordinates":[-74.52602923999996,-8.37500628999993]},"properties":{"objectid":31229,"nombre":"SANIDAD DE LA ESTACION NAVAL DE PUCALLPA","departamento":"UCAYALI","provincia":"CORONEL PORTILLO","distrito":"CALLERIA","institucion":"SANIDAD DE LA MARINA DE GUERRA DEL PERU","codigoMinsa":14038,"direccion":"JIRÓN JIRON CAHUIDE S/N NÚMERO S/N DISTRITO CALLERIA PROVINCIA CORONEL PORTILLO DEPARTAMENTO UCAYALI","disa":"UCAYALI","red":"NO PERTENECE A NINGUNA RED","microrred":"NO PERTENECE A NINGUNA MICRORED","categoria":"ESTABLECIMIENTO DE SALUD SIN INTERNAMIENTO","condicion":"ACTIVO","actualizado":"2023/08/01 19:00:00.000","fuente":"MINSA","urlRenipr":"http://app20.susalud.gob.pe:8080/registro-renipress-webapp/ipress.htm?action=mostrarVer&idipress=00014038"}},{"type":"Feature","geometry":{"type":"Point","coordinates":[-74.80438608999998,-8.621584149999933]},"properties":{"objectid":31280,"nombre":"NUEVA ESPERANZA","departamento":"UCAYALI","provincia":"CORONEL PORTILLO","distrito":"CAMPOVERDE","institucion":"GOBIERNO REGIONAL","codigoMinsa":11626,"direccion":"OTROS NUEVA ESPERANZA NUEVA ESPERANZA CAMPOVERDE CORONEL PORTILLO UCAYALI","disa":"UCAYALI","red":"FEDERICO BASADRE - YARINACOCHA","microrred":"CAMPO VERDE","categoria":"ESTABLECIMIENTO DE SALUD SIN INTERNAMIENTO","condicion":"ACTIVO","actualizado":"2023/08/01 19:00:00.000","fuente":"MINSA","urlRenipr":"http://app20.susalud.gob.pe:8080/registro-renipress-webapp/ipress.htm?action=mostrarVer&idipress=00011626"}},{"type":"Feature","geometry":{"type":"Point","coordinates":[-74.61934554999993,-8.304999789999954]},"properties":{"objectid":31281,"nombre":"SANTA ROSA","departamento":"UCAYALI","provincia":"CORONEL PORTILLO","distrito":"YARINACOCHA","institucion":"GOBIERNO REGIONAL","codigoMinsa":5549,"direccion":"OTROS CASERIO SANTA ROSA S/N S/N CASERIO SANTA ROSA S/N YARINACOCHA CORONEL PORTILLO UCAYALI","disa":"UCAYALI","red":"FEDERICO BASADRE - YARINACOCHA","microrred":"SAN JOSE DE YARINACOCHA","categoria":"ESTABLECIMIENTO DE SALUD SIN INTERNAMIENTO","condicion":"ACTIVO","actualizado":"2023/08/01 19:00:00.000","fuente":"MINSA","urlRenipr":"http://app20.susalud.gob.pe:8080/registro-renipress-webapp/ipress.htm?action=mostrarVer&idipress=00005549"}},{"type":"Feature","geometry":{"type":"Point","coordinates":[-74.84645999999998,-8.203406669999936]},"properties":{"objectid":31282,"nombre":"MIRAFLORES","departamento":"UCAYALI","provincia":"CORONEL PORTILLO","distrito":"NUEVA REQUENA","institucion":"GOBIERNO REGIONAL","codigoMinsa":5448,"direccion":"OTROS CASERIO CARIBE S/N RIO BAJO AGUAYTIA S/N CASERIO CARIBE S/N RIO BAJO AGUAYTIA NUEVA REQUENA CORONEL PORTILLO UCAYALI","disa":"UCAYALI","red":"FEDERICO BASADRE - YARINACOCHA","microrred":"NUEVA REQUENA","categoria":"ESTABLECIMIENTO DE SALUD SIN INTERNAMIENTO","condicion":"ACTIVO","actualizado":"2023/08/01 19:00:00.000","fuente":"MINSA","urlRenipr":"http://app20.susalud.gob.pe:8080/registro-renipress-webapp/ipress.htm?action=mostrarVer&idipress=00005448"}},{"type":"Feature","geometry":{"type":"Point","coordinates":[-74.89546560999997,-8.56234773999995]},"properties":{"objectid":31283,"nombre":"SAN PEDRO KM 47","departamento":"UCAYALI","provincia":"CORONEL PORTILLO","distrito":"CAMPOVERDE","institucion":"GOBIERNO REGIONAL","codigoMinsa":5439,"direccion":"CARRETERA CARRETERA FEDERICO BASADRE KM.47 DISTRITO CAMPOVERDE PROVINCIA CORONEL PORTILLO DEPARTAMENTO UCAYALI","disa":"UCAYALI","red":"FEDERICO BASADRE - YARINACOCHA","microrred":"CAMPO VERDE","categoria":"ESTABLECIMIENTO DE SALUD SIN INTERNAMIENTO","condicion":"ACTIVO","actualizado":"2023/08/01 19:00:00.000","fuente":"MINSA","urlRenipr":"http://app20.susalud.gob.pe:8080/registro-renipress-webapp/ipress.htm?action=mostrarVer&idipress=00005439"}},{"type":"Feature","geometry":{"type":"Point","coordinates":[-74.76035414999996,-8.409385769999972]},"properties":{"objectid":31284,"nombre":"EL PORVENIR KM 25","departamento":"UCAYALI","provincia":"CORONEL PORTILLO","distrito":"CAMPOVERDE","institucion":"GOBIERNO REGIONAL","codigoMinsa":5435,"direccion":"CARRETERA C.F.B. KM.25 INT.5 CASERIO EL PORVENIR KM.25 CARRETERA FEDERICO BASADRE C.F.B. KM.25 INT.5 CASERIO EL PORVENIR KM.25 CARRETERA FEDERICO BASADRE CAMPOVERDE CORONEL PORTILLO UCAYALI","disa":"UCAYALI","red":"FEDERICO BASADRE - YARINACOCHA","microrred":"CAMPO VERDE","categoria":"ESTABLECIMIENTO DE SALUD SIN INTERNAMIENTO","condicion":"ACTIVO","actualizado":"2023/08/01 19:00:00.000","fuente":"MINSA","urlRenipr":"http://app20.susalud.gob.pe:8080/registro-renipress-webapp/ipress.htm?action=mostrarVer&idipress=00005435"}},{"type":"Feature","geometry":{"type":"Point","coordinates":[-74.98313166999998,-8.354528329999937]},"properties":{"objectid":31369,"nombre":"NUEVO PIURA","departamento":"UCAYALI","provincia":"CORONEL PORTILLO","distrito":"NUEVA REQUENA","institucion":"GOBIERNO REGIONAL","codigoMinsa":5446,"direccion":"JIRÓN JR.REQUENA Nº 146 DISTRITO NUEVA REQUENA PROVINCIA CORONEL PORTILLO DEPARTAMENTO UCAYALI","disa":"UCAYALI","red":"FEDERICO BASADRE - YARINACOCHA","microrred":"NUEVA REQUENA","categoria":"ESTABLECIMIENTO DE SALUD SIN INTERNAMIENTO","condicion":"ACTIVO","actualizado":"2023/08/01 19:00:00.000","fuente":"MINSA","urlRenipr":"http://app20.susalud.gob.pe:8080/registro-renipress-webapp/ipress.htm?action=mostrarVer&idipress=00005446"}},{"type":"Feature","geometry":{"type":"Point","coordinates":[-74.53388295999997,-8.379309389999946]},"properties":{"objectid":31632,"nombre":"CLINICA LAS AMERICAS II","departamento":"UCAYALI","provincia":"CORONEL PORTILLO","distrito":"CALLERIA","institucion":"PRIVADO","codigoMinsa":30788,"direccion":"JIRÓN PROGRESO NÚMERO 367 MANZANA 75 LOTE 13B DISTRITO CALLERIA PROVINCIA CORONEL PORTILLO DEPARTAMENTO UCAYALI","disa":"UCAYALI","red":"","microrred":"","categoria":"ESTABLECIMIENTO DE SALUD SIN INTERNAMIENTO","condicion":"ACTIVO","actualizado":"2023/08/01 19:00:00.000","fuente":"MINSA","urlRenipr":"http://app20.susalud.gob.pe:8080/registro-renipress-webapp/ipress.htm?action=mostrarVer&idipress=00030788"}},{"type":"Feature","geometry":{"type":"Point","coordinates":[-74.53973250999996,-8.368453709999926]},"properties":{"objectid":31972,"nombre":"DOS DE MAYO","departamento":"UCAYALI","provincia":"CORONEL PORTILLO","distrito":"CALLERIA","institucion":"GOBIERNO REGIONAL","codigoMinsa":5568,"direccion":"JIRÓN JIRON ARENAL Nº 900 BARRIO EL ARENAL DISTRITO CALLERIA PROVINCIA CORONEL PORTILLO DEPARTAMENTO UCAYALI","disa":"UCAYALI","red":"FEDERICO BASADRE - YARINACOCHA","microrred":"NUEVO PARAISO","categoria":"ESTABLECIMIENTO DE SALUD SIN INTERNAMIENTO","condicion":"ACTIVO","actualizado":"2023/08/01 19:00:00.000","fuente":"MINSA","urlRenipr":"http://app20.susalud.gob.pe:8080/registro-renipress-webapp/ipress.htm?action=mostrarVer&idipress=00005568"}},{"type":"Feature","geometry":{"type":"Point","coordinates":[-74.63910815999998,-8.398939139999925]},"properties":{"objectid":32631,"nombre":"DOS DE MAYO KM.12","departamento":"UCAYALI","provincia":"CORONEL PORTILLO","distrito":"CALLERIA","institucion":"GOBIERNO REGIONAL","codigoMinsa":5564,"direccion":"OTROS AA.HH. DOS DE MAYO KM 12.400 AA.HH. DOS DE MAYO KM 12.400 CALLERIA CORONEL PORTILLO UCAYALI","disa":"UCAYALI","red":"CORONEL PORTILLO","microrred":"09 DE OCTUBRE","categoria":"ESTABLECIMIENTO DE SALUD SIN INTERNAMIENTO","condicion":"ACTIVO","actualizado":"2023/08/01 19:00:00.000","fuente":"MINSA","urlRenipr":"http://app20.susalud.gob.pe:8080/registro-renipress-webapp/ipress.htm?action=mostrarVer&idipress=00005564"}},{"type":"Feature","geometry":{"type":"Point","coordinates":[-74.54287949999997,-8.391819639999937]},"properties":{"objectid":32632,"nombre":"9 DE OCTUBRE","departamento":"UCAYALI","provincia":"CORONEL PORTILLO","distrito":"CALLERIA","institucion":"GOBIERNO REGIONAL","codigoMinsa":5556,"direccion":"JIRÓN 28 DE JULIO 486 AA.HH. 9 DE OCTUBRE CALLERIA CORONEL PORTILLO UCAYALI","disa":"UCAYALI","red":"CORONEL PORTILLO","microrred":"09 DE OCTUBRE","categoria":"ESTABLECIMIENTO DE SALUD SIN INTERNAMIENTO","condicion":"ACTIVO","actualizado":"2023/08/01 19:00:00.000","fuente":"MINSA","urlRenipr":"http://app20.susalud.gob.pe:8080/registro-renipress-webapp/ipress.htm?action=mostrarVer&idipress=00005556"}},{"type":"Feature","geometry":{"type":"Point","coordinates":[-75.29456899999997,-8.936703199999954]},"properties":{"objectid":32730,"nombre":"PUESTO DE SALUD VALLE DE SION","departamento":"UCAYALI","provincia":"PADRE ABAD","distrito":"PADRE ABAD","institucion":"GOBIERNO REGIONAL","codigoMinsa":30639,"direccion":"CAMINO RURAL CASERÍO VALLE DE SION DISTRITO PADRE ABAD PROVINCIA PADRE ABAD DEPARTAMENTO UCAYALI","disa":"UCAYALI","red":"AGUAYTIA","microrred":"AGUAYTIA","categoria":"ESTABLECIMIENTO DE SALUD SIN INTERNAMIENTO","condicion":"ACTIVO","actualizado":"2023/08/01 19:00:00.000","fuente":"MINSA","urlRenipr":"http://app20.susalud.gob.pe:8080/registro-renipress-webapp/ipress.htm?action=mostrarVer&idipress=00030639"}},{"type":"Feature","geometry":{"type":"Point","coordinates":[-74.50339952999997,-8.448063059999981]},"properties":{"objectid":32772,"nombre":"PUCALLPILLO","departamento":"UCAYALI","provincia":"CORONEL PORTILLO","distrito":"MANANTAY","institucion":"GOBIERNO REGIONAL","codigoMinsa":5555,"direccion":"OTROS CASERIO PUCALLPILLO CASERIO PUCALLPILLO MANANTAY CORONEL PORTILLO UCAYALI","disa":"UCAYALI","red":"CORONEL PORTILLO","microrred":"SAN FERNANDO","categoria":"ESTABLECIMIENTO DE SALUD SIN INTERNAMIENTO","condicion":"ACTIVO","actualizado":"2023/08/01 19:00:00.000","fuente":"MINSA","urlRenipr":"http://app20.susalud.gob.pe:8080/registro-renipress-webapp/ipress.htm?action=mostrarVer&idipress=00005555"}},{"type":"Feature","geometry":{"type":"Point","coordinates":[-74.53582209999996,-8.38910119999997]},"properties":{"objectid":32874,"nombre":"CENTRO MEDICO DR. CONDE E.I.R.L.","departamento":"UCAYALI","provincia":"CORONEL PORTILLO","distrito":"CALLERIA","institucion":"PRIVADO","codigoMinsa":26061,"direccion":"JIRÓN SUCRE NÚMERO 1040 PISO 1 DISTRITO CALLERIA PROVINCIA CORONEL PORTILLO DEPARTAMENTO UCAYALI","disa":"UCAYALI","red":"NO PERTENECE A NINGUNA RED","microrred":"NO PERTENECE A NINGUNA MICRORED","categoria":"ESTABLECIMIENTO DE SALUD SIN INTERNAMIENTO","condicion":"ACTIVO","actualizado":"2023/08/01 19:00:00.000","fuente":"MINSA","urlRenipr":"http://app20.susalud.gob.pe:8080/registro-renipress-webapp/ipress.htm?action=mostrarVer&idipress=00026061"}},{"type":"Feature","geometry":{"type":"Point","coordinates":[-74.57221107999999,-8.319624739999938]},"properties":{"objectid":32875,"nombre":"NUEVA LUZ DE FATIMA","departamento":"UCAYALI","provincia":"CORONEL PORTILLO","distrito":"YARINACOCHA","institucion":"GOBIERNO REGIONAL","codigoMinsa":5543,"direccion":"OTROS AA.HH NUEVA LUZ DE FATIMA S/N S/N AA.HH NUEVA LUZ DE FATIMA S/N YARINACOCHA CORONEL PORTILLO UCAYALI","disa":"UCAYALI","red":"FEDERICO BASADRE - YARINACOCHA","microrred":"SAN JOSE DE YARINACOCHA","categoria":"ESTABLECIMIENTO DE SALUD SIN INTERNAMIENTO","condicion":"ACTIVO","actualizado":"2023/08/01 19:00:00.000","fuente":"MINSA","urlRenipr":"http://app20.susalud.gob.pe:8080/registro-renipress-webapp/ipress.htm?action=mostrarVer&idipress=00005543"}},{"type":"Feature","geometry":{"type":"Point","coordinates":[-74.53498810999997,-8.377876039999933]},"properties":{"objectid":32980,"nombre":"CENTRO ODONTOLOGICO AMERICANO - PUCALLPA","departamento":"UCAYALI","provincia":"CORONEL PORTILLO","distrito":"CALLERIA","institucion":"PRIVADO","codigoMinsa":8213,"direccion":"JIRÓN JR. ATAHUALPA Nº 139 DISTRITO CALLERIA PROVINCIA CORONEL PORTILLO DEPARTAMENTO UCAYALI","disa":"UCAYALI","red":"NO PERTENECE A NINGUNA RED","microrred":"NO PERTENECE A NINGUNA MICRORED","categoria":"ESTABLECIMIENTO DE SALUD SIN INTERNAMIENTO","condicion":"ACTIVO","actualizado":"2023/08/01 19:00:00.000","fuente":"MINSA","urlRenipr":"http://app20.susalud.gob.pe:8080/registro-renipress-webapp/ipress.htm?action=mostrarVer&idipress=00008213"}},{"type":"Feature","geometry":{"type":"Point","coordinates":[-73.39259149999998,-10.73781366999998]},"properties":{"objectid":32984,"nombre":"MAPALCA","departamento":"UCAYALI","provincia":"ATALAYA","distrito":"RAIMONDI","institucion":"GOBIERNO REGIONAL","codigoMinsa":5512,"direccion":"OTROS CC.NN. MAPALCA S/N NÚMERO S/N DISTRITO RAIMONDI PROVINCIA ATALAYA DEPARTAMENTO UCAYALI","disa":"UCAYALI","red":"ATALAYA","microrred":"ATALAYA","categoria":"ESTABLECIMIENTO DE SALUD SIN INTERNAMIENTO","condicion":"ACTIVO","actualizado":"2023/08/01 19:00:00.000","fuente":"MINSA","urlRenipr":"http://app20.susalud.gob.pe:8080/registro-renipress-webapp/ipress.htm?action=mostrarVer&idipress=00005512"}},{"type":"Feature","geometry":{"type":"Point","coordinates":[-74.54545492999995,-8.385654109999962]},"properties":{"objectid":33349,"nombre":"CENTRO MEDICO BIOMEDIC","departamento":"UCAYALI","provincia":"CORONEL PORTILLO","distrito":"CALLERIA","institucion":"PRIVADO","codigoMinsa":30349,"direccion":"JIRÓN PEDRO PAIVA 210 DISTRITO CALLERIA PROVINCIA CORONEL PORTILLO DEPARTAMENTO UCAYALI","disa":"UCAYALI","red":"","microrred":"NO PERTENECE A NINGUNA MICRORED","categoria":"ESTABLECIMIENTO DE SALUD SIN INTERNAMIENTO","condicion":"ACTIVO","actualizado":"2023/08/01 19:00:00.000","fuente":"MINSA","urlRenipr":"http://app20.susalud.gob.pe:8080/registro-renipress-webapp/ipress.htm?action=mostrarVer&idipress=00030349"}},{"type":"Feature","geometry":{"type":"Point","coordinates":[-74.57421723999994,-8.353183289999947]},"properties":{"objectid":33356,"nombre":"CLAS BELLAVISTA DE YARINACOCHA","departamento":"UCAYALI","provincia":"CORONEL PORTILLO","distrito":"YARINACOCHA","institucion":"GOBIERNO REGIONAL","codigoMinsa":5537,"direccion":"JIRÓN JIRON 2 DE MAYO S/N AA.HH. NUEVO EDEN S/N JIRON 2 DE MAYO S/N AA.HH. NUEVO EDEN YARINACOCHA CORONEL PORTILLO UCAYALI","disa":"UCAYALI","red":"FEDERICO BASADRE - YARINACOCHA","microrred":"SAN JOSE DE YARINACOCHA","categoria":"ESTABLECIMIENTO DE SALUD SIN INTERNAMIENTO","condicion":"ACTIVO","actualizado":"2023/08/01 19:00:00.000","fuente":"MINSA","urlRenipr":"http://app20.susalud.gob.pe:8080/registro-renipress-webapp/ipress.htm?action=mostrarVer&idipress=00005537"}},{"type":"Feature","geometry":{"type":"Point","coordinates":[-74.70362668999996,-8.422479049999936]},"properties":{"objectid":33376,"nombre":"LA VICTORIA","departamento":"UCAYALI","provincia":"CORONEL PORTILLO","distrito":"CAMPOVERDE","institucion":"GOBIERNO REGIONAL","codigoMinsa":5436,"direccion":"CARRETERA CARRETERA FEDERICO BASADRE KM. 20 CASERIO LA VICTORIA CARRETERA FEDERICO BASADRE KM. 20 CASERIO LA VICTORIA CAMPOVERDE CORONEL PORTILLO UCAYALI","disa":"UCAYALI","red":"FEDERICO BASADRE - YARINACOCHA","microrred":"CAMPO VERDE","categoria":"ESTABLECIMIENTO DE SALUD SIN INTERNAMIENTO","condicion":"ACTIVO","actualizado":"2023/08/01 19:00:00.000","fuente":"MINSA","urlRenipr":"http://app20.susalud.gob.pe:8080/registro-renipress-webapp/ipress.htm?action=mostrarVer&idipress=00005436"}},{"type":"Feature","geometry":{"type":"Point","coordinates":[-75.00073323999999,-8.595760389999953]},"properties":{"objectid":33377,"nombre":"MONTE DE LOS OLIVOS","departamento":"UCAYALI","provincia":"PADRE ABAD","distrito":"NESHUYA","institucion":"GOBIERNO REGIONAL","codigoMinsa":5418,"direccion":"CARRETERA CARRETERA NESHUYA-CUIMANA KM.7 CASERIO MONTE DE LOS OLIVOS CARRETERA NESHUYA-CUIMANA KM.7 CASERIO MONTE DE LOS OLIVOS NESHUYA PADRE ABAD UCAYALI","disa":"UCAYALI","red":"FEDERICO BASADRE - YARINACOCHA","microrred":"MONTE ALEGRE-CURIMANA","categoria":"ESTABLECIMIENTO DE SALUD SIN INTERNAMIENTO","condicion":"ACTIVO","actualizado":"2023/08/01 19:00:00.000","fuente":"MINSA","urlRenipr":"http://app20.susalud.gob.pe:8080/registro-renipress-webapp/ipress.htm?action=mostrarVer&idipress=00005418"}}]}